Command: /workspace/ibex/dv/uvm/out/rtl_sim/vcs_simv +vcs+lic+wait +signature_addr=0x8ffffffc -ucli -do /workspace/ibex/dv/uvm/vcs.tcl +ntb_random_seed=7 +require_signature_addr=1 +enable_irq_single_seq=1 +UVM_TESTNAME=core_ibex_debug_intr_basic_test +bin=/workspace/ibex/dv/uvm/out/instr_gen/asm_tests/riscv_single_interrupt_test_0.bin -l sim.log +UVM_VERBOSITY=UVM_MEDIUM
Chronologic VCS simulator copyright 1991-2023
Contains Synopsys proprietary information.
Compiler version VERSION; Runtime version VERSION;  Mar 19 21:17 2026
UVM_INFO $VCS_HOME/etc/uvm-1.2/base/uvm_root.svh(402) @ 0: reporter [UVM/RELNOTES] 
----------------------------------------------------------------
UVM-1.2.Synopsys
(C) 2007-2014 Mentor Graphics Corporation
(C) 2007-2014 Cadence Design Systems, Inc.
(C) 2006-2014 Synopsys, Inc.
(C) 2011-2013 Cypress Semiconductor Corp.
(C) 2013-2014 NVIDIA Corporation
----------------------------------------------------------------

  ***********       IMPORTANT RELEASE NOTES         ************

  You are using a version of the UVM library that has been compiled
  with `UVM_NO_DEPRECATED undefined.
  See http://www.eda.org/svdb/view.php?id=3313 for more details.

  You are using a version of the UVM library that has been compiled
  with `UVM_OBJECT_DO_NOT_NEED_CONSTRUCTOR undefined.
  See http://www.eda.org/svdb/view.php?id=3770 for more details.

      (Specify +UVM_NO_RELNOTES to turn off this notice)

ucli% # TCL file invoked from VCS's simv at run-time using this: -ucli -do <this file>
ucli% # Syntax: fsdbDumpfile FSDB_Name [Limit_Size]
ucli% fsdbDumpfile "waves.fsdb"
*Verdi* Loading libsscore_vcs202303.so
FSDB Dumper for VCS, Release Verdi_VERSION-T-20260213, Linux x86_64/64bit, 03/19/2026
(C) 1996 - 2026 by Synopsys, Inc.
*Verdi* : Create FSDB file 'waves.fsdb'
ucli% # Syntax: fsdbDumpvars [depth] [instance] [option]*
ucli% ##############################################################################
ucli% # Option                     Description
ucli% ##############################################################################
ucli% # +mda                       Dumps memory and MDA signals in all scopes.
ucli% # +packedmda                 Dumps packed signals
ucli% # +struct                    Dumps structs
ucli% # +skip_cell_instance=mode  Enables or disables cell dumping
ucli% # +strength                  Enables strength dumping
ucli% # +parameter                 Dumps parameters
ucli% # +power                     Dumps power-related signals
ucli% # +trace_process             Dumps VHDL processes
ucli% # +no_functions              Disables dumping of functions
ucli% # +sva                       Dumps assertions
ucli% # +Reg_Only                  Dumps only reg type signals
ucli% # +IO_Only                   Dumps only IO port signals
ucli% # +by_file=<filename>        File to specify objects to add
ucli% # +all                       Dumps memories, MDA signals, structs, unions,power, and packed structs
ucli% fsdbDumpvars 0 core_ibex_tb_top +all
*Verdi* : Begin traversing the scope (core_ibex_tb_top), layer (0).
*Verdi* : Enable +all dumping.
*Verdi* : End of traversing.
ucli% fsdbDumpSVA 0 core_ibex_tb_top.dut
*Verdi* : Begin traversing the SVA assertions under scope (core_ibex_tb_top.dut), layer (0).
*Verdi* : End of traversing the SVA assertions.
ucli% run
UVM_INFO @ 0: reporter [RNTST] Running test core_ibex_debug_intr_basic_test...
UVM_INFO /workspace/ibex/dv/uvm/tests/core_ibex_base_test.sv(98) @ 199000: uvm_test_top [uvm_test_top] Running test : /workspace/ibex/dv/uvm/out/instr_gen/asm_tests/riscv_single_interrupt_test_0.bin
UVM_INFO /workspace/ibex/dv/uvm/common/ibex_mem_intf_agent/ibex_mem_intf_slave_seq_lib.sv(28) @ 199000: uvm_test_top.env.instr_if_slave_agent.sequencer@@instr_intf_seq [uvm_test_top.env.instr_if_slave_agent.sequencer.instr_intf_seq] is_dmem_seq: 0x0
UVM_INFO /workspace/ibex/dv/uvm/common/ibex_mem_intf_agent/ibex_mem_intf_slave_seq_lib.sv(28) @ 199000: uvm_test_top.env.data_if_slave_agent.sequencer@@data_intf_seq [uvm_test_top.env.data_if_slave_agent.sequencer.data_intf_seq] is_dmem_seq: 0x1
core_ibex_tb_top.dut.u_ibex_tracer.printbuffer_dumpline.unnamed$$_0: Writing execution trace to trace_core_00000000.log
UVM_INFO /workspace/ibex/dv/uvm/tests/core_ibex_seq_lib.sv(39) @ 2441000: uvm_test_top.env.irq_agent.sequencer@@irq_single_seq_h [uvm_test_top.env.irq_agent.sequencer.irq_single_seq_h] Starting sequence...
UVM_INFO /workspace/ibex/dv/uvm/tests/core_ibex_seq_lib.sv(51) @ 2443000: uvm_test_top.env.irq_agent.sequencer@@irq_single_seq_h [uvm_test_top.env.irq_agent.sequencer.irq_single_seq_h] Exiting sequence
UVM_INFO /workspace/ibex/dv/uvm/tests/core_ibex_test_lib.sv(229) @ 2445000: uvm_test_top [uvm_test_top] irq: 0b10000000000000000000
"/workspace/ibex/rtl/ibex_load_store_unit.sv", 487: core_ibex_tb_top.dut.u_ibex_core.load_store_unit_i.IbexDataOffsetKnown: started at 41650000ps failed at 41650000ps
	Offending '(!$isunknown(data_offset))'
UVM_ERROR /workspace/ibex/shared/rtl/prim_assert.sv(21) @ 4165000: reporter [ASSERT FAILED] [core_ibex_tb_top.dut.u_ibex_core.load_store_unit_i.IbexDataOffsetKnown] IbexDataOffsetKnown: !$isunknown(data_offset) (/workspace/ibex/rtl/ibex_load_store_unit.sv:487)
"/workspace/ibex/rtl/ibex_cs_registers.sv", 1040: core_ibex_tb_top.dut.u_ibex_core.cs_registers_i.IbexCsrWdataIntKnown: started at 41650000ps failed at 41650000ps
	Offending '(!$isunknown(csr_wdata_int))'
UVM_ERROR /workspace/ibex/shared/rtl/prim_assert.sv(21) @ 4165000: reporter [ASSERT FAILED] [core_ibex_tb_top.dut.u_ibex_core.cs_registers_i.IbexCsrWdataIntKnown] IbexCsrWdataIntKnown: !$isunknown(csr_wdata_int) (/workspace/ibex/rtl/ibex_cs_registers.sv:1040)
"/workspace/ibex/rtl/ibex_load_store_unit.sv", 487: core_ibex_tb_top.dut.u_ibex_core.load_store_unit_i.IbexDataOffsetKnown: started at 41670000ps failed at 41670000ps
	Offending '(!$isunknown(data_offset))'
UVM_ERROR /workspace/ibex/shared/rtl/prim_assert.sv(21) @ 4167000: reporter [ASSERT FAILED] [core_ibex_tb_top.dut.u_ibex_core.load_store_unit_i.IbexDataOffsetKnown] IbexDataOffsetKnown: !$isunknown(data_offset) (/workspace/ibex/rtl/ibex_load_store_unit.sv:487)
"/workspace/ibex/rtl/ibex_cs_registers.sv", 1040: core_ibex_tb_top.dut.u_ibex_core.cs_registers_i.IbexCsrWdataIntKnown: started at 41670000ps failed at 41670000ps
	Offending '(!$isunknown(csr_wdata_int))'
UVM_ERROR /workspace/ibex/shared/rtl/prim_assert.sv(21) @ 4167000: reporter [ASSERT FAILED] [core_ibex_tb_top.dut.u_ibex_core.cs_registers_i.IbexCsrWdataIntKnown] IbexCsrWdataIntKnown: !$isunknown(csr_wdata_int) (/workspace/ibex/rtl/ibex_cs_registers.sv:1040)
"/workspace/ibex/rtl/ibex_load_store_unit.sv", 487: core_ibex_tb_top.dut.u_ibex_core.load_store_unit_i.IbexDataOffsetKnown: started at 41690000ps failed at 41690000ps
	Offending '(!$isunknown(data_offset))'
UVM_ERROR /workspace/ibex/shared/rtl/prim_assert.sv(21) @ 4169000: reporter [ASSERT FAILED] [core_ibex_tb_top.dut.u_ibex_core.load_store_unit_i.IbexDataOffsetKnown] IbexDataOffsetKnown: !$isunknown(data_offset) (/workspace/ibex/rtl/ibex_load_store_unit.sv:487)
"/workspace/ibex/rtl/ibex_cs_registers.sv", 1040: core_ibex_tb_top.dut.u_ibex_core.cs_registers_i.IbexCsrWdataIntKnown: started at 41690000ps failed at 41690000ps
	Offending '(!$isunknown(csr_wdata_int))'
UVM_ERROR /workspace/ibex/shared/rtl/prim_assert.sv(21) @ 4169000: reporter [ASSERT FAILED] [core_ibex_tb_top.dut.u_ibex_core.cs_registers_i.IbexCsrWdataIntKnown] IbexCsrWdataIntKnown: !$isunknown(csr_wdata_int) (/workspace/ibex/rtl/ibex_cs_registers.sv:1040)
"/workspace/ibex/rtl/ibex_load_store_unit.sv", 487: core_ibex_tb_top.dut.u_ibex_core.load_store_unit_i.IbexDataOffsetKnown: started at 41710000ps failed at 41710000ps
	Offending '(!$isunknown(data_offset))'
UVM_ERROR /workspace/ibex/shared/rtl/prim_assert.sv(21) @ 4171000: reporter [ASSERT FAILED] [core_ibex_tb_top.dut.u_ibex_core.load_store_unit_i.IbexDataOffsetKnown] IbexDataOffsetKnown: !$isunknown(data_offset) (/workspace/ibex/rtl/ibex_load_store_unit.sv:487)
"/workspace/ibex/rtl/ibex_cs_registers.sv", 1040: core_ibex_tb_top.dut.u_ibex_core.cs_registers_i.IbexCsrWdataIntKnown: started at 41710000ps failed at 41710000ps
	Offending '(!$isunknown(csr_wdata_int))'
UVM_ERROR /workspace/ibex/shared/rtl/prim_assert.sv(21) @ 4171000: reporter [ASSERT FAILED] [core_ibex_tb_top.dut.u_ibex_core.cs_registers_i.IbexCsrWdataIntKnown] IbexCsrWdataIntKnown: !$isunknown(csr_wdata_int) (/workspace/ibex/rtl/ibex_cs_registers.sv:1040)
"/workspace/ibex/rtl/ibex_load_store_unit.sv", 487: core_ibex_tb_top.dut.u_ibex_core.load_store_unit_i.IbexDataOffsetKnown: started at 41730000ps failed at 41730000ps
	Offending '(!$isunknown(data_offset))'
UVM_ERROR /workspace/ibex/shared/rtl/prim_assert.sv(21) @ 4173000: reporter [ASSERT FAILED] [core_ibex_tb_top.dut.u_ibex_core.load_store_unit_i.IbexDataOffsetKnown] IbexDataOffsetKnown: !$isunknown(data_offset) (/workspace/ibex/rtl/ibex_load_store_unit.sv:487)
"/workspace/ibex/rtl/ibex_cs_registers.sv", 1040: core_ibex_tb_top.dut.u_ibex_core.cs_registers_i.IbexCsrWdataIntKnown: started at 41730000ps failed at 41730000ps
	Offending '(!$isunknown(csr_wdata_int))'
UVM_ERROR /workspace/ibex/shared/rtl/prim_assert.sv(21) @ 4173000: reporter [ASSERT FAILED] [core_ibex_tb_top.dut.u_ibex_core.cs_registers_i.IbexCsrWdataIntKnown] IbexCsrWdataIntKnown: !$isunknown(csr_wdata_int) (/workspace/ibex/rtl/ibex_cs_registers.sv:1040)
"/workspace/ibex/rtl/ibex_load_store_unit.sv", 487: core_ibex_tb_top.dut.u_ibex_core.load_store_unit_i.IbexDataOffsetKnown: started at 41750000ps failed at 41750000ps
	Offending '(!$isunknown(data_offset))'
UVM_ERROR /workspace/ibex/shared/rtl/prim_assert.sv(21) @ 4175000: reporter [ASSERT FAILED] [core_ibex_tb_top.dut.u_ibex_core.load_store_unit_i.IbexDataOffsetKnown] IbexDataOffsetKnown: !$isunknown(data_offset) (/workspace/ibex/rtl/ibex_load_store_unit.sv:487)
"/workspace/ibex/rtl/ibex_cs_registers.sv", 1040: core_ibex_tb_top.dut.u_ibex_core.cs_registers_i.IbexCsrWdataIntKnown: started at 41750000ps failed at 41750000ps
	Offending '(!$isunknown(csr_wdata_int))'
UVM_ERROR /workspace/ibex/shared/rtl/prim_assert.sv(21) @ 4175000: reporter [ASSERT FAILED] [core_ibex_tb_top.dut.u_ibex_core.cs_registers_i.IbexCsrWdataIntKnown] IbexCsrWdataIntKnown: !$isunknown(csr_wdata_int) (/workspace/ibex/rtl/ibex_cs_registers.sv:1040)
"/workspace/ibex/rtl/ibex_load_store_unit.sv", 487: core_ibex_tb_top.dut.u_ibex_core.load_store_unit_i.IbexDataOffsetKnown: started at 41770000ps failed at 41770000ps
	Offending '(!$isunknown(data_offset))'
UVM_ERROR /workspace/ibex/shared/rtl/prim_assert.sv(21) @ 4177000: reporter [ASSERT FAILED] [core_ibex_tb_top.dut.u_ibex_core.load_store_unit_i.IbexDataOffsetKnown] IbexDataOffsetKnown: !$isunknown(data_offset) (/workspace/ibex/rtl/ibex_load_store_unit.sv:487)
"/workspace/ibex/rtl/ibex_cs_registers.sv", 1040: core_ibex_tb_top.dut.u_ibex_core.cs_registers_i.IbexCsrWdataIntKnown: started at 41770000ps failed at 41770000ps
	Offending '(!$isunknown(csr_wdata_int))'
UVM_ERROR /workspace/ibex/shared/rtl/prim_assert.sv(21) @ 4177000: reporter [ASSERT FAILED] [core_ibex_tb_top.dut.u_ibex_core.cs_registers_i.IbexCsrWdataIntKnown] IbexCsrWdataIntKnown: !$isunknown(csr_wdata_int) (/workspace/ibex/rtl/ibex_cs_registers.sv:1040)
"/workspace/ibex/rtl/ibex_load_store_unit.sv", 487: core_ibex_tb_top.dut.u_ibex_core.load_store_unit_i.IbexDataOffsetKnown: started at 41790000ps failed at 41790000ps
	Offending '(!$isunknown(data_offset))'
UVM_ERROR /workspace/ibex/shared/rtl/prim_assert.sv(21) @ 4179000: reporter [ASSERT FAILED] [core_ibex_tb_top.dut.u_ibex_core.load_store_unit_i.IbexDataOffsetKnown] IbexDataOffsetKnown: !$isunknown(data_offset) (/workspace/ibex/rtl/ibex_load_store_unit.sv:487)
"/workspace/ibex/rtl/ibex_cs_registers.sv", 1040: core_ibex_tb_top.dut.u_ibex_core.cs_registers_i.IbexCsrWdataIntKnown: started at 41790000ps failed at 41790000ps
	Offending '(!$isunknown(csr_wdata_int))'
UVM_ERROR /workspace/ibex/shared/rtl/prim_assert.sv(21) @ 4179000: reporter [ASSERT FAILED] [core_ibex_tb_top.dut.u_ibex_core.cs_registers_i.IbexCsrWdataIntKnown] IbexCsrWdataIntKnown: !$isunknown(csr_wdata_int) (/workspace/ibex/rtl/ibex_cs_registers.sv:1040)
"/workspace/ibex/rtl/ibex_load_store_unit.sv", 487: core_ibex_tb_top.dut.u_ibex_core.load_store_unit_i.IbexDataOffsetKnown: started at 41810000ps failed at 41810000ps
	Offending '(!$isunknown(data_offset))'
UVM_ERROR /workspace/ibex/shared/rtl/prim_assert.sv(21) @ 4181000: reporter [ASSERT FAILED] [core_ibex_tb_top.dut.u_ibex_core.load_store_unit_i.IbexDataOffsetKnown] IbexDataOffsetKnown: !$isunknown(data_offset) (/workspace/ibex/rtl/ibex_load_store_unit.sv:487)
"/workspace/ibex/rtl/ibex_cs_registers.sv", 1040: core_ibex_tb_top.dut.u_ibex_core.cs_registers_i.IbexCsrWdataIntKnown: started at 41810000ps failed at 41810000ps
	Offending '(!$isunknown(csr_wdata_int))'
UVM_ERROR /workspace/ibex/shared/rtl/prim_assert.sv(21) @ 4181000: reporter [ASSERT FAILED] [core_ibex_tb_top.dut.u_ibex_core.cs_registers_i.IbexCsrWdataIntKnown] IbexCsrWdataIntKnown: !$isunknown(csr_wdata_int) (/workspace/ibex/rtl/ibex_cs_registers.sv:1040)
"/workspace/ibex/rtl/ibex_load_store_unit.sv", 487: core_ibex_tb_top.dut.u_ibex_core.load_store_unit_i.IbexDataOffsetKnown: started at 41830000ps failed at 41830000ps
	Offending '(!$isunknown(data_offset))'
UVM_ERROR /workspace/ibex/shared/rtl/prim_assert.sv(21) @ 4183000: reporter [ASSERT FAILED] [core_ibex_tb_top.dut.u_ibex_core.load_store_unit_i.IbexDataOffsetKnown] IbexDataOffsetKnown: !$isunknown(data_offset) (/workspace/ibex/rtl/ibex_load_store_unit.sv:487)
"/workspace/ibex/rtl/ibex_cs_registers.sv", 1040: core_ibex_tb_top.dut.u_ibex_core.cs_registers_i.IbexCsrWdataIntKnown: started at 41830000ps failed at 41830000ps
	Offending '(!$isunknown(csr_wdata_int))'
UVM_ERROR /workspace/ibex/shared/rtl/prim_assert.sv(21) @ 4183000: reporter [ASSERT FAILED] [core_ibex_tb_top.dut.u_ibex_core.cs_registers_i.IbexCsrWdataIntKnown] IbexCsrWdataIntKnown: !$isunknown(csr_wdata_int) (/workspace/ibex/rtl/ibex_cs_registers.sv:1040)
"/workspace/ibex/rtl/ibex_load_store_unit.sv", 487: core_ibex_tb_top.dut.u_ibex_core.load_store_unit_i.IbexDataOffsetKnown: started at 41850000ps failed at 41850000ps
	Offending '(!$isunknown(data_offset))'
UVM_ERROR /workspace/ibex/shared/rtl/prim_assert.sv(21) @ 4185000: reporter [ASSERT FAILED] [core_ibex_tb_top.dut.u_ibex_core.load_store_unit_i.IbexDataOffsetKnown] IbexDataOffsetKnown: !$isunknown(data_offset) (/workspace/ibex/rtl/ibex_load_store_unit.sv:487)
"/workspace/ibex/rtl/ibex_cs_registers.sv", 1040: core_ibex_tb_top.dut.u_ibex_core.cs_registers_i.IbexCsrWdataIntKnown: started at 41850000ps failed at 41850000ps
	Offending '(!$isunknown(csr_wdata_int))'
UVM_ERROR /workspace/ibex/shared/rtl/prim_assert.sv(21) @ 4185000: reporter [ASSERT FAILED] [core_ibex_tb_top.dut.u_ibex_core.cs_registers_i.IbexCsrWdataIntKnown] IbexCsrWdataIntKnown: !$isunknown(csr_wdata_int) (/workspace/ibex/rtl/ibex_cs_registers.sv:1040)
UVM_INFO /workspace/ibex/dv/uvm/tests/core_ibex_seq_lib.sv(39) @ 4251000: uvm_test_top.env.irq_agent.sequencer@@irq_drop_seq_h [uvm_test_top.env.irq_agent.sequencer.irq_drop_seq_h] Starting sequence...
UVM_INFO /workspace/ibex/dv/uvm/tests/core_ibex_seq_lib.sv(51) @ 4253000: uvm_test_top.env.irq_agent.sequencer@@irq_drop_seq_h [uvm_test_top.env.irq_agent.sequencer.irq_drop_seq_h] Exiting sequence
UVM_INFO /workspace/ibex/dv/uvm/tests/core_ibex_seq_lib.sv(39) @ 5891000: uvm_test_top.env.irq_agent.sequencer@@irq_single_seq_h [uvm_test_top.env.irq_agent.sequencer.irq_single_seq_h] Starting sequence...
UVM_INFO /workspace/ibex/dv/uvm/tests/core_ibex_seq_lib.sv(51) @ 5893000: uvm_test_top.env.irq_agent.sequencer@@irq_single_seq_h [uvm_test_top.env.irq_agent.sequencer.irq_single_seq_h] Exiting sequence
UVM_INFO /workspace/ibex/dv/uvm/tests/core_ibex_test_lib.sv(229) @ 5895000: uvm_test_top [uvm_test_top] irq: 0b10000000000000000
"/workspace/ibex/rtl/ibex_load_store_unit.sv", 487: core_ibex_tb_top.dut.u_ibex_core.load_store_unit_i.IbexDataOffsetKnown: started at 79850000ps failed at 79850000ps
	Offending '(!$isunknown(data_offset))'
UVM_ERROR /workspace/ibex/shared/rtl/prim_assert.sv(21) @ 7985000: reporter [ASSERT FAILED] [core_ibex_tb_top.dut.u_ibex_core.load_store_unit_i.IbexDataOffsetKnown] IbexDataOffsetKnown: !$isunknown(data_offset) (/workspace/ibex/rtl/ibex_load_store_unit.sv:487)
"/workspace/ibex/rtl/ibex_cs_registers.sv", 1040: core_ibex_tb_top.dut.u_ibex_core.cs_registers_i.IbexCsrWdataIntKnown: started at 79850000ps failed at 79850000ps
	Offending '(!$isunknown(csr_wdata_int))'
UVM_ERROR /workspace/ibex/shared/rtl/prim_assert.sv(21) @ 7985000: reporter [ASSERT FAILED] [core_ibex_tb_top.dut.u_ibex_core.cs_registers_i.IbexCsrWdataIntKnown] IbexCsrWdataIntKnown: !$isunknown(csr_wdata_int) (/workspace/ibex/rtl/ibex_cs_registers.sv:1040)
"/workspace/ibex/rtl/ibex_load_store_unit.sv", 487: core_ibex_tb_top.dut.u_ibex_core.load_store_unit_i.IbexDataOffsetKnown: started at 79870000ps failed at 79870000ps
	Offending '(!$isunknown(data_offset))'
UVM_ERROR /workspace/ibex/shared/rtl/prim_assert.sv(21) @ 7987000: reporter [ASSERT FAILED] [core_ibex_tb_top.dut.u_ibex_core.load_store_unit_i.IbexDataOffsetKnown] IbexDataOffsetKnown: !$isunknown(data_offset) (/workspace/ibex/rtl/ibex_load_store_unit.sv:487)
"/workspace/ibex/rtl/ibex_cs_registers.sv", 1040: core_ibex_tb_top.dut.u_ibex_core.cs_registers_i.IbexCsrWdataIntKnown: started at 79870000ps failed at 79870000ps
	Offending '(!$isunknown(csr_wdata_int))'
UVM_ERROR /workspace/ibex/shared/rtl/prim_assert.sv(21) @ 7987000: reporter [ASSERT FAILED] [core_ibex_tb_top.dut.u_ibex_core.cs_registers_i.IbexCsrWdataIntKnown] IbexCsrWdataIntKnown: !$isunknown(csr_wdata_int) (/workspace/ibex/rtl/ibex_cs_registers.sv:1040)
"/workspace/ibex/rtl/ibex_load_store_unit.sv", 487: core_ibex_tb_top.dut.u_ibex_core.load_store_unit_i.IbexDataOffsetKnown: started at 79890000ps failed at 79890000ps
	Offending '(!$isunknown(data_offset))'
UVM_ERROR /workspace/ibex/shared/rtl/prim_assert.sv(21) @ 7989000: reporter [ASSERT FAILED] [core_ibex_tb_top.dut.u_ibex_core.load_store_unit_i.IbexDataOffsetKnown] IbexDataOffsetKnown: !$isunknown(data_offset) (/workspace/ibex/rtl/ibex_load_store_unit.sv:487)
"/workspace/ibex/rtl/ibex_cs_registers.sv", 1040: core_ibex_tb_top.dut.u_ibex_core.cs_registers_i.IbexCsrWdataIntKnown: started at 79890000ps failed at 79890000ps
	Offending '(!$isunknown(csr_wdata_int))'
UVM_ERROR /workspace/ibex/shared/rtl/prim_assert.sv(21) @ 7989000: reporter [ASSERT FAILED] [core_ibex_tb_top.dut.u_ibex_core.cs_registers_i.IbexCsrWdataIntKnown] IbexCsrWdataIntKnown: !$isunknown(csr_wdata_int) (/workspace/ibex/rtl/ibex_cs_registers.sv:1040)
"/workspace/ibex/rtl/ibex_load_store_unit.sv", 487: core_ibex_tb_top.dut.u_ibex_core.load_store_unit_i.IbexDataOffsetKnown: started at 79910000ps failed at 79910000ps
	Offending '(!$isunknown(data_offset))'
UVM_ERROR /workspace/ibex/shared/rtl/prim_assert.sv(21) @ 7991000: reporter [ASSERT FAILED] [core_ibex_tb_top.dut.u_ibex_core.load_store_unit_i.IbexDataOffsetKnown] IbexDataOffsetKnown: !$isunknown(data_offset) (/workspace/ibex/rtl/ibex_load_store_unit.sv:487)
"/workspace/ibex/rtl/ibex_cs_registers.sv", 1040: core_ibex_tb_top.dut.u_ibex_core.cs_registers_i.IbexCsrWdataIntKnown: started at 79910000ps failed at 79910000ps
	Offending '(!$isunknown(csr_wdata_int))'
UVM_ERROR /workspace/ibex/shared/rtl/prim_assert.sv(21) @ 7991000: reporter [ASSERT FAILED] [core_ibex_tb_top.dut.u_ibex_core.cs_registers_i.IbexCsrWdataIntKnown] IbexCsrWdataIntKnown: !$isunknown(csr_wdata_int) (/workspace/ibex/rtl/ibex_cs_registers.sv:1040)
"/workspace/ibex/rtl/ibex_load_store_unit.sv", 487: core_ibex_tb_top.dut.u_ibex_core.load_store_unit_i.IbexDataOffsetKnown: started at 79930000ps failed at 79930000ps
	Offending '(!$isunknown(data_offset))'
UVM_ERROR /workspace/ibex/shared/rtl/prim_assert.sv(21) @ 7993000: reporter [ASSERT FAILED] [core_ibex_tb_top.dut.u_ibex_core.load_store_unit_i.IbexDataOffsetKnown] IbexDataOffsetKnown: !$isunknown(data_offset) (/workspace/ibex/rtl/ibex_load_store_unit.sv:487)
"/workspace/ibex/rtl/ibex_cs_registers.sv", 1040: core_ibex_tb_top.dut.u_ibex_core.cs_registers_i.IbexCsrWdataIntKnown: started at 79930000ps failed at 79930000ps
	Offending '(!$isunknown(csr_wdata_int))'
UVM_ERROR /workspace/ibex/shared/rtl/prim_assert.sv(21) @ 7993000: reporter [ASSERT FAILED] [core_ibex_tb_top.dut.u_ibex_core.cs_registers_i.IbexCsrWdataIntKnown] IbexCsrWdataIntKnown: !$isunknown(csr_wdata_int) (/workspace/ibex/rtl/ibex_cs_registers.sv:1040)
"/workspace/ibex/rtl/ibex_load_store_unit.sv", 487: core_ibex_tb_top.dut.u_ibex_core.load_store_unit_i.IbexDataOffsetKnown: started at 79950000ps failed at 79950000ps
	Offending '(!$isunknown(data_offset))'
UVM_ERROR /workspace/ibex/shared/rtl/prim_assert.sv(21) @ 7995000: reporter [ASSERT FAILED] [core_ibex_tb_top.dut.u_ibex_core.load_store_unit_i.IbexDataOffsetKnown] IbexDataOffsetKnown: !$isunknown(data_offset) (/workspace/ibex/rtl/ibex_load_store_unit.sv:487)
"/workspace/ibex/rtl/ibex_cs_registers.sv", 1040: core_ibex_tb_top.dut.u_ibex_core.cs_registers_i.IbexCsrWdataIntKnown: started at 79950000ps failed at 79950000ps
	Offending '(!$isunknown(csr_wdata_int))'
UVM_ERROR /workspace/ibex/shared/rtl/prim_assert.sv(21) @ 7995000: reporter [ASSERT FAILED] [core_ibex_tb_top.dut.u_ibex_core.cs_registers_i.IbexCsrWdataIntKnown] IbexCsrWdataIntKnown: !$isunknown(csr_wdata_int) (/workspace/ibex/rtl/ibex_cs_registers.sv:1040)
"/workspace/ibex/rtl/ibex_load_store_unit.sv", 487: core_ibex_tb_top.dut.u_ibex_core.load_store_unit_i.IbexDataOffsetKnown: started at 79970000ps failed at 79970000ps
	Offending '(!$isunknown(data_offset))'
UVM_ERROR /workspace/ibex/shared/rtl/prim_assert.sv(21) @ 7997000: reporter [ASSERT FAILED] [core_ibex_tb_top.dut.u_ibex_core.load_store_unit_i.IbexDataOffsetKnown] IbexDataOffsetKnown: !$isunknown(data_offset) (/workspace/ibex/rtl/ibex_load_store_unit.sv:487)
"/workspace/ibex/rtl/ibex_cs_registers.sv", 1040: core_ibex_tb_top.dut.u_ibex_core.cs_registers_i.IbexCsrWdataIntKnown: started at 79970000ps failed at 79970000ps
	Offending '(!$isunknown(csr_wdata_int))'
UVM_ERROR /workspace/ibex/shared/rtl/prim_assert.sv(21) @ 7997000: reporter [ASSERT FAILED] [core_ibex_tb_top.dut.u_ibex_core.cs_registers_i.IbexCsrWdataIntKnown] IbexCsrWdataIntKnown: !$isunknown(csr_wdata_int) (/workspace/ibex/rtl/ibex_cs_registers.sv:1040)
"/workspace/ibex/rtl/ibex_load_store_unit.sv", 487: core_ibex_tb_top.dut.u_ibex_core.load_store_unit_i.IbexDataOffsetKnown: started at 79990000ps failed at 79990000ps
	Offending '(!$isunknown(data_offset))'
UVM_ERROR /workspace/ibex/shared/rtl/prim_assert.sv(21) @ 7999000: reporter [ASSERT FAILED] [core_ibex_tb_top.dut.u_ibex_core.load_store_unit_i.IbexDataOffsetKnown] IbexDataOffsetKnown: !$isunknown(data_offset) (/workspace/ibex/rtl/ibex_load_store_unit.sv:487)
"/workspace/ibex/rtl/ibex_cs_registers.sv", 1040: core_ibex_tb_top.dut.u_ibex_core.cs_registers_i.IbexCsrWdataIntKnown: started at 79990000ps failed at 79990000ps
	Offending '(!$isunknown(csr_wdata_int))'
UVM_ERROR /workspace/ibex/shared/rtl/prim_assert.sv(21) @ 7999000: reporter [ASSERT FAILED] [core_ibex_tb_top.dut.u_ibex_core.cs_registers_i.IbexCsrWdataIntKnown] IbexCsrWdataIntKnown: !$isunknown(csr_wdata_int) (/workspace/ibex/rtl/ibex_cs_registers.sv:1040)
UVM_INFO /workspace/ibex/dv/uvm/tests/core_ibex_seq_lib.sv(39) @ 8101000: uvm_test_top.env.irq_agent.sequencer@@irq_drop_seq_h [uvm_test_top.env.irq_agent.sequencer.irq_drop_seq_h] Starting sequence...
UVM_INFO /workspace/ibex/dv/uvm/tests/core_ibex_seq_lib.sv(51) @ 8101000: uvm_test_top.env.irq_agent.sequencer@@irq_drop_seq_h [uvm_test_top.env.irq_agent.sequencer.irq_drop_seq_h] Exiting sequence
UVM_INFO /workspace/ibex/dv/uvm/tests/core_ibex_seq_lib.sv(39) @ 9729000: uvm_test_top.env.irq_agent.sequencer@@irq_single_seq_h [uvm_test_top.env.irq_agent.sequencer.irq_single_seq_h] Starting sequence...
UVM_INFO /workspace/ibex/dv/uvm/tests/core_ibex_seq_lib.sv(51) @ 9731000: uvm_test_top.env.irq_agent.sequencer@@irq_single_seq_h [uvm_test_top.env.irq_agent.sequencer.irq_single_seq_h] Exiting sequence
UVM_INFO /workspace/ibex/dv/uvm/tests/core_ibex_test_lib.sv(229) @ 9733000: uvm_test_top [uvm_test_top] irq: 0b1000000000000000000
"/workspace/ibex/rtl/ibex_load_store_unit.sv", 487: core_ibex_tb_top.dut.u_ibex_core.load_store_unit_i.IbexDataOffsetKnown: started at 116910000ps failed at 116910000ps
	Offending '(!$isunknown(data_offset))'
UVM_ERROR /workspace/ibex/shared/rtl/prim_assert.sv(21) @ 11691000: reporter [ASSERT FAILED] [core_ibex_tb_top.dut.u_ibex_core.load_store_unit_i.IbexDataOffsetKnown] IbexDataOffsetKnown: !$isunknown(data_offset) (/workspace/ibex/rtl/ibex_load_store_unit.sv:487)
"/workspace/ibex/rtl/ibex_cs_registers.sv", 1040: core_ibex_tb_top.dut.u_ibex_core.cs_registers_i.IbexCsrWdataIntKnown: started at 116910000ps failed at 116910000ps
	Offending '(!$isunknown(csr_wdata_int))'
UVM_ERROR /workspace/ibex/shared/rtl/prim_assert.sv(21) @ 11691000: reporter [ASSERT FAILED] [core_ibex_tb_top.dut.u_ibex_core.cs_registers_i.IbexCsrWdataIntKnown] IbexCsrWdataIntKnown: !$isunknown(csr_wdata_int) (/workspace/ibex/rtl/ibex_cs_registers.sv:1040)
"/workspace/ibex/rtl/ibex_load_store_unit.sv", 487: core_ibex_tb_top.dut.u_ibex_core.load_store_unit_i.IbexDataOffsetKnown: started at 116930000ps failed at 116930000ps
	Offending '(!$isunknown(data_offset))'
UVM_ERROR /workspace/ibex/shared/rtl/prim_assert.sv(21) @ 11693000: reporter [ASSERT FAILED] [core_ibex_tb_top.dut.u_ibex_core.load_store_unit_i.IbexDataOffsetKnown] IbexDataOffsetKnown: !$isunknown(data_offset) (/workspace/ibex/rtl/ibex_load_store_unit.sv:487)
"/workspace/ibex/rtl/ibex_cs_registers.sv", 1040: core_ibex_tb_top.dut.u_ibex_core.cs_registers_i.IbexCsrWdataIntKnown: started at 116930000ps failed at 116930000ps
	Offending '(!$isunknown(csr_wdata_int))'
UVM_ERROR /workspace/ibex/shared/rtl/prim_assert.sv(21) @ 11693000: reporter [ASSERT FAILED] [core_ibex_tb_top.dut.u_ibex_core.cs_registers_i.IbexCsrWdataIntKnown] IbexCsrWdataIntKnown: !$isunknown(csr_wdata_int) (/workspace/ibex/rtl/ibex_cs_registers.sv:1040)
"/workspace/ibex/rtl/ibex_load_store_unit.sv", 487: core_ibex_tb_top.dut.u_ibex_core.load_store_unit_i.IbexDataOffsetKnown: started at 116950000ps failed at 116950000ps
	Offending '(!$isunknown(data_offset))'
UVM_ERROR /workspace/ibex/shared/rtl/prim_assert.sv(21) @ 11695000: reporter [ASSERT FAILED] [core_ibex_tb_top.dut.u_ibex_core.load_store_unit_i.IbexDataOffsetKnown] IbexDataOffsetKnown: !$isunknown(data_offset) (/workspace/ibex/rtl/ibex_load_store_unit.sv:487)
"/workspace/ibex/rtl/ibex_cs_registers.sv", 1040: core_ibex_tb_top.dut.u_ibex_core.cs_registers_i.IbexCsrWdataIntKnown: started at 116950000ps failed at 116950000ps
	Offending '(!$isunknown(csr_wdata_int))'
UVM_ERROR /workspace/ibex/shared/rtl/prim_assert.sv(21) @ 11695000: reporter [ASSERT FAILED] [core_ibex_tb_top.dut.u_ibex_core.cs_registers_i.IbexCsrWdataIntKnown] IbexCsrWdataIntKnown: !$isunknown(csr_wdata_int) (/workspace/ibex/rtl/ibex_cs_registers.sv:1040)
"/workspace/ibex/rtl/ibex_load_store_unit.sv", 487: core_ibex_tb_top.dut.u_ibex_core.load_store_unit_i.IbexDataOffsetKnown: started at 116970000ps failed at 116970000ps
	Offending '(!$isunknown(data_offset))'
UVM_ERROR /workspace/ibex/shared/rtl/prim_assert.sv(21) @ 11697000: reporter [ASSERT FAILED] [core_ibex_tb_top.dut.u_ibex_core.load_store_unit_i.IbexDataOffsetKnown] IbexDataOffsetKnown: !$isunknown(data_offset) (/workspace/ibex/rtl/ibex_load_store_unit.sv:487)
"/workspace/ibex/rtl/ibex_cs_registers.sv", 1040: core_ibex_tb_top.dut.u_ibex_core.cs_registers_i.IbexCsrWdataIntKnown: started at 116970000ps failed at 116970000ps
	Offending '(!$isunknown(csr_wdata_int))'
UVM_ERROR /workspace/ibex/shared/rtl/prim_assert.sv(21) @ 11697000: reporter [ASSERT FAILED] [core_ibex_tb_top.dut.u_ibex_core.cs_registers_i.IbexCsrWdataIntKnown] IbexCsrWdataIntKnown: !$isunknown(csr_wdata_int) (/workspace/ibex/rtl/ibex_cs_registers.sv:1040)
"/workspace/ibex/rtl/ibex_load_store_unit.sv", 487: core_ibex_tb_top.dut.u_ibex_core.load_store_unit_i.IbexDataOffsetKnown: started at 116990000ps failed at 116990000ps
	Offending '(!$isunknown(data_offset))'
UVM_ERROR /workspace/ibex/shared/rtl/prim_assert.sv(21) @ 11699000: reporter [ASSERT FAILED] [core_ibex_tb_top.dut.u_ibex_core.load_store_unit_i.IbexDataOffsetKnown] IbexDataOffsetKnown: !$isunknown(data_offset) (/workspace/ibex/rtl/ibex_load_store_unit.sv:487)
"/workspace/ibex/rtl/ibex_cs_registers.sv", 1040: core_ibex_tb_top.dut.u_ibex_core.cs_registers_i.IbexCsrWdataIntKnown: started at 116990000ps failed at 116990000ps
	Offending '(!$isunknown(csr_wdata_int))'
UVM_ERROR /workspace/ibex/shared/rtl/prim_assert.sv(21) @ 11699000: reporter [ASSERT FAILED] [core_ibex_tb_top.dut.u_ibex_core.cs_registers_i.IbexCsrWdataIntKnown] IbexCsrWdataIntKnown: !$isunknown(csr_wdata_int) (/workspace/ibex/rtl/ibex_cs_registers.sv:1040)
"/workspace/ibex/rtl/ibex_load_store_unit.sv", 487: core_ibex_tb_top.dut.u_ibex_core.load_store_unit_i.IbexDataOffsetKnown: started at 117010000ps failed at 117010000ps
	Offending '(!$isunknown(data_offset))'
UVM_ERROR /workspace/ibex/shared/rtl/prim_assert.sv(21) @ 11701000: reporter [ASSERT FAILED] [core_ibex_tb_top.dut.u_ibex_core.load_store_unit_i.IbexDataOffsetKnown] IbexDataOffsetKnown: !$isunknown(data_offset) (/workspace/ibex/rtl/ibex_load_store_unit.sv:487)
"/workspace/ibex/rtl/ibex_cs_registers.sv", 1040: core_ibex_tb_top.dut.u_ibex_core.cs_registers_i.IbexCsrWdataIntKnown: started at 117010000ps failed at 117010000ps
	Offending '(!$isunknown(csr_wdata_int))'
UVM_ERROR /workspace/ibex/shared/rtl/prim_assert.sv(21) @ 11701000: reporter [ASSERT FAILED] [core_ibex_tb_top.dut.u_ibex_core.cs_registers_i.IbexCsrWdataIntKnown] IbexCsrWdataIntKnown: !$isunknown(csr_wdata_int) (/workspace/ibex/rtl/ibex_cs_registers.sv:1040)
"/workspace/ibex/rtl/ibex_load_store_unit.sv", 487: core_ibex_tb_top.dut.u_ibex_core.load_store_unit_i.IbexDataOffsetKnown: started at 117030000ps failed at 117030000ps
	Offending '(!$isunknown(data_offset))'
UVM_ERROR /workspace/ibex/shared/rtl/prim_assert.sv(21) @ 11703000: reporter [ASSERT FAILED] [core_ibex_tb_top.dut.u_ibex_core.load_store_unit_i.IbexDataOffsetKnown] IbexDataOffsetKnown: !$isunknown(data_offset) (/workspace/ibex/rtl/ibex_load_store_unit.sv:487)
"/workspace/ibex/rtl/ibex_cs_registers.sv", 1040: core_ibex_tb_top.dut.u_ibex_core.cs_registers_i.IbexCsrWdataIntKnown: started at 117030000ps failed at 117030000ps
	Offending '(!$isunknown(csr_wdata_int))'
UVM_ERROR /workspace/ibex/shared/rtl/prim_assert.sv(21) @ 11703000: reporter [ASSERT FAILED] [core_ibex_tb_top.dut.u_ibex_core.cs_registers_i.IbexCsrWdataIntKnown] IbexCsrWdataIntKnown: !$isunknown(csr_wdata_int) (/workspace/ibex/rtl/ibex_cs_registers.sv:1040)
"/workspace/ibex/rtl/ibex_load_store_unit.sv", 487: core_ibex_tb_top.dut.u_ibex_core.load_store_unit_i.IbexDataOffsetKnown: started at 117050000ps failed at 117050000ps
	Offending '(!$isunknown(data_offset))'
UVM_ERROR /workspace/ibex/shared/rtl/prim_assert.sv(21) @ 11705000: reporter [ASSERT FAILED] [core_ibex_tb_top.dut.u_ibex_core.load_store_unit_i.IbexDataOffsetKnown] IbexDataOffsetKnown: !$isunknown(data_offset) (/workspace/ibex/rtl/ibex_load_store_unit.sv:487)
"/workspace/ibex/rtl/ibex_cs_registers.sv", 1040: core_ibex_tb_top.dut.u_ibex_core.cs_registers_i.IbexCsrWdataIntKnown: started at 117050000ps failed at 117050000ps
	Offending '(!$isunknown(csr_wdata_int))'
UVM_ERROR /workspace/ibex/shared/rtl/prim_assert.sv(21) @ 11705000: reporter [ASSERT FAILED] [core_ibex_tb_top.dut.u_ibex_core.cs_registers_i.IbexCsrWdataIntKnown] IbexCsrWdataIntKnown: !$isunknown(csr_wdata_int) (/workspace/ibex/rtl/ibex_cs_registers.sv:1040)
"/workspace/ibex/rtl/ibex_load_store_unit.sv", 487: core_ibex_tb_top.dut.u_ibex_core.load_store_unit_i.IbexDataOffsetKnown: started at 117070000ps failed at 117070000ps
	Offending '(!$isunknown(data_offset))'
UVM_ERROR /workspace/ibex/shared/rtl/prim_assert.sv(21) @ 11707000: reporter [ASSERT FAILED] [core_ibex_tb_top.dut.u_ibex_core.load_store_unit_i.IbexDataOffsetKnown] IbexDataOffsetKnown: !$isunknown(data_offset) (/workspace/ibex/rtl/ibex_load_store_unit.sv:487)
"/workspace/ibex/rtl/ibex_cs_registers.sv", 1040: core_ibex_tb_top.dut.u_ibex_core.cs_registers_i.IbexCsrWdataIntKnown: started at 117070000ps failed at 117070000ps
	Offending '(!$isunknown(csr_wdata_int))'
UVM_ERROR /workspace/ibex/shared/rtl/prim_assert.sv(21) @ 11707000: reporter [ASSERT FAILED] [core_ibex_tb_top.dut.u_ibex_core.cs_registers_i.IbexCsrWdataIntKnown] IbexCsrWdataIntKnown: !$isunknown(csr_wdata_int) (/workspace/ibex/rtl/ibex_cs_registers.sv:1040)
"/workspace/ibex/rtl/ibex_load_store_unit.sv", 487: core_ibex_tb_top.dut.u_ibex_core.load_store_unit_i.IbexDataOffsetKnown: started at 117090000ps failed at 117090000ps
	Offending '(!$isunknown(data_offset))'
UVM_ERROR /workspace/ibex/shared/rtl/prim_assert.sv(21) @ 11709000: reporter [ASSERT FAILED] [core_ibex_tb_top.dut.u_ibex_core.load_store_unit_i.IbexDataOffsetKnown] IbexDataOffsetKnown: !$isunknown(data_offset) (/workspace/ibex/rtl/ibex_load_store_unit.sv:487)
"/workspace/ibex/rtl/ibex_cs_registers.sv", 1040: core_ibex_tb_top.dut.u_ibex_core.cs_registers_i.IbexCsrWdataIntKnown: started at 117090000ps failed at 117090000ps
	Offending '(!$isunknown(csr_wdata_int))'
UVM_ERROR /workspace/ibex/shared/rtl/prim_assert.sv(21) @ 11709000: reporter [ASSERT FAILED] [core_ibex_tb_top.dut.u_ibex_core.cs_registers_i.IbexCsrWdataIntKnown] IbexCsrWdataIntKnown: !$isunknown(csr_wdata_int) (/workspace/ibex/rtl/ibex_cs_registers.sv:1040)
"/workspace/ibex/rtl/ibex_load_store_unit.sv", 487: core_ibex_tb_top.dut.u_ibex_core.load_store_unit_i.IbexDataOffsetKnown: started at 117110000ps failed at 117110000ps
	Offending '(!$isunknown(data_offset))'
UVM_ERROR /workspace/ibex/shared/rtl/prim_assert.sv(21) @ 11711000: reporter [ASSERT FAILED] [core_ibex_tb_top.dut.u_ibex_core.load_store_unit_i.IbexDataOffsetKnown] IbexDataOffsetKnown: !$isunknown(data_offset) (/workspace/ibex/rtl/ibex_load_store_unit.sv:487)
"/workspace/ibex/rtl/ibex_cs_registers.sv", 1040: core_ibex_tb_top.dut.u_ibex_core.cs_registers_i.IbexCsrWdataIntKnown: started at 117110000ps failed at 117110000ps
	Offending '(!$isunknown(csr_wdata_int))'
UVM_ERROR /workspace/ibex/shared/rtl/prim_assert.sv(21) @ 11711000: reporter [ASSERT FAILED] [core_ibex_tb_top.dut.u_ibex_core.cs_registers_i.IbexCsrWdataIntKnown] IbexCsrWdataIntKnown: !$isunknown(csr_wdata_int) (/workspace/ibex/rtl/ibex_cs_registers.sv:1040)
UVM_INFO /workspace/ibex/dv/uvm/tests/core_ibex_seq_lib.sv(39) @ 11815000: uvm_test_top.env.irq_agent.sequencer@@irq_drop_seq_h [uvm_test_top.env.irq_agent.sequencer.irq_drop_seq_h] Starting sequence...
UVM_INFO /workspace/ibex/dv/uvm/tests/core_ibex_seq_lib.sv(51) @ 11815000: uvm_test_top.env.irq_agent.sequencer@@irq_drop_seq_h [uvm_test_top.env.irq_agent.sequencer.irq_drop_seq_h] Exiting sequence
UVM_INFO /workspace/ibex/dv/uvm/tests/core_ibex_seq_lib.sv(39) @ 13459000: uvm_test_top.env.irq_agent.sequencer@@irq_single_seq_h [uvm_test_top.env.irq_agent.sequencer.irq_single_seq_h] Starting sequence...
UVM_INFO /workspace/ibex/dv/uvm/tests/core_ibex_seq_lib.sv(51) @ 13461000: uvm_test_top.env.irq_agent.sequencer@@irq_single_seq_h [uvm_test_top.env.irq_agent.sequencer.irq_single_seq_h] Exiting sequence
UVM_INFO /workspace/ibex/dv/uvm/tests/core_ibex_seq_lib.sv(39) @ 13463000: uvm_test_top.env.irq_agent.sequencer@@irq_drop_seq_h [uvm_test_top.env.irq_agent.sequencer.irq_drop_seq_h] Starting sequence...
UVM_INFO /workspace/ibex/dv/uvm/tests/core_ibex_seq_lib.sv(51) @ 13463000: uvm_test_top.env.irq_agent.sequencer@@irq_drop_seq_h [uvm_test_top.env.irq_agent.sequencer.irq_drop_seq_h] Exiting sequence
UVM_INFO /workspace/ibex/dv/uvm/tests/core_ibex_seq_lib.sv(39) @ 13869000: uvm_test_top.env.irq_agent.sequencer@@irq_single_seq_h [uvm_test_top.env.irq_agent.sequencer.irq_single_seq_h] Starting sequence...
UVM_INFO /workspace/ibex/dv/uvm/tests/core_ibex_seq_lib.sv(51) @ 13871000: uvm_test_top.env.irq_agent.sequencer@@irq_single_seq_h [uvm_test_top.env.irq_agent.sequencer.irq_single_seq_h] Exiting sequence
UVM_INFO /workspace/ibex/dv/uvm/tests/core_ibex_seq_lib.sv(39) @ 13873000: uvm_test_top.env.irq_agent.sequencer@@irq_drop_seq_h [uvm_test_top.env.irq_agent.sequencer.irq_drop_seq_h] Starting sequence...
UVM_INFO /workspace/ibex/dv/uvm/tests/core_ibex_seq_lib.sv(51) @ 13875000: uvm_test_top.env.irq_agent.sequencer@@irq_drop_seq_h [uvm_test_top.env.irq_agent.sequencer.irq_drop_seq_h] Exiting sequence
UVM_INFO /workspace/ibex/dv/uvm/tests/core_ibex_seq_lib.sv(39) @ 14641000: uvm_test_top.env.irq_agent.sequencer@@irq_single_seq_h [uvm_test_top.env.irq_agent.sequencer.irq_single_seq_h] Starting sequence...
UVM_INFO /workspace/ibex/dv/uvm/tests/core_ibex_seq_lib.sv(51) @ 14643000: uvm_test_top.env.irq_agent.sequencer@@irq_single_seq_h [uvm_test_top.env.irq_agent.sequencer.irq_single_seq_h] Exiting sequence
UVM_INFO /workspace/ibex/dv/uvm/tests/core_ibex_test_lib.sv(229) @ 14645000: uvm_test_top [uvm_test_top] irq: 0b1000
"/workspace/ibex/rtl/ibex_load_store_unit.sv", 487: core_ibex_tb_top.dut.u_ibex_core.load_store_unit_i.IbexDataOffsetKnown: started at 166250000ps failed at 166250000ps
	Offending '(!$isunknown(data_offset))'
UVM_ERROR /workspace/ibex/shared/rtl/prim_assert.sv(21) @ 16625000: reporter [ASSERT FAILED] [core_ibex_tb_top.dut.u_ibex_core.load_store_unit_i.IbexDataOffsetKnown] IbexDataOffsetKnown: !$isunknown(data_offset) (/workspace/ibex/rtl/ibex_load_store_unit.sv:487)
"/workspace/ibex/rtl/ibex_cs_registers.sv", 1040: core_ibex_tb_top.dut.u_ibex_core.cs_registers_i.IbexCsrWdataIntKnown: started at 166250000ps failed at 166250000ps
	Offending '(!$isunknown(csr_wdata_int))'
UVM_ERROR /workspace/ibex/shared/rtl/prim_assert.sv(21) @ 16625000: reporter [ASSERT FAILED] [core_ibex_tb_top.dut.u_ibex_core.cs_registers_i.IbexCsrWdataIntKnown] IbexCsrWdataIntKnown: !$isunknown(csr_wdata_int) (/workspace/ibex/rtl/ibex_cs_registers.sv:1040)
UVM_INFO /workspace/ibex/dv/uvm/tests/core_ibex_seq_lib.sv(39) @ 16695000: uvm_test_top.env.irq_agent.sequencer@@irq_drop_seq_h [uvm_test_top.env.irq_agent.sequencer.irq_drop_seq_h] Starting sequence...
UVM_INFO /workspace/ibex/dv/uvm/tests/core_ibex_seq_lib.sv(51) @ 16697000: uvm_test_top.env.irq_agent.sequencer@@irq_drop_seq_h [uvm_test_top.env.irq_agent.sequencer.irq_drop_seq_h] Exiting sequence
UVM_INFO /workspace/ibex/dv/uvm/tests/core_ibex_seq_lib.sv(39) @ 17771000: uvm_test_top.env.irq_agent.sequencer@@irq_single_seq_h [uvm_test_top.env.irq_agent.sequencer.irq_single_seq_h] Starting sequence...
UVM_INFO /workspace/ibex/dv/uvm/tests/core_ibex_seq_lib.sv(51) @ 17773000: uvm_test_top.env.irq_agent.sequencer@@irq_single_seq_h [uvm_test_top.env.irq_agent.sequencer.irq_single_seq_h] Exiting sequence
UVM_INFO /workspace/ibex/dv/uvm/tests/core_ibex_test_lib.sv(229) @ 17775000: uvm_test_top [uvm_test_top] irq: 0b1000000000000000000000
"/workspace/ibex/rtl/ibex_load_store_unit.sv", 487: core_ibex_tb_top.dut.u_ibex_core.load_store_unit_i.IbexDataOffsetKnown: started at 196210000ps failed at 196210000ps
	Offending '(!$isunknown(data_offset))'
UVM_ERROR /workspace/ibex/shared/rtl/prim_assert.sv(21) @ 19621000: reporter [ASSERT FAILED] [core_ibex_tb_top.dut.u_ibex_core.load_store_unit_i.IbexDataOffsetKnown] IbexDataOffsetKnown: !$isunknown(data_offset) (/workspace/ibex/rtl/ibex_load_store_unit.sv:487)
"/workspace/ibex/rtl/ibex_cs_registers.sv", 1040: core_ibex_tb_top.dut.u_ibex_core.cs_registers_i.IbexCsrWdataIntKnown: started at 196210000ps failed at 196210000ps
	Offending '(!$isunknown(csr_wdata_int))'
UVM_ERROR /workspace/ibex/shared/rtl/prim_assert.sv(21) @ 19621000: reporter [ASSERT FAILED] [core_ibex_tb_top.dut.u_ibex_core.cs_registers_i.IbexCsrWdataIntKnown] IbexCsrWdataIntKnown: !$isunknown(csr_wdata_int) (/workspace/ibex/rtl/ibex_cs_registers.sv:1040)
"/workspace/ibex/rtl/ibex_load_store_unit.sv", 487: core_ibex_tb_top.dut.u_ibex_core.load_store_unit_i.IbexDataOffsetKnown: started at 196230000ps failed at 196230000ps
	Offending '(!$isunknown(data_offset))'
UVM_ERROR /workspace/ibex/shared/rtl/prim_assert.sv(21) @ 19623000: reporter [ASSERT FAILED] [core_ibex_tb_top.dut.u_ibex_core.load_store_unit_i.IbexDataOffsetKnown] IbexDataOffsetKnown: !$isunknown(data_offset) (/workspace/ibex/rtl/ibex_load_store_unit.sv:487)
"/workspace/ibex/rtl/ibex_cs_registers.sv", 1040: core_ibex_tb_top.dut.u_ibex_core.cs_registers_i.IbexCsrWdataIntKnown: started at 196230000ps failed at 196230000ps
	Offending '(!$isunknown(csr_wdata_int))'
UVM_ERROR /workspace/ibex/shared/rtl/prim_assert.sv(21) @ 19623000: reporter [ASSERT FAILED] [core_ibex_tb_top.dut.u_ibex_core.cs_registers_i.IbexCsrWdataIntKnown] IbexCsrWdataIntKnown: !$isunknown(csr_wdata_int) (/workspace/ibex/rtl/ibex_cs_registers.sv:1040)
"/workspace/ibex/rtl/ibex_load_store_unit.sv", 487: core_ibex_tb_top.dut.u_ibex_core.load_store_unit_i.IbexDataOffsetKnown: started at 196250000ps failed at 196250000ps
	Offending '(!$isunknown(data_offset))'
UVM_ERROR /workspace/ibex/shared/rtl/prim_assert.sv(21) @ 19625000: reporter [ASSERT FAILED] [core_ibex_tb_top.dut.u_ibex_core.load_store_unit_i.IbexDataOffsetKnown] IbexDataOffsetKnown: !$isunknown(data_offset) (/workspace/ibex/rtl/ibex_load_store_unit.sv:487)
"/workspace/ibex/rtl/ibex_cs_registers.sv", 1040: core_ibex_tb_top.dut.u_ibex_core.cs_registers_i.IbexCsrWdataIntKnown: started at 196250000ps failed at 196250000ps
	Offending '(!$isunknown(csr_wdata_int))'
UVM_ERROR /workspace/ibex/shared/rtl/prim_assert.sv(21) @ 19625000: reporter [ASSERT FAILED] [core_ibex_tb_top.dut.u_ibex_core.cs_registers_i.IbexCsrWdataIntKnown] IbexCsrWdataIntKnown: !$isunknown(csr_wdata_int) (/workspace/ibex/rtl/ibex_cs_registers.sv:1040)
"/workspace/ibex/rtl/ibex_load_store_unit.sv", 487: core_ibex_tb_top.dut.u_ibex_core.load_store_unit_i.IbexDataOffsetKnown: started at 196270000ps failed at 196270000ps
	Offending '(!$isunknown(data_offset))'
UVM_ERROR /workspace/ibex/shared/rtl/prim_assert.sv(21) @ 19627000: reporter [ASSERT FAILED] [core_ibex_tb_top.dut.u_ibex_core.load_store_unit_i.IbexDataOffsetKnown] IbexDataOffsetKnown: !$isunknown(data_offset) (/workspace/ibex/rtl/ibex_load_store_unit.sv:487)
"/workspace/ibex/rtl/ibex_cs_registers.sv", 1040: core_ibex_tb_top.dut.u_ibex_core.cs_registers_i.IbexCsrWdataIntKnown: started at 196270000ps failed at 196270000ps
	Offending '(!$isunknown(csr_wdata_int))'
UVM_ERROR /workspace/ibex/shared/rtl/prim_assert.sv(21) @ 19627000: reporter [ASSERT FAILED] [core_ibex_tb_top.dut.u_ibex_core.cs_registers_i.IbexCsrWdataIntKnown] IbexCsrWdataIntKnown: !$isunknown(csr_wdata_int) (/workspace/ibex/rtl/ibex_cs_registers.sv:1040)
"/workspace/ibex/rtl/ibex_load_store_unit.sv", 487: core_ibex_tb_top.dut.u_ibex_core.load_store_unit_i.IbexDataOffsetKnown: started at 196290000ps failed at 196290000ps
	Offending '(!$isunknown(data_offset))'
UVM_ERROR /workspace/ibex/shared/rtl/prim_assert.sv(21) @ 19629000: reporter [ASSERT FAILED] [core_ibex_tb_top.dut.u_ibex_core.load_store_unit_i.IbexDataOffsetKnown] IbexDataOffsetKnown: !$isunknown(data_offset) (/workspace/ibex/rtl/ibex_load_store_unit.sv:487)
"/workspace/ibex/rtl/ibex_cs_registers.sv", 1040: core_ibex_tb_top.dut.u_ibex_core.cs_registers_i.IbexCsrWdataIntKnown: started at 196290000ps failed at 196290000ps
	Offending '(!$isunknown(csr_wdata_int))'
UVM_ERROR /workspace/ibex/shared/rtl/prim_assert.sv(21) @ 19629000: reporter [ASSERT FAILED] [core_ibex_tb_top.dut.u_ibex_core.cs_registers_i.IbexCsrWdataIntKnown] IbexCsrWdataIntKnown: !$isunknown(csr_wdata_int) (/workspace/ibex/rtl/ibex_cs_registers.sv:1040)
"/workspace/ibex/rtl/ibex_load_store_unit.sv", 487: core_ibex_tb_top.dut.u_ibex_core.load_store_unit_i.IbexDataOffsetKnown: started at 196310000ps failed at 196310000ps
	Offending '(!$isunknown(data_offset))'
UVM_ERROR /workspace/ibex/shared/rtl/prim_assert.sv(21) @ 19631000: reporter [ASSERT FAILED] [core_ibex_tb_top.dut.u_ibex_core.load_store_unit_i.IbexDataOffsetKnown] IbexDataOffsetKnown: !$isunknown(data_offset) (/workspace/ibex/rtl/ibex_load_store_unit.sv:487)
"/workspace/ibex/rtl/ibex_cs_registers.sv", 1040: core_ibex_tb_top.dut.u_ibex_core.cs_registers_i.IbexCsrWdataIntKnown: started at 196310000ps failed at 196310000ps
	Offending '(!$isunknown(csr_wdata_int))'
UVM_ERROR /workspace/ibex/shared/rtl/prim_assert.sv(21) @ 19631000: reporter [ASSERT FAILED] [core_ibex_tb_top.dut.u_ibex_core.cs_registers_i.IbexCsrWdataIntKnown] IbexCsrWdataIntKnown: !$isunknown(csr_wdata_int) (/workspace/ibex/rtl/ibex_cs_registers.sv:1040)
"/workspace/ibex/rtl/ibex_load_store_unit.sv", 487: core_ibex_tb_top.dut.u_ibex_core.load_store_unit_i.IbexDataOffsetKnown: started at 196330000ps failed at 196330000ps
	Offending '(!$isunknown(data_offset))'
UVM_ERROR /workspace/ibex/shared/rtl/prim_assert.sv(21) @ 19633000: reporter [ASSERT FAILED] [core_ibex_tb_top.dut.u_ibex_core.load_store_unit_i.IbexDataOffsetKnown] IbexDataOffsetKnown: !$isunknown(data_offset) (/workspace/ibex/rtl/ibex_load_store_unit.sv:487)
"/workspace/ibex/rtl/ibex_cs_registers.sv", 1040: core_ibex_tb_top.dut.u_ibex_core.cs_registers_i.IbexCsrWdataIntKnown: started at 196330000ps failed at 196330000ps
	Offending '(!$isunknown(csr_wdata_int))'
UVM_ERROR /workspace/ibex/shared/rtl/prim_assert.sv(21) @ 19633000: reporter [ASSERT FAILED] [core_ibex_tb_top.dut.u_ibex_core.cs_registers_i.IbexCsrWdataIntKnown] IbexCsrWdataIntKnown: !$isunknown(csr_wdata_int) (/workspace/ibex/rtl/ibex_cs_registers.sv:1040)
"/workspace/ibex/rtl/ibex_load_store_unit.sv", 487: core_ibex_tb_top.dut.u_ibex_core.load_store_unit_i.IbexDataOffsetKnown: started at 196350000ps failed at 196350000ps
	Offending '(!$isunknown(data_offset))'
UVM_ERROR /workspace/ibex/shared/rtl/prim_assert.sv(21) @ 19635000: reporter [ASSERT FAILED] [core_ibex_tb_top.dut.u_ibex_core.load_store_unit_i.IbexDataOffsetKnown] IbexDataOffsetKnown: !$isunknown(data_offset) (/workspace/ibex/rtl/ibex_load_store_unit.sv:487)
"/workspace/ibex/rtl/ibex_cs_registers.sv", 1040: core_ibex_tb_top.dut.u_ibex_core.cs_registers_i.IbexCsrWdataIntKnown: started at 196350000ps failed at 196350000ps
	Offending '(!$isunknown(csr_wdata_int))'
UVM_ERROR /workspace/ibex/shared/rtl/prim_assert.sv(21) @ 19635000: reporter [ASSERT FAILED] [core_ibex_tb_top.dut.u_ibex_core.cs_registers_i.IbexCsrWdataIntKnown] IbexCsrWdataIntKnown: !$isunknown(csr_wdata_int) (/workspace/ibex/rtl/ibex_cs_registers.sv:1040)
"/workspace/ibex/rtl/ibex_load_store_unit.sv", 487: core_ibex_tb_top.dut.u_ibex_core.load_store_unit_i.IbexDataOffsetKnown: started at 196370000ps failed at 196370000ps
	Offending '(!$isunknown(data_offset))'
UVM_ERROR /workspace/ibex/shared/rtl/prim_assert.sv(21) @ 19637000: reporter [ASSERT FAILED] [core_ibex_tb_top.dut.u_ibex_core.load_store_unit_i.IbexDataOffsetKnown] IbexDataOffsetKnown: !$isunknown(data_offset) (/workspace/ibex/rtl/ibex_load_store_unit.sv:487)
"/workspace/ibex/rtl/ibex_cs_registers.sv", 1040: core_ibex_tb_top.dut.u_ibex_core.cs_registers_i.IbexCsrWdataIntKnown: started at 196370000ps failed at 196370000ps
	Offending '(!$isunknown(csr_wdata_int))'
UVM_ERROR /workspace/ibex/shared/rtl/prim_assert.sv(21) @ 19637000: reporter [ASSERT FAILED] [core_ibex_tb_top.dut.u_ibex_core.cs_registers_i.IbexCsrWdataIntKnown] IbexCsrWdataIntKnown: !$isunknown(csr_wdata_int) (/workspace/ibex/rtl/ibex_cs_registers.sv:1040)
"/workspace/ibex/rtl/ibex_load_store_unit.sv", 487: core_ibex_tb_top.dut.u_ibex_core.load_store_unit_i.IbexDataOffsetKnown: started at 196390000ps failed at 196390000ps
	Offending '(!$isunknown(data_offset))'
UVM_ERROR /workspace/ibex/shared/rtl/prim_assert.sv(21) @ 19639000: reporter [ASSERT FAILED] [core_ibex_tb_top.dut.u_ibex_core.load_store_unit_i.IbexDataOffsetKnown] IbexDataOffsetKnown: !$isunknown(data_offset) (/workspace/ibex/rtl/ibex_load_store_unit.sv:487)
"/workspace/ibex/rtl/ibex_cs_registers.sv", 1040: core_ibex_tb_top.dut.u_ibex_core.cs_registers_i.IbexCsrWdataIntKnown: started at 196390000ps failed at 196390000ps
	Offending '(!$isunknown(csr_wdata_int))'
UVM_ERROR /workspace/ibex/shared/rtl/prim_assert.sv(21) @ 19639000: reporter [ASSERT FAILED] [core_ibex_tb_top.dut.u_ibex_core.cs_registers_i.IbexCsrWdataIntKnown] IbexCsrWdataIntKnown: !$isunknown(csr_wdata_int) (/workspace/ibex/rtl/ibex_cs_registers.sv:1040)
"/workspace/ibex/rtl/ibex_load_store_unit.sv", 487: core_ibex_tb_top.dut.u_ibex_core.load_store_unit_i.IbexDataOffsetKnown: started at 196410000ps failed at 196410000ps
	Offending '(!$isunknown(data_offset))'
UVM_ERROR /workspace/ibex/shared/rtl/prim_assert.sv(21) @ 19641000: reporter [ASSERT FAILED] [core_ibex_tb_top.dut.u_ibex_core.load_store_unit_i.IbexDataOffsetKnown] IbexDataOffsetKnown: !$isunknown(data_offset) (/workspace/ibex/rtl/ibex_load_store_unit.sv:487)
"/workspace/ibex/rtl/ibex_cs_registers.sv", 1040: core_ibex_tb_top.dut.u_ibex_core.cs_registers_i.IbexCsrWdataIntKnown: started at 196410000ps failed at 196410000ps
	Offending '(!$isunknown(csr_wdata_int))'
UVM_ERROR /workspace/ibex/shared/rtl/prim_assert.sv(21) @ 19641000: reporter [ASSERT FAILED] [core_ibex_tb_top.dut.u_ibex_core.cs_registers_i.IbexCsrWdataIntKnown] IbexCsrWdataIntKnown: !$isunknown(csr_wdata_int) (/workspace/ibex/rtl/ibex_cs_registers.sv:1040)
"/workspace/ibex/rtl/ibex_load_store_unit.sv", 487: core_ibex_tb_top.dut.u_ibex_core.load_store_unit_i.IbexDataOffsetKnown: started at 196430000ps failed at 196430000ps
	Offending '(!$isunknown(data_offset))'
UVM_ERROR /workspace/ibex/shared/rtl/prim_assert.sv(21) @ 19643000: reporter [ASSERT FAILED] [core_ibex_tb_top.dut.u_ibex_core.load_store_unit_i.IbexDataOffsetKnown] IbexDataOffsetKnown: !$isunknown(data_offset) (/workspace/ibex/rtl/ibex_load_store_unit.sv:487)
"/workspace/ibex/rtl/ibex_cs_registers.sv", 1040: core_ibex_tb_top.dut.u_ibex_core.cs_registers_i.IbexCsrWdataIntKnown: started at 196430000ps failed at 196430000ps
	Offending '(!$isunknown(csr_wdata_int))'
UVM_ERROR /workspace/ibex/shared/rtl/prim_assert.sv(21) @ 19643000: reporter [ASSERT FAILED] [core_ibex_tb_top.dut.u_ibex_core.cs_registers_i.IbexCsrWdataIntKnown] IbexCsrWdataIntKnown: !$isunknown(csr_wdata_int) (/workspace/ibex/rtl/ibex_cs_registers.sv:1040)
"/workspace/ibex/rtl/ibex_load_store_unit.sv", 487: core_ibex_tb_top.dut.u_ibex_core.load_store_unit_i.IbexDataOffsetKnown: started at 196450000ps failed at 196450000ps
	Offending '(!$isunknown(data_offset))'
UVM_ERROR /workspace/ibex/shared/rtl/prim_assert.sv(21) @ 19645000: reporter [ASSERT FAILED] [core_ibex_tb_top.dut.u_ibex_core.load_store_unit_i.IbexDataOffsetKnown] IbexDataOffsetKnown: !$isunknown(data_offset) (/workspace/ibex/rtl/ibex_load_store_unit.sv:487)
"/workspace/ibex/rtl/ibex_cs_registers.sv", 1040: core_ibex_tb_top.dut.u_ibex_core.cs_registers_i.IbexCsrWdataIntKnown: started at 196450000ps failed at 196450000ps
	Offending '(!$isunknown(csr_wdata_int))'
UVM_ERROR /workspace/ibex/shared/rtl/prim_assert.sv(21) @ 19645000: reporter [ASSERT FAILED] [core_ibex_tb_top.dut.u_ibex_core.cs_registers_i.IbexCsrWdataIntKnown] IbexCsrWdataIntKnown: !$isunknown(csr_wdata_int) (/workspace/ibex/rtl/ibex_cs_registers.sv:1040)
UVM_INFO /workspace/ibex/dv/uvm/tests/core_ibex_seq_lib.sv(39) @ 19759000: uvm_test_top.env.irq_agent.sequencer@@irq_drop_seq_h [uvm_test_top.env.irq_agent.sequencer.irq_drop_seq_h] Starting sequence...
UVM_INFO /workspace/ibex/dv/uvm/tests/core_ibex_seq_lib.sv(51) @ 19759000: uvm_test_top.env.irq_agent.sequencer@@irq_drop_seq_h [uvm_test_top.env.irq_agent.sequencer.irq_drop_seq_h] Exiting sequence
UVM_INFO /workspace/ibex/dv/uvm/tests/core_ibex_seq_lib.sv(39) @ 20941000: uvm_test_top.env.irq_agent.sequencer@@irq_single_seq_h [uvm_test_top.env.irq_agent.sequencer.irq_single_seq_h] Starting sequence...
UVM_INFO /workspace/ibex/dv/uvm/tests/core_ibex_seq_lib.sv(51) @ 20943000: uvm_test_top.env.irq_agent.sequencer@@irq_single_seq_h [uvm_test_top.env.irq_agent.sequencer.irq_single_seq_h] Exiting sequence
UVM_INFO /workspace/ibex/dv/uvm/tests/core_ibex_test_lib.sv(229) @ 20945000: uvm_test_top [uvm_test_top] irq: 0b1000000000000000000000000000000
"/workspace/ibex/rtl/ibex_load_store_unit.sv", 487: core_ibex_tb_top.dut.u_ibex_core.load_store_unit_i.IbexDataOffsetKnown: started at 227810000ps failed at 227810000ps
	Offending '(!$isunknown(data_offset))'
UVM_ERROR /workspace/ibex/shared/rtl/prim_assert.sv(21) @ 22781000: reporter [ASSERT FAILED] [core_ibex_tb_top.dut.u_ibex_core.load_store_unit_i.IbexDataOffsetKnown] IbexDataOffsetKnown: !$isunknown(data_offset) (/workspace/ibex/rtl/ibex_load_store_unit.sv:487)
"/workspace/ibex/rtl/ibex_cs_registers.sv", 1040: core_ibex_tb_top.dut.u_ibex_core.cs_registers_i.IbexCsrWdataIntKnown: started at 227810000ps failed at 227810000ps
	Offending '(!$isunknown(csr_wdata_int))'
UVM_ERROR /workspace/ibex/shared/rtl/prim_assert.sv(21) @ 22781000: reporter [ASSERT FAILED] [core_ibex_tb_top.dut.u_ibex_core.cs_registers_i.IbexCsrWdataIntKnown] IbexCsrWdataIntKnown: !$isunknown(csr_wdata_int) (/workspace/ibex/rtl/ibex_cs_registers.sv:1040)
UVM_INFO /workspace/ibex/dv/uvm/tests/core_ibex_seq_lib.sv(39) @ 22893000: uvm_test_top.env.irq_agent.sequencer@@irq_drop_seq_h [uvm_test_top.env.irq_agent.sequencer.irq_drop_seq_h] Starting sequence...
UVM_INFO /workspace/ibex/dv/uvm/tests/core_ibex_seq_lib.sv(51) @ 22893000: uvm_test_top.env.irq_agent.sequencer@@irq_drop_seq_h [uvm_test_top.env.irq_agent.sequencer.irq_drop_seq_h] Exiting sequence
UVM_INFO /workspace/ibex/dv/uvm/tests/core_ibex_seq_lib.sv(39) @ 24079000: uvm_test_top.env.irq_agent.sequencer@@irq_single_seq_h [uvm_test_top.env.irq_agent.sequencer.irq_single_seq_h] Starting sequence...
UVM_INFO /workspace/ibex/dv/uvm/tests/core_ibex_seq_lib.sv(51) @ 24081000: uvm_test_top.env.irq_agent.sequencer@@irq_single_seq_h [uvm_test_top.env.irq_agent.sequencer.irq_single_seq_h] Exiting sequence
UVM_INFO /workspace/ibex/dv/uvm/tests/core_ibex_seq_lib.sv(39) @ 24083000: uvm_test_top.env.irq_agent.sequencer@@irq_drop_seq_h [uvm_test_top.env.irq_agent.sequencer.irq_drop_seq_h] Starting sequence...
UVM_INFO /workspace/ibex/dv/uvm/tests/core_ibex_seq_lib.sv(51) @ 24083000: uvm_test_top.env.irq_agent.sequencer@@irq_drop_seq_h [uvm_test_top.env.irq_agent.sequencer.irq_drop_seq_h] Exiting sequence
UVM_INFO /workspace/ibex/dv/uvm/tests/core_ibex_seq_lib.sv(39) @ 24941000: uvm_test_top.env.irq_agent.sequencer@@irq_single_seq_h [uvm_test_top.env.irq_agent.sequencer.irq_single_seq_h] Starting sequence...
UVM_INFO /workspace/ibex/dv/uvm/tests/core_ibex_seq_lib.sv(51) @ 24943000: uvm_test_top.env.irq_agent.sequencer@@irq_single_seq_h [uvm_test_top.env.irq_agent.sequencer.irq_single_seq_h] Exiting sequence
UVM_INFO /workspace/ibex/dv/uvm/tests/core_ibex_test_lib.sv(229) @ 24945000: uvm_test_top [uvm_test_top] irq: 0b10000000000000000
"/workspace/ibex/rtl/ibex_load_store_unit.sv", 487: core_ibex_tb_top.dut.u_ibex_core.load_store_unit_i.IbexDataOffsetKnown: started at 266810000ps failed at 266810000ps
	Offending '(!$isunknown(data_offset))'
UVM_ERROR /workspace/ibex/shared/rtl/prim_assert.sv(21) @ 26681000: reporter [ASSERT FAILED] [core_ibex_tb_top.dut.u_ibex_core.load_store_unit_i.IbexDataOffsetKnown] IbexDataOffsetKnown: !$isunknown(data_offset) (/workspace/ibex/rtl/ibex_load_store_unit.sv:487)
"/workspace/ibex/rtl/ibex_cs_registers.sv", 1040: core_ibex_tb_top.dut.u_ibex_core.cs_registers_i.IbexCsrWdataIntKnown: started at 266810000ps failed at 266810000ps
	Offending '(!$isunknown(csr_wdata_int))'
UVM_ERROR /workspace/ibex/shared/rtl/prim_assert.sv(21) @ 26681000: reporter [ASSERT FAILED] [core_ibex_tb_top.dut.u_ibex_core.cs_registers_i.IbexCsrWdataIntKnown] IbexCsrWdataIntKnown: !$isunknown(csr_wdata_int) (/workspace/ibex/rtl/ibex_cs_registers.sv:1040)
"/workspace/ibex/rtl/ibex_load_store_unit.sv", 487: core_ibex_tb_top.dut.u_ibex_core.load_store_unit_i.IbexDataOffsetKnown: started at 266830000ps failed at 266830000ps
	Offending '(!$isunknown(data_offset))'
UVM_ERROR /workspace/ibex/shared/rtl/prim_assert.sv(21) @ 26683000: reporter [ASSERT FAILED] [core_ibex_tb_top.dut.u_ibex_core.load_store_unit_i.IbexDataOffsetKnown] IbexDataOffsetKnown: !$isunknown(data_offset) (/workspace/ibex/rtl/ibex_load_store_unit.sv:487)
"/workspace/ibex/rtl/ibex_cs_registers.sv", 1040: core_ibex_tb_top.dut.u_ibex_core.cs_registers_i.IbexCsrWdataIntKnown: started at 266830000ps failed at 266830000ps
	Offending '(!$isunknown(csr_wdata_int))'
UVM_ERROR /workspace/ibex/shared/rtl/prim_assert.sv(21) @ 26683000: reporter [ASSERT FAILED] [core_ibex_tb_top.dut.u_ibex_core.cs_registers_i.IbexCsrWdataIntKnown] IbexCsrWdataIntKnown: !$isunknown(csr_wdata_int) (/workspace/ibex/rtl/ibex_cs_registers.sv:1040)
"/workspace/ibex/rtl/ibex_load_store_unit.sv", 487: core_ibex_tb_top.dut.u_ibex_core.load_store_unit_i.IbexDataOffsetKnown: started at 266850000ps failed at 266850000ps
	Offending '(!$isunknown(data_offset))'
UVM_ERROR /workspace/ibex/shared/rtl/prim_assert.sv(21) @ 26685000: reporter [ASSERT FAILED] [core_ibex_tb_top.dut.u_ibex_core.load_store_unit_i.IbexDataOffsetKnown] IbexDataOffsetKnown: !$isunknown(data_offset) (/workspace/ibex/rtl/ibex_load_store_unit.sv:487)
"/workspace/ibex/rtl/ibex_cs_registers.sv", 1040: core_ibex_tb_top.dut.u_ibex_core.cs_registers_i.IbexCsrWdataIntKnown: started at 266850000ps failed at 266850000ps
	Offending '(!$isunknown(csr_wdata_int))'
UVM_ERROR /workspace/ibex/shared/rtl/prim_assert.sv(21) @ 26685000: reporter [ASSERT FAILED] [core_ibex_tb_top.dut.u_ibex_core.cs_registers_i.IbexCsrWdataIntKnown] IbexCsrWdataIntKnown: !$isunknown(csr_wdata_int) (/workspace/ibex/rtl/ibex_cs_registers.sv:1040)
"/workspace/ibex/rtl/ibex_load_store_unit.sv", 487: core_ibex_tb_top.dut.u_ibex_core.load_store_unit_i.IbexDataOffsetKnown: started at 266870000ps failed at 266870000ps
	Offending '(!$isunknown(data_offset))'
UVM_ERROR /workspace/ibex/shared/rtl/prim_assert.sv(21) @ 26687000: reporter [ASSERT FAILED] [core_ibex_tb_top.dut.u_ibex_core.load_store_unit_i.IbexDataOffsetKnown] IbexDataOffsetKnown: !$isunknown(data_offset) (/workspace/ibex/rtl/ibex_load_store_unit.sv:487)
"/workspace/ibex/rtl/ibex_cs_registers.sv", 1040: core_ibex_tb_top.dut.u_ibex_core.cs_registers_i.IbexCsrWdataIntKnown: started at 266870000ps failed at 266870000ps
	Offending '(!$isunknown(csr_wdata_int))'
UVM_ERROR /workspace/ibex/shared/rtl/prim_assert.sv(21) @ 26687000: reporter [ASSERT FAILED] [core_ibex_tb_top.dut.u_ibex_core.cs_registers_i.IbexCsrWdataIntKnown] IbexCsrWdataIntKnown: !$isunknown(csr_wdata_int) (/workspace/ibex/rtl/ibex_cs_registers.sv:1040)
"/workspace/ibex/rtl/ibex_load_store_unit.sv", 487: core_ibex_tb_top.dut.u_ibex_core.load_store_unit_i.IbexDataOffsetKnown: started at 266890000ps failed at 266890000ps
	Offending '(!$isunknown(data_offset))'
UVM_ERROR /workspace/ibex/shared/rtl/prim_assert.sv(21) @ 26689000: reporter [ASSERT FAILED] [core_ibex_tb_top.dut.u_ibex_core.load_store_unit_i.IbexDataOffsetKnown] IbexDataOffsetKnown: !$isunknown(data_offset) (/workspace/ibex/rtl/ibex_load_store_unit.sv:487)
"/workspace/ibex/rtl/ibex_cs_registers.sv", 1040: core_ibex_tb_top.dut.u_ibex_core.cs_registers_i.IbexCsrWdataIntKnown: started at 266890000ps failed at 266890000ps
	Offending '(!$isunknown(csr_wdata_int))'
UVM_ERROR /workspace/ibex/shared/rtl/prim_assert.sv(21) @ 26689000: reporter [ASSERT FAILED] [core_ibex_tb_top.dut.u_ibex_core.cs_registers_i.IbexCsrWdataIntKnown] IbexCsrWdataIntKnown: !$isunknown(csr_wdata_int) (/workspace/ibex/rtl/ibex_cs_registers.sv:1040)
"/workspace/ibex/rtl/ibex_load_store_unit.sv", 487: core_ibex_tb_top.dut.u_ibex_core.load_store_unit_i.IbexDataOffsetKnown: started at 266910000ps failed at 266910000ps
	Offending '(!$isunknown(data_offset))'
UVM_ERROR /workspace/ibex/shared/rtl/prim_assert.sv(21) @ 26691000: reporter [ASSERT FAILED] [core_ibex_tb_top.dut.u_ibex_core.load_store_unit_i.IbexDataOffsetKnown] IbexDataOffsetKnown: !$isunknown(data_offset) (/workspace/ibex/rtl/ibex_load_store_unit.sv:487)
"/workspace/ibex/rtl/ibex_cs_registers.sv", 1040: core_ibex_tb_top.dut.u_ibex_core.cs_registers_i.IbexCsrWdataIntKnown: started at 266910000ps failed at 266910000ps
	Offending '(!$isunknown(csr_wdata_int))'
UVM_ERROR /workspace/ibex/shared/rtl/prim_assert.sv(21) @ 26691000: reporter [ASSERT FAILED] [core_ibex_tb_top.dut.u_ibex_core.cs_registers_i.IbexCsrWdataIntKnown] IbexCsrWdataIntKnown: !$isunknown(csr_wdata_int) (/workspace/ibex/rtl/ibex_cs_registers.sv:1040)
UVM_INFO /workspace/ibex/dv/uvm/tests/core_ibex_seq_lib.sv(39) @ 26779000: uvm_test_top.env.irq_agent.sequencer@@irq_drop_seq_h [uvm_test_top.env.irq_agent.sequencer.irq_drop_seq_h] Starting sequence...
UVM_INFO /workspace/ibex/dv/uvm/tests/core_ibex_seq_lib.sv(51) @ 26779000: uvm_test_top.env.irq_agent.sequencer@@irq_drop_seq_h [uvm_test_top.env.irq_agent.sequencer.irq_drop_seq_h] Exiting sequence
UVM_INFO /workspace/ibex/dv/uvm/tests/core_ibex_seq_lib.sv(39) @ 28527000: uvm_test_top.env.irq_agent.sequencer@@irq_single_seq_h [uvm_test_top.env.irq_agent.sequencer.irq_single_seq_h] Starting sequence...
UVM_INFO /workspace/ibex/dv/uvm/tests/core_ibex_seq_lib.sv(51) @ 28529000: uvm_test_top.env.irq_agent.sequencer@@irq_single_seq_h [uvm_test_top.env.irq_agent.sequencer.irq_single_seq_h] Exiting sequence
UVM_INFO /workspace/ibex/dv/uvm/tests/core_ibex_seq_lib.sv(39) @ 28531000: uvm_test_top.env.irq_agent.sequencer@@irq_drop_seq_h [uvm_test_top.env.irq_agent.sequencer.irq_drop_seq_h] Starting sequence...
UVM_INFO /workspace/ibex/dv/uvm/tests/core_ibex_seq_lib.sv(51) @ 28533000: uvm_test_top.env.irq_agent.sequencer@@irq_drop_seq_h [uvm_test_top.env.irq_agent.sequencer.irq_drop_seq_h] Exiting sequence
UVM_INFO /workspace/ibex/dv/uvm/tests/core_ibex_seq_lib.sv(39) @ 28885000: uvm_test_top.env.irq_agent.sequencer@@irq_single_seq_h [uvm_test_top.env.irq_agent.sequencer.irq_single_seq_h] Starting sequence...
UVM_INFO /workspace/ibex/dv/uvm/tests/core_ibex_seq_lib.sv(51) @ 28887000: uvm_test_top.env.irq_agent.sequencer@@irq_single_seq_h [uvm_test_top.env.irq_agent.sequencer.irq_single_seq_h] Exiting sequence
UVM_INFO /workspace/ibex/dv/uvm/tests/core_ibex_test_lib.sv(229) @ 28889000: uvm_test_top [uvm_test_top] irq: 0b100000000000000000
"/workspace/ibex/rtl/ibex_load_store_unit.sv", 487: core_ibex_tb_top.dut.u_ibex_core.load_store_unit_i.IbexDataOffsetKnown: started at 306470000ps failed at 306470000ps
	Offending '(!$isunknown(data_offset))'
UVM_ERROR /workspace/ibex/shared/rtl/prim_assert.sv(21) @ 30647000: reporter [ASSERT FAILED] [core_ibex_tb_top.dut.u_ibex_core.load_store_unit_i.IbexDataOffsetKnown] IbexDataOffsetKnown: !$isunknown(data_offset) (/workspace/ibex/rtl/ibex_load_store_unit.sv:487)
"/workspace/ibex/rtl/ibex_cs_registers.sv", 1040: core_ibex_tb_top.dut.u_ibex_core.cs_registers_i.IbexCsrWdataIntKnown: started at 306470000ps failed at 306470000ps
	Offending '(!$isunknown(csr_wdata_int))'
UVM_ERROR /workspace/ibex/shared/rtl/prim_assert.sv(21) @ 30647000: reporter [ASSERT FAILED] [core_ibex_tb_top.dut.u_ibex_core.cs_registers_i.IbexCsrWdataIntKnown] IbexCsrWdataIntKnown: !$isunknown(csr_wdata_int) (/workspace/ibex/rtl/ibex_cs_registers.sv:1040)
"/workspace/ibex/rtl/ibex_load_store_unit.sv", 487: core_ibex_tb_top.dut.u_ibex_core.load_store_unit_i.IbexDataOffsetKnown: started at 306490000ps failed at 306490000ps
	Offending '(!$isunknown(data_offset))'
UVM_ERROR /workspace/ibex/shared/rtl/prim_assert.sv(21) @ 30649000: reporter [ASSERT FAILED] [core_ibex_tb_top.dut.u_ibex_core.load_store_unit_i.IbexDataOffsetKnown] IbexDataOffsetKnown: !$isunknown(data_offset) (/workspace/ibex/rtl/ibex_load_store_unit.sv:487)
"/workspace/ibex/rtl/ibex_cs_registers.sv", 1040: core_ibex_tb_top.dut.u_ibex_core.cs_registers_i.IbexCsrWdataIntKnown: started at 306490000ps failed at 306490000ps
	Offending '(!$isunknown(csr_wdata_int))'
UVM_ERROR /workspace/ibex/shared/rtl/prim_assert.sv(21) @ 30649000: reporter [ASSERT FAILED] [core_ibex_tb_top.dut.u_ibex_core.cs_registers_i.IbexCsrWdataIntKnown] IbexCsrWdataIntKnown: !$isunknown(csr_wdata_int) (/workspace/ibex/rtl/ibex_cs_registers.sv:1040)
"/workspace/ibex/rtl/ibex_load_store_unit.sv", 487: core_ibex_tb_top.dut.u_ibex_core.load_store_unit_i.IbexDataOffsetKnown: started at 306510000ps failed at 306510000ps
	Offending '(!$isunknown(data_offset))'
UVM_ERROR /workspace/ibex/shared/rtl/prim_assert.sv(21) @ 30651000: reporter [ASSERT FAILED] [core_ibex_tb_top.dut.u_ibex_core.load_store_unit_i.IbexDataOffsetKnown] IbexDataOffsetKnown: !$isunknown(data_offset) (/workspace/ibex/rtl/ibex_load_store_unit.sv:487)
"/workspace/ibex/rtl/ibex_cs_registers.sv", 1040: core_ibex_tb_top.dut.u_ibex_core.cs_registers_i.IbexCsrWdataIntKnown: started at 306510000ps failed at 306510000ps
	Offending '(!$isunknown(csr_wdata_int))'
UVM_ERROR /workspace/ibex/shared/rtl/prim_assert.sv(21) @ 30651000: reporter [ASSERT FAILED] [core_ibex_tb_top.dut.u_ibex_core.cs_registers_i.IbexCsrWdataIntKnown] IbexCsrWdataIntKnown: !$isunknown(csr_wdata_int) (/workspace/ibex/rtl/ibex_cs_registers.sv:1040)
"/workspace/ibex/rtl/ibex_load_store_unit.sv", 487: core_ibex_tb_top.dut.u_ibex_core.load_store_unit_i.IbexDataOffsetKnown: started at 306530000ps failed at 306530000ps
	Offending '(!$isunknown(data_offset))'
UVM_ERROR /workspace/ibex/shared/rtl/prim_assert.sv(21) @ 30653000: reporter [ASSERT FAILED] [core_ibex_tb_top.dut.u_ibex_core.load_store_unit_i.IbexDataOffsetKnown] IbexDataOffsetKnown: !$isunknown(data_offset) (/workspace/ibex/rtl/ibex_load_store_unit.sv:487)
"/workspace/ibex/rtl/ibex_cs_registers.sv", 1040: core_ibex_tb_top.dut.u_ibex_core.cs_registers_i.IbexCsrWdataIntKnown: started at 306530000ps failed at 306530000ps
	Offending '(!$isunknown(csr_wdata_int))'
UVM_ERROR /workspace/ibex/shared/rtl/prim_assert.sv(21) @ 30653000: reporter [ASSERT FAILED] [core_ibex_tb_top.dut.u_ibex_core.cs_registers_i.IbexCsrWdataIntKnown] IbexCsrWdataIntKnown: !$isunknown(csr_wdata_int) (/workspace/ibex/rtl/ibex_cs_registers.sv:1040)
"/workspace/ibex/rtl/ibex_load_store_unit.sv", 487: core_ibex_tb_top.dut.u_ibex_core.load_store_unit_i.IbexDataOffsetKnown: started at 306550000ps failed at 306550000ps
	Offending '(!$isunknown(data_offset))'
UVM_ERROR /workspace/ibex/shared/rtl/prim_assert.sv(21) @ 30655000: reporter [ASSERT FAILED] [core_ibex_tb_top.dut.u_ibex_core.load_store_unit_i.IbexDataOffsetKnown] IbexDataOffsetKnown: !$isunknown(data_offset) (/workspace/ibex/rtl/ibex_load_store_unit.sv:487)
"/workspace/ibex/rtl/ibex_cs_registers.sv", 1040: core_ibex_tb_top.dut.u_ibex_core.cs_registers_i.IbexCsrWdataIntKnown: started at 306550000ps failed at 306550000ps
	Offending '(!$isunknown(csr_wdata_int))'
UVM_ERROR /workspace/ibex/shared/rtl/prim_assert.sv(21) @ 30655000: reporter [ASSERT FAILED] [core_ibex_tb_top.dut.u_ibex_core.cs_registers_i.IbexCsrWdataIntKnown] IbexCsrWdataIntKnown: !$isunknown(csr_wdata_int) (/workspace/ibex/rtl/ibex_cs_registers.sv:1040)
"/workspace/ibex/rtl/ibex_load_store_unit.sv", 487: core_ibex_tb_top.dut.u_ibex_core.load_store_unit_i.IbexDataOffsetKnown: started at 306570000ps failed at 306570000ps
	Offending '(!$isunknown(data_offset))'
UVM_ERROR /workspace/ibex/shared/rtl/prim_assert.sv(21) @ 30657000: reporter [ASSERT FAILED] [core_ibex_tb_top.dut.u_ibex_core.load_store_unit_i.IbexDataOffsetKnown] IbexDataOffsetKnown: !$isunknown(data_offset) (/workspace/ibex/rtl/ibex_load_store_unit.sv:487)
"/workspace/ibex/rtl/ibex_cs_registers.sv", 1040: core_ibex_tb_top.dut.u_ibex_core.cs_registers_i.IbexCsrWdataIntKnown: started at 306570000ps failed at 306570000ps
	Offending '(!$isunknown(csr_wdata_int))'
UVM_ERROR /workspace/ibex/shared/rtl/prim_assert.sv(21) @ 30657000: reporter [ASSERT FAILED] [core_ibex_tb_top.dut.u_ibex_core.cs_registers_i.IbexCsrWdataIntKnown] IbexCsrWdataIntKnown: !$isunknown(csr_wdata_int) (/workspace/ibex/rtl/ibex_cs_registers.sv:1040)
"/workspace/ibex/rtl/ibex_load_store_unit.sv", 487: core_ibex_tb_top.dut.u_ibex_core.load_store_unit_i.IbexDataOffsetKnown: started at 306590000ps failed at 306590000ps
	Offending '(!$isunknown(data_offset))'
UVM_ERROR /workspace/ibex/shared/rtl/prim_assert.sv(21) @ 30659000: reporter [ASSERT FAILED] [core_ibex_tb_top.dut.u_ibex_core.load_store_unit_i.IbexDataOffsetKnown] IbexDataOffsetKnown: !$isunknown(data_offset) (/workspace/ibex/rtl/ibex_load_store_unit.sv:487)
"/workspace/ibex/rtl/ibex_cs_registers.sv", 1040: core_ibex_tb_top.dut.u_ibex_core.cs_registers_i.IbexCsrWdataIntKnown: started at 306590000ps failed at 306590000ps
	Offending '(!$isunknown(csr_wdata_int))'
UVM_ERROR /workspace/ibex/shared/rtl/prim_assert.sv(21) @ 30659000: reporter [ASSERT FAILED] [core_ibex_tb_top.dut.u_ibex_core.cs_registers_i.IbexCsrWdataIntKnown] IbexCsrWdataIntKnown: !$isunknown(csr_wdata_int) (/workspace/ibex/rtl/ibex_cs_registers.sv:1040)
"/workspace/ibex/rtl/ibex_load_store_unit.sv", 487: core_ibex_tb_top.dut.u_ibex_core.load_store_unit_i.IbexDataOffsetKnown: started at 306610000ps failed at 306610000ps
	Offending '(!$isunknown(data_offset))'
UVM_ERROR /workspace/ibex/shared/rtl/prim_assert.sv(21) @ 30661000: reporter [ASSERT FAILED] [core_ibex_tb_top.dut.u_ibex_core.load_store_unit_i.IbexDataOffsetKnown] IbexDataOffsetKnown: !$isunknown(data_offset) (/workspace/ibex/rtl/ibex_load_store_unit.sv:487)
"/workspace/ibex/rtl/ibex_cs_registers.sv", 1040: core_ibex_tb_top.dut.u_ibex_core.cs_registers_i.IbexCsrWdataIntKnown: started at 306610000ps failed at 306610000ps
	Offending '(!$isunknown(csr_wdata_int))'
UVM_ERROR /workspace/ibex/shared/rtl/prim_assert.sv(21) @ 30661000: reporter [ASSERT FAILED] [core_ibex_tb_top.dut.u_ibex_core.cs_registers_i.IbexCsrWdataIntKnown] IbexCsrWdataIntKnown: !$isunknown(csr_wdata_int) (/workspace/ibex/rtl/ibex_cs_registers.sv:1040)
"/workspace/ibex/rtl/ibex_load_store_unit.sv", 487: core_ibex_tb_top.dut.u_ibex_core.load_store_unit_i.IbexDataOffsetKnown: started at 306630000ps failed at 306630000ps
	Offending '(!$isunknown(data_offset))'
UVM_ERROR /workspace/ibex/shared/rtl/prim_assert.sv(21) @ 30663000: reporter [ASSERT FAILED] [core_ibex_tb_top.dut.u_ibex_core.load_store_unit_i.IbexDataOffsetKnown] IbexDataOffsetKnown: !$isunknown(data_offset) (/workspace/ibex/rtl/ibex_load_store_unit.sv:487)
"/workspace/ibex/rtl/ibex_cs_registers.sv", 1040: core_ibex_tb_top.dut.u_ibex_core.cs_registers_i.IbexCsrWdataIntKnown: started at 306630000ps failed at 306630000ps
	Offending '(!$isunknown(csr_wdata_int))'
UVM_ERROR /workspace/ibex/shared/rtl/prim_assert.sv(21) @ 30663000: reporter [ASSERT FAILED] [core_ibex_tb_top.dut.u_ibex_core.cs_registers_i.IbexCsrWdataIntKnown] IbexCsrWdataIntKnown: !$isunknown(csr_wdata_int) (/workspace/ibex/rtl/ibex_cs_registers.sv:1040)
"/workspace/ibex/rtl/ibex_load_store_unit.sv", 487: core_ibex_tb_top.dut.u_ibex_core.load_store_unit_i.IbexDataOffsetKnown: started at 306650000ps failed at 306650000ps
	Offending '(!$isunknown(data_offset))'
UVM_ERROR /workspace/ibex/shared/rtl/prim_assert.sv(21) @ 30665000: reporter [ASSERT FAILED] [core_ibex_tb_top.dut.u_ibex_core.load_store_unit_i.IbexDataOffsetKnown] IbexDataOffsetKnown: !$isunknown(data_offset) (/workspace/ibex/rtl/ibex_load_store_unit.sv:487)
"/workspace/ibex/rtl/ibex_cs_registers.sv", 1040: core_ibex_tb_top.dut.u_ibex_core.cs_registers_i.IbexCsrWdataIntKnown: started at 306650000ps failed at 306650000ps
	Offending '(!$isunknown(csr_wdata_int))'
UVM_ERROR /workspace/ibex/shared/rtl/prim_assert.sv(21) @ 30665000: reporter [ASSERT FAILED] [core_ibex_tb_top.dut.u_ibex_core.cs_registers_i.IbexCsrWdataIntKnown] IbexCsrWdataIntKnown: !$isunknown(csr_wdata_int) (/workspace/ibex/rtl/ibex_cs_registers.sv:1040)
"/workspace/ibex/rtl/ibex_load_store_unit.sv", 487: core_ibex_tb_top.dut.u_ibex_core.load_store_unit_i.IbexDataOffsetKnown: started at 306670000ps failed at 306670000ps
	Offending '(!$isunknown(data_offset))'
UVM_ERROR /workspace/ibex/shared/rtl/prim_assert.sv(21) @ 30667000: reporter [ASSERT FAILED] [core_ibex_tb_top.dut.u_ibex_core.load_store_unit_i.IbexDataOffsetKnown] IbexDataOffsetKnown: !$isunknown(data_offset) (/workspace/ibex/rtl/ibex_load_store_unit.sv:487)
"/workspace/ibex/rtl/ibex_cs_registers.sv", 1040: core_ibex_tb_top.dut.u_ibex_core.cs_registers_i.IbexCsrWdataIntKnown: started at 306670000ps failed at 306670000ps
	Offending '(!$isunknown(csr_wdata_int))'
UVM_ERROR /workspace/ibex/shared/rtl/prim_assert.sv(21) @ 30667000: reporter [ASSERT FAILED] [core_ibex_tb_top.dut.u_ibex_core.cs_registers_i.IbexCsrWdataIntKnown] IbexCsrWdataIntKnown: !$isunknown(csr_wdata_int) (/workspace/ibex/rtl/ibex_cs_registers.sv:1040)
"/workspace/ibex/rtl/ibex_load_store_unit.sv", 487: core_ibex_tb_top.dut.u_ibex_core.load_store_unit_i.IbexDataOffsetKnown: started at 306690000ps failed at 306690000ps
	Offending '(!$isunknown(data_offset))'
UVM_ERROR /workspace/ibex/shared/rtl/prim_assert.sv(21) @ 30669000: reporter [ASSERT FAILED] [core_ibex_tb_top.dut.u_ibex_core.load_store_unit_i.IbexDataOffsetKnown] IbexDataOffsetKnown: !$isunknown(data_offset) (/workspace/ibex/rtl/ibex_load_store_unit.sv:487)
"/workspace/ibex/rtl/ibex_cs_registers.sv", 1040: core_ibex_tb_top.dut.u_ibex_core.cs_registers_i.IbexCsrWdataIntKnown: started at 306690000ps failed at 306690000ps
	Offending '(!$isunknown(csr_wdata_int))'
UVM_ERROR /workspace/ibex/shared/rtl/prim_assert.sv(21) @ 30669000: reporter [ASSERT FAILED] [core_ibex_tb_top.dut.u_ibex_core.cs_registers_i.IbexCsrWdataIntKnown] IbexCsrWdataIntKnown: !$isunknown(csr_wdata_int) (/workspace/ibex/rtl/ibex_cs_registers.sv:1040)
"/workspace/ibex/rtl/ibex_load_store_unit.sv", 487: core_ibex_tb_top.dut.u_ibex_core.load_store_unit_i.IbexDataOffsetKnown: started at 306710000ps failed at 306710000ps
	Offending '(!$isunknown(data_offset))'
UVM_ERROR /workspace/ibex/shared/rtl/prim_assert.sv(21) @ 30671000: reporter [ASSERT FAILED] [core_ibex_tb_top.dut.u_ibex_core.load_store_unit_i.IbexDataOffsetKnown] IbexDataOffsetKnown: !$isunknown(data_offset) (/workspace/ibex/rtl/ibex_load_store_unit.sv:487)
"/workspace/ibex/rtl/ibex_cs_registers.sv", 1040: core_ibex_tb_top.dut.u_ibex_core.cs_registers_i.IbexCsrWdataIntKnown: started at 306710000ps failed at 306710000ps
	Offending '(!$isunknown(csr_wdata_int))'
UVM_ERROR /workspace/ibex/shared/rtl/prim_assert.sv(21) @ 30671000: reporter [ASSERT FAILED] [core_ibex_tb_top.dut.u_ibex_core.cs_registers_i.IbexCsrWdataIntKnown] IbexCsrWdataIntKnown: !$isunknown(csr_wdata_int) (/workspace/ibex/rtl/ibex_cs_registers.sv:1040)
"/workspace/ibex/rtl/ibex_load_store_unit.sv", 487: core_ibex_tb_top.dut.u_ibex_core.load_store_unit_i.IbexDataOffsetKnown: started at 306730000ps failed at 306730000ps
	Offending '(!$isunknown(data_offset))'
UVM_ERROR /workspace/ibex/shared/rtl/prim_assert.sv(21) @ 30673000: reporter [ASSERT FAILED] [core_ibex_tb_top.dut.u_ibex_core.load_store_unit_i.IbexDataOffsetKnown] IbexDataOffsetKnown: !$isunknown(data_offset) (/workspace/ibex/rtl/ibex_load_store_unit.sv:487)
"/workspace/ibex/rtl/ibex_cs_registers.sv", 1040: core_ibex_tb_top.dut.u_ibex_core.cs_registers_i.IbexCsrWdataIntKnown: started at 306730000ps failed at 306730000ps
	Offending '(!$isunknown(csr_wdata_int))'
UVM_ERROR /workspace/ibex/shared/rtl/prim_assert.sv(21) @ 30673000: reporter [ASSERT FAILED] [core_ibex_tb_top.dut.u_ibex_core.cs_registers_i.IbexCsrWdataIntKnown] IbexCsrWdataIntKnown: !$isunknown(csr_wdata_int) (/workspace/ibex/rtl/ibex_cs_registers.sv:1040)
"/workspace/ibex/rtl/ibex_load_store_unit.sv", 487: core_ibex_tb_top.dut.u_ibex_core.load_store_unit_i.IbexDataOffsetKnown: started at 306750000ps failed at 306750000ps
	Offending '(!$isunknown(data_offset))'
UVM_ERROR /workspace/ibex/shared/rtl/prim_assert.sv(21) @ 30675000: reporter [ASSERT FAILED] [core_ibex_tb_top.dut.u_ibex_core.load_store_unit_i.IbexDataOffsetKnown] IbexDataOffsetKnown: !$isunknown(data_offset) (/workspace/ibex/rtl/ibex_load_store_unit.sv:487)
"/workspace/ibex/rtl/ibex_cs_registers.sv", 1040: core_ibex_tb_top.dut.u_ibex_core.cs_registers_i.IbexCsrWdataIntKnown: started at 306750000ps failed at 306750000ps
	Offending '(!$isunknown(csr_wdata_int))'
UVM_ERROR /workspace/ibex/shared/rtl/prim_assert.sv(21) @ 30675000: reporter [ASSERT FAILED] [core_ibex_tb_top.dut.u_ibex_core.cs_registers_i.IbexCsrWdataIntKnown] IbexCsrWdataIntKnown: !$isunknown(csr_wdata_int) (/workspace/ibex/rtl/ibex_cs_registers.sv:1040)
UVM_INFO /workspace/ibex/dv/uvm/tests/core_ibex_seq_lib.sv(39) @ 30735000: uvm_test_top.env.irq_agent.sequencer@@irq_drop_seq_h [uvm_test_top.env.irq_agent.sequencer.irq_drop_seq_h] Starting sequence...
UVM_INFO /workspace/ibex/dv/uvm/tests/core_ibex_seq_lib.sv(51) @ 30735000: uvm_test_top.env.irq_agent.sequencer@@irq_drop_seq_h [uvm_test_top.env.irq_agent.sequencer.irq_drop_seq_h] Exiting sequence
UVM_INFO /workspace/ibex/dv/uvm/tests/core_ibex_seq_lib.sv(39) @ 32111000: uvm_test_top.env.irq_agent.sequencer@@irq_single_seq_h [uvm_test_top.env.irq_agent.sequencer.irq_single_seq_h] Starting sequence...
UVM_INFO /workspace/ibex/dv/uvm/tests/core_ibex_seq_lib.sv(51) @ 32113000: uvm_test_top.env.irq_agent.sequencer@@irq_single_seq_h [uvm_test_top.env.irq_agent.sequencer.irq_single_seq_h] Exiting sequence
UVM_INFO /workspace/ibex/dv/uvm/tests/core_ibex_test_lib.sv(229) @ 32115000: uvm_test_top [uvm_test_top] irq: 0b1000000000000000000
"/workspace/ibex/rtl/ibex_load_store_unit.sv", 487: core_ibex_tb_top.dut.u_ibex_core.load_store_unit_i.IbexDataOffsetKnown: started at 338490000ps failed at 338490000ps
	Offending '(!$isunknown(data_offset))'
UVM_ERROR /workspace/ibex/shared/rtl/prim_assert.sv(21) @ 33849000: reporter [ASSERT FAILED] [core_ibex_tb_top.dut.u_ibex_core.load_store_unit_i.IbexDataOffsetKnown] IbexDataOffsetKnown: !$isunknown(data_offset) (/workspace/ibex/rtl/ibex_load_store_unit.sv:487)
"/workspace/ibex/rtl/ibex_cs_registers.sv", 1040: core_ibex_tb_top.dut.u_ibex_core.cs_registers_i.IbexCsrWdataIntKnown: started at 338490000ps failed at 338490000ps
	Offending '(!$isunknown(csr_wdata_int))'
UVM_ERROR /workspace/ibex/shared/rtl/prim_assert.sv(21) @ 33849000: reporter [ASSERT FAILED] [core_ibex_tb_top.dut.u_ibex_core.cs_registers_i.IbexCsrWdataIntKnown] IbexCsrWdataIntKnown: !$isunknown(csr_wdata_int) (/workspace/ibex/rtl/ibex_cs_registers.sv:1040)
"/workspace/ibex/rtl/ibex_load_store_unit.sv", 487: core_ibex_tb_top.dut.u_ibex_core.load_store_unit_i.IbexDataOffsetKnown: started at 338510000ps failed at 338510000ps
	Offending '(!$isunknown(data_offset))'
UVM_ERROR /workspace/ibex/shared/rtl/prim_assert.sv(21) @ 33851000: reporter [ASSERT FAILED] [core_ibex_tb_top.dut.u_ibex_core.load_store_unit_i.IbexDataOffsetKnown] IbexDataOffsetKnown: !$isunknown(data_offset) (/workspace/ibex/rtl/ibex_load_store_unit.sv:487)
"/workspace/ibex/rtl/ibex_cs_registers.sv", 1040: core_ibex_tb_top.dut.u_ibex_core.cs_registers_i.IbexCsrWdataIntKnown: started at 338510000ps failed at 338510000ps
	Offending '(!$isunknown(csr_wdata_int))'
UVM_ERROR /workspace/ibex/shared/rtl/prim_assert.sv(21) @ 33851000: reporter [ASSERT FAILED] [core_ibex_tb_top.dut.u_ibex_core.cs_registers_i.IbexCsrWdataIntKnown] IbexCsrWdataIntKnown: !$isunknown(csr_wdata_int) (/workspace/ibex/rtl/ibex_cs_registers.sv:1040)
"/workspace/ibex/rtl/ibex_load_store_unit.sv", 487: core_ibex_tb_top.dut.u_ibex_core.load_store_unit_i.IbexDataOffsetKnown: started at 338530000ps failed at 338530000ps
	Offending '(!$isunknown(data_offset))'
UVM_ERROR /workspace/ibex/shared/rtl/prim_assert.sv(21) @ 33853000: reporter [ASSERT FAILED] [core_ibex_tb_top.dut.u_ibex_core.load_store_unit_i.IbexDataOffsetKnown] IbexDataOffsetKnown: !$isunknown(data_offset) (/workspace/ibex/rtl/ibex_load_store_unit.sv:487)
"/workspace/ibex/rtl/ibex_cs_registers.sv", 1040: core_ibex_tb_top.dut.u_ibex_core.cs_registers_i.IbexCsrWdataIntKnown: started at 338530000ps failed at 338530000ps
	Offending '(!$isunknown(csr_wdata_int))'
UVM_ERROR /workspace/ibex/shared/rtl/prim_assert.sv(21) @ 33853000: reporter [ASSERT FAILED] [core_ibex_tb_top.dut.u_ibex_core.cs_registers_i.IbexCsrWdataIntKnown] IbexCsrWdataIntKnown: !$isunknown(csr_wdata_int) (/workspace/ibex/rtl/ibex_cs_registers.sv:1040)
"/workspace/ibex/rtl/ibex_load_store_unit.sv", 487: core_ibex_tb_top.dut.u_ibex_core.load_store_unit_i.IbexDataOffsetKnown: started at 338550000ps failed at 338550000ps
	Offending '(!$isunknown(data_offset))'
UVM_ERROR /workspace/ibex/shared/rtl/prim_assert.sv(21) @ 33855000: reporter [ASSERT FAILED] [core_ibex_tb_top.dut.u_ibex_core.load_store_unit_i.IbexDataOffsetKnown] IbexDataOffsetKnown: !$isunknown(data_offset) (/workspace/ibex/rtl/ibex_load_store_unit.sv:487)
"/workspace/ibex/rtl/ibex_cs_registers.sv", 1040: core_ibex_tb_top.dut.u_ibex_core.cs_registers_i.IbexCsrWdataIntKnown: started at 338550000ps failed at 338550000ps
	Offending '(!$isunknown(csr_wdata_int))'
UVM_ERROR /workspace/ibex/shared/rtl/prim_assert.sv(21) @ 33855000: reporter [ASSERT FAILED] [core_ibex_tb_top.dut.u_ibex_core.cs_registers_i.IbexCsrWdataIntKnown] IbexCsrWdataIntKnown: !$isunknown(csr_wdata_int) (/workspace/ibex/rtl/ibex_cs_registers.sv:1040)
UVM_INFO /workspace/ibex/dv/uvm/tests/core_ibex_seq_lib.sv(39) @ 33959000: uvm_test_top.env.irq_agent.sequencer@@irq_drop_seq_h [uvm_test_top.env.irq_agent.sequencer.irq_drop_seq_h] Starting sequence...
UVM_INFO /workspace/ibex/dv/uvm/tests/core_ibex_seq_lib.sv(51) @ 33959000: uvm_test_top.env.irq_agent.sequencer@@irq_drop_seq_h [uvm_test_top.env.irq_agent.sequencer.irq_drop_seq_h] Exiting sequence
UVM_INFO /workspace/ibex/dv/uvm/tests/core_ibex_seq_lib.sv(39) @ 35741000: uvm_test_top.env.irq_agent.sequencer@@irq_single_seq_h [uvm_test_top.env.irq_agent.sequencer.irq_single_seq_h] Starting sequence...
UVM_INFO /workspace/ibex/dv/uvm/tests/core_ibex_seq_lib.sv(51) @ 35743000: uvm_test_top.env.irq_agent.sequencer@@irq_single_seq_h [uvm_test_top.env.irq_agent.sequencer.irq_single_seq_h] Exiting sequence
UVM_INFO /workspace/ibex/dv/uvm/tests/core_ibex_seq_lib.sv(39) @ 35745000: uvm_test_top.env.irq_agent.sequencer@@irq_drop_seq_h [uvm_test_top.env.irq_agent.sequencer.irq_drop_seq_h] Starting sequence...
UVM_INFO /workspace/ibex/dv/uvm/tests/core_ibex_seq_lib.sv(51) @ 35745000: uvm_test_top.env.irq_agent.sequencer@@irq_drop_seq_h [uvm_test_top.env.irq_agent.sequencer.irq_drop_seq_h] Exiting sequence
UVM_INFO /workspace/ibex/dv/uvm/tests/core_ibex_seq_lib.sv(39) @ 36131000: uvm_test_top.env.irq_agent.sequencer@@irq_single_seq_h [uvm_test_top.env.irq_agent.sequencer.irq_single_seq_h] Starting sequence...
UVM_INFO /workspace/ibex/dv/uvm/tests/core_ibex_seq_lib.sv(51) @ 36133000: uvm_test_top.env.irq_agent.sequencer@@irq_single_seq_h [uvm_test_top.env.irq_agent.sequencer.irq_single_seq_h] Exiting sequence
UVM_INFO /workspace/ibex/dv/uvm/tests/core_ibex_test_lib.sv(229) @ 36135000: uvm_test_top [uvm_test_top] irq: 0b10000000000000000000000000000000
"/workspace/ibex/rtl/ibex_load_store_unit.sv", 487: core_ibex_tb_top.dut.u_ibex_core.load_store_unit_i.IbexDataOffsetKnown: started at 379630000ps failed at 379630000ps
	Offending '(!$isunknown(data_offset))'
UVM_ERROR /workspace/ibex/shared/rtl/prim_assert.sv(21) @ 37963000: reporter [ASSERT FAILED] [core_ibex_tb_top.dut.u_ibex_core.load_store_unit_i.IbexDataOffsetKnown] IbexDataOffsetKnown: !$isunknown(data_offset) (/workspace/ibex/rtl/ibex_load_store_unit.sv:487)
"/workspace/ibex/rtl/ibex_cs_registers.sv", 1040: core_ibex_tb_top.dut.u_ibex_core.cs_registers_i.IbexCsrWdataIntKnown: started at 379630000ps failed at 379630000ps
	Offending '(!$isunknown(csr_wdata_int))'
UVM_ERROR /workspace/ibex/shared/rtl/prim_assert.sv(21) @ 37963000: reporter [ASSERT FAILED] [core_ibex_tb_top.dut.u_ibex_core.cs_registers_i.IbexCsrWdataIntKnown] IbexCsrWdataIntKnown: !$isunknown(csr_wdata_int) (/workspace/ibex/rtl/ibex_cs_registers.sv:1040)
"/workspace/ibex/rtl/ibex_load_store_unit.sv", 487: core_ibex_tb_top.dut.u_ibex_core.load_store_unit_i.IbexDataOffsetKnown: started at 379650000ps failed at 379650000ps
	Offending '(!$isunknown(data_offset))'
UVM_ERROR /workspace/ibex/shared/rtl/prim_assert.sv(21) @ 37965000: reporter [ASSERT FAILED] [core_ibex_tb_top.dut.u_ibex_core.load_store_unit_i.IbexDataOffsetKnown] IbexDataOffsetKnown: !$isunknown(data_offset) (/workspace/ibex/rtl/ibex_load_store_unit.sv:487)
"/workspace/ibex/rtl/ibex_cs_registers.sv", 1040: core_ibex_tb_top.dut.u_ibex_core.cs_registers_i.IbexCsrWdataIntKnown: started at 379650000ps failed at 379650000ps
	Offending '(!$isunknown(csr_wdata_int))'
UVM_ERROR /workspace/ibex/shared/rtl/prim_assert.sv(21) @ 37965000: reporter [ASSERT FAILED] [core_ibex_tb_top.dut.u_ibex_core.cs_registers_i.IbexCsrWdataIntKnown] IbexCsrWdataIntKnown: !$isunknown(csr_wdata_int) (/workspace/ibex/rtl/ibex_cs_registers.sv:1040)
"/workspace/ibex/rtl/ibex_load_store_unit.sv", 487: core_ibex_tb_top.dut.u_ibex_core.load_store_unit_i.IbexDataOffsetKnown: started at 379670000ps failed at 379670000ps
	Offending '(!$isunknown(data_offset))'
UVM_ERROR /workspace/ibex/shared/rtl/prim_assert.sv(21) @ 37967000: reporter [ASSERT FAILED] [core_ibex_tb_top.dut.u_ibex_core.load_store_unit_i.IbexDataOffsetKnown] IbexDataOffsetKnown: !$isunknown(data_offset) (/workspace/ibex/rtl/ibex_load_store_unit.sv:487)
"/workspace/ibex/rtl/ibex_cs_registers.sv", 1040: core_ibex_tb_top.dut.u_ibex_core.cs_registers_i.IbexCsrWdataIntKnown: started at 379670000ps failed at 379670000ps
	Offending '(!$isunknown(csr_wdata_int))'
UVM_ERROR /workspace/ibex/shared/rtl/prim_assert.sv(21) @ 37967000: reporter [ASSERT FAILED] [core_ibex_tb_top.dut.u_ibex_core.cs_registers_i.IbexCsrWdataIntKnown] IbexCsrWdataIntKnown: !$isunknown(csr_wdata_int) (/workspace/ibex/rtl/ibex_cs_registers.sv:1040)
"/workspace/ibex/rtl/ibex_load_store_unit.sv", 487: core_ibex_tb_top.dut.u_ibex_core.load_store_unit_i.IbexDataOffsetKnown: started at 379690000ps failed at 379690000ps
	Offending '(!$isunknown(data_offset))'
UVM_ERROR /workspace/ibex/shared/rtl/prim_assert.sv(21) @ 37969000: reporter [ASSERT FAILED] [core_ibex_tb_top.dut.u_ibex_core.load_store_unit_i.IbexDataOffsetKnown] IbexDataOffsetKnown: !$isunknown(data_offset) (/workspace/ibex/rtl/ibex_load_store_unit.sv:487)
"/workspace/ibex/rtl/ibex_cs_registers.sv", 1040: core_ibex_tb_top.dut.u_ibex_core.cs_registers_i.IbexCsrWdataIntKnown: started at 379690000ps failed at 379690000ps
	Offending '(!$isunknown(csr_wdata_int))'
UVM_ERROR /workspace/ibex/shared/rtl/prim_assert.sv(21) @ 37969000: reporter [ASSERT FAILED] [core_ibex_tb_top.dut.u_ibex_core.cs_registers_i.IbexCsrWdataIntKnown] IbexCsrWdataIntKnown: !$isunknown(csr_wdata_int) (/workspace/ibex/rtl/ibex_cs_registers.sv:1040)
"/workspace/ibex/rtl/ibex_load_store_unit.sv", 487: core_ibex_tb_top.dut.u_ibex_core.load_store_unit_i.IbexDataOffsetKnown: started at 379710000ps failed at 379710000ps
	Offending '(!$isunknown(data_offset))'
UVM_ERROR /workspace/ibex/shared/rtl/prim_assert.sv(21) @ 37971000: reporter [ASSERT FAILED] [core_ibex_tb_top.dut.u_ibex_core.load_store_unit_i.IbexDataOffsetKnown] IbexDataOffsetKnown: !$isunknown(data_offset) (/workspace/ibex/rtl/ibex_load_store_unit.sv:487)
"/workspace/ibex/rtl/ibex_cs_registers.sv", 1040: core_ibex_tb_top.dut.u_ibex_core.cs_registers_i.IbexCsrWdataIntKnown: started at 379710000ps failed at 379710000ps
	Offending '(!$isunknown(csr_wdata_int))'
UVM_ERROR /workspace/ibex/shared/rtl/prim_assert.sv(21) @ 37971000: reporter [ASSERT FAILED] [core_ibex_tb_top.dut.u_ibex_core.cs_registers_i.IbexCsrWdataIntKnown] IbexCsrWdataIntKnown: !$isunknown(csr_wdata_int) (/workspace/ibex/rtl/ibex_cs_registers.sv:1040)
"/workspace/ibex/rtl/ibex_load_store_unit.sv", 487: core_ibex_tb_top.dut.u_ibex_core.load_store_unit_i.IbexDataOffsetKnown: started at 379730000ps failed at 379730000ps
	Offending '(!$isunknown(data_offset))'
UVM_ERROR /workspace/ibex/shared/rtl/prim_assert.sv(21) @ 37973000: reporter [ASSERT FAILED] [core_ibex_tb_top.dut.u_ibex_core.load_store_unit_i.IbexDataOffsetKnown] IbexDataOffsetKnown: !$isunknown(data_offset) (/workspace/ibex/rtl/ibex_load_store_unit.sv:487)
"/workspace/ibex/rtl/ibex_cs_registers.sv", 1040: core_ibex_tb_top.dut.u_ibex_core.cs_registers_i.IbexCsrWdataIntKnown: started at 379730000ps failed at 379730000ps
	Offending '(!$isunknown(csr_wdata_int))'
UVM_ERROR /workspace/ibex/shared/rtl/prim_assert.sv(21) @ 37973000: reporter [ASSERT FAILED] [core_ibex_tb_top.dut.u_ibex_core.cs_registers_i.IbexCsrWdataIntKnown] IbexCsrWdataIntKnown: !$isunknown(csr_wdata_int) (/workspace/ibex/rtl/ibex_cs_registers.sv:1040)
"/workspace/ibex/rtl/ibex_load_store_unit.sv", 487: core_ibex_tb_top.dut.u_ibex_core.load_store_unit_i.IbexDataOffsetKnown: started at 379750000ps failed at 379750000ps
	Offending '(!$isunknown(data_offset))'
UVM_ERROR /workspace/ibex/shared/rtl/prim_assert.sv(21) @ 37975000: reporter [ASSERT FAILED] [core_ibex_tb_top.dut.u_ibex_core.load_store_unit_i.IbexDataOffsetKnown] IbexDataOffsetKnown: !$isunknown(data_offset) (/workspace/ibex/rtl/ibex_load_store_unit.sv:487)
"/workspace/ibex/rtl/ibex_cs_registers.sv", 1040: core_ibex_tb_top.dut.u_ibex_core.cs_registers_i.IbexCsrWdataIntKnown: started at 379750000ps failed at 379750000ps
	Offending '(!$isunknown(csr_wdata_int))'
UVM_ERROR /workspace/ibex/shared/rtl/prim_assert.sv(21) @ 37975000: reporter [ASSERT FAILED] [core_ibex_tb_top.dut.u_ibex_core.cs_registers_i.IbexCsrWdataIntKnown] IbexCsrWdataIntKnown: !$isunknown(csr_wdata_int) (/workspace/ibex/rtl/ibex_cs_registers.sv:1040)
"/workspace/ibex/rtl/ibex_load_store_unit.sv", 487: core_ibex_tb_top.dut.u_ibex_core.load_store_unit_i.IbexDataOffsetKnown: started at 379770000ps failed at 379770000ps
	Offending '(!$isunknown(data_offset))'
UVM_ERROR /workspace/ibex/shared/rtl/prim_assert.sv(21) @ 37977000: reporter [ASSERT FAILED] [core_ibex_tb_top.dut.u_ibex_core.load_store_unit_i.IbexDataOffsetKnown] IbexDataOffsetKnown: !$isunknown(data_offset) (/workspace/ibex/rtl/ibex_load_store_unit.sv:487)
"/workspace/ibex/rtl/ibex_cs_registers.sv", 1040: core_ibex_tb_top.dut.u_ibex_core.cs_registers_i.IbexCsrWdataIntKnown: started at 379770000ps failed at 379770000ps
	Offending '(!$isunknown(csr_wdata_int))'
UVM_ERROR /workspace/ibex/shared/rtl/prim_assert.sv(21) @ 37977000: reporter [ASSERT FAILED] [core_ibex_tb_top.dut.u_ibex_core.cs_registers_i.IbexCsrWdataIntKnown] IbexCsrWdataIntKnown: !$isunknown(csr_wdata_int) (/workspace/ibex/rtl/ibex_cs_registers.sv:1040)
"/workspace/ibex/rtl/ibex_load_store_unit.sv", 487: core_ibex_tb_top.dut.u_ibex_core.load_store_unit_i.IbexDataOffsetKnown: started at 379790000ps failed at 379790000ps
	Offending '(!$isunknown(data_offset))'
UVM_ERROR /workspace/ibex/shared/rtl/prim_assert.sv(21) @ 37979000: reporter [ASSERT FAILED] [core_ibex_tb_top.dut.u_ibex_core.load_store_unit_i.IbexDataOffsetKnown] IbexDataOffsetKnown: !$isunknown(data_offset) (/workspace/ibex/rtl/ibex_load_store_unit.sv:487)
"/workspace/ibex/rtl/ibex_cs_registers.sv", 1040: core_ibex_tb_top.dut.u_ibex_core.cs_registers_i.IbexCsrWdataIntKnown: started at 379790000ps failed at 379790000ps
	Offending '(!$isunknown(csr_wdata_int))'
UVM_ERROR /workspace/ibex/shared/rtl/prim_assert.sv(21) @ 37979000: reporter [ASSERT FAILED] [core_ibex_tb_top.dut.u_ibex_core.cs_registers_i.IbexCsrWdataIntKnown] IbexCsrWdataIntKnown: !$isunknown(csr_wdata_int) (/workspace/ibex/rtl/ibex_cs_registers.sv:1040)
"/workspace/ibex/rtl/ibex_load_store_unit.sv", 487: core_ibex_tb_top.dut.u_ibex_core.load_store_unit_i.IbexDataOffsetKnown: started at 379810000ps failed at 379810000ps
	Offending '(!$isunknown(data_offset))'
UVM_ERROR /workspace/ibex/shared/rtl/prim_assert.sv(21) @ 37981000: reporter [ASSERT FAILED] [core_ibex_tb_top.dut.u_ibex_core.load_store_unit_i.IbexDataOffsetKnown] IbexDataOffsetKnown: !$isunknown(data_offset) (/workspace/ibex/rtl/ibex_load_store_unit.sv:487)
"/workspace/ibex/rtl/ibex_cs_registers.sv", 1040: core_ibex_tb_top.dut.u_ibex_core.cs_registers_i.IbexCsrWdataIntKnown: started at 379810000ps failed at 379810000ps
	Offending '(!$isunknown(csr_wdata_int))'
UVM_ERROR /workspace/ibex/shared/rtl/prim_assert.sv(21) @ 37981000: reporter [ASSERT FAILED] [core_ibex_tb_top.dut.u_ibex_core.cs_registers_i.IbexCsrWdataIntKnown] IbexCsrWdataIntKnown: !$isunknown(csr_wdata_int) (/workspace/ibex/rtl/ibex_cs_registers.sv:1040)
"/workspace/ibex/rtl/ibex_load_store_unit.sv", 487: core_ibex_tb_top.dut.u_ibex_core.load_store_unit_i.IbexDataOffsetKnown: started at 379830000ps failed at 379830000ps
	Offending '(!$isunknown(data_offset))'
UVM_ERROR /workspace/ibex/shared/rtl/prim_assert.sv(21) @ 37983000: reporter [ASSERT FAILED] [core_ibex_tb_top.dut.u_ibex_core.load_store_unit_i.IbexDataOffsetKnown] IbexDataOffsetKnown: !$isunknown(data_offset) (/workspace/ibex/rtl/ibex_load_store_unit.sv:487)
"/workspace/ibex/rtl/ibex_cs_registers.sv", 1040: core_ibex_tb_top.dut.u_ibex_core.cs_registers_i.IbexCsrWdataIntKnown: started at 379830000ps failed at 379830000ps
	Offending '(!$isunknown(csr_wdata_int))'
UVM_ERROR /workspace/ibex/shared/rtl/prim_assert.sv(21) @ 37983000: reporter [ASSERT FAILED] [core_ibex_tb_top.dut.u_ibex_core.cs_registers_i.IbexCsrWdataIntKnown] IbexCsrWdataIntKnown: !$isunknown(csr_wdata_int) (/workspace/ibex/rtl/ibex_cs_registers.sv:1040)
"/workspace/ibex/rtl/ibex_load_store_unit.sv", 487: core_ibex_tb_top.dut.u_ibex_core.load_store_unit_i.IbexDataOffsetKnown: started at 379850000ps failed at 379850000ps
	Offending '(!$isunknown(data_offset))'
UVM_ERROR /workspace/ibex/shared/rtl/prim_assert.sv(21) @ 37985000: reporter [ASSERT FAILED] [core_ibex_tb_top.dut.u_ibex_core.load_store_unit_i.IbexDataOffsetKnown] IbexDataOffsetKnown: !$isunknown(data_offset) (/workspace/ibex/rtl/ibex_load_store_unit.sv:487)
"/workspace/ibex/rtl/ibex_cs_registers.sv", 1040: core_ibex_tb_top.dut.u_ibex_core.cs_registers_i.IbexCsrWdataIntKnown: started at 379850000ps failed at 379850000ps
	Offending '(!$isunknown(csr_wdata_int))'
UVM_ERROR /workspace/ibex/shared/rtl/prim_assert.sv(21) @ 37985000: reporter [ASSERT FAILED] [core_ibex_tb_top.dut.u_ibex_core.cs_registers_i.IbexCsrWdataIntKnown] IbexCsrWdataIntKnown: !$isunknown(csr_wdata_int) (/workspace/ibex/rtl/ibex_cs_registers.sv:1040)
"/workspace/ibex/rtl/ibex_load_store_unit.sv", 487: core_ibex_tb_top.dut.u_ibex_core.load_store_unit_i.IbexDataOffsetKnown: started at 379870000ps failed at 379870000ps
	Offending '(!$isunknown(data_offset))'
UVM_ERROR /workspace/ibex/shared/rtl/prim_assert.sv(21) @ 37987000: reporter [ASSERT FAILED] [core_ibex_tb_top.dut.u_ibex_core.load_store_unit_i.IbexDataOffsetKnown] IbexDataOffsetKnown: !$isunknown(data_offset) (/workspace/ibex/rtl/ibex_load_store_unit.sv:487)
"/workspace/ibex/rtl/ibex_cs_registers.sv", 1040: core_ibex_tb_top.dut.u_ibex_core.cs_registers_i.IbexCsrWdataIntKnown: started at 379870000ps failed at 379870000ps
	Offending '(!$isunknown(csr_wdata_int))'
UVM_ERROR /workspace/ibex/shared/rtl/prim_assert.sv(21) @ 37987000: reporter [ASSERT FAILED] [core_ibex_tb_top.dut.u_ibex_core.cs_registers_i.IbexCsrWdataIntKnown] IbexCsrWdataIntKnown: !$isunknown(csr_wdata_int) (/workspace/ibex/rtl/ibex_cs_registers.sv:1040)
"/workspace/ibex/rtl/ibex_load_store_unit.sv", 487: core_ibex_tb_top.dut.u_ibex_core.load_store_unit_i.IbexDataOffsetKnown: started at 379890000ps failed at 379890000ps
	Offending '(!$isunknown(data_offset))'
UVM_ERROR /workspace/ibex/shared/rtl/prim_assert.sv(21) @ 37989000: reporter [ASSERT FAILED] [core_ibex_tb_top.dut.u_ibex_core.load_store_unit_i.IbexDataOffsetKnown] IbexDataOffsetKnown: !$isunknown(data_offset) (/workspace/ibex/rtl/ibex_load_store_unit.sv:487)
"/workspace/ibex/rtl/ibex_cs_registers.sv", 1040: core_ibex_tb_top.dut.u_ibex_core.cs_registers_i.IbexCsrWdataIntKnown: started at 379890000ps failed at 379890000ps
	Offending '(!$isunknown(csr_wdata_int))'
UVM_ERROR /workspace/ibex/shared/rtl/prim_assert.sv(21) @ 37989000: reporter [ASSERT FAILED] [core_ibex_tb_top.dut.u_ibex_core.cs_registers_i.IbexCsrWdataIntKnown] IbexCsrWdataIntKnown: !$isunknown(csr_wdata_int) (/workspace/ibex/rtl/ibex_cs_registers.sv:1040)
"/workspace/ibex/rtl/ibex_load_store_unit.sv", 487: core_ibex_tb_top.dut.u_ibex_core.load_store_unit_i.IbexDataOffsetKnown: started at 379910000ps failed at 379910000ps
	Offending '(!$isunknown(data_offset))'
UVM_ERROR /workspace/ibex/shared/rtl/prim_assert.sv(21) @ 37991000: reporter [ASSERT FAILED] [core_ibex_tb_top.dut.u_ibex_core.load_store_unit_i.IbexDataOffsetKnown] IbexDataOffsetKnown: !$isunknown(data_offset) (/workspace/ibex/rtl/ibex_load_store_unit.sv:487)
"/workspace/ibex/rtl/ibex_cs_registers.sv", 1040: core_ibex_tb_top.dut.u_ibex_core.cs_registers_i.IbexCsrWdataIntKnown: started at 379910000ps failed at 379910000ps
	Offending '(!$isunknown(csr_wdata_int))'
UVM_ERROR /workspace/ibex/shared/rtl/prim_assert.sv(21) @ 37991000: reporter [ASSERT FAILED] [core_ibex_tb_top.dut.u_ibex_core.cs_registers_i.IbexCsrWdataIntKnown] IbexCsrWdataIntKnown: !$isunknown(csr_wdata_int) (/workspace/ibex/rtl/ibex_cs_registers.sv:1040)
"/workspace/ibex/rtl/ibex_load_store_unit.sv", 487: core_ibex_tb_top.dut.u_ibex_core.load_store_unit_i.IbexDataOffsetKnown: started at 379930000ps failed at 379930000ps
	Offending '(!$isunknown(data_offset))'
UVM_ERROR /workspace/ibex/shared/rtl/prim_assert.sv(21) @ 37993000: reporter [ASSERT FAILED] [core_ibex_tb_top.dut.u_ibex_core.load_store_unit_i.IbexDataOffsetKnown] IbexDataOffsetKnown: !$isunknown(data_offset) (/workspace/ibex/rtl/ibex_load_store_unit.sv:487)
"/workspace/ibex/rtl/ibex_cs_registers.sv", 1040: core_ibex_tb_top.dut.u_ibex_core.cs_registers_i.IbexCsrWdataIntKnown: started at 379930000ps failed at 379930000ps
	Offending '(!$isunknown(csr_wdata_int))'
UVM_ERROR /workspace/ibex/shared/rtl/prim_assert.sv(21) @ 37993000: reporter [ASSERT FAILED] [core_ibex_tb_top.dut.u_ibex_core.cs_registers_i.IbexCsrWdataIntKnown] IbexCsrWdataIntKnown: !$isunknown(csr_wdata_int) (/workspace/ibex/rtl/ibex_cs_registers.sv:1040)
"/workspace/ibex/rtl/ibex_load_store_unit.sv", 487: core_ibex_tb_top.dut.u_ibex_core.load_store_unit_i.IbexDataOffsetKnown: started at 379950000ps failed at 379950000ps
	Offending '(!$isunknown(data_offset))'
UVM_ERROR /workspace/ibex/shared/rtl/prim_assert.sv(21) @ 37995000: reporter [ASSERT FAILED] [core_ibex_tb_top.dut.u_ibex_core.load_store_unit_i.IbexDataOffsetKnown] IbexDataOffsetKnown: !$isunknown(data_offset) (/workspace/ibex/rtl/ibex_load_store_unit.sv:487)
"/workspace/ibex/rtl/ibex_cs_registers.sv", 1040: core_ibex_tb_top.dut.u_ibex_core.cs_registers_i.IbexCsrWdataIntKnown: started at 379950000ps failed at 379950000ps
	Offending '(!$isunknown(csr_wdata_int))'
UVM_ERROR /workspace/ibex/shared/rtl/prim_assert.sv(21) @ 37995000: reporter [ASSERT FAILED] [core_ibex_tb_top.dut.u_ibex_core.cs_registers_i.IbexCsrWdataIntKnown] IbexCsrWdataIntKnown: !$isunknown(csr_wdata_int) (/workspace/ibex/rtl/ibex_cs_registers.sv:1040)
"/workspace/ibex/rtl/ibex_load_store_unit.sv", 487: core_ibex_tb_top.dut.u_ibex_core.load_store_unit_i.IbexDataOffsetKnown: started at 379970000ps failed at 379970000ps
	Offending '(!$isunknown(data_offset))'
UVM_ERROR /workspace/ibex/shared/rtl/prim_assert.sv(21) @ 37997000: reporter [ASSERT FAILED] [core_ibex_tb_top.dut.u_ibex_core.load_store_unit_i.IbexDataOffsetKnown] IbexDataOffsetKnown: !$isunknown(data_offset) (/workspace/ibex/rtl/ibex_load_store_unit.sv:487)
"/workspace/ibex/rtl/ibex_cs_registers.sv", 1040: core_ibex_tb_top.dut.u_ibex_core.cs_registers_i.IbexCsrWdataIntKnown: started at 379970000ps failed at 379970000ps
	Offending '(!$isunknown(csr_wdata_int))'
UVM_ERROR /workspace/ibex/shared/rtl/prim_assert.sv(21) @ 37997000: reporter [ASSERT FAILED] [core_ibex_tb_top.dut.u_ibex_core.cs_registers_i.IbexCsrWdataIntKnown] IbexCsrWdataIntKnown: !$isunknown(csr_wdata_int) (/workspace/ibex/rtl/ibex_cs_registers.sv:1040)
"/workspace/ibex/rtl/ibex_load_store_unit.sv", 487: core_ibex_tb_top.dut.u_ibex_core.load_store_unit_i.IbexDataOffsetKnown: started at 379990000ps failed at 379990000ps
	Offending '(!$isunknown(data_offset))'
UVM_ERROR /workspace/ibex/shared/rtl/prim_assert.sv(21) @ 37999000: reporter [ASSERT FAILED] [core_ibex_tb_top.dut.u_ibex_core.load_store_unit_i.IbexDataOffsetKnown] IbexDataOffsetKnown: !$isunknown(data_offset) (/workspace/ibex/rtl/ibex_load_store_unit.sv:487)
"/workspace/ibex/rtl/ibex_cs_registers.sv", 1040: core_ibex_tb_top.dut.u_ibex_core.cs_registers_i.IbexCsrWdataIntKnown: started at 379990000ps failed at 379990000ps
	Offending '(!$isunknown(csr_wdata_int))'
UVM_ERROR /workspace/ibex/shared/rtl/prim_assert.sv(21) @ 37999000: reporter [ASSERT FAILED] [core_ibex_tb_top.dut.u_ibex_core.cs_registers_i.IbexCsrWdataIntKnown] IbexCsrWdataIntKnown: !$isunknown(csr_wdata_int) (/workspace/ibex/rtl/ibex_cs_registers.sv:1040)
"/workspace/ibex/rtl/ibex_load_store_unit.sv", 487: core_ibex_tb_top.dut.u_ibex_core.load_store_unit_i.IbexDataOffsetKnown: started at 380010000ps failed at 380010000ps
	Offending '(!$isunknown(data_offset))'
UVM_ERROR /workspace/ibex/shared/rtl/prim_assert.sv(21) @ 38001000: reporter [ASSERT FAILED] [core_ibex_tb_top.dut.u_ibex_core.load_store_unit_i.IbexDataOffsetKnown] IbexDataOffsetKnown: !$isunknown(data_offset) (/workspace/ibex/rtl/ibex_load_store_unit.sv:487)
"/workspace/ibex/rtl/ibex_cs_registers.sv", 1040: core_ibex_tb_top.dut.u_ibex_core.cs_registers_i.IbexCsrWdataIntKnown: started at 380010000ps failed at 380010000ps
	Offending '(!$isunknown(csr_wdata_int))'
UVM_ERROR /workspace/ibex/shared/rtl/prim_assert.sv(21) @ 38001000: reporter [ASSERT FAILED] [core_ibex_tb_top.dut.u_ibex_core.cs_registers_i.IbexCsrWdataIntKnown] IbexCsrWdataIntKnown: !$isunknown(csr_wdata_int) (/workspace/ibex/rtl/ibex_cs_registers.sv:1040)
"/workspace/ibex/rtl/ibex_load_store_unit.sv", 487: core_ibex_tb_top.dut.u_ibex_core.load_store_unit_i.IbexDataOffsetKnown: started at 380030000ps failed at 380030000ps
	Offending '(!$isunknown(data_offset))'
UVM_ERROR /workspace/ibex/shared/rtl/prim_assert.sv(21) @ 38003000: reporter [ASSERT FAILED] [core_ibex_tb_top.dut.u_ibex_core.load_store_unit_i.IbexDataOffsetKnown] IbexDataOffsetKnown: !$isunknown(data_offset) (/workspace/ibex/rtl/ibex_load_store_unit.sv:487)
"/workspace/ibex/rtl/ibex_cs_registers.sv", 1040: core_ibex_tb_top.dut.u_ibex_core.cs_registers_i.IbexCsrWdataIntKnown: started at 380030000ps failed at 380030000ps
	Offending '(!$isunknown(csr_wdata_int))'
UVM_ERROR /workspace/ibex/shared/rtl/prim_assert.sv(21) @ 38003000: reporter [ASSERT FAILED] [core_ibex_tb_top.dut.u_ibex_core.cs_registers_i.IbexCsrWdataIntKnown] IbexCsrWdataIntKnown: !$isunknown(csr_wdata_int) (/workspace/ibex/rtl/ibex_cs_registers.sv:1040)
"/workspace/ibex/rtl/ibex_load_store_unit.sv", 487: core_ibex_tb_top.dut.u_ibex_core.load_store_unit_i.IbexDataOffsetKnown: started at 380050000ps failed at 380050000ps
	Offending '(!$isunknown(data_offset))'
UVM_ERROR /workspace/ibex/shared/rtl/prim_assert.sv(21) @ 38005000: reporter [ASSERT FAILED] [core_ibex_tb_top.dut.u_ibex_core.load_store_unit_i.IbexDataOffsetKnown] IbexDataOffsetKnown: !$isunknown(data_offset) (/workspace/ibex/rtl/ibex_load_store_unit.sv:487)
"/workspace/ibex/rtl/ibex_cs_registers.sv", 1040: core_ibex_tb_top.dut.u_ibex_core.cs_registers_i.IbexCsrWdataIntKnown: started at 380050000ps failed at 380050000ps
	Offending '(!$isunknown(csr_wdata_int))'
UVM_ERROR /workspace/ibex/shared/rtl/prim_assert.sv(21) @ 38005000: reporter [ASSERT FAILED] [core_ibex_tb_top.dut.u_ibex_core.cs_registers_i.IbexCsrWdataIntKnown] IbexCsrWdataIntKnown: !$isunknown(csr_wdata_int) (/workspace/ibex/rtl/ibex_cs_registers.sv:1040)
"/workspace/ibex/rtl/ibex_load_store_unit.sv", 487: core_ibex_tb_top.dut.u_ibex_core.load_store_unit_i.IbexDataOffsetKnown: started at 380070000ps failed at 380070000ps
	Offending '(!$isunknown(data_offset))'
UVM_ERROR /workspace/ibex/shared/rtl/prim_assert.sv(21) @ 38007000: reporter [ASSERT FAILED] [core_ibex_tb_top.dut.u_ibex_core.load_store_unit_i.IbexDataOffsetKnown] IbexDataOffsetKnown: !$isunknown(data_offset) (/workspace/ibex/rtl/ibex_load_store_unit.sv:487)
"/workspace/ibex/rtl/ibex_cs_registers.sv", 1040: core_ibex_tb_top.dut.u_ibex_core.cs_registers_i.IbexCsrWdataIntKnown: started at 380070000ps failed at 380070000ps
	Offending '(!$isunknown(csr_wdata_int))'
UVM_ERROR /workspace/ibex/shared/rtl/prim_assert.sv(21) @ 38007000: reporter [ASSERT FAILED] [core_ibex_tb_top.dut.u_ibex_core.cs_registers_i.IbexCsrWdataIntKnown] IbexCsrWdataIntKnown: !$isunknown(csr_wdata_int) (/workspace/ibex/rtl/ibex_cs_registers.sv:1040)
"/workspace/ibex/rtl/ibex_load_store_unit.sv", 487: core_ibex_tb_top.dut.u_ibex_core.load_store_unit_i.IbexDataOffsetKnown: started at 380090000ps failed at 380090000ps
	Offending '(!$isunknown(data_offset))'
UVM_ERROR /workspace/ibex/shared/rtl/prim_assert.sv(21) @ 38009000: reporter [ASSERT FAILED] [core_ibex_tb_top.dut.u_ibex_core.load_store_unit_i.IbexDataOffsetKnown] IbexDataOffsetKnown: !$isunknown(data_offset) (/workspace/ibex/rtl/ibex_load_store_unit.sv:487)
"/workspace/ibex/rtl/ibex_cs_registers.sv", 1040: core_ibex_tb_top.dut.u_ibex_core.cs_registers_i.IbexCsrWdataIntKnown: started at 380090000ps failed at 380090000ps
	Offending '(!$isunknown(csr_wdata_int))'
UVM_ERROR /workspace/ibex/shared/rtl/prim_assert.sv(21) @ 38009000: reporter [ASSERT FAILED] [core_ibex_tb_top.dut.u_ibex_core.cs_registers_i.IbexCsrWdataIntKnown] IbexCsrWdataIntKnown: !$isunknown(csr_wdata_int) (/workspace/ibex/rtl/ibex_cs_registers.sv:1040)
"/workspace/ibex/rtl/ibex_load_store_unit.sv", 487: core_ibex_tb_top.dut.u_ibex_core.load_store_unit_i.IbexDataOffsetKnown: started at 380110000ps failed at 380110000ps
	Offending '(!$isunknown(data_offset))'
UVM_ERROR /workspace/ibex/shared/rtl/prim_assert.sv(21) @ 38011000: reporter [ASSERT FAILED] [core_ibex_tb_top.dut.u_ibex_core.load_store_unit_i.IbexDataOffsetKnown] IbexDataOffsetKnown: !$isunknown(data_offset) (/workspace/ibex/rtl/ibex_load_store_unit.sv:487)
"/workspace/ibex/rtl/ibex_cs_registers.sv", 1040: core_ibex_tb_top.dut.u_ibex_core.cs_registers_i.IbexCsrWdataIntKnown: started at 380110000ps failed at 380110000ps
	Offending '(!$isunknown(csr_wdata_int))'
UVM_ERROR /workspace/ibex/shared/rtl/prim_assert.sv(21) @ 38011000: reporter [ASSERT FAILED] [core_ibex_tb_top.dut.u_ibex_core.cs_registers_i.IbexCsrWdataIntKnown] IbexCsrWdataIntKnown: !$isunknown(csr_wdata_int) (/workspace/ibex/rtl/ibex_cs_registers.sv:1040)
"/workspace/ibex/rtl/ibex_load_store_unit.sv", 487: core_ibex_tb_top.dut.u_ibex_core.load_store_unit_i.IbexDataOffsetKnown: started at 380130000ps failed at 380130000ps
	Offending '(!$isunknown(data_offset))'
UVM_ERROR /workspace/ibex/shared/rtl/prim_assert.sv(21) @ 38013000: reporter [ASSERT FAILED] [core_ibex_tb_top.dut.u_ibex_core.load_store_unit_i.IbexDataOffsetKnown] IbexDataOffsetKnown: !$isunknown(data_offset) (/workspace/ibex/rtl/ibex_load_store_unit.sv:487)
"/workspace/ibex/rtl/ibex_cs_registers.sv", 1040: core_ibex_tb_top.dut.u_ibex_core.cs_registers_i.IbexCsrWdataIntKnown: started at 380130000ps failed at 380130000ps
	Offending '(!$isunknown(csr_wdata_int))'
UVM_ERROR /workspace/ibex/shared/rtl/prim_assert.sv(21) @ 38013000: reporter [ASSERT FAILED] [core_ibex_tb_top.dut.u_ibex_core.cs_registers_i.IbexCsrWdataIntKnown] IbexCsrWdataIntKnown: !$isunknown(csr_wdata_int) (/workspace/ibex/rtl/ibex_cs_registers.sv:1040)
"/workspace/ibex/rtl/ibex_load_store_unit.sv", 487: core_ibex_tb_top.dut.u_ibex_core.load_store_unit_i.IbexDataOffsetKnown: started at 380150000ps failed at 380150000ps
	Offending '(!$isunknown(data_offset))'
UVM_ERROR /workspace/ibex/shared/rtl/prim_assert.sv(21) @ 38015000: reporter [ASSERT FAILED] [core_ibex_tb_top.dut.u_ibex_core.load_store_unit_i.IbexDataOffsetKnown] IbexDataOffsetKnown: !$isunknown(data_offset) (/workspace/ibex/rtl/ibex_load_store_unit.sv:487)
"/workspace/ibex/rtl/ibex_cs_registers.sv", 1040: core_ibex_tb_top.dut.u_ibex_core.cs_registers_i.IbexCsrWdataIntKnown: started at 380150000ps failed at 380150000ps
	Offending '(!$isunknown(csr_wdata_int))'
UVM_ERROR /workspace/ibex/shared/rtl/prim_assert.sv(21) @ 38015000: reporter [ASSERT FAILED] [core_ibex_tb_top.dut.u_ibex_core.cs_registers_i.IbexCsrWdataIntKnown] IbexCsrWdataIntKnown: !$isunknown(csr_wdata_int) (/workspace/ibex/rtl/ibex_cs_registers.sv:1040)
"/workspace/ibex/rtl/ibex_load_store_unit.sv", 487: core_ibex_tb_top.dut.u_ibex_core.load_store_unit_i.IbexDataOffsetKnown: started at 380170000ps failed at 380170000ps
	Offending '(!$isunknown(data_offset))'
UVM_ERROR /workspace/ibex/shared/rtl/prim_assert.sv(21) @ 38017000: reporter [ASSERT FAILED] [core_ibex_tb_top.dut.u_ibex_core.load_store_unit_i.IbexDataOffsetKnown] IbexDataOffsetKnown: !$isunknown(data_offset) (/workspace/ibex/rtl/ibex_load_store_unit.sv:487)
"/workspace/ibex/rtl/ibex_cs_registers.sv", 1040: core_ibex_tb_top.dut.u_ibex_core.cs_registers_i.IbexCsrWdataIntKnown: started at 380170000ps failed at 380170000ps
	Offending '(!$isunknown(csr_wdata_int))'
UVM_ERROR /workspace/ibex/shared/rtl/prim_assert.sv(21) @ 38017000: reporter [ASSERT FAILED] [core_ibex_tb_top.dut.u_ibex_core.cs_registers_i.IbexCsrWdataIntKnown] IbexCsrWdataIntKnown: !$isunknown(csr_wdata_int) (/workspace/ibex/rtl/ibex_cs_registers.sv:1040)
"/workspace/ibex/rtl/ibex_load_store_unit.sv", 487: core_ibex_tb_top.dut.u_ibex_core.load_store_unit_i.IbexDataOffsetKnown: started at 380190000ps failed at 380190000ps
	Offending '(!$isunknown(data_offset))'
UVM_ERROR /workspace/ibex/shared/rtl/prim_assert.sv(21) @ 38019000: reporter [ASSERT FAILED] [core_ibex_tb_top.dut.u_ibex_core.load_store_unit_i.IbexDataOffsetKnown] IbexDataOffsetKnown: !$isunknown(data_offset) (/workspace/ibex/rtl/ibex_load_store_unit.sv:487)
"/workspace/ibex/rtl/ibex_cs_registers.sv", 1040: core_ibex_tb_top.dut.u_ibex_core.cs_registers_i.IbexCsrWdataIntKnown: started at 380190000ps failed at 380190000ps
	Offending '(!$isunknown(csr_wdata_int))'
UVM_ERROR /workspace/ibex/shared/rtl/prim_assert.sv(21) @ 38019000: reporter [ASSERT FAILED] [core_ibex_tb_top.dut.u_ibex_core.cs_registers_i.IbexCsrWdataIntKnown] IbexCsrWdataIntKnown: !$isunknown(csr_wdata_int) (/workspace/ibex/rtl/ibex_cs_registers.sv:1040)
"/workspace/ibex/rtl/ibex_load_store_unit.sv", 487: core_ibex_tb_top.dut.u_ibex_core.load_store_unit_i.IbexDataOffsetKnown: started at 380210000ps failed at 380210000ps
	Offending '(!$isunknown(data_offset))'
UVM_ERROR /workspace/ibex/shared/rtl/prim_assert.sv(21) @ 38021000: reporter [ASSERT FAILED] [core_ibex_tb_top.dut.u_ibex_core.load_store_unit_i.IbexDataOffsetKnown] IbexDataOffsetKnown: !$isunknown(data_offset) (/workspace/ibex/rtl/ibex_load_store_unit.sv:487)
"/workspace/ibex/rtl/ibex_cs_registers.sv", 1040: core_ibex_tb_top.dut.u_ibex_core.cs_registers_i.IbexCsrWdataIntKnown: started at 380210000ps failed at 380210000ps
	Offending '(!$isunknown(csr_wdata_int))'
UVM_ERROR /workspace/ibex/shared/rtl/prim_assert.sv(21) @ 38021000: reporter [ASSERT FAILED] [core_ibex_tb_top.dut.u_ibex_core.cs_registers_i.IbexCsrWdataIntKnown] IbexCsrWdataIntKnown: !$isunknown(csr_wdata_int) (/workspace/ibex/rtl/ibex_cs_registers.sv:1040)
"/workspace/ibex/rtl/ibex_load_store_unit.sv", 487: core_ibex_tb_top.dut.u_ibex_core.load_store_unit_i.IbexDataOffsetKnown: started at 380230000ps failed at 380230000ps
	Offending '(!$isunknown(data_offset))'
UVM_ERROR /workspace/ibex/shared/rtl/prim_assert.sv(21) @ 38023000: reporter [ASSERT FAILED] [core_ibex_tb_top.dut.u_ibex_core.load_store_unit_i.IbexDataOffsetKnown] IbexDataOffsetKnown: !$isunknown(data_offset) (/workspace/ibex/rtl/ibex_load_store_unit.sv:487)
"/workspace/ibex/rtl/ibex_cs_registers.sv", 1040: core_ibex_tb_top.dut.u_ibex_core.cs_registers_i.IbexCsrWdataIntKnown: started at 380230000ps failed at 380230000ps
	Offending '(!$isunknown(csr_wdata_int))'
UVM_ERROR /workspace/ibex/shared/rtl/prim_assert.sv(21) @ 38023000: reporter [ASSERT FAILED] [core_ibex_tb_top.dut.u_ibex_core.cs_registers_i.IbexCsrWdataIntKnown] IbexCsrWdataIntKnown: !$isunknown(csr_wdata_int) (/workspace/ibex/rtl/ibex_cs_registers.sv:1040)
UVM_INFO /workspace/ibex/dv/uvm/tests/core_ibex_seq_lib.sv(39) @ 38093000: uvm_test_top.env.irq_agent.sequencer@@irq_drop_seq_h [uvm_test_top.env.irq_agent.sequencer.irq_drop_seq_h] Starting sequence...
UVM_INFO /workspace/ibex/dv/uvm/tests/core_ibex_seq_lib.sv(51) @ 38093000: uvm_test_top.env.irq_agent.sequencer@@irq_drop_seq_h [uvm_test_top.env.irq_agent.sequencer.irq_drop_seq_h] Exiting sequence
UVM_INFO /workspace/ibex/dv/uvm/tests/core_ibex_seq_lib.sv(39) @ 39479000: uvm_test_top.env.irq_agent.sequencer@@irq_single_seq_h [uvm_test_top.env.irq_agent.sequencer.irq_single_seq_h] Starting sequence...
UVM_INFO /workspace/ibex/dv/uvm/tests/core_ibex_seq_lib.sv(51) @ 39481000: uvm_test_top.env.irq_agent.sequencer@@irq_single_seq_h [uvm_test_top.env.irq_agent.sequencer.irq_single_seq_h] Exiting sequence
UVM_INFO /workspace/ibex/dv/uvm/tests/core_ibex_seq_lib.sv(39) @ 39483000: uvm_test_top.env.irq_agent.sequencer@@irq_drop_seq_h [uvm_test_top.env.irq_agent.sequencer.irq_drop_seq_h] Starting sequence...
UVM_INFO /workspace/ibex/dv/uvm/tests/core_ibex_seq_lib.sv(51) @ 39483000: uvm_test_top.env.irq_agent.sequencer@@irq_drop_seq_h [uvm_test_top.env.irq_agent.sequencer.irq_drop_seq_h] Exiting sequence
UVM_INFO /workspace/ibex/dv/uvm/tests/core_ibex_seq_lib.sv(39) @ 39725000: uvm_test_top.env.irq_agent.sequencer@@irq_single_seq_h [uvm_test_top.env.irq_agent.sequencer.irq_single_seq_h] Starting sequence...
UVM_INFO /workspace/ibex/dv/uvm/tests/core_ibex_seq_lib.sv(51) @ 39727000: uvm_test_top.env.irq_agent.sequencer@@irq_single_seq_h [uvm_test_top.env.irq_agent.sequencer.irq_single_seq_h] Exiting sequence
UVM_INFO /workspace/ibex/dv/uvm/tests/core_ibex_seq_lib.sv(39) @ 39729000: uvm_test_top.env.irq_agent.sequencer@@irq_drop_seq_h [uvm_test_top.env.irq_agent.sequencer.irq_drop_seq_h] Starting sequence...
UVM_INFO /workspace/ibex/dv/uvm/tests/core_ibex_seq_lib.sv(51) @ 39729000: uvm_test_top.env.irq_agent.sequencer@@irq_drop_seq_h [uvm_test_top.env.irq_agent.sequencer.irq_drop_seq_h] Exiting sequence
UVM_INFO /workspace/ibex/dv/uvm/tests/core_ibex_seq_lib.sv(39) @ 40099000: uvm_test_top.env.irq_agent.sequencer@@irq_single_seq_h [uvm_test_top.env.irq_agent.sequencer.irq_single_seq_h] Starting sequence...
UVM_INFO /workspace/ibex/dv/uvm/tests/core_ibex_seq_lib.sv(51) @ 40101000: uvm_test_top.env.irq_agent.sequencer@@irq_single_seq_h [uvm_test_top.env.irq_agent.sequencer.irq_single_seq_h] Exiting sequence
UVM_INFO /workspace/ibex/dv/uvm/tests/core_ibex_seq_lib.sv(39) @ 40103000: uvm_test_top.env.irq_agent.sequencer@@irq_drop_seq_h [uvm_test_top.env.irq_agent.sequencer.irq_drop_seq_h] Starting sequence...
UVM_INFO /workspace/ibex/dv/uvm/tests/core_ibex_seq_lib.sv(51) @ 40105000: uvm_test_top.env.irq_agent.sequencer@@irq_drop_seq_h [uvm_test_top.env.irq_agent.sequencer.irq_drop_seq_h] Exiting sequence
UVM_INFO /workspace/ibex/dv/uvm/tests/core_ibex_seq_lib.sv(39) @ 40271000: uvm_test_top.env.irq_agent.sequencer@@irq_single_seq_h [uvm_test_top.env.irq_agent.sequencer.irq_single_seq_h] Starting sequence...
UVM_INFO /workspace/ibex/dv/uvm/tests/core_ibex_seq_lib.sv(51) @ 40273000: uvm_test_top.env.irq_agent.sequencer@@irq_single_seq_h [uvm_test_top.env.irq_agent.sequencer.irq_single_seq_h] Exiting sequence
UVM_INFO /workspace/ibex/dv/uvm/tests/core_ibex_test_lib.sv(229) @ 40275000: uvm_test_top [uvm_test_top] irq: 0b10000000000000000
"/workspace/ibex/rtl/ibex_load_store_unit.sv", 487: core_ibex_tb_top.dut.u_ibex_core.load_store_unit_i.IbexDataOffsetKnown: started at 421410000ps failed at 421410000ps
	Offending '(!$isunknown(data_offset))'
UVM_ERROR /workspace/ibex/shared/rtl/prim_assert.sv(21) @ 42141000: reporter [ASSERT FAILED] [core_ibex_tb_top.dut.u_ibex_core.load_store_unit_i.IbexDataOffsetKnown] IbexDataOffsetKnown: !$isunknown(data_offset) (/workspace/ibex/rtl/ibex_load_store_unit.sv:487)
"/workspace/ibex/rtl/ibex_cs_registers.sv", 1040: core_ibex_tb_top.dut.u_ibex_core.cs_registers_i.IbexCsrWdataIntKnown: started at 421410000ps failed at 421410000ps
	Offending '(!$isunknown(csr_wdata_int))'
UVM_ERROR /workspace/ibex/shared/rtl/prim_assert.sv(21) @ 42141000: reporter [ASSERT FAILED] [core_ibex_tb_top.dut.u_ibex_core.cs_registers_i.IbexCsrWdataIntKnown] IbexCsrWdataIntKnown: !$isunknown(csr_wdata_int) (/workspace/ibex/rtl/ibex_cs_registers.sv:1040)
"/workspace/ibex/rtl/ibex_load_store_unit.sv", 487: core_ibex_tb_top.dut.u_ibex_core.load_store_unit_i.IbexDataOffsetKnown: started at 421430000ps failed at 421430000ps
	Offending '(!$isunknown(data_offset))'
UVM_ERROR /workspace/ibex/shared/rtl/prim_assert.sv(21) @ 42143000: reporter [ASSERT FAILED] [core_ibex_tb_top.dut.u_ibex_core.load_store_unit_i.IbexDataOffsetKnown] IbexDataOffsetKnown: !$isunknown(data_offset) (/workspace/ibex/rtl/ibex_load_store_unit.sv:487)
"/workspace/ibex/rtl/ibex_cs_registers.sv", 1040: core_ibex_tb_top.dut.u_ibex_core.cs_registers_i.IbexCsrWdataIntKnown: started at 421430000ps failed at 421430000ps
	Offending '(!$isunknown(csr_wdata_int))'
UVM_ERROR /workspace/ibex/shared/rtl/prim_assert.sv(21) @ 42143000: reporter [ASSERT FAILED] [core_ibex_tb_top.dut.u_ibex_core.cs_registers_i.IbexCsrWdataIntKnown] IbexCsrWdataIntKnown: !$isunknown(csr_wdata_int) (/workspace/ibex/rtl/ibex_cs_registers.sv:1040)
"/workspace/ibex/rtl/ibex_load_store_unit.sv", 487: core_ibex_tb_top.dut.u_ibex_core.load_store_unit_i.IbexDataOffsetKnown: started at 421450000ps failed at 421450000ps
	Offending '(!$isunknown(data_offset))'
UVM_ERROR /workspace/ibex/shared/rtl/prim_assert.sv(21) @ 42145000: reporter [ASSERT FAILED] [core_ibex_tb_top.dut.u_ibex_core.load_store_unit_i.IbexDataOffsetKnown] IbexDataOffsetKnown: !$isunknown(data_offset) (/workspace/ibex/rtl/ibex_load_store_unit.sv:487)
"/workspace/ibex/rtl/ibex_cs_registers.sv", 1040: core_ibex_tb_top.dut.u_ibex_core.cs_registers_i.IbexCsrWdataIntKnown: started at 421450000ps failed at 421450000ps
	Offending '(!$isunknown(csr_wdata_int))'
UVM_ERROR /workspace/ibex/shared/rtl/prim_assert.sv(21) @ 42145000: reporter [ASSERT FAILED] [core_ibex_tb_top.dut.u_ibex_core.cs_registers_i.IbexCsrWdataIntKnown] IbexCsrWdataIntKnown: !$isunknown(csr_wdata_int) (/workspace/ibex/rtl/ibex_cs_registers.sv:1040)
"/workspace/ibex/rtl/ibex_load_store_unit.sv", 487: core_ibex_tb_top.dut.u_ibex_core.load_store_unit_i.IbexDataOffsetKnown: started at 421470000ps failed at 421470000ps
	Offending '(!$isunknown(data_offset))'
UVM_ERROR /workspace/ibex/shared/rtl/prim_assert.sv(21) @ 42147000: reporter [ASSERT FAILED] [core_ibex_tb_top.dut.u_ibex_core.load_store_unit_i.IbexDataOffsetKnown] IbexDataOffsetKnown: !$isunknown(data_offset) (/workspace/ibex/rtl/ibex_load_store_unit.sv:487)
"/workspace/ibex/rtl/ibex_cs_registers.sv", 1040: core_ibex_tb_top.dut.u_ibex_core.cs_registers_i.IbexCsrWdataIntKnown: started at 421470000ps failed at 421470000ps
	Offending '(!$isunknown(csr_wdata_int))'
UVM_ERROR /workspace/ibex/shared/rtl/prim_assert.sv(21) @ 42147000: reporter [ASSERT FAILED] [core_ibex_tb_top.dut.u_ibex_core.cs_registers_i.IbexCsrWdataIntKnown] IbexCsrWdataIntKnown: !$isunknown(csr_wdata_int) (/workspace/ibex/rtl/ibex_cs_registers.sv:1040)
"/workspace/ibex/rtl/ibex_load_store_unit.sv", 487: core_ibex_tb_top.dut.u_ibex_core.load_store_unit_i.IbexDataOffsetKnown: started at 421490000ps failed at 421490000ps
	Offending '(!$isunknown(data_offset))'
UVM_ERROR /workspace/ibex/shared/rtl/prim_assert.sv(21) @ 42149000: reporter [ASSERT FAILED] [core_ibex_tb_top.dut.u_ibex_core.load_store_unit_i.IbexDataOffsetKnown] IbexDataOffsetKnown: !$isunknown(data_offset) (/workspace/ibex/rtl/ibex_load_store_unit.sv:487)
"/workspace/ibex/rtl/ibex_cs_registers.sv", 1040: core_ibex_tb_top.dut.u_ibex_core.cs_registers_i.IbexCsrWdataIntKnown: started at 421490000ps failed at 421490000ps
	Offending '(!$isunknown(csr_wdata_int))'
UVM_ERROR /workspace/ibex/shared/rtl/prim_assert.sv(21) @ 42149000: reporter [ASSERT FAILED] [core_ibex_tb_top.dut.u_ibex_core.cs_registers_i.IbexCsrWdataIntKnown] IbexCsrWdataIntKnown: !$isunknown(csr_wdata_int) (/workspace/ibex/rtl/ibex_cs_registers.sv:1040)
"/workspace/ibex/rtl/ibex_load_store_unit.sv", 487: core_ibex_tb_top.dut.u_ibex_core.load_store_unit_i.IbexDataOffsetKnown: started at 421510000ps failed at 421510000ps
	Offending '(!$isunknown(data_offset))'
UVM_ERROR /workspace/ibex/shared/rtl/prim_assert.sv(21) @ 42151000: reporter [ASSERT FAILED] [core_ibex_tb_top.dut.u_ibex_core.load_store_unit_i.IbexDataOffsetKnown] IbexDataOffsetKnown: !$isunknown(data_offset) (/workspace/ibex/rtl/ibex_load_store_unit.sv:487)
"/workspace/ibex/rtl/ibex_cs_registers.sv", 1040: core_ibex_tb_top.dut.u_ibex_core.cs_registers_i.IbexCsrWdataIntKnown: started at 421510000ps failed at 421510000ps
	Offending '(!$isunknown(csr_wdata_int))'
UVM_ERROR /workspace/ibex/shared/rtl/prim_assert.sv(21) @ 42151000: reporter [ASSERT FAILED] [core_ibex_tb_top.dut.u_ibex_core.cs_registers_i.IbexCsrWdataIntKnown] IbexCsrWdataIntKnown: !$isunknown(csr_wdata_int) (/workspace/ibex/rtl/ibex_cs_registers.sv:1040)
"/workspace/ibex/rtl/ibex_load_store_unit.sv", 487: core_ibex_tb_top.dut.u_ibex_core.load_store_unit_i.IbexDataOffsetKnown: started at 421530000ps failed at 421530000ps
	Offending '(!$isunknown(data_offset))'
UVM_ERROR /workspace/ibex/shared/rtl/prim_assert.sv(21) @ 42153000: reporter [ASSERT FAILED] [core_ibex_tb_top.dut.u_ibex_core.load_store_unit_i.IbexDataOffsetKnown] IbexDataOffsetKnown: !$isunknown(data_offset) (/workspace/ibex/rtl/ibex_load_store_unit.sv:487)
"/workspace/ibex/rtl/ibex_cs_registers.sv", 1040: core_ibex_tb_top.dut.u_ibex_core.cs_registers_i.IbexCsrWdataIntKnown: started at 421530000ps failed at 421530000ps
	Offending '(!$isunknown(csr_wdata_int))'
UVM_ERROR /workspace/ibex/shared/rtl/prim_assert.sv(21) @ 42153000: reporter [ASSERT FAILED] [core_ibex_tb_top.dut.u_ibex_core.cs_registers_i.IbexCsrWdataIntKnown] IbexCsrWdataIntKnown: !$isunknown(csr_wdata_int) (/workspace/ibex/rtl/ibex_cs_registers.sv:1040)
"/workspace/ibex/rtl/ibex_load_store_unit.sv", 487: core_ibex_tb_top.dut.u_ibex_core.load_store_unit_i.IbexDataOffsetKnown: started at 421550000ps failed at 421550000ps
	Offending '(!$isunknown(data_offset))'
UVM_ERROR /workspace/ibex/shared/rtl/prim_assert.sv(21) @ 42155000: reporter [ASSERT FAILED] [core_ibex_tb_top.dut.u_ibex_core.load_store_unit_i.IbexDataOffsetKnown] IbexDataOffsetKnown: !$isunknown(data_offset) (/workspace/ibex/rtl/ibex_load_store_unit.sv:487)
"/workspace/ibex/rtl/ibex_cs_registers.sv", 1040: core_ibex_tb_top.dut.u_ibex_core.cs_registers_i.IbexCsrWdataIntKnown: started at 421550000ps failed at 421550000ps
	Offending '(!$isunknown(csr_wdata_int))'
UVM_ERROR /workspace/ibex/shared/rtl/prim_assert.sv(21) @ 42155000: reporter [ASSERT FAILED] [core_ibex_tb_top.dut.u_ibex_core.cs_registers_i.IbexCsrWdataIntKnown] IbexCsrWdataIntKnown: !$isunknown(csr_wdata_int) (/workspace/ibex/rtl/ibex_cs_registers.sv:1040)
"/workspace/ibex/rtl/ibex_load_store_unit.sv", 487: core_ibex_tb_top.dut.u_ibex_core.load_store_unit_i.IbexDataOffsetKnown: started at 421570000ps failed at 421570000ps
	Offending '(!$isunknown(data_offset))'
UVM_ERROR /workspace/ibex/shared/rtl/prim_assert.sv(21) @ 42157000: reporter [ASSERT FAILED] [core_ibex_tb_top.dut.u_ibex_core.load_store_unit_i.IbexDataOffsetKnown] IbexDataOffsetKnown: !$isunknown(data_offset) (/workspace/ibex/rtl/ibex_load_store_unit.sv:487)
"/workspace/ibex/rtl/ibex_cs_registers.sv", 1040: core_ibex_tb_top.dut.u_ibex_core.cs_registers_i.IbexCsrWdataIntKnown: started at 421570000ps failed at 421570000ps
	Offending '(!$isunknown(csr_wdata_int))'
UVM_ERROR /workspace/ibex/shared/rtl/prim_assert.sv(21) @ 42157000: reporter [ASSERT FAILED] [core_ibex_tb_top.dut.u_ibex_core.cs_registers_i.IbexCsrWdataIntKnown] IbexCsrWdataIntKnown: !$isunknown(csr_wdata_int) (/workspace/ibex/rtl/ibex_cs_registers.sv:1040)
"/workspace/ibex/rtl/ibex_load_store_unit.sv", 487: core_ibex_tb_top.dut.u_ibex_core.load_store_unit_i.IbexDataOffsetKnown: started at 421590000ps failed at 421590000ps
	Offending '(!$isunknown(data_offset))'
UVM_ERROR /workspace/ibex/shared/rtl/prim_assert.sv(21) @ 42159000: reporter [ASSERT FAILED] [core_ibex_tb_top.dut.u_ibex_core.load_store_unit_i.IbexDataOffsetKnown] IbexDataOffsetKnown: !$isunknown(data_offset) (/workspace/ibex/rtl/ibex_load_store_unit.sv:487)
"/workspace/ibex/rtl/ibex_cs_registers.sv", 1040: core_ibex_tb_top.dut.u_ibex_core.cs_registers_i.IbexCsrWdataIntKnown: started at 421590000ps failed at 421590000ps
	Offending '(!$isunknown(csr_wdata_int))'
UVM_ERROR /workspace/ibex/shared/rtl/prim_assert.sv(21) @ 42159000: reporter [ASSERT FAILED] [core_ibex_tb_top.dut.u_ibex_core.cs_registers_i.IbexCsrWdataIntKnown] IbexCsrWdataIntKnown: !$isunknown(csr_wdata_int) (/workspace/ibex/rtl/ibex_cs_registers.sv:1040)
"/workspace/ibex/rtl/ibex_load_store_unit.sv", 487: core_ibex_tb_top.dut.u_ibex_core.load_store_unit_i.IbexDataOffsetKnown: started at 421610000ps failed at 421610000ps
	Offending '(!$isunknown(data_offset))'
UVM_ERROR /workspace/ibex/shared/rtl/prim_assert.sv(21) @ 42161000: reporter [ASSERT FAILED] [core_ibex_tb_top.dut.u_ibex_core.load_store_unit_i.IbexDataOffsetKnown] IbexDataOffsetKnown: !$isunknown(data_offset) (/workspace/ibex/rtl/ibex_load_store_unit.sv:487)
"/workspace/ibex/rtl/ibex_cs_registers.sv", 1040: core_ibex_tb_top.dut.u_ibex_core.cs_registers_i.IbexCsrWdataIntKnown: started at 421610000ps failed at 421610000ps
	Offending '(!$isunknown(csr_wdata_int))'
UVM_ERROR /workspace/ibex/shared/rtl/prim_assert.sv(21) @ 42161000: reporter [ASSERT FAILED] [core_ibex_tb_top.dut.u_ibex_core.cs_registers_i.IbexCsrWdataIntKnown] IbexCsrWdataIntKnown: !$isunknown(csr_wdata_int) (/workspace/ibex/rtl/ibex_cs_registers.sv:1040)
"/workspace/ibex/rtl/ibex_load_store_unit.sv", 487: core_ibex_tb_top.dut.u_ibex_core.load_store_unit_i.IbexDataOffsetKnown: started at 421630000ps failed at 421630000ps
	Offending '(!$isunknown(data_offset))'
UVM_ERROR /workspace/ibex/shared/rtl/prim_assert.sv(21) @ 42163000: reporter [ASSERT FAILED] [core_ibex_tb_top.dut.u_ibex_core.load_store_unit_i.IbexDataOffsetKnown] IbexDataOffsetKnown: !$isunknown(data_offset) (/workspace/ibex/rtl/ibex_load_store_unit.sv:487)
"/workspace/ibex/rtl/ibex_cs_registers.sv", 1040: core_ibex_tb_top.dut.u_ibex_core.cs_registers_i.IbexCsrWdataIntKnown: started at 421630000ps failed at 421630000ps
	Offending '(!$isunknown(csr_wdata_int))'
UVM_ERROR /workspace/ibex/shared/rtl/prim_assert.sv(21) @ 42163000: reporter [ASSERT FAILED] [core_ibex_tb_top.dut.u_ibex_core.cs_registers_i.IbexCsrWdataIntKnown] IbexCsrWdataIntKnown: !$isunknown(csr_wdata_int) (/workspace/ibex/rtl/ibex_cs_registers.sv:1040)
"/workspace/ibex/rtl/ibex_load_store_unit.sv", 487: core_ibex_tb_top.dut.u_ibex_core.load_store_unit_i.IbexDataOffsetKnown: started at 421650000ps failed at 421650000ps
	Offending '(!$isunknown(data_offset))'
UVM_ERROR /workspace/ibex/shared/rtl/prim_assert.sv(21) @ 42165000: reporter [ASSERT FAILED] [core_ibex_tb_top.dut.u_ibex_core.load_store_unit_i.IbexDataOffsetKnown] IbexDataOffsetKnown: !$isunknown(data_offset) (/workspace/ibex/rtl/ibex_load_store_unit.sv:487)
"/workspace/ibex/rtl/ibex_cs_registers.sv", 1040: core_ibex_tb_top.dut.u_ibex_core.cs_registers_i.IbexCsrWdataIntKnown: started at 421650000ps failed at 421650000ps
	Offending '(!$isunknown(csr_wdata_int))'
UVM_ERROR /workspace/ibex/shared/rtl/prim_assert.sv(21) @ 42165000: reporter [ASSERT FAILED] [core_ibex_tb_top.dut.u_ibex_core.cs_registers_i.IbexCsrWdataIntKnown] IbexCsrWdataIntKnown: !$isunknown(csr_wdata_int) (/workspace/ibex/rtl/ibex_cs_registers.sv:1040)
"/workspace/ibex/rtl/ibex_load_store_unit.sv", 487: core_ibex_tb_top.dut.u_ibex_core.load_store_unit_i.IbexDataOffsetKnown: started at 421670000ps failed at 421670000ps
	Offending '(!$isunknown(data_offset))'
UVM_ERROR /workspace/ibex/shared/rtl/prim_assert.sv(21) @ 42167000: reporter [ASSERT FAILED] [core_ibex_tb_top.dut.u_ibex_core.load_store_unit_i.IbexDataOffsetKnown] IbexDataOffsetKnown: !$isunknown(data_offset) (/workspace/ibex/rtl/ibex_load_store_unit.sv:487)
"/workspace/ibex/rtl/ibex_cs_registers.sv", 1040: core_ibex_tb_top.dut.u_ibex_core.cs_registers_i.IbexCsrWdataIntKnown: started at 421670000ps failed at 421670000ps
	Offending '(!$isunknown(csr_wdata_int))'
UVM_ERROR /workspace/ibex/shared/rtl/prim_assert.sv(21) @ 42167000: reporter [ASSERT FAILED] [core_ibex_tb_top.dut.u_ibex_core.cs_registers_i.IbexCsrWdataIntKnown] IbexCsrWdataIntKnown: !$isunknown(csr_wdata_int) (/workspace/ibex/rtl/ibex_cs_registers.sv:1040)
"/workspace/ibex/rtl/ibex_load_store_unit.sv", 487: core_ibex_tb_top.dut.u_ibex_core.load_store_unit_i.IbexDataOffsetKnown: started at 421690000ps failed at 421690000ps
	Offending '(!$isunknown(data_offset))'
UVM_ERROR /workspace/ibex/shared/rtl/prim_assert.sv(21) @ 42169000: reporter [ASSERT FAILED] [core_ibex_tb_top.dut.u_ibex_core.load_store_unit_i.IbexDataOffsetKnown] IbexDataOffsetKnown: !$isunknown(data_offset) (/workspace/ibex/rtl/ibex_load_store_unit.sv:487)
"/workspace/ibex/rtl/ibex_cs_registers.sv", 1040: core_ibex_tb_top.dut.u_ibex_core.cs_registers_i.IbexCsrWdataIntKnown: started at 421690000ps failed at 421690000ps
	Offending '(!$isunknown(csr_wdata_int))'
UVM_ERROR /workspace/ibex/shared/rtl/prim_assert.sv(21) @ 42169000: reporter [ASSERT FAILED] [core_ibex_tb_top.dut.u_ibex_core.cs_registers_i.IbexCsrWdataIntKnown] IbexCsrWdataIntKnown: !$isunknown(csr_wdata_int) (/workspace/ibex/rtl/ibex_cs_registers.sv:1040)
"/workspace/ibex/rtl/ibex_load_store_unit.sv", 487: core_ibex_tb_top.dut.u_ibex_core.load_store_unit_i.IbexDataOffsetKnown: started at 421710000ps failed at 421710000ps
	Offending '(!$isunknown(data_offset))'
UVM_ERROR /workspace/ibex/shared/rtl/prim_assert.sv(21) @ 42171000: reporter [ASSERT FAILED] [core_ibex_tb_top.dut.u_ibex_core.load_store_unit_i.IbexDataOffsetKnown] IbexDataOffsetKnown: !$isunknown(data_offset) (/workspace/ibex/rtl/ibex_load_store_unit.sv:487)
"/workspace/ibex/rtl/ibex_cs_registers.sv", 1040: core_ibex_tb_top.dut.u_ibex_core.cs_registers_i.IbexCsrWdataIntKnown: started at 421710000ps failed at 421710000ps
	Offending '(!$isunknown(csr_wdata_int))'
UVM_ERROR /workspace/ibex/shared/rtl/prim_assert.sv(21) @ 42171000: reporter [ASSERT FAILED] [core_ibex_tb_top.dut.u_ibex_core.cs_registers_i.IbexCsrWdataIntKnown] IbexCsrWdataIntKnown: !$isunknown(csr_wdata_int) (/workspace/ibex/rtl/ibex_cs_registers.sv:1040)
"/workspace/ibex/rtl/ibex_load_store_unit.sv", 487: core_ibex_tb_top.dut.u_ibex_core.load_store_unit_i.IbexDataOffsetKnown: started at 421730000ps failed at 421730000ps
	Offending '(!$isunknown(data_offset))'
UVM_ERROR /workspace/ibex/shared/rtl/prim_assert.sv(21) @ 42173000: reporter [ASSERT FAILED] [core_ibex_tb_top.dut.u_ibex_core.load_store_unit_i.IbexDataOffsetKnown] IbexDataOffsetKnown: !$isunknown(data_offset) (/workspace/ibex/rtl/ibex_load_store_unit.sv:487)
"/workspace/ibex/rtl/ibex_cs_registers.sv", 1040: core_ibex_tb_top.dut.u_ibex_core.cs_registers_i.IbexCsrWdataIntKnown: started at 421730000ps failed at 421730000ps
	Offending '(!$isunknown(csr_wdata_int))'
UVM_ERROR /workspace/ibex/shared/rtl/prim_assert.sv(21) @ 42173000: reporter [ASSERT FAILED] [core_ibex_tb_top.dut.u_ibex_core.cs_registers_i.IbexCsrWdataIntKnown] IbexCsrWdataIntKnown: !$isunknown(csr_wdata_int) (/workspace/ibex/rtl/ibex_cs_registers.sv:1040)
"/workspace/ibex/rtl/ibex_load_store_unit.sv", 487: core_ibex_tb_top.dut.u_ibex_core.load_store_unit_i.IbexDataOffsetKnown: started at 421750000ps failed at 421750000ps
	Offending '(!$isunknown(data_offset))'
UVM_ERROR /workspace/ibex/shared/rtl/prim_assert.sv(21) @ 42175000: reporter [ASSERT FAILED] [core_ibex_tb_top.dut.u_ibex_core.load_store_unit_i.IbexDataOffsetKnown] IbexDataOffsetKnown: !$isunknown(data_offset) (/workspace/ibex/rtl/ibex_load_store_unit.sv:487)
"/workspace/ibex/rtl/ibex_cs_registers.sv", 1040: core_ibex_tb_top.dut.u_ibex_core.cs_registers_i.IbexCsrWdataIntKnown: started at 421750000ps failed at 421750000ps
	Offending '(!$isunknown(csr_wdata_int))'
UVM_ERROR /workspace/ibex/shared/rtl/prim_assert.sv(21) @ 42175000: reporter [ASSERT FAILED] [core_ibex_tb_top.dut.u_ibex_core.cs_registers_i.IbexCsrWdataIntKnown] IbexCsrWdataIntKnown: !$isunknown(csr_wdata_int) (/workspace/ibex/rtl/ibex_cs_registers.sv:1040)
"/workspace/ibex/rtl/ibex_load_store_unit.sv", 487: core_ibex_tb_top.dut.u_ibex_core.load_store_unit_i.IbexDataOffsetKnown: started at 421770000ps failed at 421770000ps
	Offending '(!$isunknown(data_offset))'
UVM_ERROR /workspace/ibex/shared/rtl/prim_assert.sv(21) @ 42177000: reporter [ASSERT FAILED] [core_ibex_tb_top.dut.u_ibex_core.load_store_unit_i.IbexDataOffsetKnown] IbexDataOffsetKnown: !$isunknown(data_offset) (/workspace/ibex/rtl/ibex_load_store_unit.sv:487)
"/workspace/ibex/rtl/ibex_cs_registers.sv", 1040: core_ibex_tb_top.dut.u_ibex_core.cs_registers_i.IbexCsrWdataIntKnown: started at 421770000ps failed at 421770000ps
	Offending '(!$isunknown(csr_wdata_int))'
UVM_ERROR /workspace/ibex/shared/rtl/prim_assert.sv(21) @ 42177000: reporter [ASSERT FAILED] [core_ibex_tb_top.dut.u_ibex_core.cs_registers_i.IbexCsrWdataIntKnown] IbexCsrWdataIntKnown: !$isunknown(csr_wdata_int) (/workspace/ibex/rtl/ibex_cs_registers.sv:1040)
"/workspace/ibex/rtl/ibex_load_store_unit.sv", 487: core_ibex_tb_top.dut.u_ibex_core.load_store_unit_i.IbexDataOffsetKnown: started at 421790000ps failed at 421790000ps
	Offending '(!$isunknown(data_offset))'
UVM_ERROR /workspace/ibex/shared/rtl/prim_assert.sv(21) @ 42179000: reporter [ASSERT FAILED] [core_ibex_tb_top.dut.u_ibex_core.load_store_unit_i.IbexDataOffsetKnown] IbexDataOffsetKnown: !$isunknown(data_offset) (/workspace/ibex/rtl/ibex_load_store_unit.sv:487)
"/workspace/ibex/rtl/ibex_cs_registers.sv", 1040: core_ibex_tb_top.dut.u_ibex_core.cs_registers_i.IbexCsrWdataIntKnown: started at 421790000ps failed at 421790000ps
	Offending '(!$isunknown(csr_wdata_int))'
UVM_ERROR /workspace/ibex/shared/rtl/prim_assert.sv(21) @ 42179000: reporter [ASSERT FAILED] [core_ibex_tb_top.dut.u_ibex_core.cs_registers_i.IbexCsrWdataIntKnown] IbexCsrWdataIntKnown: !$isunknown(csr_wdata_int) (/workspace/ibex/rtl/ibex_cs_registers.sv:1040)
"/workspace/ibex/rtl/ibex_load_store_unit.sv", 487: core_ibex_tb_top.dut.u_ibex_core.load_store_unit_i.IbexDataOffsetKnown: started at 421810000ps failed at 421810000ps
	Offending '(!$isunknown(data_offset))'
UVM_ERROR /workspace/ibex/shared/rtl/prim_assert.sv(21) @ 42181000: reporter [ASSERT FAILED] [core_ibex_tb_top.dut.u_ibex_core.load_store_unit_i.IbexDataOffsetKnown] IbexDataOffsetKnown: !$isunknown(data_offset) (/workspace/ibex/rtl/ibex_load_store_unit.sv:487)
"/workspace/ibex/rtl/ibex_cs_registers.sv", 1040: core_ibex_tb_top.dut.u_ibex_core.cs_registers_i.IbexCsrWdataIntKnown: started at 421810000ps failed at 421810000ps
	Offending '(!$isunknown(csr_wdata_int))'
UVM_ERROR /workspace/ibex/shared/rtl/prim_assert.sv(21) @ 42181000: reporter [ASSERT FAILED] [core_ibex_tb_top.dut.u_ibex_core.cs_registers_i.IbexCsrWdataIntKnown] IbexCsrWdataIntKnown: !$isunknown(csr_wdata_int) (/workspace/ibex/rtl/ibex_cs_registers.sv:1040)
UVM_INFO /workspace/ibex/dv/uvm/tests/core_ibex_seq_lib.sv(39) @ 42257000: uvm_test_top.env.irq_agent.sequencer@@irq_drop_seq_h [uvm_test_top.env.irq_agent.sequencer.irq_drop_seq_h] Starting sequence...
UVM_INFO /workspace/ibex/dv/uvm/tests/core_ibex_seq_lib.sv(51) @ 42257000: uvm_test_top.env.irq_agent.sequencer@@irq_drop_seq_h [uvm_test_top.env.irq_agent.sequencer.irq_drop_seq_h] Exiting sequence
UVM_INFO /workspace/ibex/dv/uvm/tests/core_ibex_seq_lib.sv(39) @ 44007000: uvm_test_top.env.irq_agent.sequencer@@irq_single_seq_h [uvm_test_top.env.irq_agent.sequencer.irq_single_seq_h] Starting sequence...
UVM_INFO /workspace/ibex/dv/uvm/tests/core_ibex_seq_lib.sv(51) @ 44009000: uvm_test_top.env.irq_agent.sequencer@@irq_single_seq_h [uvm_test_top.env.irq_agent.sequencer.irq_single_seq_h] Exiting sequence
UVM_INFO /workspace/ibex/dv/uvm/tests/core_ibex_test_lib.sv(229) @ 44011000: uvm_test_top [uvm_test_top] irq: 0b100000000000000000
"/workspace/ibex/rtl/ibex_load_store_unit.sv", 487: core_ibex_tb_top.dut.u_ibex_core.load_store_unit_i.IbexDataOffsetKnown: started at 458050000ps failed at 458050000ps
	Offending '(!$isunknown(data_offset))'
UVM_ERROR /workspace/ibex/shared/rtl/prim_assert.sv(21) @ 45805000: reporter [ASSERT FAILED] [core_ibex_tb_top.dut.u_ibex_core.load_store_unit_i.IbexDataOffsetKnown] IbexDataOffsetKnown: !$isunknown(data_offset) (/workspace/ibex/rtl/ibex_load_store_unit.sv:487)
"/workspace/ibex/rtl/ibex_cs_registers.sv", 1040: core_ibex_tb_top.dut.u_ibex_core.cs_registers_i.IbexCsrWdataIntKnown: started at 458050000ps failed at 458050000ps
	Offending '(!$isunknown(csr_wdata_int))'
UVM_ERROR /workspace/ibex/shared/rtl/prim_assert.sv(21) @ 45805000: reporter [ASSERT FAILED] [core_ibex_tb_top.dut.u_ibex_core.cs_registers_i.IbexCsrWdataIntKnown] IbexCsrWdataIntKnown: !$isunknown(csr_wdata_int) (/workspace/ibex/rtl/ibex_cs_registers.sv:1040)
"/workspace/ibex/rtl/ibex_load_store_unit.sv", 487: core_ibex_tb_top.dut.u_ibex_core.load_store_unit_i.IbexDataOffsetKnown: started at 458070000ps failed at 458070000ps
	Offending '(!$isunknown(data_offset))'
UVM_ERROR /workspace/ibex/shared/rtl/prim_assert.sv(21) @ 45807000: reporter [ASSERT FAILED] [core_ibex_tb_top.dut.u_ibex_core.load_store_unit_i.IbexDataOffsetKnown] IbexDataOffsetKnown: !$isunknown(data_offset) (/workspace/ibex/rtl/ibex_load_store_unit.sv:487)
"/workspace/ibex/rtl/ibex_cs_registers.sv", 1040: core_ibex_tb_top.dut.u_ibex_core.cs_registers_i.IbexCsrWdataIntKnown: started at 458070000ps failed at 458070000ps
	Offending '(!$isunknown(csr_wdata_int))'
UVM_ERROR /workspace/ibex/shared/rtl/prim_assert.sv(21) @ 45807000: reporter [ASSERT FAILED] [core_ibex_tb_top.dut.u_ibex_core.cs_registers_i.IbexCsrWdataIntKnown] IbexCsrWdataIntKnown: !$isunknown(csr_wdata_int) (/workspace/ibex/rtl/ibex_cs_registers.sv:1040)
"/workspace/ibex/rtl/ibex_load_store_unit.sv", 487: core_ibex_tb_top.dut.u_ibex_core.load_store_unit_i.IbexDataOffsetKnown: started at 458090000ps failed at 458090000ps
	Offending '(!$isunknown(data_offset))'
UVM_ERROR /workspace/ibex/shared/rtl/prim_assert.sv(21) @ 45809000: reporter [ASSERT FAILED] [core_ibex_tb_top.dut.u_ibex_core.load_store_unit_i.IbexDataOffsetKnown] IbexDataOffsetKnown: !$isunknown(data_offset) (/workspace/ibex/rtl/ibex_load_store_unit.sv:487)
"/workspace/ibex/rtl/ibex_cs_registers.sv", 1040: core_ibex_tb_top.dut.u_ibex_core.cs_registers_i.IbexCsrWdataIntKnown: started at 458090000ps failed at 458090000ps
	Offending '(!$isunknown(csr_wdata_int))'
UVM_ERROR /workspace/ibex/shared/rtl/prim_assert.sv(21) @ 45809000: reporter [ASSERT FAILED] [core_ibex_tb_top.dut.u_ibex_core.cs_registers_i.IbexCsrWdataIntKnown] IbexCsrWdataIntKnown: !$isunknown(csr_wdata_int) (/workspace/ibex/rtl/ibex_cs_registers.sv:1040)
"/workspace/ibex/rtl/ibex_load_store_unit.sv", 487: core_ibex_tb_top.dut.u_ibex_core.load_store_unit_i.IbexDataOffsetKnown: started at 458110000ps failed at 458110000ps
	Offending '(!$isunknown(data_offset))'
UVM_ERROR /workspace/ibex/shared/rtl/prim_assert.sv(21) @ 45811000: reporter [ASSERT FAILED] [core_ibex_tb_top.dut.u_ibex_core.load_store_unit_i.IbexDataOffsetKnown] IbexDataOffsetKnown: !$isunknown(data_offset) (/workspace/ibex/rtl/ibex_load_store_unit.sv:487)
"/workspace/ibex/rtl/ibex_cs_registers.sv", 1040: core_ibex_tb_top.dut.u_ibex_core.cs_registers_i.IbexCsrWdataIntKnown: started at 458110000ps failed at 458110000ps
	Offending '(!$isunknown(csr_wdata_int))'
UVM_ERROR /workspace/ibex/shared/rtl/prim_assert.sv(21) @ 45811000: reporter [ASSERT FAILED] [core_ibex_tb_top.dut.u_ibex_core.cs_registers_i.IbexCsrWdataIntKnown] IbexCsrWdataIntKnown: !$isunknown(csr_wdata_int) (/workspace/ibex/rtl/ibex_cs_registers.sv:1040)
"/workspace/ibex/rtl/ibex_load_store_unit.sv", 487: core_ibex_tb_top.dut.u_ibex_core.load_store_unit_i.IbexDataOffsetKnown: started at 458130000ps failed at 458130000ps
	Offending '(!$isunknown(data_offset))'
UVM_ERROR /workspace/ibex/shared/rtl/prim_assert.sv(21) @ 45813000: reporter [ASSERT FAILED] [core_ibex_tb_top.dut.u_ibex_core.load_store_unit_i.IbexDataOffsetKnown] IbexDataOffsetKnown: !$isunknown(data_offset) (/workspace/ibex/rtl/ibex_load_store_unit.sv:487)
"/workspace/ibex/rtl/ibex_cs_registers.sv", 1040: core_ibex_tb_top.dut.u_ibex_core.cs_registers_i.IbexCsrWdataIntKnown: started at 458130000ps failed at 458130000ps
	Offending '(!$isunknown(csr_wdata_int))'
UVM_ERROR /workspace/ibex/shared/rtl/prim_assert.sv(21) @ 45813000: reporter [ASSERT FAILED] [core_ibex_tb_top.dut.u_ibex_core.cs_registers_i.IbexCsrWdataIntKnown] IbexCsrWdataIntKnown: !$isunknown(csr_wdata_int) (/workspace/ibex/rtl/ibex_cs_registers.sv:1040)
"/workspace/ibex/rtl/ibex_load_store_unit.sv", 487: core_ibex_tb_top.dut.u_ibex_core.load_store_unit_i.IbexDataOffsetKnown: started at 458150000ps failed at 458150000ps
	Offending '(!$isunknown(data_offset))'
UVM_ERROR /workspace/ibex/shared/rtl/prim_assert.sv(21) @ 45815000: reporter [ASSERT FAILED] [core_ibex_tb_top.dut.u_ibex_core.load_store_unit_i.IbexDataOffsetKnown] IbexDataOffsetKnown: !$isunknown(data_offset) (/workspace/ibex/rtl/ibex_load_store_unit.sv:487)
"/workspace/ibex/rtl/ibex_cs_registers.sv", 1040: core_ibex_tb_top.dut.u_ibex_core.cs_registers_i.IbexCsrWdataIntKnown: started at 458150000ps failed at 458150000ps
	Offending '(!$isunknown(csr_wdata_int))'
UVM_ERROR /workspace/ibex/shared/rtl/prim_assert.sv(21) @ 45815000: reporter [ASSERT FAILED] [core_ibex_tb_top.dut.u_ibex_core.cs_registers_i.IbexCsrWdataIntKnown] IbexCsrWdataIntKnown: !$isunknown(csr_wdata_int) (/workspace/ibex/rtl/ibex_cs_registers.sv:1040)
"/workspace/ibex/rtl/ibex_load_store_unit.sv", 487: core_ibex_tb_top.dut.u_ibex_core.load_store_unit_i.IbexDataOffsetKnown: started at 458170000ps failed at 458170000ps
	Offending '(!$isunknown(data_offset))'
UVM_ERROR /workspace/ibex/shared/rtl/prim_assert.sv(21) @ 45817000: reporter [ASSERT FAILED] [core_ibex_tb_top.dut.u_ibex_core.load_store_unit_i.IbexDataOffsetKnown] IbexDataOffsetKnown: !$isunknown(data_offset) (/workspace/ibex/rtl/ibex_load_store_unit.sv:487)
"/workspace/ibex/rtl/ibex_cs_registers.sv", 1040: core_ibex_tb_top.dut.u_ibex_core.cs_registers_i.IbexCsrWdataIntKnown: started at 458170000ps failed at 458170000ps
	Offending '(!$isunknown(csr_wdata_int))'
UVM_ERROR /workspace/ibex/shared/rtl/prim_assert.sv(21) @ 45817000: reporter [ASSERT FAILED] [core_ibex_tb_top.dut.u_ibex_core.cs_registers_i.IbexCsrWdataIntKnown] IbexCsrWdataIntKnown: !$isunknown(csr_wdata_int) (/workspace/ibex/rtl/ibex_cs_registers.sv:1040)
"/workspace/ibex/rtl/ibex_load_store_unit.sv", 487: core_ibex_tb_top.dut.u_ibex_core.load_store_unit_i.IbexDataOffsetKnown: started at 458190000ps failed at 458190000ps
	Offending '(!$isunknown(data_offset))'
UVM_ERROR /workspace/ibex/shared/rtl/prim_assert.sv(21) @ 45819000: reporter [ASSERT FAILED] [core_ibex_tb_top.dut.u_ibex_core.load_store_unit_i.IbexDataOffsetKnown] IbexDataOffsetKnown: !$isunknown(data_offset) (/workspace/ibex/rtl/ibex_load_store_unit.sv:487)
"/workspace/ibex/rtl/ibex_cs_registers.sv", 1040: core_ibex_tb_top.dut.u_ibex_core.cs_registers_i.IbexCsrWdataIntKnown: started at 458190000ps failed at 458190000ps
	Offending '(!$isunknown(csr_wdata_int))'
UVM_ERROR /workspace/ibex/shared/rtl/prim_assert.sv(21) @ 45819000: reporter [ASSERT FAILED] [core_ibex_tb_top.dut.u_ibex_core.cs_registers_i.IbexCsrWdataIntKnown] IbexCsrWdataIntKnown: !$isunknown(csr_wdata_int) (/workspace/ibex/rtl/ibex_cs_registers.sv:1040)
"/workspace/ibex/rtl/ibex_load_store_unit.sv", 487: core_ibex_tb_top.dut.u_ibex_core.load_store_unit_i.IbexDataOffsetKnown: started at 458210000ps failed at 458210000ps
	Offending '(!$isunknown(data_offset))'
UVM_ERROR /workspace/ibex/shared/rtl/prim_assert.sv(21) @ 45821000: reporter [ASSERT FAILED] [core_ibex_tb_top.dut.u_ibex_core.load_store_unit_i.IbexDataOffsetKnown] IbexDataOffsetKnown: !$isunknown(data_offset) (/workspace/ibex/rtl/ibex_load_store_unit.sv:487)
"/workspace/ibex/rtl/ibex_cs_registers.sv", 1040: core_ibex_tb_top.dut.u_ibex_core.cs_registers_i.IbexCsrWdataIntKnown: started at 458210000ps failed at 458210000ps
	Offending '(!$isunknown(csr_wdata_int))'
UVM_ERROR /workspace/ibex/shared/rtl/prim_assert.sv(21) @ 45821000: reporter [ASSERT FAILED] [core_ibex_tb_top.dut.u_ibex_core.cs_registers_i.IbexCsrWdataIntKnown] IbexCsrWdataIntKnown: !$isunknown(csr_wdata_int) (/workspace/ibex/rtl/ibex_cs_registers.sv:1040)
"/workspace/ibex/rtl/ibex_load_store_unit.sv", 487: core_ibex_tb_top.dut.u_ibex_core.load_store_unit_i.IbexDataOffsetKnown: started at 458230000ps failed at 458230000ps
	Offending '(!$isunknown(data_offset))'
UVM_ERROR /workspace/ibex/shared/rtl/prim_assert.sv(21) @ 45823000: reporter [ASSERT FAILED] [core_ibex_tb_top.dut.u_ibex_core.load_store_unit_i.IbexDataOffsetKnown] IbexDataOffsetKnown: !$isunknown(data_offset) (/workspace/ibex/rtl/ibex_load_store_unit.sv:487)
"/workspace/ibex/rtl/ibex_cs_registers.sv", 1040: core_ibex_tb_top.dut.u_ibex_core.cs_registers_i.IbexCsrWdataIntKnown: started at 458230000ps failed at 458230000ps
	Offending '(!$isunknown(csr_wdata_int))'
UVM_ERROR /workspace/ibex/shared/rtl/prim_assert.sv(21) @ 45823000: reporter [ASSERT FAILED] [core_ibex_tb_top.dut.u_ibex_core.cs_registers_i.IbexCsrWdataIntKnown] IbexCsrWdataIntKnown: !$isunknown(csr_wdata_int) (/workspace/ibex/rtl/ibex_cs_registers.sv:1040)
"/workspace/ibex/rtl/ibex_load_store_unit.sv", 487: core_ibex_tb_top.dut.u_ibex_core.load_store_unit_i.IbexDataOffsetKnown: started at 458250000ps failed at 458250000ps
	Offending '(!$isunknown(data_offset))'
UVM_ERROR /workspace/ibex/shared/rtl/prim_assert.sv(21) @ 45825000: reporter [ASSERT FAILED] [core_ibex_tb_top.dut.u_ibex_core.load_store_unit_i.IbexDataOffsetKnown] IbexDataOffsetKnown: !$isunknown(data_offset) (/workspace/ibex/rtl/ibex_load_store_unit.sv:487)
"/workspace/ibex/rtl/ibex_cs_registers.sv", 1040: core_ibex_tb_top.dut.u_ibex_core.cs_registers_i.IbexCsrWdataIntKnown: started at 458250000ps failed at 458250000ps
	Offending '(!$isunknown(csr_wdata_int))'
UVM_ERROR /workspace/ibex/shared/rtl/prim_assert.sv(21) @ 45825000: reporter [ASSERT FAILED] [core_ibex_tb_top.dut.u_ibex_core.cs_registers_i.IbexCsrWdataIntKnown] IbexCsrWdataIntKnown: !$isunknown(csr_wdata_int) (/workspace/ibex/rtl/ibex_cs_registers.sv:1040)
UVM_INFO /workspace/ibex/dv/uvm/tests/core_ibex_seq_lib.sv(39) @ 45881000: uvm_test_top.env.irq_agent.sequencer@@irq_drop_seq_h [uvm_test_top.env.irq_agent.sequencer.irq_drop_seq_h] Starting sequence...
UVM_INFO /workspace/ibex/dv/uvm/tests/core_ibex_seq_lib.sv(51) @ 45881000: uvm_test_top.env.irq_agent.sequencer@@irq_drop_seq_h [uvm_test_top.env.irq_agent.sequencer.irq_drop_seq_h] Exiting sequence
UVM_INFO /workspace/ibex/dv/uvm/tests/core_ibex_seq_lib.sv(39) @ 47381000: uvm_test_top.env.irq_agent.sequencer@@irq_single_seq_h [uvm_test_top.env.irq_agent.sequencer.irq_single_seq_h] Starting sequence...
UVM_INFO /workspace/ibex/dv/uvm/tests/core_ibex_seq_lib.sv(51) @ 47383000: uvm_test_top.env.irq_agent.sequencer@@irq_single_seq_h [uvm_test_top.env.irq_agent.sequencer.irq_single_seq_h] Exiting sequence
UVM_INFO /workspace/ibex/dv/uvm/tests/core_ibex_seq_lib.sv(39) @ 47385000: uvm_test_top.env.irq_agent.sequencer@@irq_drop_seq_h [uvm_test_top.env.irq_agent.sequencer.irq_drop_seq_h] Starting sequence...
UVM_INFO /workspace/ibex/dv/uvm/tests/core_ibex_seq_lib.sv(51) @ 47387000: uvm_test_top.env.irq_agent.sequencer@@irq_drop_seq_h [uvm_test_top.env.irq_agent.sequencer.irq_drop_seq_h] Exiting sequence
UVM_INFO /workspace/ibex/dv/uvm/tests/core_ibex_seq_lib.sv(39) @ 48163000: uvm_test_top.env.irq_agent.sequencer@@irq_single_seq_h [uvm_test_top.env.irq_agent.sequencer.irq_single_seq_h] Starting sequence...
UVM_INFO /workspace/ibex/dv/uvm/tests/core_ibex_seq_lib.sv(51) @ 48165000: uvm_test_top.env.irq_agent.sequencer@@irq_single_seq_h [uvm_test_top.env.irq_agent.sequencer.irq_single_seq_h] Exiting sequence
UVM_INFO /workspace/ibex/dv/uvm/tests/core_ibex_test_lib.sv(229) @ 48167000: uvm_test_top [uvm_test_top] irq: 0b100000000000000000000
"/workspace/ibex/rtl/ibex_load_store_unit.sv", 487: core_ibex_tb_top.dut.u_ibex_core.load_store_unit_i.IbexDataOffsetKnown: started at 499890000ps failed at 499890000ps
	Offending '(!$isunknown(data_offset))'
UVM_ERROR /workspace/ibex/shared/rtl/prim_assert.sv(21) @ 49989000: reporter [ASSERT FAILED] [core_ibex_tb_top.dut.u_ibex_core.load_store_unit_i.IbexDataOffsetKnown] IbexDataOffsetKnown: !$isunknown(data_offset) (/workspace/ibex/rtl/ibex_load_store_unit.sv:487)
"/workspace/ibex/rtl/ibex_cs_registers.sv", 1040: core_ibex_tb_top.dut.u_ibex_core.cs_registers_i.IbexCsrWdataIntKnown: started at 499890000ps failed at 499890000ps
	Offending '(!$isunknown(csr_wdata_int))'
UVM_ERROR /workspace/ibex/shared/rtl/prim_assert.sv(21) @ 49989000: reporter [ASSERT FAILED] [core_ibex_tb_top.dut.u_ibex_core.cs_registers_i.IbexCsrWdataIntKnown] IbexCsrWdataIntKnown: !$isunknown(csr_wdata_int) (/workspace/ibex/rtl/ibex_cs_registers.sv:1040)
"/workspace/ibex/rtl/ibex_load_store_unit.sv", 487: core_ibex_tb_top.dut.u_ibex_core.load_store_unit_i.IbexDataOffsetKnown: started at 499910000ps failed at 499910000ps
	Offending '(!$isunknown(data_offset))'
UVM_ERROR /workspace/ibex/shared/rtl/prim_assert.sv(21) @ 49991000: reporter [ASSERT FAILED] [core_ibex_tb_top.dut.u_ibex_core.load_store_unit_i.IbexDataOffsetKnown] IbexDataOffsetKnown: !$isunknown(data_offset) (/workspace/ibex/rtl/ibex_load_store_unit.sv:487)
"/workspace/ibex/rtl/ibex_cs_registers.sv", 1040: core_ibex_tb_top.dut.u_ibex_core.cs_registers_i.IbexCsrWdataIntKnown: started at 499910000ps failed at 499910000ps
	Offending '(!$isunknown(csr_wdata_int))'
UVM_ERROR /workspace/ibex/shared/rtl/prim_assert.sv(21) @ 49991000: reporter [ASSERT FAILED] [core_ibex_tb_top.dut.u_ibex_core.cs_registers_i.IbexCsrWdataIntKnown] IbexCsrWdataIntKnown: !$isunknown(csr_wdata_int) (/workspace/ibex/rtl/ibex_cs_registers.sv:1040)
"/workspace/ibex/rtl/ibex_load_store_unit.sv", 487: core_ibex_tb_top.dut.u_ibex_core.load_store_unit_i.IbexDataOffsetKnown: started at 499930000ps failed at 499930000ps
	Offending '(!$isunknown(data_offset))'
UVM_ERROR /workspace/ibex/shared/rtl/prim_assert.sv(21) @ 49993000: reporter [ASSERT FAILED] [core_ibex_tb_top.dut.u_ibex_core.load_store_unit_i.IbexDataOffsetKnown] IbexDataOffsetKnown: !$isunknown(data_offset) (/workspace/ibex/rtl/ibex_load_store_unit.sv:487)
"/workspace/ibex/rtl/ibex_cs_registers.sv", 1040: core_ibex_tb_top.dut.u_ibex_core.cs_registers_i.IbexCsrWdataIntKnown: started at 499930000ps failed at 499930000ps
	Offending '(!$isunknown(csr_wdata_int))'
UVM_ERROR /workspace/ibex/shared/rtl/prim_assert.sv(21) @ 49993000: reporter [ASSERT FAILED] [core_ibex_tb_top.dut.u_ibex_core.cs_registers_i.IbexCsrWdataIntKnown] IbexCsrWdataIntKnown: !$isunknown(csr_wdata_int) (/workspace/ibex/rtl/ibex_cs_registers.sv:1040)
"/workspace/ibex/rtl/ibex_load_store_unit.sv", 487: core_ibex_tb_top.dut.u_ibex_core.load_store_unit_i.IbexDataOffsetKnown: started at 499950000ps failed at 499950000ps
	Offending '(!$isunknown(data_offset))'
UVM_ERROR /workspace/ibex/shared/rtl/prim_assert.sv(21) @ 49995000: reporter [ASSERT FAILED] [core_ibex_tb_top.dut.u_ibex_core.load_store_unit_i.IbexDataOffsetKnown] IbexDataOffsetKnown: !$isunknown(data_offset) (/workspace/ibex/rtl/ibex_load_store_unit.sv:487)
"/workspace/ibex/rtl/ibex_cs_registers.sv", 1040: core_ibex_tb_top.dut.u_ibex_core.cs_registers_i.IbexCsrWdataIntKnown: started at 499950000ps failed at 499950000ps
	Offending '(!$isunknown(csr_wdata_int))'
UVM_ERROR /workspace/ibex/shared/rtl/prim_assert.sv(21) @ 49995000: reporter [ASSERT FAILED] [core_ibex_tb_top.dut.u_ibex_core.cs_registers_i.IbexCsrWdataIntKnown] IbexCsrWdataIntKnown: !$isunknown(csr_wdata_int) (/workspace/ibex/rtl/ibex_cs_registers.sv:1040)
"/workspace/ibex/rtl/ibex_load_store_unit.sv", 487: core_ibex_tb_top.dut.u_ibex_core.load_store_unit_i.IbexDataOffsetKnown: started at 499970000ps failed at 499970000ps
	Offending '(!$isunknown(data_offset))'
UVM_ERROR /workspace/ibex/shared/rtl/prim_assert.sv(21) @ 49997000: reporter [ASSERT FAILED] [core_ibex_tb_top.dut.u_ibex_core.load_store_unit_i.IbexDataOffsetKnown] IbexDataOffsetKnown: !$isunknown(data_offset) (/workspace/ibex/rtl/ibex_load_store_unit.sv:487)
"/workspace/ibex/rtl/ibex_cs_registers.sv", 1040: core_ibex_tb_top.dut.u_ibex_core.cs_registers_i.IbexCsrWdataIntKnown: started at 499970000ps failed at 499970000ps
	Offending '(!$isunknown(csr_wdata_int))'
UVM_ERROR /workspace/ibex/shared/rtl/prim_assert.sv(21) @ 49997000: reporter [ASSERT FAILED] [core_ibex_tb_top.dut.u_ibex_core.cs_registers_i.IbexCsrWdataIntKnown] IbexCsrWdataIntKnown: !$isunknown(csr_wdata_int) (/workspace/ibex/rtl/ibex_cs_registers.sv:1040)
"/workspace/ibex/rtl/ibex_load_store_unit.sv", 487: core_ibex_tb_top.dut.u_ibex_core.load_store_unit_i.IbexDataOffsetKnown: started at 499990000ps failed at 499990000ps
	Offending '(!$isunknown(data_offset))'
UVM_ERROR /workspace/ibex/shared/rtl/prim_assert.sv(21) @ 49999000: reporter [ASSERT FAILED] [core_ibex_tb_top.dut.u_ibex_core.load_store_unit_i.IbexDataOffsetKnown] IbexDataOffsetKnown: !$isunknown(data_offset) (/workspace/ibex/rtl/ibex_load_store_unit.sv:487)
"/workspace/ibex/rtl/ibex_cs_registers.sv", 1040: core_ibex_tb_top.dut.u_ibex_core.cs_registers_i.IbexCsrWdataIntKnown: started at 499990000ps failed at 499990000ps
	Offending '(!$isunknown(csr_wdata_int))'
UVM_ERROR /workspace/ibex/shared/rtl/prim_assert.sv(21) @ 49999000: reporter [ASSERT FAILED] [core_ibex_tb_top.dut.u_ibex_core.cs_registers_i.IbexCsrWdataIntKnown] IbexCsrWdataIntKnown: !$isunknown(csr_wdata_int) (/workspace/ibex/rtl/ibex_cs_registers.sv:1040)
"/workspace/ibex/rtl/ibex_load_store_unit.sv", 487: core_ibex_tb_top.dut.u_ibex_core.load_store_unit_i.IbexDataOffsetKnown: started at 500010000ps failed at 500010000ps
	Offending '(!$isunknown(data_offset))'
UVM_ERROR /workspace/ibex/shared/rtl/prim_assert.sv(21) @ 50001000: reporter [ASSERT FAILED] [core_ibex_tb_top.dut.u_ibex_core.load_store_unit_i.IbexDataOffsetKnown] IbexDataOffsetKnown: !$isunknown(data_offset) (/workspace/ibex/rtl/ibex_load_store_unit.sv:487)
"/workspace/ibex/rtl/ibex_cs_registers.sv", 1040: core_ibex_tb_top.dut.u_ibex_core.cs_registers_i.IbexCsrWdataIntKnown: started at 500010000ps failed at 500010000ps
	Offending '(!$isunknown(csr_wdata_int))'
UVM_ERROR /workspace/ibex/shared/rtl/prim_assert.sv(21) @ 50001000: reporter [ASSERT FAILED] [core_ibex_tb_top.dut.u_ibex_core.cs_registers_i.IbexCsrWdataIntKnown] IbexCsrWdataIntKnown: !$isunknown(csr_wdata_int) (/workspace/ibex/rtl/ibex_cs_registers.sv:1040)
"/workspace/ibex/rtl/ibex_load_store_unit.sv", 487: core_ibex_tb_top.dut.u_ibex_core.load_store_unit_i.IbexDataOffsetKnown: started at 500030000ps failed at 500030000ps
	Offending '(!$isunknown(data_offset))'
UVM_ERROR /workspace/ibex/shared/rtl/prim_assert.sv(21) @ 50003000: reporter [ASSERT FAILED] [core_ibex_tb_top.dut.u_ibex_core.load_store_unit_i.IbexDataOffsetKnown] IbexDataOffsetKnown: !$isunknown(data_offset) (/workspace/ibex/rtl/ibex_load_store_unit.sv:487)
"/workspace/ibex/rtl/ibex_cs_registers.sv", 1040: core_ibex_tb_top.dut.u_ibex_core.cs_registers_i.IbexCsrWdataIntKnown: started at 500030000ps failed at 500030000ps
	Offending '(!$isunknown(csr_wdata_int))'
UVM_ERROR /workspace/ibex/shared/rtl/prim_assert.sv(21) @ 50003000: reporter [ASSERT FAILED] [core_ibex_tb_top.dut.u_ibex_core.cs_registers_i.IbexCsrWdataIntKnown] IbexCsrWdataIntKnown: !$isunknown(csr_wdata_int) (/workspace/ibex/rtl/ibex_cs_registers.sv:1040)
"/workspace/ibex/rtl/ibex_load_store_unit.sv", 487: core_ibex_tb_top.dut.u_ibex_core.load_store_unit_i.IbexDataOffsetKnown: started at 500050000ps failed at 500050000ps
	Offending '(!$isunknown(data_offset))'
UVM_ERROR /workspace/ibex/shared/rtl/prim_assert.sv(21) @ 50005000: reporter [ASSERT FAILED] [core_ibex_tb_top.dut.u_ibex_core.load_store_unit_i.IbexDataOffsetKnown] IbexDataOffsetKnown: !$isunknown(data_offset) (/workspace/ibex/rtl/ibex_load_store_unit.sv:487)
"/workspace/ibex/rtl/ibex_cs_registers.sv", 1040: core_ibex_tb_top.dut.u_ibex_core.cs_registers_i.IbexCsrWdataIntKnown: started at 500050000ps failed at 500050000ps
	Offending '(!$isunknown(csr_wdata_int))'
UVM_ERROR /workspace/ibex/shared/rtl/prim_assert.sv(21) @ 50005000: reporter [ASSERT FAILED] [core_ibex_tb_top.dut.u_ibex_core.cs_registers_i.IbexCsrWdataIntKnown] IbexCsrWdataIntKnown: !$isunknown(csr_wdata_int) (/workspace/ibex/rtl/ibex_cs_registers.sv:1040)
"/workspace/ibex/rtl/ibex_load_store_unit.sv", 487: core_ibex_tb_top.dut.u_ibex_core.load_store_unit_i.IbexDataOffsetKnown: started at 500070000ps failed at 500070000ps
	Offending '(!$isunknown(data_offset))'
UVM_ERROR /workspace/ibex/shared/rtl/prim_assert.sv(21) @ 50007000: reporter [ASSERT FAILED] [core_ibex_tb_top.dut.u_ibex_core.load_store_unit_i.IbexDataOffsetKnown] IbexDataOffsetKnown: !$isunknown(data_offset) (/workspace/ibex/rtl/ibex_load_store_unit.sv:487)
"/workspace/ibex/rtl/ibex_cs_registers.sv", 1040: core_ibex_tb_top.dut.u_ibex_core.cs_registers_i.IbexCsrWdataIntKnown: started at 500070000ps failed at 500070000ps
	Offending '(!$isunknown(csr_wdata_int))'
UVM_ERROR /workspace/ibex/shared/rtl/prim_assert.sv(21) @ 50007000: reporter [ASSERT FAILED] [core_ibex_tb_top.dut.u_ibex_core.cs_registers_i.IbexCsrWdataIntKnown] IbexCsrWdataIntKnown: !$isunknown(csr_wdata_int) (/workspace/ibex/rtl/ibex_cs_registers.sv:1040)
"/workspace/ibex/rtl/ibex_load_store_unit.sv", 487: core_ibex_tb_top.dut.u_ibex_core.load_store_unit_i.IbexDataOffsetKnown: started at 500090000ps failed at 500090000ps
	Offending '(!$isunknown(data_offset))'
UVM_ERROR /workspace/ibex/shared/rtl/prim_assert.sv(21) @ 50009000: reporter [ASSERT FAILED] [core_ibex_tb_top.dut.u_ibex_core.load_store_unit_i.IbexDataOffsetKnown] IbexDataOffsetKnown: !$isunknown(data_offset) (/workspace/ibex/rtl/ibex_load_store_unit.sv:487)
"/workspace/ibex/rtl/ibex_cs_registers.sv", 1040: core_ibex_tb_top.dut.u_ibex_core.cs_registers_i.IbexCsrWdataIntKnown: started at 500090000ps failed at 500090000ps
	Offending '(!$isunknown(csr_wdata_int))'
UVM_ERROR /workspace/ibex/shared/rtl/prim_assert.sv(21) @ 50009000: reporter [ASSERT FAILED] [core_ibex_tb_top.dut.u_ibex_core.cs_registers_i.IbexCsrWdataIntKnown] IbexCsrWdataIntKnown: !$isunknown(csr_wdata_int) (/workspace/ibex/rtl/ibex_cs_registers.sv:1040)
UVM_INFO /workspace/ibex/dv/uvm/tests/core_ibex_seq_lib.sv(39) @ 50057000: uvm_test_top.env.irq_agent.sequencer@@irq_drop_seq_h [uvm_test_top.env.irq_agent.sequencer.irq_drop_seq_h] Starting sequence...
UVM_INFO /workspace/ibex/dv/uvm/tests/core_ibex_seq_lib.sv(51) @ 50057000: uvm_test_top.env.irq_agent.sequencer@@irq_drop_seq_h [uvm_test_top.env.irq_agent.sequencer.irq_drop_seq_h] Exiting sequence
UVM_INFO /workspace/ibex/dv/uvm/tests/core_ibex_seq_lib.sv(39) @ 51761000: uvm_test_top.env.irq_agent.sequencer@@irq_single_seq_h [uvm_test_top.env.irq_agent.sequencer.irq_single_seq_h] Starting sequence...
UVM_INFO /workspace/ibex/dv/uvm/tests/core_ibex_seq_lib.sv(51) @ 51763000: uvm_test_top.env.irq_agent.sequencer@@irq_single_seq_h [uvm_test_top.env.irq_agent.sequencer.irq_single_seq_h] Exiting sequence
UVM_INFO /workspace/ibex/dv/uvm/tests/core_ibex_seq_lib.sv(39) @ 51765000: uvm_test_top.env.irq_agent.sequencer@@irq_drop_seq_h [uvm_test_top.env.irq_agent.sequencer.irq_drop_seq_h] Starting sequence...
UVM_INFO /workspace/ibex/dv/uvm/tests/core_ibex_seq_lib.sv(51) @ 51767000: uvm_test_top.env.irq_agent.sequencer@@irq_drop_seq_h [uvm_test_top.env.irq_agent.sequencer.irq_drop_seq_h] Exiting sequence
UVM_INFO /workspace/ibex/dv/uvm/tests/core_ibex_seq_lib.sv(39) @ 52667000: uvm_test_top.env.irq_agent.sequencer@@irq_single_seq_h [uvm_test_top.env.irq_agent.sequencer.irq_single_seq_h] Starting sequence...
UVM_INFO /workspace/ibex/dv/uvm/tests/core_ibex_seq_lib.sv(51) @ 52669000: uvm_test_top.env.irq_agent.sequencer@@irq_single_seq_h [uvm_test_top.env.irq_agent.sequencer.irq_single_seq_h] Exiting sequence
UVM_INFO /workspace/ibex/dv/uvm/tests/core_ibex_test_lib.sv(229) @ 52671000: uvm_test_top [uvm_test_top] irq: 0b10000000000000000000
"/workspace/ibex/rtl/ibex_load_store_unit.sv", 487: core_ibex_tb_top.dut.u_ibex_core.load_store_unit_i.IbexDataOffsetKnown: started at 545150000ps failed at 545150000ps
	Offending '(!$isunknown(data_offset))'
UVM_ERROR /workspace/ibex/shared/rtl/prim_assert.sv(21) @ 54515000: reporter [ASSERT FAILED] [core_ibex_tb_top.dut.u_ibex_core.load_store_unit_i.IbexDataOffsetKnown] IbexDataOffsetKnown: !$isunknown(data_offset) (/workspace/ibex/rtl/ibex_load_store_unit.sv:487)
"/workspace/ibex/rtl/ibex_cs_registers.sv", 1040: core_ibex_tb_top.dut.u_ibex_core.cs_registers_i.IbexCsrWdataIntKnown: started at 545150000ps failed at 545150000ps
	Offending '(!$isunknown(csr_wdata_int))'
UVM_ERROR /workspace/ibex/shared/rtl/prim_assert.sv(21) @ 54515000: reporter [ASSERT FAILED] [core_ibex_tb_top.dut.u_ibex_core.cs_registers_i.IbexCsrWdataIntKnown] IbexCsrWdataIntKnown: !$isunknown(csr_wdata_int) (/workspace/ibex/rtl/ibex_cs_registers.sv:1040)
UVM_INFO /workspace/ibex/dv/uvm/tests/core_ibex_seq_lib.sv(39) @ 54581000: uvm_test_top.env.irq_agent.sequencer@@irq_drop_seq_h [uvm_test_top.env.irq_agent.sequencer.irq_drop_seq_h] Starting sequence...
UVM_INFO /workspace/ibex/dv/uvm/tests/core_ibex_seq_lib.sv(51) @ 54581000: uvm_test_top.env.irq_agent.sequencer@@irq_drop_seq_h [uvm_test_top.env.irq_agent.sequencer.irq_drop_seq_h] Exiting sequence
UVM_INFO /workspace/ibex/dv/uvm/tests/core_ibex_seq_lib.sv(39) @ 56347000: uvm_test_top.env.irq_agent.sequencer@@irq_single_seq_h [uvm_test_top.env.irq_agent.sequencer.irq_single_seq_h] Starting sequence...
UVM_INFO /workspace/ibex/dv/uvm/tests/core_ibex_seq_lib.sv(51) @ 56349000: uvm_test_top.env.irq_agent.sequencer@@irq_single_seq_h [uvm_test_top.env.irq_agent.sequencer.irq_single_seq_h] Exiting sequence
UVM_INFO /workspace/ibex/dv/uvm/tests/core_ibex_test_lib.sv(229) @ 56351000: uvm_test_top [uvm_test_top] irq: 0b10000000000000000
"/workspace/ibex/rtl/ibex_load_store_unit.sv", 487: core_ibex_tb_top.dut.u_ibex_core.load_store_unit_i.IbexDataOffsetKnown: started at 581710000ps failed at 581710000ps
	Offending '(!$isunknown(data_offset))'
UVM_ERROR /workspace/ibex/shared/rtl/prim_assert.sv(21) @ 58171000: reporter [ASSERT FAILED] [core_ibex_tb_top.dut.u_ibex_core.load_store_unit_i.IbexDataOffsetKnown] IbexDataOffsetKnown: !$isunknown(data_offset) (/workspace/ibex/rtl/ibex_load_store_unit.sv:487)
"/workspace/ibex/rtl/ibex_cs_registers.sv", 1040: core_ibex_tb_top.dut.u_ibex_core.cs_registers_i.IbexCsrWdataIntKnown: started at 581710000ps failed at 581710000ps
	Offending '(!$isunknown(csr_wdata_int))'
UVM_ERROR /workspace/ibex/shared/rtl/prim_assert.sv(21) @ 58171000: reporter [ASSERT FAILED] [core_ibex_tb_top.dut.u_ibex_core.cs_registers_i.IbexCsrWdataIntKnown] IbexCsrWdataIntKnown: !$isunknown(csr_wdata_int) (/workspace/ibex/rtl/ibex_cs_registers.sv:1040)
"/workspace/ibex/rtl/ibex_load_store_unit.sv", 487: core_ibex_tb_top.dut.u_ibex_core.load_store_unit_i.IbexDataOffsetKnown: started at 581730000ps failed at 581730000ps
	Offending '(!$isunknown(data_offset))'
UVM_ERROR /workspace/ibex/shared/rtl/prim_assert.sv(21) @ 58173000: reporter [ASSERT FAILED] [core_ibex_tb_top.dut.u_ibex_core.load_store_unit_i.IbexDataOffsetKnown] IbexDataOffsetKnown: !$isunknown(data_offset) (/workspace/ibex/rtl/ibex_load_store_unit.sv:487)
"/workspace/ibex/rtl/ibex_cs_registers.sv", 1040: core_ibex_tb_top.dut.u_ibex_core.cs_registers_i.IbexCsrWdataIntKnown: started at 581730000ps failed at 581730000ps
	Offending '(!$isunknown(csr_wdata_int))'
UVM_ERROR /workspace/ibex/shared/rtl/prim_assert.sv(21) @ 58173000: reporter [ASSERT FAILED] [core_ibex_tb_top.dut.u_ibex_core.cs_registers_i.IbexCsrWdataIntKnown] IbexCsrWdataIntKnown: !$isunknown(csr_wdata_int) (/workspace/ibex/rtl/ibex_cs_registers.sv:1040)
"/workspace/ibex/rtl/ibex_load_store_unit.sv", 487: core_ibex_tb_top.dut.u_ibex_core.load_store_unit_i.IbexDataOffsetKnown: started at 581750000ps failed at 581750000ps
	Offending '(!$isunknown(data_offset))'
UVM_ERROR /workspace/ibex/shared/rtl/prim_assert.sv(21) @ 58175000: reporter [ASSERT FAILED] [core_ibex_tb_top.dut.u_ibex_core.load_store_unit_i.IbexDataOffsetKnown] IbexDataOffsetKnown: !$isunknown(data_offset) (/workspace/ibex/rtl/ibex_load_store_unit.sv:487)
"/workspace/ibex/rtl/ibex_cs_registers.sv", 1040: core_ibex_tb_top.dut.u_ibex_core.cs_registers_i.IbexCsrWdataIntKnown: started at 581750000ps failed at 581750000ps
	Offending '(!$isunknown(csr_wdata_int))'
UVM_ERROR /workspace/ibex/shared/rtl/prim_assert.sv(21) @ 58175000: reporter [ASSERT FAILED] [core_ibex_tb_top.dut.u_ibex_core.cs_registers_i.IbexCsrWdataIntKnown] IbexCsrWdataIntKnown: !$isunknown(csr_wdata_int) (/workspace/ibex/rtl/ibex_cs_registers.sv:1040)
"/workspace/ibex/rtl/ibex_load_store_unit.sv", 487: core_ibex_tb_top.dut.u_ibex_core.load_store_unit_i.IbexDataOffsetKnown: started at 581770000ps failed at 581770000ps
	Offending '(!$isunknown(data_offset))'
UVM_ERROR /workspace/ibex/shared/rtl/prim_assert.sv(21) @ 58177000: reporter [ASSERT FAILED] [core_ibex_tb_top.dut.u_ibex_core.load_store_unit_i.IbexDataOffsetKnown] IbexDataOffsetKnown: !$isunknown(data_offset) (/workspace/ibex/rtl/ibex_load_store_unit.sv:487)
"/workspace/ibex/rtl/ibex_cs_registers.sv", 1040: core_ibex_tb_top.dut.u_ibex_core.cs_registers_i.IbexCsrWdataIntKnown: started at 581770000ps failed at 581770000ps
	Offending '(!$isunknown(csr_wdata_int))'
UVM_ERROR /workspace/ibex/shared/rtl/prim_assert.sv(21) @ 58177000: reporter [ASSERT FAILED] [core_ibex_tb_top.dut.u_ibex_core.cs_registers_i.IbexCsrWdataIntKnown] IbexCsrWdataIntKnown: !$isunknown(csr_wdata_int) (/workspace/ibex/rtl/ibex_cs_registers.sv:1040)
"/workspace/ibex/rtl/ibex_load_store_unit.sv", 487: core_ibex_tb_top.dut.u_ibex_core.load_store_unit_i.IbexDataOffsetKnown: started at 581790000ps failed at 581790000ps
	Offending '(!$isunknown(data_offset))'
UVM_ERROR /workspace/ibex/shared/rtl/prim_assert.sv(21) @ 58179000: reporter [ASSERT FAILED] [core_ibex_tb_top.dut.u_ibex_core.load_store_unit_i.IbexDataOffsetKnown] IbexDataOffsetKnown: !$isunknown(data_offset) (/workspace/ibex/rtl/ibex_load_store_unit.sv:487)
"/workspace/ibex/rtl/ibex_cs_registers.sv", 1040: core_ibex_tb_top.dut.u_ibex_core.cs_registers_i.IbexCsrWdataIntKnown: started at 581790000ps failed at 581790000ps
	Offending '(!$isunknown(csr_wdata_int))'
UVM_ERROR /workspace/ibex/shared/rtl/prim_assert.sv(21) @ 58179000: reporter [ASSERT FAILED] [core_ibex_tb_top.dut.u_ibex_core.cs_registers_i.IbexCsrWdataIntKnown] IbexCsrWdataIntKnown: !$isunknown(csr_wdata_int) (/workspace/ibex/rtl/ibex_cs_registers.sv:1040)
"/workspace/ibex/rtl/ibex_load_store_unit.sv", 487: core_ibex_tb_top.dut.u_ibex_core.load_store_unit_i.IbexDataOffsetKnown: started at 581810000ps failed at 581810000ps
	Offending '(!$isunknown(data_offset))'
UVM_ERROR /workspace/ibex/shared/rtl/prim_assert.sv(21) @ 58181000: reporter [ASSERT FAILED] [core_ibex_tb_top.dut.u_ibex_core.load_store_unit_i.IbexDataOffsetKnown] IbexDataOffsetKnown: !$isunknown(data_offset) (/workspace/ibex/rtl/ibex_load_store_unit.sv:487)
"/workspace/ibex/rtl/ibex_cs_registers.sv", 1040: core_ibex_tb_top.dut.u_ibex_core.cs_registers_i.IbexCsrWdataIntKnown: started at 581810000ps failed at 581810000ps
	Offending '(!$isunknown(csr_wdata_int))'
UVM_ERROR /workspace/ibex/shared/rtl/prim_assert.sv(21) @ 58181000: reporter [ASSERT FAILED] [core_ibex_tb_top.dut.u_ibex_core.cs_registers_i.IbexCsrWdataIntKnown] IbexCsrWdataIntKnown: !$isunknown(csr_wdata_int) (/workspace/ibex/rtl/ibex_cs_registers.sv:1040)
"/workspace/ibex/rtl/ibex_load_store_unit.sv", 487: core_ibex_tb_top.dut.u_ibex_core.load_store_unit_i.IbexDataOffsetKnown: started at 581830000ps failed at 581830000ps
	Offending '(!$isunknown(data_offset))'
UVM_ERROR /workspace/ibex/shared/rtl/prim_assert.sv(21) @ 58183000: reporter [ASSERT FAILED] [core_ibex_tb_top.dut.u_ibex_core.load_store_unit_i.IbexDataOffsetKnown] IbexDataOffsetKnown: !$isunknown(data_offset) (/workspace/ibex/rtl/ibex_load_store_unit.sv:487)
"/workspace/ibex/rtl/ibex_cs_registers.sv", 1040: core_ibex_tb_top.dut.u_ibex_core.cs_registers_i.IbexCsrWdataIntKnown: started at 581830000ps failed at 581830000ps
	Offending '(!$isunknown(csr_wdata_int))'
UVM_ERROR /workspace/ibex/shared/rtl/prim_assert.sv(21) @ 58183000: reporter [ASSERT FAILED] [core_ibex_tb_top.dut.u_ibex_core.cs_registers_i.IbexCsrWdataIntKnown] IbexCsrWdataIntKnown: !$isunknown(csr_wdata_int) (/workspace/ibex/rtl/ibex_cs_registers.sv:1040)
UVM_INFO /workspace/ibex/dv/uvm/tests/core_ibex_seq_lib.sv(39) @ 58253000: uvm_test_top.env.irq_agent.sequencer@@irq_drop_seq_h [uvm_test_top.env.irq_agent.sequencer.irq_drop_seq_h] Starting sequence...
UVM_INFO /workspace/ibex/dv/uvm/tests/core_ibex_seq_lib.sv(51) @ 58255000: uvm_test_top.env.irq_agent.sequencer@@irq_drop_seq_h [uvm_test_top.env.irq_agent.sequencer.irq_drop_seq_h] Exiting sequence
UVM_INFO /workspace/ibex/dv/uvm/tests/core_ibex_seq_lib.sv(39) @ 59623000: uvm_test_top.env.irq_agent.sequencer@@irq_single_seq_h [uvm_test_top.env.irq_agent.sequencer.irq_single_seq_h] Starting sequence...
UVM_INFO /workspace/ibex/dv/uvm/tests/core_ibex_seq_lib.sv(51) @ 59625000: uvm_test_top.env.irq_agent.sequencer@@irq_single_seq_h [uvm_test_top.env.irq_agent.sequencer.irq_single_seq_h] Exiting sequence
UVM_INFO /workspace/ibex/dv/uvm/tests/core_ibex_seq_lib.sv(39) @ 59627000: uvm_test_top.env.irq_agent.sequencer@@irq_drop_seq_h [uvm_test_top.env.irq_agent.sequencer.irq_drop_seq_h] Starting sequence...
UVM_INFO /workspace/ibex/dv/uvm/tests/core_ibex_seq_lib.sv(51) @ 59627000: uvm_test_top.env.irq_agent.sequencer@@irq_drop_seq_h [uvm_test_top.env.irq_agent.sequencer.irq_drop_seq_h] Exiting sequence
UVM_INFO /workspace/ibex/dv/uvm/tests/core_ibex_seq_lib.sv(39) @ 59787000: uvm_test_top.env.irq_agent.sequencer@@irq_single_seq_h [uvm_test_top.env.irq_agent.sequencer.irq_single_seq_h] Starting sequence...
UVM_INFO /workspace/ibex/dv/uvm/tests/core_ibex_seq_lib.sv(51) @ 59789000: uvm_test_top.env.irq_agent.sequencer@@irq_single_seq_h [uvm_test_top.env.irq_agent.sequencer.irq_single_seq_h] Exiting sequence
UVM_INFO /workspace/ibex/dv/uvm/tests/core_ibex_test_lib.sv(229) @ 59791000: uvm_test_top [uvm_test_top] irq: 0b10000000000000000000
"/workspace/ibex/rtl/ibex_load_store_unit.sv", 487: core_ibex_tb_top.dut.u_ibex_core.load_store_unit_i.IbexDataOffsetKnown: started at 613370000ps failed at 613370000ps
	Offending '(!$isunknown(data_offset))'
UVM_ERROR /workspace/ibex/shared/rtl/prim_assert.sv(21) @ 61337000: reporter [ASSERT FAILED] [core_ibex_tb_top.dut.u_ibex_core.load_store_unit_i.IbexDataOffsetKnown] IbexDataOffsetKnown: !$isunknown(data_offset) (/workspace/ibex/rtl/ibex_load_store_unit.sv:487)
"/workspace/ibex/rtl/ibex_cs_registers.sv", 1040: core_ibex_tb_top.dut.u_ibex_core.cs_registers_i.IbexCsrWdataIntKnown: started at 613370000ps failed at 613370000ps
	Offending '(!$isunknown(csr_wdata_int))'
UVM_ERROR /workspace/ibex/shared/rtl/prim_assert.sv(21) @ 61337000: reporter [ASSERT FAILED] [core_ibex_tb_top.dut.u_ibex_core.cs_registers_i.IbexCsrWdataIntKnown] IbexCsrWdataIntKnown: !$isunknown(csr_wdata_int) (/workspace/ibex/rtl/ibex_cs_registers.sv:1040)
UVM_INFO /workspace/ibex/dv/uvm/tests/core_ibex_seq_lib.sv(39) @ 61389000: uvm_test_top.env.irq_agent.sequencer@@irq_drop_seq_h [uvm_test_top.env.irq_agent.sequencer.irq_drop_seq_h] Starting sequence...
UVM_INFO /workspace/ibex/dv/uvm/tests/core_ibex_seq_lib.sv(51) @ 61391000: uvm_test_top.env.irq_agent.sequencer@@irq_drop_seq_h [uvm_test_top.env.irq_agent.sequencer.irq_drop_seq_h] Exiting sequence
UVM_INFO /workspace/ibex/dv/uvm/tests/core_ibex_seq_lib.sv(39) @ 62751000: uvm_test_top.env.irq_agent.sequencer@@irq_single_seq_h [uvm_test_top.env.irq_agent.sequencer.irq_single_seq_h] Starting sequence...
UVM_INFO /workspace/ibex/dv/uvm/tests/core_ibex_seq_lib.sv(51) @ 62753000: uvm_test_top.env.irq_agent.sequencer@@irq_single_seq_h [uvm_test_top.env.irq_agent.sequencer.irq_single_seq_h] Exiting sequence
UVM_INFO /workspace/ibex/dv/uvm/tests/core_ibex_seq_lib.sv(39) @ 62755000: uvm_test_top.env.irq_agent.sequencer@@irq_drop_seq_h [uvm_test_top.env.irq_agent.sequencer.irq_drop_seq_h] Starting sequence...
UVM_INFO /workspace/ibex/dv/uvm/tests/core_ibex_seq_lib.sv(51) @ 62757000: uvm_test_top.env.irq_agent.sequencer@@irq_drop_seq_h [uvm_test_top.env.irq_agent.sequencer.irq_drop_seq_h] Exiting sequence
UVM_INFO /workspace/ibex/dv/uvm/tests/core_ibex_seq_lib.sv(39) @ 63111000: uvm_test_top.env.irq_agent.sequencer@@irq_single_seq_h [uvm_test_top.env.irq_agent.sequencer.irq_single_seq_h] Starting sequence...
UVM_INFO /workspace/ibex/dv/uvm/tests/core_ibex_seq_lib.sv(51) @ 63113000: uvm_test_top.env.irq_agent.sequencer@@irq_single_seq_h [uvm_test_top.env.irq_agent.sequencer.irq_single_seq_h] Exiting sequence
UVM_INFO /workspace/ibex/dv/uvm/tests/core_ibex_seq_lib.sv(39) @ 63115000: uvm_test_top.env.irq_agent.sequencer@@irq_drop_seq_h [uvm_test_top.env.irq_agent.sequencer.irq_drop_seq_h] Starting sequence...
UVM_INFO /workspace/ibex/dv/uvm/tests/core_ibex_seq_lib.sv(51) @ 63115000: uvm_test_top.env.irq_agent.sequencer@@irq_drop_seq_h [uvm_test_top.env.irq_agent.sequencer.irq_drop_seq_h] Exiting sequence
UVM_INFO /workspace/ibex/dv/uvm/tests/core_ibex_seq_lib.sv(39) @ 63687000: uvm_test_top.env.irq_agent.sequencer@@irq_single_seq_h [uvm_test_top.env.irq_agent.sequencer.irq_single_seq_h] Starting sequence...
UVM_INFO /workspace/ibex/dv/uvm/tests/core_ibex_seq_lib.sv(51) @ 63689000: uvm_test_top.env.irq_agent.sequencer@@irq_single_seq_h [uvm_test_top.env.irq_agent.sequencer.irq_single_seq_h] Exiting sequence
UVM_INFO /workspace/ibex/dv/uvm/tests/core_ibex_test_lib.sv(229) @ 63691000: uvm_test_top [uvm_test_top] irq: 0b10000000000000000000
"/workspace/ibex/rtl/ibex_load_store_unit.sv", 487: core_ibex_tb_top.dut.u_ibex_core.load_store_unit_i.IbexDataOffsetKnown: started at 655990000ps failed at 655990000ps
	Offending '(!$isunknown(data_offset))'
UVM_ERROR /workspace/ibex/shared/rtl/prim_assert.sv(21) @ 65599000: reporter [ASSERT FAILED] [core_ibex_tb_top.dut.u_ibex_core.load_store_unit_i.IbexDataOffsetKnown] IbexDataOffsetKnown: !$isunknown(data_offset) (/workspace/ibex/rtl/ibex_load_store_unit.sv:487)
"/workspace/ibex/rtl/ibex_cs_registers.sv", 1040: core_ibex_tb_top.dut.u_ibex_core.cs_registers_i.IbexCsrWdataIntKnown: started at 655990000ps failed at 655990000ps
	Offending '(!$isunknown(csr_wdata_int))'
UVM_ERROR /workspace/ibex/shared/rtl/prim_assert.sv(21) @ 65599000: reporter [ASSERT FAILED] [core_ibex_tb_top.dut.u_ibex_core.cs_registers_i.IbexCsrWdataIntKnown] IbexCsrWdataIntKnown: !$isunknown(csr_wdata_int) (/workspace/ibex/rtl/ibex_cs_registers.sv:1040)
"/workspace/ibex/rtl/ibex_load_store_unit.sv", 487: core_ibex_tb_top.dut.u_ibex_core.load_store_unit_i.IbexDataOffsetKnown: started at 656010000ps failed at 656010000ps
	Offending '(!$isunknown(data_offset))'
UVM_ERROR /workspace/ibex/shared/rtl/prim_assert.sv(21) @ 65601000: reporter [ASSERT FAILED] [core_ibex_tb_top.dut.u_ibex_core.load_store_unit_i.IbexDataOffsetKnown] IbexDataOffsetKnown: !$isunknown(data_offset) (/workspace/ibex/rtl/ibex_load_store_unit.sv:487)
"/workspace/ibex/rtl/ibex_cs_registers.sv", 1040: core_ibex_tb_top.dut.u_ibex_core.cs_registers_i.IbexCsrWdataIntKnown: started at 656010000ps failed at 656010000ps
	Offending '(!$isunknown(csr_wdata_int))'
UVM_ERROR /workspace/ibex/shared/rtl/prim_assert.sv(21) @ 65601000: reporter [ASSERT FAILED] [core_ibex_tb_top.dut.u_ibex_core.cs_registers_i.IbexCsrWdataIntKnown] IbexCsrWdataIntKnown: !$isunknown(csr_wdata_int) (/workspace/ibex/rtl/ibex_cs_registers.sv:1040)
"/workspace/ibex/rtl/ibex_load_store_unit.sv", 487: core_ibex_tb_top.dut.u_ibex_core.load_store_unit_i.IbexDataOffsetKnown: started at 656030000ps failed at 656030000ps
	Offending '(!$isunknown(data_offset))'
UVM_ERROR /workspace/ibex/shared/rtl/prim_assert.sv(21) @ 65603000: reporter [ASSERT FAILED] [core_ibex_tb_top.dut.u_ibex_core.load_store_unit_i.IbexDataOffsetKnown] IbexDataOffsetKnown: !$isunknown(data_offset) (/workspace/ibex/rtl/ibex_load_store_unit.sv:487)
"/workspace/ibex/rtl/ibex_cs_registers.sv", 1040: core_ibex_tb_top.dut.u_ibex_core.cs_registers_i.IbexCsrWdataIntKnown: started at 656030000ps failed at 656030000ps
	Offending '(!$isunknown(csr_wdata_int))'
UVM_ERROR /workspace/ibex/shared/rtl/prim_assert.sv(21) @ 65603000: reporter [ASSERT FAILED] [core_ibex_tb_top.dut.u_ibex_core.cs_registers_i.IbexCsrWdataIntKnown] IbexCsrWdataIntKnown: !$isunknown(csr_wdata_int) (/workspace/ibex/rtl/ibex_cs_registers.sv:1040)
"/workspace/ibex/rtl/ibex_load_store_unit.sv", 487: core_ibex_tb_top.dut.u_ibex_core.load_store_unit_i.IbexDataOffsetKnown: started at 656050000ps failed at 656050000ps
	Offending '(!$isunknown(data_offset))'
UVM_ERROR /workspace/ibex/shared/rtl/prim_assert.sv(21) @ 65605000: reporter [ASSERT FAILED] [core_ibex_tb_top.dut.u_ibex_core.load_store_unit_i.IbexDataOffsetKnown] IbexDataOffsetKnown: !$isunknown(data_offset) (/workspace/ibex/rtl/ibex_load_store_unit.sv:487)
"/workspace/ibex/rtl/ibex_cs_registers.sv", 1040: core_ibex_tb_top.dut.u_ibex_core.cs_registers_i.IbexCsrWdataIntKnown: started at 656050000ps failed at 656050000ps
	Offending '(!$isunknown(csr_wdata_int))'
UVM_ERROR /workspace/ibex/shared/rtl/prim_assert.sv(21) @ 65605000: reporter [ASSERT FAILED] [core_ibex_tb_top.dut.u_ibex_core.cs_registers_i.IbexCsrWdataIntKnown] IbexCsrWdataIntKnown: !$isunknown(csr_wdata_int) (/workspace/ibex/rtl/ibex_cs_registers.sv:1040)
"/workspace/ibex/rtl/ibex_load_store_unit.sv", 487: core_ibex_tb_top.dut.u_ibex_core.load_store_unit_i.IbexDataOffsetKnown: started at 656070000ps failed at 656070000ps
	Offending '(!$isunknown(data_offset))'
UVM_ERROR /workspace/ibex/shared/rtl/prim_assert.sv(21) @ 65607000: reporter [ASSERT FAILED] [core_ibex_tb_top.dut.u_ibex_core.load_store_unit_i.IbexDataOffsetKnown] IbexDataOffsetKnown: !$isunknown(data_offset) (/workspace/ibex/rtl/ibex_load_store_unit.sv:487)
"/workspace/ibex/rtl/ibex_cs_registers.sv", 1040: core_ibex_tb_top.dut.u_ibex_core.cs_registers_i.IbexCsrWdataIntKnown: started at 656070000ps failed at 656070000ps
	Offending '(!$isunknown(csr_wdata_int))'
UVM_ERROR /workspace/ibex/shared/rtl/prim_assert.sv(21) @ 65607000: reporter [ASSERT FAILED] [core_ibex_tb_top.dut.u_ibex_core.cs_registers_i.IbexCsrWdataIntKnown] IbexCsrWdataIntKnown: !$isunknown(csr_wdata_int) (/workspace/ibex/rtl/ibex_cs_registers.sv:1040)
"/workspace/ibex/rtl/ibex_load_store_unit.sv", 487: core_ibex_tb_top.dut.u_ibex_core.load_store_unit_i.IbexDataOffsetKnown: started at 656090000ps failed at 656090000ps
	Offending '(!$isunknown(data_offset))'
UVM_ERROR /workspace/ibex/shared/rtl/prim_assert.sv(21) @ 65609000: reporter [ASSERT FAILED] [core_ibex_tb_top.dut.u_ibex_core.load_store_unit_i.IbexDataOffsetKnown] IbexDataOffsetKnown: !$isunknown(data_offset) (/workspace/ibex/rtl/ibex_load_store_unit.sv:487)
"/workspace/ibex/rtl/ibex_cs_registers.sv", 1040: core_ibex_tb_top.dut.u_ibex_core.cs_registers_i.IbexCsrWdataIntKnown: started at 656090000ps failed at 656090000ps
	Offending '(!$isunknown(csr_wdata_int))'
UVM_ERROR /workspace/ibex/shared/rtl/prim_assert.sv(21) @ 65609000: reporter [ASSERT FAILED] [core_ibex_tb_top.dut.u_ibex_core.cs_registers_i.IbexCsrWdataIntKnown] IbexCsrWdataIntKnown: !$isunknown(csr_wdata_int) (/workspace/ibex/rtl/ibex_cs_registers.sv:1040)
"/workspace/ibex/rtl/ibex_load_store_unit.sv", 487: core_ibex_tb_top.dut.u_ibex_core.load_store_unit_i.IbexDataOffsetKnown: started at 656110000ps failed at 656110000ps
	Offending '(!$isunknown(data_offset))'
UVM_ERROR /workspace/ibex/shared/rtl/prim_assert.sv(21) @ 65611000: reporter [ASSERT FAILED] [core_ibex_tb_top.dut.u_ibex_core.load_store_unit_i.IbexDataOffsetKnown] IbexDataOffsetKnown: !$isunknown(data_offset) (/workspace/ibex/rtl/ibex_load_store_unit.sv:487)
"/workspace/ibex/rtl/ibex_cs_registers.sv", 1040: core_ibex_tb_top.dut.u_ibex_core.cs_registers_i.IbexCsrWdataIntKnown: started at 656110000ps failed at 656110000ps
	Offending '(!$isunknown(csr_wdata_int))'
UVM_ERROR /workspace/ibex/shared/rtl/prim_assert.sv(21) @ 65611000: reporter [ASSERT FAILED] [core_ibex_tb_top.dut.u_ibex_core.cs_registers_i.IbexCsrWdataIntKnown] IbexCsrWdataIntKnown: !$isunknown(csr_wdata_int) (/workspace/ibex/rtl/ibex_cs_registers.sv:1040)
"/workspace/ibex/rtl/ibex_load_store_unit.sv", 487: core_ibex_tb_top.dut.u_ibex_core.load_store_unit_i.IbexDataOffsetKnown: started at 656130000ps failed at 656130000ps
	Offending '(!$isunknown(data_offset))'
UVM_ERROR /workspace/ibex/shared/rtl/prim_assert.sv(21) @ 65613000: reporter [ASSERT FAILED] [core_ibex_tb_top.dut.u_ibex_core.load_store_unit_i.IbexDataOffsetKnown] IbexDataOffsetKnown: !$isunknown(data_offset) (/workspace/ibex/rtl/ibex_load_store_unit.sv:487)
"/workspace/ibex/rtl/ibex_cs_registers.sv", 1040: core_ibex_tb_top.dut.u_ibex_core.cs_registers_i.IbexCsrWdataIntKnown: started at 656130000ps failed at 656130000ps
	Offending '(!$isunknown(csr_wdata_int))'
UVM_ERROR /workspace/ibex/shared/rtl/prim_assert.sv(21) @ 65613000: reporter [ASSERT FAILED] [core_ibex_tb_top.dut.u_ibex_core.cs_registers_i.IbexCsrWdataIntKnown] IbexCsrWdataIntKnown: !$isunknown(csr_wdata_int) (/workspace/ibex/rtl/ibex_cs_registers.sv:1040)
"/workspace/ibex/rtl/ibex_load_store_unit.sv", 487: core_ibex_tb_top.dut.u_ibex_core.load_store_unit_i.IbexDataOffsetKnown: started at 656150000ps failed at 656150000ps
	Offending '(!$isunknown(data_offset))'
UVM_ERROR /workspace/ibex/shared/rtl/prim_assert.sv(21) @ 65615000: reporter [ASSERT FAILED] [core_ibex_tb_top.dut.u_ibex_core.load_store_unit_i.IbexDataOffsetKnown] IbexDataOffsetKnown: !$isunknown(data_offset) (/workspace/ibex/rtl/ibex_load_store_unit.sv:487)
"/workspace/ibex/rtl/ibex_cs_registers.sv", 1040: core_ibex_tb_top.dut.u_ibex_core.cs_registers_i.IbexCsrWdataIntKnown: started at 656150000ps failed at 656150000ps
	Offending '(!$isunknown(csr_wdata_int))'
UVM_ERROR /workspace/ibex/shared/rtl/prim_assert.sv(21) @ 65615000: reporter [ASSERT FAILED] [core_ibex_tb_top.dut.u_ibex_core.cs_registers_i.IbexCsrWdataIntKnown] IbexCsrWdataIntKnown: !$isunknown(csr_wdata_int) (/workspace/ibex/rtl/ibex_cs_registers.sv:1040)
"/workspace/ibex/rtl/ibex_load_store_unit.sv", 487: core_ibex_tb_top.dut.u_ibex_core.load_store_unit_i.IbexDataOffsetKnown: started at 656170000ps failed at 656170000ps
	Offending '(!$isunknown(data_offset))'
UVM_ERROR /workspace/ibex/shared/rtl/prim_assert.sv(21) @ 65617000: reporter [ASSERT FAILED] [core_ibex_tb_top.dut.u_ibex_core.load_store_unit_i.IbexDataOffsetKnown] IbexDataOffsetKnown: !$isunknown(data_offset) (/workspace/ibex/rtl/ibex_load_store_unit.sv:487)
"/workspace/ibex/rtl/ibex_cs_registers.sv", 1040: core_ibex_tb_top.dut.u_ibex_core.cs_registers_i.IbexCsrWdataIntKnown: started at 656170000ps failed at 656170000ps
	Offending '(!$isunknown(csr_wdata_int))'
UVM_ERROR /workspace/ibex/shared/rtl/prim_assert.sv(21) @ 65617000: reporter [ASSERT FAILED] [core_ibex_tb_top.dut.u_ibex_core.cs_registers_i.IbexCsrWdataIntKnown] IbexCsrWdataIntKnown: !$isunknown(csr_wdata_int) (/workspace/ibex/rtl/ibex_cs_registers.sv:1040)
"/workspace/ibex/rtl/ibex_load_store_unit.sv", 487: core_ibex_tb_top.dut.u_ibex_core.load_store_unit_i.IbexDataOffsetKnown: started at 656190000ps failed at 656190000ps
	Offending '(!$isunknown(data_offset))'
UVM_ERROR /workspace/ibex/shared/rtl/prim_assert.sv(21) @ 65619000: reporter [ASSERT FAILED] [core_ibex_tb_top.dut.u_ibex_core.load_store_unit_i.IbexDataOffsetKnown] IbexDataOffsetKnown: !$isunknown(data_offset) (/workspace/ibex/rtl/ibex_load_store_unit.sv:487)
"/workspace/ibex/rtl/ibex_cs_registers.sv", 1040: core_ibex_tb_top.dut.u_ibex_core.cs_registers_i.IbexCsrWdataIntKnown: started at 656190000ps failed at 656190000ps
	Offending '(!$isunknown(csr_wdata_int))'
UVM_ERROR /workspace/ibex/shared/rtl/prim_assert.sv(21) @ 65619000: reporter [ASSERT FAILED] [core_ibex_tb_top.dut.u_ibex_core.cs_registers_i.IbexCsrWdataIntKnown] IbexCsrWdataIntKnown: !$isunknown(csr_wdata_int) (/workspace/ibex/rtl/ibex_cs_registers.sv:1040)
"/workspace/ibex/rtl/ibex_load_store_unit.sv", 487: core_ibex_tb_top.dut.u_ibex_core.load_store_unit_i.IbexDataOffsetKnown: started at 656210000ps failed at 656210000ps
	Offending '(!$isunknown(data_offset))'
UVM_ERROR /workspace/ibex/shared/rtl/prim_assert.sv(21) @ 65621000: reporter [ASSERT FAILED] [core_ibex_tb_top.dut.u_ibex_core.load_store_unit_i.IbexDataOffsetKnown] IbexDataOffsetKnown: !$isunknown(data_offset) (/workspace/ibex/rtl/ibex_load_store_unit.sv:487)
"/workspace/ibex/rtl/ibex_cs_registers.sv", 1040: core_ibex_tb_top.dut.u_ibex_core.cs_registers_i.IbexCsrWdataIntKnown: started at 656210000ps failed at 656210000ps
	Offending '(!$isunknown(csr_wdata_int))'
UVM_ERROR /workspace/ibex/shared/rtl/prim_assert.sv(21) @ 65621000: reporter [ASSERT FAILED] [core_ibex_tb_top.dut.u_ibex_core.cs_registers_i.IbexCsrWdataIntKnown] IbexCsrWdataIntKnown: !$isunknown(csr_wdata_int) (/workspace/ibex/rtl/ibex_cs_registers.sv:1040)
"/workspace/ibex/rtl/ibex_load_store_unit.sv", 487: core_ibex_tb_top.dut.u_ibex_core.load_store_unit_i.IbexDataOffsetKnown: started at 656230000ps failed at 656230000ps
	Offending '(!$isunknown(data_offset))'
UVM_ERROR /workspace/ibex/shared/rtl/prim_assert.sv(21) @ 65623000: reporter [ASSERT FAILED] [core_ibex_tb_top.dut.u_ibex_core.load_store_unit_i.IbexDataOffsetKnown] IbexDataOffsetKnown: !$isunknown(data_offset) (/workspace/ibex/rtl/ibex_load_store_unit.sv:487)
"/workspace/ibex/rtl/ibex_cs_registers.sv", 1040: core_ibex_tb_top.dut.u_ibex_core.cs_registers_i.IbexCsrWdataIntKnown: started at 656230000ps failed at 656230000ps
	Offending '(!$isunknown(csr_wdata_int))'
UVM_ERROR /workspace/ibex/shared/rtl/prim_assert.sv(21) @ 65623000: reporter [ASSERT FAILED] [core_ibex_tb_top.dut.u_ibex_core.cs_registers_i.IbexCsrWdataIntKnown] IbexCsrWdataIntKnown: !$isunknown(csr_wdata_int) (/workspace/ibex/rtl/ibex_cs_registers.sv:1040)
"/workspace/ibex/rtl/ibex_load_store_unit.sv", 487: core_ibex_tb_top.dut.u_ibex_core.load_store_unit_i.IbexDataOffsetKnown: started at 656250000ps failed at 656250000ps
	Offending '(!$isunknown(data_offset))'
UVM_ERROR /workspace/ibex/shared/rtl/prim_assert.sv(21) @ 65625000: reporter [ASSERT FAILED] [core_ibex_tb_top.dut.u_ibex_core.load_store_unit_i.IbexDataOffsetKnown] IbexDataOffsetKnown: !$isunknown(data_offset) (/workspace/ibex/rtl/ibex_load_store_unit.sv:487)
"/workspace/ibex/rtl/ibex_cs_registers.sv", 1040: core_ibex_tb_top.dut.u_ibex_core.cs_registers_i.IbexCsrWdataIntKnown: started at 656250000ps failed at 656250000ps
	Offending '(!$isunknown(csr_wdata_int))'
UVM_ERROR /workspace/ibex/shared/rtl/prim_assert.sv(21) @ 65625000: reporter [ASSERT FAILED] [core_ibex_tb_top.dut.u_ibex_core.cs_registers_i.IbexCsrWdataIntKnown] IbexCsrWdataIntKnown: !$isunknown(csr_wdata_int) (/workspace/ibex/rtl/ibex_cs_registers.sv:1040)
"/workspace/ibex/rtl/ibex_load_store_unit.sv", 487: core_ibex_tb_top.dut.u_ibex_core.load_store_unit_i.IbexDataOffsetKnown: started at 656270000ps failed at 656270000ps
	Offending '(!$isunknown(data_offset))'
UVM_ERROR /workspace/ibex/shared/rtl/prim_assert.sv(21) @ 65627000: reporter [ASSERT FAILED] [core_ibex_tb_top.dut.u_ibex_core.load_store_unit_i.IbexDataOffsetKnown] IbexDataOffsetKnown: !$isunknown(data_offset) (/workspace/ibex/rtl/ibex_load_store_unit.sv:487)
"/workspace/ibex/rtl/ibex_cs_registers.sv", 1040: core_ibex_tb_top.dut.u_ibex_core.cs_registers_i.IbexCsrWdataIntKnown: started at 656270000ps failed at 656270000ps
	Offending '(!$isunknown(csr_wdata_int))'
UVM_ERROR /workspace/ibex/shared/rtl/prim_assert.sv(21) @ 65627000: reporter [ASSERT FAILED] [core_ibex_tb_top.dut.u_ibex_core.cs_registers_i.IbexCsrWdataIntKnown] IbexCsrWdataIntKnown: !$isunknown(csr_wdata_int) (/workspace/ibex/rtl/ibex_cs_registers.sv:1040)
"/workspace/ibex/rtl/ibex_load_store_unit.sv", 487: core_ibex_tb_top.dut.u_ibex_core.load_store_unit_i.IbexDataOffsetKnown: started at 656290000ps failed at 656290000ps
	Offending '(!$isunknown(data_offset))'
UVM_ERROR /workspace/ibex/shared/rtl/prim_assert.sv(21) @ 65629000: reporter [ASSERT FAILED] [core_ibex_tb_top.dut.u_ibex_core.load_store_unit_i.IbexDataOffsetKnown] IbexDataOffsetKnown: !$isunknown(data_offset) (/workspace/ibex/rtl/ibex_load_store_unit.sv:487)
"/workspace/ibex/rtl/ibex_cs_registers.sv", 1040: core_ibex_tb_top.dut.u_ibex_core.cs_registers_i.IbexCsrWdataIntKnown: started at 656290000ps failed at 656290000ps
	Offending '(!$isunknown(csr_wdata_int))'
UVM_ERROR /workspace/ibex/shared/rtl/prim_assert.sv(21) @ 65629000: reporter [ASSERT FAILED] [core_ibex_tb_top.dut.u_ibex_core.cs_registers_i.IbexCsrWdataIntKnown] IbexCsrWdataIntKnown: !$isunknown(csr_wdata_int) (/workspace/ibex/rtl/ibex_cs_registers.sv:1040)
"/workspace/ibex/rtl/ibex_load_store_unit.sv", 487: core_ibex_tb_top.dut.u_ibex_core.load_store_unit_i.IbexDataOffsetKnown: started at 656310000ps failed at 656310000ps
	Offending '(!$isunknown(data_offset))'
UVM_ERROR /workspace/ibex/shared/rtl/prim_assert.sv(21) @ 65631000: reporter [ASSERT FAILED] [core_ibex_tb_top.dut.u_ibex_core.load_store_unit_i.IbexDataOffsetKnown] IbexDataOffsetKnown: !$isunknown(data_offset) (/workspace/ibex/rtl/ibex_load_store_unit.sv:487)
"/workspace/ibex/rtl/ibex_cs_registers.sv", 1040: core_ibex_tb_top.dut.u_ibex_core.cs_registers_i.IbexCsrWdataIntKnown: started at 656310000ps failed at 656310000ps
	Offending '(!$isunknown(csr_wdata_int))'
UVM_ERROR /workspace/ibex/shared/rtl/prim_assert.sv(21) @ 65631000: reporter [ASSERT FAILED] [core_ibex_tb_top.dut.u_ibex_core.cs_registers_i.IbexCsrWdataIntKnown] IbexCsrWdataIntKnown: !$isunknown(csr_wdata_int) (/workspace/ibex/rtl/ibex_cs_registers.sv:1040)
UVM_INFO /workspace/ibex/dv/uvm/tests/core_ibex_seq_lib.sv(39) @ 65727000: uvm_test_top.env.irq_agent.sequencer@@irq_drop_seq_h [uvm_test_top.env.irq_agent.sequencer.irq_drop_seq_h] Starting sequence...
UVM_INFO /workspace/ibex/dv/uvm/tests/core_ibex_seq_lib.sv(51) @ 65727000: uvm_test_top.env.irq_agent.sequencer@@irq_drop_seq_h [uvm_test_top.env.irq_agent.sequencer.irq_drop_seq_h] Exiting sequence
UVM_INFO /workspace/ibex/dv/uvm/tests/core_ibex_seq_lib.sv(39) @ 67067000: uvm_test_top.env.irq_agent.sequencer@@irq_single_seq_h [uvm_test_top.env.irq_agent.sequencer.irq_single_seq_h] Starting sequence...
UVM_INFO /workspace/ibex/dv/uvm/tests/core_ibex_seq_lib.sv(51) @ 67069000: uvm_test_top.env.irq_agent.sequencer@@irq_single_seq_h [uvm_test_top.env.irq_agent.sequencer.irq_single_seq_h] Exiting sequence
UVM_INFO /workspace/ibex/dv/uvm/tests/core_ibex_seq_lib.sv(39) @ 67071000: uvm_test_top.env.irq_agent.sequencer@@irq_drop_seq_h [uvm_test_top.env.irq_agent.sequencer.irq_drop_seq_h] Starting sequence...
UVM_INFO /workspace/ibex/dv/uvm/tests/core_ibex_seq_lib.sv(51) @ 67071000: uvm_test_top.env.irq_agent.sequencer@@irq_drop_seq_h [uvm_test_top.env.irq_agent.sequencer.irq_drop_seq_h] Exiting sequence
UVM_INFO /workspace/ibex/dv/uvm/tests/core_ibex_seq_lib.sv(39) @ 67913000: uvm_test_top.env.irq_agent.sequencer@@irq_single_seq_h [uvm_test_top.env.irq_agent.sequencer.irq_single_seq_h] Starting sequence...
UVM_INFO /workspace/ibex/dv/uvm/tests/core_ibex_seq_lib.sv(51) @ 67915000: uvm_test_top.env.irq_agent.sequencer@@irq_single_seq_h [uvm_test_top.env.irq_agent.sequencer.irq_single_seq_h] Exiting sequence
UVM_INFO /workspace/ibex/dv/uvm/tests/core_ibex_seq_lib.sv(39) @ 67917000: uvm_test_top.env.irq_agent.sequencer@@irq_drop_seq_h [uvm_test_top.env.irq_agent.sequencer.irq_drop_seq_h] Starting sequence...
UVM_INFO /workspace/ibex/dv/uvm/tests/core_ibex_seq_lib.sv(51) @ 67917000: uvm_test_top.env.irq_agent.sequencer@@irq_drop_seq_h [uvm_test_top.env.irq_agent.sequencer.irq_drop_seq_h] Exiting sequence
UVM_INFO /workspace/ibex/dv/uvm/tests/core_ibex_seq_lib.sv(39) @ 68045000: uvm_test_top.env.irq_agent.sequencer@@irq_single_seq_h [uvm_test_top.env.irq_agent.sequencer.irq_single_seq_h] Starting sequence...
UVM_INFO /workspace/ibex/dv/uvm/tests/core_ibex_seq_lib.sv(51) @ 68047000: uvm_test_top.env.irq_agent.sequencer@@irq_single_seq_h [uvm_test_top.env.irq_agent.sequencer.irq_single_seq_h] Exiting sequence
UVM_INFO /workspace/ibex/dv/uvm/tests/core_ibex_test_lib.sv(229) @ 68049000: uvm_test_top [uvm_test_top] irq: 0b100000000000000000
"/workspace/ibex/rtl/ibex_load_store_unit.sv", 487: core_ibex_tb_top.dut.u_ibex_core.load_store_unit_i.IbexDataOffsetKnown: started at 699770000ps failed at 699770000ps
	Offending '(!$isunknown(data_offset))'
UVM_ERROR /workspace/ibex/shared/rtl/prim_assert.sv(21) @ 69977000: reporter [ASSERT FAILED] [core_ibex_tb_top.dut.u_ibex_core.load_store_unit_i.IbexDataOffsetKnown] IbexDataOffsetKnown: !$isunknown(data_offset) (/workspace/ibex/rtl/ibex_load_store_unit.sv:487)
"/workspace/ibex/rtl/ibex_cs_registers.sv", 1040: core_ibex_tb_top.dut.u_ibex_core.cs_registers_i.IbexCsrWdataIntKnown: started at 699770000ps failed at 699770000ps
	Offending '(!$isunknown(csr_wdata_int))'
UVM_ERROR /workspace/ibex/shared/rtl/prim_assert.sv(21) @ 69977000: reporter [ASSERT FAILED] [core_ibex_tb_top.dut.u_ibex_core.cs_registers_i.IbexCsrWdataIntKnown] IbexCsrWdataIntKnown: !$isunknown(csr_wdata_int) (/workspace/ibex/rtl/ibex_cs_registers.sv:1040)
"/workspace/ibex/rtl/ibex_load_store_unit.sv", 487: core_ibex_tb_top.dut.u_ibex_core.load_store_unit_i.IbexDataOffsetKnown: started at 699790000ps failed at 699790000ps
	Offending '(!$isunknown(data_offset))'
UVM_ERROR /workspace/ibex/shared/rtl/prim_assert.sv(21) @ 69979000: reporter [ASSERT FAILED] [core_ibex_tb_top.dut.u_ibex_core.load_store_unit_i.IbexDataOffsetKnown] IbexDataOffsetKnown: !$isunknown(data_offset) (/workspace/ibex/rtl/ibex_load_store_unit.sv:487)
"/workspace/ibex/rtl/ibex_cs_registers.sv", 1040: core_ibex_tb_top.dut.u_ibex_core.cs_registers_i.IbexCsrWdataIntKnown: started at 699790000ps failed at 699790000ps
	Offending '(!$isunknown(csr_wdata_int))'
UVM_ERROR /workspace/ibex/shared/rtl/prim_assert.sv(21) @ 69979000: reporter [ASSERT FAILED] [core_ibex_tb_top.dut.u_ibex_core.cs_registers_i.IbexCsrWdataIntKnown] IbexCsrWdataIntKnown: !$isunknown(csr_wdata_int) (/workspace/ibex/rtl/ibex_cs_registers.sv:1040)
"/workspace/ibex/rtl/ibex_load_store_unit.sv", 487: core_ibex_tb_top.dut.u_ibex_core.load_store_unit_i.IbexDataOffsetKnown: started at 699810000ps failed at 699810000ps
	Offending '(!$isunknown(data_offset))'
UVM_ERROR /workspace/ibex/shared/rtl/prim_assert.sv(21) @ 69981000: reporter [ASSERT FAILED] [core_ibex_tb_top.dut.u_ibex_core.load_store_unit_i.IbexDataOffsetKnown] IbexDataOffsetKnown: !$isunknown(data_offset) (/workspace/ibex/rtl/ibex_load_store_unit.sv:487)
"/workspace/ibex/rtl/ibex_cs_registers.sv", 1040: core_ibex_tb_top.dut.u_ibex_core.cs_registers_i.IbexCsrWdataIntKnown: started at 699810000ps failed at 699810000ps
	Offending '(!$isunknown(csr_wdata_int))'
UVM_ERROR /workspace/ibex/shared/rtl/prim_assert.sv(21) @ 69981000: reporter [ASSERT FAILED] [core_ibex_tb_top.dut.u_ibex_core.cs_registers_i.IbexCsrWdataIntKnown] IbexCsrWdataIntKnown: !$isunknown(csr_wdata_int) (/workspace/ibex/rtl/ibex_cs_registers.sv:1040)
"/workspace/ibex/rtl/ibex_load_store_unit.sv", 487: core_ibex_tb_top.dut.u_ibex_core.load_store_unit_i.IbexDataOffsetKnown: started at 699830000ps failed at 699830000ps
	Offending '(!$isunknown(data_offset))'
UVM_ERROR /workspace/ibex/shared/rtl/prim_assert.sv(21) @ 69983000: reporter [ASSERT FAILED] [core_ibex_tb_top.dut.u_ibex_core.load_store_unit_i.IbexDataOffsetKnown] IbexDataOffsetKnown: !$isunknown(data_offset) (/workspace/ibex/rtl/ibex_load_store_unit.sv:487)
"/workspace/ibex/rtl/ibex_cs_registers.sv", 1040: core_ibex_tb_top.dut.u_ibex_core.cs_registers_i.IbexCsrWdataIntKnown: started at 699830000ps failed at 699830000ps
	Offending '(!$isunknown(csr_wdata_int))'
UVM_ERROR /workspace/ibex/shared/rtl/prim_assert.sv(21) @ 69983000: reporter [ASSERT FAILED] [core_ibex_tb_top.dut.u_ibex_core.cs_registers_i.IbexCsrWdataIntKnown] IbexCsrWdataIntKnown: !$isunknown(csr_wdata_int) (/workspace/ibex/rtl/ibex_cs_registers.sv:1040)
"/workspace/ibex/rtl/ibex_load_store_unit.sv", 487: core_ibex_tb_top.dut.u_ibex_core.load_store_unit_i.IbexDataOffsetKnown: started at 699850000ps failed at 699850000ps
	Offending '(!$isunknown(data_offset))'
UVM_ERROR /workspace/ibex/shared/rtl/prim_assert.sv(21) @ 69985000: reporter [ASSERT FAILED] [core_ibex_tb_top.dut.u_ibex_core.load_store_unit_i.IbexDataOffsetKnown] IbexDataOffsetKnown: !$isunknown(data_offset) (/workspace/ibex/rtl/ibex_load_store_unit.sv:487)
"/workspace/ibex/rtl/ibex_cs_registers.sv", 1040: core_ibex_tb_top.dut.u_ibex_core.cs_registers_i.IbexCsrWdataIntKnown: started at 699850000ps failed at 699850000ps
	Offending '(!$isunknown(csr_wdata_int))'
UVM_ERROR /workspace/ibex/shared/rtl/prim_assert.sv(21) @ 69985000: reporter [ASSERT FAILED] [core_ibex_tb_top.dut.u_ibex_core.cs_registers_i.IbexCsrWdataIntKnown] IbexCsrWdataIntKnown: !$isunknown(csr_wdata_int) (/workspace/ibex/rtl/ibex_cs_registers.sv:1040)
"/workspace/ibex/rtl/ibex_load_store_unit.sv", 487: core_ibex_tb_top.dut.u_ibex_core.load_store_unit_i.IbexDataOffsetKnown: started at 699870000ps failed at 699870000ps
	Offending '(!$isunknown(data_offset))'
UVM_ERROR /workspace/ibex/shared/rtl/prim_assert.sv(21) @ 69987000: reporter [ASSERT FAILED] [core_ibex_tb_top.dut.u_ibex_core.load_store_unit_i.IbexDataOffsetKnown] IbexDataOffsetKnown: !$isunknown(data_offset) (/workspace/ibex/rtl/ibex_load_store_unit.sv:487)
"/workspace/ibex/rtl/ibex_cs_registers.sv", 1040: core_ibex_tb_top.dut.u_ibex_core.cs_registers_i.IbexCsrWdataIntKnown: started at 699870000ps failed at 699870000ps
	Offending '(!$isunknown(csr_wdata_int))'
UVM_ERROR /workspace/ibex/shared/rtl/prim_assert.sv(21) @ 69987000: reporter [ASSERT FAILED] [core_ibex_tb_top.dut.u_ibex_core.cs_registers_i.IbexCsrWdataIntKnown] IbexCsrWdataIntKnown: !$isunknown(csr_wdata_int) (/workspace/ibex/rtl/ibex_cs_registers.sv:1040)
UVM_INFO /workspace/ibex/dv/uvm/tests/core_ibex_seq_lib.sv(39) @ 70123000: uvm_test_top.env.irq_agent.sequencer@@irq_drop_seq_h [uvm_test_top.env.irq_agent.sequencer.irq_drop_seq_h] Starting sequence...
UVM_INFO /workspace/ibex/dv/uvm/tests/core_ibex_seq_lib.sv(51) @ 70123000: uvm_test_top.env.irq_agent.sequencer@@irq_drop_seq_h [uvm_test_top.env.irq_agent.sequencer.irq_drop_seq_h] Exiting sequence
UVM_INFO /workspace/ibex/dv/uvm/tests/core_ibex_seq_lib.sv(39) @ 71469000: uvm_test_top.env.irq_agent.sequencer@@irq_single_seq_h [uvm_test_top.env.irq_agent.sequencer.irq_single_seq_h] Starting sequence...
UVM_INFO /workspace/ibex/dv/uvm/tests/core_ibex_seq_lib.sv(51) @ 71471000: uvm_test_top.env.irq_agent.sequencer@@irq_single_seq_h [uvm_test_top.env.irq_agent.sequencer.irq_single_seq_h] Exiting sequence
UVM_INFO /workspace/ibex/dv/uvm/tests/core_ibex_test_lib.sv(229) @ 71473000: uvm_test_top [uvm_test_top] irq: 0b100000000000000000
"/workspace/ibex/rtl/ibex_load_store_unit.sv", 487: core_ibex_tb_top.dut.u_ibex_core.load_store_unit_i.IbexDataOffsetKnown: started at 732590000ps failed at 732590000ps
	Offending '(!$isunknown(data_offset))'
UVM_ERROR /workspace/ibex/shared/rtl/prim_assert.sv(21) @ 73259000: reporter [ASSERT FAILED] [core_ibex_tb_top.dut.u_ibex_core.load_store_unit_i.IbexDataOffsetKnown] IbexDataOffsetKnown: !$isunknown(data_offset) (/workspace/ibex/rtl/ibex_load_store_unit.sv:487)
"/workspace/ibex/rtl/ibex_cs_registers.sv", 1040: core_ibex_tb_top.dut.u_ibex_core.cs_registers_i.IbexCsrWdataIntKnown: started at 732590000ps failed at 732590000ps
	Offending '(!$isunknown(csr_wdata_int))'
UVM_ERROR /workspace/ibex/shared/rtl/prim_assert.sv(21) @ 73259000: reporter [ASSERT FAILED] [core_ibex_tb_top.dut.u_ibex_core.cs_registers_i.IbexCsrWdataIntKnown] IbexCsrWdataIntKnown: !$isunknown(csr_wdata_int) (/workspace/ibex/rtl/ibex_cs_registers.sv:1040)
UVM_INFO /workspace/ibex/dv/uvm/tests/core_ibex_seq_lib.sv(39) @ 73333000: uvm_test_top.env.irq_agent.sequencer@@irq_drop_seq_h [uvm_test_top.env.irq_agent.sequencer.irq_drop_seq_h] Starting sequence...
UVM_INFO /workspace/ibex/dv/uvm/tests/core_ibex_seq_lib.sv(51) @ 73333000: uvm_test_top.env.irq_agent.sequencer@@irq_drop_seq_h [uvm_test_top.env.irq_agent.sequencer.irq_drop_seq_h] Exiting sequence
UVM_INFO /workspace/ibex/dv/uvm/tests/core_ibex_seq_lib.sv(39) @ 74909000: uvm_test_top.env.irq_agent.sequencer@@irq_single_seq_h [uvm_test_top.env.irq_agent.sequencer.irq_single_seq_h] Starting sequence...
UVM_INFO /workspace/ibex/dv/uvm/tests/core_ibex_seq_lib.sv(51) @ 74911000: uvm_test_top.env.irq_agent.sequencer@@irq_single_seq_h [uvm_test_top.env.irq_agent.sequencer.irq_single_seq_h] Exiting sequence
UVM_INFO /workspace/ibex/dv/uvm/tests/core_ibex_test_lib.sv(229) @ 74913000: uvm_test_top [uvm_test_top] irq: 0b100000000000000000000000
"/workspace/ibex/rtl/ibex_load_store_unit.sv", 487: core_ibex_tb_top.dut.u_ibex_core.load_store_unit_i.IbexDataOffsetKnown: started at 768330000ps failed at 768330000ps
	Offending '(!$isunknown(data_offset))'
UVM_ERROR /workspace/ibex/shared/rtl/prim_assert.sv(21) @ 76833000: reporter [ASSERT FAILED] [core_ibex_tb_top.dut.u_ibex_core.load_store_unit_i.IbexDataOffsetKnown] IbexDataOffsetKnown: !$isunknown(data_offset) (/workspace/ibex/rtl/ibex_load_store_unit.sv:487)
"/workspace/ibex/rtl/ibex_cs_registers.sv", 1040: core_ibex_tb_top.dut.u_ibex_core.cs_registers_i.IbexCsrWdataIntKnown: started at 768330000ps failed at 768330000ps
	Offending '(!$isunknown(csr_wdata_int))'
UVM_ERROR /workspace/ibex/shared/rtl/prim_assert.sv(21) @ 76833000: reporter [ASSERT FAILED] [core_ibex_tb_top.dut.u_ibex_core.cs_registers_i.IbexCsrWdataIntKnown] IbexCsrWdataIntKnown: !$isunknown(csr_wdata_int) (/workspace/ibex/rtl/ibex_cs_registers.sv:1040)
"/workspace/ibex/rtl/ibex_load_store_unit.sv", 487: core_ibex_tb_top.dut.u_ibex_core.load_store_unit_i.IbexDataOffsetKnown: started at 768350000ps failed at 768350000ps
	Offending '(!$isunknown(data_offset))'
UVM_ERROR /workspace/ibex/shared/rtl/prim_assert.sv(21) @ 76835000: reporter [ASSERT FAILED] [core_ibex_tb_top.dut.u_ibex_core.load_store_unit_i.IbexDataOffsetKnown] IbexDataOffsetKnown: !$isunknown(data_offset) (/workspace/ibex/rtl/ibex_load_store_unit.sv:487)
"/workspace/ibex/rtl/ibex_cs_registers.sv", 1040: core_ibex_tb_top.dut.u_ibex_core.cs_registers_i.IbexCsrWdataIntKnown: started at 768350000ps failed at 768350000ps
	Offending '(!$isunknown(csr_wdata_int))'
UVM_ERROR /workspace/ibex/shared/rtl/prim_assert.sv(21) @ 76835000: reporter [ASSERT FAILED] [core_ibex_tb_top.dut.u_ibex_core.cs_registers_i.IbexCsrWdataIntKnown] IbexCsrWdataIntKnown: !$isunknown(csr_wdata_int) (/workspace/ibex/rtl/ibex_cs_registers.sv:1040)
"/workspace/ibex/rtl/ibex_load_store_unit.sv", 487: core_ibex_tb_top.dut.u_ibex_core.load_store_unit_i.IbexDataOffsetKnown: started at 768370000ps failed at 768370000ps
	Offending '(!$isunknown(data_offset))'
UVM_ERROR /workspace/ibex/shared/rtl/prim_assert.sv(21) @ 76837000: reporter [ASSERT FAILED] [core_ibex_tb_top.dut.u_ibex_core.load_store_unit_i.IbexDataOffsetKnown] IbexDataOffsetKnown: !$isunknown(data_offset) (/workspace/ibex/rtl/ibex_load_store_unit.sv:487)
"/workspace/ibex/rtl/ibex_cs_registers.sv", 1040: core_ibex_tb_top.dut.u_ibex_core.cs_registers_i.IbexCsrWdataIntKnown: started at 768370000ps failed at 768370000ps
	Offending '(!$isunknown(csr_wdata_int))'
UVM_ERROR /workspace/ibex/shared/rtl/prim_assert.sv(21) @ 76837000: reporter [ASSERT FAILED] [core_ibex_tb_top.dut.u_ibex_core.cs_registers_i.IbexCsrWdataIntKnown] IbexCsrWdataIntKnown: !$isunknown(csr_wdata_int) (/workspace/ibex/rtl/ibex_cs_registers.sv:1040)
"/workspace/ibex/rtl/ibex_load_store_unit.sv", 487: core_ibex_tb_top.dut.u_ibex_core.load_store_unit_i.IbexDataOffsetKnown: started at 768390000ps failed at 768390000ps
	Offending '(!$isunknown(data_offset))'
UVM_ERROR /workspace/ibex/shared/rtl/prim_assert.sv(21) @ 76839000: reporter [ASSERT FAILED] [core_ibex_tb_top.dut.u_ibex_core.load_store_unit_i.IbexDataOffsetKnown] IbexDataOffsetKnown: !$isunknown(data_offset) (/workspace/ibex/rtl/ibex_load_store_unit.sv:487)
"/workspace/ibex/rtl/ibex_cs_registers.sv", 1040: core_ibex_tb_top.dut.u_ibex_core.cs_registers_i.IbexCsrWdataIntKnown: started at 768390000ps failed at 768390000ps
	Offending '(!$isunknown(csr_wdata_int))'
UVM_ERROR /workspace/ibex/shared/rtl/prim_assert.sv(21) @ 76839000: reporter [ASSERT FAILED] [core_ibex_tb_top.dut.u_ibex_core.cs_registers_i.IbexCsrWdataIntKnown] IbexCsrWdataIntKnown: !$isunknown(csr_wdata_int) (/workspace/ibex/rtl/ibex_cs_registers.sv:1040)
"/workspace/ibex/rtl/ibex_load_store_unit.sv", 487: core_ibex_tb_top.dut.u_ibex_core.load_store_unit_i.IbexDataOffsetKnown: started at 768410000ps failed at 768410000ps
	Offending '(!$isunknown(data_offset))'
UVM_ERROR /workspace/ibex/shared/rtl/prim_assert.sv(21) @ 76841000: reporter [ASSERT FAILED] [core_ibex_tb_top.dut.u_ibex_core.load_store_unit_i.IbexDataOffsetKnown] IbexDataOffsetKnown: !$isunknown(data_offset) (/workspace/ibex/rtl/ibex_load_store_unit.sv:487)
"/workspace/ibex/rtl/ibex_cs_registers.sv", 1040: core_ibex_tb_top.dut.u_ibex_core.cs_registers_i.IbexCsrWdataIntKnown: started at 768410000ps failed at 768410000ps
	Offending '(!$isunknown(csr_wdata_int))'
UVM_ERROR /workspace/ibex/shared/rtl/prim_assert.sv(21) @ 76841000: reporter [ASSERT FAILED] [core_ibex_tb_top.dut.u_ibex_core.cs_registers_i.IbexCsrWdataIntKnown] IbexCsrWdataIntKnown: !$isunknown(csr_wdata_int) (/workspace/ibex/rtl/ibex_cs_registers.sv:1040)
"/workspace/ibex/rtl/ibex_load_store_unit.sv", 487: core_ibex_tb_top.dut.u_ibex_core.load_store_unit_i.IbexDataOffsetKnown: started at 768430000ps failed at 768430000ps
	Offending '(!$isunknown(data_offset))'
UVM_ERROR /workspace/ibex/shared/rtl/prim_assert.sv(21) @ 76843000: reporter [ASSERT FAILED] [core_ibex_tb_top.dut.u_ibex_core.load_store_unit_i.IbexDataOffsetKnown] IbexDataOffsetKnown: !$isunknown(data_offset) (/workspace/ibex/rtl/ibex_load_store_unit.sv:487)
"/workspace/ibex/rtl/ibex_cs_registers.sv", 1040: core_ibex_tb_top.dut.u_ibex_core.cs_registers_i.IbexCsrWdataIntKnown: started at 768430000ps failed at 768430000ps
	Offending '(!$isunknown(csr_wdata_int))'
UVM_ERROR /workspace/ibex/shared/rtl/prim_assert.sv(21) @ 76843000: reporter [ASSERT FAILED] [core_ibex_tb_top.dut.u_ibex_core.cs_registers_i.IbexCsrWdataIntKnown] IbexCsrWdataIntKnown: !$isunknown(csr_wdata_int) (/workspace/ibex/rtl/ibex_cs_registers.sv:1040)
"/workspace/ibex/rtl/ibex_load_store_unit.sv", 487: core_ibex_tb_top.dut.u_ibex_core.load_store_unit_i.IbexDataOffsetKnown: started at 768450000ps failed at 768450000ps
	Offending '(!$isunknown(data_offset))'
UVM_ERROR /workspace/ibex/shared/rtl/prim_assert.sv(21) @ 76845000: reporter [ASSERT FAILED] [core_ibex_tb_top.dut.u_ibex_core.load_store_unit_i.IbexDataOffsetKnown] IbexDataOffsetKnown: !$isunknown(data_offset) (/workspace/ibex/rtl/ibex_load_store_unit.sv:487)
"/workspace/ibex/rtl/ibex_cs_registers.sv", 1040: core_ibex_tb_top.dut.u_ibex_core.cs_registers_i.IbexCsrWdataIntKnown: started at 768450000ps failed at 768450000ps
	Offending '(!$isunknown(csr_wdata_int))'
UVM_ERROR /workspace/ibex/shared/rtl/prim_assert.sv(21) @ 76845000: reporter [ASSERT FAILED] [core_ibex_tb_top.dut.u_ibex_core.cs_registers_i.IbexCsrWdataIntKnown] IbexCsrWdataIntKnown: !$isunknown(csr_wdata_int) (/workspace/ibex/rtl/ibex_cs_registers.sv:1040)
"/workspace/ibex/rtl/ibex_load_store_unit.sv", 487: core_ibex_tb_top.dut.u_ibex_core.load_store_unit_i.IbexDataOffsetKnown: started at 768470000ps failed at 768470000ps
	Offending '(!$isunknown(data_offset))'
UVM_ERROR /workspace/ibex/shared/rtl/prim_assert.sv(21) @ 76847000: reporter [ASSERT FAILED] [core_ibex_tb_top.dut.u_ibex_core.load_store_unit_i.IbexDataOffsetKnown] IbexDataOffsetKnown: !$isunknown(data_offset) (/workspace/ibex/rtl/ibex_load_store_unit.sv:487)
"/workspace/ibex/rtl/ibex_cs_registers.sv", 1040: core_ibex_tb_top.dut.u_ibex_core.cs_registers_i.IbexCsrWdataIntKnown: started at 768470000ps failed at 768470000ps
	Offending '(!$isunknown(csr_wdata_int))'
UVM_ERROR /workspace/ibex/shared/rtl/prim_assert.sv(21) @ 76847000: reporter [ASSERT FAILED] [core_ibex_tb_top.dut.u_ibex_core.cs_registers_i.IbexCsrWdataIntKnown] IbexCsrWdataIntKnown: !$isunknown(csr_wdata_int) (/workspace/ibex/rtl/ibex_cs_registers.sv:1040)
"/workspace/ibex/rtl/ibex_load_store_unit.sv", 487: core_ibex_tb_top.dut.u_ibex_core.load_store_unit_i.IbexDataOffsetKnown: started at 768490000ps failed at 768490000ps
	Offending '(!$isunknown(data_offset))'
UVM_ERROR /workspace/ibex/shared/rtl/prim_assert.sv(21) @ 76849000: reporter [ASSERT FAILED] [core_ibex_tb_top.dut.u_ibex_core.load_store_unit_i.IbexDataOffsetKnown] IbexDataOffsetKnown: !$isunknown(data_offset) (/workspace/ibex/rtl/ibex_load_store_unit.sv:487)
"/workspace/ibex/rtl/ibex_cs_registers.sv", 1040: core_ibex_tb_top.dut.u_ibex_core.cs_registers_i.IbexCsrWdataIntKnown: started at 768490000ps failed at 768490000ps
	Offending '(!$isunknown(csr_wdata_int))'
UVM_ERROR /workspace/ibex/shared/rtl/prim_assert.sv(21) @ 76849000: reporter [ASSERT FAILED] [core_ibex_tb_top.dut.u_ibex_core.cs_registers_i.IbexCsrWdataIntKnown] IbexCsrWdataIntKnown: !$isunknown(csr_wdata_int) (/workspace/ibex/rtl/ibex_cs_registers.sv:1040)
"/workspace/ibex/rtl/ibex_load_store_unit.sv", 487: core_ibex_tb_top.dut.u_ibex_core.load_store_unit_i.IbexDataOffsetKnown: started at 768510000ps failed at 768510000ps
	Offending '(!$isunknown(data_offset))'
UVM_ERROR /workspace/ibex/shared/rtl/prim_assert.sv(21) @ 76851000: reporter [ASSERT FAILED] [core_ibex_tb_top.dut.u_ibex_core.load_store_unit_i.IbexDataOffsetKnown] IbexDataOffsetKnown: !$isunknown(data_offset) (/workspace/ibex/rtl/ibex_load_store_unit.sv:487)
"/workspace/ibex/rtl/ibex_cs_registers.sv", 1040: core_ibex_tb_top.dut.u_ibex_core.cs_registers_i.IbexCsrWdataIntKnown: started at 768510000ps failed at 768510000ps
	Offending '(!$isunknown(csr_wdata_int))'
UVM_ERROR /workspace/ibex/shared/rtl/prim_assert.sv(21) @ 76851000: reporter [ASSERT FAILED] [core_ibex_tb_top.dut.u_ibex_core.cs_registers_i.IbexCsrWdataIntKnown] IbexCsrWdataIntKnown: !$isunknown(csr_wdata_int) (/workspace/ibex/rtl/ibex_cs_registers.sv:1040)
UVM_INFO /workspace/ibex/dv/uvm/tests/core_ibex_seq_lib.sv(39) @ 76965000: uvm_test_top.env.irq_agent.sequencer@@irq_drop_seq_h [uvm_test_top.env.irq_agent.sequencer.irq_drop_seq_h] Starting sequence...
UVM_INFO /workspace/ibex/dv/uvm/tests/core_ibex_seq_lib.sv(51) @ 76965000: uvm_test_top.env.irq_agent.sequencer@@irq_drop_seq_h [uvm_test_top.env.irq_agent.sequencer.irq_drop_seq_h] Exiting sequence
UVM_INFO /workspace/ibex/dv/uvm/tests/core_ibex_seq_lib.sv(39) @ 78695000: uvm_test_top.env.irq_agent.sequencer@@irq_single_seq_h [uvm_test_top.env.irq_agent.sequencer.irq_single_seq_h] Starting sequence...
UVM_INFO /workspace/ibex/dv/uvm/tests/core_ibex_seq_lib.sv(51) @ 78697000: uvm_test_top.env.irq_agent.sequencer@@irq_single_seq_h [uvm_test_top.env.irq_agent.sequencer.irq_single_seq_h] Exiting sequence
UVM_INFO /workspace/ibex/dv/uvm/tests/core_ibex_seq_lib.sv(39) @ 78699000: uvm_test_top.env.irq_agent.sequencer@@irq_drop_seq_h [uvm_test_top.env.irq_agent.sequencer.irq_drop_seq_h] Starting sequence...
UVM_INFO /workspace/ibex/dv/uvm/tests/core_ibex_seq_lib.sv(51) @ 78699000: uvm_test_top.env.irq_agent.sequencer@@irq_drop_seq_h [uvm_test_top.env.irq_agent.sequencer.irq_drop_seq_h] Exiting sequence
UVM_INFO /workspace/ibex/dv/uvm/tests/core_ibex_seq_lib.sv(39) @ 78991000: uvm_test_top.env.irq_agent.sequencer@@irq_single_seq_h [uvm_test_top.env.irq_agent.sequencer.irq_single_seq_h] Starting sequence...
UVM_INFO /workspace/ibex/dv/uvm/tests/core_ibex_seq_lib.sv(51) @ 78993000: uvm_test_top.env.irq_agent.sequencer@@irq_single_seq_h [uvm_test_top.env.irq_agent.sequencer.irq_single_seq_h] Exiting sequence
UVM_INFO /workspace/ibex/dv/uvm/tests/core_ibex_seq_lib.sv(39) @ 78995000: uvm_test_top.env.irq_agent.sequencer@@irq_drop_seq_h [uvm_test_top.env.irq_agent.sequencer.irq_drop_seq_h] Starting sequence...
UVM_INFO /workspace/ibex/dv/uvm/tests/core_ibex_seq_lib.sv(51) @ 78997000: uvm_test_top.env.irq_agent.sequencer@@irq_drop_seq_h [uvm_test_top.env.irq_agent.sequencer.irq_drop_seq_h] Exiting sequence
UVM_INFO /workspace/ibex/dv/uvm/tests/core_ibex_seq_lib.sv(39) @ 79753000: uvm_test_top.env.irq_agent.sequencer@@irq_single_seq_h [uvm_test_top.env.irq_agent.sequencer.irq_single_seq_h] Starting sequence...
UVM_INFO /workspace/ibex/dv/uvm/tests/core_ibex_seq_lib.sv(51) @ 79755000: uvm_test_top.env.irq_agent.sequencer@@irq_single_seq_h [uvm_test_top.env.irq_agent.sequencer.irq_single_seq_h] Exiting sequence
UVM_INFO /workspace/ibex/dv/uvm/tests/core_ibex_seq_lib.sv(39) @ 79757000: uvm_test_top.env.irq_agent.sequencer@@irq_drop_seq_h [uvm_test_top.env.irq_agent.sequencer.irq_drop_seq_h] Starting sequence...
UVM_INFO /workspace/ibex/dv/uvm/tests/core_ibex_seq_lib.sv(51) @ 79757000: uvm_test_top.env.irq_agent.sequencer@@irq_drop_seq_h [uvm_test_top.env.irq_agent.sequencer.irq_drop_seq_h] Exiting sequence
UVM_INFO /workspace/ibex/dv/uvm/tests/core_ibex_seq_lib.sv(39) @ 80129000: uvm_test_top.env.irq_agent.sequencer@@irq_single_seq_h [uvm_test_top.env.irq_agent.sequencer.irq_single_seq_h] Starting sequence...
UVM_INFO /workspace/ibex/dv/uvm/tests/core_ibex_seq_lib.sv(51) @ 80131000: uvm_test_top.env.irq_agent.sequencer@@irq_single_seq_h [uvm_test_top.env.irq_agent.sequencer.irq_single_seq_h] Exiting sequence
UVM_INFO /workspace/ibex/dv/uvm/tests/core_ibex_test_lib.sv(229) @ 80133000: uvm_test_top [uvm_test_top] irq: 0b100000000000
UVM_FATAL /workspace/ibex/dv/uvm/tests/core_ibex_base_test.sv(194) @ 81631000: uvm_test_top [uvm_test_top] Did not receive core_status HANDLING_IRQ within 750 cycle timeout period

--- RISC-V UVM TEST FAILED ---

UVM_INFO $VCS_HOME/etc/uvm-1.2/base/uvm_report_catcher.svh(705) @ 81631000: reporter [UVM/REPORT/CATCHER] 
--- UVM Report catcher Summary ---


Number of demoted UVM_FATAL reports  :    0
Number of demoted UVM_ERROR reports  :    0
Number of demoted UVM_WARNING reports:    0
Number of caught UVM_FATAL reports   :    0
Number of caught UVM_ERROR reports   :    0
Number of caught UVM_WARNING reports :    0

UVM_INFO $VCS_HOME/etc/uvm-1.2/base/uvm_report_server.svh(904) @ 81631000: reporter [UVM/REPORT/SERVER] 
--- UVM Report Summary ---

** Report counts by severity
UVM_INFO :  181
UVM_WARNING :    0
UVM_ERROR :  374
UVM_FATAL :    1
** Report counts by id
[ASSERT FAILED]   374
[RNTST]     1
[UVM/RELNOTES]     1
[UVM/REPORT/CATCHER]     1
[uvm_test_top]    23
[uvm_test_top.env.data_if_slave_agent.sequencer.data_intf_seq]     1
[uvm_test_top.env.instr_if_slave_agent.sequencer.instr_intf_seq]     1
[uvm_test_top.env.irq_agent.sequencer.irq_drop_seq_h]    76
[uvm_test_top.env.irq_agent.sequencer.irq_single_seq_h]    78

$finish called from file "$VCS_HOME/etc/uvm-1.2/base/uvm_root.svh", line 135.
$finish at simulation time             81631000
           V C S   S i m u l a t i o n   R e p o r t 
Time: 816310000 ps
CPU Time:      4.490 seconds;       Data structure size:   0.8Mb
Thu Mar 19 21:17:35 2026
