Time	Cycle	PC	Insn	Decoded instruction	Register and memory contents
         229000	        14	80000080	00000013	addi	x0,x0,0	  x0:0x00000000  x0=0x00000000
         251000	        25	80000084	4081	c.li	x1,0	  x1=0x00000000
         253000	        26	80000086	5296a137	lui	x2,0x5296a	  x2=0x5296a000
         275000	        37	8000008a	ec010113	addi	x2,x2,-320	  x2:0x5296a000  x2=0x52969ec0
         277000	        38	8000008e	4181	c.li	x3,0	  x3=0x00000000
         295000	        47	80000090	4201	c.li	x4,0	  x4=0x00000000
         297000	        48	80000092	f08252b7	lui	x5,0xf0825	  x5=0xf0825000
         319000	        59	80000096	d1028293	addi	x5,x5,-752	  x5:0xf0825000  x5=0xf0824d10
         321000	        60	8000009a	4301	c.li	x6,0	  x6=0x00000000
         323000	        61	8000009c	ffe243b7	lui	x7,0xffe24	  x7=0xffe24000
         325000	        62	800000a0	19038393	addi	x7,x7,400	  x7:0xffe24000  x7=0xffe24190
         359000	        79	800000a4	9e6b0437	lui	x8,0x9e6b0	  x8=0x9e6b0000
         377000	        88	800000a8	9cd40413	addi	x8,x8,-1587	  x8:0x9e6b0000  x8=0x9e6af9cd
         411000	       105	800000ac	800004b7	lui	x9,0x80000	  x9=0x80000000
         413000	       106	800000b0	ff24d537	lui	x10,0xff24d	 x10=0xff24d000
         429000	       114	800000b4	9b450513	addi	x10,x10,-1612	 x10:0xff24d000 x10=0xff24c9b4
         447000	       123	800000b8	221c65b7	lui	x11,0x221c6	 x11=0x221c6000
         463000	       131	800000bc	e0758593	addi	x11,x11,-505	 x11:0x221c6000 x11=0x221c5e07
         497000	       148	800000c0	fcb0e637	lui	x12,0xfcb0e	 x12=0xfcb0e000
         499000	       149	800000c4	e0560613	addi	x12,x12,-507	 x12:0xfcb0e000 x12=0xfcb0de05
         543000	       171	800000c8	800006b7	lui	x13,0x80000	 x13=0x80000000
         545000	       172	800000cc	4701	c.li	x14,0	 x14=0x00000000
         583000	       191	800000ce	fa1187b7	lui	x15,0xfa118	 x15=0xfa118000
         585000	       192	800000d2	12e78793	addi	x15,x15,302	 x15:0xfa118000 x15=0xfa11812e
         609000	       204	800000d6	19fae837	lui	x16,0x19fae	 x16=0x19fae000
         631000	       215	800000da	0a780813	addi	x16,x16,167	 x16:0x19fae000 x16=0x19fae0a7
         641000	       220	800000de	800008b7	lui	x17,0x80000	 x17=0x80000000
         691000	       245	800000e2	46486937	lui	x18,0x46486	 x18=0x46486000
         733000	       266	800000e6	95690913	addi	x18,x18,-1706	 x18:0x46486000 x18=0x46485956
         735000	       267	800000ea	499d	c.li	x19,7	 x19=0x00000007
         741000	       270	800000ec	f4b95a37	lui	x20,0xf4b95	 x20=0xf4b95000
         749000	       274	800000f0	f69a0a13	addi	x20,x20,-151	 x20:0xf4b95000 x20=0xf4b94f69
         765000	       282	800000f4	49648ab7	lui	x21,0x49648	 x21=0x49648000
         801000	       300	800000f8	224a8a93	addi	x21,x21,548	 x21:0x49648000 x21=0x49648224
         803000	       301	800000fc	4b15	c.li	x22,5	 x22=0x00000005
         805000	       302	800000fe	38026bb7	lui	x23,0x38026	 x23=0x38026000
         831000	       315	80000102	492b8b93	addi	x23,x23,1170	 x23:0x38026000 x23=0x38026492
         833000	       316	80000106	4c21	c.li	x24,8	 x24=0x00000008
         865000	       332	80000108	4c81	c.li	x25,0	 x25=0x00000000
         875000	       337	8000010a	80000d37	lui	x26,0x80000	 x26=0x80000000
         915000	       357	8000010e	80000db7	lui	x27,0x80000	 x27=0x80000000
         917000	       358	80000112	4e01	c.li	x28,0	 x28=0x00000000
         957000	       378	80000114	4e81	c.li	x29,0	 x29=0x00000000
         959000	       379	80000116	4f15	c.li	x30,5	 x30=0x00000005
         977000	       388	80000118	80000fb7	lui	x31,0x80000	 x31=0x80000000
         979000	       389	8000011c	40001b37	lui	x22,0x40001	 x22=0x40001000
        1001000	       400	80000120	104b0b13	addi	x22,x22,260	 x22:0x40001000 x22=0x40001104
        1027000	       413	80000124	301b1073	csrrw	x0,misa,x22	 x22:0x40001104  x0=0x00000000
        1043000	       421	80000128	00027997	auipc	x19,0x27	 x19=0x80027128
        1055000	       427	8000012c	d5498993	addi	x19,x19,-684	 x19:0x80027128 x19=0x80026e7c
        1057000	       428	80000130	00012b17	auipc	x22,0x12	 x22=0x80012130
        1097000	       448	80000134	ed0b0b13	addi	x22,x22,-304	 x22:0x80012130 x22=0x80012000
        1099000	       449	80000138	001b6b13	ori	x22,x22,1	 x22:0x80012000 x22=0x80012001
        1121000	       460	8000013c	305b1073	csrrw	x0,mtvec,x22	 x22:0x80012001  x0=0x00000000
        1143000	       471	80000140	00000b17	auipc	x22,0x0	 x22=0x80000140
        1165000	       482	80000144	010b0b13	addi	x22,x22,16	 x22:0x80000140 x22=0x80000150
        1187000	       493	80000148	341b1073	csrrw	x0,mepc,x22	 x22:0x80000150  x0=0x00000000
        1203000	       501	8000014c	7aa0f06f	jal	x0,8000f8f6	  x0=0x00000000
        1271000	       535	8000f8f6	5e000b37	lui	x22,0x5e000	 x22=0x5e000000
        1313000	       556	8000f8fa	2fab0b13	addi	x22,x22,762	 x22:0x5e000000 x22=0x5e0002fa
        1355000	       577	8000f8fe	300b1073	csrrw	x0,mstatus,x22	 x22:0x5e0002fa  x0=0x00000000
        1361000	       580	8000f902	c0bfcb37	lui	x22,0xc0bfc	 x22=0xc0bfc000
        1363000	       581	8000f906	f4fb0b13	addi	x22,x22,-177	 x22:0xc0bfc000 x22=0xc0bfbf4f
        1367000	       583	8000f90a	304b1073	csrrw	x0,mie,x22	 x22:0xc0bfbf4f  x0=0x00000000
        1429000	       614	8000f90e	90000437	lui	x8,0x90000	  x8=0x90000000
        1447000	       623	8000f912	ffc40413	addi	x8,x8,-4	  x8:0x90000000  x8=0x8ffffffc
        1489000	       644	8000f916	90000437	lui	x8,0x90000	  x8=0x90000000
        1491000	       645	8000f91a	ffc40413	addi	x8,x8,-4	  x8:0x90000000  x8=0x8ffffffc
        1531000	       665	8000f91e	90000437	lui	x8,0x90000	  x8=0x90000000
        1545000	       672	8000f922	ffc40413	addi	x8,x8,-4	  x8:0x90000000  x8=0x8ffffffc
        1563000	       681	8000f926	30000b13	addi	x22,x0,768	  x0:0x00000000 x22=0x00000300
        1565000	       682	8000f92a	0b22	c.slli	x22,0x8	 x22:0x00000300 x22=0x00030000
        1567000	       683	8000f92c	0b0d	c.addi	x22,3	 x22:0x00030000 x22=0x00030003
        1625000	       712	8000f92e	01642023	sw	x22,0(x8)	  x8:0x8ffffffc x22:0x00030003 PA:0x8ffffffc store:0x00030003 load:0x00030003
        1627000	       713	8000f932	30002b73	csrrs	x22,mstatus,x0	  x0:0x00000000 x22=0x00000088
        1631000	       715	8000f936	01642023	sw	x22,0(x8)	  x8:0x8ffffffc x22:0x00000088 PA:0x8ffffffc store:0x00000088 load:0x00000088
        1633000	       716	8000f93a	90000437	lui	x8,0x90000	  x8=0x90000000
        1675000	       737	8000f93e	ffc40413	addi	x8,x8,-4	  x8:0x90000000  x8=0x8ffffffc
        1689000	       744	8000f942	30400b13	addi	x22,x0,772	  x0:0x00000000 x22=0x00000304
        1691000	       745	8000f946	0b22	c.slli	x22,0x8	 x22:0x00000304 x22=0x00030400
        1711000	       755	8000f948	0b0d	c.addi	x22,3	 x22:0x00030400 x22=0x00030403
        1727000	       763	8000f94a	01642023	sw	x22,0(x8)	  x8:0x8ffffffc x22:0x00030403 PA:0x8ffffffc store:0x00030403 load:0x00030403
        1735000	       767	8000f94e	30402b73	csrrs	x22,mie,x0	  x0:0x00000000 x22=0x40bf0808
        1769000	       784	8000f952	01642023	sw	x22,0(x8)	  x8:0x8ffffffc x22:0x40bf0808 PA:0x8ffffffc store:0x40bf0808 load:0x40bf0808
        1771000	       785	8000f956	30200073	mret	
        1815000	       807	80000150	00023297	auipc	x5,0x23	  x5=0x80023150
        1823000	       811	80000154	ccc28293	addi	x5,x5,-820	  x5:0x80023150  x5=0x80022e1c
        1861000	       830	80000158	90000437	lui	x8,0x90000	  x8=0x90000000
        1903000	       851	8000015c	ffc40413	addi	x8,x8,-4	  x8:0x90000000  x8=0x8ffffffc
        1911000	       855	80000160	4b01	c.li	x22,0	 x22=0x00000000
        1913000	       856	80000162	0b22	c.slli	x22,0x8	 x22:0x00000000 x22=0x00000000
        1933000	       866	80000164	000b0b13	addi	x22,x22,0	 x22:0x00000000 x22=0x00000000
        1977000	       888	80000168	01642023	sw	x22,0(x8)	  x8:0x8ffffffc x22:0x00000000 PA:0x8ffffffc store:0x00000000 load:0x00000000
        1979000	       889	8000016c	ff700513	addi	x10,x0,-9	  x0:0x00000000 x10=0xfffffff7
        1987000	       893	80000170	02d5ab33	mulhsu	x22,x11,x13	 x11:0x221c5e07 x13:0x80000000 x22=0x110e2f03
        1989000	       894	80000174	0001	c.addi	x0,0	  x0:0x00000000  x0=0x00000000
        2023000	       911	80000176	fe82ed93	ori	x27,x5,-24	  x5:0x80022e1c x27=0xfffffffc
        2025000	       912	8000017a	0001	c.addi	x0,0	  x0:0x00000000  x0=0x00000000
        2045000	       922	8000017c	03f82a33	mulhsu	x20,x16,x31	 x16:0x19fae0a7 x31:0x80000000 x20=0x0cfd7053
        2047000	       923	80000180	e2c2ab93	slti	x23,x5,-468	  x5:0x80022e1c x23=0x00000001
        2063000	       931	80000184	00189c33	sll	x24,x17,x1	 x17:0x80000000  x1:0x00000000 x24=0x80000000
        2065000	       932	80000188	1b7d	c.addi	x22,-1	 x22:0x110e2f03 x22=0x110e2f02
        2067000	       933	8000018a	5a7d	c.li	x20,-1	 x20=0xffffffff
        2073000	       936	8000018c	007184b3	add	x9,x3,x7	  x3:0x00000000  x7:0xffe24190  x9=0xffe24190
        2075000	       937	80000190	0525	c.addi	x10,9	 x10:0xfffffff7 x10=0x00000000
        2095000	       947	80000192	ffa00e93	addi	x29,x0,-6	  x0:0x00000000 x29=0xfffffffa
        2097000	       948	80000196	0001	c.addi	x0,0	  x0:0x00000000  x0=0x00000000
        2109000	       954	80000198	00e00f13	addi	x30,x0,14	  x0:0x00000000 x30=0x0000000e
        2151000	       975	8000019c	8b12	c.mv	x22,x4	  x0:0x00000000  x4:0x00000000 x22=0x00000000
        2153000	       976	8000019e	01886433	or	x8,x16,x24	 x16:0x19fae0a7 x24:0x80000000  x8=0x99fae0a7
        2191000	       995	800001a2	0181dc33	srl	x24,x3,x24	  x3:0x00000000 x24:0x80000000 x24=0x00000000
        2207000	      1003	800001a6	86f7d217	auipc	x4,0x86f7d	  x4=0x06f7d1a6
        2209000	      1004	800001aa	01bf6733	or	x14,x30,x27	 x30:0x0000000e x27:0xfffffffc x14=0xfffffffe
        2211000	      1005	800001ae	0e99	c.addi	x29,6	 x29:0xfffffffa x29=0x00000000
        2291000	      1045	800001b0	035c5733	divu	x14,x24,x21	 x24:0x00000000 x21:0x49648224 x14=0x00000000
        2295000	      1047	800001b4	ffeec5e3	blt	x29,x30,8000019e	 x29:0x00000000 x30:0x0000000e  x0=0x00000000
        2377000	      1088	8000019e	01886433	or	x8,x16,x24	 x16:0x19fae0a7 x24:0x00000000  x8=0x19fae0a7
        2393000	      1096	800001a2	0181dc33	srl	x24,x3,x24	  x3:0x00000000 x24:0x00000000 x24=0x00000000
        2405000	      1102	800001a6	86f7d217	auipc	x4,0x86f7d	  x4=0x06f7d1a6
        2421000	      1110	800001aa	01bf6733	or	x14,x30,x27	 x30:0x0000000e x27:0xfffffffc x14=0xfffffffe
        2423000	      1111	800001ae	0e99	c.addi	x29,6	 x29:0x00000000 x29=0x00000006
        2497000	      1148	800001b0	035c5733	divu	x14,x24,x21	 x24:0x00000000 x21:0x49648224 x14=0x00000000
        2535000	      1167	8001204c	cc7fe06f	jal	x0,80010d12	  x0=0x00000000
        2567000	      1183	80010d12	f8428293	addi	x5,x5,-124	  x5:0x80022e1c  x5=0x80022da0
        2593000	      1196	80010d16	0012a223	sw	x1,4(x5)	  x5:0x80022da0  x1:0x00000000 PA:0x80022da4 store:0x00000000 load:0x00000000
        2645000	      1222	80010d1a	0022a423	sw	x2,8(x5)	  x5:0x80022da0  x2:0x52969ec0 PA:0x80022da8 store:0x52969ec0 load:0x52969ec0
        2731000	      1265	80010d1e	0032a623	sw	x3,12(x5)	  x5:0x80022da0  x3:0x00000000 PA:0x80022dac store:0x00000000 load:0x00000000
        2735000	      1267	80010d22	0042a823	sw	x4,16(x5)	  x5:0x80022da0  x4:0x06f7d1a6 PA:0x80022db0 store:0x06f7d1a6 load:0x06f7d1a6
        2771000	      1285	80010d26	0052aa23	sw	x5,20(x5)	  x5:0x80022da0  x5:0x80022da0 PA:0x80022db4 store:0x80022da0 load:0x80022da0
        2805000	      1302	80010d2a	0062ac23	sw	x6,24(x5)	  x5:0x80022da0  x6:0x00000000 PA:0x80022db8 store:0x00000000 load:0x00000000
        2847000	      1323	80010d2e	0072ae23	sw	x7,28(x5)	  x5:0x80022da0  x7:0xffe24190 PA:0x80022dbc store:0xffe24190 load:0xffe24190
        2865000	      1332	80010d32	0282a023	sw	x8,32(x5)	  x5:0x80022da0  x8:0x19fae0a7 PA:0x80022dc0 store:0x19fae0a7 load:0x19fae0a7
        2889000	      1344	80010d36	0292a223	sw	x9,36(x5)	  x5:0x80022da0  x9:0xffe24190 PA:0x80022dc4 store:0xffe24190 load:0xffe24190
        2949000	      1374	80010d3a	02a2a423	sw	x10,40(x5)	  x5:0x80022da0 x10:0x00000000 PA:0x80022dc8 store:0x00000000 load:0x00000000
        2993000	      1396	80010d3e	02b2a623	sw	x11,44(x5)	  x5:0x80022da0 x11:0x221c5e07 PA:0x80022dcc store:0x221c5e07 load:0x221c5e07
        2997000	      1398	80010d42	02c2a823	sw	x12,48(x5)	  x5:0x80022da0 x12:0xfcb0de05 PA:0x80022dd0 store:0xfcb0de05 load:0xfcb0de05
        3005000	      1402	80010d46	02d2aa23	sw	x13,52(x5)	  x5:0x80022da0 x13:0x80000000 PA:0x80022dd4 store:0x80000000 load:0x80000000
        3039000	      1419	80010d4a	02e2ac23	sw	x14,56(x5)	  x5:0x80022da0 x14:0x00000000 PA:0x80022dd8 store:0x00000000 load:0x00000000
        3063000	      1431	80010d4e	02f2ae23	sw	x15,60(x5)	  x5:0x80022da0 x15:0xfa11812e PA:0x80022ddc store:0xfa11812e load:0xfa11812e
        3121000	      1460	80010d52	0502a023	sw	x16,64(x5)	  x5:0x80022da0 x16:0x19fae0a7 PA:0x80022de0 store:0x19fae0a7 load:0x19fae0a7
        3125000	      1462	80010d56	0512a223	sw	x17,68(x5)	  x5:0x80022da0 x17:0x80000000 PA:0x80022de4 store:0x80000000 load:0x80000000
        3145000	      1472	80010d5a	0522a423	sw	x18,72(x5)	  x5:0x80022da0 x18:0x46485956 PA:0x80022de8 store:0x46485956 load:0x46485956
        3149000	      1474	80010d5e	0532a623	sw	x19,76(x5)	  x5:0x80022da0 x19:0x80026e7c PA:0x80022dec store:0x80026e7c load:0x80026e7c
        3159000	      1479	80010d62	0542a823	sw	x20,80(x5)	  x5:0x80022da0 x20:0xffffffff PA:0x80022df0 store:0xffffffff load:0xffffffff
        3207000	      1503	80010d66	0552aa23	sw	x21,84(x5)	  x5:0x80022da0 x21:0x49648224 PA:0x80022df4 store:0x49648224 load:0x49648224
        3215000	      1507	80010d6a	0562ac23	sw	x22,88(x5)	  x5:0x80022da0 x22:0x00000000 PA:0x80022df8 store:0x00000000 load:0x00000000
        3221000	      1510	80010d6e	0572ae23	sw	x23,92(x5)	  x5:0x80022da0 x23:0x00000001 PA:0x80022dfc store:0x00000001 load:0x00000001
        3257000	      1528	80010d72	0782a023	sw	x24,96(x5)	  x5:0x80022da0 x24:0x00000000 PA:0x80022e00 store:0x00000000 load:0x00000000
        3267000	      1533	80010d76	0792a223	sw	x25,100(x5)	  x5:0x80022da0 x25:0x00000000 PA:0x80022e04 store:0x00000000 load:0x00000000
        3291000	      1545	80010d7a	07a2a423	sw	x26,104(x5)	  x5:0x80022da0 x26:0x80000000 PA:0x80022e08 store:0x80000000 load:0x80000000
        3311000	      1555	80010d7e	07b2a623	sw	x27,108(x5)	  x5:0x80022da0 x27:0xfffffffc PA:0x80022e0c store:0xfffffffc load:0xfffffffc
        3357000	      1578	80010d82	07c2a823	sw	x28,112(x5)	  x5:0x80022da0 x28:0x00000000 PA:0x80022e10 store:0x00000000 load:0x00000000
        3401000	      1600	80010d86	07d2aa23	sw	x29,116(x5)	  x5:0x80022da0 x29:0x00000006 PA:0x80022e14 store:0x00000006 load:0x00000006
        3425000	      1612	80010d8a	07e2ac23	sw	x30,120(x5)	  x5:0x80022da0 x30:0x0000000e PA:0x80022e18 store:0x0000000e load:0x0000000e
        3455000	      1627	80010d8e	07f2ae23	sw	x31,124(x5)	  x5:0x80022da0 x31:0x80000000 PA:0x80022e1c store:0x80000000 load:0x80000000
        3457000	      1628	80010d92	90000437	lui	x8,0x90000	  x8=0x90000000
        3459000	      1629	80010d96	ffc40413	addi	x8,x8,-4	  x8:0x90000000  x8=0x8ffffffc
        3461000	      1630	80010d9a	4b19	c.li	x22,6	 x22=0x00000006
        3471000	      1635	80010d9c	0b22	c.slli	x22,0x8	 x22:0x00000006 x22=0x00000600
        3493000	      1646	80010d9e	000b0b13	addi	x22,x22,0	 x22:0x00000600 x22=0x00000600
        3535000	      1667	80010da2	01642023	sw	x22,0(x8)	  x8:0x8ffffffc x22:0x00000600 PA:0x8ffffffc store:0x00000600 load:0x00000600
        3537000	      1668	80010da6	34202b73	csrrs	x22,mcause,x0	  x0:0x00000000 x22=0x80000013
        3545000	      1672	80010daa	01fb5b13	srli	x22,x22,0x1f	 x22:0x80000013 x22=0x00000001
        3571000	      1685	80010dae	060b0c63	beq	x22,x0,80010e26	 x22:0x00000001  x0:0x00000000  x0=0x00000000
        3573000	      1686	80010db2	90000437	lui	x8,0x90000	  x8=0x90000000
        3595000	      1697	80010db6	ffc40413	addi	x8,x8,-4	  x8:0x90000000  x8=0x8ffffffc
        3617000	      1708	80010dba	30000b13	addi	x22,x0,768	  x0:0x00000000 x22=0x00000300
        3619000	      1709	80010dbe	0b22	c.slli	x22,0x8	 x22:0x00000300 x22=0x00030000
        3639000	      1719	80010dc0	0b0d	c.addi	x22,3	 x22:0x00030000 x22=0x00030003
        3703000	      1751	80010dc2	01642023	sw	x22,0(x8)	  x8:0x8ffffffc x22:0x00030003 PA:0x8ffffffc store:0x00030003 load:0x00030003
        3705000	      1752	80010dc6	30002b73	csrrs	x22,mstatus,x0	  x0:0x00000000 x22=0x00000080
        3715000	      1757	80010dca	01642023	sw	x22,0(x8)	  x8:0x8ffffffc x22:0x00000080 PA:0x8ffffffc store:0x00000080 load:0x00000080
        3755000	      1777	80010dce	90000437	lui	x8,0x90000	  x8=0x90000000
        3757000	      1778	80010dd2	ffc40413	addi	x8,x8,-4	  x8:0x90000000  x8=0x8ffffffc
        3775000	      1787	80010dd6	34200b13	addi	x22,x0,834	  x0:0x00000000 x22=0x00000342
        3777000	      1788	80010dda	0b22	c.slli	x22,0x8	 x22:0x00000342 x22=0x00034200
        3779000	      1789	80010ddc	0b0d	c.addi	x22,3	 x22:0x00034200 x22=0x00034203
        3845000	      1822	80010dde	01642023	sw	x22,0(x8)	  x8:0x8ffffffc x22:0x00034203 PA:0x8ffffffc store:0x00034203 load:0x00034203
        3859000	      1829	80010de2	34202b73	csrrs	x22,mcause,x0	  x0:0x00000000 x22=0x80000013
        3865000	      1832	80010de6	01642023	sw	x22,0(x8)	  x8:0x8ffffffc x22:0x80000013 PA:0x8ffffffc store:0x80000013 load:0x80000013
        3867000	      1833	80010dea	90000437	lui	x8,0x90000	  x8=0x90000000
        3889000	      1844	80010dee	ffc40413	addi	x8,x8,-4	  x8:0x90000000  x8=0x8ffffffc
        3891000	      1845	80010df2	30400b13	addi	x22,x0,772	  x0:0x00000000 x22=0x00000304
        3893000	      1846	80010df6	0b22	c.slli	x22,0x8	 x22:0x00000304 x22=0x00030400
        3907000	      1853	80010df8	0b0d	c.addi	x22,3	 x22:0x00030400 x22=0x00030403
        3963000	      1881	80010dfa	01642023	sw	x22,0(x8)	  x8:0x8ffffffc x22:0x00030403 PA:0x8ffffffc store:0x00030403 load:0x00030403
        3965000	      1882	80010dfe	30402b73	csrrs	x22,mie,x0	  x0:0x00000000 x22=0x40bf0808
        4027000	      1913	80010e02	01642023	sw	x22,0(x8)	  x8:0x8ffffffc x22:0x40bf0808 PA:0x8ffffffc store:0x40bf0808 load:0x40bf0808
        4029000	      1914	80010e06	90000437	lui	x8,0x90000	  x8=0x90000000
        4031000	      1915	80010e0a	ffc40413	addi	x8,x8,-4	  x8:0x90000000  x8=0x8ffffffc
        4069000	      1934	80010e0e	34400b13	addi	x22,x0,836	  x0:0x00000000 x22=0x00000344
        4071000	      1935	80010e12	0b22	c.slli	x22,0x8	 x22:0x00000344 x22=0x00034400
        4081000	      1940	80010e14	0b0d	c.addi	x22,3	 x22:0x00034400 x22=0x00034403
        4095000	      1947	80010e16	01642023	sw	x22,0(x8)	  x8:0x8ffffffc x22:0x00034403 PA:0x8ffffffc store:0x00034403 load:0x00034403
        4097000	      1948	80010e1a	34402b73	csrrs	x22,mip,x0	  x0:0x00000000 x22=0x00080X00
        4117000	      1958	80010e1e	01642023	sw	x22,0(x8)	  x8:0x8ffffffc x22:0x00080X00 PA:0x8ffffffc store:0x00080X00 load:0x00080000
        4123000	      1961	80010e22	1de0206f	jal	x0,80013000	  x0=0x00000000
        4137000	      1968	80013000	30002b73	csrrs	x22,mstatus,x0	  x0:0x00000000 x22=0x00000080
        4143000	      1971	80013004	30402b73	csrrs	x22,mie,x0	  x0:0x00000000 x22=0x40bf0808
        4165000	      1982	80013008	34402b73	csrrs	x22,mip,x0	  x0:0x00000000 x22=0x00080X00
        4167000	      1983	8001300c	344b3b73	csrrc	x22,mip,x22	 x22:0x00080X00 x22=0x00080X00
        4189000	      1994	80013010	90000437	lui	x8,0x90000	  x8=0x90000000
        4207000	      2003	80013014	ffc40413	addi	x8,x8,-4	  x8:0x90000000  x8=0x8ffffffc
        4209000	      2004	80013018	4b1d	c.li	x22,7	 x22=0x00000007
        4211000	      2005	8001301a	0b22	c.slli	x22,0x8	 x22:0x00000007 x22=0x00000700
        4247000	      2023	8001301c	000b0b13	addi	x22,x22,0	 x22:0x00000700 x22=0x00000700
        4267000	      2033	80013020	01642023	sw	x22,0(x8)	  x8:0x8ffffffc x22:0x00000700 PA:0x8ffffffc store:0x00000700 load:0x00000700
        4317000	      2058	80013024	0042a083	lw	x1,4(x5)	  x5:0x80022da0  x1=0x00000000 PA:0x80022da4 store:0x06f7d1a6
        4349000	      2074	80013028	0082a103	lw	x2,8(x5)	  x5:0x80022da0  x2=0x52969ec0 PA:0x80022da8 store:0x8ffffffc
        4409000	      2104	8001302c	00c2a183	lw	x3,12(x5)	  x5:0x80022da0  x3=0x00000000 PA:0x80022dac store:0xfcb0de05
        4443000	      2121	80013030	0102a203	lw	x4,16(x5)	  x5:0x80022da0  x4=0x06f7d1a6 PA:0x80022db0 store:0x19fae0a7
        4487000	      2143	80013034	0142a283	lw	x5,20(x5)	  x5:0x80022da0  x5=0x80022da0 PA:0x80022db4 store:0xffffffff
        4517000	      2158	80013038	0182a303	lw	x6,24(x5)	  x5:0x80022da0  x6=0x00000000 PA:0x80022db8 store:0x00000000
        4561000	      2180	8001303c	01c2a383	lw	x7,28(x5)	  x5:0x80022da0  x7=0xffe24190 PA:0x80022dbc store:0x00000000
        4585000	      2192	80013040	0202a403	lw	x8,32(x5)	  x5:0x80022da0  x8=0x19fae0a7 PA:0x80022dc0 store:0x00000000
        4627000	      2213	80013044	0242a483	lw	x9,36(x5)	  x5:0x80022da0  x9=0xffe24190 PA:0x80022dc4 store:0x06f7d1a6
        4631000	      2215	80013048	0282a503	lw	x10,40(x5)	  x5:0x80022da0 x10=0x00000000 PA:0x80022dc8 store:0x19fae0a7
        4675000	      2237	8001304c	02c2a583	lw	x11,44(x5)	  x5:0x80022da0 x11=0x221c5e07 PA:0x80022dcc store:0xfcb0de05
        4679000	      2239	80013050	0302a603	lw	x12,48(x5)	  x5:0x80022da0 x12=0xfcb0de05 PA:0x80022dd0 store:0x19fae0a7
        4725000	      2262	80013054	0342a683	lw	x13,52(x5)	  x5:0x80022da0 x13=0x80000000 PA:0x80022dd4 store:0xffffffff
        4729000	      2264	80013058	0382a703	lw	x14,56(x5)	  x5:0x80022da0 x14=0x00000000 PA:0x80022dd8 store:0x00000000
        4737000	      2268	8001305c	03c2a783	lw	x15,60(x5)	  x5:0x80022da0 x15=0xfa11812e PA:0x80022ddc store:0x00000000
        4781000	      2290	80013060	0402a803	lw	x16,64(x5)	  x5:0x80022da0 x16=0x19fae0a7 PA:0x80022de0 store:0x00000000
        4813000	      2306	80013064	0442a883	lw	x17,68(x5)	  x5:0x80022da0 x17=0x80000000 PA:0x80022de4 store:0x06f7d1a6
        4829000	      2314	80013068	0482a903	lw	x18,72(x5)	  x5:0x80022da0 x18=0x46485956 PA:0x80022de8 store:0x19fae0a7
        4853000	      2326	8001306c	04c2a983	lw	x19,76(x5)	  x5:0x80022da0 x19=0x80026e7c PA:0x80022dec store:0xfcb0de05
        4901000	      2350	80013070	0502aa03	lw	x20,80(x5)	  x5:0x80022da0 x20=0xffffffff PA:0x80022df0 store:0x19fae0a7
        4963000	      2381	80013074	0542aa83	lw	x21,84(x5)	  x5:0x80022da0 x21=0x49648224 PA:0x80022df4 store:0xffffffff
        4967000	      2383	80013078	0582ab03	lw	x22,88(x5)	  x5:0x80022da0 x22=0x00000000 PA:0x80022df8 store:0x00000000
        4971000	      2385	8001307c	05c2ab83	lw	x23,92(x5)	  x5:0x80022da0 x23=0x00000001 PA:0x80022dfc store:0x00000000
        5021000	      2410	80013080	0602ac03	lw	x24,96(x5)	  x5:0x80022da0 x24=0x00000000 PA:0x80022e00 store:0x00000000
        5063000	      2431	80013084	0642ac83	lw	x25,100(x5)	  x5:0x80022da0 x25=0x00000000 PA:0x80022e04 store:0x06f7d1a6
        5067000	      2433	80013088	0682ad03	lw	x26,104(x5)	  x5:0x80022da0 x26=0x80000000 PA:0x80022e08 store:0x19fae0a7
        5093000	      2446	8001308c	06c2ad83	lw	x27,108(x5)	  x5:0x80022da0 x27=0xfffffffc PA:0x80022e0c store:0xfcb0de05
        5125000	      2462	80013090	0702ae03	lw	x28,112(x5)	  x5:0x80022da0 x28=0x00000000 PA:0x80022e10 store:0x19fae0a7
        5155000	      2477	80013094	0742ae83	lw	x29,116(x5)	  x5:0x80022da0 x29=0x00000006 PA:0x80022e14 store:0xffffffff
        5183000	      2491	80013098	0782af03	lw	x30,120(x5)	  x5:0x80022da0 x30=0x0000000e PA:0x80022e18 store:0x00000000
        5207000	      2503	8001309c	07c2af83	lw	x31,124(x5)	  x5:0x80022da0 x31=0x80000000 PA:0x80022e1c store:0x00000000
        5209000	      2504	800130a0	07c28293	addi	x5,x5,124	  x5:0x80022da0  x5=0x80022e1c
        5211000	      2505	800130a4	30200073	mret	
        5281000	      2540	800001b4	ffeec5e3	blt	x29,x30,8000019e	 x29:0x00000006 x30:0x0000000e  x0=0x00000000
        5327000	      2563	8000019e	01886433	or	x8,x16,x24	 x16:0x19fae0a7 x24:0x00000000  x8=0x19fae0a7
        5329000	      2564	800001a2	0181dc33	srl	x24,x3,x24	  x3:0x00000000 x24:0x00000000 x24=0x00000000
        5339000	      2569	800001a6	86f7d217	auipc	x4,0x86f7d	  x4=0x06f7d1a6
        5361000	      2580	800001aa	01bf6733	or	x14,x30,x27	 x30:0x0000000e x27:0xfffffffc x14=0xfffffffe
        5363000	      2581	800001ae	0e99	c.addi	x29,6	 x29:0x00000006 x29=0x0000000c
        5437000	      2618	800001b0	035c5733	divu	x14,x24,x21	 x24:0x00000000 x21:0x49648224 x14=0x00000000
        5441000	      2620	800001b4	ffeec5e3	blt	x29,x30,8000019e	 x29:0x0000000c x30:0x0000000e  x0=0x00000000
        5517000	      2658	8000019e	01886433	or	x8,x16,x24	 x16:0x19fae0a7 x24:0x00000000  x8=0x19fae0a7
        5529000	      2664	800001a2	0181dc33	srl	x24,x3,x24	  x3:0x00000000 x24:0x00000000 x24=0x00000000
        5541000	      2670	800001a6	86f7d217	auipc	x4,0x86f7d	  x4=0x06f7d1a6
        5547000	      2673	800001aa	01bf6733	or	x14,x30,x27	 x30:0x0000000e x27:0xfffffffc x14=0xfffffffe
        5549000	      2674	800001ae	0e99	c.addi	x29,6	 x29:0x0000000c x29=0x00000012
        5623000	      2711	800001b0	035c5733	divu	x14,x24,x21	 x24:0x00000000 x21:0x49648224 x14=0x00000000
        5625000	      2712	800001b4	ffeec5e3	blt	x29,x30,8000019e	 x29:0x00000012 x30:0x0000000e  x0=0x00000000
        5627000	      2713	800001b8	415e0fb3	sub	x31,x28,x21	 x28:0x00000000 x21:0x49648224 x31=0xb69b7ddc
        5629000	      2714	800001bc	004e0733	add	x14,x28,x4	 x28:0x00000000  x4:0x06f7d1a6 x14=0x06f7d1a6
        5633000	      2716	800001c0	0001	c.addi	x0,0	  x0:0x00000000  x0=0x00000000
        5635000	      2717	800001c2	01bd	c.addi	x3,15	  x3:0x00000000  x3=0x0000000f
        5657000	      2728	800001c4	03667fb3	remu	x31,x12,x22	 x12:0xfcb0de05 x22:0x00000000 x31=0xfcb0de05
        5681000	      2740	800001c8	d169	c.beqz	x10,8000018a	 x10:0x00000000
        5723000	      2761	8000018a	5a7d	c.li	x20,-1	 x20=0xffffffff
        5729000	      2764	8000018c	007184b3	add	x9,x3,x7	  x3:0x0000000f  x7:0xffe24190  x9=0xffe2419f
        5737000	      2768	80000190	0525	c.addi	x10,9	 x10:0x00000000 x10=0x00000009
        5753000	      2776	80000192	ffa00e93	addi	x29,x0,-6	  x0:0x00000000 x29=0xfffffffa
        5755000	      2777	80000196	0001	c.addi	x0,0	  x0:0x00000000  x0=0x00000000
        5759000	      2779	80000198	00e00f13	addi	x30,x0,14	  x0:0x00000000 x30=0x0000000e
        5777000	      2788	8000019c	8b12	c.mv	x22,x4	  x0:0x00000000  x4:0x06f7d1a6 x22=0x06f7d1a6
        5779000	      2789	8000019e	01886433	or	x8,x16,x24	 x16:0x19fae0a7 x24:0x00000000  x8=0x19fae0a7
        5793000	      2796	800001a2	0181dc33	srl	x24,x3,x24	  x3:0x0000000f x24:0x00000000 x24=0x0000000f
        5833000	      2816	800001a6	86f7d217	auipc	x4,0x86f7d	  x4=0x06f7d1a6
        5835000	      2817	800001aa	01bf6733	or	x14,x30,x27	 x30:0x0000000e x27:0xfffffffc x14=0xfffffffe
        5837000	      2818	800001ae	0e99	c.addi	x29,6	 x29:0xfffffffa x29=0x00000000
        5929000	      2864	800001b0	035c5733	divu	x14,x24,x21	 x24:0x0000000f x21:0x49648224 x14=0x00000000
        6007000	      2903	80012040	98bfe06f	jal	x0,800109ca	  x0=0x00000000
        6047000	      2923	800109ca	f8428293	addi	x5,x5,-124	  x5:0x80022e1c  x5=0x80022da0
        6107000	      2953	800109ce	0012a223	sw	x1,4(x5)	  x5:0x80022da0  x1:0x00000000 PA:0x80022da4 store:0x00000000 load:0x00000000
        6137000	      2968	800109d2	0022a423	sw	x2,8(x5)	  x5:0x80022da0  x2:0x52969ec0 PA:0x80022da8 store:0x52969ec0 load:0x52969ec0
        6173000	      2986	800109d6	0032a623	sw	x3,12(x5)	  x5:0x80022da0  x3:0x0000000f PA:0x80022dac store:0x0000000f load:0x0000000f
        6197000	      2998	800109da	0042a823	sw	x4,16(x5)	  x5:0x80022da0  x4:0x06f7d1a6 PA:0x80022db0 store:0x06f7d1a6 load:0x06f7d1a6
        6201000	      3000	800109de	0052aa23	sw	x5,20(x5)	  x5:0x80022da0  x5:0x80022da0 PA:0x80022db4 store:0x80022da0 load:0x80022da0
        6237000	      3018	800109e2	0062ac23	sw	x6,24(x5)	  x5:0x80022da0  x6:0x00000000 PA:0x80022db8 store:0x00000000 load:0x00000000
        6249000	      3024	800109e6	0072ae23	sw	x7,28(x5)	  x5:0x80022da0  x7:0xffe24190 PA:0x80022dbc store:0xffe24190 load:0xffe24190
        6265000	      3032	800109ea	0282a023	sw	x8,32(x5)	  x5:0x80022da0  x8:0x19fae0a7 PA:0x80022dc0 store:0x19fae0a7 load:0x19fae0a7
        6325000	      3062	800109ee	0292a223	sw	x9,36(x5)	  x5:0x80022da0  x9:0xffe2419f PA:0x80022dc4 store:0xffe2419f load:0xffe2419f
        6333000	      3066	800109f2	02a2a423	sw	x10,40(x5)	  x5:0x80022da0 x10:0x00000009 PA:0x80022dc8 store:0x00000009 load:0x00000009
        6357000	      3078	800109f6	02b2a623	sw	x11,44(x5)	  x5:0x80022da0 x11:0x221c5e07 PA:0x80022dcc store:0x221c5e07 load:0x221c5e07
        6363000	      3081	800109fa	02c2a823	sw	x12,48(x5)	  x5:0x80022da0 x12:0xfcb0de05 PA:0x80022dd0 store:0xfcb0de05 load:0xfcb0de05
        6421000	      3110	800109fe	02d2aa23	sw	x13,52(x5)	  x5:0x80022da0 x13:0x80000000 PA:0x80022dd4 store:0x80000000 load:0x80000000
        6429000	      3114	80010a02	02e2ac23	sw	x14,56(x5)	  x5:0x80022da0 x14:0x00000000 PA:0x80022dd8 store:0x00000000 load:0x00000000
        6433000	      3116	80010a06	02f2ae23	sw	x15,60(x5)	  x5:0x80022da0 x15:0xfa11812e PA:0x80022ddc store:0xfa11812e load:0xfa11812e
        6497000	      3148	80010a0a	0502a023	sw	x16,64(x5)	  x5:0x80022da0 x16:0x19fae0a7 PA:0x80022de0 store:0x19fae0a7 load:0x19fae0a7
        6577000	      3188	80010a0e	0512a223	sw	x17,68(x5)	  x5:0x80022da0 x17:0x80000000 PA:0x80022de4 store:0x80000000 load:0x80000000
        6601000	      3200	80010a12	0522a423	sw	x18,72(x5)	  x5:0x80022da0 x18:0x46485956 PA:0x80022de8 store:0x46485956 load:0x46485956
        6605000	      3202	80010a16	0532a623	sw	x19,76(x5)	  x5:0x80022da0 x19:0x80026e7c PA:0x80022dec store:0x80026e7c load:0x80026e7c
        6683000	      3241	80010a1a	0542a823	sw	x20,80(x5)	  x5:0x80022da0 x20:0xffffffff PA:0x80022df0 store:0xffffffff load:0xffffffff
        6707000	      3253	80010a1e	0552aa23	sw	x21,84(x5)	  x5:0x80022da0 x21:0x49648224 PA:0x80022df4 store:0x49648224 load:0x49648224
        6729000	      3264	80010a22	0562ac23	sw	x22,88(x5)	  x5:0x80022da0 x22:0x06f7d1a6 PA:0x80022df8 store:0x06f7d1a6 load:0x06f7d1a6
        6761000	      3280	80010a26	0572ae23	sw	x23,92(x5)	  x5:0x80022da0 x23:0x00000001 PA:0x80022dfc store:0x00000001 load:0x00000001
        6799000	      3299	80010a2a	0782a023	sw	x24,96(x5)	  x5:0x80022da0 x24:0x0000000f PA:0x80022e00 store:0x0000000f load:0x0000000f
        6837000	      3318	80010a2e	0792a223	sw	x25,100(x5)	  x5:0x80022da0 x25:0x00000000 PA:0x80022e04 store:0x00000000 load:0x00000000
        6895000	      3347	80010a32	07a2a423	sw	x26,104(x5)	  x5:0x80022da0 x26:0x80000000 PA:0x80022e08 store:0x80000000 load:0x80000000
        6907000	      3353	80010a36	07b2a623	sw	x27,108(x5)	  x5:0x80022da0 x27:0xfffffffc PA:0x80022e0c store:0xfffffffc load:0xfffffffc
        6917000	      3358	80010a3a	07c2a823	sw	x28,112(x5)	  x5:0x80022da0 x28:0x00000000 PA:0x80022e10 store:0x00000000 load:0x00000000
        6931000	      3365	80010a3e	07d2aa23	sw	x29,116(x5)	  x5:0x80022da0 x29:0x00000000 PA:0x80022e14 store:0x00000000 load:0x00000000
        6975000	      3387	80010a42	07e2ac23	sw	x30,120(x5)	  x5:0x80022da0 x30:0x0000000e PA:0x80022e18 store:0x0000000e load:0x0000000e
        6993000	      3396	80010a46	07f2ae23	sw	x31,124(x5)	  x5:0x80022da0 x31:0xfcb0de05 PA:0x80022e1c store:0xfcb0de05 load:0xfcb0de05
        6995000	      3397	80010a4a	90000437	lui	x8,0x90000	  x8=0x90000000
        7019000	      3409	80010a4e	ffc40413	addi	x8,x8,-4	  x8:0x90000000  x8=0x8ffffffc
        7021000	      3410	80010a52	4b19	c.li	x22,6	 x22=0x00000006
        7023000	      3411	80010a54	0b22	c.slli	x22,0x8	 x22:0x00000006 x22=0x00000600
        7067000	      3433	80010a56	000b0b13	addi	x22,x22,0	 x22:0x00000600 x22=0x00000600
        7099000	      3449	80010a5a	01642023	sw	x22,0(x8)	  x8:0x8ffffffc x22:0x00000600 PA:0x8ffffffc store:0x00000600 load:0x00000600
        7137000	      3468	80010a5e	34202b73	csrrs	x22,mcause,x0	  x0:0x00000000 x22=0x80000010
        7139000	      3469	80010a62	01fb5b13	srli	x22,x22,0x1f	 x22:0x80000010 x22=0x00000001
        7159000	      3479	80010a66	060b0c63	beq	x22,x0,80010ade	 x22:0x00000001  x0:0x00000000  x0=0x00000000
        7167000	      3483	80010a6a	90000437	lui	x8,0x90000	  x8=0x90000000
        7185000	      3492	80010a6e	ffc40413	addi	x8,x8,-4	  x8:0x90000000  x8=0x8ffffffc
        7247000	      3523	80010a72	30000b13	addi	x22,x0,768	  x0:0x00000000 x22=0x00000300
        7249000	      3524	80010a76	0b22	c.slli	x22,0x8	 x22:0x00000300 x22=0x00030000
        7259000	      3529	80010a78	0b0d	c.addi	x22,3	 x22:0x00030000 x22=0x00030003
        7319000	      3559	80010a7a	01642023	sw	x22,0(x8)	  x8:0x8ffffffc x22:0x00030003 PA:0x8ffffffc store:0x00030003 load:0x00030003
        7321000	      3560	80010a7e	30002b73	csrrs	x22,mstatus,x0	  x0:0x00000000 x22=0x00000080
        7391000	      3595	80010a82	01642023	sw	x22,0(x8)	  x8:0x8ffffffc x22:0x00000080 PA:0x8ffffffc store:0x00000080 load:0x00000080
        7393000	      3596	80010a86	90000437	lui	x8,0x90000	  x8=0x90000000
        7395000	      3597	80010a8a	ffc40413	addi	x8,x8,-4	  x8:0x90000000  x8=0x8ffffffc
        7419000	      3609	80010a8e	34200b13	addi	x22,x0,834	  x0:0x00000000 x22=0x00000342
        7421000	      3610	80010a92	0b22	c.slli	x22,0x8	 x22:0x00000342 x22=0x00034200
        7477000	      3638	80010a94	0b0d	c.addi	x22,3	 x22:0x00034200 x22=0x00034203
        7515000	      3657	80010a96	01642023	sw	x22,0(x8)	  x8:0x8ffffffc x22:0x00034203 PA:0x8ffffffc store:0x00034203 load:0x00034203
        7555000	      3677	80010a9a	34202b73	csrrs	x22,mcause,x0	  x0:0x00000000 x22=0x80000010
        7579000	      3689	80010a9e	01642023	sw	x22,0(x8)	  x8:0x8ffffffc x22:0x80000010 PA:0x8ffffffc store:0x80000010 load:0x80000010
        7581000	      3690	80010aa2	90000437	lui	x8,0x90000	  x8=0x90000000
        7627000	      3713	80010aa6	ffc40413	addi	x8,x8,-4	  x8:0x90000000  x8=0x8ffffffc
        7669000	      3734	80010aaa	30400b13	addi	x22,x0,772	  x0:0x00000000 x22=0x00000304
        7671000	      3735	80010aae	0b22	c.slli	x22,0x8	 x22:0x00000304 x22=0x00030400
        7673000	      3736	80010ab0	0b0d	c.addi	x22,3	 x22:0x00030400 x22=0x00030403
        7735000	      3767	80010ab2	01642023	sw	x22,0(x8)	  x8:0x8ffffffc x22:0x00030403 PA:0x8ffffffc store:0x00030403 load:0x00030403
        7755000	      3777	80010ab6	30402b73	csrrs	x22,mie,x0	  x0:0x00000000 x22=0x40bf0808
        7769000	      3784	80010aba	01642023	sw	x22,0(x8)	  x8:0x8ffffffc x22:0x40bf0808 PA:0x8ffffffc store:0x40bf0808 load:0x40bf0808
        7785000	      3792	80010abe	90000437	lui	x8,0x90000	  x8=0x90000000
        7787000	      3793	80010ac2	ffc40413	addi	x8,x8,-4	  x8:0x90000000  x8=0x8ffffffc
        7821000	      3810	80010ac6	34400b13	addi	x22,x0,836	  x0:0x00000000 x22=0x00000344
        7823000	      3811	80010aca	0b22	c.slli	x22,0x8	 x22:0x00000344 x22=0x00034400
        7837000	      3818	80010acc	0b0d	c.addi	x22,3	 x22:0x00034400 x22=0x00034403
        7847000	      3823	80010ace	01642023	sw	x22,0(x8)	  x8:0x8ffffffc x22:0x00034403 PA:0x8ffffffc store:0x00034403 load:0x00034403
        7857000	      3828	80010ad2	34402b73	csrrs	x22,mip,x0	  x0:0x00000000 x22=0x00010X00
        7919000	      3859	80010ad6	01642023	sw	x22,0(x8)	  x8:0x8ffffffc x22:0x00010X00 PA:0x8ffffffc store:0x00010X00 load:0x00010000
        7923000	      3861	80010ada	5260206f	jal	x0,80013000	  x0=0x00000000
        7953000	      3876	80013000	30002b73	csrrs	x22,mstatus,x0	  x0:0x00000000 x22=0x00000080
        7975000	      3887	80013004	30402b73	csrrs	x22,mie,x0	  x0:0x00000000 x22=0x40bf0808
        7985000	      3892	80013008	34402b73	csrrs	x22,mip,x0	  x0:0x00000000 x22=0x00010X00
        7987000	      3893	8001300c	344b3b73	csrrc	x22,mip,x22	 x22:0x00010X00 x22=0x00010X00
        8003000	      3901	80013010	90000437	lui	x8,0x90000	  x8=0x90000000
        8009000	      3904	80013014	ffc40413	addi	x8,x8,-4	  x8:0x90000000  x8=0x8ffffffc
        8011000	      3905	80013018	4b1d	c.li	x22,7	 x22=0x00000007
        8013000	      3906	8001301a	0b22	c.slli	x22,0x8	 x22:0x00000007 x22=0x00000700
        8073000	      3936	8001301c	000b0b13	addi	x22,x22,0	 x22:0x00000700 x22=0x00000700
        8105000	      3952	80013020	01642023	sw	x22,0(x8)	  x8:0x8ffffffc x22:0x00000700 PA:0x8ffffffc store:0x00000700 load:0x00000700
        8129000	      3964	80013024	0042a083	lw	x1,4(x5)	  x5:0x80022da0  x1=0x00000000 PA:0x80022da4 store:0x06f7d1a6
        8151000	      3975	80013028	0082a103	lw	x2,8(x5)	  x5:0x80022da0  x2=0x52969ec0 PA:0x80022da8 store:0x8ffffffc
        8167000	      3983	8001302c	00c2a183	lw	x3,12(x5)	  x5:0x80022da0  x3=0x0000000f PA:0x80022dac store:0xfcb0de05
        8195000	      3997	80013030	0102a203	lw	x4,16(x5)	  x5:0x80022da0  x4=0x06f7d1a6 PA:0x80022db0 store:0x19fae0a7
        8227000	      4013	80013034	0142a283	lw	x5,20(x5)	  x5:0x80022da0  x5=0x80022da0 PA:0x80022db4 store:0xffffffff
        8245000	      4022	80013038	0182a303	lw	x6,24(x5)	  x5:0x80022da0  x6=0x00000000 PA:0x80022db8 store:0x0000000f
        8269000	      4034	8001303c	01c2a383	lw	x7,28(x5)	  x5:0x80022da0  x7=0xffe24190 PA:0x80022dbc store:0x00000000
        8273000	      4036	80013040	0202a403	lw	x8,32(x5)	  x5:0x80022da0  x8=0x19fae0a7 PA:0x80022dc0 store:0x00000000
        8303000	      4051	80013044	0242a483	lw	x9,36(x5)	  x5:0x80022da0  x9=0xffe2419f PA:0x80022dc4 store:0x06f7d1a6
        8329000	      4064	80013048	0282a503	lw	x10,40(x5)	  x5:0x80022da0 x10=0x00000009 PA:0x80022dc8 store:0x19fae0a7
        8353000	      4076	8001304c	02c2a583	lw	x11,44(x5)	  x5:0x80022da0 x11=0x221c5e07 PA:0x80022dcc store:0xfcb0de05
        8391000	      4095	80013050	0302a603	lw	x12,48(x5)	  x5:0x80022da0 x12=0xfcb0de05 PA:0x80022dd0 store:0x19fae0a7
        8429000	      4114	80013054	0342a683	lw	x13,52(x5)	  x5:0x80022da0 x13=0x80000000 PA:0x80022dd4 store:0xffffffff
        8461000	      4130	80013058	0382a703	lw	x14,56(x5)	  x5:0x80022da0 x14=0x00000000 PA:0x80022dd8 store:0x0000000f
        8475000	      4137	8001305c	03c2a783	lw	x15,60(x5)	  x5:0x80022da0 x15=0xfa11812e PA:0x80022ddc store:0x00000000
        8479000	      4139	80013060	0402a803	lw	x16,64(x5)	  x5:0x80022da0 x16=0x19fae0a7 PA:0x80022de0 store:0x00000000
        8499000	      4149	80013064	0442a883	lw	x17,68(x5)	  x5:0x80022da0 x17=0x80000000 PA:0x80022de4 store:0x06f7d1a6
        8549000	      4174	80013068	0482a903	lw	x18,72(x5)	  x5:0x80022da0 x18=0x46485956 PA:0x80022de8 store:0x19fae0a7
        8607000	      4203	8001306c	04c2a983	lw	x19,76(x5)	  x5:0x80022da0 x19=0x80026e7c PA:0x80022dec store:0xfcb0de05
        8643000	      4221	80013070	0502aa03	lw	x20,80(x5)	  x5:0x80022da0 x20=0xffffffff PA:0x80022df0 store:0x19fae0a7
        8659000	      4229	80013074	0542aa83	lw	x21,84(x5)	  x5:0x80022da0 x21=0x49648224 PA:0x80022df4 store:0xffffffff
        8691000	      4245	80013078	0582ab03	lw	x22,88(x5)	  x5:0x80022da0 x22=0x06f7d1a6 PA:0x80022df8 store:0x0000000f
        8715000	      4257	8001307c	05c2ab83	lw	x23,92(x5)	  x5:0x80022da0 x23=0x00000001 PA:0x80022dfc store:0x00000000
        8719000	      4259	80013080	0602ac03	lw	x24,96(x5)	  x5:0x80022da0 x24=0x0000000f PA:0x80022e00 store:0x00000000
        8769000	      4284	80013084	0642ac83	lw	x25,100(x5)	  x5:0x80022da0 x25=0x00000000 PA:0x80022e04 store:0x06f7d1a6
        8777000	      4288	80013088	0682ad03	lw	x26,104(x5)	  x5:0x80022da0 x26=0x80000000 PA:0x80022e08 store:0x19fae0a7
        8813000	      4306	8001308c	06c2ad83	lw	x27,108(x5)	  x5:0x80022da0 x27=0xfffffffc PA:0x80022e0c store:0xfcb0de05
        8837000	      4318	80013090	0702ae03	lw	x28,112(x5)	  x5:0x80022da0 x28=0x00000000 PA:0x80022e10 store:0x19fae0a7
        8863000	      4331	80013094	0742ae83	lw	x29,116(x5)	  x5:0x80022da0 x29=0x00000000 PA:0x80022e14 store:0xffffffff
        8891000	      4345	80013098	0782af03	lw	x30,120(x5)	  x5:0x80022da0 x30=0x0000000e PA:0x80022e18 store:0x0000000f
        8901000	      4350	8001309c	07c2af83	lw	x31,124(x5)	  x5:0x80022da0 x31=0xfcb0de05 PA:0x80022e1c store:0x00000000
        8903000	      4351	800130a0	07c28293	addi	x5,x5,124	  x5:0x80022da0  x5=0x80022e1c
        8911000	      4355	800130a4	30200073	mret	
        8953000	      4376	800001b4	ffeec5e3	blt	x29,x30,8000019e	 x29:0x00000000 x30:0x0000000e  x0=0x00000000
        9027000	      4413	8000019e	01886433	or	x8,x16,x24	 x16:0x19fae0a7 x24:0x0000000f  x8=0x19fae0af
        9029000	      4414	800001a2	0181dc33	srl	x24,x3,x24	  x3:0x0000000f x24:0x0000000f x24=0x00000000
        9037000	      4418	800001a6	86f7d217	auipc	x4,0x86f7d	  x4=0x06f7d1a6
        9047000	      4423	800001aa	01bf6733	or	x14,x30,x27	 x30:0x0000000e x27:0xfffffffc x14=0xfffffffe
        9049000	      4424	800001ae	0e99	c.addi	x29,6	 x29:0x00000000 x29=0x00000006
        9123000	      4461	800001b0	035c5733	divu	x14,x24,x21	 x24:0x00000000 x21:0x49648224 x14=0x00000000
        9127000	      4463	800001b4	ffeec5e3	blt	x29,x30,8000019e	 x29:0x00000006 x30:0x0000000e  x0=0x00000000
        9165000	      4482	8000019e	01886433	or	x8,x16,x24	 x16:0x19fae0a7 x24:0x00000000  x8=0x19fae0a7
        9199000	      4499	800001a2	0181dc33	srl	x24,x3,x24	  x3:0x0000000f x24:0x00000000 x24=0x0000000f
        9219000	      4509	800001a6	86f7d217	auipc	x4,0x86f7d	  x4=0x06f7d1a6
        9251000	      4525	800001aa	01bf6733	or	x14,x30,x27	 x30:0x0000000e x27:0xfffffffc x14=0xfffffffe
        9253000	      4526	800001ae	0e99	c.addi	x29,6	 x29:0x00000006 x29=0x0000000c
        9327000	      4563	800001b0	035c5733	divu	x14,x24,x21	 x24:0x0000000f x21:0x49648224 x14=0x00000000
        9331000	      4565	800001b4	ffeec5e3	blt	x29,x30,8000019e	 x29:0x0000000c x30:0x0000000e  x0=0x00000000
        9421000	      4610	8000019e	01886433	or	x8,x16,x24	 x16:0x19fae0a7 x24:0x0000000f  x8=0x19fae0af
        9425000	      4612	800001a2	0181dc33	srl	x24,x3,x24	  x3:0x0000000f x24:0x0000000f x24=0x00000000
        9463000	      4631	800001a6	86f7d217	auipc	x4,0x86f7d	  x4=0x06f7d1a6
        9465000	      4632	800001aa	01bf6733	or	x14,x30,x27	 x30:0x0000000e x27:0xfffffffc x14=0xfffffffe
        9467000	      4633	800001ae	0e99	c.addi	x29,6	 x29:0x0000000c x29=0x00000012
        9541000	      4670	800001b0	035c5733	divu	x14,x24,x21	 x24:0x00000000 x21:0x49648224 x14=0x00000000
        9543000	      4671	800001b4	ffeec5e3	blt	x29,x30,8000019e	 x29:0x00000012 x30:0x0000000e  x0=0x00000000
        9545000	      4672	800001b8	415e0fb3	sub	x31,x28,x21	 x28:0x00000000 x21:0x49648224 x31=0xb69b7ddc
        9547000	      4673	800001bc	004e0733	add	x14,x28,x4	 x28:0x00000000  x4:0x06f7d1a6 x14=0x06f7d1a6
        9577000	      4688	800001c0	0001	c.addi	x0,0	  x0:0x00000000  x0=0x00000000
        9579000	      4689	800001c2	01bd	c.addi	x3,15	  x3:0x0000000f  x3=0x0000001e
        9653000	      4726	800001c4	03667fb3	remu	x31,x12,x22	 x12:0xfcb0de05 x22:0x06f7d1a6 x31=0x01d762ad
        9655000	      4727	800001c8	d169	c.beqz	x10,8000018a	 x10:0x00000009
        9657000	      4728	800001ca	83d5	c.srli	x15,0x15	 x15:0xfa11812e x15=0x000007d0
        9661000	      4730	800001cc	01a0016f	jal	x2,800001e6	  x2=0x800001d0
        9707000	      4753	800001e6	0080096f	jal	x18,800001ee	 x18=0x800001ea
        9753000	      4776	80012048	bb3fe06f	jal	x0,80010bfa	  x0=0x00000000
        9815000	      4807	80010bfa	f8428293	addi	x5,x5,-124	  x5:0x80022e1c  x5=0x80022da0
        9819000	      4809	80010bfe	0012a223	sw	x1,4(x5)	  x5:0x80022da0  x1:0x00000000 PA:0x80022da4 store:0x00000000 load:0x00000000
        9855000	      4827	80010c02	0022a423	sw	x2,8(x5)	  x5:0x80022da0  x2:0x800001d0 PA:0x80022da8 store:0x800001d0 load:0x800001d0
        9879000	      4839	80010c06	0032a623	sw	x3,12(x5)	  x5:0x80022da0  x3:0x0000001e PA:0x80022dac store:0x0000001e load:0x0000001e
        9887000	      4843	80010c0a	0042a823	sw	x4,16(x5)	  x5:0x80022da0  x4:0x06f7d1a6 PA:0x80022db0 store:0x06f7d1a6 load:0x06f7d1a6
        9929000	      4864	80010c0e	0052aa23	sw	x5,20(x5)	  x5:0x80022da0  x5:0x80022da0 PA:0x80022db4 store:0x80022da0 load:0x80022da0
        9949000	      4874	80010c12	0062ac23	sw	x6,24(x5)	  x5:0x80022da0  x6:0x00000000 PA:0x80022db8 store:0x00000000 load:0x00000000
        9973000	      4886	80010c16	0072ae23	sw	x7,28(x5)	  x5:0x80022da0  x7:0xffe24190 PA:0x80022dbc store:0xffe24190 load:0xffe24190
       10073000	      4936	80010c1a	0282a023	sw	x8,32(x5)	  x5:0x80022da0  x8:0x19fae0af PA:0x80022dc0 store:0x19fae0af load:0x19fae0af
       10113000	      4956	80010c1e	0292a223	sw	x9,36(x5)	  x5:0x80022da0  x9:0xffe2419f PA:0x80022dc4 store:0xffe2419f load:0xffe2419f
       10123000	      4961	80010c22	02a2a423	sw	x10,40(x5)	  x5:0x80022da0 x10:0x00000009 PA:0x80022dc8 store:0x00000009 load:0x00000009
       10163000	      4981	80010c26	02b2a623	sw	x11,44(x5)	  x5:0x80022da0 x11:0x221c5e07 PA:0x80022dcc store:0x221c5e07 load:0x221c5e07
       10187000	      4993	80010c2a	02c2a823	sw	x12,48(x5)	  x5:0x80022da0 x12:0xfcb0de05 PA:0x80022dd0 store:0xfcb0de05 load:0xfcb0de05
       10203000	      5001	80010c2e	02d2aa23	sw	x13,52(x5)	  x5:0x80022da0 x13:0x80000000 PA:0x80022dd4 store:0x80000000 load:0x80000000
       10241000	      5020	80010c32	02e2ac23	sw	x14,56(x5)	  x5:0x80022da0 x14:0x06f7d1a6 PA:0x80022dd8 store:0x06f7d1a6 load:0x06f7d1a6
       10261000	      5030	80010c36	02f2ae23	sw	x15,60(x5)	  x5:0x80022da0 x15:0x000007d0 PA:0x80022ddc store:0x000007d0 load:0x000007d0
       10325000	      5062	80010c3a	0502a023	sw	x16,64(x5)	  x5:0x80022da0 x16:0x19fae0a7 PA:0x80022de0 store:0x19fae0a7 load:0x19fae0a7
       10329000	      5064	80010c3e	0512a223	sw	x17,68(x5)	  x5:0x80022da0 x17:0x80000000 PA:0x80022de4 store:0x80000000 load:0x80000000
       10413000	      5106	80010c42	0522a423	sw	x18,72(x5)	  x5:0x80022da0 x18:0x800001ea PA:0x80022de8 store:0x800001ea load:0x800001ea
       10459000	      5129	80010c46	0532a623	sw	x19,76(x5)	  x5:0x80022da0 x19:0x80026e7c PA:0x80022dec store:0x80026e7c load:0x80026e7c
       10479000	      5139	80010c4a	0542a823	sw	x20,80(x5)	  x5:0x80022da0 x20:0xffffffff PA:0x80022df0 store:0xffffffff load:0xffffffff
       10499000	      5149	80010c4e	0552aa23	sw	x21,84(x5)	  x5:0x80022da0 x21:0x49648224 PA:0x80022df4 store:0x49648224 load:0x49648224
       10535000	      5167	80010c52	0562ac23	sw	x22,88(x5)	  x5:0x80022da0 x22:0x06f7d1a6 PA:0x80022df8 store:0x06f7d1a6 load:0x06f7d1a6
       10545000	      5172	80010c56	0572ae23	sw	x23,92(x5)	  x5:0x80022da0 x23:0x00000001 PA:0x80022dfc store:0x00000001 load:0x00000001
       10603000	      5201	80010c5a	0782a023	sw	x24,96(x5)	  x5:0x80022da0 x24:0x00000000 PA:0x80022e00 store:0x00000000 load:0x00000000
       10627000	      5213	80010c5e	0792a223	sw	x25,100(x5)	  x5:0x80022da0 x25:0x00000000 PA:0x80022e04 store:0x00000000 load:0x00000000
       10631000	      5215	80010c62	07a2a423	sw	x26,104(x5)	  x5:0x80022da0 x26:0x80000000 PA:0x80022e08 store:0x80000000 load:0x80000000
       10655000	      5227	80010c66	07b2a623	sw	x27,108(x5)	  x5:0x80022da0 x27:0xfffffffc PA:0x80022e0c store:0xfffffffc load:0xfffffffc
       10703000	      5251	80010c6a	07c2a823	sw	x28,112(x5)	  x5:0x80022da0 x28:0x00000000 PA:0x80022e10 store:0x00000000 load:0x00000000
       10717000	      5258	80010c6e	07d2aa23	sw	x29,116(x5)	  x5:0x80022da0 x29:0x00000012 PA:0x80022e14 store:0x00000012 load:0x00000012
       10733000	      5266	80010c72	07e2ac23	sw	x30,120(x5)	  x5:0x80022da0 x30:0x0000000e PA:0x80022e18 store:0x0000000e load:0x0000000e
       10781000	      5290	80010c76	07f2ae23	sw	x31,124(x5)	  x5:0x80022da0 x31:0x01d762ad PA:0x80022e1c store:0x01d762ad load:0x01d762ad
       10815000	      5307	80010c7a	90000437	lui	x8,0x90000	  x8=0x90000000
       10817000	      5308	80010c7e	ffc40413	addi	x8,x8,-4	  x8:0x90000000  x8=0x8ffffffc
       10819000	      5309	80010c82	4b19	c.li	x22,6	 x22=0x00000006
       10825000	      5312	80010c84	0b22	c.slli	x22,0x8	 x22:0x00000006 x22=0x00000600
       10849000	      5324	80010c86	000b0b13	addi	x22,x22,0	 x22:0x00000600 x22=0x00000600
       10907000	      5353	80010c8a	01642023	sw	x22,0(x8)	  x8:0x8ffffffc x22:0x00000600 PA:0x8ffffffc store:0x00000600 load:0x00000600
       10909000	      5354	80010c8e	34202b73	csrrs	x22,mcause,x0	  x0:0x00000000 x22=0x80000012
       10911000	      5355	80010c92	01fb5b13	srli	x22,x22,0x1f	 x22:0x80000012 x22=0x00000001
       10919000	      5359	80010c96	060b0c63	beq	x22,x0,80010d0e	 x22:0x00000001  x0:0x00000000  x0=0x00000000
       10931000	      5365	80010c9a	90000437	lui	x8,0x90000	  x8=0x90000000
       10993000	      5396	80010c9e	ffc40413	addi	x8,x8,-4	  x8:0x90000000  x8=0x8ffffffc
       10995000	      5397	80010ca2	30000b13	addi	x22,x0,768	  x0:0x00000000 x22=0x00000300
       10997000	      5398	80010ca6	0b22	c.slli	x22,0x8	 x22:0x00000300 x22=0x00030000
       11037000	      5418	80010ca8	0b0d	c.addi	x22,3	 x22:0x00030000 x22=0x00030003
       11069000	      5434	80010caa	01642023	sw	x22,0(x8)	  x8:0x8ffffffc x22:0x00030003 PA:0x8ffffffc store:0x00030003 load:0x00030003
       11071000	      5435	80010cae	30002b73	csrrs	x22,mstatus,x0	  x0:0x00000000 x22=0x00000080
       11101000	      5450	80010cb2	01642023	sw	x22,0(x8)	  x8:0x8ffffffc x22:0x00000080 PA:0x8ffffffc store:0x00000080 load:0x00000080
       11117000	      5458	80010cb6	90000437	lui	x8,0x90000	  x8=0x90000000
       11125000	      5462	80010cba	ffc40413	addi	x8,x8,-4	  x8:0x90000000  x8=0x8ffffffc
       11141000	      5470	80010cbe	34200b13	addi	x22,x0,834	  x0:0x00000000 x22=0x00000342
       11143000	      5471	80010cc2	0b22	c.slli	x22,0x8	 x22:0x00000342 x22=0x00034200
       11147000	      5473	80010cc4	0b0d	c.addi	x22,3	 x22:0x00034200 x22=0x00034203
       11231000	      5515	80010cc6	01642023	sw	x22,0(x8)	  x8:0x8ffffffc x22:0x00034203 PA:0x8ffffffc store:0x00034203 load:0x00034203
       11233000	      5516	80010cca	34202b73	csrrs	x22,mcause,x0	  x0:0x00000000 x22=0x80000012
       11277000	      5538	80010cce	01642023	sw	x22,0(x8)	  x8:0x8ffffffc x22:0x80000012 PA:0x8ffffffc store:0x80000012 load:0x80000012
       11285000	      5542	80010cd2	90000437	lui	x8,0x90000	  x8=0x90000000
       11327000	      5563	80010cd6	ffc40413	addi	x8,x8,-4	  x8:0x90000000  x8=0x8ffffffc
       11333000	      5566	80010cda	30400b13	addi	x22,x0,772	  x0:0x00000000 x22=0x00000304
       11335000	      5567	80010cde	0b22	c.slli	x22,0x8	 x22:0x00000304 x22=0x00030400
       11351000	      5575	80010ce0	0b0d	c.addi	x22,3	 x22:0x00030400 x22=0x00030403
       11415000	      5607	80010ce2	01642023	sw	x22,0(x8)	  x8:0x8ffffffc x22:0x00030403 PA:0x8ffffffc store:0x00030403 load:0x00030403
       11417000	      5608	80010ce6	30402b73	csrrs	x22,mie,x0	  x0:0x00000000 x22=0x40bf0808
       11441000	      5620	80010cea	01642023	sw	x22,0(x8)	  x8:0x8ffffffc x22:0x40bf0808 PA:0x8ffffffc store:0x40bf0808 load:0x40bf0808
       11451000	      5625	80010cee	90000437	lui	x8,0x90000	  x8=0x90000000
       11471000	      5635	80010cf2	ffc40413	addi	x8,x8,-4	  x8:0x90000000  x8=0x8ffffffc
       11473000	      5636	80010cf6	34400b13	addi	x22,x0,836	  x0:0x00000000 x22=0x00000344
       11475000	      5637	80010cfa	0b22	c.slli	x22,0x8	 x22:0x00000344 x22=0x00034400
       11495000	      5647	80010cfc	0b0d	c.addi	x22,3	 x22:0x00034400 x22=0x00034403
       11545000	      5672	80010cfe	01642023	sw	x22,0(x8)	  x8:0x8ffffffc x22:0x00034403 PA:0x8ffffffc store:0x00034403 load:0x00034403
       11547000	      5673	80010d02	34402b73	csrrs	x22,mip,x0	  x0:0x00000000 x22=0x00040X00
       11551000	      5675	80010d06	01642023	sw	x22,0(x8)	  x8:0x8ffffffc x22:0x00040X00 PA:0x8ffffffc store:0x00040X00 load:0x00040000
       11587000	      5693	80010d0a	2f60206f	jal	x0,80013000	  x0=0x00000000
       11641000	      5720	80013000	30002b73	csrrs	x22,mstatus,x0	  x0:0x00000000 x22=0x00000080
       11643000	      5721	80013004	30402b73	csrrs	x22,mie,x0	  x0:0x00000000 x22=0x40bf0808
       11691000	      5745	80013008	34402b73	csrrs	x22,mip,x0	  x0:0x00000000 x22=0x00040X00
       11693000	      5746	8001300c	344b3b73	csrrc	x22,mip,x22	 x22:0x00040X00 x22=0x00040X00
       11715000	      5757	80013010	90000437	lui	x8,0x90000	  x8=0x90000000
       11755000	      5777	80013014	ffc40413	addi	x8,x8,-4	  x8:0x90000000  x8=0x8ffffffc
       11757000	      5778	80013018	4b1d	c.li	x22,7	 x22=0x00000007
       11759000	      5779	8001301a	0b22	c.slli	x22,0x8	 x22:0x00000007 x22=0x00000700
       11795000	      5797	8001301c	000b0b13	addi	x22,x22,0	 x22:0x00000700 x22=0x00000700
       11819000	      5809	80013020	01642023	sw	x22,0(x8)	  x8:0x8ffffffc x22:0x00000700 PA:0x8ffffffc store:0x00000700 load:0x00000700
       11861000	      5830	80013024	0042a083	lw	x1,4(x5)	  x5:0x80022da0  x1=0x00000000 PA:0x80022da4 store:0x06f7d1a6
       11893000	      5846	80013028	0082a103	lw	x2,8(x5)	  x5:0x80022da0  x2=0x800001d0 PA:0x80022da8 store:0x8ffffffc
       11917000	      5858	8001302c	00c2a183	lw	x3,12(x5)	  x5:0x80022da0  x3=0x0000001e PA:0x80022dac store:0xfcb0de05
       11939000	      5869	80013030	0102a203	lw	x4,16(x5)	  x5:0x80022da0  x4=0x06f7d1a6 PA:0x80022db0 store:0x19fae0a7
       11985000	      5892	80013034	0142a283	lw	x5,20(x5)	  x5:0x80022da0  x5=0x80022da0 PA:0x80022db4 store:0xffffffff
       11991000	      5895	80013038	0182a303	lw	x6,24(x5)	  x5:0x80022da0  x6=0x00000000 PA:0x80022db8 store:0x00000000
       12003000	      5901	8001303c	01c2a383	lw	x7,28(x5)	  x5:0x80022da0  x7=0xffe24190 PA:0x80022dbc store:0x00000000
       12017000	      5908	80013040	0202a403	lw	x8,32(x5)	  x5:0x80022da0  x8=0x19fae0af PA:0x80022dc0 store:0x00000000
       12023000	      5911	80013044	0242a483	lw	x9,36(x5)	  x5:0x80022da0  x9=0xffe2419f PA:0x80022dc4 store:0x06f7d1a6
       12027000	      5913	80013048	0282a503	lw	x10,40(x5)	  x5:0x80022da0 x10=0x00000009 PA:0x80022dc8 store:0x19fae0af
       12073000	      5936	8001304c	02c2a583	lw	x11,44(x5)	  x5:0x80022da0 x11=0x221c5e07 PA:0x80022dcc store:0xfcb0de05
       12077000	      5938	80013050	0302a603	lw	x12,48(x5)	  x5:0x80022da0 x12=0xfcb0de05 PA:0x80022dd0 store:0x19fae0a7
       12081000	      5940	80013054	0342a683	lw	x13,52(x5)	  x5:0x80022da0 x13=0x80000000 PA:0x80022dd4 store:0xffffffff
       12137000	      5968	80013058	0382a703	lw	x14,56(x5)	  x5:0x80022da0 x14=0x06f7d1a6 PA:0x80022dd8 store:0x00000000
       12161000	      5980	8001305c	03c2a783	lw	x15,60(x5)	  x5:0x80022da0 x15=0x000007d0 PA:0x80022ddc store:0x00000000
       12187000	      5993	80013060	0402a803	lw	x16,64(x5)	  x5:0x80022da0 x16=0x19fae0a7 PA:0x80022de0 store:0x00000000
       12197000	      5998	80013064	0442a883	lw	x17,68(x5)	  x5:0x80022da0 x17=0x80000000 PA:0x80022de4 store:0x06f7d1a6
       12201000	      6000	80013068	0482a903	lw	x18,72(x5)	  x5:0x80022da0 x18=0x800001ea PA:0x80022de8 store:0x19fae0af
       12205000	      6002	8001306c	04c2a983	lw	x19,76(x5)	  x5:0x80022da0 x19=0x80026e7c PA:0x80022dec store:0xfcb0de05
       12265000	      6032	80013070	0502aa03	lw	x20,80(x5)	  x5:0x80022da0 x20=0xffffffff PA:0x80022df0 store:0x19fae0a7
       12289000	      6044	80013074	0542aa83	lw	x21,84(x5)	  x5:0x80022da0 x21=0x49648224 PA:0x80022df4 store:0xffffffff
       12381000	      6090	80013078	0582ab03	lw	x22,88(x5)	  x5:0x80022da0 x22=0x06f7d1a6 PA:0x80022df8 store:0x00000000
       12385000	      6092	8001307c	05c2ab83	lw	x23,92(x5)	  x5:0x80022da0 x23=0x00000001 PA:0x80022dfc store:0x00000000
       12427000	      6113	80013080	0602ac03	lw	x24,96(x5)	  x5:0x80022da0 x24=0x00000000 PA:0x80022e00 store:0x00000000
       12445000	      6122	80013084	0642ac83	lw	x25,100(x5)	  x5:0x80022da0 x25=0x00000000 PA:0x80022e04 store:0x06f7d1a6
       12467000	      6133	80013088	0682ad03	lw	x26,104(x5)	  x5:0x80022da0 x26=0x80000000 PA:0x80022e08 store:0x19fae0af
       12505000	      6152	8001308c	06c2ad83	lw	x27,108(x5)	  x5:0x80022da0 x27=0xfffffffc PA:0x80022e0c store:0xfcb0de05
       12527000	      6163	80013090	0702ae03	lw	x28,112(x5)	  x5:0x80022da0 x28=0x00000000 PA:0x80022e10 store:0x19fae0a7
       12591000	      6195	80013094	0742ae83	lw	x29,116(x5)	  x5:0x80022da0 x29=0x00000012 PA:0x80022e14 store:0xffffffff
       12655000	      6227	80013098	0782af03	lw	x30,120(x5)	  x5:0x80022da0 x30=0x0000000e PA:0x80022e18 store:0x00000000
       12699000	      6249	8001309c	07c2af83	lw	x31,124(x5)	  x5:0x80022da0 x31=0x01d762ad PA:0x80022e1c store:0x00000000
       12701000	      6250	800130a0	07c28293	addi	x5,x5,124	  x5:0x80022da0  x5=0x80022e1c
       12703000	      6251	800130a4	30200073	mret	
       12715000	      6257	800001ee	2021	c.jal	800001f6	  x1=0x800001f0
       12729000	      6264	800001f6	b7f5	c.j	800001e2	
       12735000	      6267	800001e2	37fd	c.jal	800001d0	  x1=0x800001e4
       12767000	      6283	800001d0	2829	c.jal	800001ea	  x1=0x800001d2
       12837000	      6318	800001ea	fe9ff0ef	jal	x1,800001d2	  x1=0x800001ee
       12889000	      6344	800001d2	2839	c.jal	800001f0	  x1=0x800001d4
       12905000	      6352	800001f0	bfc5	c.j	800001e0	
       12919000	      6359	800001e0	bffd	c.j	800001de	
       12951000	      6375	800001de	3fdd	c.jal	800001d4	  x1=0x800001e0
       12993000	      6396	800001d4	a801	c.j	800001e4	
       12999000	      6399	800001e4	bfd5	c.j	800001d8	
       13037000	      6418	800001d8	a009	c.j	800001da	
       13081000	      6440	800001da	ffdff0ef	jal	x1,800001d6	  x1=0x800001de
       13161000	      6480	800001d6	2831	c.jal	800001f2	  x1=0x800001d8
       13189000	      6494	800001f2	006000ef	jal	x1,800001f8	  x1=0x800001f6
       13275000	      6537	800001f8	036dcbb3	div	x23,x27,x22	 x27:0xfffffffc x22:0x06f7d1a6 x23=0x00000000
       13277000	      6538	800001fc	00016117	auipc	x2,0x16	  x2=0x800161fc
       13279000	      6539	80000200	ce210113	addi	x2,x2,-798	  x2:0x800161fc  x2=0x80015ede
       13281000	      6540	80000204	84e1	c.srai	x9,0x18	  x9:0xffe2419f  x9=0xffffffff
       13351000	      6575	80000206	ffc11a23	sh	x28,-12(x2)	  x2:0x80015ede x28:0x00000000 PA:0x80015ed2 store:0x00000000 load:0x00000000
       13353000	      6576	8000020a	83f1	c.srli	x15,0x1c	 x15:0x000007d0 x15=0x00000000
       13355000	      6577	8000020c	01331cb3	sll	x25,x6,x19	  x6:0x00000000 x19:0x80026e7c x25=0x00000000
       13377000	      6588	80000210	ff314583	lbu	x11,-13(x2)	  x2:0x80015ede x11=0x000000d2 PA:0x80015ed1 store:0x80026e7c
       13379000	      6589	80000214	00d65013	srli	x0,x12,0xd	 x12:0xfcb0de05  x0=0x00000000
       13417000	      6608	80000218	41f58fb3	sub	x31,x11,x31	 x11:0x000000d2 x31:0x01d762ad x31=0xfe289e25
       13419000	      6609	8000021c	8f61	c.and	x14,x8	 x14:0x06f7d1a6  x8:0x19fae0af x14=0x00f2c0a6
       13441000	      6620	8000021e	009d5193	srli	x3,x26,0x9	 x26:0x80000000  x3=0x00400000
       13473000	      6636	80000222	00f14383	lbu	x7,15(x2)	  x2:0x80015ede  x7=0x000000ee PA:0x80015eed store:0x00000000
       13503000	      6651	80000226	ff410ba3	sb	x20,-9(x2)	  x2:0x80015ede x20:0xffffffff PA:0x80015ed5 store:0xffffffff load:0x000000ff
       13505000	      6652	8000022a	87e9	c.srai	x15,0x1a	 x15:0x00000000 x15=0x00000000
       13521000	      6660	8000022c	fff10d23	sb	x31,-6(x2)	  x2:0x80015ede x31:0xfe289e25 PA:0x80015ed8 store:0xfe289e25 load:0x00000025
       13523000	      6661	80000230	8749	c.srai	x14,0x12	 x14:0x00f2c0a6 x14=0x0000003c
       13533000	      6666	80000232	04a68f93	addi	x31,x13,74	 x13:0x80000000 x31=0x8000004a
       13535000	      6667	80000236	00ce4ab3	xor	x21,x28,x12	 x28:0x00000000 x12:0xfcb0de05 x21=0xfcb0de05
       13537000	      6668	8000023a	80ad	c.srli	x9,0xb	  x9:0xffffffff  x9=0x001fffff
       13579000	      6689	8000023c	ffb10ba3	sb	x27,-9(x2)	  x2:0x80015ede x27:0xfffffffc PA:0x80015ed5 store:0xfffffffc load:0x000000fc
       13591000	      6695	80000240	00414903	lbu	x18,4(x2)	  x2:0x80015ede x18=0x000000e1 PA:0x80015ee2 store:0x06f7d1a6
       13659000	      6729	80000244	ffd10183	lb	x3,-3(x2)	  x2:0x80015ede  x3=0xffffffd8 PA:0x80015edb store:0x00000012
       13661000	      6730	80000248	0ff0000f	fence	iorw,iorwiorw	
       13663000	      6731	8000024c	0193fd33	and	x26,x7,x25	  x7:0x000000ee x25:0x00000000 x26=0x00000000
       13737000	      6768	80000250	033348b3	div	x17,x6,x19	  x6:0x00000000 x19:0x80026e7c x17=0x00000000
       13739000	      6769	80000254	00ff1213	slli	x4,x30,0xf	 x30:0x0000000e  x4=0x00070000
       13747000	      6773	80000258	00011783	lh	x15,0(x2)	  x2:0x80015ede x15=0xffffdcdd PA:0x80015ede store:0x00000000
       13767000	      6783	8000025c	00910b83	lb	x23,9(x2)	  x2:0x80015ede x23=0xffffffe4 PA:0x80015ee7 store:0x001fffff
       13869000	      6834	80000260	030868b3	rem	x17,x16,x16	 x16:0x19fae0a7 x16:0x19fae0a7 x17=0x00000000
       13871000	      6835	80000264	dea5c513	xori	x10,x11,-534	 x11:0x000000d2 x10=0xfffffd38
       13873000	      6836	80000268	3ac34b13	xori	x22,x6,940	  x6:0x00000000 x22=0x000003ac
       13881000	      6840	8000026c	02c21433	mulh	x8,x4,x12	  x4:0x00070000 x12:0xfcb0de05  x8=0xffffe8d6
       13937000	      6868	80000270	0fbe	c.slli	x31,0xf	 x31:0x8000004a x31=0x00250000
       13953000	      6876	80000272	01a104a3	sb	x26,9(x2)	  x2:0x80015ede x26:0x00000000 PA:0x80015ee7 store:0x00000000 load:0x00000000
       13955000	      6877	80000276	0001a117	auipc	x2,0x1a	  x2=0x8001a276
       13957000	      6878	8000027a	11410113	addi	x2,x2,276	  x2:0x8001a276  x2=0x8001a38a
       13983000	      6891	8000027e	06f10223	sb	x15,100(x2)	  x2:0x8001a38a x15:0xffffdcdd PA:0x8001a3ee store:0xffffdcdd load:0x000000dd
       14007000	      6903	80000282	032333b3	mulhu	x7,x6,x18	  x6:0x00000000 x18:0x000000e1  x7=0x00000000
       14073000	      6936	80000286	f3f10883	lb	x17,-193(x2)	  x2:0x8001a38a x17=0xffffffca PA:0x8001a2c9 store:0x00250000
       14075000	      6937	8000028a	0001	c.addi	x0,0	  x0:0x00000000  x0=0x00000000
       14083000	      6941	8000028c	03752433	mulhsu	x8,x10,x23	 x10:0xfffffd38 x23:0xffffffe4  x8=0xfffffd38
       14085000	      6942	80000290	0a0e	c.slli	x20,0x3	 x20:0xffffffff x20=0xfffffff8
       14107000	      6953	80000292	0b110203	lb	x4,177(x2)	  x2:0x8001a38a  x4=0x00000038 PA:0x8001a43b store:0xffffffca
       14115000	      6957	80000296	0f211383	lh	x7,242(x2)	  x2:0x8001a38a  x7=0x00007e7f PA:0x8001a47c store:0x000000e1
       14121000	      6960	8000029a	00abc5b3	xor	x11,x23,x10	 x23:0xffffffe4 x10:0xfffffd38 x11=0x000002dc
       14123000	      6961	8000029e	8fbd	c.xor	x15,x15	 x15:0xffffdcdd x15:0xffffdcdd x15=0x00000000
       14147000	      6973	800002a0	f7114703	lbu	x14,-143(x2)	  x2:0x8001a38a x14=0x000000f8 PA:0x8001a2fb store:0xffffffca
       14149000	      6974	800002a4	041e	c.slli	x8,0x7	  x8:0xfffffd38  x8=0xfffe9c00
       14195000	      6997	800002a6	f7211d83	lh	x27,-142(x2)	  x2:0x8001a38a x27=0xfffffeff PA:0x8001a2fc store:0x000000e1
       14209000	      7004	800002aa	01514c83	lbu	x25,21(x2)	  x2:0x8001a38a x25=0x0000009c PA:0x8001a39f store:0xfcb0de05
       14211000	      7005	800002ae	408387b3	sub	x15,x7,x8	  x7:0x00007e7f  x8:0xfffe9c00 x15=0x0001e27f
       14213000	      7006	800002b2	8559	c.srai	x10,0x16	 x10:0xfffffd38 x10=0xffffffff
       14235000	      7017	800002b4	80fe	c.mv	x1,x31	  x0:0x00000000 x31:0x00250000  x1=0x00250000
       14237000	      7018	800002b6	006a8eb3	add	x29,x21,x6	 x21:0xfcb0de05  x6:0x00000000 x29=0xfcb0de05
       14293000	      7046	800002ba	cc7fe913	ori	x18,x31,-825	 x31:0x00250000 x18=0xfffffcc7
       14335000	      7067	800002be	00f7dc93	srli	x25,x15,0xf	 x15:0x0001e27f x25=0x00000003
       14337000	      7068	800002c2	6c9d	c.lui	x25,0x7	 x25=0x00007000
       14411000	      7105	800002c4	037ec033	div	x0,x29,x23	 x29:0xfcb0de05 x23:0xffffffe4  x0=0x00000000
       14413000	      7106	800002c8	5faeda97	auipc	x21,0x5faed	 x21=0xdfaed2c8
       14433000	      7116	800002cc	f9611e03	lh	x28,-106(x2)	  x2:0x8001a38a x28=0x00002223 PA:0x8001a320 store:0x000003ac
       14445000	      7122	800002d0	f1e107a3	sb	x30,-241(x2)	  x2:0x8001a38a x30:0x0000000e PA:0x8001a299 store:0x0000000e load:0x0000000e
       14473000	      7136	800002d4	03810623	sb	x24,44(x2)	  x2:0x8001a38a x24:0x00000000 PA:0x8001a3b6 store:0x00000000 load:0x00000000
       14525000	      7162	800002d8	f4d14583	lbu	x11,-179(x2)	  x2:0x8001a38a x11=0x000000d4 PA:0x8001a2d7 store:0x80000000
       14527000	      7163	800002dc	8762	c.mv	x14,x24	  x0:0x00000000 x24:0x00000000 x14=0x00000000
       14543000	      7171	800002de	f6710ba3	sb	x7,-137(x2)	  x2:0x8001a38a  x7:0x00007e7f PA:0x8001a301 store:0x00007e7f load:0x0000007f
       14551000	      7175	800002e2	2981ff93	andi	x31,x3,664	  x3:0xffffffd8 x31=0x00000298
       14565000	      7182	800002e6	03a14603	lbu	x12,58(x2)	  x2:0x8001a38a x12=0x000000c7 PA:0x8001a3c4 store:0x00000000
       14567000	      7183	800002ea	00015c97	auipc	x25,0x15	 x25=0x800152ea
       14569000	      7184	800002ee	780c8c93	addi	x25,x25,1920	 x25:0x800152ea x25=0x80015a6a
       14573000	      7186	800002f2	00016d97	auipc	x27,0x16	 x27=0x800162f2
       14601000	      7200	800002f6	860d8d93	addi	x27,x27,-1952	 x27:0x800162f2 x27=0x80015b52
       14625000	      7212	800002fa	0d1c8003	lb	x0,209(x25)	 x25:0x80015a6a  x0=0x00000000 PA:0x80015b3b store:0xffffffca
       14627000	      7213	800002fe	00015397	auipc	x7,0x15	  x7=0x800152fe
       14695000	      7247	8001200c	b87fd06f	jal	x0,8000fb92	  x0=0x00000000
       14737000	      7268	8000fb92	f8428293	addi	x5,x5,-124	  x5:0x80022e1c  x5=0x80022da0
       14813000	      7306	8000fb96	0012a223	sw	x1,4(x5)	  x5:0x80022da0  x1:0x00250000 PA:0x80022da4 store:0x00250000 load:0x00250000
       14823000	      7311	8000fb9a	0022a423	sw	x2,8(x5)	  x5:0x80022da0  x2:0x8001a38a PA:0x80022da8 store:0x8001a38a load:0x8001a38a
       14879000	      7339	8000fb9e	0032a623	sw	x3,12(x5)	  x5:0x80022da0  x3:0xffffffd8 PA:0x80022dac store:0xffffffd8 load:0xffffffd8
       14933000	      7366	8000fba2	0042a823	sw	x4,16(x5)	  x5:0x80022da0  x4:0x00000038 PA:0x80022db0 store:0x00000038 load:0x00000038
       14939000	      7369	8000fba6	0052aa23	sw	x5,20(x5)	  x5:0x80022da0  x5:0x80022da0 PA:0x80022db4 store:0x80022da0 load:0x80022da0
       15029000	      7414	8000fbaa	0062ac23	sw	x6,24(x5)	  x5:0x80022da0  x6:0x00000000 PA:0x80022db8 store:0x00000000 load:0x00000000
       15043000	      7421	8000fbae	0072ae23	sw	x7,28(x5)	  x5:0x80022da0  x7:0x800152fe PA:0x80022dbc store:0x800152fe load:0x800152fe
       15079000	      7439	8000fbb2	0282a023	sw	x8,32(x5)	  x5:0x80022da0  x8:0xfffe9c00 PA:0x80022dc0 store:0xfffe9c00 load:0xfffe9c00
       15083000	      7441	8000fbb6	0292a223	sw	x9,36(x5)	  x5:0x80022da0  x9:0x001fffff PA:0x80022dc4 store:0x001fffff load:0x001fffff
       15097000	      7448	8000fbba	02a2a423	sw	x10,40(x5)	  x5:0x80022da0 x10:0xffffffff PA:0x80022dc8 store:0xffffffff load:0xffffffff
       15145000	      7472	8000fbbe	02b2a623	sw	x11,44(x5)	  x5:0x80022da0 x11:0x000000d4 PA:0x80022dcc store:0x000000d4 load:0x000000d4
       15201000	      7500	8000fbc2	02c2a823	sw	x12,48(x5)	  x5:0x80022da0 x12:0x000000c7 PA:0x80022dd0 store:0x000000c7 load:0x000000c7
       15223000	      7511	8000fbc6	02d2aa23	sw	x13,52(x5)	  x5:0x80022da0 x13:0x80000000 PA:0x80022dd4 store:0x80000000 load:0x80000000
       15233000	      7516	8000fbca	02e2ac23	sw	x14,56(x5)	  x5:0x80022da0 x14:0x00000000 PA:0x80022dd8 store:0x00000000 load:0x00000000
       15251000	      7525	8000fbce	02f2ae23	sw	x15,60(x5)	  x5:0x80022da0 x15:0x0001e27f PA:0x80022ddc store:0x0001e27f load:0x0001e27f
       15315000	      7557	8000fbd2	0502a023	sw	x16,64(x5)	  x5:0x80022da0 x16:0x19fae0a7 PA:0x80022de0 store:0x19fae0a7 load:0x19fae0a7
       15363000	      7581	8000fbd6	0512a223	sw	x17,68(x5)	  x5:0x80022da0 x17:0xffffffca PA:0x80022de4 store:0xffffffca load:0xffffffca
       15385000	      7592	8000fbda	0522a423	sw	x18,72(x5)	  x5:0x80022da0 x18:0xfffffcc7 PA:0x80022de8 store:0xfffffcc7 load:0xfffffcc7
       15471000	      7635	8000fbde	0532a623	sw	x19,76(x5)	  x5:0x80022da0 x19:0x80026e7c PA:0x80022dec store:0x80026e7c load:0x80026e7c
       15485000	      7642	8000fbe2	0542a823	sw	x20,80(x5)	  x5:0x80022da0 x20:0xfffffff8 PA:0x80022df0 store:0xfffffff8 load:0xfffffff8
       15509000	      7654	8000fbe6	0552aa23	sw	x21,84(x5)	  x5:0x80022da0 x21:0xdfaed2c8 PA:0x80022df4 store:0xdfaed2c8 load:0xdfaed2c8
       15593000	      7696	8000fbea	0562ac23	sw	x22,88(x5)	  x5:0x80022da0 x22:0x000003ac PA:0x80022df8 store:0x000003ac load:0x000003ac
       15619000	      7709	8000fbee	0572ae23	sw	x23,92(x5)	  x5:0x80022da0 x23:0xffffffe4 PA:0x80022dfc store:0xffffffe4 load:0xffffffe4
       15623000	      7711	8000fbf2	0782a023	sw	x24,96(x5)	  x5:0x80022da0 x24:0x00000000 PA:0x80022e00 store:0x00000000 load:0x00000000
       15679000	      7739	8000fbf6	0792a223	sw	x25,100(x5)	  x5:0x80022da0 x25:0x80015a6a PA:0x80022e04 store:0x80015a6a load:0x80015a6a
       15713000	      7756	8000fbfa	07a2a423	sw	x26,104(x5)	  x5:0x80022da0 x26:0x00000000 PA:0x80022e08 store:0x00000000 load:0x00000000
       15737000	      7768	8000fbfe	07b2a623	sw	x27,108(x5)	  x5:0x80022da0 x27:0x80015b52 PA:0x80022e0c store:0x80015b52 load:0x80015b52
       15761000	      7780	8000fc02	07c2a823	sw	x28,112(x5)	  x5:0x80022da0 x28:0x00002223 PA:0x80022e10 store:0x00002223 load:0x00002223
       15775000	      7787	8000fc06	07d2aa23	sw	x29,116(x5)	  x5:0x80022da0 x29:0xfcb0de05 PA:0x80022e14 store:0xfcb0de05 load:0xfcb0de05
       15843000	      7821	8000fc0a	07e2ac23	sw	x30,120(x5)	  x5:0x80022da0 x30:0x0000000e PA:0x80022e18 store:0x0000000e load:0x0000000e
       15885000	      7842	8000fc0e	07f2ae23	sw	x31,124(x5)	  x5:0x80022da0 x31:0x00000298 PA:0x80022e1c store:0x00000298 load:0x00000298
       15887000	      7843	8000fc12	90000437	lui	x8,0x90000	  x8=0x90000000
       15889000	      7844	8000fc16	ffc40413	addi	x8,x8,-4	  x8:0x90000000  x8=0x8ffffffc
       15891000	      7845	8000fc1a	4b19	c.li	x22,6	 x22=0x00000006
       15933000	      7866	8000fc1c	0b22	c.slli	x22,0x8	 x22:0x00000006 x22=0x00000600
       15935000	      7867	8000fc1e	000b0b13	addi	x22,x22,0	 x22:0x00000600 x22=0x00000600
       16003000	      7901	8000fc22	01642023	sw	x22,0(x8)	  x8:0x8ffffffc x22:0x00000600 PA:0x8ffffffc store:0x00000600 load:0x00000600
       16005000	      7902	8000fc26	34202b73	csrrs	x22,mcause,x0	  x0:0x00000000 x22=0x80000003
       16007000	      7903	8000fc2a	01fb5b13	srli	x22,x22,0x1f	 x22:0x80000003 x22=0x00000001
       16027000	      7913	8000fc2e	060b0c63	beq	x22,x0,8000fca6	 x22:0x00000001  x0:0x00000000  x0=0x00000000
       16033000	      7916	8000fc32	90000437	lui	x8,0x90000	  x8=0x90000000
       16055000	      7927	8000fc36	ffc40413	addi	x8,x8,-4	  x8:0x90000000  x8=0x8ffffffc
       16069000	      7934	8000fc3a	30000b13	addi	x22,x0,768	  x0:0x00000000 x22=0x00000300
       16071000	      7935	8000fc3e	0b22	c.slli	x22,0x8	 x22:0x00000300 x22=0x00030000
       16073000	      7936	8000fc40	0b0d	c.addi	x22,3	 x22:0x00030000 x22=0x00030003
       16099000	      7949	8000fc42	01642023	sw	x22,0(x8)	  x8:0x8ffffffc x22:0x00030003 PA:0x8ffffffc store:0x00030003 load:0x00030003
       16101000	      7950	8000fc46	30002b73	csrrs	x22,mstatus,x0	  x0:0x00000000 x22=0x00000080
       16153000	      7976	8000fc4a	01642023	sw	x22,0(x8)	  x8:0x8ffffffc x22:0x00000080 PA:0x8ffffffc store:0x00000080 load:0x00000080
       16155000	      7977	8000fc4e	90000437	lui	x8,0x90000	  x8=0x90000000
       16163000	      7981	8000fc52	ffc40413	addi	x8,x8,-4	  x8:0x90000000  x8=0x8ffffffc
       16179000	      7989	8000fc56	34200b13	addi	x22,x0,834	  x0:0x00000000 x22=0x00000342
       16181000	      7990	8000fc5a	0b22	c.slli	x22,0x8	 x22:0x00000342 x22=0x00034200
       16183000	      7991	8000fc5c	0b0d	c.addi	x22,3	 x22:0x00034200 x22=0x00034203
       16215000	      8007	8000fc5e	01642023	sw	x22,0(x8)	  x8:0x8ffffffc x22:0x00034203 PA:0x8ffffffc store:0x00034203 load:0x00034203
       16217000	      8008	8000fc62	34202b73	csrrs	x22,mcause,x0	  x0:0x00000000 x22=0x80000003
       16261000	      8030	8000fc66	01642023	sw	x22,0(x8)	  x8:0x8ffffffc x22:0x80000003 PA:0x8ffffffc store:0x80000003 load:0x80000003
       16263000	      8031	8000fc6a	90000437	lui	x8,0x90000	  x8=0x90000000
       16265000	      8032	8000fc6e	ffc40413	addi	x8,x8,-4	  x8:0x90000000  x8=0x8ffffffc
       16327000	      8063	8000fc72	30400b13	addi	x22,x0,772	  x0:0x00000000 x22=0x00000304
       16329000	      8064	8000fc76	0b22	c.slli	x22,0x8	 x22:0x00000304 x22=0x00030400
       16369000	      8084	8000fc78	0b0d	c.addi	x22,3	 x22:0x00030400 x22=0x00030403
       16393000	      8096	8000fc7a	01642023	sw	x22,0(x8)	  x8:0x8ffffffc x22:0x00030403 PA:0x8ffffffc store:0x00030403 load:0x00030403
       16395000	      8097	8000fc7e	30402b73	csrrs	x22,mie,x0	  x0:0x00000000 x22=0x40bf0808
       16411000	      8105	8000fc82	01642023	sw	x22,0(x8)	  x8:0x8ffffffc x22:0x40bf0808 PA:0x8ffffffc store:0x40bf0808 load:0x40bf0808
       16429000	      8114	8000fc86	90000437	lui	x8,0x90000	  x8=0x90000000
       16457000	      8128	8000fc8a	ffc40413	addi	x8,x8,-4	  x8:0x90000000  x8=0x8ffffffc
       16459000	      8129	8000fc8e	34400b13	addi	x22,x0,836	  x0:0x00000000 x22=0x00000344
       16461000	      8130	8000fc92	0b22	c.slli	x22,0x8	 x22:0x00000344 x22=0x00034400
       16467000	      8133	8000fc94	0b0d	c.addi	x22,3	 x22:0x00034400 x22=0x00034403
       16485000	      8142	8000fc96	01642023	sw	x22,0(x8)	  x8:0x8ffffffc x22:0x00034403 PA:0x8ffffffc store:0x00034403 load:0x00034403
       16487000	      8143	8000fc9a	34402b73	csrrs	x22,mip,x0	  x0:0x00000000 x22=0x00000X08
       16539000	      8169	8000fc9e	01642023	sw	x22,0(x8)	  x8:0x8ffffffc x22:0x00000X08 PA:0x8ffffffc store:0x00000X08 load:0x00000008
       16543000	      8171	8000fca2	35e0306f	jal	x0,80013000	  x0=0x00000000
       16565000	      8182	80013000	30002b73	csrrs	x22,mstatus,x0	  x0:0x00000000 x22=0x00000080
       16589000	      8194	80013004	30402b73	csrrs	x22,mie,x0	  x0:0x00000000 x22=0x40bf0808
       16597000	      8198	80013008	34402b73	csrrs	x22,mip,x0	  x0:0x00000000 x22=0x00000X08
       16627000	      8213	8001300c	344b3b73	csrrc	x22,mip,x22	 x22:0x00000X08 x22=0x00000X08
       16629000	      8214	80013010	90000437	lui	x8,0x90000	  x8=0x90000000
       16631000	      8215	80013014	ffc40413	addi	x8,x8,-4	  x8:0x90000000  x8=0x8ffffffc
       16637000	      8218	80013018	4b1d	c.li	x22,7	 x22=0x00000007
       16639000	      8219	8001301a	0b22	c.slli	x22,0x8	 x22:0x00000007 x22=0x00000700
       16655000	      8227	8001301c	000b0b13	addi	x22,x22,0	 x22:0x00000700 x22=0x00000700
       16699000	      8249	80013020	01642023	sw	x22,0(x8)	  x8:0x8ffffffc x22:0x00000700 PA:0x8ffffffc store:0x00000700 load:0x00000700
       16759000	      8279	80013024	0042a083	lw	x1,4(x5)	  x5:0x80022da0  x1=0x00250000 PA:0x80022da4 store:0x00000038
       16765000	      8282	80013028	0082a103	lw	x2,8(x5)	  x5:0x80022da0  x2=0x8001a38a PA:0x80022da8 store:0x8ffffffc
       16769000	      8284	8001302c	00c2a183	lw	x3,12(x5)	  x5:0x80022da0  x3=0xffffffd8 PA:0x80022dac store:0x000000c7
       16811000	      8305	80013030	0102a203	lw	x4,16(x5)	  x5:0x80022da0  x4=0x00000038 PA:0x80022db0 store:0x19fae0a7
       16835000	      8317	80013034	0142a283	lw	x5,20(x5)	  x5:0x80022da0  x5=0x80022da0 PA:0x80022db4 store:0xfffffff8
       16867000	      8333	80013038	0182a303	lw	x6,24(x5)	  x5:0x80022da0  x6=0x00000000 PA:0x80022db8 store:0x00000000
       16883000	      8341	8001303c	01c2a383	lw	x7,28(x5)	  x5:0x80022da0  x7=0x800152fe PA:0x80022dbc store:0x00002223
       16887000	      8343	80013040	0202a403	lw	x8,32(x5)	  x5:0x80022da0  x8=0xfffe9c00 PA:0x80022dc0 store:0x00000000
       16941000	      8370	80013044	0242a483	lw	x9,36(x5)	  x5:0x80022da0  x9=0x001fffff PA:0x80022dc4 store:0x00000038
       16965000	      8382	80013048	0282a503	lw	x10,40(x5)	  x5:0x80022da0 x10=0xffffffff PA:0x80022dc8 store:0xfffe9c00
       16989000	      8394	8001304c	02c2a583	lw	x11,44(x5)	  x5:0x80022da0 x11=0x000000d4 PA:0x80022dcc store:0x000000c7
       17033000	      8416	80013050	0302a603	lw	x12,48(x5)	  x5:0x80022da0 x12=0x000000c7 PA:0x80022dd0 store:0x19fae0a7
       17055000	      8427	80013054	0342a683	lw	x13,52(x5)	  x5:0x80022da0 x13=0x80000000 PA:0x80022dd4 store:0xfffffff8
       17063000	      8431	80013058	0382a703	lw	x14,56(x5)	  x5:0x80022da0 x14=0x00000000 PA:0x80022dd8 store:0x00000000
       17075000	      8437	8001305c	03c2a783	lw	x15,60(x5)	  x5:0x80022da0 x15=0x0001e27f PA:0x80022ddc store:0x00002223
       17099000	      8449	80013060	0402a803	lw	x16,64(x5)	  x5:0x80022da0 x16=0x19fae0a7 PA:0x80022de0 store:0x00000000
       17117000	      8458	80013064	0442a883	lw	x17,68(x5)	  x5:0x80022da0 x17=0xffffffca PA:0x80022de4 store:0x00000038
       17141000	      8470	80013068	0482a903	lw	x18,72(x5)	  x5:0x80022da0 x18=0xfffffcc7 PA:0x80022de8 store:0xfffe9c00
       17163000	      8481	8001306c	04c2a983	lw	x19,76(x5)	  x5:0x80022da0 x19=0x80026e7c PA:0x80022dec store:0x000000c7
       17199000	      8499	80013070	0502aa03	lw	x20,80(x5)	  x5:0x80022da0 x20=0xfffffff8 PA:0x80022df0 store:0x19fae0a7
       17211000	      8505	80013074	0542aa83	lw	x21,84(x5)	  x5:0x80022da0 x21=0xdfaed2c8 PA:0x80022df4 store:0xfffffff8
       17223000	      8511	80013078	0582ab03	lw	x22,88(x5)	  x5:0x80022da0 x22=0x000003ac PA:0x80022df8 store:0x00000000
       17235000	      8517	8001307c	05c2ab83	lw	x23,92(x5)	  x5:0x80022da0 x23=0xffffffe4 PA:0x80022dfc store:0x00002223
       17263000	      8531	80013080	0602ac03	lw	x24,96(x5)	  x5:0x80022da0 x24=0x00000000 PA:0x80022e00 store:0x00000000
       17295000	      8547	80013084	0642ac83	lw	x25,100(x5)	  x5:0x80022da0 x25=0x80015a6a PA:0x80022e04 store:0x00000038
       17351000	      8575	80013088	0682ad03	lw	x26,104(x5)	  x5:0x80022da0 x26=0x00000000 PA:0x80022e08 store:0xfffe9c00
       17375000	      8587	8001308c	06c2ad83	lw	x27,108(x5)	  x5:0x80022da0 x27=0x80015b52 PA:0x80022e0c store:0x000000c7
       17413000	      8606	80013090	0702ae03	lw	x28,112(x5)	  x5:0x80022da0 x28=0x00002223 PA:0x80022e10 store:0x19fae0a7
       17435000	      8617	80013094	0742ae83	lw	x29,116(x5)	  x5:0x80022da0 x29=0xfcb0de05 PA:0x80022e14 store:0xfffffff8
       17457000	      8628	80013098	0782af03	lw	x30,120(x5)	  x5:0x80022da0 x30=0x0000000e PA:0x80022e18 store:0x00000000
       17481000	      8640	8001309c	07c2af83	lw	x31,124(x5)	  x5:0x80022da0 x31=0x00000298 PA:0x80022e1c store:0x00002223
       17483000	      8641	800130a0	07c28293	addi	x5,x5,124	  x5:0x80022da0  x5=0x80022e1c
       17485000	      8642	800130a4	30200073	mret	
       17529000	      8664	80000302	18138393	addi	x7,x7,385	  x7:0x800152fe  x7=0x8001547f
       17605000	      8702	80000306	fed3a583	lw	x11,-19(x7)	  x7:0x8001547f x11=0x6c6d6e6f PA:0x8001546c store:0x80000000
       17609000	      8704	8000030a	fb1d8a83	lb	x21,-79(x27)	 x27:0x80015b52 x21=0x00000000 PA:0x80015b03 store:0xffffffca
       17611000	      8705	8000030e	00015617	auipc	x12,0x15	 x12=0x8001530e
       17627000	      8713	80000312	07260613	addi	x12,x12,114	 x12:0x8001530e x12=0x80015380
       17639000	      8719	80000316	0e2dd203	lhu	x4,226(x27)	 x27:0x80015b52  x4=0x00003637 PA:0x80015c34 store:0x8001a38a
       17751000	      8775	8000031a	02e39ca3	sh	x14,57(x7)	  x7:0x8001547f x14:0x00000000 PA:0x800154b8 store:0x00000000 load:0x00000000
       17755000	      8777	8000031e	56e65203	lhu	x4,1390(x12)	 x12:0x80015380  x4=0x0000eced PA:0x800158ee store:0x00000000
       17769000	      8784	80000322	f91dad23	sw	x17,-102(x27)	 x27:0x80015b52 x17:0xffffffca PA:0x80015aec store:0xffffffca load:0xffffffca
       17787000	      8793	80000326	04d60e03	lb	x28,77(x12)	 x12:0x80015380 x28=0xffffffce PA:0x800153cd store:0x80000000
       17815000	      8807	80012054	eeffe06f	jal	x0,80010f42	  x0=0x00000000
       17885000	      8842	80010f42	f8428293	addi	x5,x5,-124	  x5:0x80022e1c  x5=0x80022da0
       17927000	      8863	80010f46	0012a223	sw	x1,4(x5)	  x5:0x80022da0  x1:0x00250000 PA:0x80022da4 store:0x00250000 load:0x00250000
       17951000	      8875	80010f4a	0022a423	sw	x2,8(x5)	  x5:0x80022da0  x2:0x8001a38a PA:0x80022da8 store:0x8001a38a load:0x8001a38a
       18015000	      8907	80010f4e	0032a623	sw	x3,12(x5)	  x5:0x80022da0  x3:0xffffffd8 PA:0x80022dac store:0xffffffd8 load:0xffffffd8
       18037000	      8918	80010f52	0042a823	sw	x4,16(x5)	  x5:0x80022da0  x4:0x0000eced PA:0x80022db0 store:0x0000eced load:0x0000eced
       18081000	      8940	80010f56	0052aa23	sw	x5,20(x5)	  x5:0x80022da0  x5:0x80022da0 PA:0x80022db4 store:0x80022da0 load:0x80022da0
       18085000	      8942	80010f5a	0062ac23	sw	x6,24(x5)	  x5:0x80022da0  x6:0x00000000 PA:0x80022db8 store:0x00000000 load:0x00000000
       18137000	      8968	80010f5e	0072ae23	sw	x7,28(x5)	  x5:0x80022da0  x7:0x8001547f PA:0x80022dbc store:0x8001547f load:0x8001547f
       18145000	      8972	80010f62	0282a023	sw	x8,32(x5)	  x5:0x80022da0  x8:0xfffe9c00 PA:0x80022dc0 store:0xfffe9c00 load:0xfffe9c00
       18167000	      8983	80010f66	0292a223	sw	x9,36(x5)	  x5:0x80022da0  x9:0x001fffff PA:0x80022dc4 store:0x001fffff load:0x001fffff
       18209000	      9004	80010f6a	02a2a423	sw	x10,40(x5)	  x5:0x80022da0 x10:0xffffffff PA:0x80022dc8 store:0xffffffff load:0xffffffff
       18235000	      9017	80010f6e	02b2a623	sw	x11,44(x5)	  x5:0x80022da0 x11:0x6c6d6e6f PA:0x80022dcc store:0x6c6d6e6f load:0x6c6d6e6f
       18239000	      9019	80010f72	02c2a823	sw	x12,48(x5)	  x5:0x80022da0 x12:0x80015380 PA:0x80022dd0 store:0x80015380 load:0x80015380
       18339000	      9069	80010f76	02d2aa23	sw	x13,52(x5)	  x5:0x80022da0 x13:0x80000000 PA:0x80022dd4 store:0x80000000 load:0x80000000
       18401000	      9100	80010f7a	02e2ac23	sw	x14,56(x5)	  x5:0x80022da0 x14:0x00000000 PA:0x80022dd8 store:0x00000000 load:0x00000000
       18425000	      9112	80010f7e	02f2ae23	sw	x15,60(x5)	  x5:0x80022da0 x15:0x0001e27f PA:0x80022ddc store:0x0001e27f load:0x0001e27f
       18485000	      9142	80010f82	0502a023	sw	x16,64(x5)	  x5:0x80022da0 x16:0x19fae0a7 PA:0x80022de0 store:0x19fae0a7 load:0x19fae0a7
       18493000	      9146	80010f86	0512a223	sw	x17,68(x5)	  x5:0x80022da0 x17:0xffffffca PA:0x80022de4 store:0xffffffca load:0xffffffca
       18501000	      9150	80010f8a	0522a423	sw	x18,72(x5)	  x5:0x80022da0 x18:0xfffffcc7 PA:0x80022de8 store:0xfffffcc7 load:0xfffffcc7
       18545000	      9172	80010f8e	0532a623	sw	x19,76(x5)	  x5:0x80022da0 x19:0x80026e7c PA:0x80022dec store:0x80026e7c load:0x80026e7c
       18565000	      9182	80010f92	0542a823	sw	x20,80(x5)	  x5:0x80022da0 x20:0xfffffff8 PA:0x80022df0 store:0xfffffff8 load:0xfffffff8
       18589000	      9194	80010f96	0552aa23	sw	x21,84(x5)	  x5:0x80022da0 x21:0x00000000 PA:0x80022df4 store:0x00000000 load:0x00000000
       18617000	      9208	80010f9a	0562ac23	sw	x22,88(x5)	  x5:0x80022da0 x22:0x000003ac PA:0x80022df8 store:0x000003ac load:0x000003ac
       18675000	      9237	80010f9e	0572ae23	sw	x23,92(x5)	  x5:0x80022da0 x23:0xffffffe4 PA:0x80022dfc store:0xffffffe4 load:0xffffffe4
       18707000	      9253	80010fa2	0782a023	sw	x24,96(x5)	  x5:0x80022da0 x24:0x00000000 PA:0x80022e00 store:0x00000000 load:0x00000000
       18757000	      9278	80010fa6	0792a223	sw	x25,100(x5)	  x5:0x80022da0 x25:0x80015a6a PA:0x80022e04 store:0x80015a6a load:0x80015a6a
       18789000	      9294	80010faa	07a2a423	sw	x26,104(x5)	  x5:0x80022da0 x26:0x00000000 PA:0x80022e08 store:0x00000000 load:0x00000000
       18833000	      9316	80010fae	07b2a623	sw	x27,108(x5)	  x5:0x80022da0 x27:0x80015b52 PA:0x80022e0c store:0x80015b52 load:0x80015b52
       18857000	      9328	80010fb2	07c2a823	sw	x28,112(x5)	  x5:0x80022da0 x28:0xffffffce PA:0x80022e10 store:0xffffffce load:0xffffffce
       18873000	      9336	80010fb6	07d2aa23	sw	x29,116(x5)	  x5:0x80022da0 x29:0xfcb0de05 PA:0x80022e14 store:0xfcb0de05 load:0xfcb0de05
       18885000	      9342	80010fba	07e2ac23	sw	x30,120(x5)	  x5:0x80022da0 x30:0x0000000e PA:0x80022e18 store:0x0000000e load:0x0000000e
       18911000	      9355	80010fbe	07f2ae23	sw	x31,124(x5)	  x5:0x80022da0 x31:0x00000298 PA:0x80022e1c store:0x00000298 load:0x00000298
       18931000	      9365	80010fc2	90000437	lui	x8,0x90000	  x8=0x90000000
       18941000	      9370	80010fc6	ffc40413	addi	x8,x8,-4	  x8:0x90000000  x8=0x8ffffffc
       18943000	      9371	80010fca	4b19	c.li	x22,6	 x22=0x00000006
       18995000	      9397	80010fcc	0b22	c.slli	x22,0x8	 x22:0x00000006 x22=0x00000600
       19003000	      9401	80010fce	000b0b13	addi	x22,x22,0	 x22:0x00000600 x22=0x00000600
       19041000	      9420	80010fd2	01642023	sw	x22,0(x8)	  x8:0x8ffffffc x22:0x00000600 PA:0x8ffffffc store:0x00000600 load:0x00000600
       19043000	      9421	80010fd6	34202b73	csrrs	x22,mcause,x0	  x0:0x00000000 x22=0x80000015
       19055000	      9427	80010fda	01fb5b13	srli	x22,x22,0x1f	 x22:0x80000015 x22=0x00000001
       19079000	      9439	80010fde	060b0c63	beq	x22,x0,80011056	 x22:0x00000001  x0:0x00000000  x0=0x00000000
       19083000	      9441	80010fe2	90000437	lui	x8,0x90000	  x8=0x90000000
       19093000	      9446	80010fe6	ffc40413	addi	x8,x8,-4	  x8:0x90000000  x8=0x8ffffffc
       19119000	      9459	80010fea	30000b13	addi	x22,x0,768	  x0:0x00000000 x22=0x00000300
       19121000	      9460	80010fee	0b22	c.slli	x22,0x8	 x22:0x00000300 x22=0x00030000
       19137000	      9468	80010ff0	0b0d	c.addi	x22,3	 x22:0x00030000 x22=0x00030003
       19161000	      9480	80010ff2	01642023	sw	x22,0(x8)	  x8:0x8ffffffc x22:0x00030003 PA:0x8ffffffc store:0x00030003 load:0x00030003
       19165000	      9482	80010ff6	30002b73	csrrs	x22,mstatus,x0	  x0:0x00000000 x22=0x00000080
       19229000	      9514	80010ffa	01642023	sw	x22,0(x8)	  x8:0x8ffffffc x22:0x00000080 PA:0x8ffffffc store:0x00000080 load:0x00000080
       19231000	      9515	80010ffe	90000437	lui	x8,0x90000	  x8=0x90000000
       19233000	      9516	80011002	ffc40413	addi	x8,x8,-4	  x8:0x90000000  x8=0x8ffffffc
       19291000	      9545	80011006	34200b13	addi	x22,x0,834	  x0:0x00000000 x22=0x00000342
       19293000	      9546	8001100a	0b22	c.slli	x22,0x8	 x22:0x00000342 x22=0x00034200
       19295000	      9547	8001100c	0b0d	c.addi	x22,3	 x22:0x00034200 x22=0x00034203
       19321000	      9560	8001100e	01642023	sw	x22,0(x8)	  x8:0x8ffffffc x22:0x00034203 PA:0x8ffffffc store:0x00034203 load:0x00034203
       19323000	      9561	80011012	34202b73	csrrs	x22,mcause,x0	  x0:0x00000000 x22=0x80000015
       19341000	      9570	80011016	01642023	sw	x22,0(x8)	  x8:0x8ffffffc x22:0x80000015 PA:0x8ffffffc store:0x80000015 load:0x80000015
       19343000	      9571	8001101a	90000437	lui	x8,0x90000	  x8=0x90000000
       19359000	      9579	8001101e	ffc40413	addi	x8,x8,-4	  x8:0x90000000  x8=0x8ffffffc
       19375000	      9587	80011022	30400b13	addi	x22,x0,772	  x0:0x00000000 x22=0x00000304
       19377000	      9588	80011026	0b22	c.slli	x22,0x8	 x22:0x00000304 x22=0x00030400
       19387000	      9593	80011028	0b0d	c.addi	x22,3	 x22:0x00030400 x22=0x00030403
       19465000	      9632	8001102a	01642023	sw	x22,0(x8)	  x8:0x8ffffffc x22:0x00030403 PA:0x8ffffffc store:0x00030403 load:0x00030403
       19467000	      9633	8001102e	30402b73	csrrs	x22,mie,x0	  x0:0x00000000 x22=0x40bf0808
       19491000	      9645	80011032	01642023	sw	x22,0(x8)	  x8:0x8ffffffc x22:0x40bf0808 PA:0x8ffffffc store:0x40bf0808 load:0x40bf0808
       19493000	      9646	80011036	90000437	lui	x8,0x90000	  x8=0x90000000
       19499000	      9649	8001103a	ffc40413	addi	x8,x8,-4	  x8:0x90000000  x8=0x8ffffffc
       19503000	      9651	8001103e	34400b13	addi	x22,x0,836	  x0:0x00000000 x22=0x00000344
       19505000	      9652	80011042	0b22	c.slli	x22,0x8	 x22:0x00000344 x22=0x00034400
       19523000	      9661	80011044	0b0d	c.addi	x22,3	 x22:0x00034400 x22=0x00034403
       19563000	      9681	80011046	01642023	sw	x22,0(x8)	  x8:0x8ffffffc x22:0x00034403 PA:0x8ffffffc store:0x00034403 load:0x00034403
       19565000	      9682	8001104a	34402b73	csrrs	x22,mip,x0	  x0:0x00000000 x22=0x00200X00
       19579000	      9689	8001104e	01642023	sw	x22,0(x8)	  x8:0x8ffffffc x22:0x00200X00 PA:0x8ffffffc store:0x00200X00 load:0x00200000
       19595000	      9697	80011052	7af0106f	jal	x0,80013000	  x0=0x00000000
       19613000	      9706	80013000	30002b73	csrrs	x22,mstatus,x0	  x0:0x00000000 x22=0x00000080
       19615000	      9707	80013004	30402b73	csrrs	x22,mie,x0	  x0:0x00000000 x22=0x40bf0808
       19621000	      9710	80013008	34402b73	csrrs	x22,mip,x0	  x0:0x00000000 x22=0x00200X00
       19623000	      9711	8001300c	344b3b73	csrrc	x22,mip,x22	 x22:0x00200X00 x22=0x00200X00
       19649000	      9724	80013010	90000437	lui	x8,0x90000	  x8=0x90000000
       19685000	      9742	80013014	ffc40413	addi	x8,x8,-4	  x8:0x90000000  x8=0x8ffffffc
       19689000	      9744	80013018	4b1d	c.li	x22,7	 x22=0x00000007
       19691000	      9745	8001301a	0b22	c.slli	x22,0x8	 x22:0x00000007 x22=0x00000700
       19711000	      9755	8001301c	000b0b13	addi	x22,x22,0	 x22:0x00000700 x22=0x00000700
       19763000	      9781	80013020	01642023	sw	x22,0(x8)	  x8:0x8ffffffc x22:0x00000700 PA:0x8ffffffc store:0x00000700 load:0x00000700
       19827000	      9813	80013024	0042a083	lw	x1,4(x5)	  x5:0x80022da0  x1=0x00250000 PA:0x80022da4 store:0x0000eced
       19853000	      9826	80013028	0082a103	lw	x2,8(x5)	  x5:0x80022da0  x2=0x8001a38a PA:0x80022da8 store:0x8ffffffc
       19897000	      9848	8001302c	00c2a183	lw	x3,12(x5)	  x5:0x80022da0  x3=0xffffffd8 PA:0x80022dac store:0x80015380
       19933000	      9866	80013030	0102a203	lw	x4,16(x5)	  x5:0x80022da0  x4=0x0000eced PA:0x80022db0 store:0x19fae0a7
       19957000	      9878	80013034	0142a283	lw	x5,20(x5)	  x5:0x80022da0  x5=0x80022da0 PA:0x80022db4 store:0xfffffff8
       19961000	      9880	80013038	0182a303	lw	x6,24(x5)	  x5:0x80022da0  x6=0x00000000 PA:0x80022db8 store:0x00000000
       19967000	      9883	8001303c	01c2a383	lw	x7,28(x5)	  x5:0x80022da0  x7=0x8001547f PA:0x80022dbc store:0xffffffce
       19999000	      9899	80013040	0202a403	lw	x8,32(x5)	  x5:0x80022da0  x8=0xfffe9c00 PA:0x80022dc0 store:0x00000000
       20035000	      9917	80013044	0242a483	lw	x9,36(x5)	  x5:0x80022da0  x9=0x001fffff PA:0x80022dc4 store:0x0000eced
       20063000	      9931	80013048	0282a503	lw	x10,40(x5)	  x5:0x80022da0 x10=0xffffffff PA:0x80022dc8 store:0xfffe9c00
       20091000	      9945	8001304c	02c2a583	lw	x11,44(x5)	  x5:0x80022da0 x11=0x6c6d6e6f PA:0x80022dcc store:0x80015380
       20107000	      9953	80013050	0302a603	lw	x12,48(x5)	  x5:0x80022da0 x12=0x80015380 PA:0x80022dd0 store:0x19fae0a7
       20151000	      9975	80013054	0342a683	lw	x13,52(x5)	  x5:0x80022da0 x13=0x80000000 PA:0x80022dd4 store:0xfffffff8
       20175000	      9987	80013058	0382a703	lw	x14,56(x5)	  x5:0x80022da0 x14=0x00000000 PA:0x80022dd8 store:0x00000000
       20199000	      9999	8001305c	03c2a783	lw	x15,60(x5)	  x5:0x80022da0 x15=0x0001e27f PA:0x80022ddc store:0xffffffce
       20203000	     10001	80013060	0402a803	lw	x16,64(x5)	  x5:0x80022da0 x16=0x19fae0a7 PA:0x80022de0 store:0x00000000
       20207000	     10003	80013064	0442a883	lw	x17,68(x5)	  x5:0x80022da0 x17=0xffffffca PA:0x80022de4 store:0x0000eced
       20227000	     10013	80013068	0482a903	lw	x18,72(x5)	  x5:0x80022da0 x18=0xfffffcc7 PA:0x80022de8 store:0xfffe9c00
       20257000	     10028	8001306c	04c2a983	lw	x19,76(x5)	  x5:0x80022da0 x19=0x80026e7c PA:0x80022dec store:0x80015380
       20315000	     10057	80013070	0502aa03	lw	x20,80(x5)	  x5:0x80022da0 x20=0xfffffff8 PA:0x80022df0 store:0x19fae0a7
       20339000	     10069	80013074	0542aa83	lw	x21,84(x5)	  x5:0x80022da0 x21=0x00000000 PA:0x80022df4 store:0xfffffff8
       20343000	     10071	80013078	0582ab03	lw	x22,88(x5)	  x5:0x80022da0 x22=0x000003ac PA:0x80022df8 store:0x00000000
       20367000	     10083	8001307c	05c2ab83	lw	x23,92(x5)	  x5:0x80022da0 x23=0xffffffe4 PA:0x80022dfc store:0xffffffce
       20391000	     10095	80013080	0602ac03	lw	x24,96(x5)	  x5:0x80022da0 x24=0x00000000 PA:0x80022e00 store:0x00000000
       20395000	     10097	80013084	0642ac83	lw	x25,100(x5)	  x5:0x80022da0 x25=0x80015a6a PA:0x80022e04 store:0x0000eced
       20459000	     10129	80013088	0682ad03	lw	x26,104(x5)	  x5:0x80022da0 x26=0x00000000 PA:0x80022e08 store:0xfffe9c00
       20463000	     10131	8001308c	06c2ad83	lw	x27,108(x5)	  x5:0x80022da0 x27=0x80015b52 PA:0x80022e0c store:0x80015380
       20483000	     10141	80013090	0702ae03	lw	x28,112(x5)	  x5:0x80022da0 x28=0xffffffce PA:0x80022e10 store:0x19fae0a7
       20533000	     10166	80013094	0742ae83	lw	x29,116(x5)	  x5:0x80022da0 x29=0xfcb0de05 PA:0x80022e14 store:0xfffffff8
       20575000	     10187	80013098	0782af03	lw	x30,120(x5)	  x5:0x80022da0 x30=0x0000000e PA:0x80022e18 store:0x00000000
       20585000	     10192	8001309c	07c2af83	lw	x31,124(x5)	  x5:0x80022da0 x31=0x00000298 PA:0x80022e1c store:0xffffffce
       20587000	     10193	800130a0	07c28293	addi	x5,x5,124	  x5:0x80022da0  x5=0x80022e1c
       20597000	     10198	800130a4	30200073	mret	
       20695000	     10247	8000032a	00016f17	auipc	x30,0x16	 x30=0x8001632a
       20701000	     10250	8000032e	b17f0f13	addi	x30,x30,-1257	 x30:0x8001632a x30=0x80015e41
       20735000	     10267	80000332	faaca703	lw	x14,-86(x25)	 x25:0x80015a6a x14=0x14151617 PA:0x80015a14 store:0xffffffff
       20739000	     10269	80000336	2ea65703	lhu	x14,746(x12)	 x12:0x80015380 x14=0x00006869 PA:0x8001566a store:0xffffffff
       20773000	     10286	8000033a	9e1f16a3	sh	x1,-1555(x30)	 x30:0x80015e41  x1:0x00250000 PA:0x8001582e store:0x00250000 load:0x00000000
       20809000	     10304	8000033e	30f60703	lb	x14,783(x12)	 x12:0x80015380 x14=0xffffff8c PA:0x8001568f store:0x0001e27f
       20827000	     10313	80000342	034c82a3	sb	x20,37(x25)	 x25:0x80015a6a x20:0xfffffff8 PA:0x80015a8f store:0xfffffff8 load:0x000000f8
       20831000	     10315	80000346	024cc083	lbu	x1,36(x25)	 x25:0x80015a6a  x1=0x0000008d PA:0x80015a8e store:0x0000eced
       20881000	     10340	8000034a	fd1d82a3	sb	x17,-59(x27)	 x27:0x80015b52 x17:0xffffffca PA:0x80015b17 store:0xffffffca load:0x000000ca
       20911000	     10355	8000034e	f89d8fa3	sb	x9,-97(x27)	 x27:0x80015b52  x9:0x001fffff PA:0x80015af1 store:0x001fffff load:0x000000ff
       20977000	     10388	80000352	05538023	sb	x21,64(x7)	  x7:0x8001547f x21:0x00000000 PA:0x800154bf store:0x00000000 load:0x00000000
       21003000	     10401	80012078	8a3ff06f	jal	x0,8001191a	  x0=0x00000000
       21029000	     10414	8001191a	f8428293	addi	x5,x5,-124	  x5:0x80022e1c  x5=0x80022da0
       21073000	     10436	8001191e	0012a223	sw	x1,4(x5)	  x5:0x80022da0  x1:0x0000008d PA:0x80022da4 store:0x0000008d load:0x0000008d
       21091000	     10445	80011922	0022a423	sw	x2,8(x5)	  x5:0x80022da0  x2:0x8001a38a PA:0x80022da8 store:0x8001a38a load:0x8001a38a
       21143000	     10471	80011926	0032a623	sw	x3,12(x5)	  x5:0x80022da0  x3:0xffffffd8 PA:0x80022dac store:0xffffffd8 load:0xffffffd8
       21157000	     10478	8001192a	0042a823	sw	x4,16(x5)	  x5:0x80022da0  x4:0x0000eced PA:0x80022db0 store:0x0000eced load:0x0000eced
       21211000	     10505	8001192e	0052aa23	sw	x5,20(x5)	  x5:0x80022da0  x5:0x80022da0 PA:0x80022db4 store:0x80022da0 load:0x80022da0
       21267000	     10533	80011932	0062ac23	sw	x6,24(x5)	  x5:0x80022da0  x6:0x00000000 PA:0x80022db8 store:0x00000000 load:0x00000000
       21331000	     10565	80011936	0072ae23	sw	x7,28(x5)	  x5:0x80022da0  x7:0x8001547f PA:0x80022dbc store:0x8001547f load:0x8001547f
       21351000	     10575	8001193a	0282a023	sw	x8,32(x5)	  x5:0x80022da0  x8:0xfffe9c00 PA:0x80022dc0 store:0xfffe9c00 load:0xfffe9c00
       21357000	     10578	8001193e	0292a223	sw	x9,36(x5)	  x5:0x80022da0  x9:0x001fffff PA:0x80022dc4 store:0x001fffff load:0x001fffff
       21391000	     10595	80011942	02a2a423	sw	x10,40(x5)	  x5:0x80022da0 x10:0xffffffff PA:0x80022dc8 store:0xffffffff load:0xffffffff
       21441000	     10620	80011946	02b2a623	sw	x11,44(x5)	  x5:0x80022da0 x11:0x6c6d6e6f PA:0x80022dcc store:0x6c6d6e6f load:0x6c6d6e6f
       21465000	     10632	8001194a	02c2a823	sw	x12,48(x5)	  x5:0x80022da0 x12:0x80015380 PA:0x80022dd0 store:0x80015380 load:0x80015380
       21469000	     10634	8001194e	02d2aa23	sw	x13,52(x5)	  x5:0x80022da0 x13:0x80000000 PA:0x80022dd4 store:0x80000000 load:0x80000000
       21511000	     10655	80011952	02e2ac23	sw	x14,56(x5)	  x5:0x80022da0 x14:0xffffff8c PA:0x80022dd8 store:0xffffff8c load:0xffffff8c
       21541000	     10670	80011956	02f2ae23	sw	x15,60(x5)	  x5:0x80022da0 x15:0x0001e27f PA:0x80022ddc store:0x0001e27f load:0x0001e27f
       21553000	     10676	8001195a	0502a023	sw	x16,64(x5)	  x5:0x80022da0 x16:0x19fae0a7 PA:0x80022de0 store:0x19fae0a7 load:0x19fae0a7
       21577000	     10688	8001195e	0512a223	sw	x17,68(x5)	  x5:0x80022da0 x17:0xffffffca PA:0x80022de4 store:0xffffffca load:0xffffffca
       21601000	     10700	80011962	0522a423	sw	x18,72(x5)	  x5:0x80022da0 x18:0xfffffcc7 PA:0x80022de8 store:0xfffffcc7 load:0xfffffcc7
       21623000	     10711	80011966	0532a623	sw	x19,76(x5)	  x5:0x80022da0 x19:0x80026e7c PA:0x80022dec store:0x80026e7c load:0x80026e7c
       21679000	     10739	8001196a	0542a823	sw	x20,80(x5)	  x5:0x80022da0 x20:0xfffffff8 PA:0x80022df0 store:0xfffffff8 load:0xfffffff8
       21723000	     10761	8001196e	0552aa23	sw	x21,84(x5)	  x5:0x80022da0 x21:0x00000000 PA:0x80022df4 store:0x00000000 load:0x00000000
       21761000	     10780	80011972	0562ac23	sw	x22,88(x5)	  x5:0x80022da0 x22:0x000003ac PA:0x80022df8 store:0x000003ac load:0x000003ac
       21785000	     10792	80011976	0572ae23	sw	x23,92(x5)	  x5:0x80022da0 x23:0xffffffe4 PA:0x80022dfc store:0xffffffe4 load:0xffffffe4
       21803000	     10801	8001197a	0782a023	sw	x24,96(x5)	  x5:0x80022da0 x24:0x00000000 PA:0x80022e00 store:0x00000000 load:0x00000000
       21823000	     10811	8001197e	0792a223	sw	x25,100(x5)	  x5:0x80022da0 x25:0x80015a6a PA:0x80022e04 store:0x80015a6a load:0x80015a6a
       21871000	     10835	80011982	07a2a423	sw	x26,104(x5)	  x5:0x80022da0 x26:0x00000000 PA:0x80022e08 store:0x00000000 load:0x00000000
       21947000	     10873	80011986	07b2a623	sw	x27,108(x5)	  x5:0x80022da0 x27:0x80015b52 PA:0x80022e0c store:0x80015b52 load:0x80015b52
       21973000	     10886	8001198a	07c2a823	sw	x28,112(x5)	  x5:0x80022da0 x28:0xffffffce PA:0x80022e10 store:0xffffffce load:0xffffffce
       21977000	     10888	8001198e	07d2aa23	sw	x29,116(x5)	  x5:0x80022da0 x29:0xfcb0de05 PA:0x80022e14 store:0xfcb0de05 load:0xfcb0de05
       21995000	     10897	80011992	07e2ac23	sw	x30,120(x5)	  x5:0x80022da0 x30:0x80015e41 PA:0x80022e18 store:0x80015e41 load:0x80015e41
       22023000	     10911	80011996	07f2ae23	sw	x31,124(x5)	  x5:0x80022da0 x31:0x00000298 PA:0x80022e1c store:0x00000298 load:0x00000298
       22025000	     10912	8001199a	90000437	lui	x8,0x90000	  x8=0x90000000
       22027000	     10913	8001199e	ffc40413	addi	x8,x8,-4	  x8:0x90000000  x8=0x8ffffffc
       22029000	     10914	800119a2	4b19	c.li	x22,6	 x22=0x00000006
       22041000	     10920	800119a4	0b22	c.slli	x22,0x8	 x22:0x00000006 x22=0x00000600
       22083000	     10941	800119a6	000b0b13	addi	x22,x22,0	 x22:0x00000600 x22=0x00000600
       22123000	     10961	800119aa	01642023	sw	x22,0(x8)	  x8:0x8ffffffc x22:0x00000600 PA:0x8ffffffc store:0x00000600 load:0x00000600
       22147000	     10973	800119ae	34202b73	csrrs	x22,mcause,x0	  x0:0x00000000 x22=0x8000001e
       22157000	     10978	800119b2	01fb5b13	srli	x22,x22,0x1f	 x22:0x8000001e x22=0x00000001
       22189000	     10994	800119b6	060b0c63	beq	x22,x0,80011a2e	 x22:0x00000001  x0:0x00000000  x0=0x00000000
       22191000	     10995	800119ba	90000437	lui	x8,0x90000	  x8=0x90000000
       22217000	     11008	800119be	ffc40413	addi	x8,x8,-4	  x8:0x90000000  x8=0x8ffffffc
       22219000	     11009	800119c2	30000b13	addi	x22,x0,768	  x0:0x00000000 x22=0x00000300
       22221000	     11010	800119c6	0b22	c.slli	x22,0x8	 x22:0x00000300 x22=0x00030000
       22241000	     11020	800119c8	0b0d	c.addi	x22,3	 x22:0x00030000 x22=0x00030003
       22259000	     11029	800119ca	01642023	sw	x22,0(x8)	  x8:0x8ffffffc x22:0x00030003 PA:0x8ffffffc store:0x00030003 load:0x00030003
       22261000	     11030	800119ce	30002b73	csrrs	x22,mstatus,x0	  x0:0x00000000 x22=0x00000080
       22287000	     11043	800119d2	01642023	sw	x22,0(x8)	  x8:0x8ffffffc x22:0x00000080 PA:0x8ffffffc store:0x00000080 load:0x00000080
       22289000	     11044	800119d6	90000437	lui	x8,0x90000	  x8=0x90000000
       22319000	     11059	800119da	ffc40413	addi	x8,x8,-4	  x8:0x90000000  x8=0x8ffffffc
       22339000	     11069	800119de	34200b13	addi	x22,x0,834	  x0:0x00000000 x22=0x00000342
       22341000	     11070	800119e2	0b22	c.slli	x22,0x8	 x22:0x00000342 x22=0x00034200
       22343000	     11071	800119e4	0b0d	c.addi	x22,3	 x22:0x00034200 x22=0x00034203
       22363000	     11081	800119e6	01642023	sw	x22,0(x8)	  x8:0x8ffffffc x22:0x00034203 PA:0x8ffffffc store:0x00034203 load:0x00034203
       22365000	     11082	800119ea	34202b73	csrrs	x22,mcause,x0	  x0:0x00000000 x22=0x8000001e
       22421000	     11110	800119ee	01642023	sw	x22,0(x8)	  x8:0x8ffffffc x22:0x8000001e PA:0x8ffffffc store:0x8000001e load:0x8000001e
       22423000	     11111	800119f2	90000437	lui	x8,0x90000	  x8=0x90000000
       22425000	     11112	800119f6	ffc40413	addi	x8,x8,-4	  x8:0x90000000  x8=0x8ffffffc
       22477000	     11138	800119fa	30400b13	addi	x22,x0,772	  x0:0x00000000 x22=0x00000304
       22479000	     11139	800119fe	0b22	c.slli	x22,0x8	 x22:0x00000304 x22=0x00030400
       22519000	     11159	80011a00	0b0d	c.addi	x22,3	 x22:0x00030400 x22=0x00030403
       22531000	     11165	80011a02	01642023	sw	x22,0(x8)	  x8:0x8ffffffc x22:0x00030403 PA:0x8ffffffc store:0x00030403 load:0x00030403
       22557000	     11178	80011a06	30402b73	csrrs	x22,mie,x0	  x0:0x00000000 x22=0x40bf0808
       22589000	     11194	80011a0a	01642023	sw	x22,0(x8)	  x8:0x8ffffffc x22:0x40bf0808 PA:0x8ffffffc store:0x40bf0808 load:0x40bf0808
       22591000	     11195	80011a0e	90000437	lui	x8,0x90000	  x8=0x90000000
       22593000	     11196	80011a12	ffc40413	addi	x8,x8,-4	  x8:0x90000000  x8=0x8ffffffc
       22621000	     11210	80011a16	34400b13	addi	x22,x0,836	  x0:0x00000000 x22=0x00000344
       22623000	     11211	80011a1a	0b22	c.slli	x22,0x8	 x22:0x00000344 x22=0x00034400
       22633000	     11216	80011a1c	0b0d	c.addi	x22,3	 x22:0x00034400 x22=0x00034403
       22681000	     11240	80011a1e	01642023	sw	x22,0(x8)	  x8:0x8ffffffc x22:0x00034403 PA:0x8ffffffc store:0x00034403 load:0x00034403
       22683000	     11241	80011a22	34402b73	csrrs	x22,mip,x0	  x0:0x00000000 x22=0x40000X00
       22717000	     11258	80011a26	01642023	sw	x22,0(x8)	  x8:0x8ffffffc x22:0x40000X00 PA:0x8ffffffc store:0x40000X00 load:0x40000000
       22721000	     11260	80011a2a	5d60106f	jal	x0,80013000	  x0=0x00000000
       22743000	     11271	80013000	30002b73	csrrs	x22,mstatus,x0	  x0:0x00000000 x22=0x00000080
       22755000	     11277	80013004	30402b73	csrrs	x22,mie,x0	  x0:0x00000000 x22=0x40bf0808
       22781000	     11290	80013008	34402b73	csrrs	x22,mip,x0	  x0:0x00000000 x22=0x40000X00
       22783000	     11291	8001300c	344b3b73	csrrc	x22,mip,x22	 x22:0x40000X00 x22=0x40000X00
       22785000	     11292	80013010	90000437	lui	x8,0x90000	  x8=0x90000000
       22821000	     11310	80013014	ffc40413	addi	x8,x8,-4	  x8:0x90000000  x8=0x8ffffffc
       22859000	     11329	80013018	4b1d	c.li	x22,7	 x22=0x00000007
       22861000	     11330	8001301a	0b22	c.slli	x22,0x8	 x22:0x00000007 x22=0x00000700
       22873000	     11336	8001301c	000b0b13	addi	x22,x22,0	 x22:0x00000700 x22=0x00000700
       22897000	     11348	80013020	01642023	sw	x22,0(x8)	  x8:0x8ffffffc x22:0x00000700 PA:0x8ffffffc store:0x00000700 load:0x00000700
       22925000	     11362	80013024	0042a083	lw	x1,4(x5)	  x5:0x80022da0  x1=0x0000008d PA:0x80022da4 store:0x0000eced
       22947000	     11373	80013028	0082a103	lw	x2,8(x5)	  x5:0x80022da0  x2=0x8001a38a PA:0x80022da8 store:0x8ffffffc
       22977000	     11388	8001302c	00c2a183	lw	x3,12(x5)	  x5:0x80022da0  x3=0xffffffd8 PA:0x80022dac store:0x80015380
       22981000	     11390	80013030	0102a203	lw	x4,16(x5)	  x5:0x80022da0  x4=0x0000eced PA:0x80022db0 store:0x19fae0a7
       22989000	     11394	80013034	0142a283	lw	x5,20(x5)	  x5:0x80022da0  x5=0x80022da0 PA:0x80022db4 store:0xfffffff8
       23019000	     11409	80013038	0182a303	lw	x6,24(x5)	  x5:0x80022da0  x6=0x00000000 PA:0x80022db8 store:0x00000000
       23039000	     11419	8001303c	01c2a383	lw	x7,28(x5)	  x5:0x80022da0  x7=0x8001547f PA:0x80022dbc store:0xffffffce
       23045000	     11422	80013040	0202a403	lw	x8,32(x5)	  x5:0x80022da0  x8=0xfffe9c00 PA:0x80022dc0 store:0x00000000
       23109000	     11454	80013044	0242a483	lw	x9,36(x5)	  x5:0x80022da0  x9=0x001fffff PA:0x80022dc4 store:0x0000eced
       23137000	     11468	80013048	0282a503	lw	x10,40(x5)	  x5:0x80022da0 x10=0xffffffff PA:0x80022dc8 store:0xfffe9c00
       23165000	     11482	8001304c	02c2a583	lw	x11,44(x5)	  x5:0x80022da0 x11=0x6c6d6e6f PA:0x80022dcc store:0x80015380
       23213000	     11506	80013050	0302a603	lw	x12,48(x5)	  x5:0x80022da0 x12=0x80015380 PA:0x80022dd0 store:0x19fae0a7
       23217000	     11508	80013054	0342a683	lw	x13,52(x5)	  x5:0x80022da0 x13=0x80000000 PA:0x80022dd4 store:0xfffffff8
       23261000	     11530	80013058	0382a703	lw	x14,56(x5)	  x5:0x80022da0 x14=0xffffff8c PA:0x80022dd8 store:0x00000000
       23281000	     11540	8001305c	03c2a783	lw	x15,60(x5)	  x5:0x80022da0 x15=0x0001e27f PA:0x80022ddc store:0xffffffce
       23287000	     11543	80013060	0402a803	lw	x16,64(x5)	  x5:0x80022da0 x16=0x19fae0a7 PA:0x80022de0 store:0x00000000
       23291000	     11545	80013064	0442a883	lw	x17,68(x5)	  x5:0x80022da0 x17=0xffffffca PA:0x80022de4 store:0x0000eced
       23307000	     11553	80013068	0482a903	lw	x18,72(x5)	  x5:0x80022da0 x18=0xfffffcc7 PA:0x80022de8 store:0xfffe9c00
       23325000	     11562	8001306c	04c2a983	lw	x19,76(x5)	  x5:0x80022da0 x19=0x80026e7c PA:0x80022dec store:0x80015380
       23349000	     11574	80013070	0502aa03	lw	x20,80(x5)	  x5:0x80022da0 x20=0xfffffff8 PA:0x80022df0 store:0x19fae0a7
       23371000	     11585	80013074	0542aa83	lw	x21,84(x5)	  x5:0x80022da0 x21=0x00000000 PA:0x80022df4 store:0xfffffff8
       23387000	     11593	80013078	0582ab03	lw	x22,88(x5)	  x5:0x80022da0 x22=0x000003ac PA:0x80022df8 store:0x00000000
       23425000	     11612	8001307c	05c2ab83	lw	x23,92(x5)	  x5:0x80022da0 x23=0xffffffe4 PA:0x80022dfc store:0xffffffce
       23439000	     11619	80013080	0602ac03	lw	x24,96(x5)	  x5:0x80022da0 x24=0x00000000 PA:0x80022e00 store:0x00000000
       23451000	     11625	80013084	0642ac83	lw	x25,100(x5)	  x5:0x80022da0 x25=0x80015a6a PA:0x80022e04 store:0x0000eced
       23475000	     11637	80013088	0682ad03	lw	x26,104(x5)	  x5:0x80022da0 x26=0x00000000 PA:0x80022e08 store:0xfffe9c00
       23505000	     11652	8001308c	06c2ad83	lw	x27,108(x5)	  x5:0x80022da0 x27=0x80015b52 PA:0x80022e0c store:0x80015380
       23529000	     11664	80013090	0702ae03	lw	x28,112(x5)	  x5:0x80022da0 x28=0xffffffce PA:0x80022e10 store:0x19fae0a7
       23533000	     11666	80013094	0742ae83	lw	x29,116(x5)	  x5:0x80022da0 x29=0xfcb0de05 PA:0x80022e14 store:0xfffffff8
       23537000	     11668	80013098	0782af03	lw	x30,120(x5)	  x5:0x80022da0 x30=0x80015e41 PA:0x80022e18 store:0x00000000
       23631000	     11715	8001309c	07c2af83	lw	x31,124(x5)	  x5:0x80022da0 x31=0x00000298 PA:0x80022e1c store:0xffffffce
       23633000	     11716	800130a0	07c28293	addi	x5,x5,124	  x5:0x80022da0  x5=0x80022e1c
       23635000	     11717	800130a4	30200073	mret	
       23725000	     11762	80000356	e95f0723	sb	x21,-370(x30)	 x30:0x80015e41 x21:0x00000000 PA:0x80015ccf store:0x00000000 load:0x00000000
       23751000	     11775	8000035a	ff63ce83	lbu	x29,-10(x7)	  x7:0x8001547f x29=0x00000076 PA:0x80015475 store:0x000003ac
       23813000	     11806	8000035e	bb7f01a3	sb	x23,-1117(x30)	 x30:0x80015e41 x23:0xffffffe4 PA:0x800159e4 store:0xffffffe4 load:0x000000e4
       23877000	     11838	80000362	fe2cc183	lbu	x3,-30(x25)	 x25:0x80015a6a  x3=0x0000004f PA:0x80015a4c store:0x8001a38a
       23901000	     11850	80000366	876f04a3	sb	x22,-1943(x30)	 x30:0x80015e41 x22:0x000003ac PA:0x800156aa store:0x000003ac load:0x000000ac
       23925000	     11862	8000036a	084d9883	lh	x17,132(x27)	 x27:0x80015b52 x17=0xffffd4d5 PA:0x80015bd6 store:0x0000eced
       23967000	     11883	8000036e	d9460103	lb	x2,-620(x12)	 x12:0x80015380  x2=0x00000017 PA:0x80015114 store:0xfffffff8
       23995000	     11897	80000372	f8bcce03	lbu	x28,-117(x25)	 x25:0x80015a6a x28=0x000000f6 PA:0x800159f5 store:0x6c6d6e6f
       24013000	     11906	80000376	09acaf83	lw	x31,154(x25)	 x25:0x80015a6a x31=0x04050607 PA:0x80015b04 store:0x00000000
       24029000	     11914	8000037a	a51f5683	lhu	x13,-1455(x30)	 x30:0x80015e41 x13=0x00009091 PA:0x80015892 store:0xffffd4d5
       24033000	     11916	8000037e	0093a583	lw	x11,9(x7)	  x7:0x8001547f x11=0x88898a8b PA:0x80015488 store:0x001fffff
       24131000	     11965	80000382	0a1d9e23	sh	x1,188(x27)	 x27:0x80015b52  x1:0x0000008d PA:0x80015c0e store:0x0000008d load:0x0000008d
       24147000	     11973	80000386	73d60883	lb	x17,1853(x12)	 x12:0x80015380 x17=0xffffffbe PA:0x80015abd store:0x00000076
       24151000	     11975	8000038a	f13f1a83	lh	x21,-237(x30)	 x30:0x80015e41 x21=0x00005657 PA:0x80015d54 store:0x80026e7c
       24211000	     12005	8000038e	0ab60b23	sb	x11,182(x12)	 x12:0x80015380 x11:0x88898a8b PA:0x80015436 store:0x88898a8b load:0x0000008b
       24215000	     12007	80000392	34161423	sh	x1,840(x12)	 x12:0x80015380  x1:0x0000008d PA:0x800156c8 store:0x0000008d load:0x0000008d
       24219000	     12009	80000396	d6df4803	lbu	x16,-659(x30)	 x30:0x80015e41 x16=0x000000ad PA:0x80015bae store:0x00009091
       24249000	     12024	8000039a	87bf1aa3	sh	x27,-1931(x30)	 x30:0x80015e41 x27:0x80015b52 PA:0x800156b6 store:0x80015b52 load:0x00005b52
       24289000	     12044	8000039e	6f360a83	lb	x21,1779(x12)	 x12:0x80015380 x21=0x00000070 PA:0x80015a73 store:0x80026e7c
       24297000	     12048	800003a2	0a5c8903	lb	x18,165(x25)	 x25:0x80015a6a x18=0x0000000c PA:0x80015b0f store:0x80022e1c
       24321000	     12060	800003a6	13af4103	lbu	x2,314(x30)	 x30:0x80015e41  x2=0x00000078 PA:0x80015f7b store:0x00000000
       24323000	     12061	800003aa	00015717	auipc	x14,0x15	 x14=0x800153aa
       24325000	     12062	800003ae	d2170713	addi	x14,x14,-735	 x14:0x800153aa x14=0x800150cb
       24355000	     12077	800003b2	fc172183	lw	x3,-63(x14)	 x14:0x800150cb  x3=0x8c8d8e8f PA:0x8001508c store:0x0000008d
       24381000	     12090	800003b6	01e74483	lbu	x9,30(x14)	 x14:0x800150cb  x9=0x000000ea PA:0x800150e9 store:0x80015e41
       24431000	     12115	800003ba	01e74c03	lbu	x24,30(x14)	 x14:0x800150cb x24=0x000000ea PA:0x800150e9 store:0x80015e41
       24477000	     12138	800003be	f3d72783	lw	x15,-195(x14)	 x14:0x800150cb x15=0x08090a0b PA:0x80015008 store:0x00000076
       24511000	     12155	800003c2	f3d75103	lhu	x2,-195(x14)	 x14:0x800150cb  x2=0x00000a0b PA:0x80015008 store:0x00000076
       24513000	     12156	800003c6	8c29	c.xor	x8,x10	  x8:0xfffe9c00 x10:0xffffffff  x8=0x000163ff
       24547000	     12173	800003c8	f3d72f03	lw	x30,-195(x14)	 x14:0x800150cb x30=0x08090a0b PA:0x80015008 store:0x00000076
       24575000	     12187	800003cc	f3d74603	lbu	x12,-195(x14)	 x14:0x800150cb x12=0x0000000b PA:0x80015008 store:0x00000076
       24579000	     12189	800003d0	f3271ea3	sh	x18,-195(x14)	 x14:0x800150cb x18:0x0000000c PA:0x80015008 store:0x0000000c load:0x0000000c
       24603000	     12201	800003d4	f3d75e03	lhu	x28,-195(x14)	 x14:0x800150cb x28=0x0000000c PA:0x80015008 store:0x00000076
       24625000	     12212	800003d8	f2171ea3	sh	x1,-195(x14)	 x14:0x800150cb  x1:0x0000008d PA:0x80015008 store:0x0000008d load:0x0000008d
       24631000	     12215	800003dc	f3d72183	lw	x3,-195(x14)	 x14:0x800150cb  x3=0x0809008d PA:0x80015008 store:0x00000076
       24633000	     12216	800003e0	00017097	auipc	x1,0x17	  x1=0x800173e0
       24687000	     12243	800003e4	ae408093	addi	x1,x1,-1308	  x1:0x800173e0  x1=0x80016ec4
       24701000	     12250	800003e8	86108e03	lb	x28,-1951(x1)	  x1:0x80016ec4 x28=0x00000026 PA:0x80016725 store:0x80016ec4
       24725000	     12262	800003ec	d1f0cd83	lbu	x27,-737(x1)	  x1:0x80016ec4 x27=0x000000e0 PA:0x80016be3 store:0x04050607
       24733000	     12266	800003f0	40f55f33	sra	x30,x10,x15	 x10:0xffffffff x15:0x08090a0b x30=0xffffffff
       24735000	     12267	800003f4	8ef1	c.and	x13,x12	 x13:0x00009091 x12:0x0000000b x13=0x00000001
       24759000	     12279	800003f6	d1f0cd83	lbu	x27,-737(x1)	  x1:0x80016ec4 x27=0x000000e0 PA:0x80016be3 store:0x04050607
       24819000	     12309	800003fa	04508803	lb	x16,69(x1)	  x1:0x80016ec4 x16=0x0000000a PA:0x80016f09 store:0x80022e1c
       24831000	     12315	800003fe	7fe0c503	lbu	x10,2046(x1)	  x1:0x80016ec4 x10=0x000000c1 PA:0x800176c2 store:0xffffffff
       24833000	     12316	80000402	8f99	c.sub	x15,x14	 x15:0x08090a0b x14:0x800150cb x15=0x8807b940
       24875000	     12337	80000404	7fe0c183	lbu	x3,2046(x1)	  x1:0x80016ec4  x3=0x000000c1 PA:0x800176c2 store:0xffffffff
       24905000	     12352	80000408	f710c103	lbu	x2,-143(x1)	  x1:0x80016ec4  x2=0x00000036 PA:0x80016e35 store:0xffffffbe
       24907000	     12353	8000040c	d74ae113	ori	x2,x21,-652	 x21:0x00000070  x2=0xfffffd74
       24909000	     12354	80000410	280fca13	xori	x20,x31,640	 x31:0x04050607 x20=0x04050487
       25049000	     12424	80012040	98bfe06f	jal	x0,800109ca	  x0=0x00000000
       25063000	     12431	800109ca	f8428293	addi	x5,x5,-124	  x5:0x80022e1c  x5=0x80022da0
       25107000	     12453	800109ce	0012a223	sw	x1,4(x5)	  x5:0x80022da0  x1:0x80016ec4 PA:0x80022da4 store:0x80016ec4 load:0x80016ec4
       25175000	     12487	800109d2	0022a423	sw	x2,8(x5)	  x5:0x80022da0  x2:0xfffffd74 PA:0x80022da8 store:0xfffffd74 load:0xfffffd74
       25185000	     12492	800109d6	0032a623	sw	x3,12(x5)	  x5:0x80022da0  x3:0x000000c1 PA:0x80022dac store:0x000000c1 load:0x000000c1
       25191000	     12495	800109da	0042a823	sw	x4,16(x5)	  x5:0x80022da0  x4:0x0000eced PA:0x80022db0 store:0x0000eced load:0x0000eced
       25215000	     12507	800109de	0052aa23	sw	x5,20(x5)	  x5:0x80022da0  x5:0x80022da0 PA:0x80022db4 store:0x80022da0 load:0x80022da0
       25267000	     12533	800109e2	0062ac23	sw	x6,24(x5)	  x5:0x80022da0  x6:0x00000000 PA:0x80022db8 store:0x00000000 load:0x00000000
       25287000	     12543	800109e6	0072ae23	sw	x7,28(x5)	  x5:0x80022da0  x7:0x8001547f PA:0x80022dbc store:0x8001547f load:0x8001547f
       25311000	     12555	800109ea	0282a023	sw	x8,32(x5)	  x5:0x80022da0  x8:0x000163ff PA:0x80022dc0 store:0x000163ff load:0x000163ff
       25333000	     12566	800109ee	0292a223	sw	x9,36(x5)	  x5:0x80022da0  x9:0x000000ea PA:0x80022dc4 store:0x000000ea load:0x000000ea
       25337000	     12568	800109f2	02a2a423	sw	x10,40(x5)	  x5:0x80022da0 x10:0x000000c1 PA:0x80022dc8 store:0x000000c1 load:0x000000c1
       25363000	     12581	800109f6	02b2a623	sw	x11,44(x5)	  x5:0x80022da0 x11:0x88898a8b PA:0x80022dcc store:0x88898a8b load:0x88898a8b
       25369000	     12584	800109fa	02c2a823	sw	x12,48(x5)	  x5:0x80022da0 x12:0x0000000b PA:0x80022dd0 store:0x0000000b load:0x0000000b
       25391000	     12595	800109fe	02d2aa23	sw	x13,52(x5)	  x5:0x80022da0 x13:0x00000001 PA:0x80022dd4 store:0x00000001 load:0x00000001
       25451000	     12625	80010a02	02e2ac23	sw	x14,56(x5)	  x5:0x80022da0 x14:0x800150cb PA:0x80022dd8 store:0x800150cb load:0x800150cb
       25463000	     12631	80010a06	02f2ae23	sw	x15,60(x5)	  x5:0x80022da0 x15:0x8807b940 PA:0x80022ddc store:0x8807b940 load:0x8807b940
       25507000	     12653	80010a0a	0502a023	sw	x16,64(x5)	  x5:0x80022da0 x16:0x0000000a PA:0x80022de0 store:0x0000000a load:0x0000000a
       25515000	     12657	80010a0e	0512a223	sw	x17,68(x5)	  x5:0x80022da0 x17:0xffffffbe PA:0x80022de4 store:0xffffffbe load:0xffffffbe
       25551000	     12675	80010a12	0522a423	sw	x18,72(x5)	  x5:0x80022da0 x18:0x0000000c PA:0x80022de8 store:0x0000000c load:0x0000000c
       25591000	     12695	80010a16	0532a623	sw	x19,76(x5)	  x5:0x80022da0 x19:0x80026e7c PA:0x80022dec store:0x80026e7c load:0x80026e7c
       25615000	     12707	80010a1a	0542a823	sw	x20,80(x5)	  x5:0x80022da0 x20:0x04050487 PA:0x80022df0 store:0x04050487 load:0x04050487
       25631000	     12715	80010a1e	0552aa23	sw	x21,84(x5)	  x5:0x80022da0 x21:0x00000070 PA:0x80022df4 store:0x00000070 load:0x00000070
       25655000	     12727	80010a22	0562ac23	sw	x22,88(x5)	  x5:0x80022da0 x22:0x000003ac PA:0x80022df8 store:0x000003ac load:0x000003ac
       25691000	     12745	80010a26	0572ae23	sw	x23,92(x5)	  x5:0x80022da0 x23:0xffffffe4 PA:0x80022dfc store:0xffffffe4 load:0xffffffe4
       25701000	     12750	80010a2a	0782a023	sw	x24,96(x5)	  x5:0x80022da0 x24:0x000000ea PA:0x80022e00 store:0x000000ea load:0x000000ea
       25731000	     12765	80010a2e	0792a223	sw	x25,100(x5)	  x5:0x80022da0 x25:0x80015a6a PA:0x80022e04 store:0x80015a6a load:0x80015a6a
       25745000	     12772	80010a32	07a2a423	sw	x26,104(x5)	  x5:0x80022da0 x26:0x00000000 PA:0x80022e08 store:0x00000000 load:0x00000000
       25769000	     12784	80010a36	07b2a623	sw	x27,108(x5)	  x5:0x80022da0 x27:0x000000e0 PA:0x80022e0c store:0x000000e0 load:0x000000e0
       25833000	     12816	80010a3a	07c2a823	sw	x28,112(x5)	  x5:0x80022da0 x28:0x00000026 PA:0x80022e10 store:0x00000026 load:0x00000026
       25861000	     12830	80010a3e	07d2aa23	sw	x29,116(x5)	  x5:0x80022da0 x29:0x00000076 PA:0x80022e14 store:0x00000076 load:0x00000076
       25879000	     12839	80010a42	07e2ac23	sw	x30,120(x5)	  x5:0x80022da0 x30:0xffffffff PA:0x80022e18 store:0xffffffff load:0xffffffff
       25913000	     12856	80010a46	07f2ae23	sw	x31,124(x5)	  x5:0x80022da0 x31:0x04050607 PA:0x80022e1c store:0x04050607 load:0x04050607
       25933000	     12866	80010a4a	90000437	lui	x8,0x90000	  x8=0x90000000
       25943000	     12871	80010a4e	ffc40413	addi	x8,x8,-4	  x8:0x90000000  x8=0x8ffffffc
       25945000	     12872	80010a52	4b19	c.li	x22,6	 x22=0x00000006
       25957000	     12878	80010a54	0b22	c.slli	x22,0x8	 x22:0x00000006 x22=0x00000600
       25959000	     12879	80010a56	000b0b13	addi	x22,x22,0	 x22:0x00000600 x22=0x00000600
       25993000	     12896	80010a5a	01642023	sw	x22,0(x8)	  x8:0x8ffffffc x22:0x00000600 PA:0x8ffffffc store:0x00000600 load:0x00000600
       25995000	     12897	80010a5e	34202b73	csrrs	x22,mcause,x0	  x0:0x00000000 x22=0x80000010
       26015000	     12907	80010a62	01fb5b13	srli	x22,x22,0x1f	 x22:0x80000010 x22=0x00000001
       26031000	     12915	80010a66	060b0c63	beq	x22,x0,80010ade	 x22:0x00000001  x0:0x00000000  x0=0x00000000
       26055000	     12927	80010a6a	90000437	lui	x8,0x90000	  x8=0x90000000
       26057000	     12928	80010a6e	ffc40413	addi	x8,x8,-4	  x8:0x90000000  x8=0x8ffffffc
       26073000	     12936	80010a72	30000b13	addi	x22,x0,768	  x0:0x00000000 x22=0x00000300
       26075000	     12937	80010a76	0b22	c.slli	x22,0x8	 x22:0x00000300 x22=0x00030000
       26115000	     12957	80010a78	0b0d	c.addi	x22,3	 x22:0x00030000 x22=0x00030003
       26147000	     12973	80010a7a	01642023	sw	x22,0(x8)	  x8:0x8ffffffc x22:0x00030003 PA:0x8ffffffc store:0x00030003 load:0x00030003
       26149000	     12974	80010a7e	30002b73	csrrs	x22,mstatus,x0	  x0:0x00000000 x22=0x00000080
       26209000	     13004	80010a82	01642023	sw	x22,0(x8)	  x8:0x8ffffffc x22:0x00000080 PA:0x8ffffffc store:0x00000080 load:0x00000080
       26211000	     13005	80010a86	90000437	lui	x8,0x90000	  x8=0x90000000
       26213000	     13006	80010a8a	ffc40413	addi	x8,x8,-4	  x8:0x90000000  x8=0x8ffffffc
       26235000	     13017	80010a8e	34200b13	addi	x22,x0,834	  x0:0x00000000 x22=0x00000342
       26237000	     13018	80010a92	0b22	c.slli	x22,0x8	 x22:0x00000342 x22=0x00034200
       26239000	     13019	80010a94	0b0d	c.addi	x22,3	 x22:0x00034200 x22=0x00034203
       26269000	     13034	80010a96	01642023	sw	x22,0(x8)	  x8:0x8ffffffc x22:0x00034203 PA:0x8ffffffc store:0x00034203 load:0x00034203
       26271000	     13035	80010a9a	34202b73	csrrs	x22,mcause,x0	  x0:0x00000000 x22=0x80000010
       26295000	     13047	80010a9e	01642023	sw	x22,0(x8)	  x8:0x8ffffffc x22:0x80000010 PA:0x8ffffffc store:0x80000010 load:0x80000010
       26297000	     13048	80010aa2	90000437	lui	x8,0x90000	  x8=0x90000000
       26333000	     13066	80010aa6	ffc40413	addi	x8,x8,-4	  x8:0x90000000  x8=0x8ffffffc
       26357000	     13078	80010aaa	30400b13	addi	x22,x0,772	  x0:0x00000000 x22=0x00000304
       26359000	     13079	80010aae	0b22	c.slli	x22,0x8	 x22:0x00000304 x22=0x00030400
       26361000	     13080	80010ab0	0b0d	c.addi	x22,3	 x22:0x00030400 x22=0x00030403
       26379000	     13089	80010ab2	01642023	sw	x22,0(x8)	  x8:0x8ffffffc x22:0x00030403 PA:0x8ffffffc store:0x00030403 load:0x00030403
       26381000	     13090	80010ab6	30402b73	csrrs	x22,mie,x0	  x0:0x00000000 x22=0x40bf0808
       26425000	     13112	80010aba	01642023	sw	x22,0(x8)	  x8:0x8ffffffc x22:0x40bf0808 PA:0x8ffffffc store:0x40bf0808 load:0x40bf0808
       26427000	     13113	80010abe	90000437	lui	x8,0x90000	  x8=0x90000000
       26477000	     13138	80010ac2	ffc40413	addi	x8,x8,-4	  x8:0x90000000  x8=0x8ffffffc
       26479000	     13139	80010ac6	34400b13	addi	x22,x0,836	  x0:0x00000000 x22=0x00000344
       26481000	     13140	80010aca	0b22	c.slli	x22,0x8	 x22:0x00000344 x22=0x00034400
       26501000	     13150	80010acc	0b0d	c.addi	x22,3	 x22:0x00034400 x22=0x00034403
       26535000	     13167	80010ace	01642023	sw	x22,0(x8)	  x8:0x8ffffffc x22:0x00034403 PA:0x8ffffffc store:0x00034403 load:0x00034403
       26549000	     13174	80010ad2	34402b73	csrrs	x22,mip,x0	  x0:0x00000000 x22=0x00010X00
       26575000	     13187	80010ad6	01642023	sw	x22,0(x8)	  x8:0x8ffffffc x22:0x00010X00 PA:0x8ffffffc store:0x00010X00 load:0x00010000
       26617000	     13208	80010ada	5260206f	jal	x0,80013000	  x0=0x00000000
       26629000	     13214	80013000	30002b73	csrrs	x22,mstatus,x0	  x0:0x00000000 x22=0x00000080
       26653000	     13226	80013004	30402b73	csrrs	x22,mie,x0	  x0:0x00000000 x22=0x40bf0808
       26673000	     13236	80013008	34402b73	csrrs	x22,mip,x0	  x0:0x00000000 x22=0x00010X00
       26683000	     13241	8001300c	344b3b73	csrrc	x22,mip,x22	 x22:0x00010X00 x22=0x00010X00
       26695000	     13247	80013010	90000437	lui	x8,0x90000	  x8=0x90000000
       26705000	     13252	80013014	ffc40413	addi	x8,x8,-4	  x8:0x90000000  x8=0x8ffffffc
       26727000	     13263	80013018	4b1d	c.li	x22,7	 x22=0x00000007
       26729000	     13264	8001301a	0b22	c.slli	x22,0x8	 x22:0x00000007 x22=0x00000700
       26779000	     13289	8001301c	000b0b13	addi	x22,x22,0	 x22:0x00000700 x22=0x00000700
       26789000	     13294	80013020	01642023	sw	x22,0(x8)	  x8:0x8ffffffc x22:0x00000700 PA:0x8ffffffc store:0x00000700 load:0x00000700
       26827000	     13313	80013024	0042a083	lw	x1,4(x5)	  x5:0x80022da0  x1=0x80016ec4 PA:0x80022da4 store:0x0000eced
       26851000	     13325	80013028	0082a103	lw	x2,8(x5)	  x5:0x80022da0  x2=0xfffffd74 PA:0x80022da8 store:0x8ffffffc
       26857000	     13328	8001302c	00c2a183	lw	x3,12(x5)	  x5:0x80022da0  x3=0x000000c1 PA:0x80022dac store:0x0000000b
       26923000	     13361	80013030	0102a203	lw	x4,16(x5)	  x5:0x80022da0  x4=0x0000eced PA:0x80022db0 store:0x0000000a
       26965000	     13382	80013034	0142a283	lw	x5,20(x5)	  x5:0x80022da0  x5=0x80022da0 PA:0x80022db4 store:0x04050487
       26969000	     13384	80013038	0182a303	lw	x6,24(x5)	  x5:0x80022da0  x6=0x00000000 PA:0x80022db8 store:0x000000ea
       27013000	     13406	8001303c	01c2a383	lw	x7,28(x5)	  x5:0x80022da0  x7=0x8001547f PA:0x80022dbc store:0x00000026
       27017000	     13408	80013040	0202a403	lw	x8,32(x5)	  x5:0x80022da0  x8=0x000163ff PA:0x80022dc0 store:0x00000000
       27041000	     13420	80013044	0242a483	lw	x9,36(x5)	  x5:0x80022da0  x9=0x000000ea PA:0x80022dc4 store:0x0000eced
       27077000	     13438	80013048	0282a503	lw	x10,40(x5)	  x5:0x80022da0 x10=0x000000c1 PA:0x80022dc8 store:0x000163ff
       27121000	     13460	8001304c	02c2a583	lw	x11,44(x5)	  x5:0x80022da0 x11=0x88898a8b PA:0x80022dcc store:0x0000000b
       27145000	     13472	80013050	0302a603	lw	x12,48(x5)	  x5:0x80022da0 x12=0x0000000b PA:0x80022dd0 store:0x0000000a
       27207000	     13503	80013054	0342a683	lw	x13,52(x5)	  x5:0x80022da0 x13=0x00000001 PA:0x80022dd4 store:0x04050487
       27221000	     13510	80013058	0382a703	lw	x14,56(x5)	  x5:0x80022da0 x14=0x800150cb PA:0x80022dd8 store:0x000000ea
       27245000	     13522	8001305c	03c2a783	lw	x15,60(x5)	  x5:0x80022da0 x15=0x8807b940 PA:0x80022ddc store:0x00000026
       27263000	     13531	80013060	0402a803	lw	x16,64(x5)	  x5:0x80022da0 x16=0x0000000a PA:0x80022de0 store:0x00000000
       27267000	     13533	80013064	0442a883	lw	x17,68(x5)	  x5:0x80022da0 x17=0xffffffbe PA:0x80022de4 store:0x0000eced
       27297000	     13548	80013068	0482a903	lw	x18,72(x5)	  x5:0x80022da0 x18=0x0000000c PA:0x80022de8 store:0x000163ff
       27357000	     13578	8001306c	04c2a983	lw	x19,76(x5)	  x5:0x80022da0 x19=0x80026e7c PA:0x80022dec store:0x0000000b
       27391000	     13595	80013070	0502aa03	lw	x20,80(x5)	  x5:0x80022da0 x20=0x04050487 PA:0x80022df0 store:0x0000000a
       27437000	     13618	80013074	0542aa83	lw	x21,84(x5)	  x5:0x80022da0 x21=0x00000070 PA:0x80022df4 store:0x04050487
       27473000	     13636	80013078	0582ab03	lw	x22,88(x5)	  x5:0x80022da0 x22=0x000003ac PA:0x80022df8 store:0x000000ea
       27501000	     13650	8001307c	05c2ab83	lw	x23,92(x5)	  x5:0x80022da0 x23=0xffffffe4 PA:0x80022dfc store:0x00000026
       27505000	     13652	80013080	0602ac03	lw	x24,96(x5)	  x5:0x80022da0 x24=0x000000ea PA:0x80022e00 store:0x00000000
       27549000	     13674	80013084	0642ac83	lw	x25,100(x5)	  x5:0x80022da0 x25=0x80015a6a PA:0x80022e04 store:0x0000eced
       27561000	     13680	80013088	0682ad03	lw	x26,104(x5)	  x5:0x80022da0 x26=0x00000000 PA:0x80022e08 store:0x000163ff
       27591000	     13695	8001308c	06c2ad83	lw	x27,108(x5)	  x5:0x80022da0 x27=0x000000e0 PA:0x80022e0c store:0x0000000b
       27647000	     13723	80013090	0702ae03	lw	x28,112(x5)	  x5:0x80022da0 x28=0x00000026 PA:0x80022e10 store:0x0000000a
       27661000	     13730	80013094	0742ae83	lw	x29,116(x5)	  x5:0x80022da0 x29=0x00000076 PA:0x80022e14 store:0x04050487
       27665000	     13732	80013098	0782af03	lw	x30,120(x5)	  x5:0x80022da0 x30=0xffffffff PA:0x80022e18 store:0x000000ea
       27689000	     13744	8001309c	07c2af83	lw	x31,124(x5)	  x5:0x80022da0 x31=0x04050607 PA:0x80022e1c store:0x00000026
       27727000	     13763	800130a0	07c28293	addi	x5,x5,124	  x5:0x80022da0  x5=0x80022e1c
       27769000	     13784	800130a4	30200073	mret	
       27829000	     13814	80000414	f7108f03	lb	x30,-143(x1)	  x1:0x80016ec4 x30=0x00000036 PA:0x80016e35 store:0xffffffbe
       27841000	     13820	80000418	f710c183	lbu	x3,-143(x1)	  x1:0x80016ec4  x3=0x00000036 PA:0x80016e35 store:0xffffffbe
       27853000	     13826	8000041c	f6e088a3	sb	x14,-143(x1)	  x1:0x80016ec4 x14:0x800150cb PA:0x80016e35 store:0x800150cb load:0x000000cb
       27909000	     13854	80000420	185086a3	sb	x5,397(x1)	  x1:0x80016ec4  x5:0x80022e1c PA:0x80017051 store:0x80022e1c load:0x0000001c
       27913000	     13856	80000424	0080016f	jal	x2,8000042c	  x2=0x80000428
       27969000	     13884	8000042c	a019	c.j	80000432	
       27993000	     13896	80000432	2011	c.jal	80000436	  x1=0x80000434
       28021000	     13910	80000436	a809	c.j	80000448	
       28073000	     13936	80000448	37dd	c.jal	8000042e	  x1=0x8000044a
       28137000	     13968	8000042e	200d	c.jal	80000450	  x1=0x80000430
       28181000	     13990	80000450	3fe9	c.jal	8000042a	  x1=0x80000452
       28241000	     14020	8000042a	2811	c.jal	8000043e	  x1=0x8000042c
       28265000	     14032	8000043e	2819	c.jal	80000454	  x1=0x80000440
       28301000	     14050	80000454	37e5	c.jal	8000043c	  x1=0x80000456
       28339000	     14069	8000043c	a819	c.j	80000452	
       28363000	     14081	80000452	3ff5	c.jal	8000044e	  x1=0x80000454
       28409000	     14104	8000044e	bfe5	c.j	80000446	
       28427000	     14113	80000446	3ffd	c.jal	80000444	  x1=0x80000448
       28463000	     14131	80000444	3ff5	c.jal	80000440	  x1=0x80000446
       28485000	     14142	80000440	fe9ff0ef	jal	x1,80000428	  x1=0x80000444
       28493000	     14146	80000428	2801	c.jal	80000438	  x1=0x8000042a
       28521000	     14160	80000438	014000ef	jal	x1,8000044c	  x1=0x8000043c
       28557000	     14178	8000044c	37d5	c.jal	80000430	  x1=0x8000044e
       28569000	     14184	80000430	2011	c.jal	80000434	  x1=0x80000432
       28583000	     14191	80000434	a819	c.j	8000044a	
       28633000	     14216	8000044a	2031	c.jal	80000456	  x1=0x8000044c
       28691000	     14245	80000456	8ce1	c.and	x9,x8	  x9:0x000000ea  x8:0x000163ff  x9=0x000000ea
       28713000	     14256	80000458	00019117	auipc	x2,0x19	  x2=0x80019458
       28715000	     14257	8000045c	8a410113	addi	x2,x2,-1884	  x2:0x80019458  x2=0x80018cfc
       28797000	     14298	80000460	78b10ba3	sb	x11,1943(x2)	  x2:0x80018cfc x11:0x88898a8b PA:0x80019493 store:0x88898a8b load:0x0000008b
       28825000	     14312	80000464	76410b83	lb	x23,1892(x2)	  x2:0x80018cfc x23=0x00000063 PA:0x80019460 store:0x0000eced
       28827000	     14313	80000468	2b9c7e13	andi	x28,x24,697	 x24:0x000000ea x28=0x000000a8
       28843000	     14321	8000046c	76415703	lhu	x14,1892(x2)	  x2:0x80018cfc x14=0x00006263 PA:0x80019460 store:0x0000eced
       28917000	     14358	80000470	02f863b3	rem	x7,x16,x15	 x16:0x0000000a x15:0x8807b940  x7=0x0000000a
       28945000	     14372	80012044	a9ffe06f	jal	x0,80010ae2	  x0=0x00000000
       28999000	     14399	80010ae2	f8428293	addi	x5,x5,-124	  x5:0x80022e1c  x5=0x80022da0
       29039000	     14419	80010ae6	0012a223	sw	x1,4(x5)	  x5:0x80022da0  x1:0x8000044c PA:0x80022da4 store:0x8000044c load:0x8000044c
       29081000	     14440	80010aea	0022a423	sw	x2,8(x5)	  x5:0x80022da0  x2:0x80018cfc PA:0x80022da8 store:0x80018cfc load:0x80018cfc
       29097000	     14448	80010aee	0032a623	sw	x3,12(x5)	  x5:0x80022da0  x3:0x00000036 PA:0x80022dac store:0x00000036 load:0x00000036
       29119000	     14459	80010af2	0042a823	sw	x4,16(x5)	  x5:0x80022da0  x4:0x0000eced PA:0x80022db0 store:0x0000eced load:0x0000eced
       29207000	     14503	80010af6	0052aa23	sw	x5,20(x5)	  x5:0x80022da0  x5:0x80022da0 PA:0x80022db4 store:0x80022da0 load:0x80022da0
       29231000	     14515	80010afa	0062ac23	sw	x6,24(x5)	  x5:0x80022da0  x6:0x00000000 PA:0x80022db8 store:0x00000000 load:0x00000000
       29245000	     14522	80010afe	0072ae23	sw	x7,28(x5)	  x5:0x80022da0  x7:0x0000000a PA:0x80022dbc store:0x0000000a load:0x0000000a
       29253000	     14526	80010b02	0282a023	sw	x8,32(x5)	  x5:0x80022da0  x8:0x000163ff PA:0x80022dc0 store:0x000163ff load:0x000163ff
       29317000	     14558	80010b06	0292a223	sw	x9,36(x5)	  x5:0x80022da0  x9:0x000000ea PA:0x80022dc4 store:0x000000ea load:0x000000ea
       29323000	     14561	80010b0a	02a2a423	sw	x10,40(x5)	  x5:0x80022da0 x10:0x000000c1 PA:0x80022dc8 store:0x000000c1 load:0x000000c1
       29365000	     14582	80010b0e	02b2a623	sw	x11,44(x5)	  x5:0x80022da0 x11:0x88898a8b PA:0x80022dcc store:0x88898a8b load:0x88898a8b
       29369000	     14584	80010b12	02c2a823	sw	x12,48(x5)	  x5:0x80022da0 x12:0x0000000b PA:0x80022dd0 store:0x0000000b load:0x0000000b
       29387000	     14593	80010b16	02d2aa23	sw	x13,52(x5)	  x5:0x80022da0 x13:0x00000001 PA:0x80022dd4 store:0x00000001 load:0x00000001
       29413000	     14606	80010b1a	02e2ac23	sw	x14,56(x5)	  x5:0x80022da0 x14:0x00006263 PA:0x80022dd8 store:0x00006263 load:0x00006263
       29455000	     14627	80010b1e	02f2ae23	sw	x15,60(x5)	  x5:0x80022da0 x15:0x8807b940 PA:0x80022ddc store:0x8807b940 load:0x8807b940
       29471000	     14635	80010b22	0502a023	sw	x16,64(x5)	  x5:0x80022da0 x16:0x0000000a PA:0x80022de0 store:0x0000000a load:0x0000000a
       29495000	     14647	80010b26	0512a223	sw	x17,68(x5)	  x5:0x80022da0 x17:0xffffffbe PA:0x80022de4 store:0xffffffbe load:0xffffffbe
       29519000	     14659	80010b2a	0522a423	sw	x18,72(x5)	  x5:0x80022da0 x18:0x0000000c PA:0x80022de8 store:0x0000000c load:0x0000000c
       29573000	     14686	80010b2e	0532a623	sw	x19,76(x5)	  x5:0x80022da0 x19:0x80026e7c PA:0x80022dec store:0x80026e7c load:0x80026e7c
       29597000	     14698	80010b32	0542a823	sw	x20,80(x5)	  x5:0x80022da0 x20:0x04050487 PA:0x80022df0 store:0x04050487 load:0x04050487
       29629000	     14714	80010b36	0552aa23	sw	x21,84(x5)	  x5:0x80022da0 x21:0x00000070 PA:0x80022df4 store:0x00000070 load:0x00000070
       29633000	     14716	80010b3a	0562ac23	sw	x22,88(x5)	  x5:0x80022da0 x22:0x000003ac PA:0x80022df8 store:0x000003ac load:0x000003ac
       29711000	     14755	80010b3e	0572ae23	sw	x23,92(x5)	  x5:0x80022da0 x23:0x00000063 PA:0x80022dfc store:0x00000063 load:0x00000063
       29763000	     14781	80010b42	0782a023	sw	x24,96(x5)	  x5:0x80022da0 x24:0x000000ea PA:0x80022e00 store:0x000000ea load:0x000000ea
       29787000	     14793	80010b46	0792a223	sw	x25,100(x5)	  x5:0x80022da0 x25:0x80015a6a PA:0x80022e04 store:0x80015a6a load:0x80015a6a
       29811000	     14805	80010b4a	07a2a423	sw	x26,104(x5)	  x5:0x80022da0 x26:0x00000000 PA:0x80022e08 store:0x00000000 load:0x00000000
       29829000	     14814	80010b4e	07b2a623	sw	x27,108(x5)	  x5:0x80022da0 x27:0x000000e0 PA:0x80022e0c store:0x000000e0 load:0x000000e0
       29835000	     14817	80010b52	07c2a823	sw	x28,112(x5)	  x5:0x80022da0 x28:0x000000a8 PA:0x80022e10 store:0x000000a8 load:0x000000a8
       29893000	     14846	80010b56	07d2aa23	sw	x29,116(x5)	  x5:0x80022da0 x29:0x00000076 PA:0x80022e14 store:0x00000076 load:0x00000076
       29917000	     14858	80010b5a	07e2ac23	sw	x30,120(x5)	  x5:0x80022da0 x30:0x00000036 PA:0x80022e18 store:0x00000036 load:0x00000036
       29921000	     14860	80010b5e	07f2ae23	sw	x31,124(x5)	  x5:0x80022da0 x31:0x04050607 PA:0x80022e1c store:0x04050607 load:0x04050607
       29951000	     14875	80010b62	90000437	lui	x8,0x90000	  x8=0x90000000
       29961000	     14880	80010b66	ffc40413	addi	x8,x8,-4	  x8:0x90000000  x8=0x8ffffffc
       29963000	     14881	80010b6a	4b19	c.li	x22,6	 x22=0x00000006
       29999000	     14899	80010b6c	0b22	c.slli	x22,0x8	 x22:0x00000006 x22=0x00000600
       30001000	     14900	80010b6e	000b0b13	addi	x22,x22,0	 x22:0x00000600 x22=0x00000600
       30035000	     14917	80010b72	01642023	sw	x22,0(x8)	  x8:0x8ffffffc x22:0x00000600 PA:0x8ffffffc store:0x00000600 load:0x00000600
       30037000	     14918	80010b76	34202b73	csrrs	x22,mcause,x0	  x0:0x00000000 x22=0x80000011
       30047000	     14923	80010b7a	01fb5b13	srli	x22,x22,0x1f	 x22:0x80000011 x22=0x00000001
       30061000	     14930	80010b7e	060b0c63	beq	x22,x0,80010bf6	 x22:0x00000001  x0:0x00000000  x0=0x00000000
       30063000	     14931	80010b82	90000437	lui	x8,0x90000	  x8=0x90000000
       30087000	     14943	80010b86	ffc40413	addi	x8,x8,-4	  x8:0x90000000  x8=0x8ffffffc
       30105000	     14952	80010b8a	30000b13	addi	x22,x0,768	  x0:0x00000000 x22=0x00000300
       30107000	     14953	80010b8e	0b22	c.slli	x22,0x8	 x22:0x00000300 x22=0x00030000
       30109000	     14954	80010b90	0b0d	c.addi	x22,3	 x22:0x00030000 x22=0x00030003
       30153000	     14976	80010b92	01642023	sw	x22,0(x8)	  x8:0x8ffffffc x22:0x00030003 PA:0x8ffffffc store:0x00030003 load:0x00030003
       30155000	     14977	80010b96	30002b73	csrrs	x22,mstatus,x0	  x0:0x00000000 x22=0x00000080
       30193000	     14996	80010b9a	01642023	sw	x22,0(x8)	  x8:0x8ffffffc x22:0x00000080 PA:0x8ffffffc store:0x00000080 load:0x00000080
       30201000	     15000	80010b9e	90000437	lui	x8,0x90000	  x8=0x90000000
       30203000	     15001	80010ba2	ffc40413	addi	x8,x8,-4	  x8:0x90000000  x8=0x8ffffffc
       30225000	     15012	80010ba6	34200b13	addi	x22,x0,834	  x0:0x00000000 x22=0x00000342
       30227000	     15013	80010baa	0b22	c.slli	x22,0x8	 x22:0x00000342 x22=0x00034200
       30249000	     15024	80010bac	0b0d	c.addi	x22,3	 x22:0x00034200 x22=0x00034203
       30291000	     15045	80010bae	01642023	sw	x22,0(x8)	  x8:0x8ffffffc x22:0x00034203 PA:0x8ffffffc store:0x00034203 load:0x00034203
       30293000	     15046	80010bb2	34202b73	csrrs	x22,mcause,x0	  x0:0x00000000 x22=0x80000011
       30351000	     15075	80010bb6	01642023	sw	x22,0(x8)	  x8:0x8ffffffc x22:0x80000011 PA:0x8ffffffc store:0x80000011 load:0x80000011
       30353000	     15076	80010bba	90000437	lui	x8,0x90000	  x8=0x90000000
       30355000	     15077	80010bbe	ffc40413	addi	x8,x8,-4	  x8:0x90000000  x8=0x8ffffffc
       30387000	     15093	80010bc2	30400b13	addi	x22,x0,772	  x0:0x00000000 x22=0x00000304
       30389000	     15094	80010bc6	0b22	c.slli	x22,0x8	 x22:0x00000304 x22=0x00030400
       30401000	     15100	80010bc8	0b0d	c.addi	x22,3	 x22:0x00030400 x22=0x00030403
       30423000	     15111	80010bca	01642023	sw	x22,0(x8)	  x8:0x8ffffffc x22:0x00030403 PA:0x8ffffffc store:0x00030403 load:0x00030403
       30439000	     15119	80010bce	30402b73	csrrs	x22,mie,x0	  x0:0x00000000 x22=0x40bf0808
       30479000	     15139	80010bd2	01642023	sw	x22,0(x8)	  x8:0x8ffffffc x22:0x40bf0808 PA:0x8ffffffc store:0x40bf0808 load:0x40bf0808
       30481000	     15140	80010bd6	90000437	lui	x8,0x90000	  x8=0x90000000
       30483000	     15141	80010bda	ffc40413	addi	x8,x8,-4	  x8:0x90000000  x8=0x8ffffffc
       30487000	     15143	80010bde	34400b13	addi	x22,x0,836	  x0:0x00000000 x22=0x00000344
       30489000	     15144	80010be2	0b22	c.slli	x22,0x8	 x22:0x00000344 x22=0x00034400
       30501000	     15150	80010be4	0b0d	c.addi	x22,3	 x22:0x00034400 x22=0x00034403
       30525000	     15162	80010be6	01642023	sw	x22,0(x8)	  x8:0x8ffffffc x22:0x00034403 PA:0x8ffffffc store:0x00034403 load:0x00034403
       30557000	     15178	80010bea	34402b73	csrrs	x22,mip,x0	  x0:0x00000000 x22=0x00020X00
       30589000	     15194	80010bee	01642023	sw	x22,0(x8)	  x8:0x8ffffffc x22:0x00020X00 PA:0x8ffffffc store:0x00020X00 load:0x00020000
       30593000	     15196	80010bf2	40e0206f	jal	x0,80013000	  x0=0x00000000
       30615000	     15207	80013000	30002b73	csrrs	x22,mstatus,x0	  x0:0x00000000 x22=0x00000080
       30637000	     15218	80013004	30402b73	csrrs	x22,mie,x0	  x0:0x00000000 x22=0x40bf0808
       30639000	     15219	80013008	34402b73	csrrs	x22,mip,x0	  x0:0x00000000 x22=0x00020X00
       30649000	     15224	8001300c	344b3b73	csrrc	x22,mip,x22	 x22:0x00020X00 x22=0x00020X00
       30679000	     15239	80013010	90000437	lui	x8,0x90000	  x8=0x90000000
       30681000	     15240	80013014	ffc40413	addi	x8,x8,-4	  x8:0x90000000  x8=0x8ffffffc
       30703000	     15251	80013018	4b1d	c.li	x22,7	 x22=0x00000007
       30705000	     15252	8001301a	0b22	c.slli	x22,0x8	 x22:0x00000007 x22=0x00000700
       30717000	     15258	8001301c	000b0b13	addi	x22,x22,0	 x22:0x00000700 x22=0x00000700
       30739000	     15269	80013020	01642023	sw	x22,0(x8)	  x8:0x8ffffffc x22:0x00000700 PA:0x8ffffffc store:0x00000700 load:0x00000700
       30767000	     15283	80013024	0042a083	lw	x1,4(x5)	  x5:0x80022da0  x1=0x8000044c PA:0x80022da4 store:0x0000eced
       30787000	     15293	80013028	0082a103	lw	x2,8(x5)	  x5:0x80022da0  x2=0x80018cfc PA:0x80022da8 store:0x8ffffffc
       30811000	     15305	8001302c	00c2a183	lw	x3,12(x5)	  x5:0x80022da0  x3=0x00000036 PA:0x80022dac store:0x0000000b
       30861000	     15330	80013030	0102a203	lw	x4,16(x5)	  x5:0x80022da0  x4=0x0000eced PA:0x80022db0 store:0x0000000a
       30905000	     15352	80013034	0142a283	lw	x5,20(x5)	  x5:0x80022da0  x5=0x80022da0 PA:0x80022db4 store:0x04050487
       30929000	     15364	80013038	0182a303	lw	x6,24(x5)	  x5:0x80022da0  x6=0x00000000 PA:0x80022db8 store:0x000000ea
       30965000	     15382	8001303c	01c2a383	lw	x7,28(x5)	  x5:0x80022da0  x7=0x0000000a PA:0x80022dbc store:0x000000a8
       30987000	     15393	80013040	0202a403	lw	x8,32(x5)	  x5:0x80022da0  x8=0x000163ff PA:0x80022dc0 store:0x00000000
       31023000	     15411	80013044	0242a483	lw	x9,36(x5)	  x5:0x80022da0  x9=0x000000ea PA:0x80022dc4 store:0x0000eced
       31047000	     15423	80013048	0282a503	lw	x10,40(x5)	  x5:0x80022da0 x10=0x000000c1 PA:0x80022dc8 store:0x000163ff
       31053000	     15426	8001304c	02c2a583	lw	x11,44(x5)	  x5:0x80022da0 x11=0x88898a8b PA:0x80022dcc store:0x0000000b
       31067000	     15433	80013050	0302a603	lw	x12,48(x5)	  x5:0x80022da0 x12=0x0000000b PA:0x80022dd0 store:0x0000000a
       31101000	     15450	80013054	0342a683	lw	x13,52(x5)	  x5:0x80022da0 x13=0x00000001 PA:0x80022dd4 store:0x04050487
       31125000	     15462	80013058	0382a703	lw	x14,56(x5)	  x5:0x80022da0 x14=0x00006263 PA:0x80022dd8 store:0x000000ea
       31149000	     15474	8001305c	03c2a783	lw	x15,60(x5)	  x5:0x80022da0 x15=0x8807b940 PA:0x80022ddc store:0x000000a8
       31213000	     15506	80013060	0402a803	lw	x16,64(x5)	  x5:0x80022da0 x16=0x0000000a PA:0x80022de0 store:0x00000000
       31217000	     15508	80013064	0442a883	lw	x17,68(x5)	  x5:0x80022da0 x17=0xffffffbe PA:0x80022de4 store:0x0000eced
       31277000	     15538	80013068	0482a903	lw	x18,72(x5)	  x5:0x80022da0 x18=0x0000000c PA:0x80022de8 store:0x000163ff
       31281000	     15540	8001306c	04c2a983	lw	x19,76(x5)	  x5:0x80022da0 x19=0x80026e7c PA:0x80022dec store:0x0000000b
       31325000	     15562	80013070	0502aa03	lw	x20,80(x5)	  x5:0x80022da0 x20=0x04050487 PA:0x80022df0 store:0x0000000a
       31347000	     15573	80013074	0542aa83	lw	x21,84(x5)	  x5:0x80022da0 x21=0x00000070 PA:0x80022df4 store:0x04050487
       31365000	     15582	80013078	0582ab03	lw	x22,88(x5)	  x5:0x80022da0 x22=0x000003ac PA:0x80022df8 store:0x000000ea
       31383000	     15591	8001307c	05c2ab83	lw	x23,92(x5)	  x5:0x80022da0 x23=0x00000063 PA:0x80022dfc store:0x000000a8
       31387000	     15593	80013080	0602ac03	lw	x24,96(x5)	  x5:0x80022da0 x24=0x000000ea PA:0x80022e00 store:0x00000000
       31405000	     15602	80013084	0642ac83	lw	x25,100(x5)	  x5:0x80022da0 x25=0x80015a6a PA:0x80022e04 store:0x0000eced
       31439000	     15619	80013088	0682ad03	lw	x26,104(x5)	  x5:0x80022da0 x26=0x00000000 PA:0x80022e08 store:0x000163ff
       31469000	     15634	8001308c	06c2ad83	lw	x27,108(x5)	  x5:0x80022da0 x27=0x000000e0 PA:0x80022e0c store:0x0000000b
       31481000	     15640	80013090	0702ae03	lw	x28,112(x5)	  x5:0x80022da0 x28=0x000000a8 PA:0x80022e10 store:0x0000000a
       31485000	     15642	80013094	0742ae83	lw	x29,116(x5)	  x5:0x80022da0 x29=0x00000076 PA:0x80022e14 store:0x04050487
       31529000	     15664	80013098	0782af03	lw	x30,120(x5)	  x5:0x80022da0 x30=0x00000036 PA:0x80022e18 store:0x000000ea
       31557000	     15678	8001309c	07c2af83	lw	x31,124(x5)	  x5:0x80022da0 x31=0x04050607 PA:0x80022e1c store:0x000000a8
       31559000	     15679	800130a0	07c28293	addi	x5,x5,124	  x5:0x80022da0  x5=0x80022e1c
       31561000	     15680	800130a4	30200073	mret	
       31597000	     15698	80000474	012e5eb3	srl	x29,x28,x18	 x28:0x000000a8 x18:0x0000000c x29=0x00000000
       31619000	     15709	80000478	001bb233	sltu	x4,x23,x1	 x23:0x00000063  x1:0x8000044c  x4=0x00000001
       31627000	     15713	8000047c	ef810ea3	sb	x24,-259(x2)	  x2:0x80018cfc x24:0x000000ea PA:0x80018bf9 store:0x000000ea load:0x000000ea
       31639000	     15719	80000480	efd10f03	lb	x30,-259(x2)	  x2:0x80018cfc x30=0xffffffea PA:0x80018bf9 store:0x00000000
       31709000	     15754	80000484	efd10603	lb	x12,-259(x2)	  x2:0x80018cfc x12=0xffffffea PA:0x80018bf9 store:0x00000000
       31713000	     15756	80000488	efd10d83	lb	x27,-259(x2)	  x2:0x80018cfc x27=0xffffffea PA:0x80018bf9 store:0x00000000
       31731000	     15765	8000048c	3c514a83	lbu	x21,965(x2)	  x2:0x80018cfc x21=0x000000c2 PA:0x800190c1 store:0x80022e1c
       31753000	     15776	80000490	83bd	c.srli	x15,0xf	 x15:0x8807b940 x15=0x0001100f
       31755000	     15777	80000492	9886	c.add	x17,x1	 x17:0xffffffbe  x1:0x8000044c x17=0x8000040a
       31759000	     15779	80000494	85d10083	lb	x1,-1955(x2)	  x2:0x80018cfc  x1=0x0000005a PA:0x80018559 store:0x00000000
       31817000	     15808	80000498	d3f14383	lbu	x7,-705(x2)	  x2:0x80018cfc  x7=0x00000038 PA:0x80018a3b store:0x04050607
       31857000	     15828	8000049c	7c62c017	auipc	x0,0x7c62c	  x0=0x00000000
       31885000	     15842	800004a0	d3d10fa3	sb	x29,-705(x2)	  x2:0x80018cfc x29:0x00000000 PA:0x80018a3b store:0x00000000 load:0x00000000
       31901000	     15850	800004a4	cf812083	lw	x1,-776(x2)	  x2:0x80018cfc  x1=0xf4f5f6f7 PA:0x800189f4 store:0x000000ea
       31903000	     15851	800004a8	00016917	auipc	x18,0x16	 x18=0x800164a8
       31911000	     15855	800004ac	18e90913	addi	x18,x18,398	 x18:0x800164a8 x18=0x80016636
       31941000	     15870	800004b0	00018717	auipc	x14,0x18	 x14=0x800184b0
       31943000	     15871	800004b4	c1b70713	addi	x14,x14,-997	 x14:0x800184b0 x14=0x800180cb
       31949000	     15874	800004b8	00016b17	auipc	x22,0x16	 x22=0x800164b8
       31969000	     15884	800004bc	2dab0b13	addi	x22,x22,730	 x22:0x800164b8 x22=0x80016792
       32047000	     15923	800004c0	9bb71d83	lh	x27,-1605(x14)	 x14:0x800180cb x27=0xffff8485 PA:0x80017a86 store:0xffffffea
       32067000	     15933	800004c4	66470c83	lb	x25,1636(x14)	 x14:0x800180cb x25=0x0000002c PA:0x8001872f store:0x00000001
       32093000	     15946	800004c8	fd3b4203	lbu	x4,-45(x22)	 x22:0x80016792  x4=0x00000066 PA:0x80016765 store:0x80026e7c
       32139000	     15969	800004cc	07890683	lb	x13,120(x18)	 x18:0x80016636 x13=0xffffffad PA:0x800166ae store:0x000000ea
       32163000	     15981	80012048	bb3fe06f	jal	x0,80010bfa	  x0=0x00000000
       32209000	     16004	80010bfa	f8428293	addi	x5,x5,-124	  x5:0x80022e1c  x5=0x80022da0
       32233000	     16016	80010bfe	0012a223	sw	x1,4(x5)	  x5:0x80022da0  x1:0xf4f5f6f7 PA:0x80022da4 store:0xf4f5f6f7 load:0xf4f5f6f7
       32267000	     16033	80010c02	0022a423	sw	x2,8(x5)	  x5:0x80022da0  x2:0x80018cfc PA:0x80022da8 store:0x80018cfc load:0x80018cfc
       32277000	     16038	80010c06	0032a623	sw	x3,12(x5)	  x5:0x80022da0  x3:0x00000036 PA:0x80022dac store:0x00000036 load:0x00000036
       32337000	     16068	80010c0a	0042a823	sw	x4,16(x5)	  x5:0x80022da0  x4:0x00000066 PA:0x80022db0 store:0x00000066 load:0x00000066
       32357000	     16078	80010c0e	0052aa23	sw	x5,20(x5)	  x5:0x80022da0  x5:0x80022da0 PA:0x80022db4 store:0x80022da0 load:0x80022da0
       32363000	     16081	80010c12	0062ac23	sw	x6,24(x5)	  x5:0x80022da0  x6:0x00000000 PA:0x80022db8 store:0x00000000 load:0x00000000
       32391000	     16095	80010c16	0072ae23	sw	x7,28(x5)	  x5:0x80022da0  x7:0x00000038 PA:0x80022dbc store:0x00000038 load:0x00000038
       32403000	     16101	80010c1a	0282a023	sw	x8,32(x5)	  x5:0x80022da0  x8:0x000163ff PA:0x80022dc0 store:0x000163ff load:0x000163ff
       32425000	     16112	80010c1e	0292a223	sw	x9,36(x5)	  x5:0x80022da0  x9:0x000000ea PA:0x80022dc4 store:0x000000ea load:0x000000ea
       32435000	     16117	80010c22	02a2a423	sw	x10,40(x5)	  x5:0x80022da0 x10:0x000000c1 PA:0x80022dc8 store:0x000000c1 load:0x000000c1
       32445000	     16122	80010c26	02b2a623	sw	x11,44(x5)	  x5:0x80022da0 x11:0x88898a8b PA:0x80022dcc store:0x88898a8b load:0x88898a8b
       32465000	     16132	80010c2a	02c2a823	sw	x12,48(x5)	  x5:0x80022da0 x12:0xffffffea PA:0x80022dd0 store:0xffffffea load:0xffffffea
       32481000	     16140	80010c2e	02d2aa23	sw	x13,52(x5)	  x5:0x80022da0 x13:0xffffffad PA:0x80022dd4 store:0xffffffad load:0xffffffad
       32491000	     16145	80010c32	02e2ac23	sw	x14,56(x5)	  x5:0x80022da0 x14:0x800180cb PA:0x80022dd8 store:0x800180cb load:0x800180cb
       32515000	     16157	80010c36	02f2ae23	sw	x15,60(x5)	  x5:0x80022da0 x15:0x0001100f PA:0x80022ddc store:0x0001100f load:0x0001100f
       32557000	     16178	80010c3a	0502a023	sw	x16,64(x5)	  x5:0x80022da0 x16:0x0000000a PA:0x80022de0 store:0x0000000a load:0x0000000a
       32575000	     16187	80010c3e	0512a223	sw	x17,68(x5)	  x5:0x80022da0 x17:0x8000040a PA:0x80022de4 store:0x8000040a load:0x8000040a
       32599000	     16199	80010c42	0522a423	sw	x18,72(x5)	  x5:0x80022da0 x18:0x80016636 PA:0x80022de8 store:0x80016636 load:0x80016636
       32663000	     16231	80010c46	0532a623	sw	x19,76(x5)	  x5:0x80022da0 x19:0x80026e7c PA:0x80022dec store:0x80026e7c load:0x80026e7c
       32683000	     16241	80010c4a	0542a823	sw	x20,80(x5)	  x5:0x80022da0 x20:0x04050487 PA:0x80022df0 store:0x04050487 load:0x04050487
       32703000	     16251	80010c4e	0552aa23	sw	x21,84(x5)	  x5:0x80022da0 x21:0x000000c2 PA:0x80022df4 store:0x000000c2 load:0x000000c2
       32721000	     16260	80010c52	0562ac23	sw	x22,88(x5)	  x5:0x80022da0 x22:0x80016792 PA:0x80022df8 store:0x80016792 load:0x80016792
       32743000	     16271	80010c56	0572ae23	sw	x23,92(x5)	  x5:0x80022da0 x23:0x00000063 PA:0x80022dfc store:0x00000063 load:0x00000063
       32763000	     16281	80010c5a	0782a023	sw	x24,96(x5)	  x5:0x80022da0 x24:0x000000ea PA:0x80022e00 store:0x000000ea load:0x000000ea
       32781000	     16290	80010c5e	0792a223	sw	x25,100(x5)	  x5:0x80022da0 x25:0x0000002c PA:0x80022e04 store:0x0000002c load:0x0000002c
       32809000	     16304	80010c62	07a2a423	sw	x26,104(x5)	  x5:0x80022da0 x26:0x00000000 PA:0x80022e08 store:0x00000000 load:0x00000000
       32831000	     16315	80010c66	07b2a623	sw	x27,108(x5)	  x5:0x80022da0 x27:0xffff8485 PA:0x80022e0c store:0xffff8485 load:0xffff8485
       32837000	     16318	80010c6a	07c2a823	sw	x28,112(x5)	  x5:0x80022da0 x28:0x000000a8 PA:0x80022e10 store:0x000000a8 load:0x000000a8
       32861000	     16330	80010c6e	07d2aa23	sw	x29,116(x5)	  x5:0x80022da0 x29:0x00000000 PA:0x80022e14 store:0x00000000 load:0x00000000
       32871000	     16335	80010c72	07e2ac23	sw	x30,120(x5)	  x5:0x80022da0 x30:0xffffffea PA:0x80022e18 store:0xffffffea load:0xffffffea
       32929000	     16364	80010c76	07f2ae23	sw	x31,124(x5)	  x5:0x80022da0 x31:0x04050607 PA:0x80022e1c store:0x04050607 load:0x04050607
       32931000	     16365	80010c7a	90000437	lui	x8,0x90000	  x8=0x90000000
       32933000	     16366	80010c7e	ffc40413	addi	x8,x8,-4	  x8:0x90000000  x8=0x8ffffffc
       32935000	     16367	80010c82	4b19	c.li	x22,6	 x22=0x00000006
       32951000	     16375	80010c84	0b22	c.slli	x22,0x8	 x22:0x00000006 x22=0x00000600
       32953000	     16376	80010c86	000b0b13	addi	x22,x22,0	 x22:0x00000600 x22=0x00000600
       32985000	     16392	80010c8a	01642023	sw	x22,0(x8)	  x8:0x8ffffffc x22:0x00000600 PA:0x8ffffffc store:0x00000600 load:0x00000600
       33025000	     16412	80010c8e	34202b73	csrrs	x22,mcause,x0	  x0:0x00000000 x22=0x80000012
       33041000	     16420	80010c92	01fb5b13	srli	x22,x22,0x1f	 x22:0x80000012 x22=0x00000001
       33061000	     16430	80010c96	060b0c63	beq	x22,x0,80010d0e	 x22:0x00000001  x0:0x00000000  x0=0x00000000
       33065000	     16432	80010c9a	90000437	lui	x8,0x90000	  x8=0x90000000
       33119000	     16459	80010c9e	ffc40413	addi	x8,x8,-4	  x8:0x90000000  x8=0x8ffffffc
       33125000	     16462	80010ca2	30000b13	addi	x22,x0,768	  x0:0x00000000 x22=0x00000300
       33127000	     16463	80010ca6	0b22	c.slli	x22,0x8	 x22:0x00000300 x22=0x00030000
       33141000	     16470	80010ca8	0b0d	c.addi	x22,3	 x22:0x00030000 x22=0x00030003
       33217000	     16508	80010caa	01642023	sw	x22,0(x8)	  x8:0x8ffffffc x22:0x00030003 PA:0x8ffffffc store:0x00030003 load:0x00030003
       33219000	     16509	80010cae	30002b73	csrrs	x22,mstatus,x0	  x0:0x00000000 x22=0x00000080
       33267000	     16533	80010cb2	01642023	sw	x22,0(x8)	  x8:0x8ffffffc x22:0x00000080 PA:0x8ffffffc store:0x00000080 load:0x00000080
       33269000	     16534	80010cb6	90000437	lui	x8,0x90000	  x8=0x90000000
       33271000	     16535	80010cba	ffc40413	addi	x8,x8,-4	  x8:0x90000000  x8=0x8ffffffc
       33295000	     16547	80010cbe	34200b13	addi	x22,x0,834	  x0:0x00000000 x22=0x00000342
       33297000	     16548	80010cc2	0b22	c.slli	x22,0x8	 x22:0x00000342 x22=0x00034200
       33313000	     16556	80010cc4	0b0d	c.addi	x22,3	 x22:0x00034200 x22=0x00034203
       33373000	     16586	80010cc6	01642023	sw	x22,0(x8)	  x8:0x8ffffffc x22:0x00034203 PA:0x8ffffffc store:0x00034203 load:0x00034203
       33375000	     16587	80010cca	34202b73	csrrs	x22,mcause,x0	  x0:0x00000000 x22=0x80000012
       33381000	     16590	80010cce	01642023	sw	x22,0(x8)	  x8:0x8ffffffc x22:0x80000012 PA:0x8ffffffc store:0x80000012 load:0x80000012
       33413000	     16606	80010cd2	90000437	lui	x8,0x90000	  x8=0x90000000
       33455000	     16627	80010cd6	ffc40413	addi	x8,x8,-4	  x8:0x90000000  x8=0x8ffffffc
       33483000	     16641	80010cda	30400b13	addi	x22,x0,772	  x0:0x00000000 x22=0x00000304
       33485000	     16642	80010cde	0b22	c.slli	x22,0x8	 x22:0x00000304 x22=0x00030400
       33525000	     16662	80010ce0	0b0d	c.addi	x22,3	 x22:0x00030400 x22=0x00030403
       33549000	     16674	80010ce2	01642023	sw	x22,0(x8)	  x8:0x8ffffffc x22:0x00030403 PA:0x8ffffffc store:0x00030403 load:0x00030403
       33551000	     16675	80010ce6	30402b73	csrrs	x22,mie,x0	  x0:0x00000000 x22=0x40bf0808
       33589000	     16694	80010cea	01642023	sw	x22,0(x8)	  x8:0x8ffffffc x22:0x40bf0808 PA:0x8ffffffc store:0x40bf0808 load:0x40bf0808
       33591000	     16695	80010cee	90000437	lui	x8,0x90000	  x8=0x90000000
       33595000	     16697	80010cf2	ffc40413	addi	x8,x8,-4	  x8:0x90000000  x8=0x8ffffffc
       33611000	     16705	80010cf6	34400b13	addi	x22,x0,836	  x0:0x00000000 x22=0x00000344
       33613000	     16706	80010cfa	0b22	c.slli	x22,0x8	 x22:0x00000344 x22=0x00034400
       33629000	     16714	80010cfc	0b0d	c.addi	x22,3	 x22:0x00034400 x22=0x00034403
       33701000	     16750	80010cfe	01642023	sw	x22,0(x8)	  x8:0x8ffffffc x22:0x00034403 PA:0x8ffffffc store:0x00034403 load:0x00034403
       33715000	     16757	80010d02	34402b73	csrrs	x22,mip,x0	  x0:0x00000000 x22=0x00040X00
       33779000	     16789	80010d06	01642023	sw	x22,0(x8)	  x8:0x8ffffffc x22:0x00040X00 PA:0x8ffffffc store:0x00040X00 load:0x00040000
       33783000	     16791	80010d0a	2f60206f	jal	x0,80013000	  x0=0x00000000
       33787000	     16793	80013000	30002b73	csrrs	x22,mstatus,x0	  x0:0x00000000 x22=0x00000080
       33823000	     16811	80013004	30402b73	csrrs	x22,mie,x0	  x0:0x00000000 x22=0x40bf0808
       33829000	     16814	80013008	34402b73	csrrs	x22,mip,x0	  x0:0x00000000 x22=0x00040X00
       33851000	     16825	8001300c	344b3b73	csrrc	x22,mip,x22	 x22:0x00040X00 x22=0x00040X00
       33859000	     16829	80013010	90000437	lui	x8,0x90000	  x8=0x90000000
       33881000	     16840	80013014	ffc40413	addi	x8,x8,-4	  x8:0x90000000  x8=0x8ffffffc
       33925000	     16862	80013018	4b1d	c.li	x22,7	 x22=0x00000007
       33927000	     16863	8001301a	0b22	c.slli	x22,0x8	 x22:0x00000007 x22=0x00000700
       33941000	     16870	8001301c	000b0b13	addi	x22,x22,0	 x22:0x00000700 x22=0x00000700
       33963000	     16881	80013020	01642023	sw	x22,0(x8)	  x8:0x8ffffffc x22:0x00000700 PA:0x8ffffffc store:0x00000700 load:0x00000700
       33981000	     16890	80013024	0042a083	lw	x1,4(x5)	  x5:0x80022da0  x1=0xf4f5f6f7 PA:0x80022da4 store:0x00000066
       34005000	     16902	80013028	0082a103	lw	x2,8(x5)	  x5:0x80022da0  x2=0x80018cfc PA:0x80022da8 store:0x8ffffffc
       34009000	     16904	8001302c	00c2a183	lw	x3,12(x5)	  x5:0x80022da0  x3=0x00000036 PA:0x80022dac store:0xffffffea
       34047000	     16923	80013030	0102a203	lw	x4,16(x5)	  x5:0x80022da0  x4=0x00000066 PA:0x80022db0 store:0x0000000a
       34051000	     16925	80013034	0142a283	lw	x5,20(x5)	  x5:0x80022da0  x5=0x80022da0 PA:0x80022db4 store:0x04050487
       34089000	     16944	80013038	0182a303	lw	x6,24(x5)	  x5:0x80022da0  x6=0x00000000 PA:0x80022db8 store:0x000000ea
       34099000	     16949	8001303c	01c2a383	lw	x7,28(x5)	  x5:0x80022da0  x7=0x00000038 PA:0x80022dbc store:0x000000a8
       34161000	     16980	80013040	0202a403	lw	x8,32(x5)	  x5:0x80022da0  x8=0x000163ff PA:0x80022dc0 store:0x00000000
       34207000	     17003	80013044	0242a483	lw	x9,36(x5)	  x5:0x80022da0  x9=0x000000ea PA:0x80022dc4 store:0x00000066
       34213000	     17006	80013048	0282a503	lw	x10,40(x5)	  x5:0x80022da0 x10=0x000000c1 PA:0x80022dc8 store:0x000163ff
       34219000	     17009	8001304c	02c2a583	lw	x11,44(x5)	  x5:0x80022da0 x11=0x88898a8b PA:0x80022dcc store:0xffffffea
       34283000	     17041	80013050	0302a603	lw	x12,48(x5)	  x5:0x80022da0 x12=0xffffffea PA:0x80022dd0 store:0x0000000a
       34313000	     17056	80013054	0342a683	lw	x13,52(x5)	  x5:0x80022da0 x13=0xffffffad PA:0x80022dd4 store:0x04050487
       34329000	     17064	80013058	0382a703	lw	x14,56(x5)	  x5:0x80022da0 x14=0x800180cb PA:0x80022dd8 store:0x000000ea
       34343000	     17071	8001305c	03c2a783	lw	x15,60(x5)	  x5:0x80022da0 x15=0x0001100f PA:0x80022ddc store:0x000000a8
       34405000	     17102	80013060	0402a803	lw	x16,64(x5)	  x5:0x80022da0 x16=0x0000000a PA:0x80022de0 store:0x00000000
       34409000	     17104	80013064	0442a883	lw	x17,68(x5)	  x5:0x80022da0 x17=0x8000040a PA:0x80022de4 store:0x00000066
       34417000	     17108	80013068	0482a903	lw	x18,72(x5)	  x5:0x80022da0 x18=0x80016636 PA:0x80022de8 store:0x000163ff
       34421000	     17110	8001306c	04c2a983	lw	x19,76(x5)	  x5:0x80022da0 x19=0x80026e7c PA:0x80022dec store:0xffffffea
       34487000	     17143	80013070	0502aa03	lw	x20,80(x5)	  x5:0x80022da0 x20=0x04050487 PA:0x80022df0 store:0x0000000a
       34491000	     17145	80013074	0542aa83	lw	x21,84(x5)	  x5:0x80022da0 x21=0x000000c2 PA:0x80022df4 store:0x04050487
       34505000	     17152	80013078	0582ab03	lw	x22,88(x5)	  x5:0x80022da0 x22=0x80016792 PA:0x80022df8 store:0x000000ea
       34527000	     17163	8001307c	05c2ab83	lw	x23,92(x5)	  x5:0x80022da0 x23=0x00000063 PA:0x80022dfc store:0x000000a8
       34551000	     17175	80013080	0602ac03	lw	x24,96(x5)	  x5:0x80022da0 x24=0x000000ea PA:0x80022e00 store:0x00000000
       34555000	     17177	80013084	0642ac83	lw	x25,100(x5)	  x5:0x80022da0 x25=0x0000002c PA:0x80022e04 store:0x00000066
       34585000	     17192	80013088	0682ad03	lw	x26,104(x5)	  x5:0x80022da0 x26=0x00000000 PA:0x80022e08 store:0x000163ff
       34589000	     17194	8001308c	06c2ad83	lw	x27,108(x5)	  x5:0x80022da0 x27=0xffff8485 PA:0x80022e0c store:0xffffffea
       34613000	     17206	80013090	0702ae03	lw	x28,112(x5)	  x5:0x80022da0 x28=0x000000a8 PA:0x80022e10 store:0x0000000a
       34677000	     17238	80013094	0742ae83	lw	x29,116(x5)	  x5:0x80022da0 x29=0x00000000 PA:0x80022e14 store:0x04050487
       34695000	     17247	80013098	0782af03	lw	x30,120(x5)	  x5:0x80022da0 x30=0xffffffea PA:0x80022e18 store:0x000000ea
       34703000	     17251	8001309c	07c2af83	lw	x31,124(x5)	  x5:0x80022da0 x31=0x04050607 PA:0x80022e1c store:0x000000a8
       34705000	     17252	800130a0	07c28293	addi	x5,x5,124	  x5:0x80022da0  x5=0x80022e1c
       34751000	     17275	800130a4	30200073	mret	
       34847000	     17323	800004d0	00017497	auipc	x9,0x17	  x9=0x800174d0
       34857000	     17328	800004d4	58a48493	addi	x9,x9,1418	  x9:0x800174d0  x9=0x80017a5a
       34889000	     17344	800004d8	f9d90683	lb	x13,-99(x18)	 x18:0x80016636 x13=0xffffffd0 PA:0x800165d3 store:0x00000000
       34945000	     17372	800004dc	0c24af83	lw	x31,194(x9)	  x9:0x80017a5a x31=0x1c1d1e1f PA:0x80017b1c store:0x80018cfc
       35003000	     17401	800004e0	8f775783	lhu	x15,-1801(x14)	 x14:0x800180cb x15=0x0000c0c1 PA:0x800179c2 store:0x00000063
       35005000	     17402	800004e4	00018817	auipc	x16,0x18	 x16=0x800184e4
       35007000	     17403	800004e8	2fa80813	addi	x16,x16,762	 x16:0x800184e4 x16=0x800187de
       35011000	     17405	800004ec	fb9900a3	sb	x25,-95(x18)	 x18:0x80016636 x25:0x0000002c PA:0x800165d7 store:0x0000002c load:0x0000002c
       35027000	     17413	800004f0	fc784083	lbu	x1,-57(x16)	 x16:0x800187de  x1=0x000000a6 PA:0x800187a5 store:0x00000038
       35053000	     17426	800004f4	06048623	sb	x0,108(x9)	  x9:0x80017a5a  x0:0x00000000 PA:0x80017ac6 store:0x00000000 load:0x00000000
       35105000	     17452	800004f8	f8a70883	lb	x17,-118(x14)	 x14:0x800180cb x17=0x00000056 PA:0x80018055 store:0x000000c1
       35155000	     17477	800004fc	f6e92e03	lw	x28,-146(x18)	 x18:0x80016636 x28=0xa4a5a6a7 PA:0x800165a4 store:0x800180cb
       35159000	     17479	80000500	057b2d23	sw	x23,90(x22)	 x22:0x80016792 x23:0x00000063 PA:0x800167ec store:0x00000063 load:0x00000063
       35183000	     17491	80000504	fe980c83	lb	x25,-23(x16)	 x16:0x800187de x25=0xffffffc4 PA:0x800187c7 store:0x80017a5a
       35241000	     17520	80000508	725701a3	sb	x5,1827(x14)	 x14:0x800180cb  x5:0x80022e1c PA:0x800187ee store:0x80022e1c load:0x0000001c
       35257000	     17528	8000050c	90e74783	lbu	x15,-1778(x14)	 x14:0x800180cb x15=0x000000da PA:0x800179d9 store:0x800180cb
       35277000	     17538	80000510	0e44d583	lhu	x11,228(x9)	  x9:0x80017a5a x11=0x00003c3d PA:0x80017b3e store:0x00000066
       35281000	     17540	80000514	0c990583	lb	x11,201(x18)	 x18:0x80016636 x11=0xfffffffc PA:0x800166ff store:0x80017a5a
       35285000	     17542	80000518	f60b4083	lbu	x1,-160(x22)	 x22:0x80016792  x1=0x000000f1 PA:0x800166f2 store:0x00000000
       35327000	     17563	8000051c	fe948c83	lb	x25,-23(x9)	  x9:0x80017a5a x25=0x00000040 PA:0x80017a43 store:0x80017a5a
       35351000	     17575	80000520	fe8b0f03	lb	x30,-24(x22)	 x22:0x80016792 x30=0x00000079 PA:0x8001677a store:0x000163ff
       35385000	     17592	80000524	50172e83	lw	x29,1281(x14)	 x14:0x800180cb x29=0xcccdcecf PA:0x800185cc store:0x000000f1
       35389000	     17594	80000528	fe44dc83	lhu	x25,-28(x9)	  x9:0x80017a5a x25=0x00003c3d PA:0x80017a3e store:0x00000066
       35411000	     17605	8000052c	03a82f03	lw	x30,58(x16)	 x16:0x800187de x30=0x18191a1b PA:0x80018818 store:0x00000000
       35435000	     17617	80000530	f8091403	lh	x8,-128(x18)	 x18:0x80016636  x8=0xffffb4b5 PA:0x800165b6 store:0x00000000
       35453000	     17626	80000534	f7590aa3	sb	x21,-139(x18)	 x18:0x80016636 x21:0x000000c2 PA:0x800165ab store:0x000000c2 load:0x000000c2
       35477000	     17638	80000538	06348fa3	sb	x3,127(x9)	  x9:0x80017a5a  x3:0x00000036 PA:0x80017ad9 store:0x00000036 load:0x00000036
       35495000	     17647	8000053c	0a090323	sb	x0,166(x18)	 x18:0x80016636  x0:0x00000000 PA:0x800166dc store:0x00000000 load:0x00000000
       35521000	     17660	80000540	087b4c03	lbu	x24,135(x22)	 x22:0x80016792 x24=0x0000001a PA:0x80016819 store:0x00000038
       35537000	     17668	80000544	f36b1b23	sh	x22,-202(x22)	 x22:0x80016792 x22:0x80016792 PA:0x800166c8 store:0x80016792 load:0x00006792
       35543000	     17671	80000548	5c270883	lb	x17,1474(x14)	 x14:0x800180cb x17=0xffffff8e PA:0x8001868d store:0x80018cfc
       35587000	     17693	8000054c	00580883	lb	x17,5(x16)	 x16:0x800187de x17=0xffffffe0 PA:0x800187e3 store:0x80022e1c
       35603000	     17701	80000550	f5470103	lb	x2,-172(x14)	 x14:0x800180cb  x2=0x0000001c PA:0x8001801f store:0x04050487
       35617000	     17708	80000554	fbd484a3	sb	x29,-87(x9)	  x9:0x80017a5a x29:0xcccdcecf PA:0x80017a03 store:0xcccdcecf load:0x000000cf
       35631000	     17715	80000558	03eb5e83	lhu	x29,62(x22)	 x22:0x80016792 x29=0x0000d2d3 PA:0x800167d0 store:0x18191a1b
       35689000	     17744	8000055c	95770c03	lb	x24,-1705(x14)	 x14:0x800180cb x24=0x00000021 PA:0x80017a22 store:0x00000063
       35725000	     17762	80000560	f80b5403	lhu	x8,-128(x22)	 x22:0x80016792  x8=0x00001011 PA:0x80016712 store:0x00000000
       35741000	     17770	80000564	02681783	lh	x15,38(x16)	 x16:0x800187de x15=0x00000607 PA:0x80018804 store:0x00000000
       35805000	     17802	80000568	08990203	lb	x4,137(x18)	 x18:0x80016636  x4=0xffffffbc PA:0x800166bf store:0x80017a5a
       35831000	     17815	8000056c	03d84103	lbu	x2,61(x16)	 x16:0x800187de  x2=0x00000018 PA:0x8001881b store:0x0000d2d3
       35855000	     17827	80000570	00b48383	lb	x7,11(x9)	  x9:0x80017a5a  x7=0x00000066 PA:0x80017a65 store:0xfffffffc
       35857000	     17828	80000574	0001c117	auipc	x2,0x1c	  x2=0x8001c574
       35863000	     17831	80000578	28f10113	addi	x2,x2,655	  x2:0x8001c574  x2=0x8001c803
       35905000	     17852	8000057c	02111b03	lh	x22,33(x2)	  x2:0x8001c803 x22=0x00002627 PA:0x8001c824 store:0x000000f1
       35907000	     17853	80000580	8235	c.srli	x12,0xd	 x12:0xffffffea x12=0x0007ffff
       35923000	     17861	80000582	d1238d17	auipc	x26,0xd1238	 x26=0x51238582
       35981000	     17890	80000586	ff714e83	lbu	x29,-9(x2)	  x2:0x8001c803 x29=0x000000f9 PA:0x8001c7fa store:0x00000063
       36007000	     17903	8000058a	fd210383	lb	x7,-46(x2)	  x2:0x8001c803  x7=0xffffffd6 PA:0x8001c7d5 store:0x80016636
       36011000	     17905	8000058e	df060e93	addi	x29,x12,-528	 x12:0x0007ffff x29=0x0007fdef
       36053000	     17926	80000592	03114383	lbu	x7,49(x2)	  x2:0x8001c803  x7=0x00000037 PA:0x8001c834 store:0xffffffe0
       36055000	     17927	80000596	8609	c.srai	x12,0x2	 x12:0x0007ffff x12=0x0001ffff
       36079000	     17939	80000598	01a10603	lb	x12,26(x2)	  x2:0x8001c803 x12=0x0000001e PA:0x8001c81d store:0x51238582
       36081000	     17940	8000059c	01ad73b3	and	x7,x26,x26	 x26:0x51238582 x26:0x51238582  x7=0x51238582
       36089000	     17944	800005a0	0001	c.addi	x0,0	  x0:0x00000000  x0=0x00000000
       36131000	     17965	800005a2	01a393b3	sll	x7,x7,x26	  x7:0x51238582 x26:0x51238582  x7=0x448e1608
       36133000	     17966	800005a6	0001	c.addi	x0,0	  x0:0x00000000  x0=0x00000000
       36137000	     17968	800005a8	01ab3eb3	sltu	x29,x22,x26	 x22:0x00002627 x26:0x51238582 x29=0x00000001
       36211000	     18005	8001207c	9b7ff06f	jal	x0,80011a32	  x0=0x00000000
       36239000	     18019	80011a32	f8428293	addi	x5,x5,-124	  x5:0x80022e1c  x5=0x80022da0
       36315000	     18057	80011a36	0012a223	sw	x1,4(x5)	  x5:0x80022da0  x1:0x000000f1 PA:0x80022da4 store:0x000000f1 load:0x000000f1
       36351000	     18075	80011a3a	0022a423	sw	x2,8(x5)	  x5:0x80022da0  x2:0x8001c803 PA:0x80022da8 store:0x8001c803 load:0x8001c803
       36415000	     18107	80011a3e	0032a623	sw	x3,12(x5)	  x5:0x80022da0  x3:0x00000036 PA:0x80022dac store:0x00000036 load:0x00000036
       36439000	     18119	80011a42	0042a823	sw	x4,16(x5)	  x5:0x80022da0  x4:0xffffffbc PA:0x80022db0 store:0xffffffbc load:0xffffffbc
       36519000	     18159	80011a46	0052aa23	sw	x5,20(x5)	  x5:0x80022da0  x5:0x80022da0 PA:0x80022db4 store:0x80022da0 load:0x80022da0
       36523000	     18161	80011a4a	0062ac23	sw	x6,24(x5)	  x5:0x80022da0  x6:0x00000000 PA:0x80022db8 store:0x00000000 load:0x00000000
       36551000	     18175	80011a4e	0072ae23	sw	x7,28(x5)	  x5:0x80022da0  x7:0x448e1608 PA:0x80022dbc store:0x448e1608 load:0x448e1608
       36555000	     18177	80011a52	0282a023	sw	x8,32(x5)	  x5:0x80022da0  x8:0x00001011 PA:0x80022dc0 store:0x00001011 load:0x00001011
       36579000	     18189	80011a56	0292a223	sw	x9,36(x5)	  x5:0x80022da0  x9:0x80017a5a PA:0x80022dc4 store:0x80017a5a load:0x80017a5a
       36617000	     18208	80011a5a	02a2a423	sw	x10,40(x5)	  x5:0x80022da0 x10:0x000000c1 PA:0x80022dc8 store:0x000000c1 load:0x000000c1
       36631000	     18215	80011a5e	02b2a623	sw	x11,44(x5)	  x5:0x80022da0 x11:0xfffffffc PA:0x80022dcc store:0xfffffffc load:0xfffffffc
       36653000	     18226	80011a62	02c2a823	sw	x12,48(x5)	  x5:0x80022da0 x12:0x0000001e PA:0x80022dd0 store:0x0000001e load:0x0000001e
       36691000	     18245	80011a66	02d2aa23	sw	x13,52(x5)	  x5:0x80022da0 x13:0xffffffd0 PA:0x80022dd4 store:0xffffffd0 load:0xffffffd0
       36741000	     18270	80011a6a	02e2ac23	sw	x14,56(x5)	  x5:0x80022da0 x14:0x800180cb PA:0x80022dd8 store:0x800180cb load:0x800180cb
       36773000	     18286	80011a6e	02f2ae23	sw	x15,60(x5)	  x5:0x80022da0 x15:0x00000607 PA:0x80022ddc store:0x00000607 load:0x00000607
       36815000	     18307	80011a72	0502a023	sw	x16,64(x5)	  x5:0x80022da0 x16:0x800187de PA:0x80022de0 store:0x800187de load:0x800187de
       36839000	     18319	80011a76	0512a223	sw	x17,68(x5)	  x5:0x80022da0 x17:0xffffffe0 PA:0x80022de4 store:0xffffffe0 load:0xffffffe0
       36855000	     18327	80011a7a	0522a423	sw	x18,72(x5)	  x5:0x80022da0 x18:0x80016636 PA:0x80022de8 store:0x80016636 load:0x80016636
       36879000	     18339	80011a7e	0532a623	sw	x19,76(x5)	  x5:0x80022da0 x19:0x80026e7c PA:0x80022dec store:0x80026e7c load:0x80026e7c
       36901000	     18350	80011a82	0542a823	sw	x20,80(x5)	  x5:0x80022da0 x20:0x04050487 PA:0x80022df0 store:0x04050487 load:0x04050487
       36927000	     18363	80011a86	0552aa23	sw	x21,84(x5)	  x5:0x80022da0 x21:0x000000c2 PA:0x80022df4 store:0x000000c2 load:0x000000c2
       36931000	     18365	80011a8a	0562ac23	sw	x22,88(x5)	  x5:0x80022da0 x22:0x00002627 PA:0x80022df8 store:0x00002627 load:0x00002627
       37003000	     18401	80011a8e	0572ae23	sw	x23,92(x5)	  x5:0x80022da0 x23:0x00000063 PA:0x80022dfc store:0x00000063 load:0x00000063
       37007000	     18403	80011a92	0782a023	sw	x24,96(x5)	  x5:0x80022da0 x24:0x00000021 PA:0x80022e00 store:0x00000021 load:0x00000021
       37043000	     18421	80011a96	0792a223	sw	x25,100(x5)	  x5:0x80022da0 x25:0x00003c3d PA:0x80022e04 store:0x00003c3d load:0x00003c3d
       37095000	     18447	80011a9a	07a2a423	sw	x26,104(x5)	  x5:0x80022da0 x26:0x51238582 PA:0x80022e08 store:0x51238582 load:0x51238582
       37099000	     18449	80011a9e	07b2a623	sw	x27,108(x5)	  x5:0x80022da0 x27:0xffff8485 PA:0x80022e0c store:0xffff8485 load:0xffff8485
       37117000	     18458	80011aa2	07c2a823	sw	x28,112(x5)	  x5:0x80022da0 x28:0xa4a5a6a7 PA:0x80022e10 store:0xa4a5a6a7 load:0xa4a5a6a7
       37137000	     18468	80011aa6	07d2aa23	sw	x29,116(x5)	  x5:0x80022da0 x29:0x00000001 PA:0x80022e14 store:0x00000001 load:0x00000001
       37147000	     18473	80011aaa	07e2ac23	sw	x30,120(x5)	  x5:0x80022da0 x30:0x18191a1b PA:0x80022e18 store:0x18191a1b load:0x18191a1b
       37175000	     18487	80011aae	07f2ae23	sw	x31,124(x5)	  x5:0x80022da0 x31:0x1c1d1e1f PA:0x80022e1c store:0x1c1d1e1f load:0x1c1d1e1f
       37177000	     18488	80011ab2	90000437	lui	x8,0x90000	  x8=0x90000000
       37193000	     18496	80011ab6	ffc40413	addi	x8,x8,-4	  x8:0x90000000  x8=0x8ffffffc
       37195000	     18497	80011aba	4b19	c.li	x22,6	 x22=0x00000006
       37197000	     18498	80011abc	0b22	c.slli	x22,0x8	 x22:0x00000006 x22=0x00000600
       37199000	     18499	80011abe	000b0b13	addi	x22,x22,0	 x22:0x00000600 x22=0x00000600
       37285000	     18542	80011ac2	01642023	sw	x22,0(x8)	  x8:0x8ffffffc x22:0x00000600 PA:0x8ffffffc store:0x00000600 load:0x00000600
       37287000	     18543	80011ac6	34202b73	csrrs	x22,mcause,x0	  x0:0x00000000 x22=0x8000001f
       37289000	     18544	80011aca	01fb5b13	srli	x22,x22,0x1f	 x22:0x8000001f x22=0x00000001
       37311000	     18555	80011ace	060b0c63	beq	x22,x0,80011b46	 x22:0x00000001  x0:0x00000000  x0=0x00000000
       37313000	     18556	80011ad2	90000437	lui	x8,0x90000	  x8=0x90000000
       37323000	     18561	80011ad6	ffc40413	addi	x8,x8,-4	  x8:0x90000000  x8=0x8ffffffc
       37337000	     18568	80011ada	30000b13	addi	x22,x0,768	  x0:0x00000000 x22=0x00000300
       37339000	     18569	80011ade	0b22	c.slli	x22,0x8	 x22:0x00000300 x22=0x00030000
       37341000	     18570	80011ae0	0b0d	c.addi	x22,3	 x22:0x00030000 x22=0x00030003
       37385000	     18592	80011ae2	01642023	sw	x22,0(x8)	  x8:0x8ffffffc x22:0x00030003 PA:0x8ffffffc store:0x00030003 load:0x00030003
       37405000	     18602	80011ae6	30002b73	csrrs	x22,mstatus,x0	  x0:0x00000000 x22=0x00000080
       37419000	     18609	80011aea	01642023	sw	x22,0(x8)	  x8:0x8ffffffc x22:0x00000080 PA:0x8ffffffc store:0x00000080 load:0x00000080
       37441000	     18620	80011aee	90000437	lui	x8,0x90000	  x8=0x90000000
       37465000	     18632	80011af2	ffc40413	addi	x8,x8,-4	  x8:0x90000000  x8=0x8ffffffc
       37467000	     18633	80011af6	34200b13	addi	x22,x0,834	  x0:0x00000000 x22=0x00000342
       37469000	     18634	80011afa	0b22	c.slli	x22,0x8	 x22:0x00000342 x22=0x00034200
       37489000	     18644	80011afc	0b0d	c.addi	x22,3	 x22:0x00034200 x22=0x00034203
       37509000	     18654	80011afe	01642023	sw	x22,0(x8)	  x8:0x8ffffffc x22:0x00034203 PA:0x8ffffffc store:0x00034203 load:0x00034203
       37521000	     18660	80011b02	34202b73	csrrs	x22,mcause,x0	  x0:0x00000000 x22=0x8000001f
       37557000	     18678	80011b06	01642023	sw	x22,0(x8)	  x8:0x8ffffffc x22:0x8000001f PA:0x8ffffffc store:0x8000001f load:0x8000001f
       37597000	     18698	80011b0a	90000437	lui	x8,0x90000	  x8=0x90000000
       37599000	     18699	80011b0e	ffc40413	addi	x8,x8,-4	  x8:0x90000000  x8=0x8ffffffc
       37621000	     18710	80011b12	30400b13	addi	x22,x0,772	  x0:0x00000000 x22=0x00000304
       37623000	     18711	80011b16	0b22	c.slli	x22,0x8	 x22:0x00000304 x22=0x00030400
       37683000	     18741	80011b18	0b0d	c.addi	x22,3	 x22:0x00030400 x22=0x00030403
       37707000	     18753	80011b1a	01642023	sw	x22,0(x8)	  x8:0x8ffffffc x22:0x00030403 PA:0x8ffffffc store:0x00030403 load:0x00030403
       37735000	     18767	80011b1e	30402b73	csrrs	x22,mie,x0	  x0:0x00000000 x22=0x40bf0808
       37745000	     18772	80011b22	01642023	sw	x22,0(x8)	  x8:0x8ffffffc x22:0x40bf0808 PA:0x8ffffffc store:0x40bf0808 load:0x40bf0808
       37747000	     18773	80011b26	90000437	lui	x8,0x90000	  x8=0x90000000
       37785000	     18792	80011b2a	ffc40413	addi	x8,x8,-4	  x8:0x90000000  x8=0x8ffffffc
       37815000	     18807	80011b2e	34400b13	addi	x22,x0,836	  x0:0x00000000 x22=0x00000344
       37817000	     18808	80011b32	0b22	c.slli	x22,0x8	 x22:0x00000344 x22=0x00034400
       37857000	     18828	80011b34	0b0d	c.addi	x22,3	 x22:0x00034400 x22=0x00034403
       37881000	     18840	80011b36	01642023	sw	x22,0(x8)	  x8:0x8ffffffc x22:0x00034403 PA:0x8ffffffc store:0x00034403 load:0x00034403
       37883000	     18841	80011b3a	34402b73	csrrs	x22,mip,x0	  x0:0x00000000 x22=0x00000X00
       37887000	     18843	80011b3e	01642023	sw	x22,0(x8)	  x8:0x8ffffffc x22:0x00000X00 PA:0x8ffffffc store:0x00000X00 load:0x00000000
       37893000	     18846	80011b42	4be0106f	jal	x0,80013000	  x0=0x00000000
       37905000	     18852	80013000	30002b73	csrrs	x22,mstatus,x0	  x0:0x00000000 x22=0x00000080
       37941000	     18870	80013004	30402b73	csrrs	x22,mie,x0	  x0:0x00000000 x22=0x40bf0808
       37957000	     18878	80013008	34402b73	csrrs	x22,mip,x0	  x0:0x00000000 x22=0x00000X00
       37965000	     18882	8001300c	344b3b73	csrrc	x22,mip,x22	 x22:0x00000X00 x22=0x00000X00
       38027000	     18913	80013010	90000437	lui	x8,0x90000	  x8=0x90000000
       38041000	     18920	80013014	ffc40413	addi	x8,x8,-4	  x8:0x90000000  x8=0x8ffffffc
       38043000	     18921	80013018	4b1d	c.li	x22,7	 x22=0x00000007
       38045000	     18922	8001301a	0b22	c.slli	x22,0x8	 x22:0x00000007 x22=0x00000700
       38069000	     18934	8001301c	000b0b13	addi	x22,x22,0	 x22:0x00000700 x22=0x00000700
       38101000	     18950	80013020	01642023	sw	x22,0(x8)	  x8:0x8ffffffc x22:0x00000700 PA:0x8ffffffc store:0x00000700 load:0x00000700
       38117000	     18958	80013024	0042a083	lw	x1,4(x5)	  x5:0x80022da0  x1=0x000000f1 PA:0x80022da4 store:0xffffffbc
       38189000	     18994	80013028	0082a103	lw	x2,8(x5)	  x5:0x80022da0  x2=0x8001c803 PA:0x80022da8 store:0x8ffffffc
       38211000	     19005	8001302c	00c2a183	lw	x3,12(x5)	  x5:0x80022da0  x3=0x00000036 PA:0x80022dac store:0x0000001e
       38237000	     19018	80013030	0102a203	lw	x4,16(x5)	  x5:0x80022da0  x4=0xffffffbc PA:0x80022db0 store:0x800187de
       38241000	     19020	80013034	0142a283	lw	x5,20(x5)	  x5:0x80022da0  x5=0x80022da0 PA:0x80022db4 store:0x04050487
       38269000	     19034	80013038	0182a303	lw	x6,24(x5)	  x5:0x80022da0  x6=0x00000000 PA:0x80022db8 store:0x00000021
       38319000	     19059	8001303c	01c2a383	lw	x7,28(x5)	  x5:0x80022da0  x7=0x448e1608 PA:0x80022dbc store:0xa4a5a6a7
       38343000	     19071	80013040	0202a403	lw	x8,32(x5)	  x5:0x80022da0  x8=0x00001011 PA:0x80022dc0 store:0x00000000
       38373000	     19086	80013044	0242a483	lw	x9,36(x5)	  x5:0x80022da0  x9=0x80017a5a PA:0x80022dc4 store:0xffffffbc
       38377000	     19088	80013048	0282a503	lw	x10,40(x5)	  x5:0x80022da0 x10=0x000000c1 PA:0x80022dc8 store:0x00001011
       38399000	     19099	8001304c	02c2a583	lw	x11,44(x5)	  x5:0x80022da0 x11=0xfffffffc PA:0x80022dcc store:0x0000001e
       38403000	     19101	80013050	0302a603	lw	x12,48(x5)	  x5:0x80022da0 x12=0x0000001e PA:0x80022dd0 store:0x800187de
       38407000	     19103	80013054	0342a683	lw	x13,52(x5)	  x5:0x80022da0 x13=0xffffffd0 PA:0x80022dd4 store:0x04050487
       38449000	     19124	80013058	0382a703	lw	x14,56(x5)	  x5:0x80022da0 x14=0x800180cb PA:0x80022dd8 store:0x00000021
       38493000	     19146	8001305c	03c2a783	lw	x15,60(x5)	  x5:0x80022da0 x15=0x00000607 PA:0x80022ddc store:0xa4a5a6a7
       38525000	     19162	80013060	0402a803	lw	x16,64(x5)	  x5:0x80022da0 x16=0x800187de PA:0x80022de0 store:0x00000000
       38559000	     19179	80013064	0442a883	lw	x17,68(x5)	  x5:0x80022da0 x17=0xffffffe0 PA:0x80022de4 store:0xffffffbc
       38603000	     19201	80013068	0482a903	lw	x18,72(x5)	  x5:0x80022da0 x18=0x80016636 PA:0x80022de8 store:0x00001011
       38607000	     19203	8001306c	04c2a983	lw	x19,76(x5)	  x5:0x80022da0 x19=0x80026e7c PA:0x80022dec store:0x0000001e
       38611000	     19205	80013070	0502aa03	lw	x20,80(x5)	  x5:0x80022da0 x20=0x04050487 PA:0x80022df0 store:0x800187de
       38683000	     19241	80013074	0542aa83	lw	x21,84(x5)	  x5:0x80022da0 x21=0x000000c2 PA:0x80022df4 store:0x04050487
       38689000	     19244	80013078	0582ab03	lw	x22,88(x5)	  x5:0x80022da0 x22=0x00002627 PA:0x80022df8 store:0x00000021
       38711000	     19255	8001307c	05c2ab83	lw	x23,92(x5)	  x5:0x80022da0 x23=0x00000063 PA:0x80022dfc store:0xa4a5a6a7
       38717000	     19258	80013080	0602ac03	lw	x24,96(x5)	  x5:0x80022da0 x24=0x00000021 PA:0x80022e00 store:0x00000000
       38743000	     19271	80013084	0642ac83	lw	x25,100(x5)	  x5:0x80022da0 x25=0x00003c3d PA:0x80022e04 store:0xffffffbc
       38787000	     19293	80013088	0682ad03	lw	x26,104(x5)	  x5:0x80022da0 x26=0x51238582 PA:0x80022e08 store:0x00001011
       38805000	     19302	8001308c	06c2ad83	lw	x27,108(x5)	  x5:0x80022da0 x27=0xffff8485 PA:0x80022e0c store:0x0000001e
       38871000	     19335	80013090	0702ae03	lw	x28,112(x5)	  x5:0x80022da0 x28=0xa4a5a6a7 PA:0x80022e10 store:0x800187de
       38875000	     19337	80013094	0742ae83	lw	x29,116(x5)	  x5:0x80022da0 x29=0x00000001 PA:0x80022e14 store:0x04050487
       38895000	     19347	80013098	0782af03	lw	x30,120(x5)	  x5:0x80022da0 x30=0x18191a1b PA:0x80022e18 store:0x00000021
       38951000	     19375	8001309c	07c2af83	lw	x31,124(x5)	  x5:0x80022da0 x31=0x1c1d1e1f PA:0x80022e1c store:0xa4a5a6a7
       38953000	     19376	800130a0	07c28293	addi	x5,x5,124	  x5:0x80022da0  x5=0x80022e1c
       38955000	     19377	800130a4	30200073	mret	
       39071000	     19435	800005ac	03065833	divu	x16,x12,x16	 x12:0x0000001e x16:0x800187de x16=0x00000000
       39073000	     19436	800005b0	9a7d	c.andi	x12,-1	 x12:0x0000001e x12=0x0000001e
       39075000	     19437	800005b2	8e51	c.or	x12,x12	 x12:0x0000001e x12:0x0000001e x12=0x0000001e
       39131000	     19465	800005b4	02014603	lbu	x12,32(x2)	  x2:0x8001c803 x12=0x00000020 PA:0x8001c823 store:0x00000000
       39141000	     19470	800005b8	fff15e83	lhu	x29,-1(x2)	  x2:0x8001c803 x29=0x00000001 PA:0x8001c802 store:0x1c1d1e1f
       39181000	     19490	800005bc	fce10383	lb	x7,-50(x2)	  x2:0x8001c803  x7=0xffffffd2 PA:0x8001c7d1 store:0x800180cb
       39183000	     19491	800005c0	8e71	c.and	x12,x12	 x12:0x00000020 x12:0x00000020 x12=0x00000020
       39185000	     19492	800005c2	00cd3d33	sltu	x26,x26,x12	 x26:0x51238582 x12:0x00000020 x26=0x00000000
       39187000	     19493	800005c6	8e9e	c.mv	x29,x7	  x0:0x00000000  x7:0xffffffd2 x29=0xffffffd2
       39191000	     19495	800005c8	01110d03	lb	x26,17(x2)	  x2:0x8001c803 x26=0x00000017 PA:0x8001c814 store:0xffffffe0
       39193000	     19496	800005cc	8e11	c.sub	x12,x12	 x12:0x00000020 x12:0x00000020 x12=0x00000000
       39195000	     19497	800005ce	6651	c.lui	x12,0x14	 x12=0x00014000
       39203000	     19501	800005d0	03a81eb3	mulh	x29,x16,x26	 x16:0x00000000 x26:0x00000017 x29=0x00000000
       39205000	     19502	800005d4	01ce9613	slli	x12,x29,0x1c	 x29:0x00000000 x12=0x00000000
       39207000	     19503	800005d8	e0364393	xori	x7,x12,-509	 x12:0x00000000  x7=0xfffffe03
       39217000	     19508	800005dc	4103d633	sra	x12,x7,x16	  x7:0xfffffe03 x16:0x00000000 x12=0xfffffe03
       39259000	     19529	800005e0	8e11	c.sub	x12,x12	 x12:0xfffffe03 x12:0xfffffe03 x12=0x00000000
       39313000	     19556	800005e2	027105a3	sb	x7,43(x2)	  x2:0x8001c803  x7:0xfffffe03 PA:0x8001c82e store:0xfffffe03 load:0x00000003
       39375000	     19587	800005e6	fda118a3	sh	x26,-47(x2)	  x2:0x8001c803 x26:0x00000017 PA:0x8001c7d4 store:0x00000017 load:0x00000017
       39377000	     19588	800005ea	016b2633	slt	x12,x22,x22	 x22:0x00002627 x22:0x00002627 x12=0x00000000
       39379000	     19589	800005ee	9ef6	c.add	x29,x29	 x29:0x00000000 x29:0x00000000 x29=0x00000000
       39381000	     19590	800005f0	0073deb3	srl	x29,x7,x7	  x7:0xfffffe03  x7:0xfffffe03 x29=0x1fffffc0
       39443000	     19621	800005f4	00910d03	lb	x26,9(x2)	  x2:0x8001c803 x26=0x0000000f PA:0x8001c80c store:0x80017a5a
       39445000	     19622	800005f8	00015d97	auipc	x27,0x15	 x27=0x800155f8
       39447000	     19623	800005fc	d9fd8d93	addi	x27,x27,-609	 x27:0x800155f8 x27=0x80015397
       39465000	     19632	80000600	04fd8403	lb	x8,79(x27)	 x27:0x80015397  x8=0xffffffe5 PA:0x800153e6 store:0x00000607
       39477000	     19638	80000604	0001c217	auipc	x4,0x1c	  x4=0x8001c604
       39487000	     19643	80000608	a4920213	addi	x4,x4,-1463	  x4:0x8001c604  x4=0x8001c04d
       39595000	     19697	8000060c	04920023	sb	x9,64(x4)	  x4:0x8001c04d  x9:0x80017a5a PA:0x8001c08d store:0x80017a5a load:0x0000005a
       39599000	     19699	80000610	02320383	lb	x7,35(x4)	  x4:0x8001c04d  x7=0x00000073 PA:0x8001c070 store:0x00000036
       39615000	     19707	80000614	011d8783	lb	x15,17(x27)	 x27:0x80015397 x15=0xffffffab PA:0x800153a8 store:0xffffffe0
       39639000	     19719	80000618	02720aa3	sb	x7,53(x4)	  x4:0x8001c04d  x7:0x00000073 PA:0x8001c082 store:0x00000073 load:0x00000073
       39701000	     19750	8000061c	07a22ba3	sw	x26,119(x4)	  x4:0x8001c04d x26:0x0000000f PA:0x8001c0c4 store:0x0000000f load:0x0000000f
       39705000	     19752	80000620	05525503	lhu	x10,85(x4)	  x4:0x8001c04d x10=0x0000a0a1 PA:0x8001c0a2 store:0x000000c2
       39753000	     19776	80000624	0abd8d03	lb	x26,171(x27)	 x27:0x80015397 x26=0x00000041 PA:0x80015442 store:0xfffffffc
       39773000	     19786	80000628	f9ddac03	lw	x24,-99(x27)	 x27:0x80015397 x24=0x34353637 PA:0x80015334 store:0x1fffffc0
       39797000	     19798	8000062c	06b25a03	lhu	x20,107(x4)	  x4:0x8001c04d x20=0x0000babb PA:0x8001c0b8 store:0xfffffffc
       39841000	     19820	80000630	088dc483	lbu	x9,136(x27)	 x27:0x80015397  x9=0x0000001c PA:0x8001541f store:0xffffffe5
       39863000	     19831	80000634	fc6d8c03	lb	x24,-58(x27)	 x27:0x80015397 x24=0x0000005e PA:0x8001535d store:0x00000000
       39867000	     19833	80000638	0200016f	jal	x2,80000658	  x2=0x8000063c
       39891000	     19845	80000658	01c0026f	jal	x4,80000674	  x4=0x8000065c
       39955000	     19877	80000674	b7c5	c.j	80000654	
       39983000	     19891	80000654	fffff7ef	jal	x15,80000652	 x15=0x80000658
       40003000	     19901	80000652	2025	c.jal	8000067a	  x1=0x80000654
       40007000	     19903	8000067a	bffd	c.j	80000678	
       40025000	     19912	80000678	b7d5	c.j	8000065c	
       40069000	     19934	8000065c	2039	c.jal	8000066a	  x1=0x8000065e
       40103000	     19951	8000066a	3ff5	c.jal	80000666	  x1=0x8000066c
       40129000	     19964	80000666	3ff9	c.jal	80000644	  x1=0x80000668
       40189000	     19994	80000644	2019	c.jal	8000064a	  x1=0x80000646
       40193000	     19996	8000064a	a025	c.j	80000672	
       40277000	     20038	80000672	bfdd	c.j	80000668	
       40351000	     20075	80012040	98bfe06f	jal	x0,800109ca	  x0=0x00000000
       40435000	     20117	800109ca	f8428293	addi	x5,x5,-124	  x5:0x80022e1c  x5=0x80022da0
       40453000	     20126	800109ce	0012a223	sw	x1,4(x5)	  x5:0x80022da0  x1:0x80000646 PA:0x80022da4 store:0x80000646 load:0x80000646
       40477000	     20138	800109d2	0022a423	sw	x2,8(x5)	  x5:0x80022da0  x2:0x8000063c PA:0x80022da8 store:0x8000063c load:0x8000063c
       40543000	     20171	800109d6	0032a623	sw	x3,12(x5)	  x5:0x80022da0  x3:0x00000036 PA:0x80022dac store:0x00000036 load:0x00000036
       40599000	     20199	800109da	0042a823	sw	x4,16(x5)	  x5:0x80022da0  x4:0x8000065c PA:0x80022db0 store:0x8000065c load:0x8000065c
       40621000	     20210	800109de	0052aa23	sw	x5,20(x5)	  x5:0x80022da0  x5:0x80022da0 PA:0x80022db4 store:0x80022da0 load:0x80022da0
       40669000	     20234	800109e2	0062ac23	sw	x6,24(x5)	  x5:0x80022da0  x6:0x00000000 PA:0x80022db8 store:0x00000000 load:0x00000000
       40683000	     20241	800109e6	0072ae23	sw	x7,28(x5)	  x5:0x80022da0  x7:0x00000073 PA:0x80022dbc store:0x00000073 load:0x00000073
       40693000	     20246	800109ea	0282a023	sw	x8,32(x5)	  x5:0x80022da0  x8:0xffffffe5 PA:0x80022dc0 store:0xffffffe5 load:0xffffffe5
       40697000	     20248	800109ee	0292a223	sw	x9,36(x5)	  x5:0x80022da0  x9:0x0000001c PA:0x80022dc4 store:0x0000001c load:0x0000001c
       40735000	     20267	800109f2	02a2a423	sw	x10,40(x5)	  x5:0x80022da0 x10:0x0000a0a1 PA:0x80022dc8 store:0x0000a0a1 load:0x0000a0a1
       40771000	     20285	800109f6	02b2a623	sw	x11,44(x5)	  x5:0x80022da0 x11:0xfffffffc PA:0x80022dcc store:0xfffffffc load:0xfffffffc
       40783000	     20291	800109fa	02c2a823	sw	x12,48(x5)	  x5:0x80022da0 x12:0x00000000 PA:0x80022dd0 store:0x00000000 load:0x00000000
       40787000	     20293	800109fe	02d2aa23	sw	x13,52(x5)	  x5:0x80022da0 x13:0xffffffd0 PA:0x80022dd4 store:0xffffffd0 load:0xffffffd0
       40831000	     20315	80010a02	02e2ac23	sw	x14,56(x5)	  x5:0x80022da0 x14:0x800180cb PA:0x80022dd8 store:0x800180cb load:0x800180cb
       40847000	     20323	80010a06	02f2ae23	sw	x15,60(x5)	  x5:0x80022da0 x15:0x80000658 PA:0x80022ddc store:0x80000658 load:0x80000658
       40851000	     20325	80010a0a	0502a023	sw	x16,64(x5)	  x5:0x80022da0 x16:0x00000000 PA:0x80022de0 store:0x00000000 load:0x00000000
       40885000	     20342	80010a0e	0512a223	sw	x17,68(x5)	  x5:0x80022da0 x17:0xffffffe0 PA:0x80022de4 store:0xffffffe0 load:0xffffffe0
       40897000	     20348	80010a12	0522a423	sw	x18,72(x5)	  x5:0x80022da0 x18:0x80016636 PA:0x80022de8 store:0x80016636 load:0x80016636
       40927000	     20363	80010a16	0532a623	sw	x19,76(x5)	  x5:0x80022da0 x19:0x80026e7c PA:0x80022dec store:0x80026e7c load:0x80026e7c
       40945000	     20372	80010a1a	0542a823	sw	x20,80(x5)	  x5:0x80022da0 x20:0x0000babb PA:0x80022df0 store:0x0000babb load:0x0000babb
       40957000	     20378	80010a1e	0552aa23	sw	x21,84(x5)	  x5:0x80022da0 x21:0x000000c2 PA:0x80022df4 store:0x000000c2 load:0x000000c2
       40977000	     20388	80010a22	0562ac23	sw	x22,88(x5)	  x5:0x80022da0 x22:0x00002627 PA:0x80022df8 store:0x00002627 load:0x00002627
       40997000	     20398	80010a26	0572ae23	sw	x23,92(x5)	  x5:0x80022da0 x23:0x00000063 PA:0x80022dfc store:0x00000063 load:0x00000063
       41013000	     20406	80010a2a	0782a023	sw	x24,96(x5)	  x5:0x80022da0 x24:0x0000005e PA:0x80022e00 store:0x0000005e load:0x0000005e
       41119000	     20459	80010a2e	0792a223	sw	x25,100(x5)	  x5:0x80022da0 x25:0x00003c3d PA:0x80022e04 store:0x00003c3d load:0x00003c3d
       41127000	     20463	80010a32	07a2a423	sw	x26,104(x5)	  x5:0x80022da0 x26:0x00000041 PA:0x80022e08 store:0x00000041 load:0x00000041
       41131000	     20465	80010a36	07b2a623	sw	x27,108(x5)	  x5:0x80022da0 x27:0x80015397 PA:0x80022e0c store:0x80015397 load:0x80015397
       41229000	     20514	80010a3a	07c2a823	sw	x28,112(x5)	  x5:0x80022da0 x28:0xa4a5a6a7 PA:0x80022e10 store:0xa4a5a6a7 load:0xa4a5a6a7
       41251000	     20525	80010a3e	07d2aa23	sw	x29,116(x5)	  x5:0x80022da0 x29:0x1fffffc0 PA:0x80022e14 store:0x1fffffc0 load:0x1fffffc0
       41275000	     20537	80010a42	07e2ac23	sw	x30,120(x5)	  x5:0x80022da0 x30:0x18191a1b PA:0x80022e18 store:0x18191a1b load:0x18191a1b
       41299000	     20549	80010a46	07f2ae23	sw	x31,124(x5)	  x5:0x80022da0 x31:0x1c1d1e1f PA:0x80022e1c store:0x1c1d1e1f load:0x1c1d1e1f
       41331000	     20565	80010a4a	90000437	lui	x8,0x90000	  x8=0x90000000
       41333000	     20566	80010a4e	ffc40413	addi	x8,x8,-4	  x8:0x90000000  x8=0x8ffffffc
       41335000	     20567	80010a52	4b19	c.li	x22,6	 x22=0x00000006
       41347000	     20573	80010a54	0b22	c.slli	x22,0x8	 x22:0x00000006 x22=0x00000600
       41359000	     20579	80010a56	000b0b13	addi	x22,x22,0	 x22:0x00000600 x22=0x00000600
       41363000	     20581	80010a5a	01642023	sw	x22,0(x8)	  x8:0x8ffffffc x22:0x00000600 PA:0x8ffffffc store:0x00000600 load:0x00000600
       41419000	     20609	80010a5e	34202b73	csrrs	x22,mcause,x0	  x0:0x00000000 x22=0x80000010
       41421000	     20610	80010a62	01fb5b13	srli	x22,x22,0x1f	 x22:0x80000010 x22=0x00000001
       41429000	     20614	80010a66	060b0c63	beq	x22,x0,80010ade	 x22:0x00000001  x0:0x00000000  x0=0x00000000
       41441000	     20620	80010a6a	90000437	lui	x8,0x90000	  x8=0x90000000
       41463000	     20631	80010a6e	ffc40413	addi	x8,x8,-4	  x8:0x90000000  x8=0x8ffffffc
       41465000	     20632	80010a72	30000b13	addi	x22,x0,768	  x0:0x00000000 x22=0x00000300
       41467000	     20633	80010a76	0b22	c.slli	x22,0x8	 x22:0x00000300 x22=0x00030000
       41487000	     20643	80010a78	0b0d	c.addi	x22,3	 x22:0x00030000 x22=0x00030003
       41527000	     20663	80010a7a	01642023	sw	x22,0(x8)	  x8:0x8ffffffc x22:0x00030003 PA:0x8ffffffc store:0x00030003 load:0x00030003
       41529000	     20664	80010a7e	30002b73	csrrs	x22,mstatus,x0	  x0:0x00000000 x22=0x00000080
       41553000	     20676	80010a82	01642023	sw	x22,0(x8)	  x8:0x8ffffffc x22:0x00000080 PA:0x8ffffffc store:0x00000080 load:0x00000080
       41555000	     20677	80010a86	90000437	lui	x8,0x90000	  x8=0x90000000
       41557000	     20678	80010a8a	ffc40413	addi	x8,x8,-4	  x8:0x90000000  x8=0x8ffffffc
       41581000	     20690	80010a8e	34200b13	addi	x22,x0,834	  x0:0x00000000 x22=0x00000342
       41583000	     20691	80010a92	0b22	c.slli	x22,0x8	 x22:0x00000342 x22=0x00034200
       41643000	     20721	80010a94	0b0d	c.addi	x22,3	 x22:0x00034200 x22=0x00034203
       41707000	     20753	80010a96	01642023	sw	x22,0(x8)	  x8:0x8ffffffc x22:0x00034203 PA:0x8ffffffc store:0x00034203 load:0x00034203
       41709000	     20754	80010a9a	34202b73	csrrs	x22,mcause,x0	  x0:0x00000000 x22=0x80000010
       41721000	     20760	80010a9e	01642023	sw	x22,0(x8)	  x8:0x8ffffffc x22:0x80000010 PA:0x8ffffffc store:0x80000010 load:0x80000010
       41735000	     20767	80010aa2	90000437	lui	x8,0x90000	  x8=0x90000000
       41745000	     20772	80010aa6	ffc40413	addi	x8,x8,-4	  x8:0x90000000  x8=0x8ffffffc
       41747000	     20773	80010aaa	30400b13	addi	x22,x0,772	  x0:0x00000000 x22=0x00000304
       41749000	     20774	80010aae	0b22	c.slli	x22,0x8	 x22:0x00000304 x22=0x00030400
       41809000	     20804	80010ab0	0b0d	c.addi	x22,3	 x22:0x00030400 x22=0x00030403
       41873000	     20836	80010ab2	01642023	sw	x22,0(x8)	  x8:0x8ffffffc x22:0x00030403 PA:0x8ffffffc store:0x00030403 load:0x00030403
       41875000	     20837	80010ab6	30402b73	csrrs	x22,mie,x0	  x0:0x00000000 x22=0x40bf0808
       41911000	     20855	80010aba	01642023	sw	x22,0(x8)	  x8:0x8ffffffc x22:0x40bf0808 PA:0x8ffffffc store:0x40bf0808 load:0x40bf0808
       41913000	     20856	80010abe	90000437	lui	x8,0x90000	  x8=0x90000000
       41929000	     20864	80010ac2	ffc40413	addi	x8,x8,-4	  x8:0x90000000  x8=0x8ffffffc
       41931000	     20865	80010ac6	34400b13	addi	x22,x0,836	  x0:0x00000000 x22=0x00000344
       41933000	     20866	80010aca	0b22	c.slli	x22,0x8	 x22:0x00000344 x22=0x00034400
       41965000	     20882	80010acc	0b0d	c.addi	x22,3	 x22:0x00034400 x22=0x00034403
       42005000	     20902	80010ace	01642023	sw	x22,0(x8)	  x8:0x8ffffffc x22:0x00034403 PA:0x8ffffffc store:0x00034403 load:0x00034403
       42007000	     20903	80010ad2	34402b73	csrrs	x22,mip,x0	  x0:0x00000000 x22=0x00010X00
       42041000	     20920	80010ad6	01642023	sw	x22,0(x8)	  x8:0x8ffffffc x22:0x00010X00 PA:0x8ffffffc store:0x00010X00 load:0x00010000
       42045000	     20922	80010ada	5260206f	jal	x0,80013000	  x0=0x00000000
       42101000	     20950	80013000	30002b73	csrrs	x22,mstatus,x0	  x0:0x00000000 x22=0x00000080
       42103000	     20951	80013004	30402b73	csrrs	x22,mie,x0	  x0:0x00000000 x22=0x40bf0808
       42141000	     20970	80013008	34402b73	csrrs	x22,mip,x0	  x0:0x00000000 x22=0x00010X00
       42143000	     20971	8001300c	344b3b73	csrrc	x22,mip,x22	 x22:0x00010X00 x22=0x00010X00
       42185000	     20992	80013010	90000437	lui	x8,0x90000	  x8=0x90000000
       42187000	     20993	80013014	ffc40413	addi	x8,x8,-4	  x8:0x90000000  x8=0x8ffffffc
       42225000	     21012	80013018	4b1d	c.li	x22,7	 x22=0x00000007
       42227000	     21013	8001301a	0b22	c.slli	x22,0x8	 x22:0x00000007 x22=0x00000700
       42231000	     21015	8001301c	000b0b13	addi	x22,x22,0	 x22:0x00000700 x22=0x00000700
       42265000	     21032	80013020	01642023	sw	x22,0(x8)	  x8:0x8ffffffc x22:0x00000700 PA:0x8ffffffc store:0x00000700 load:0x00000700
       42287000	     21043	80013024	0042a083	lw	x1,4(x5)	  x5:0x80022da0  x1=0x80000646 PA:0x80022da4 store:0x8000065c
       42355000	     21077	80013028	0082a103	lw	x2,8(x5)	  x5:0x80022da0  x2=0x8000063c PA:0x80022da8 store:0x8ffffffc
       42383000	     21091	8001302c	00c2a183	lw	x3,12(x5)	  x5:0x80022da0  x3=0x00000036 PA:0x80022dac store:0x00000000
       42395000	     21097	80013030	0102a203	lw	x4,16(x5)	  x5:0x80022da0  x4=0x8000065c PA:0x80022db0 store:0x00000000
       42433000	     21116	80013034	0142a283	lw	x5,20(x5)	  x5:0x80022da0  x5=0x80022da0 PA:0x80022db4 store:0x0000babb
       42451000	     21125	80013038	0182a303	lw	x6,24(x5)	  x5:0x80022da0  x6=0x00000000 PA:0x80022db8 store:0x0000005e
       42475000	     21137	8001303c	01c2a383	lw	x7,28(x5)	  x5:0x80022da0  x7=0x00000073 PA:0x80022dbc store:0xa4a5a6a7
       42495000	     21147	80013040	0202a403	lw	x8,32(x5)	  x5:0x80022da0  x8=0xffffffe5 PA:0x80022dc0 store:0x00000000
       42507000	     21153	80013044	0242a483	lw	x9,36(x5)	  x5:0x80022da0  x9=0x0000001c PA:0x80022dc4 store:0x8000065c
       42535000	     21167	80013048	0282a503	lw	x10,40(x5)	  x5:0x80022da0 x10=0x0000a0a1 PA:0x80022dc8 store:0xffffffe5
       42555000	     21177	8001304c	02c2a583	lw	x11,44(x5)	  x5:0x80022da0 x11=0xfffffffc PA:0x80022dcc store:0x00000000
       42579000	     21189	80013050	0302a603	lw	x12,48(x5)	  x5:0x80022da0 x12=0x00000000 PA:0x80022dd0 store:0x00000000
       42599000	     21199	80013054	0342a683	lw	x13,52(x5)	  x5:0x80022da0 x13=0xffffffd0 PA:0x80022dd4 store:0x0000babb
       42627000	     21213	80013058	0382a703	lw	x14,56(x5)	  x5:0x80022da0 x14=0x800180cb PA:0x80022dd8 store:0x0000005e
       42691000	     21245	8001305c	03c2a783	lw	x15,60(x5)	  x5:0x80022da0 x15=0x80000658 PA:0x80022ddc store:0xa4a5a6a7
       42729000	     21264	80013060	0402a803	lw	x16,64(x5)	  x5:0x80022da0 x16=0x00000000 PA:0x80022de0 store:0x00000000
       42759000	     21279	80013064	0442a883	lw	x17,68(x5)	  x5:0x80022da0 x17=0xffffffe0 PA:0x80022de4 store:0x8000065c
       42813000	     21306	80013068	0482a903	lw	x18,72(x5)	  x5:0x80022da0 x18=0x80016636 PA:0x80022de8 store:0xffffffe5
       42835000	     21317	8001306c	04c2a983	lw	x19,76(x5)	  x5:0x80022da0 x19=0x80026e7c PA:0x80022dec store:0x00000000
       42857000	     21328	80013070	0502aa03	lw	x20,80(x5)	  x5:0x80022da0 x20=0x0000babb PA:0x80022df0 store:0x00000000
       42897000	     21348	80013074	0542aa83	lw	x21,84(x5)	  x5:0x80022da0 x21=0x000000c2 PA:0x80022df4 store:0x0000babb
       42915000	     21357	80013078	0582ab03	lw	x22,88(x5)	  x5:0x80022da0 x22=0x00002627 PA:0x80022df8 store:0x0000005e
       42939000	     21369	8001307c	05c2ab83	lw	x23,92(x5)	  x5:0x80022da0 x23=0x00000063 PA:0x80022dfc store:0xa4a5a6a7
       42963000	     21381	80013080	0602ac03	lw	x24,96(x5)	  x5:0x80022da0 x24=0x0000005e PA:0x80022e00 store:0x00000000
       42987000	     21393	80013084	0642ac83	lw	x25,100(x5)	  x5:0x80022da0 x25=0x00003c3d PA:0x80022e04 store:0x8000065c
       43011000	     21405	80013088	0682ad03	lw	x26,104(x5)	  x5:0x80022da0 x26=0x00000041 PA:0x80022e08 store:0xffffffe5
       43029000	     21414	8001308c	06c2ad83	lw	x27,108(x5)	  x5:0x80022da0 x27=0x80015397 PA:0x80022e0c store:0x00000000
       43039000	     21419	80013090	0702ae03	lw	x28,112(x5)	  x5:0x80022da0 x28=0xa4a5a6a7 PA:0x80022e10 store:0x00000000
       43099000	     21449	80013094	0742ae83	lw	x29,116(x5)	  x5:0x80022da0 x29=0x1fffffc0 PA:0x80022e14 store:0x0000babb
       43109000	     21454	80013098	0782af03	lw	x30,120(x5)	  x5:0x80022da0 x30=0x18191a1b PA:0x80022e18 store:0x0000005e
       43113000	     21456	8001309c	07c2af83	lw	x31,124(x5)	  x5:0x80022da0 x31=0x1c1d1e1f PA:0x80022e1c store:0xa4a5a6a7
       43115000	     21457	800130a0	07c28293	addi	x5,x5,124	  x5:0x80022da0  x5=0x80022e1c
       43117000	     21458	800130a4	30200073	mret	
       43151000	     21475	80000668	2011	c.jal	8000066c	  x1=0x8000066a
       43189000	     21494	8000066c	bfc9	c.j	8000063e	
       43223000	     21511	8000063e	2005	c.jal	8000065e	  x1=0x80000640
       43289000	     21544	8000065e	ff3ff0ef	jal	x1,80000650	  x1=0x80000662
       43363000	     21581	80000650	bff5	c.j	8000064c	
       43381000	     21590	8000064c	2009	c.jal	8000064e	  x1=0x8000064e
       43437000	     21618	8000064e	3fcd	c.jal	80000640	  x1=0x80000650
       43465000	     21632	80000640	bff5	c.j	8000063c	
       43469000	     21634	8000063c	2019	c.jal	80000642	  x1=0x8000063e
       43541000	     21670	80000642	a035	c.j	8000066e	
       43561000	     21680	8000066e	3fe1	c.jal	80000646	  x1=0x80000670
       43627000	     21713	80000646	01c000ef	jal	x1,80000662	  x1=0x8000064a
       43683000	     21741	80000662	00e00d6f	jal	x26,80000670	 x26=0x80000666
       43751000	     21775	80000670	2019	c.jal	80000676	  x1=0x80000672
       43767000	     21783	80000676	a021	c.j	8000067e	
       43791000	     21795	8000067e	3ffd	c.jal	8000067c	  x1=0x80000680
       43831000	     21815	8000067c	2011	c.jal	80000680	  x1=0x8000067e
       43865000	     21832	80000680	8ec6	c.mv	x29,x17	  x0:0x00000000 x17:0xffffffe0 x29=0xffffffe0
       43897000	     21848	80000682	00018117	auipc	x2,0x18	  x2=0x80018682
       43901000	     21850	80000686	5d210113	addi	x2,x2,1490	  x2:0x80018682  x2=0x80018c54
       43965000	     21882	8000068a	06b14503	lbu	x10,107(x2)	  x2:0x80018c54 x10=0x000000bc PA:0x80018cbf store:0xfffffffc
       43967000	     21883	8000068e	012acab3	xor	x21,x21,x18	 x21:0x000000c2 x18:0x80016636 x21=0x800166f4
       43969000	     21884	80000692	0906	c.slli	x18,0x1	 x18:0x80016636 x18=0x0002cc6c
       43999000	     21899	80000694	027535b3	mulhu	x11,x10,x7	 x10:0x000000bc  x7:0x00000073 x11=0x00000000
       44001000	     21900	80000698	8d4d	c.or	x10,x11	 x10:0x000000bc x11:0x00000000 x10=0x000000bc
       44079000	     21939	80012044	a9ffe06f	jal	x0,80010ae2	  x0=0x00000000
       44123000	     21961	80010ae2	f8428293	addi	x5,x5,-124	  x5:0x80022e1c  x5=0x80022da0
       44149000	     21974	80010ae6	0012a223	sw	x1,4(x5)	  x5:0x80022da0  x1:0x8000067e PA:0x80022da4 store:0x8000067e load:0x8000067e
       44175000	     21987	80010aea	0022a423	sw	x2,8(x5)	  x5:0x80022da0  x2:0x80018c54 PA:0x80022da8 store:0x80018c54 load:0x80018c54
       44215000	     22007	80010aee	0032a623	sw	x3,12(x5)	  x5:0x80022da0  x3:0x00000036 PA:0x80022dac store:0x00000036 load:0x00000036
       44219000	     22009	80010af2	0042a823	sw	x4,16(x5)	  x5:0x80022da0  x4:0x8000065c PA:0x80022db0 store:0x8000065c load:0x8000065c
       44243000	     22021	80010af6	0052aa23	sw	x5,20(x5)	  x5:0x80022da0  x5:0x80022da0 PA:0x80022db4 store:0x80022da0 load:0x80022da0
       44259000	     22029	80010afa	0062ac23	sw	x6,24(x5)	  x5:0x80022da0  x6:0x00000000 PA:0x80022db8 store:0x00000000 load:0x00000000
       44293000	     22046	80010afe	0072ae23	sw	x7,28(x5)	  x5:0x80022da0  x7:0x00000073 PA:0x80022dbc store:0x00000073 load:0x00000073
       44317000	     22058	80010b02	0282a023	sw	x8,32(x5)	  x5:0x80022da0  x8:0xffffffe5 PA:0x80022dc0 store:0xffffffe5 load:0xffffffe5
       44341000	     22070	80010b06	0292a223	sw	x9,36(x5)	  x5:0x80022da0  x9:0x0000001c PA:0x80022dc4 store:0x0000001c load:0x0000001c
       44373000	     22086	80010b0a	02a2a423	sw	x10,40(x5)	  x5:0x80022da0 x10:0x000000bc PA:0x80022dc8 store:0x000000bc load:0x000000bc
       44423000	     22111	80010b0e	02b2a623	sw	x11,44(x5)	  x5:0x80022da0 x11:0x00000000 PA:0x80022dcc store:0x00000000 load:0x00000000
       44467000	     22133	80010b12	02c2a823	sw	x12,48(x5)	  x5:0x80022da0 x12:0x00000000 PA:0x80022dd0 store:0x00000000 load:0x00000000
       44471000	     22135	80010b16	02d2aa23	sw	x13,52(x5)	  x5:0x80022da0 x13:0xffffffd0 PA:0x80022dd4 store:0xffffffd0 load:0xffffffd0
       44487000	     22143	80010b1a	02e2ac23	sw	x14,56(x5)	  x5:0x80022da0 x14:0x800180cb PA:0x80022dd8 store:0x800180cb load:0x800180cb
       44597000	     22198	80010b1e	02f2ae23	sw	x15,60(x5)	  x5:0x80022da0 x15:0x80000658 PA:0x80022ddc store:0x80000658 load:0x80000658
       44601000	     22200	80010b22	0502a023	sw	x16,64(x5)	  x5:0x80022da0 x16:0x00000000 PA:0x80022de0 store:0x00000000 load:0x00000000
       44665000	     22232	80010b26	0512a223	sw	x17,68(x5)	  x5:0x80022da0 x17:0xffffffe0 PA:0x80022de4 store:0xffffffe0 load:0xffffffe0
       44689000	     22244	80010b2a	0522a423	sw	x18,72(x5)	  x5:0x80022da0 x18:0x0002cc6c PA:0x80022de8 store:0x0002cc6c load:0x0002cc6c
       44753000	     22276	80010b2e	0532a623	sw	x19,76(x5)	  x5:0x80022da0 x19:0x80026e7c PA:0x80022dec store:0x80026e7c load:0x80026e7c
       44777000	     22288	80010b32	0542a823	sw	x20,80(x5)	  x5:0x80022da0 x20:0x0000babb PA:0x80022df0 store:0x0000babb load:0x0000babb
       44801000	     22300	80010b36	0552aa23	sw	x21,84(x5)	  x5:0x80022da0 x21:0x800166f4 PA:0x80022df4 store:0x800166f4 load:0x800166f4
       44825000	     22312	80010b3a	0562ac23	sw	x22,88(x5)	  x5:0x80022da0 x22:0x00002627 PA:0x80022df8 store:0x00002627 load:0x00002627
       44871000	     22335	80010b3e	0572ae23	sw	x23,92(x5)	  x5:0x80022da0 x23:0x00000063 PA:0x80022dfc store:0x00000063 load:0x00000063
       44915000	     22357	80010b42	0782a023	sw	x24,96(x5)	  x5:0x80022da0 x24:0x0000005e PA:0x80022e00 store:0x0000005e load:0x0000005e
       44939000	     22369	80010b46	0792a223	sw	x25,100(x5)	  x5:0x80022da0 x25:0x00003c3d PA:0x80022e04 store:0x00003c3d load:0x00003c3d
       44955000	     22377	80010b4a	07a2a423	sw	x26,104(x5)	  x5:0x80022da0 x26:0x80000666 PA:0x80022e08 store:0x80000666 load:0x80000666
       44971000	     22385	80010b4e	07b2a623	sw	x27,108(x5)	  x5:0x80022da0 x27:0x80015397 PA:0x80022e0c store:0x80015397 load:0x80015397
       44975000	     22387	80010b52	07c2a823	sw	x28,112(x5)	  x5:0x80022da0 x28:0xa4a5a6a7 PA:0x80022e10 store:0xa4a5a6a7 load:0xa4a5a6a7
       45033000	     22416	80010b56	07d2aa23	sw	x29,116(x5)	  x5:0x80022da0 x29:0xffffffe0 PA:0x80022e14 store:0xffffffe0 load:0xffffffe0
       45037000	     22418	80010b5a	07e2ac23	sw	x30,120(x5)	  x5:0x80022da0 x30:0x18191a1b PA:0x80022e18 store:0x18191a1b load:0x18191a1b
       45085000	     22442	80010b5e	07f2ae23	sw	x31,124(x5)	  x5:0x80022da0 x31:0x1c1d1e1f PA:0x80022e1c store:0x1c1d1e1f load:0x1c1d1e1f
       45087000	     22443	80010b62	90000437	lui	x8,0x90000	  x8=0x90000000
       45089000	     22444	80010b66	ffc40413	addi	x8,x8,-4	  x8:0x90000000  x8=0x8ffffffc
       45091000	     22445	80010b6a	4b19	c.li	x22,6	 x22=0x00000006
       45093000	     22446	80010b6c	0b22	c.slli	x22,0x8	 x22:0x00000006 x22=0x00000600
       45115000	     22457	80010b6e	000b0b13	addi	x22,x22,0	 x22:0x00000600 x22=0x00000600
       45159000	     22479	80010b72	01642023	sw	x22,0(x8)	  x8:0x8ffffffc x22:0x00000600 PA:0x8ffffffc store:0x00000600 load:0x00000600
       45161000	     22480	80010b76	34202b73	csrrs	x22,mcause,x0	  x0:0x00000000 x22=0x80000011
       45163000	     22481	80010b7a	01fb5b13	srli	x22,x22,0x1f	 x22:0x80000011 x22=0x00000001
       45211000	     22505	80010b7e	060b0c63	beq	x22,x0,80010bf6	 x22:0x00000001  x0:0x00000000  x0=0x00000000
       45213000	     22506	80010b82	90000437	lui	x8,0x90000	  x8=0x90000000
       45217000	     22508	80010b86	ffc40413	addi	x8,x8,-4	  x8:0x90000000  x8=0x8ffffffc
       45239000	     22519	80010b8a	30000b13	addi	x22,x0,768	  x0:0x00000000 x22=0x00000300
       45241000	     22520	80010b8e	0b22	c.slli	x22,0x8	 x22:0x00000300 x22=0x00030000
       45257000	     22528	80010b90	0b0d	c.addi	x22,3	 x22:0x00030000 x22=0x00030003
       45289000	     22544	80010b92	01642023	sw	x22,0(x8)	  x8:0x8ffffffc x22:0x00030003 PA:0x8ffffffc store:0x00030003 load:0x00030003
       45291000	     22545	80010b96	30002b73	csrrs	x22,mstatus,x0	  x0:0x00000000 x22=0x00000080
       45305000	     22552	80010b9a	01642023	sw	x22,0(x8)	  x8:0x8ffffffc x22:0x00000080 PA:0x8ffffffc store:0x00000080 load:0x00000080
       45313000	     22556	80010b9e	90000437	lui	x8,0x90000	  x8=0x90000000
       45319000	     22559	80010ba2	ffc40413	addi	x8,x8,-4	  x8:0x90000000  x8=0x8ffffffc
       45341000	     22570	80010ba6	34200b13	addi	x22,x0,834	  x0:0x00000000 x22=0x00000342
       45343000	     22571	80010baa	0b22	c.slli	x22,0x8	 x22:0x00000342 x22=0x00034200
       45377000	     22588	80010bac	0b0d	c.addi	x22,3	 x22:0x00034200 x22=0x00034203
       45423000	     22611	80010bae	01642023	sw	x22,0(x8)	  x8:0x8ffffffc x22:0x00034203 PA:0x8ffffffc store:0x00034203 load:0x00034203
       45425000	     22612	80010bb2	34202b73	csrrs	x22,mcause,x0	  x0:0x00000000 x22=0x80000011
       45465000	     22632	80010bb6	01642023	sw	x22,0(x8)	  x8:0x8ffffffc x22:0x80000011 PA:0x8ffffffc store:0x80000011 load:0x80000011
       45467000	     22633	80010bba	90000437	lui	x8,0x90000	  x8=0x90000000
       45469000	     22634	80010bbe	ffc40413	addi	x8,x8,-4	  x8:0x90000000  x8=0x8ffffffc
       45473000	     22636	80010bc2	30400b13	addi	x22,x0,772	  x0:0x00000000 x22=0x00000304
       45475000	     22637	80010bc6	0b22	c.slli	x22,0x8	 x22:0x00000304 x22=0x00030400
       45501000	     22650	80010bc8	0b0d	c.addi	x22,3	 x22:0x00030400 x22=0x00030403
       45515000	     22657	80010bca	01642023	sw	x22,0(x8)	  x8:0x8ffffffc x22:0x00030403 PA:0x8ffffffc store:0x00030403 load:0x00030403
       45553000	     22676	80010bce	30402b73	csrrs	x22,mie,x0	  x0:0x00000000 x22=0x40bf0808
       45577000	     22688	80010bd2	01642023	sw	x22,0(x8)	  x8:0x8ffffffc x22:0x40bf0808 PA:0x8ffffffc store:0x40bf0808 load:0x40bf0808
       45579000	     22689	80010bd6	90000437	lui	x8,0x90000	  x8=0x90000000
       45587000	     22693	80010bda	ffc40413	addi	x8,x8,-4	  x8:0x90000000  x8=0x8ffffffc
       45629000	     22714	80010bde	34400b13	addi	x22,x0,836	  x0:0x00000000 x22=0x00000344
       45631000	     22715	80010be2	0b22	c.slli	x22,0x8	 x22:0x00000344 x22=0x00034400
       45633000	     22716	80010be4	0b0d	c.addi	x22,3	 x22:0x00034400 x22=0x00034403
       45659000	     22729	80010be6	01642023	sw	x22,0(x8)	  x8:0x8ffffffc x22:0x00034403 PA:0x8ffffffc store:0x00034403 load:0x00034403
       45685000	     22742	80010bea	34402b73	csrrs	x22,mip,x0	  x0:0x00000000 x22=0x00020X00
       45691000	     22745	80010bee	01642023	sw	x22,0(x8)	  x8:0x8ffffffc x22:0x00020X00 PA:0x8ffffffc store:0x00020X00 load:0x00020000
       45721000	     22760	80010bf2	40e0206f	jal	x0,80013000	  x0=0x00000000
       45753000	     22776	80013000	30002b73	csrrs	x22,mstatus,x0	  x0:0x00000000 x22=0x00000080
       45763000	     22781	80013004	30402b73	csrrs	x22,mie,x0	  x0:0x00000000 x22=0x40bf0808
       45805000	     22802	80013008	34402b73	csrrs	x22,mip,x0	  x0:0x00000000 x22=0x00020X00
       45807000	     22803	8001300c	344b3b73	csrrc	x22,mip,x22	 x22:0x00020X00 x22=0x00020X00
       45829000	     22814	80013010	90000437	lui	x8,0x90000	  x8=0x90000000
       45851000	     22825	80013014	ffc40413	addi	x8,x8,-4	  x8:0x90000000  x8=0x8ffffffc
       45853000	     22826	80013018	4b1d	c.li	x22,7	 x22=0x00000007
       45855000	     22827	8001301a	0b22	c.slli	x22,0x8	 x22:0x00000007 x22=0x00000700
       45869000	     22834	8001301c	000b0b13	addi	x22,x22,0	 x22:0x00000700 x22=0x00000700
       45889000	     22844	80013020	01642023	sw	x22,0(x8)	  x8:0x8ffffffc x22:0x00000700 PA:0x8ffffffc store:0x00000700 load:0x00000700
       45907000	     22853	80013024	0042a083	lw	x1,4(x5)	  x5:0x80022da0  x1=0x8000067e PA:0x80022da4 store:0x8000065c
       45949000	     22874	80013028	0082a103	lw	x2,8(x5)	  x5:0x80022da0  x2=0x80018c54 PA:0x80022da8 store:0x8ffffffc
       45987000	     22893	8001302c	00c2a183	lw	x3,12(x5)	  x5:0x80022da0  x3=0x00000036 PA:0x80022dac store:0x00000000
       45993000	     22896	80013030	0102a203	lw	x4,16(x5)	  x5:0x80022da0  x4=0x8000065c PA:0x80022db0 store:0x00000000
       46035000	     22917	80013034	0142a283	lw	x5,20(x5)	  x5:0x80022da0  x5=0x80022da0 PA:0x80022db4 store:0x0000babb
       46055000	     22927	80013038	0182a303	lw	x6,24(x5)	  x5:0x80022da0  x6=0x00000000 PA:0x80022db8 store:0x0000005e
       46059000	     22929	8001303c	01c2a383	lw	x7,28(x5)	  x5:0x80022da0  x7=0x00000073 PA:0x80022dbc store:0xa4a5a6a7
       46063000	     22931	80013040	0202a403	lw	x8,32(x5)	  x5:0x80022da0  x8=0xffffffe5 PA:0x80022dc0 store:0x00000000
       46121000	     22960	80013044	0242a483	lw	x9,36(x5)	  x5:0x80022da0  x9=0x0000001c PA:0x80022dc4 store:0x8000065c
       46185000	     22992	80013048	0282a503	lw	x10,40(x5)	  x5:0x80022da0 x10=0x000000bc PA:0x80022dc8 store:0xffffffe5
       46209000	     23004	8001304c	02c2a583	lw	x11,44(x5)	  x5:0x80022da0 x11=0x00000000 PA:0x80022dcc store:0x00000000
       46217000	     23008	80013050	0302a603	lw	x12,48(x5)	  x5:0x80022da0 x12=0x00000000 PA:0x80022dd0 store:0x00000000
       46247000	     23023	80013054	0342a683	lw	x13,52(x5)	  x5:0x80022da0 x13=0xffffffd0 PA:0x80022dd4 store:0x0000babb
       46271000	     23035	80013058	0382a703	lw	x14,56(x5)	  x5:0x80022da0 x14=0x800180cb PA:0x80022dd8 store:0x0000005e
       46307000	     23053	8001305c	03c2a783	lw	x15,60(x5)	  x5:0x80022da0 x15=0x80000658 PA:0x80022ddc store:0xa4a5a6a7
       46331000	     23065	80013060	0402a803	lw	x16,64(x5)	  x5:0x80022da0 x16=0x00000000 PA:0x80022de0 store:0x00000000
       46355000	     23077	80013064	0442a883	lw	x17,68(x5)	  x5:0x80022da0 x17=0xffffffe0 PA:0x80022de4 store:0x8000065c
       46379000	     23089	80013068	0482a903	lw	x18,72(x5)	  x5:0x80022da0 x18=0x0002cc6c PA:0x80022de8 store:0xffffffe5
       46383000	     23091	8001306c	04c2a983	lw	x19,76(x5)	  x5:0x80022da0 x19=0x80026e7c PA:0x80022dec store:0x00000000
       46429000	     23114	80013070	0502aa03	lw	x20,80(x5)	  x5:0x80022da0 x20=0x0000babb PA:0x80022df0 store:0x00000000
       46453000	     23126	80013074	0542aa83	lw	x21,84(x5)	  x5:0x80022da0 x21=0x800166f4 PA:0x80022df4 store:0x0000babb
       46497000	     23148	80013078	0582ab03	lw	x22,88(x5)	  x5:0x80022da0 x22=0x00002627 PA:0x80022df8 store:0x0000005e
       46541000	     23170	8001307c	05c2ab83	lw	x23,92(x5)	  x5:0x80022da0 x23=0x00000063 PA:0x80022dfc store:0xa4a5a6a7
       46557000	     23178	80013080	0602ac03	lw	x24,96(x5)	  x5:0x80022da0 x24=0x0000005e PA:0x80022e00 store:0x00000000
       46561000	     23180	80013084	0642ac83	lw	x25,100(x5)	  x5:0x80022da0 x25=0x00003c3d PA:0x80022e04 store:0x8000065c
       46565000	     23182	80013088	0682ad03	lw	x26,104(x5)	  x5:0x80022da0 x26=0x80000666 PA:0x80022e08 store:0xffffffe5
       46605000	     23202	8001308c	06c2ad83	lw	x27,108(x5)	  x5:0x80022da0 x27=0x80015397 PA:0x80022e0c store:0x00000000
       46611000	     23205	80013090	0702ae03	lw	x28,112(x5)	  x5:0x80022da0 x28=0xa4a5a6a7 PA:0x80022e10 store:0x00000000
       46687000	     23243	80013094	0742ae83	lw	x29,116(x5)	  x5:0x80022da0 x29=0xffffffe0 PA:0x80022e14 store:0x0000babb
       46745000	     23272	80013098	0782af03	lw	x30,120(x5)	  x5:0x80022da0 x30=0x18191a1b PA:0x80022e18 store:0x0000005e
       46781000	     23290	8001309c	07c2af83	lw	x31,124(x5)	  x5:0x80022da0 x31=0x1c1d1e1f PA:0x80022e1c store:0xa4a5a6a7
       46783000	     23291	800130a0	07c28293	addi	x5,x5,124	  x5:0x80022da0  x5=0x80022e1c
       46811000	     23305	800130a4	30200073	mret	
       46891000	     23345	8000069a	01a3bd33	sltu	x26,x7,x26	  x7:0x00000073 x26:0x80000666 x26=0x00000001
       46895000	     23347	8000069e	dad6	c.swsp	x21,116(x2)	  x2:0x80018c54 x21:0x800166f4 PA:0x80018cc8 store:0x800166f4 load:0x800166f4
       46897000	     23348	800006a0	36290913	addi	x18,x18,866	 x18:0x0002cc6c x18=0x0002cfce
       46935000	     23367	800006a4	0c910903	lb	x18,201(x2)	  x2:0x80018c54 x18=0x0000001e PA:0x80018d1d store:0x0000001c
       46981000	     23390	800006a8	035d13b3	mulh	x7,x26,x21	 x26:0x00000001 x21:0x800166f4  x7=0xffffffff
       46983000	     23391	800006ac	3db5a513	slti	x10,x11,987	 x11:0x00000000 x10=0x00000001
       47043000	     23421	800006b0	fec15d03	lhu	x26,-20(x2)	  x2:0x80018c54 x26=0x00004243 PA:0x80018c40 store:0x00000000
       47045000	     23422	800006b4	859e	c.mv	x11,x7	  x0:0x00000000  x7:0xffffffff x11=0xffffffff
       47047000	     23423	800006b6	8525	c.srai	x10,0x9	 x10:0x00000001 x10=0x00000000
       47121000	     23460	800006b8	03556ab3	rem	x21,x10,x21	 x10:0x00000000 x21:0x800166f4 x21=0x00000000
       47125000	     23462	800006bc	f2015583	lhu	x11,-224(x2)	  x2:0x80018c54 x11=0x00007677 PA:0x80018b74 store:0x00000000
       47127000	     23463	800006c0	81a1	c.srli	x11,0x8	 x11:0x00007677 x11=0x00000076
       47129000	     23464	800006c2	72253517	auipc	x10,0x72253	 x10=0xf22536c2
       47167000	     23483	800006c6	407d0533	sub	x10,x26,x7	 x26:0x00004243  x7:0xffffffff x10=0x00004244
       47169000	     23484	800006ca	9aae	c.add	x21,x11	 x21:0x00000000 x11:0x00000076 x21=0x00000076
       47185000	     23492	800006cc	81d9	c.srli	x11,0x16	 x11:0x00000076 x11=0x00000000
       47189000	     23494	800006ce	02bafd33	remu	x26,x21,x11	 x21:0x00000076 x11:0x00000000 x26=0x00000076
       47191000	     23495	800006d2	0001	c.addi	x0,0	  x0:0x00000000  x0=0x00000000
       47201000	     23500	800006d4	03b10a83	lb	x21,59(x2)	  x2:0x80018c54 x21=0xffffff8c PA:0x80018c8f store:0x80015397
       47221000	     23510	800006d8	0001	c.addi	x0,0	  x0:0x00000000  x0=0x00000000
       47273000	     23536	800006da	faa11383	lh	x7,-86(x2)	  x2:0x80018c54  x7=0xfffffcfd PA:0x80018bfe store:0x00004244
       47277000	     23538	800006de	4a86	c.lwsp	x21,64(x2)	  x2:0x80018c54 x21=0x94959697 PA:0x80018c94 store:0x00000000
       47325000	     23562	800006e0	f3e15383	lhu	x7,-194(x2)	  x2:0x80018c54  x7=0x00009091 PA:0x80018b92 store:0x18191a1b
       47327000	     23563	800006e4	405ad393	srai	x7,x21,0x5	 x21:0x94959697  x7=0xfca4acb4
       47405000	     23602	800006e8	035ac3b3	div	x7,x21,x21	 x21:0x94959697 x21:0x94959697  x7=0x00000001
       47469000	     23634	800006ec	fd510d03	lb	x26,-43(x2)	  x2:0x80018c54 x26=0x0000002a PA:0x80018c29 store:0x94959697
       47471000	     23635	800006f0	dfc3aa93	slti	x21,x7,-516	  x7:0x00000001 x21=0x00000000
       47481000	     23640	800006f4	f0910903	lb	x18,-247(x2)	  x2:0x80018c54 x18=0x0000005e PA:0x80018b5d store:0x0000001c
       47495000	     23647	800006f8	04cd6393	ori	x7,x26,76	 x26:0x0000002a  x7=0x0000006e
       47577000	     23688	800006fc	03294ab3	div	x21,x18,x18	 x18:0x0000005e x18:0x0000005e x21=0x00000001
       47621000	     23710	80000700	f5f14583	lbu	x11,-161(x2)	  x2:0x80018c54 x11=0x000000b0 PA:0x80018bb3 store:0x1c1d1e1f
       47673000	     23736	80000704	f5a15d03	lhu	x26,-166(x2)	  x2:0x80018c54 x26=0x0000acad PA:0x80018bae store:0x0000002a
       47675000	     23737	80000708	1d7d	c.addi	x26,-1	 x26:0x0000acad x26=0x0000acac
       47699000	     23749	8000070a	fe712e23	sw	x7,-4(x2)	  x2:0x80018c54  x7:0x0000006e PA:0x80018c50 store:0x0000006e load:0x0000006e
       47713000	     23756	8000070e	f6d14583	lbu	x11,-147(x2)	  x2:0x80018c54 x11=0x000000c2 PA:0x80018bc1 store:0xffffffd0
       47715000	     23757	80000712	4ad1	c.li	x21,20	 x21=0x00000014
       47759000	     23779	80000714	d4ea	c.swsp	x26,104(x2)	  x2:0x80018c54 x26:0x0000acac PA:0x80018cbc store:0x0000acac load:0x0000acac
       47769000	     23784	80000716	5506	c.lwsp	x10,96(x2)	  x2:0x80018c54 x10=0xb4b5b6b7 PA:0x80018cb4 store:0x00000000
       47813000	     23806	80000718	4a86	c.lwsp	x21,64(x2)	  x2:0x80018c54 x21=0x94959697 PA:0x80018c94 store:0x00000000
       47815000	     23807	8000071a	00016597	auipc	x11,0x16	 x11=0x8001671a
       47817000	     23808	8000071e	8b258593	addi	x11,x11,-1870	 x11:0x8001671a x11=0x80015fcc
       47827000	     23813	80000722	0001c917	auipc	x18,0x1c	 x18=0x8001c722
       47849000	     23824	80000726	aba90913	addi	x18,x18,-1350	 x18:0x8001c722 x18=0x8001c1dc
       47911000	     23855	8000072a	00019117	auipc	x2,0x19	  x2=0x8001972a
       47913000	     23856	8000072e	69710113	addi	x2,x2,1687	  x2:0x8001972a  x2=0x80019dc1
       47937000	     23868	80000732	017900a3	sb	x23,1(x18)	 x18:0x8001c1dc x23:0x00000063 PA:0x8001c1dd store:0x00000063 load:0x00000063
       47991000	     23895	80000736	ace10d83	lb	x27,-1330(x2)	  x2:0x80019dc1 x27=0xffffff8c PA:0x8001988f store:0x800180cb
       48015000	     23907	8000073a	02359323	sh	x3,38(x11)	 x11:0x80015fcc  x3:0x00000036 PA:0x80015ff2 store:0x00000036 load:0x00000036
       48039000	     23919	8000073e	175125a3	sw	x21,363(x2)	  x2:0x80019dc1 x21:0x94959697 PA:0x80019f2c store:0x94959697 load:0x94959697
       48081000	     23940	80000742	ff894703	lbu	x14,-8(x18)	 x18:0x8001c1dc x14=0x000000d7 PA:0x8001c1d4 store:0x0000005e
       48093000	     23946	80000746	d9911c83	lh	x25,-615(x2)	  x2:0x80019dc1 x25=0x00005859 PA:0x80019b5a store:0x00003c3d
       48097000	     23948	8000074a	00190703	lb	x14,1(x18)	 x18:0x8001c1dc x14=0x00000063 PA:0x8001c1dd store:0x8000067e
       48161000	     23980	8000074e	fc090803	lb	x16,-64(x18)	 x18:0x8001c1dc x16=0xffffff9f PA:0x8001c19c store:0x00000000
       48185000	     23992	80000752	0265df83	lhu	x31,38(x11)	 x11:0x80015fcc x31=0x00000036 PA:0x80015ff2 store:0x00000000
       48193000	     23996	80012050	ddbfe06f	jal	x0,80010e2a	  x0=0x00000000
       48223000	     24011	80010e2a	f8428293	addi	x5,x5,-124	  x5:0x80022e1c  x5=0x80022da0
       48245000	     24022	80010e2e	0012a223	sw	x1,4(x5)	  x5:0x80022da0  x1:0x8000067e PA:0x80022da4 store:0x8000067e load:0x8000067e
       48269000	     24034	80010e32	0022a423	sw	x2,8(x5)	  x5:0x80022da0  x2:0x80019dc1 PA:0x80022da8 store:0x80019dc1 load:0x80019dc1
       48343000	     24071	80010e36	0032a623	sw	x3,12(x5)	  x5:0x80022da0  x3:0x00000036 PA:0x80022dac store:0x00000036 load:0x00000036
       48347000	     24073	80010e3a	0042a823	sw	x4,16(x5)	  x5:0x80022da0  x4:0x8000065c PA:0x80022db0 store:0x8000065c load:0x8000065c
       48405000	     24102	80010e3e	0052aa23	sw	x5,20(x5)	  x5:0x80022da0  x5:0x80022da0 PA:0x80022db4 store:0x80022da0 load:0x80022da0
       48415000	     24107	80010e42	0062ac23	sw	x6,24(x5)	  x5:0x80022da0  x6:0x00000000 PA:0x80022db8 store:0x00000000 load:0x00000000
       48439000	     24119	80010e46	0072ae23	sw	x7,28(x5)	  x5:0x80022da0  x7:0x0000006e PA:0x80022dbc store:0x0000006e load:0x0000006e
       48469000	     24134	80010e4a	0282a023	sw	x8,32(x5)	  x5:0x80022da0  x8:0xffffffe5 PA:0x80022dc0 store:0xffffffe5 load:0xffffffe5
       48495000	     24147	80010e4e	0292a223	sw	x9,36(x5)	  x5:0x80022da0  x9:0x0000001c PA:0x80022dc4 store:0x0000001c load:0x0000001c
       48561000	     24180	80010e52	02a2a423	sw	x10,40(x5)	  x5:0x80022da0 x10:0xb4b5b6b7 PA:0x80022dc8 store:0xb4b5b6b7 load:0xb4b5b6b7
       48585000	     24192	80010e56	02b2a623	sw	x11,44(x5)	  x5:0x80022da0 x11:0x80015fcc PA:0x80022dcc store:0x80015fcc load:0x80015fcc
       48603000	     24201	80010e5a	02c2a823	sw	x12,48(x5)	  x5:0x80022da0 x12:0x00000000 PA:0x80022dd0 store:0x00000000 load:0x00000000
       48615000	     24207	80010e5e	02d2aa23	sw	x13,52(x5)	  x5:0x80022da0 x13:0xffffffd0 PA:0x80022dd4 store:0xffffffd0 load:0xffffffd0
       48677000	     24238	80010e62	02e2ac23	sw	x14,56(x5)	  x5:0x80022da0 x14:0x00000063 PA:0x80022dd8 store:0x00000063 load:0x00000063
       48695000	     24247	80010e66	02f2ae23	sw	x15,60(x5)	  x5:0x80022da0 x15:0x80000658 PA:0x80022ddc store:0x80000658 load:0x80000658
       48731000	     24265	80010e6a	0502a023	sw	x16,64(x5)	  x5:0x80022da0 x16:0xffffff9f PA:0x80022de0 store:0xffffff9f load:0xffffff9f
       48761000	     24280	80010e6e	0512a223	sw	x17,68(x5)	  x5:0x80022da0 x17:0xffffffe0 PA:0x80022de4 store:0xffffffe0 load:0xffffffe0
       48785000	     24292	80010e72	0522a423	sw	x18,72(x5)	  x5:0x80022da0 x18:0x8001c1dc PA:0x80022de8 store:0x8001c1dc load:0x8001c1dc
       48789000	     24294	80010e76	0532a623	sw	x19,76(x5)	  x5:0x80022da0 x19:0x80026e7c PA:0x80022dec store:0x80026e7c load:0x80026e7c
       48831000	     24315	80010e7a	0542a823	sw	x20,80(x5)	  x5:0x80022da0 x20:0x0000babb PA:0x80022df0 store:0x0000babb load:0x0000babb
       48845000	     24322	80010e7e	0552aa23	sw	x21,84(x5)	  x5:0x80022da0 x21:0x94959697 PA:0x80022df4 store:0x94959697 load:0x94959697
       48873000	     24336	80010e82	0562ac23	sw	x22,88(x5)	  x5:0x80022da0 x22:0x00002627 PA:0x80022df8 store:0x00002627 load:0x00002627
       48941000	     24370	80010e86	0572ae23	sw	x23,92(x5)	  x5:0x80022da0 x23:0x00000063 PA:0x80022dfc store:0x00000063 load:0x00000063
       48949000	     24374	80010e8a	0782a023	sw	x24,96(x5)	  x5:0x80022da0 x24:0x0000005e PA:0x80022e00 store:0x0000005e load:0x0000005e
       48961000	     24380	80010e8e	0792a223	sw	x25,100(x5)	  x5:0x80022da0 x25:0x00005859 PA:0x80022e04 store:0x00005859 load:0x00005859
       48999000	     24399	80010e92	07a2a423	sw	x26,104(x5)	  x5:0x80022da0 x26:0x0000acac PA:0x80022e08 store:0x0000acac load:0x0000acac
       49041000	     24420	80010e96	07b2a623	sw	x27,108(x5)	  x5:0x80022da0 x27:0xffffff8c PA:0x80022e0c store:0xffffff8c load:0xffffff8c
       49049000	     24424	80010e9a	07c2a823	sw	x28,112(x5)	  x5:0x80022da0 x28:0xa4a5a6a7 PA:0x80022e10 store:0xa4a5a6a7 load:0xa4a5a6a7
       49069000	     24434	80010e9e	07d2aa23	sw	x29,116(x5)	  x5:0x80022da0 x29:0xffffffe0 PA:0x80022e14 store:0xffffffe0 load:0xffffffe0
       49125000	     24462	80010ea2	07e2ac23	sw	x30,120(x5)	  x5:0x80022da0 x30:0x18191a1b PA:0x80022e18 store:0x18191a1b load:0x18191a1b
       49151000	     24475	80010ea6	07f2ae23	sw	x31,124(x5)	  x5:0x80022da0 x31:0x00000036 PA:0x80022e1c store:0x00000036 load:0x00000036
       49153000	     24476	80010eaa	90000437	lui	x8,0x90000	  x8=0x90000000
       49165000	     24482	80010eae	ffc40413	addi	x8,x8,-4	  x8:0x90000000  x8=0x8ffffffc
       49167000	     24483	80010eb2	4b19	c.li	x22,6	 x22=0x00000006
       49201000	     24500	80010eb4	0b22	c.slli	x22,0x8	 x22:0x00000006 x22=0x00000600
       49243000	     24521	80010eb6	000b0b13	addi	x22,x22,0	 x22:0x00000600 x22=0x00000600
       49267000	     24533	80010eba	01642023	sw	x22,0(x8)	  x8:0x8ffffffc x22:0x00000600 PA:0x8ffffffc store:0x00000600 load:0x00000600
       49269000	     24534	80010ebe	34202b73	csrrs	x22,mcause,x0	  x0:0x00000000 x22=0x80000014
       49271000	     24535	80010ec2	01fb5b13	srli	x22,x22,0x1f	 x22:0x80000014 x22=0x00000001
       49275000	     24537	80010ec6	060b0c63	beq	x22,x0,80010f3e	 x22:0x00000001  x0:0x00000000  x0=0x00000000
       49277000	     24538	80010eca	90000437	lui	x8,0x90000	  x8=0x90000000
       49295000	     24547	80010ece	ffc40413	addi	x8,x8,-4	  x8:0x90000000  x8=0x8ffffffc
       49333000	     24566	80010ed2	30000b13	addi	x22,x0,768	  x0:0x00000000 x22=0x00000300
       49335000	     24567	80010ed6	0b22	c.slli	x22,0x8	 x22:0x00000300 x22=0x00030000
       49337000	     24568	80010ed8	0b0d	c.addi	x22,3	 x22:0x00030000 x22=0x00030003
       49353000	     24576	80010eda	01642023	sw	x22,0(x8)	  x8:0x8ffffffc x22:0x00030003 PA:0x8ffffffc store:0x00030003 load:0x00030003
       49359000	     24579	80010ede	30002b73	csrrs	x22,mstatus,x0	  x0:0x00000000 x22=0x00000080
       49407000	     24603	80010ee2	01642023	sw	x22,0(x8)	  x8:0x8ffffffc x22:0x00000080 PA:0x8ffffffc store:0x00000080 load:0x00000080
       49417000	     24608	80010ee6	90000437	lui	x8,0x90000	  x8=0x90000000
       49435000	     24617	80010eea	ffc40413	addi	x8,x8,-4	  x8:0x90000000  x8=0x8ffffffc
       49437000	     24618	80010eee	34200b13	addi	x22,x0,834	  x0:0x00000000 x22=0x00000342
       49439000	     24619	80010ef2	0b22	c.slli	x22,0x8	 x22:0x00000342 x22=0x00034200
       49459000	     24629	80010ef4	0b0d	c.addi	x22,3	 x22:0x00034200 x22=0x00034203
       49537000	     24668	80010ef6	01642023	sw	x22,0(x8)	  x8:0x8ffffffc x22:0x00034203 PA:0x8ffffffc store:0x00034203 load:0x00034203
       49539000	     24669	80010efa	34202b73	csrrs	x22,mcause,x0	  x0:0x00000000 x22=0x80000014
       49603000	     24701	80010efe	01642023	sw	x22,0(x8)	  x8:0x8ffffffc x22:0x80000014 PA:0x8ffffffc store:0x80000014 load:0x80000014
       49605000	     24702	80010f02	90000437	lui	x8,0x90000	  x8=0x90000000
       49607000	     24703	80010f06	ffc40413	addi	x8,x8,-4	  x8:0x90000000  x8=0x8ffffffc
       49637000	     24718	80010f0a	30400b13	addi	x22,x0,772	  x0:0x00000000 x22=0x00000304
       49639000	     24719	80010f0e	0b22	c.slli	x22,0x8	 x22:0x00000304 x22=0x00030400
       49651000	     24725	80010f10	0b0d	c.addi	x22,3	 x22:0x00030400 x22=0x00030403
       49709000	     24754	80010f12	01642023	sw	x22,0(x8)	  x8:0x8ffffffc x22:0x00030403 PA:0x8ffffffc store:0x00030403 load:0x00030403
       49711000	     24755	80010f16	30402b73	csrrs	x22,mie,x0	  x0:0x00000000 x22=0x40bf0808
       49749000	     24774	80010f1a	01642023	sw	x22,0(x8)	  x8:0x8ffffffc x22:0x40bf0808 PA:0x8ffffffc store:0x40bf0808 load:0x40bf0808
       49751000	     24775	80010f1e	90000437	lui	x8,0x90000	  x8=0x90000000
       49753000	     24776	80010f22	ffc40413	addi	x8,x8,-4	  x8:0x90000000  x8=0x8ffffffc
       49761000	     24780	80010f26	34400b13	addi	x22,x0,836	  x0:0x00000000 x22=0x00000344
       49763000	     24781	80010f2a	0b22	c.slli	x22,0x8	 x22:0x00000344 x22=0x00034400
       49775000	     24787	80010f2c	0b0d	c.addi	x22,3	 x22:0x00034400 x22=0x00034403
       49859000	     24829	80010f2e	01642023	sw	x22,0(x8)	  x8:0x8ffffffc x22:0x00034403 PA:0x8ffffffc store:0x00034403 load:0x00034403
       49861000	     24830	80010f32	34402b73	csrrs	x22,mip,x0	  x0:0x00000000 x22=0x00100X00
       49883000	     24841	80010f36	01642023	sw	x22,0(x8)	  x8:0x8ffffffc x22:0x00100X00 PA:0x8ffffffc store:0x00100X00 load:0x00100000
       49895000	     24847	80010f3a	0c60206f	jal	x0,80013000	  x0=0x00000000
       49917000	     24858	80013000	30002b73	csrrs	x22,mstatus,x0	  x0:0x00000000 x22=0x00000080
       49979000	     24889	80013004	30402b73	csrrs	x22,mie,x0	  x0:0x00000000 x22=0x40bf0808
       49989000	     24894	80013008	34402b73	csrrs	x22,mip,x0	  x0:0x00000000 x22=0x00100X00
       49991000	     24895	8001300c	344b3b73	csrrc	x22,mip,x22	 x22:0x00100X00 x22=0x00100X00
       50013000	     24906	80013010	90000437	lui	x8,0x90000	  x8=0x90000000
       50037000	     24918	80013014	ffc40413	addi	x8,x8,-4	  x8:0x90000000  x8=0x8ffffffc
       50041000	     24920	80013018	4b1d	c.li	x22,7	 x22=0x00000007
       50043000	     24921	8001301a	0b22	c.slli	x22,0x8	 x22:0x00000007 x22=0x00000700
       50045000	     24922	8001301c	000b0b13	addi	x22,x22,0	 x22:0x00000700 x22=0x00000700
       50061000	     24930	80013020	01642023	sw	x22,0(x8)	  x8:0x8ffffffc x22:0x00000700 PA:0x8ffffffc store:0x00000700 load:0x00000700
       50089000	     24944	80013024	0042a083	lw	x1,4(x5)	  x5:0x80022da0  x1=0x8000067e PA:0x80022da4 store:0x8000065c
       50123000	     24961	80013028	0082a103	lw	x2,8(x5)	  x5:0x80022da0  x2=0x80019dc1 PA:0x80022da8 store:0x8ffffffc
       50139000	     24969	8001302c	00c2a183	lw	x3,12(x5)	  x5:0x80022da0  x3=0x00000036 PA:0x80022dac store:0x00000000
       50155000	     24977	80013030	0102a203	lw	x4,16(x5)	  x5:0x80022da0  x4=0x8000065c PA:0x80022db0 store:0xffffff9f
       50175000	     24987	80013034	0142a283	lw	x5,20(x5)	  x5:0x80022da0  x5=0x80022da0 PA:0x80022db4 store:0x0000babb
       50189000	     24994	80013038	0182a303	lw	x6,24(x5)	  x5:0x80022da0  x6=0x00000000 PA:0x80022db8 store:0x0000005e
       50221000	     25010	8001303c	01c2a383	lw	x7,28(x5)	  x5:0x80022da0  x7=0x0000006e PA:0x80022dbc store:0xa4a5a6a7
       50257000	     25028	80013040	0202a403	lw	x8,32(x5)	  x5:0x80022da0  x8=0xffffffe5 PA:0x80022dc0 store:0x00000000
       50275000	     25037	80013044	0242a483	lw	x9,36(x5)	  x5:0x80022da0  x9=0x0000001c PA:0x80022dc4 store:0x8000065c
       50279000	     25039	80013048	0282a503	lw	x10,40(x5)	  x5:0x80022da0 x10=0xb4b5b6b7 PA:0x80022dc8 store:0xffffffe5
       50303000	     25051	8001304c	02c2a583	lw	x11,44(x5)	  x5:0x80022da0 x11=0x80015fcc PA:0x80022dcc store:0x00000000
       50367000	     25083	80013050	0302a603	lw	x12,48(x5)	  x5:0x80022da0 x12=0x00000000 PA:0x80022dd0 store:0xffffff9f
       50397000	     25098	80013054	0342a683	lw	x13,52(x5)	  x5:0x80022da0 x13=0xffffffd0 PA:0x80022dd4 store:0x0000babb
       50435000	     25117	80013058	0382a703	lw	x14,56(x5)	  x5:0x80022da0 x14=0x00000063 PA:0x80022dd8 store:0x0000005e
       50457000	     25128	8001305c	03c2a783	lw	x15,60(x5)	  x5:0x80022da0 x15=0x80000658 PA:0x80022ddc store:0xa4a5a6a7
       50461000	     25130	80013060	0402a803	lw	x16,64(x5)	  x5:0x80022da0 x16=0xffffff9f PA:0x80022de0 store:0x00000000
       50499000	     25149	80013064	0442a883	lw	x17,68(x5)	  x5:0x80022da0 x17=0xffffffe0 PA:0x80022de4 store:0x8000065c
       50509000	     25154	80013068	0482a903	lw	x18,72(x5)	  x5:0x80022da0 x18=0x8001c1dc PA:0x80022de8 store:0xffffffe5
       50555000	     25177	8001306c	04c2a983	lw	x19,76(x5)	  x5:0x80022da0 x19=0x80026e7c PA:0x80022dec store:0x00000000
       50569000	     25184	80013070	0502aa03	lw	x20,80(x5)	  x5:0x80022da0 x20=0x0000babb PA:0x80022df0 store:0xffffff9f
       50601000	     25200	80013074	0542aa83	lw	x21,84(x5)	  x5:0x80022da0 x21=0x94959697 PA:0x80022df4 store:0x0000babb
       50615000	     25207	80013078	0582ab03	lw	x22,88(x5)	  x5:0x80022da0 x22=0x00002627 PA:0x80022df8 store:0x0000005e
       50659000	     25229	8001307c	05c2ab83	lw	x23,92(x5)	  x5:0x80022da0 x23=0x00000063 PA:0x80022dfc store:0xa4a5a6a7
       50663000	     25231	80013080	0602ac03	lw	x24,96(x5)	  x5:0x80022da0 x24=0x0000005e PA:0x80022e00 store:0x00000000
       50697000	     25248	80013084	0642ac83	lw	x25,100(x5)	  x5:0x80022da0 x25=0x00005859 PA:0x80022e04 store:0x8000065c
       50707000	     25253	80013088	0682ad03	lw	x26,104(x5)	  x5:0x80022da0 x26=0x0000acac PA:0x80022e08 store:0xffffffe5
       50711000	     25255	8001308c	06c2ad83	lw	x27,108(x5)	  x5:0x80022da0 x27=0xffffff8c PA:0x80022e0c store:0x00000000
       50735000	     25267	80013090	0702ae03	lw	x28,112(x5)	  x5:0x80022da0 x28=0xa4a5a6a7 PA:0x80022e10 store:0xffffff9f
       50793000	     25296	80013094	0742ae83	lw	x29,116(x5)	  x5:0x80022da0 x29=0xffffffe0 PA:0x80022e14 store:0x0000babb
       50827000	     25313	80013098	0782af03	lw	x30,120(x5)	  x5:0x80022da0 x30=0x18191a1b PA:0x80022e18 store:0x0000005e
       50831000	     25315	8001309c	07c2af83	lw	x31,124(x5)	  x5:0x80022da0 x31=0x00000036 PA:0x80022e1c store:0xa4a5a6a7
       50833000	     25316	800130a0	07c28293	addi	x5,x5,124	  x5:0x80022da0  x5=0x80022e1c
       50835000	     25317	800130a4	30200073	mret	
       50937000	     25368	80000756	01b90f83	lb	x31,27(x18)	 x18:0x8001c1dc x31=0xfffffff4 PA:0x8001c1f7 store:0xffffff8c
       50947000	     25373	8000075a	ff1907a3	sb	x17,-17(x18)	 x18:0x8001c1dc x17:0xffffffe0 PA:0x8001c1cb store:0xffffffe0 load:0x000000e0
       50967000	     25383	8000075e	fff5ae23	sw	x31,-4(x11)	 x11:0x80015fcc x31:0xfffffff4 PA:0x80015fc8 store:0xfffffff4 load:0xfffffff4
       51003000	     25401	80000762	ceb129a3	sw	x11,-781(x2)	  x2:0x80019dc1 x11:0x80015fcc PA:0x80019ab4 store:0x80015fcc load:0x80015fcc
       51007000	     25403	80000766	ffc90523	sb	x28,-22(x18)	 x18:0x8001c1dc x28:0xa4a5a6a7 PA:0x8001c1c6 store:0xa4a5a6a7 load:0x000000a7
       51045000	     25422	8000076a	e7712b03	lw	x22,-393(x2)	  x2:0x80019dc1 x22=0x38393a3b PA:0x80019c38 store:0x00000063
       51101000	     25450	8000076e	fed5c783	lbu	x15,-19(x11)	 x11:0x80015fcc x15=0x000000ba PA:0x80015fb9 store:0xffffffd0
       51145000	     25472	80000772	02558c03	lb	x24,37(x11)	 x11:0x80015fcc x24=0xfffffff2 PA:0x80015ff1 store:0x80022e1c
       51175000	     25487	80000776	00695083	lhu	x1,6(x18)	 x18:0x8001c1dc  x1=0x0000e0e1 PA:0x8001c1e2 store:0x00000000
       51179000	     25489	8000077a	ff190403	lb	x8,-15(x18)	 x18:0x8001c1dc  x8=0xffffffce PA:0x8001c1cd store:0xffffffe0
       51191000	     25495	8000077e	ffb59523	sh	x27,-22(x11)	 x11:0x80015fcc x27:0xffffff8c PA:0x80015fb6 store:0xffffff8c load:0x0000ff8c
       51193000	     25496	80000782	00015b17	auipc	x22,0x15	 x22=0x80015782
       51209000	     25504	80000786	1bbb0b13	addi	x22,x22,443	 x22:0x80015782 x22=0x8001593d
       51211000	     25505	8000078a	0001bf97	auipc	x31,0x1b	 x31=0x8001b78a
       51213000	     25506	8000078e	c52f8f93	addi	x31,x31,-942	 x31:0x8001b78a x31=0x8001b3dc
       51267000	     25533	80000792	071b4e83	lbu	x29,113(x22)	 x22:0x8001593d x29=0x000000ad PA:0x800159ae store:0xffffffe0
       51285000	     25542	80000796	46cb2da3	sw	x12,1147(x22)	 x22:0x8001593d x12:0x00000000 PA:0x80015db8 store:0x00000000 load:0x00000000
       51295000	     25547	8000079a	01ff9423	sh	x31,8(x31)	 x31:0x8001b3dc x31:0x8001b3dc PA:0x8001b3e4 store:0x8001b3dc load:0x0000b3dc
       51349000	     25574	8000079e	c28b0503	lb	x10,-984(x22)	 x22:0x8001593d x10=0x00000066 PA:0x80015565 store:0xffffffce
       51353000	     25576	800007a2	017f9023	sh	x23,0(x31)	 x31:0x8001b3dc x23:0x00000063 PA:0x8001b3dc store:0x00000063 load:0x00000063
       51381000	     25590	800007a6	a55b5b83	lhu	x23,-1451(x22)	 x22:0x8001593d x23=0x00009091 PA:0x80015392 store:0x94959697
       51391000	     25595	800007aa	fd5f8a83	lb	x21,-43(x31)	 x31:0x8001b3dc x21=0xffffffb2 PA:0x8001b3b1 store:0x94959697
       51415000	     25607	800007ae	871b19a3	sh	x17,-1933(x22)	 x22:0x8001593d x17:0xffffffe0 PA:0x800151b0 store:0xffffffe0 load:0x0000ffe0
       51417000	     25608	800007b2	0001d217	auipc	x4,0x1d	  x4=0x8001d7b2
       51433000	     25616	800007b6	a4720213	addi	x4,x4,-1465	  x4:0x8001d7b2  x4=0x8001d1f9
       51485000	     25642	800007ba	fc0fa903	lw	x18,-64(x31)	 x31:0x8001b3dc x18=0x9c9d9e9f PA:0x8001b39c store:0x00000000
       51549000	     25674	800007be	002fd903	lhu	x18,2(x31)	 x31:0x8001b3dc x18=0x0000dcdd PA:0x8001b3de store:0x80019dc1
       51561000	     25680	800007c2	024fab83	lw	x23,36(x31)	 x31:0x8001b3dc x23=0x00010203 PA:0x8001b400 store:0x8001d1f9
       51589000	     25694	800007c6	1e4b13a3	sh	x4,487(x22)	 x22:0x8001593d  x4:0x8001d1f9 PA:0x80015b24 store:0x8001d1f9 load:0x0000d1f9
       51613000	     25706	800007ca	fd921aa3	sh	x25,-43(x4)	  x4:0x8001d1f9 x25:0x00005859 PA:0x8001d1ce store:0x00005859 load:0x00005859
       51627000	     25713	800007ce	016f9c03	lh	x24,22(x31)	 x31:0x8001b3dc x24=0xfffff0f1 PA:0x8001b3f2 store:0x8001593d
       51631000	     25715	800007d2	fe6f9423	sh	x6,-24(x31)	 x31:0x8001b3dc  x6:0x00000000 PA:0x8001b3c4 store:0x00000000 load:0x00000000
       51655000	     25727	800007d6	f7d20023	sb	x29,-160(x4)	  x4:0x8001d1f9 x29:0x000000ad PA:0x8001d159 store:0x000000ad load:0x000000ad
       51707000	     25753	800007da	fca24883	lbu	x17,-54(x4)	  x4:0x8001d1f9 x17=0x000000c0 PA:0x8001d1c3 store:0x00000066
       51715000	     25757	800007de	fedf8d23	sb	x13,-6(x31)	 x31:0x8001b3dc x13:0xffffffd0 PA:0x8001b3d6 store:0xffffffd0 load:0x000000d0
       51767000	     25783	800007e2	fd420c03	lb	x24,-44(x4)	  x4:0x8001d1f9 x24=0xffffffce PA:0x8001d1cd store:0x0000babb
       51795000	     25797	800007e6	9bab03a3	sb	x26,-1625(x22)	 x22:0x8001593d x26:0x0000acac PA:0x800152e4 store:0x0000acac load:0x000000ac
       51851000	     25825	800007ea	515b4a03	lbu	x20,1301(x22)	 x22:0x8001593d x20=0x00000051 PA:0x80015e52 store:0xffffffb2
       51897000	     25848	800007ee	f6925e83	lhu	x29,-151(x4)	  x4:0x8001d1f9 x29=0x00006061 PA:0x8001d162 store:0x0000001c
       51955000	     25877	800007f2	f1b214a3	sh	x27,-247(x4)	  x4:0x8001d1f9 x27:0xffffff8c PA:0x8001d102 store:0xffffff8c load:0x0000ff8c
       51959000	     25879	800007f6	ff020a03	lb	x20,-16(x4)	  x4:0x8001d1f9 x20=0xffffffea PA:0x8001d1e9 store:0xffffff9f
       51961000	     25880	800007fa	00015697	auipc	x13,0x15	 x13=0x800157fa
       51981000	     25890	800007fe	f8a68693	addi	x13,x13,-118	 x13:0x800157fa x13=0x80015784
       52029000	     25914	80000802	0016cb03	lbu	x22,1(x13)	 x13:0x80015784 x22=0x00000086 PA:0x80015785 store:0x0000e0e1
       52061000	     25930	80000806	ff06a203	lw	x4,-16(x13)	 x13:0x80015784  x4=0x74757677 PA:0x80015774 store:0xffffff9f
       52063000	     25931	8000080a	018d0eb3	add	x29,x26,x24	 x26:0x0000acac x24:0xffffffce x29=0x0000ac7a
       52077000	     25938	8000080e	fef68aa3	sb	x15,-11(x13)	 x13:0x80015784 x15:0x000000ba PA:0x80015779 store:0x000000ba load:0x000000ba
       52117000	     25958	80000812	0066cc03	lbu	x24,6(x13)	 x13:0x80015784 x24=0x00000089 PA:0x8001578a store:0x00000000
       52125000	     25962	80000816	ffb68803	lb	x16,-5(x13)	 x13:0x80015784 x16=0x0000007c PA:0x8001577f store:0xffffff8c
       52159000	     25979	8000081a	0096c483	lbu	x9,9(x13)	 x13:0x80015784  x9=0x0000008e PA:0x8001578d store:0x0000001c
       52179000	     25989	8000081e	001eafb3	slt	x31,x29,x1	 x29:0x0000ac7a  x1:0x0000e0e1 x31=0x00000001
       52181000	     25990	80000822	01339133	sll	x2,x7,x19	  x7:0x0000006e x19:0x80026e7c  x2=0xe0000000
       52243000	     26021	80000826	ffa6db03	lhu	x22,-6(x13)	 x13:0x80015784 x22=0x00007c7d PA:0x8001577e store:0x0000acac
       52245000	     26022	8000082a	717d	c.addi16sp	x2,-16	  x2:0xe0000000  x2=0xdffffff0
       52269000	     26034	8000082c	0066da03	lhu	x20,6(x13)	 x13:0x80015784 x20=0x00008889 PA:0x8001578a store:0x00000000
       52281000	     26040	80000830	00568d83	lb	x27,5(x13)	 x13:0x80015784 x27=0xffffff8a PA:0x80015789 store:0x80022e1c
       52355000	     26077	80000834	02994ab3	div	x21,x18,x9	 x18:0x0000dcdd  x9:0x0000008e x21=0x0000018e
       52383000	     26091	80000838	0076a623	sw	x7,12(x13)	 x13:0x80015784  x7:0x0000006e PA:0x80015790 store:0x0000006e load:0x0000006e
       52385000	     26092	8000083c	8979	c.andi	x10,30	 x10:0x00000066 x10=0x00000006
       52409000	     26104	8000083e	ff66c883	lbu	x17,-10(x13)	 x13:0x80015784 x17=0x00000079 PA:0x8001577a store:0x00007c7d
       52443000	     26121	80000842	fe8689a3	sb	x8,-13(x13)	 x13:0x80015784  x8:0xffffffce PA:0x80015777 store:0xffffffce load:0x000000ce
       52507000	     26153	80000846	007687a3	sb	x7,15(x13)	 x13:0x80015784  x7:0x0000006e PA:0x80015793 store:0x0000006e load:0x0000006e
       52531000	     26165	8000084a	ff56c383	lbu	x7,-11(x13)	 x13:0x80015784  x7=0x000000ba PA:0x80015779 store:0x0000018e
       52533000	     26166	8000084e	e748cc13	xori	x24,x17,-396	 x17:0x00000079 x24=0xfffffe0d
       52561000	     26180	80000852	315d7f13	andi	x30,x26,789	 x26:0x0000acac x30=0x00000004
       52601000	     26200	80000856	ffe6db83	lhu	x23,-2(x13)	 x13:0x80015784 x23=0x00008081 PA:0x80015782 store:0x00000004
       52619000	     26209	8000085a	42c0	c.lw	x8,4(x13)	 x13:0x80015784  x8=0x88898a8b PA:0x80015788 store:0x74757677
       52621000	     26210	8000085c	557d	c.li	x10,-1	 x10=0xffffffff
       52645000	     26222	8000085e	ff16cc83	lbu	x25,-15(x13)	 x13:0x80015784 x25=0x00000076 PA:0x80015775 store:0x00000079
       52669000	     26234	80000862	00e69183	lh	x3,14(x13)	 x13:0x80015784  x3=0x00006e00 PA:0x80015792 store:0x00000063
       52675000	     26237	80000866	fed68ba3	sb	x13,-9(x13)	 x13:0x80015784 x13:0x80015784 PA:0x8001577b store:0x80015784 load:0x00000084
       52743000	     26271	8001204c	cc7fe06f	jal	x0,80010d12	  x0=0x00000000
       52773000	     26286	80010d12	f8428293	addi	x5,x5,-124	  x5:0x80022e1c  x5=0x80022da0
       52827000	     26313	80010d16	0012a223	sw	x1,4(x5)	  x5:0x80022da0  x1:0x0000e0e1 PA:0x80022da4 store:0x0000e0e1 load:0x0000e0e1
       52869000	     26334	80010d1a	0022a423	sw	x2,8(x5)	  x5:0x80022da0  x2:0xdffffff0 PA:0x80022da8 store:0xdffffff0 load:0xdffffff0
       52873000	     26336	80010d1e	0032a623	sw	x3,12(x5)	  x5:0x80022da0  x3:0x00006e00 PA:0x80022dac store:0x00006e00 load:0x00006e00
       52925000	     26362	80010d22	0042a823	sw	x4,16(x5)	  x5:0x80022da0  x4:0x74757677 PA:0x80022db0 store:0x74757677 load:0x74757677
       52987000	     26393	80010d26	0052aa23	sw	x5,20(x5)	  x5:0x80022da0  x5:0x80022da0 PA:0x80022db4 store:0x80022da0 load:0x80022da0
       53023000	     26411	80010d2a	0062ac23	sw	x6,24(x5)	  x5:0x80022da0  x6:0x00000000 PA:0x80022db8 store:0x00000000 load:0x00000000
       53077000	     26438	80010d2e	0072ae23	sw	x7,28(x5)	  x5:0x80022da0  x7:0x000000ba PA:0x80022dbc store:0x000000ba load:0x000000ba
       53085000	     26442	80010d32	0282a023	sw	x8,32(x5)	  x5:0x80022da0  x8:0x88898a8b PA:0x80022dc0 store:0x88898a8b load:0x88898a8b
       53133000	     26466	80010d36	0292a223	sw	x9,36(x5)	  x5:0x80022da0  x9:0x0000008e PA:0x80022dc4 store:0x0000008e load:0x0000008e
       53189000	     26494	80010d3a	02a2a423	sw	x10,40(x5)	  x5:0x80022da0 x10:0xffffffff PA:0x80022dc8 store:0xffffffff load:0xffffffff
       53225000	     26512	80010d3e	02b2a623	sw	x11,44(x5)	  x5:0x80022da0 x11:0x80015fcc PA:0x80022dcc store:0x80015fcc load:0x80015fcc
       53241000	     26520	80010d42	02c2a823	sw	x12,48(x5)	  x5:0x80022da0 x12:0x00000000 PA:0x80022dd0 store:0x00000000 load:0x00000000
       53259000	     26529	80010d46	02d2aa23	sw	x13,52(x5)	  x5:0x80022da0 x13:0x80015784 PA:0x80022dd4 store:0x80015784 load:0x80015784
       53269000	     26534	80010d4a	02e2ac23	sw	x14,56(x5)	  x5:0x80022da0 x14:0x00000063 PA:0x80022dd8 store:0x00000063 load:0x00000063
       53303000	     26551	80010d4e	02f2ae23	sw	x15,60(x5)	  x5:0x80022da0 x15:0x000000ba PA:0x80022ddc store:0x000000ba load:0x000000ba
       53345000	     26572	80010d52	0502a023	sw	x16,64(x5)	  x5:0x80022da0 x16:0x0000007c PA:0x80022de0 store:0x0000007c load:0x0000007c
       53385000	     26592	80010d56	0512a223	sw	x17,68(x5)	  x5:0x80022da0 x17:0x00000079 PA:0x80022de4 store:0x00000079 load:0x00000079
       53409000	     26604	80010d5a	0522a423	sw	x18,72(x5)	  x5:0x80022da0 x18:0x0000dcdd PA:0x80022de8 store:0x0000dcdd load:0x0000dcdd
       53439000	     26619	80010d5e	0532a623	sw	x19,76(x5)	  x5:0x80022da0 x19:0x80026e7c PA:0x80022dec store:0x80026e7c load:0x80026e7c
       53443000	     26621	80010d62	0542a823	sw	x20,80(x5)	  x5:0x80022da0 x20:0x00008889 PA:0x80022df0 store:0x00008889 load:0x00008889
       53541000	     26670	80010d66	0552aa23	sw	x21,84(x5)	  x5:0x80022da0 x21:0x0000018e PA:0x80022df4 store:0x0000018e load:0x0000018e
       53565000	     26682	80010d6a	0562ac23	sw	x22,88(x5)	  x5:0x80022da0 x22:0x00007c7d PA:0x80022df8 store:0x00007c7d load:0x00007c7d
       53609000	     26704	80010d6e	0572ae23	sw	x23,92(x5)	  x5:0x80022da0 x23:0x00008081 PA:0x80022dfc store:0x00008081 load:0x00008081
       53643000	     26721	80010d72	0782a023	sw	x24,96(x5)	  x5:0x80022da0 x24:0xfffffe0d PA:0x80022e00 store:0xfffffe0d load:0xfffffe0d
       53669000	     26734	80010d76	0792a223	sw	x25,100(x5)	  x5:0x80022da0 x25:0x00000076 PA:0x80022e04 store:0x00000076 load:0x00000076
       53701000	     26750	80010d7a	07a2a423	sw	x26,104(x5)	  x5:0x80022da0 x26:0x0000acac PA:0x80022e08 store:0x0000acac load:0x0000acac
       53725000	     26762	80010d7e	07b2a623	sw	x27,108(x5)	  x5:0x80022da0 x27:0xffffff8a PA:0x80022e0c store:0xffffff8a load:0xffffff8a
       53769000	     26784	80010d82	07c2a823	sw	x28,112(x5)	  x5:0x80022da0 x28:0xa4a5a6a7 PA:0x80022e10 store:0xa4a5a6a7 load:0xa4a5a6a7
       53787000	     26793	80010d86	07d2aa23	sw	x29,116(x5)	  x5:0x80022da0 x29:0x0000ac7a PA:0x80022e14 store:0x0000ac7a load:0x0000ac7a
       53811000	     26805	80010d8a	07e2ac23	sw	x30,120(x5)	  x5:0x80022da0 x30:0x00000004 PA:0x80022e18 store:0x00000004 load:0x00000004
       53855000	     26827	80010d8e	07f2ae23	sw	x31,124(x5)	  x5:0x80022da0 x31:0x00000001 PA:0x80022e1c store:0x00000001 load:0x00000001
       53857000	     26828	80010d92	90000437	lui	x8,0x90000	  x8=0x90000000
       53865000	     26832	80010d96	ffc40413	addi	x8,x8,-4	  x8:0x90000000  x8=0x8ffffffc
       53867000	     26833	80010d9a	4b19	c.li	x22,6	 x22=0x00000006
       53879000	     26839	80010d9c	0b22	c.slli	x22,0x8	 x22:0x00000006 x22=0x00000600
       53903000	     26851	80010d9e	000b0b13	addi	x22,x22,0	 x22:0x00000600 x22=0x00000600
       53933000	     26866	80010da2	01642023	sw	x22,0(x8)	  x8:0x8ffffffc x22:0x00000600 PA:0x8ffffffc store:0x00000600 load:0x00000600
       53935000	     26867	80010da6	34202b73	csrrs	x22,mcause,x0	  x0:0x00000000 x22=0x80000013
       53947000	     26873	80010daa	01fb5b13	srli	x22,x22,0x1f	 x22:0x80000013 x22=0x00000001
       53953000	     26876	80010dae	060b0c63	beq	x22,x0,80010e26	 x22:0x00000001  x0:0x00000000  x0=0x00000000
       53967000	     26883	80010db2	90000437	lui	x8,0x90000	  x8=0x90000000
       53985000	     26892	80010db6	ffc40413	addi	x8,x8,-4	  x8:0x90000000  x8=0x8ffffffc
       53997000	     26898	80010dba	30000b13	addi	x22,x0,768	  x0:0x00000000 x22=0x00000300
       53999000	     26899	80010dbe	0b22	c.slli	x22,0x8	 x22:0x00000300 x22=0x00030000
       54043000	     26921	80010dc0	0b0d	c.addi	x22,3	 x22:0x00030000 x22=0x00030003
       54047000	     26923	80010dc2	01642023	sw	x22,0(x8)	  x8:0x8ffffffc x22:0x00030003 PA:0x8ffffffc store:0x00030003 load:0x00030003
       54055000	     26927	80010dc6	30002b73	csrrs	x22,mstatus,x0	  x0:0x00000000 x22=0x00000080
       54091000	     26945	80010dca	01642023	sw	x22,0(x8)	  x8:0x8ffffffc x22:0x00000080 PA:0x8ffffffc store:0x00000080 load:0x00000080
       54093000	     26946	80010dce	90000437	lui	x8,0x90000	  x8=0x90000000
       54095000	     26947	80010dd2	ffc40413	addi	x8,x8,-4	  x8:0x90000000  x8=0x8ffffffc
       54105000	     26952	80010dd6	34200b13	addi	x22,x0,834	  x0:0x00000000 x22=0x00000342
       54107000	     26953	80010dda	0b22	c.slli	x22,0x8	 x22:0x00000342 x22=0x00034200
       54119000	     26959	80010ddc	0b0d	c.addi	x22,3	 x22:0x00034200 x22=0x00034203
       54161000	     26980	80010dde	01642023	sw	x22,0(x8)	  x8:0x8ffffffc x22:0x00034203 PA:0x8ffffffc store:0x00034203 load:0x00034203
       54163000	     26981	80010de2	34202b73	csrrs	x22,mcause,x0	  x0:0x00000000 x22=0x80000013
       54187000	     26993	80010de6	01642023	sw	x22,0(x8)	  x8:0x8ffffffc x22:0x80000013 PA:0x8ffffffc store:0x80000013 load:0x80000013
       54189000	     26994	80010dea	90000437	lui	x8,0x90000	  x8=0x90000000
       54191000	     26995	80010dee	ffc40413	addi	x8,x8,-4	  x8:0x90000000  x8=0x8ffffffc
       54193000	     26996	80010df2	30400b13	addi	x22,x0,772	  x0:0x00000000 x22=0x00000304
       54195000	     26997	80010df6	0b22	c.slli	x22,0x8	 x22:0x00000304 x22=0x00030400
       54201000	     27000	80010df8	0b0d	c.addi	x22,3	 x22:0x00030400 x22=0x00030403
       54205000	     27002	80010dfa	01642023	sw	x22,0(x8)	  x8:0x8ffffffc x22:0x00030403 PA:0x8ffffffc store:0x00030403 load:0x00030403
       54207000	     27003	80010dfe	30402b73	csrrs	x22,mie,x0	  x0:0x00000000 x22=0x40bf0808
       54245000	     27022	80010e02	01642023	sw	x22,0(x8)	  x8:0x8ffffffc x22:0x40bf0808 PA:0x8ffffffc store:0x40bf0808 load:0x40bf0808
       54247000	     27023	80010e06	90000437	lui	x8,0x90000	  x8=0x90000000
       54249000	     27024	80010e0a	ffc40413	addi	x8,x8,-4	  x8:0x90000000  x8=0x8ffffffc
       54305000	     27052	80010e0e	34400b13	addi	x22,x0,836	  x0:0x00000000 x22=0x00000344
       54307000	     27053	80010e12	0b22	c.slli	x22,0x8	 x22:0x00000344 x22=0x00034400
       54317000	     27058	80010e14	0b0d	c.addi	x22,3	 x22:0x00034400 x22=0x00034403
       54381000	     27090	80010e16	01642023	sw	x22,0(x8)	  x8:0x8ffffffc x22:0x00034403 PA:0x8ffffffc store:0x00034403 load:0x00034403
       54393000	     27096	80010e1a	34402b73	csrrs	x22,mip,x0	  x0:0x00000000 x22=0x00080X00
       54421000	     27110	80010e1e	01642023	sw	x22,0(x8)	  x8:0x8ffffffc x22:0x00080X00 PA:0x8ffffffc store:0x00080X00 load:0x00080000
       54431000	     27115	80010e22	1de0206f	jal	x0,80013000	  x0=0x00000000
       54493000	     27146	80013000	30002b73	csrrs	x22,mstatus,x0	  x0:0x00000000 x22=0x00000080
       54495000	     27147	80013004	30402b73	csrrs	x22,mie,x0	  x0:0x00000000 x22=0x40bf0808
       54497000	     27148	80013008	34402b73	csrrs	x22,mip,x0	  x0:0x00000000 x22=0x00080X00
       54517000	     27158	8001300c	344b3b73	csrrc	x22,mip,x22	 x22:0x00080X00 x22=0x00080X00
       54519000	     27159	80013010	90000437	lui	x8,0x90000	  x8=0x90000000
       54525000	     27162	80013014	ffc40413	addi	x8,x8,-4	  x8:0x90000000  x8=0x8ffffffc
       54559000	     27179	80013018	4b1d	c.li	x22,7	 x22=0x00000007
       54561000	     27180	8001301a	0b22	c.slli	x22,0x8	 x22:0x00000007 x22=0x00000700
       54569000	     27184	8001301c	000b0b13	addi	x22,x22,0	 x22:0x00000700 x22=0x00000700
       54585000	     27192	80013020	01642023	sw	x22,0(x8)	  x8:0x8ffffffc x22:0x00000700 PA:0x8ffffffc store:0x00000700 load:0x00000700
       54649000	     27224	80013024	0042a083	lw	x1,4(x5)	  x5:0x80022da0  x1=0x0000e0e1 PA:0x80022da4 store:0x74757677
       54675000	     27237	80013028	0082a103	lw	x2,8(x5)	  x5:0x80022da0  x2=0xdffffff0 PA:0x80022da8 store:0x8ffffffc
       54681000	     27240	8001302c	00c2a183	lw	x3,12(x5)	  x5:0x80022da0  x3=0x00006e00 PA:0x80022dac store:0x00000000
       54743000	     27271	80013030	0102a203	lw	x4,16(x5)	  x5:0x80022da0  x4=0x74757677 PA:0x80022db0 store:0x0000007c
       54767000	     27283	80013034	0142a283	lw	x5,20(x5)	  x5:0x80022da0  x5=0x80022da0 PA:0x80022db4 store:0x00008889
       54785000	     27292	80013038	0182a303	lw	x6,24(x5)	  x5:0x80022da0  x6=0x00000000 PA:0x80022db8 store:0xfffffe0d
       54797000	     27298	8001303c	01c2a383	lw	x7,28(x5)	  x5:0x80022da0  x7=0x000000ba PA:0x80022dbc store:0xa4a5a6a7
       54821000	     27310	80013040	0202a403	lw	x8,32(x5)	  x5:0x80022da0  x8=0x88898a8b PA:0x80022dc0 store:0x00000000
       54825000	     27312	80013044	0242a483	lw	x9,36(x5)	  x5:0x80022da0  x9=0x0000008e PA:0x80022dc4 store:0x74757677
       54829000	     27314	80013048	0282a503	lw	x10,40(x5)	  x5:0x80022da0 x10=0xffffffff PA:0x80022dc8 store:0x88898a8b
       54861000	     27330	8001304c	02c2a583	lw	x11,44(x5)	  x5:0x80022da0 x11=0x80015fcc PA:0x80022dcc store:0x00000000
       54887000	     27343	80013050	0302a603	lw	x12,48(x5)	  x5:0x80022da0 x12=0x00000000 PA:0x80022dd0 store:0x0000007c
       54911000	     27355	80013054	0342a683	lw	x13,52(x5)	  x5:0x80022da0 x13=0x80015784 PA:0x80022dd4 store:0x00008889
       54927000	     27363	80013058	0382a703	lw	x14,56(x5)	  x5:0x80022da0 x14=0x00000063 PA:0x80022dd8 store:0xfffffe0d
       54947000	     27373	8001305c	03c2a783	lw	x15,60(x5)	  x5:0x80022da0 x15=0x000000ba PA:0x80022ddc store:0xa4a5a6a7
       54971000	     27385	80013060	0402a803	lw	x16,64(x5)	  x5:0x80022da0 x16=0x0000007c PA:0x80022de0 store:0x00000000
       54975000	     27387	80013064	0442a883	lw	x17,68(x5)	  x5:0x80022da0 x17=0x00000079 PA:0x80022de4 store:0x74757677
       55001000	     27400	80013068	0482a903	lw	x18,72(x5)	  x5:0x80022da0 x18=0x0000dcdd PA:0x80022de8 store:0x88898a8b
       55017000	     27408	8001306c	04c2a983	lw	x19,76(x5)	  x5:0x80022da0 x19=0x80026e7c PA:0x80022dec store:0x00000000
       55055000	     27427	80013070	0502aa03	lw	x20,80(x5)	  x5:0x80022da0 x20=0x00008889 PA:0x80022df0 store:0x0000007c
       55083000	     27441	80013074	0542aa83	lw	x21,84(x5)	  x5:0x80022da0 x21=0x0000018e PA:0x80022df4 store:0x00008889
       55087000	     27443	80013078	0582ab03	lw	x22,88(x5)	  x5:0x80022da0 x22=0x00007c7d PA:0x80022df8 store:0xfffffe0d
       55125000	     27462	8001307c	05c2ab83	lw	x23,92(x5)	  x5:0x80022da0 x23=0x00008081 PA:0x80022dfc store:0xa4a5a6a7
       55143000	     27471	80013080	0602ac03	lw	x24,96(x5)	  x5:0x80022da0 x24=0xfffffe0d PA:0x80022e00 store:0x00000000
       55167000	     27483	80013084	0642ac83	lw	x25,100(x5)	  x5:0x80022da0 x25=0x00000076 PA:0x80022e04 store:0x74757677
       55191000	     27495	80013088	0682ad03	lw	x26,104(x5)	  x5:0x80022da0 x26=0x0000acac PA:0x80022e08 store:0x88898a8b
       55197000	     27498	8001308c	06c2ad83	lw	x27,108(x5)	  x5:0x80022da0 x27=0xffffff8a PA:0x80022e0c store:0x00000000
       55229000	     27514	80013090	0702ae03	lw	x28,112(x5)	  x5:0x80022da0 x28=0xa4a5a6a7 PA:0x80022e10 store:0x0000007c
       55267000	     27533	80013094	0742ae83	lw	x29,116(x5)	  x5:0x80022da0 x29=0x0000ac7a PA:0x80022e14 store:0x00008889
       55331000	     27565	80013098	0782af03	lw	x30,120(x5)	  x5:0x80022da0 x30=0x00000004 PA:0x80022e18 store:0xfffffe0d
       55359000	     27579	8001309c	07c2af83	lw	x31,124(x5)	  x5:0x80022da0 x31=0x00000001 PA:0x80022e1c store:0xa4a5a6a7
       55361000	     27580	800130a0	07c28293	addi	x5,x5,124	  x5:0x80022da0  x5=0x80022e1c
       55363000	     27581	800130a4	30200073	mret	
       55407000	     27603	8000086a	00a6d203	lhu	x4,10(x13)	 x13:0x80015784  x4=0x00008c8d PA:0x8001578e store:0xffffffff
       55409000	     27604	8000086e	19312493	slti	x9,x2,403	  x2:0xdffffff0  x9=0x00000001
       55415000	     27607	80000872	f2e3fa13	andi	x20,x7,-210	  x7:0x000000ba x20=0x0000002a
       55451000	     27625	80000876	ff46aa23	sw	x20,-12(x13)	 x13:0x80015784 x20:0x0000002a PA:0x80015778 store:0x0000002a load:0x0000002a
       55457000	     27628	8000087a	ff66dc83	lhu	x25,-10(x13)	 x13:0x80015784 x25=0x00000000 PA:0x8001577a store:0x00007c7d
       55501000	     27650	8000087e	ff168603	lb	x12,-15(x13)	 x13:0x80015784 x12=0x00000076 PA:0x80015775 store:0x00000079
       55503000	     27651	80000882	577d	c.li	x14,-1	 x14=0xffffffff
       55547000	     27673	80000884	007683a3	sb	x7,7(x13)	 x13:0x80015784  x7:0x000000ba PA:0x8001578b store:0x000000ba load:0x000000ba
       55553000	     27676	80000888	ff368603	lb	x12,-13(x13)	 x13:0x80015784 x12=0xffffffce PA:0x80015777 store:0x80026e7c
       55555000	     27677	8000088c	08ba	c.slli	x17,0xe	 x17:0x00000079 x17=0x001e4000
       55563000	     27681	8000088e	eaf5e893	ori	x17,x11,-337	 x11:0x80015fcc x17=0xffffffef
       55617000	     27708	80000892	0066dd83	lhu	x27,6(x13)	 x13:0x80015784 x27=0x0000ba89 PA:0x8001578a store:0x00000000
       55625000	     27712	80000896	00f6c483	lbu	x9,15(x13)	 x13:0x80015784  x9=0x0000006e PA:0x80015793 store:0x000000ba
       55627000	     27713	8000089a	00015b17	auipc	x22,0x15	 x22=0x8001589a
       55647000	     27723	8000089e	cd2b0b13	addi	x22,x22,-814	 x22:0x8001589a x22=0x8001556c
       55675000	     27737	800008a2	fffb0603	lb	x12,-1(x22)	 x22:0x8001556c x12=0x00000068 PA:0x8001556b store:0x00000001
       55677000	     27738	800008a6	00015417	auipc	x8,0x15	  x8=0x800158a6
       55679000	     27739	800008aa	a1540413	addi	x8,x8,-1515	  x8:0x800158a6  x8=0x800152bb
       55711000	     27755	800008ae	fe2b5e83	lhu	x29,-30(x22)	 x22:0x8001556c x29=0x00004c4d PA:0x8001554e store:0xdffffff0
       55725000	     27762	800008b2	03fb0c03	lb	x24,63(x22)	 x22:0x8001556c x24=0xffffffa8 PA:0x800155ab store:0x00000001
       55757000	     27778	800008b6	03740583	lb	x11,55(x8)	  x8:0x800152bb x11=0xfffffff1 PA:0x800152f2 store:0x00008081
       55791000	     27795	800008ba	0ea44503	lbu	x10,234(x8)	  x8:0x800152bb x10=0x000000a6 PA:0x800153a5 store:0xffffffff
       55809000	     27804	800008be	01cb4a83	lbu	x21,28(x22)	 x22:0x8001556c x21=0x0000008b PA:0x80015588 store:0xa4a5a6a7
       55821000	     27810	800008c2	07c417a3	sh	x28,111(x8)	  x8:0x800152bb x28:0xa4a5a6a7 PA:0x8001532a store:0xa4a5a6a7 load:0x0000a6a7
       55845000	     27822	800008c6	fc8b0ea3	sb	x8,-35(x22)	 x22:0x8001556c  x8:0x800152bb PA:0x80015549 store:0x800152bb load:0x000000bb
       55889000	     27844	800008ca	01b41ca3	sh	x27,25(x8)	  x8:0x800152bb x27:0x0000ba89 PA:0x800152d4 store:0x0000ba89 load:0x0000ba89
       55917000	     27858	800008ce	01cb1d83	lh	x27,28(x22)	 x22:0x8001556c x27=0xffff8a8b PA:0x80015588 store:0xa4a5a6a7
       55945000	     27872	800008d2	fc2b0c83	lb	x25,-62(x22)	 x22:0x8001556c x25=0x0000002d PA:0x8001552e store:0xdffffff0
       56009000	     27904	800008d6	ffab5703	lhu	x14,-6(x22)	 x22:0x8001556c x14=0x00006465 PA:0x80015566 store:0x0000acac
       56019000	     27909	800008da	03e409a3	sb	x30,51(x8)	  x8:0x800152bb x30:0x00000004 PA:0x800152ee store:0x00000004 load:0x00000004
       56035000	     27917	800008de	0001b517	auipc	x10,0x1b	 x10=0x8001b8de
       56075000	     27937	800008e2	79350513	addi	x10,x10,1939	 x10:0x8001b8de x10=0x8001c071
       56081000	     27940	800008e6	031f0b33	mul	x22,x30,x17	 x30:0x00000004 x17:0xffffffef x22=0xffffffbc
       56133000	     27966	800008ea	01d50e23	sb	x29,28(x10)	 x10:0x8001c071 x29:0x00004c4d PA:0x8001c08d store:0x00004c4d load:0x0000004d
       56145000	     27972	800008ee	fc151f83	lh	x31,-63(x10)	 x10:0x8001c071 x31=0x00003031 PA:0x8001c032 store:0x0000e0e1
       56147000	     27973	800008f2	117ff713	andi	x14,x31,279	 x31:0x00003031 x14=0x00000011
       56173000	     27986	800008f6	00752f83	lw	x31,7(x10)	 x10:0x8001c071 x31=0x78797a7b PA:0x8001c078 store:0x000000ba
       56175000	     27987	800008fa	40afdb13	srai	x22,x31,0xa	 x31:0x78797a7b x22=0x001e1e5e
       56177000	     27988	800008fe	019edb13	srli	x22,x29,0x19	 x29:0x00004c4d x22=0x00000000
       56201000	     28000	80000902	010b5713	srli	x14,x22,0x10	 x22:0x00000000 x14=0x00000000
       56203000	     28001	80000906	875a	c.mv	x14,x22	  x0:0x00000000 x22:0x00000000 x14=0x00000000
       56225000	     28012	80000908	01150e83	lb	x29,17(x10)	 x10:0x8001c071 x29=0x00000073 PA:0x8001c082 store:0xffffffef
       56265000	     28032	8000090c	fee504a3	sb	x14,-23(x10)	 x10:0x8001c071 x14:0x00000000 PA:0x8001c05a store:0x00000000 load:0x00000000
       56267000	     28033	80000910	0f3a	c.slli	x30,0xe	 x30:0x00000004 x30=0x00010000
       56313000	     28056	80000912	fca50b03	lb	x22,-54(x10)	 x10:0x8001c071 x22=0x00000038 PA:0x8001c03b store:0x8001c071
       56327000	     28063	80000916	01854f03	lbu	x30,24(x10)	 x10:0x8001c071 x30=0x0000008a PA:0x8001c089 store:0xffffffa8
       56329000	     28064	8000091a	0b6e	c.slli	x22,0x1b	 x22:0x00000038 x22=0xc0000000
       56345000	     28072	8000091c	fef54e83	lbu	x29,-17(x10)	 x10:0x8001c071 x29=0x00000063 PA:0x8001c060 store:0x000000ba
       56399000	     28099	80012040	98bfe06f	jal	x0,800109ca	  x0=0x00000000
       56441000	     28120	800109ca	f8428293	addi	x5,x5,-124	  x5:0x80022e1c  x5=0x80022da0
       56485000	     28142	800109ce	0012a223	sw	x1,4(x5)	  x5:0x80022da0  x1:0x0000e0e1 PA:0x80022da4 store:0x0000e0e1 load:0x0000e0e1
       56497000	     28148	800109d2	0022a423	sw	x2,8(x5)	  x5:0x80022da0  x2:0xdffffff0 PA:0x80022da8 store:0xdffffff0 load:0xdffffff0
       56541000	     28170	800109d6	0032a623	sw	x3,12(x5)	  x5:0x80022da0  x3:0x00006e00 PA:0x80022dac store:0x00006e00 load:0x00006e00
       56565000	     28182	800109da	0042a823	sw	x4,16(x5)	  x5:0x80022da0  x4:0x00008c8d PA:0x80022db0 store:0x00008c8d load:0x00008c8d
       56569000	     28184	800109de	0052aa23	sw	x5,20(x5)	  x5:0x80022da0  x5:0x80022da0 PA:0x80022db4 store:0x80022da0 load:0x80022da0
       56587000	     28193	800109e2	0062ac23	sw	x6,24(x5)	  x5:0x80022da0  x6:0x00000000 PA:0x80022db8 store:0x00000000 load:0x00000000
       56669000	     28234	800109e6	0072ae23	sw	x7,28(x5)	  x5:0x80022da0  x7:0x000000ba PA:0x80022dbc store:0x000000ba load:0x000000ba
       56683000	     28241	800109ea	0282a023	sw	x8,32(x5)	  x5:0x80022da0  x8:0x800152bb PA:0x80022dc0 store:0x800152bb load:0x800152bb
       56707000	     28253	800109ee	0292a223	sw	x9,36(x5)	  x5:0x80022da0  x9:0x0000006e PA:0x80022dc4 store:0x0000006e load:0x0000006e
       56735000	     28267	800109f2	02a2a423	sw	x10,40(x5)	  x5:0x80022da0 x10:0x8001c071 PA:0x80022dc8 store:0x8001c071 load:0x8001c071
       56783000	     28291	800109f6	02b2a623	sw	x11,44(x5)	  x5:0x80022da0 x11:0xfffffff1 PA:0x80022dcc store:0xfffffff1 load:0xfffffff1
       56807000	     28303	800109fa	02c2a823	sw	x12,48(x5)	  x5:0x80022da0 x12:0x00000068 PA:0x80022dd0 store:0x00000068 load:0x00000068
       56869000	     28334	800109fe	02d2aa23	sw	x13,52(x5)	  x5:0x80022da0 x13:0x80015784 PA:0x80022dd4 store:0x80015784 load:0x80015784
       56879000	     28339	80010a02	02e2ac23	sw	x14,56(x5)	  x5:0x80022da0 x14:0x00000000 PA:0x80022dd8 store:0x00000000 load:0x00000000
       56921000	     28360	80010a06	02f2ae23	sw	x15,60(x5)	  x5:0x80022da0 x15:0x000000ba PA:0x80022ddc store:0x000000ba load:0x000000ba
       56925000	     28362	80010a0a	0502a023	sw	x16,64(x5)	  x5:0x80022da0 x16:0x0000007c PA:0x80022de0 store:0x0000007c load:0x0000007c
       56935000	     28367	80010a0e	0512a223	sw	x17,68(x5)	  x5:0x80022da0 x17:0xffffffef PA:0x80022de4 store:0xffffffef load:0xffffffef
       56959000	     28379	80010a12	0522a423	sw	x18,72(x5)	  x5:0x80022da0 x18:0x0000dcdd PA:0x80022de8 store:0x0000dcdd load:0x0000dcdd
       57021000	     28410	80010a16	0532a623	sw	x19,76(x5)	  x5:0x80022da0 x19:0x80026e7c PA:0x80022dec store:0x80026e7c load:0x80026e7c
       57069000	     28434	80010a1a	0542a823	sw	x20,80(x5)	  x5:0x80022da0 x20:0x0000002a PA:0x80022df0 store:0x0000002a load:0x0000002a
       57093000	     28446	80010a1e	0552aa23	sw	x21,84(x5)	  x5:0x80022da0 x21:0x0000008b PA:0x80022df4 store:0x0000008b load:0x0000008b
       57109000	     28454	80010a22	0562ac23	sw	x22,88(x5)	  x5:0x80022da0 x22:0xc0000000 PA:0x80022df8 store:0xc0000000 load:0xc0000000
       57147000	     28473	80010a26	0572ae23	sw	x23,92(x5)	  x5:0x80022da0 x23:0x00008081 PA:0x80022dfc store:0x00008081 load:0x00008081
       57171000	     28485	80010a2a	0782a023	sw	x24,96(x5)	  x5:0x80022da0 x24:0xffffffa8 PA:0x80022e00 store:0xffffffa8 load:0xffffffa8
       57181000	     28490	80010a2e	0792a223	sw	x25,100(x5)	  x5:0x80022da0 x25:0x0000002d PA:0x80022e04 store:0x0000002d load:0x0000002d
       57225000	     28512	80010a32	07a2a423	sw	x26,104(x5)	  x5:0x80022da0 x26:0x0000acac PA:0x80022e08 store:0x0000acac load:0x0000acac
       57261000	     28530	80010a36	07b2a623	sw	x27,108(x5)	  x5:0x80022da0 x27:0xffff8a8b PA:0x80022e0c store:0xffff8a8b load:0xffff8a8b
       57265000	     28532	80010a3a	07c2a823	sw	x28,112(x5)	  x5:0x80022da0 x28:0xa4a5a6a7 PA:0x80022e10 store:0xa4a5a6a7 load:0xa4a5a6a7
       57291000	     28545	80010a3e	07d2aa23	sw	x29,116(x5)	  x5:0x80022da0 x29:0x00000063 PA:0x80022e14 store:0x00000063 load:0x00000063
       57357000	     28578	80010a42	07e2ac23	sw	x30,120(x5)	  x5:0x80022da0 x30:0x0000008a PA:0x80022e18 store:0x0000008a load:0x0000008a
       57385000	     28592	80010a46	07f2ae23	sw	x31,124(x5)	  x5:0x80022da0 x31:0x78797a7b PA:0x80022e1c store:0x78797a7b load:0x78797a7b
       57387000	     28593	80010a4a	90000437	lui	x8,0x90000	  x8=0x90000000
       57419000	     28609	80010a4e	ffc40413	addi	x8,x8,-4	  x8:0x90000000  x8=0x8ffffffc
       57421000	     28610	80010a52	4b19	c.li	x22,6	 x22=0x00000006
       57423000	     28611	80010a54	0b22	c.slli	x22,0x8	 x22:0x00000006 x22=0x00000600
       57443000	     28621	80010a56	000b0b13	addi	x22,x22,0	 x22:0x00000600 x22=0x00000600
       57491000	     28645	80010a5a	01642023	sw	x22,0(x8)	  x8:0x8ffffffc x22:0x00000600 PA:0x8ffffffc store:0x00000600 load:0x00000600
       57493000	     28646	80010a5e	34202b73	csrrs	x22,mcause,x0	  x0:0x00000000 x22=0x80000010
       57497000	     28648	80010a62	01fb5b13	srli	x22,x22,0x1f	 x22:0x80000010 x22=0x00000001
       57545000	     28672	80010a66	060b0c63	beq	x22,x0,80010ade	 x22:0x00000001  x0:0x00000000  x0=0x00000000
       57547000	     28673	80010a6a	90000437	lui	x8,0x90000	  x8=0x90000000
       57569000	     28684	80010a6e	ffc40413	addi	x8,x8,-4	  x8:0x90000000  x8=0x8ffffffc
       57581000	     28690	80010a72	30000b13	addi	x22,x0,768	  x0:0x00000000 x22=0x00000300
       57583000	     28691	80010a76	0b22	c.slli	x22,0x8	 x22:0x00000300 x22=0x00030000
       57593000	     28696	80010a78	0b0d	c.addi	x22,3	 x22:0x00030000 x22=0x00030003
       57713000	     28756	80010a7a	01642023	sw	x22,0(x8)	  x8:0x8ffffffc x22:0x00030003 PA:0x8ffffffc store:0x00030003 load:0x00030003
       57715000	     28757	80010a7e	30002b73	csrrs	x22,mstatus,x0	  x0:0x00000000 x22=0x00000080
       57739000	     28769	80010a82	01642023	sw	x22,0(x8)	  x8:0x8ffffffc x22:0x00000080 PA:0x8ffffffc store:0x00000080 load:0x00000080
       57741000	     28770	80010a86	90000437	lui	x8,0x90000	  x8=0x90000000
       57757000	     28778	80010a8a	ffc40413	addi	x8,x8,-4	  x8:0x90000000  x8=0x8ffffffc
       57773000	     28786	80010a8e	34200b13	addi	x22,x0,834	  x0:0x00000000 x22=0x00000342
       57775000	     28787	80010a92	0b22	c.slli	x22,0x8	 x22:0x00000342 x22=0x00034200
       57787000	     28793	80010a94	0b0d	c.addi	x22,3	 x22:0x00034200 x22=0x00034203
       57811000	     28805	80010a96	01642023	sw	x22,0(x8)	  x8:0x8ffffffc x22:0x00034203 PA:0x8ffffffc store:0x00034203 load:0x00034203
       57839000	     28819	80010a9a	34202b73	csrrs	x22,mcause,x0	  x0:0x00000000 x22=0x80000010
       57871000	     28835	80010a9e	01642023	sw	x22,0(x8)	  x8:0x8ffffffc x22:0x80000010 PA:0x8ffffffc store:0x80000010 load:0x80000010
       57873000	     28836	80010aa2	90000437	lui	x8,0x90000	  x8=0x90000000
       57875000	     28837	80010aa6	ffc40413	addi	x8,x8,-4	  x8:0x90000000  x8=0x8ffffffc
       57897000	     28848	80010aaa	30400b13	addi	x22,x0,772	  x0:0x00000000 x22=0x00000304
       57899000	     28849	80010aae	0b22	c.slli	x22,0x8	 x22:0x00000304 x22=0x00030400
       57917000	     28858	80010ab0	0b0d	c.addi	x22,3	 x22:0x00030400 x22=0x00030403
       57935000	     28867	80010ab2	01642023	sw	x22,0(x8)	  x8:0x8ffffffc x22:0x00030403 PA:0x8ffffffc store:0x00030403 load:0x00030403
       57955000	     28877	80010ab6	30402b73	csrrs	x22,mie,x0	  x0:0x00000000 x22=0x40bf0808
       57975000	     28887	80010aba	01642023	sw	x22,0(x8)	  x8:0x8ffffffc x22:0x40bf0808 PA:0x8ffffffc store:0x40bf0808 load:0x40bf0808
       57977000	     28888	80010abe	90000437	lui	x8,0x90000	  x8=0x90000000
       57987000	     28893	80010ac2	ffc40413	addi	x8,x8,-4	  x8:0x90000000  x8=0x8ffffffc
       58009000	     28904	80010ac6	34400b13	addi	x22,x0,836	  x0:0x00000000 x22=0x00000344
       58011000	     28905	80010aca	0b22	c.slli	x22,0x8	 x22:0x00000344 x22=0x00034400
       58019000	     28909	80010acc	0b0d	c.addi	x22,3	 x22:0x00034400 x22=0x00034403
       58077000	     28938	80010ace	01642023	sw	x22,0(x8)	  x8:0x8ffffffc x22:0x00034403 PA:0x8ffffffc store:0x00034403 load:0x00034403
       58079000	     28939	80010ad2	34402b73	csrrs	x22,mip,x0	  x0:0x00000000 x22=0x00010X00
       58101000	     28950	80010ad6	01642023	sw	x22,0(x8)	  x8:0x8ffffffc x22:0x00010X00 PA:0x8ffffffc store:0x00010X00 load:0x00010000
       58105000	     28952	80010ada	5260206f	jal	x0,80013000	  x0=0x00000000
       58139000	     28969	80013000	30002b73	csrrs	x22,mstatus,x0	  x0:0x00000000 x22=0x00000080
       58169000	     28984	80013004	30402b73	csrrs	x22,mie,x0	  x0:0x00000000 x22=0x40bf0808
       58171000	     28985	80013008	34402b73	csrrs	x22,mip,x0	  x0:0x00000000 x22=0x00010X00
       58173000	     28986	8001300c	344b3b73	csrrc	x22,mip,x22	 x22:0x00010X00 x22=0x00010X00
       58187000	     28993	80013010	90000437	lui	x8,0x90000	  x8=0x90000000
       58191000	     28995	80013014	ffc40413	addi	x8,x8,-4	  x8:0x90000000  x8=0x8ffffffc
       58199000	     28999	80013018	4b1d	c.li	x22,7	 x22=0x00000007
       58201000	     29000	8001301a	0b22	c.slli	x22,0x8	 x22:0x00000007 x22=0x00000700
       58205000	     29002	8001301c	000b0b13	addi	x22,x22,0	 x22:0x00000700 x22=0x00000700
       58269000	     29034	80013020	01642023	sw	x22,0(x8)	  x8:0x8ffffffc x22:0x00000700 PA:0x8ffffffc store:0x00000700 load:0x00000700
       58333000	     29066	80013024	0042a083	lw	x1,4(x5)	  x5:0x80022da0  x1=0x0000e0e1 PA:0x80022da4 store:0x00008c8d
       58337000	     29068	80013028	0082a103	lw	x2,8(x5)	  x5:0x80022da0  x2=0xdffffff0 PA:0x80022da8 store:0x8ffffffc
       58343000	     29071	8001302c	00c2a183	lw	x3,12(x5)	  x5:0x80022da0  x3=0x00006e00 PA:0x80022dac store:0x00000068
       58379000	     29089	80013030	0102a203	lw	x4,16(x5)	  x5:0x80022da0  x4=0x00008c8d PA:0x80022db0 store:0x0000007c
       58385000	     29092	80013034	0142a283	lw	x5,20(x5)	  x5:0x80022da0  x5=0x80022da0 PA:0x80022db4 store:0x0000002a
       58429000	     29114	80013038	0182a303	lw	x6,24(x5)	  x5:0x80022da0  x6=0x00000000 PA:0x80022db8 store:0xffffffa8
       58489000	     29144	8001303c	01c2a383	lw	x7,28(x5)	  x5:0x80022da0  x7=0x000000ba PA:0x80022dbc store:0xa4a5a6a7
       58493000	     29146	80013040	0202a403	lw	x8,32(x5)	  x5:0x80022da0  x8=0x800152bb PA:0x80022dc0 store:0x00000000
       58535000	     29167	80013044	0242a483	lw	x9,36(x5)	  x5:0x80022da0  x9=0x0000006e PA:0x80022dc4 store:0x00008c8d
       58559000	     29179	80013048	0282a503	lw	x10,40(x5)	  x5:0x80022da0 x10=0x8001c071 PA:0x80022dc8 store:0x800152bb
       58589000	     29194	8001304c	02c2a583	lw	x11,44(x5)	  x5:0x80022da0 x11=0xfffffff1 PA:0x80022dcc store:0x00000068
       58611000	     29205	80013050	0302a603	lw	x12,48(x5)	  x5:0x80022da0 x12=0x00000068 PA:0x80022dd0 store:0x0000007c
       58635000	     29217	80013054	0342a683	lw	x13,52(x5)	  x5:0x80022da0 x13=0x80015784 PA:0x80022dd4 store:0x0000002a
       58659000	     29229	80013058	0382a703	lw	x14,56(x5)	  x5:0x80022da0 x14=0x00000000 PA:0x80022dd8 store:0xffffffa8
       58709000	     29254	8001305c	03c2a783	lw	x15,60(x5)	  x5:0x80022da0 x15=0x000000ba PA:0x80022ddc store:0xa4a5a6a7
       58713000	     29256	80013060	0402a803	lw	x16,64(x5)	  x5:0x80022da0 x16=0x0000007c PA:0x80022de0 store:0x00000000
       58719000	     29259	80013064	0442a883	lw	x17,68(x5)	  x5:0x80022da0 x17=0xffffffef PA:0x80022de4 store:0x00008c8d
       58763000	     29281	80013068	0482a903	lw	x18,72(x5)	  x5:0x80022da0 x18=0x0000dcdd PA:0x80022de8 store:0x800152bb
       58769000	     29284	8001306c	04c2a983	lw	x19,76(x5)	  x5:0x80022da0 x19=0x80026e7c PA:0x80022dec store:0x00000068
       58773000	     29286	80013070	0502aa03	lw	x20,80(x5)	  x5:0x80022da0 x20=0x0000002a PA:0x80022df0 store:0x0000007c
       58821000	     29310	80013074	0542aa83	lw	x21,84(x5)	  x5:0x80022da0 x21=0x0000008b PA:0x80022df4 store:0x0000002a
       58829000	     29314	80013078	0582ab03	lw	x22,88(x5)	  x5:0x80022da0 x22=0xc0000000 PA:0x80022df8 store:0xffffffa8
       58833000	     29316	8001307c	05c2ab83	lw	x23,92(x5)	  x5:0x80022da0 x23=0x00008081 PA:0x80022dfc store:0xa4a5a6a7
       58885000	     29342	80013080	0602ac03	lw	x24,96(x5)	  x5:0x80022da0 x24=0xffffffa8 PA:0x80022e00 store:0x00000000
       58897000	     29348	80013084	0642ac83	lw	x25,100(x5)	  x5:0x80022da0 x25=0x0000002d PA:0x80022e04 store:0x00008c8d
       58923000	     29361	80013088	0682ad03	lw	x26,104(x5)	  x5:0x80022da0 x26=0x0000acac PA:0x80022e08 store:0x800152bb
       58941000	     29370	8001308c	06c2ad83	lw	x27,108(x5)	  x5:0x80022da0 x27=0xffff8a8b PA:0x80022e0c store:0x00000068
       58963000	     29381	80013090	0702ae03	lw	x28,112(x5)	  x5:0x80022da0 x28=0xa4a5a6a7 PA:0x80022e10 store:0x0000007c
       59007000	     29403	80013094	0742ae83	lw	x29,116(x5)	  x5:0x80022da0 x29=0x00000063 PA:0x80022e14 store:0x0000002a
       59031000	     29415	80013098	0782af03	lw	x30,120(x5)	  x5:0x80022da0 x30=0x0000008a PA:0x80022e18 store:0xffffffa8
       59075000	     29437	8001309c	07c2af83	lw	x31,124(x5)	  x5:0x80022da0 x31=0x78797a7b PA:0x80022e1c store:0xa4a5a6a7
       59077000	     29438	800130a0	07c28293	addi	x5,x5,124	  x5:0x80022da0  x5=0x80022e1c
       59079000	     29439	800130a4	30200073	mret	
       59123000	     29461	80000920	03e50323	sb	x30,38(x10)	 x10:0x8001c071 x30:0x0000008a PA:0x8001c097 store:0x0000008a load:0x0000008a
       59129000	     29464	80000924	03fe8eb3	mul	x29,x29,x31	 x29:0x00000063 x31:0x78797a7b x29=0x96fa5d91
       59177000	     29488	80000928	fff527a3	sw	x31,-17(x10)	 x10:0x8001c071 x31:0x78797a7b PA:0x8001c060 store:0x78797a7b load:0x78797a7b
       59179000	     29489	8000092c	8efe	c.mv	x29,x31	  x0:0x00000000 x31:0x78797a7b x29=0x78797a7b
       59215000	     29507	8000092e	02650f03	lb	x30,38(x10)	 x10:0x8001c071 x30=0xffffff8a PA:0x8001c097 store:0x00000000
       59217000	     29508	80000932	0ff0000f	fence	iorwiorwiorw,iorwiorwiorwiorw	
       59247000	     29523	80000936	03689f33	mulh	x30,x17,x22	 x17:0xffffffef x22:0xc0000000 x30=0x00000004
       59249000	     29524	8000093a	01eb6f33	or	x30,x22,x30	 x22:0xc0000000 x30:0x00000004 x30=0xc0000004
       59251000	     29525	8000093e	e43b2b13	slti	x22,x22,-445	 x22:0xc0000000 x22=0x00000001
       59277000	     29538	80000942	00f54b03	lbu	x22,15(x10)	 x10:0x8001c071 x22=0x00000083 PA:0x8001c080 store:0x000000ba
       59317000	     29558	80000946	ff250b03	lb	x22,-14(x10)	 x10:0x8001c071 x22=0x00000078 PA:0x8001c063 store:0x0000dcdd
       59381000	     29590	8000094a	fc554f03	lbu	x30,-59(x10)	 x10:0x8001c071 x30=0x00000035 PA:0x8001c036 store:0x80022e1c
       59385000	     29592	8000094e	01550f03	lb	x30,21(x10)	 x10:0x8001c071 x30=0xffffff85 PA:0x8001c086 store:0x0000008b
       59387000	     29593	80000952	877d	c.srai	x14,0x1f	 x14:0x00000000 x14=0x00000000
       59417000	     29608	80000954	02150e83	lb	x29,33(x10)	 x10:0x8001c071 x29=0xffffff91 PA:0x8001c092 store:0x0000e0e1
       59421000	     29610	80000958	fdc54f03	lbu	x30,-36(x10)	 x10:0x8001c071 x30=0x0000004e PA:0x8001c04d store:0xa4a5a6a7
       59469000	     29634	8000095c	41ef5f33	sra	x30,x30,x30	 x30:0x0000004e x30:0x0000004e x30=0x00000000
       59493000	     29646	80000960	fd054e83	lbu	x29,-48(x10)	 x10:0x8001c071 x29=0x00000042 PA:0x8001c041 store:0x0000007c
       59529000	     29664	80000964	ff600713	addi	x14,x0,-10	  x0:0x00000000 x14=0xfffffff6
       59531000	     29665	80000968	fec00793	addi	x15,x0,-20	  x0:0x00000000 x15=0xffffffec
       59625000	     29712	8000096c	02f36cb3	rem	x25,x6,x15	  x6:0x00000000 x15:0xffffffec x25=0x00000000
       59627000	     29713	80000970	1759	c.addi	x14,-10	 x14:0xfffffff6 x14=0xffffffec
       59629000	     29714	80000972	ffb00f13	addi	x30,x0,-5	  x0:0x00000000 x30=0xfffffffb
       59631000	     29715	80000976	00b00d93	addi	x27,x0,11	  x0:0x00000000 x27=0x0000000b
       59633000	     29716	8000097a	93d2	c.add	x7,x20	  x7:0x000000ba x20:0x0000002a  x7=0x000000e4
       59643000	     29721	8000097c	0f15	c.addi	x30,5	 x30:0xfffffffb x30=0x00000000
       59683000	     29741	8000097e	ffbf6ee3	bltu	x30,x27,8000097a	 x30:0x00000000 x27:0x0000000b  x0=0x00000000
       59717000	     29758	8000097a	93d2	c.add	x7,x20	  x7:0x000000e4 x20:0x0000002a  x7=0x0000010e
       59757000	     29778	8000097c	0f15	c.addi	x30,5	 x30:0x00000000 x30=0x00000005
       59761000	     29780	8000097e	ffbf6ee3	bltu	x30,x27,8000097a	 x30:0x00000005 x27:0x0000000b  x0=0x00000000
       59851000	     29825	8001204c	cc7fe06f	jal	x0,80010d12	  x0=0x00000000
       59883000	     29841	80010d12	f8428293	addi	x5,x5,-124	  x5:0x80022e1c  x5=0x80022da0
       59887000	     29843	80010d16	0012a223	sw	x1,4(x5)	  x5:0x80022da0  x1:0x0000e0e1 PA:0x80022da4 store:0x0000e0e1 load:0x0000e0e1
       59905000	     29852	80010d1a	0022a423	sw	x2,8(x5)	  x5:0x80022da0  x2:0xdffffff0 PA:0x80022da8 store:0xdffffff0 load:0xdffffff0
       59967000	     29883	80010d1e	0032a623	sw	x3,12(x5)	  x5:0x80022da0  x3:0x00006e00 PA:0x80022dac store:0x00006e00 load:0x00006e00
       59987000	     29893	80010d22	0042a823	sw	x4,16(x5)	  x5:0x80022da0  x4:0x00008c8d PA:0x80022db0 store:0x00008c8d load:0x00008c8d
       60021000	     29910	80010d26	0052aa23	sw	x5,20(x5)	  x5:0x80022da0  x5:0x80022da0 PA:0x80022db4 store:0x80022da0 load:0x80022da0
       60043000	     29921	80010d2a	0062ac23	sw	x6,24(x5)	  x5:0x80022da0  x6:0x00000000 PA:0x80022db8 store:0x00000000 load:0x00000000
       60067000	     29933	80010d2e	0072ae23	sw	x7,28(x5)	  x5:0x80022da0  x7:0x0000010e PA:0x80022dbc store:0x0000010e load:0x0000010e
       60081000	     29940	80010d32	0282a023	sw	x8,32(x5)	  x5:0x80022da0  x8:0x800152bb PA:0x80022dc0 store:0x800152bb load:0x800152bb
       60087000	     29943	80010d36	0292a223	sw	x9,36(x5)	  x5:0x80022da0  x9:0x0000006e PA:0x80022dc4 store:0x0000006e load:0x0000006e
       60105000	     29952	80010d3a	02a2a423	sw	x10,40(x5)	  x5:0x80022da0 x10:0x8001c071 PA:0x80022dc8 store:0x8001c071 load:0x8001c071
       60119000	     29959	80010d3e	02b2a623	sw	x11,44(x5)	  x5:0x80022da0 x11:0xfffffff1 PA:0x80022dcc store:0xfffffff1 load:0xfffffff1
       60173000	     29986	80010d42	02c2a823	sw	x12,48(x5)	  x5:0x80022da0 x12:0x00000068 PA:0x80022dd0 store:0x00000068 load:0x00000068
       60205000	     30002	80010d46	02d2aa23	sw	x13,52(x5)	  x5:0x80022da0 x13:0x80015784 PA:0x80022dd4 store:0x80015784 load:0x80015784
       60233000	     30016	80010d4a	02e2ac23	sw	x14,56(x5)	  x5:0x80022da0 x14:0xffffffec PA:0x80022dd8 store:0xffffffec load:0xffffffec
       60273000	     30036	80010d4e	02f2ae23	sw	x15,60(x5)	  x5:0x80022da0 x15:0xffffffec PA:0x80022ddc store:0xffffffec load:0xffffffec
       60299000	     30049	80010d52	0502a023	sw	x16,64(x5)	  x5:0x80022da0 x16:0x0000007c PA:0x80022de0 store:0x0000007c load:0x0000007c
       60303000	     30051	80010d56	0512a223	sw	x17,68(x5)	  x5:0x80022da0 x17:0xffffffef PA:0x80022de4 store:0xffffffef load:0xffffffef
       60321000	     30060	80010d5a	0522a423	sw	x18,72(x5)	  x5:0x80022da0 x18:0x0000dcdd PA:0x80022de8 store:0x0000dcdd load:0x0000dcdd
       60347000	     30073	80010d5e	0532a623	sw	x19,76(x5)	  x5:0x80022da0 x19:0x80026e7c PA:0x80022dec store:0x80026e7c load:0x80026e7c
       60375000	     30087	80010d62	0542a823	sw	x20,80(x5)	  x5:0x80022da0 x20:0x0000002a PA:0x80022df0 store:0x0000002a load:0x0000002a
       60381000	     30090	80010d66	0552aa23	sw	x21,84(x5)	  x5:0x80022da0 x21:0x0000008b PA:0x80022df4 store:0x0000008b load:0x0000008b
       60385000	     30092	80010d6a	0562ac23	sw	x22,88(x5)	  x5:0x80022da0 x22:0x00000078 PA:0x80022df8 store:0x00000078 load:0x00000078
       60403000	     30101	80010d6e	0572ae23	sw	x23,92(x5)	  x5:0x80022da0 x23:0x00008081 PA:0x80022dfc store:0x00008081 load:0x00008081
       60479000	     30139	80010d72	0782a023	sw	x24,96(x5)	  x5:0x80022da0 x24:0xffffffa8 PA:0x80022e00 store:0xffffffa8 load:0xffffffa8
       60483000	     30141	80010d76	0792a223	sw	x25,100(x5)	  x5:0x80022da0 x25:0x00000000 PA:0x80022e04 store:0x00000000 load:0x00000000
       60507000	     30153	80010d7a	07a2a423	sw	x26,104(x5)	  x5:0x80022da0 x26:0x0000acac PA:0x80022e08 store:0x0000acac load:0x0000acac
       60547000	     30173	80010d7e	07b2a623	sw	x27,108(x5)	  x5:0x80022da0 x27:0x0000000b PA:0x80022e0c store:0x0000000b load:0x0000000b
       60585000	     30192	80010d82	07c2a823	sw	x28,112(x5)	  x5:0x80022da0 x28:0xa4a5a6a7 PA:0x80022e10 store:0xa4a5a6a7 load:0xa4a5a6a7
       60609000	     30204	80010d86	07d2aa23	sw	x29,116(x5)	  x5:0x80022da0 x29:0x00000042 PA:0x80022e14 store:0x00000042 load:0x00000042
       60639000	     30219	80010d8a	07e2ac23	sw	x30,120(x5)	  x5:0x80022da0 x30:0x00000005 PA:0x80022e18 store:0x00000005 load:0x00000005
       60643000	     30221	80010d8e	07f2ae23	sw	x31,124(x5)	  x5:0x80022da0 x31:0x78797a7b PA:0x80022e1c store:0x78797a7b load:0x78797a7b
       60645000	     30222	80010d92	90000437	lui	x8,0x90000	  x8=0x90000000
       60687000	     30243	80010d96	ffc40413	addi	x8,x8,-4	  x8:0x90000000  x8=0x8ffffffc
       60689000	     30244	80010d9a	4b19	c.li	x22,6	 x22=0x00000006
       60691000	     30245	80010d9c	0b22	c.slli	x22,0x8	 x22:0x00000006 x22=0x00000600
       60723000	     30261	80010d9e	000b0b13	addi	x22,x22,0	 x22:0x00000600 x22=0x00000600
       60761000	     30280	80010da2	01642023	sw	x22,0(x8)	  x8:0x8ffffffc x22:0x00000600 PA:0x8ffffffc store:0x00000600 load:0x00000600
       60763000	     30281	80010da6	34202b73	csrrs	x22,mcause,x0	  x0:0x00000000 x22=0x80000013
       60775000	     30287	80010daa	01fb5b13	srli	x22,x22,0x1f	 x22:0x80000013 x22=0x00000001
       60785000	     30292	80010dae	060b0c63	beq	x22,x0,80010e26	 x22:0x00000001  x0:0x00000000  x0=0x00000000
       60787000	     30293	80010db2	90000437	lui	x8,0x90000	  x8=0x90000000
       60837000	     30318	80010db6	ffc40413	addi	x8,x8,-4	  x8:0x90000000  x8=0x8ffffffc
       60839000	     30319	80010dba	30000b13	addi	x22,x0,768	  x0:0x00000000 x22=0x00000300
       60841000	     30320	80010dbe	0b22	c.slli	x22,0x8	 x22:0x00000300 x22=0x00030000
       60843000	     30321	80010dc0	0b0d	c.addi	x22,3	 x22:0x00030000 x22=0x00030003
       60853000	     30326	80010dc2	01642023	sw	x22,0(x8)	  x8:0x8ffffffc x22:0x00030003 PA:0x8ffffffc store:0x00030003 load:0x00030003
       60869000	     30334	80010dc6	30002b73	csrrs	x22,mstatus,x0	  x0:0x00000000 x22=0x00000080
       60897000	     30348	80010dca	01642023	sw	x22,0(x8)	  x8:0x8ffffffc x22:0x00000080 PA:0x8ffffffc store:0x00000080 load:0x00000080
       60899000	     30349	80010dce	90000437	lui	x8,0x90000	  x8=0x90000000
       60901000	     30350	80010dd2	ffc40413	addi	x8,x8,-4	  x8:0x90000000  x8=0x8ffffffc
       60929000	     30364	80010dd6	34200b13	addi	x22,x0,834	  x0:0x00000000 x22=0x00000342
       60931000	     30365	80010dda	0b22	c.slli	x22,0x8	 x22:0x00000342 x22=0x00034200
       60947000	     30373	80010ddc	0b0d	c.addi	x22,3	 x22:0x00034200 x22=0x00034203
       60959000	     30379	80010dde	01642023	sw	x22,0(x8)	  x8:0x8ffffffc x22:0x00034203 PA:0x8ffffffc store:0x00034203 load:0x00034203
       60971000	     30385	80010de2	34202b73	csrrs	x22,mcause,x0	  x0:0x00000000 x22=0x80000013
       60989000	     30394	80010de6	01642023	sw	x22,0(x8)	  x8:0x8ffffffc x22:0x80000013 PA:0x8ffffffc store:0x80000013 load:0x80000013
       60991000	     30395	80010dea	90000437	lui	x8,0x90000	  x8=0x90000000
       60993000	     30396	80010dee	ffc40413	addi	x8,x8,-4	  x8:0x90000000  x8=0x8ffffffc
       60997000	     30398	80010df2	30400b13	addi	x22,x0,772	  x0:0x00000000 x22=0x00000304
       60999000	     30399	80010df6	0b22	c.slli	x22,0x8	 x22:0x00000304 x22=0x00030400
       61001000	     30400	80010df8	0b0d	c.addi	x22,3	 x22:0x00030400 x22=0x00030403
       61039000	     30419	80010dfa	01642023	sw	x22,0(x8)	  x8:0x8ffffffc x22:0x00030403 PA:0x8ffffffc store:0x00030403 load:0x00030403
       61063000	     30431	80010dfe	30402b73	csrrs	x22,mie,x0	  x0:0x00000000 x22=0x40bf0808
       61117000	     30458	80010e02	01642023	sw	x22,0(x8)	  x8:0x8ffffffc x22:0x40bf0808 PA:0x8ffffffc store:0x40bf0808 load:0x40bf0808
       61119000	     30459	80010e06	90000437	lui	x8,0x90000	  x8=0x90000000
       61121000	     30460	80010e0a	ffc40413	addi	x8,x8,-4	  x8:0x90000000  x8=0x8ffffffc
       61163000	     30481	80010e0e	34400b13	addi	x22,x0,836	  x0:0x00000000 x22=0x00000344
       61165000	     30482	80010e12	0b22	c.slli	x22,0x8	 x22:0x00000344 x22=0x00034400
       61177000	     30488	80010e14	0b0d	c.addi	x22,3	 x22:0x00034400 x22=0x00034403
       61221000	     30510	80010e16	01642023	sw	x22,0(x8)	  x8:0x8ffffffc x22:0x00034403 PA:0x8ffffffc store:0x00034403 load:0x00034403
       61223000	     30511	80010e1a	34402b73	csrrs	x22,mip,x0	  x0:0x00000000 x22=0x00080X00
       61231000	     30515	80010e1e	01642023	sw	x22,0(x8)	  x8:0x8ffffffc x22:0x00080X00 PA:0x8ffffffc store:0x00080X00 load:0x00080000
       61251000	     30525	80010e22	1de0206f	jal	x0,80013000	  x0=0x00000000
       61305000	     30552	80013000	30002b73	csrrs	x22,mstatus,x0	  x0:0x00000000 x22=0x00000080
       61307000	     30553	80013004	30402b73	csrrs	x22,mie,x0	  x0:0x00000000 x22=0x40bf0808
       61337000	     30568	80013008	34402b73	csrrs	x22,mip,x0	  x0:0x00000000 x22=0x00080X00
       61339000	     30569	8001300c	344b3b73	csrrc	x22,mip,x22	 x22:0x00080X00 x22=0x00080X00
       61341000	     30570	80013010	90000437	lui	x8,0x90000	  x8=0x90000000
       61363000	     30581	80013014	ffc40413	addi	x8,x8,-4	  x8:0x90000000  x8=0x8ffffffc
       61365000	     30582	80013018	4b1d	c.li	x22,7	 x22=0x00000007
       61367000	     30583	8001301a	0b22	c.slli	x22,0x8	 x22:0x00000007 x22=0x00000700
       61369000	     30584	8001301c	000b0b13	addi	x22,x22,0	 x22:0x00000700 x22=0x00000700
       61433000	     30616	80013020	01642023	sw	x22,0(x8)	  x8:0x8ffffffc x22:0x00000700 PA:0x8ffffffc store:0x00000700 load:0x00000700
       61457000	     30628	80013024	0042a083	lw	x1,4(x5)	  x5:0x80022da0  x1=0x0000e0e1 PA:0x80022da4 store:0x00008c8d
       61463000	     30631	80013028	0082a103	lw	x2,8(x5)	  x5:0x80022da0  x2=0xdffffff0 PA:0x80022da8 store:0x8ffffffc
       61487000	     30643	8001302c	00c2a183	lw	x3,12(x5)	  x5:0x80022da0  x3=0x00006e00 PA:0x80022dac store:0x00000068
       61505000	     30652	80013030	0102a203	lw	x4,16(x5)	  x5:0x80022da0  x4=0x00008c8d PA:0x80022db0 store:0x0000007c
       61515000	     30657	80013034	0142a283	lw	x5,20(x5)	  x5:0x80022da0  x5=0x80022da0 PA:0x80022db4 store:0x0000002a
       61561000	     30680	80013038	0182a303	lw	x6,24(x5)	  x5:0x80022da0  x6=0x00000000 PA:0x80022db8 store:0xffffffa8
       61585000	     30692	8001303c	01c2a383	lw	x7,28(x5)	  x5:0x80022da0  x7=0x0000010e PA:0x80022dbc store:0xa4a5a6a7
       61615000	     30707	80013040	0202a403	lw	x8,32(x5)	  x5:0x80022da0  x8=0x800152bb PA:0x80022dc0 store:0x00000000
       61639000	     30719	80013044	0242a483	lw	x9,36(x5)	  x5:0x80022da0  x9=0x0000006e PA:0x80022dc4 store:0x00008c8d
       61673000	     30736	80013048	0282a503	lw	x10,40(x5)	  x5:0x80022da0 x10=0x8001c071 PA:0x80022dc8 store:0x800152bb
       61677000	     30738	8001304c	02c2a583	lw	x11,44(x5)	  x5:0x80022da0 x11=0xfffffff1 PA:0x80022dcc store:0x00000068
       61721000	     30760	80013050	0302a603	lw	x12,48(x5)	  x5:0x80022da0 x12=0x00000068 PA:0x80022dd0 store:0x0000007c
       61749000	     30774	80013054	0342a683	lw	x13,52(x5)	  x5:0x80022da0 x13=0x80015784 PA:0x80022dd4 store:0x0000002a
       61765000	     30782	80013058	0382a703	lw	x14,56(x5)	  x5:0x80022da0 x14=0xffffffec PA:0x80022dd8 store:0xffffffa8
       61789000	     30794	8001305c	03c2a783	lw	x15,60(x5)	  x5:0x80022da0 x15=0xffffffec PA:0x80022ddc store:0xa4a5a6a7
       61817000	     30808	80013060	0402a803	lw	x16,64(x5)	  x5:0x80022da0 x16=0x0000007c PA:0x80022de0 store:0x00000000
       61855000	     30827	80013064	0442a883	lw	x17,68(x5)	  x5:0x80022da0 x17=0xffffffef PA:0x80022de4 store:0x00008c8d
       61879000	     30839	80013068	0482a903	lw	x18,72(x5)	  x5:0x80022da0 x18=0x0000dcdd PA:0x80022de8 store:0x800152bb
       61883000	     30841	8001306c	04c2a983	lw	x19,76(x5)	  x5:0x80022da0 x19=0x80026e7c PA:0x80022dec store:0x00000068
       61887000	     30843	80013070	0502aa03	lw	x20,80(x5)	  x5:0x80022da0 x20=0x0000002a PA:0x80022df0 store:0x0000007c
       61901000	     30850	80013074	0542aa83	lw	x21,84(x5)	  x5:0x80022da0 x21=0x0000008b PA:0x80022df4 store:0x0000002a
       61949000	     30874	80013078	0582ab03	lw	x22,88(x5)	  x5:0x80022da0 x22=0x00000078 PA:0x80022df8 store:0xffffffa8
       61975000	     30887	8001307c	05c2ab83	lw	x23,92(x5)	  x5:0x80022da0 x23=0x00008081 PA:0x80022dfc store:0xa4a5a6a7
       61991000	     30895	80013080	0602ac03	lw	x24,96(x5)	  x5:0x80022da0 x24=0xffffffa8 PA:0x80022e00 store:0x00000000
       62013000	     30906	80013084	0642ac83	lw	x25,100(x5)	  x5:0x80022da0 x25=0x00000000 PA:0x80022e04 store:0x00008c8d
       62063000	     30931	80013088	0682ad03	lw	x26,104(x5)	  x5:0x80022da0 x26=0x0000acac PA:0x80022e08 store:0x800152bb
       62105000	     30952	8001308c	06c2ad83	lw	x27,108(x5)	  x5:0x80022da0 x27=0x0000000b PA:0x80022e0c store:0x00000068
       62109000	     30954	80013090	0702ae03	lw	x28,112(x5)	  x5:0x80022da0 x28=0xa4a5a6a7 PA:0x80022e10 store:0x0000007c
       62133000	     30966	80013094	0742ae83	lw	x29,116(x5)	  x5:0x80022da0 x29=0x00000042 PA:0x80022e14 store:0x0000002a
       62159000	     30979	80013098	0782af03	lw	x30,120(x5)	  x5:0x80022da0 x30=0x00000005 PA:0x80022e18 store:0xffffffa8
       62183000	     30991	8001309c	07c2af83	lw	x31,124(x5)	  x5:0x80022da0 x31=0x78797a7b PA:0x80022e1c store:0xa4a5a6a7
       62185000	     30992	800130a0	07c28293	addi	x5,x5,124	  x5:0x80022da0  x5=0x80022e1c
       62187000	     30993	800130a4	30200073	mret	
       62229000	     31014	8000097a	93d2	c.add	x7,x20	  x7:0x0000010e x20:0x0000002a  x7=0x00000138
       62265000	     31032	8000097c	0f15	c.addi	x30,5	 x30:0x00000005 x30=0x0000000a
       62285000	     31042	8000097e	ffbf6ee3	bltu	x30,x27,8000097a	 x30:0x0000000a x27:0x0000000b  x0=0x00000000
       62333000	     31066	8000097a	93d2	c.add	x7,x20	  x7:0x00000138 x20:0x0000002a  x7=0x00000162
       62337000	     31068	8000097c	0f15	c.addi	x30,5	 x30:0x0000000a x30=0x0000000f
       62369000	     31084	8000097e	ffbf6ee3	bltu	x30,x27,8000097a	 x30:0x0000000f x27:0x0000000b  x0=0x00000000
       62375000	     31087	80000982	fef705e3	beq	x14,x15,8000096c	 x14:0xffffffec x15:0xffffffec  x0=0x00000000
       62461000	     31130	8000096c	02f36cb3	rem	x25,x6,x15	  x6:0x00000000 x15:0xffffffec x25=0x00000000
       62463000	     31131	80000970	1759	c.addi	x14,-10	 x14:0xffffffec x14=0xffffffe2
       62465000	     31132	80000972	ffb00f13	addi	x30,x0,-5	  x0:0x00000000 x30=0xfffffffb
       62467000	     31133	80000976	00b00d93	addi	x27,x0,11	  x0:0x00000000 x27=0x0000000b
       62469000	     31134	8000097a	93d2	c.add	x7,x20	  x7:0x00000162 x20:0x0000002a  x7=0x0000018c
       62489000	     31144	8000097c	0f15	c.addi	x30,5	 x30:0xfffffffb x30=0x00000000
       62493000	     31146	8000097e	ffbf6ee3	bltu	x30,x27,8000097a	 x30:0x00000000 x27:0x0000000b  x0=0x00000000
       62513000	     31156	8000097a	93d2	c.add	x7,x20	  x7:0x0000018c x20:0x0000002a  x7=0x000001b6
       62533000	     31166	8000097c	0f15	c.addi	x30,5	 x30:0x00000000 x30=0x00000005
       62537000	     31168	8000097e	ffbf6ee3	bltu	x30,x27,8000097a	 x30:0x00000005 x27:0x0000000b  x0=0x00000000
       62561000	     31180	8000097a	93d2	c.add	x7,x20	  x7:0x000001b6 x20:0x0000002a  x7=0x000001e0
       62573000	     31186	8000097c	0f15	c.addi	x30,5	 x30:0x00000005 x30=0x0000000a
       62593000	     31196	8000097e	ffbf6ee3	bltu	x30,x27,8000097a	 x30:0x0000000a x27:0x0000000b  x0=0x00000000
       62617000	     31208	8000097a	93d2	c.add	x7,x20	  x7:0x000001e0 x20:0x0000002a  x7=0x0000020a
       62631000	     31215	8000097c	0f15	c.addi	x30,5	 x30:0x0000000a x30=0x0000000f
       62633000	     31216	8000097e	ffbf6ee3	bltu	x30,x27,8000097a	 x30:0x0000000f x27:0x0000000b  x0=0x00000000
       62649000	     31224	80000982	fef705e3	beq	x14,x15,8000096c	 x14:0xffffffe2 x15:0xffffffec  x0=0x00000000
       62661000	     31230	80000986	02270ab3	mul	x21,x14,x2	 x14:0xffffffe2  x2:0xdffffff0 x21=0xc00001e0
       62683000	     31241	8000098a	00fd0763	beq	x26,x15,80000998	 x26:0x0000acac x15:0xffffffec  x0=0x00000000
       62769000	     31284	8000098e	0253fbb3	remu	x23,x7,x5	  x7:0x0000020a  x5:0x80022e1c x23=0x0000020a
       62771000	     31285	80000992	3f652b13	slti	x22,x10,1014	 x10:0x8001c071 x22=0x00000001
       62773000	     31286	80000996	8d31	c.xor	x10,x12	 x10:0x8001c071 x12:0x00000068 x10=0x8001c019
       62775000	     31287	80000998	018b5193	srli	x3,x22,0x18	 x22:0x00000001  x3=0x00000000
       62805000	     31302	8000099c	c789	c.beqz	x15,800009a6	 x15:0xffffffec
       62891000	     31345	8000099e	02edc533	div	x10,x27,x14	 x27:0x0000000b x14:0xffffffe2 x10=0x00000000
       62893000	     31346	800009a2	d591cd13	xori	x26,x3,-679	  x3:0x00000000 x26=0xfffffd59
       62895000	     31347	800009a6	324f3213	sltiu	x4,x30,804	 x30:0x0000000f  x4=0x00000001
       63019000	     31409	800009aa	036aefb3	rem	x31,x21,x22	 x21:0xc00001e0 x22:0x00000001 x31=0x00000000
       63021000	     31410	800009ae	0001	c.addi	x0,0	  x0:0x00000000  x0=0x00000000
       63023000	     31411	800009b0	8fa5	c.xor	x15,x9	 x15:0xffffffec  x9:0x0000006e x15=0xffffff82
       63025000	     31412	800009b2	ffce3693	sltiu	x13,x28,-4	 x28:0xa4a5a6a7 x13=0x00000001
       63027000	     31413	800009b6	8ea9	c.xor	x13,x10	 x13:0x00000001 x10:0x00000000 x13=0x00000001
       63041000	     31420	800009b8	00d15833	srl	x16,x2,x13	  x2:0xdffffff0 x13:0x00000001 x16=0x6ffffff8
       63049000	     31424	800009bc	63d1	c.lui	x7,0x14	  x7=0x00014000
       63051000	     31425	800009be	8d05	c.sub	x10,x9	 x10:0x00000000  x9:0x0000006e x10=0xffffff92
       63071000	     31435	800009c0	029c8163	beq	x25,x9,800009e2	 x25:0x00000000  x9:0x0000006e  x0=0x00000000
       63129000	     31464	800009c4	02b2f263	bgeu	x5,x11,800009e8	  x5:0x80022e1c x11:0xfffffff1  x0=0x00000000
       63133000	     31466	800009c8	ed91	c.bnez	x11,800009e4	 x11:0xfffffff1
       63165000	     31482	800009e4	f9f08793	addi	x15,x1,-97	  x1:0x0000e0e1 x15=0x0000e080
       63207000	     31503	800009e8	00ac6133	or	x2,x24,x10	 x24:0xffffffa8 x10:0xffffff92  x2=0xffffffba
       63233000	     31516	800009ec	01405fb3	srl	x31,x0,x20	  x0:0x00000000 x20:0x0000002a x31=0x00000000
       63235000	     31517	800009f0	00416eb3	or	x29,x2,x4	  x2:0xffffffba  x4:0x00000001 x29=0xffffffbb
       63293000	     31546	800009f4	01b80733	add	x14,x16,x27	 x16:0x6ffffff8 x27:0x0000000b x14=0x70000003
       63299000	     31549	800009f8	8b62	c.mv	x22,x24	  x0:0x00000000 x24:0xffffffa8 x22=0xffffffa8
       63303000	     31551	800009fa	f0747b13	andi	x22,x8,-249	  x8:0x800152bb x22=0x80015203
       63327000	     31563	800009fe	01521633	sll	x12,x4,x21	  x4:0x00000001 x21:0xc00001e0 x12=0x00000001
       63329000	     31564	80000a02	6aad	c.lui	x21,0xb	 x21=0x0000b000
       63347000	     31573	80000a04	e1a1	c.bnez	x11,80000a44	 x11:0xfffffff1
       63381000	     31590	80000a44	00d46933	or	x18,x8,x13	  x8:0x800152bb x13:0x00000001 x18=0x800152bb
       63383000	     31591	80000a48	00700e63	beq	x0,x7,80000a64	  x0:0x00000000  x7:0x00014000  x0=0x00000000
       63421000	     31610	80000a4c	014d2cb3	slt	x25,x26,x20	 x26:0xfffffd59 x20:0x0000002a x25=0x00000001
       63427000	     31613	80000a50	029e0a33	mul	x20,x28,x9	 x28:0xa4a5a6a7  x9:0x0000006e x20=0xbf2d9bc2
       63463000	     31631	80000a54	419b8433	sub	x8,x23,x25	 x23:0x0000020a x25:0x00000001  x8=0x00000209
       63507000	     31653	80000a58	8c3d	c.xor	x8,x15	  x8:0x00000209 x15:0x0000e080  x8=0x0000e289
       63509000	     31654	80000a5a	00fedc93	srli	x25,x29,0xf	 x29:0xffffffbb x25=0x0001ffff
       63511000	     31655	80000a5e	108c0913	addi	x18,x24,264	 x24:0xffffffa8 x18=0x000000b0
       63513000	     31656	80000a62	8d5d	c.or	x10,x15	 x10:0xffffff92 x15:0x0000e080 x10=0xffffff92
       63515000	     31657	80000a64	804d	c.srli	x8,0x13	  x8:0x0000e289  x8=0x00000000
       63519000	     31659	80000a66	014dbab3	sltu	x21,x27,x20	 x27:0x0000000b x20:0xbf2d9bc2 x21=0x00000001
       63521000	     31660	80000a6a	577d	c.li	x14,-1	 x14=0xffffffff
       63571000	     31685	80000a6c	15d57213	andi	x4,x10,349	 x10:0xffffff92  x4=0x00000110
       63573000	     31686	80000a70	c085	c.beqz	x9,80000a90	  x9:0x0000006e
       63575000	     31687	80000a72	0001	c.addi	x0,0	  x0:0x00000000  x0=0x00000000
       63595000	     31697	80000a74	8709	c.srai	x14,0x2	 x14:0xffffffff x14=0xffffffff
       63623000	     31711	80000a76	034a1233	mulh	x4,x20,x20	 x20:0xbf2d9bc2 x20:0xbf2d9bc2  x4=0x1069df07
       63639000	     31719	80000a7a	401cdf13	srai	x30,x25,0x1	 x25:0x0001ffff x30=0x0000ffff
       63643000	     31721	80000a7e	037dc263	blt	x27,x23,80000aa2	 x27:0x0000000b x23:0x0000020a  x0=0x00000000
       63741000	     31770	8001204c	cc7fe06f	jal	x0,80010d12	  x0=0x00000000
       63771000	     31785	80010d12	f8428293	addi	x5,x5,-124	  x5:0x80022e1c  x5=0x80022da0
       63847000	     31823	80010d16	0012a223	sw	x1,4(x5)	  x5:0x80022da0  x1:0x0000e0e1 PA:0x80022da4 store:0x0000e0e1 load:0x0000e0e1
       63859000	     31829	80010d1a	0022a423	sw	x2,8(x5)	  x5:0x80022da0  x2:0xffffffba PA:0x80022da8 store:0xffffffba load:0xffffffba
       63883000	     31841	80010d1e	0032a623	sw	x3,12(x5)	  x5:0x80022da0  x3:0x00000000 PA:0x80022dac store:0x00000000 load:0x00000000
       63907000	     31853	80010d22	0042a823	sw	x4,16(x5)	  x5:0x80022da0  x4:0x1069df07 PA:0x80022db0 store:0x1069df07 load:0x1069df07
       63947000	     31873	80010d26	0052aa23	sw	x5,20(x5)	  x5:0x80022da0  x5:0x80022da0 PA:0x80022db4 store:0x80022da0 load:0x80022da0
       63981000	     31890	80010d2a	0062ac23	sw	x6,24(x5)	  x5:0x80022da0  x6:0x00000000 PA:0x80022db8 store:0x00000000 load:0x00000000
       63989000	     31894	80010d2e	0072ae23	sw	x7,28(x5)	  x5:0x80022da0  x7:0x00014000 PA:0x80022dbc store:0x00014000 load:0x00014000
       64073000	     31936	80010d32	0282a023	sw	x8,32(x5)	  x5:0x80022da0  x8:0x00000000 PA:0x80022dc0 store:0x00000000 load:0x00000000
       64077000	     31938	80010d36	0292a223	sw	x9,36(x5)	  x5:0x80022da0  x9:0x0000006e PA:0x80022dc4 store:0x0000006e load:0x0000006e
       64121000	     31960	80010d3a	02a2a423	sw	x10,40(x5)	  x5:0x80022da0 x10:0xffffff92 PA:0x80022dc8 store:0xffffff92 load:0xffffff92
       64129000	     31964	80010d3e	02b2a623	sw	x11,44(x5)	  x5:0x80022da0 x11:0xfffffff1 PA:0x80022dcc store:0xfffffff1 load:0xfffffff1
       64169000	     31984	80010d42	02c2a823	sw	x12,48(x5)	  x5:0x80022da0 x12:0x00000001 PA:0x80022dd0 store:0x00000001 load:0x00000001
       64189000	     31994	80010d46	02d2aa23	sw	x13,52(x5)	  x5:0x80022da0 x13:0x00000001 PA:0x80022dd4 store:0x00000001 load:0x00000001
       64233000	     32016	80010d4a	02e2ac23	sw	x14,56(x5)	  x5:0x80022da0 x14:0xffffffff PA:0x80022dd8 store:0xffffffff load:0xffffffff
       64297000	     32048	80010d4e	02f2ae23	sw	x15,60(x5)	  x5:0x80022da0 x15:0x0000e080 PA:0x80022ddc store:0x0000e080 load:0x0000e080
       64337000	     32068	80010d52	0502a023	sw	x16,64(x5)	  x5:0x80022da0 x16:0x6ffffff8 PA:0x80022de0 store:0x6ffffff8 load:0x6ffffff8
       64357000	     32078	80010d56	0512a223	sw	x17,68(x5)	  x5:0x80022da0 x17:0xffffffef PA:0x80022de4 store:0xffffffef load:0xffffffef
       64369000	     32084	80010d5a	0522a423	sw	x18,72(x5)	  x5:0x80022da0 x18:0x000000b0 PA:0x80022de8 store:0x000000b0 load:0x000000b0
       64419000	     32109	80010d5e	0532a623	sw	x19,76(x5)	  x5:0x80022da0 x19:0x80026e7c PA:0x80022dec store:0x80026e7c load:0x80026e7c
       64475000	     32137	80010d62	0542a823	sw	x20,80(x5)	  x5:0x80022da0 x20:0xbf2d9bc2 PA:0x80022df0 store:0xbf2d9bc2 load:0xbf2d9bc2
       64539000	     32169	80010d66	0552aa23	sw	x21,84(x5)	  x5:0x80022da0 x21:0x00000001 PA:0x80022df4 store:0x00000001 load:0x00000001
       64559000	     32179	80010d6a	0562ac23	sw	x22,88(x5)	  x5:0x80022da0 x22:0x80015203 PA:0x80022df8 store:0x80015203 load:0x80015203
       64563000	     32181	80010d6e	0572ae23	sw	x23,92(x5)	  x5:0x80022da0 x23:0x0000020a PA:0x80022dfc store:0x0000020a load:0x0000020a
       64629000	     32214	80010d72	0782a023	sw	x24,96(x5)	  x5:0x80022da0 x24:0xffffffa8 PA:0x80022e00 store:0xffffffa8 load:0xffffffa8
       64651000	     32225	80010d76	0792a223	sw	x25,100(x5)	  x5:0x80022da0 x25:0x0001ffff PA:0x80022e04 store:0x0001ffff load:0x0001ffff
       64655000	     32227	80010d7a	07a2a423	sw	x26,104(x5)	  x5:0x80022da0 x26:0xfffffd59 PA:0x80022e08 store:0xfffffd59 load:0xfffffd59
       64673000	     32236	80010d7e	07b2a623	sw	x27,108(x5)	  x5:0x80022da0 x27:0x0000000b PA:0x80022e0c store:0x0000000b load:0x0000000b
       64707000	     32253	80010d82	07c2a823	sw	x28,112(x5)	  x5:0x80022da0 x28:0xa4a5a6a7 PA:0x80022e10 store:0xa4a5a6a7 load:0xa4a5a6a7
       64731000	     32265	80010d86	07d2aa23	sw	x29,116(x5)	  x5:0x80022da0 x29:0xffffffbb PA:0x80022e14 store:0xffffffbb load:0xffffffbb
       64781000	     32290	80010d8a	07e2ac23	sw	x30,120(x5)	  x5:0x80022da0 x30:0x0000ffff PA:0x80022e18 store:0x0000ffff load:0x0000ffff
       64833000	     32316	80010d8e	07f2ae23	sw	x31,124(x5)	  x5:0x80022da0 x31:0x00000000 PA:0x80022e1c store:0x00000000 load:0x00000000
       64835000	     32317	80010d92	90000437	lui	x8,0x90000	  x8=0x90000000
       64847000	     32323	80010d96	ffc40413	addi	x8,x8,-4	  x8:0x90000000  x8=0x8ffffffc
       64849000	     32324	80010d9a	4b19	c.li	x22,6	 x22=0x00000006
       64859000	     32329	80010d9c	0b22	c.slli	x22,0x8	 x22:0x00000006 x22=0x00000600
       64861000	     32330	80010d9e	000b0b13	addi	x22,x22,0	 x22:0x00000600 x22=0x00000600
       64885000	     32342	80010da2	01642023	sw	x22,0(x8)	  x8:0x8ffffffc x22:0x00000600 PA:0x8ffffffc store:0x00000600 load:0x00000600
       64909000	     32354	80010da6	34202b73	csrrs	x22,mcause,x0	  x0:0x00000000 x22=0x80000013
       64919000	     32359	80010daa	01fb5b13	srli	x22,x22,0x1f	 x22:0x80000013 x22=0x00000001
       64927000	     32363	80010dae	060b0c63	beq	x22,x0,80010e26	 x22:0x00000001  x0:0x00000000  x0=0x00000000
       64929000	     32364	80010db2	90000437	lui	x8,0x90000	  x8=0x90000000
       64937000	     32368	80010db6	ffc40413	addi	x8,x8,-4	  x8:0x90000000  x8=0x8ffffffc
       64955000	     32377	80010dba	30000b13	addi	x22,x0,768	  x0:0x00000000 x22=0x00000300
       64957000	     32378	80010dbe	0b22	c.slli	x22,0x8	 x22:0x00000300 x22=0x00030000
       64959000	     32379	80010dc0	0b0d	c.addi	x22,3	 x22:0x00030000 x22=0x00030003
       65017000	     32408	80010dc2	01642023	sw	x22,0(x8)	  x8:0x8ffffffc x22:0x00030003 PA:0x8ffffffc store:0x00030003 load:0x00030003
       65019000	     32409	80010dc6	30002b73	csrrs	x22,mstatus,x0	  x0:0x00000000 x22=0x00000080
       65053000	     32426	80010dca	01642023	sw	x22,0(x8)	  x8:0x8ffffffc x22:0x00000080 PA:0x8ffffffc store:0x00000080 load:0x00000080
       65055000	     32427	80010dce	90000437	lui	x8,0x90000	  x8=0x90000000
       65063000	     32431	80010dd2	ffc40413	addi	x8,x8,-4	  x8:0x90000000  x8=0x8ffffffc
       65073000	     32436	80010dd6	34200b13	addi	x22,x0,834	  x0:0x00000000 x22=0x00000342
       65075000	     32437	80010dda	0b22	c.slli	x22,0x8	 x22:0x00000342 x22=0x00034200
       65103000	     32451	80010ddc	0b0d	c.addi	x22,3	 x22:0x00034200 x22=0x00034203
       65107000	     32453	80010dde	01642023	sw	x22,0(x8)	  x8:0x8ffffffc x22:0x00034203 PA:0x8ffffffc store:0x00034203 load:0x00034203
       65149000	     32474	80010de2	34202b73	csrrs	x22,mcause,x0	  x0:0x00000000 x22=0x80000013
       65187000	     32493	80010de6	01642023	sw	x22,0(x8)	  x8:0x8ffffffc x22:0x80000013 PA:0x8ffffffc store:0x80000013 load:0x80000013
       65195000	     32497	80010dea	90000437	lui	x8,0x90000	  x8=0x90000000
       65213000	     32506	80010dee	ffc40413	addi	x8,x8,-4	  x8:0x90000000  x8=0x8ffffffc
       65219000	     32509	80010df2	30400b13	addi	x22,x0,772	  x0:0x00000000 x22=0x00000304
       65221000	     32510	80010df6	0b22	c.slli	x22,0x8	 x22:0x00000304 x22=0x00030400
       65231000	     32515	80010df8	0b0d	c.addi	x22,3	 x22:0x00030400 x22=0x00030403
       65255000	     32527	80010dfa	01642023	sw	x22,0(x8)	  x8:0x8ffffffc x22:0x00030403 PA:0x8ffffffc store:0x00030403 load:0x00030403
       65257000	     32528	80010dfe	30402b73	csrrs	x22,mie,x0	  x0:0x00000000 x22=0x40bf0808
       65305000	     32552	80010e02	01642023	sw	x22,0(x8)	  x8:0x8ffffffc x22:0x40bf0808 PA:0x8ffffffc store:0x40bf0808 load:0x40bf0808
       65307000	     32553	80010e06	90000437	lui	x8,0x90000	  x8=0x90000000
       65349000	     32574	80010e0a	ffc40413	addi	x8,x8,-4	  x8:0x90000000  x8=0x8ffffffc
       65351000	     32575	80010e0e	34400b13	addi	x22,x0,836	  x0:0x00000000 x22=0x00000344
       65353000	     32576	80010e12	0b22	c.slli	x22,0x8	 x22:0x00000344 x22=0x00034400
       65355000	     32577	80010e14	0b0d	c.addi	x22,3	 x22:0x00034400 x22=0x00034403
       65409000	     32604	80010e16	01642023	sw	x22,0(x8)	  x8:0x8ffffffc x22:0x00034403 PA:0x8ffffffc store:0x00034403 load:0x00034403
       65411000	     32605	80010e1a	34402b73	csrrs	x22,mip,x0	  x0:0x00000000 x22=0x00080X00
       65429000	     32614	80010e1e	01642023	sw	x22,0(x8)	  x8:0x8ffffffc x22:0x00080X00 PA:0x8ffffffc store:0x00080X00 load:0x00080000
       65439000	     32619	80010e22	1de0206f	jal	x0,80013000	  x0=0x00000000
       65475000	     32637	80013000	30002b73	csrrs	x22,mstatus,x0	  x0:0x00000000 x22=0x00000080
       65537000	     32668	80013004	30402b73	csrrs	x22,mie,x0	  x0:0x00000000 x22=0x40bf0808
       65539000	     32669	80013008	34402b73	csrrs	x22,mip,x0	  x0:0x00000000 x22=0x00080X00
       65601000	     32700	8001300c	344b3b73	csrrc	x22,mip,x22	 x22:0x00080X00 x22=0x00080X00
       65635000	     32717	80013010	90000437	lui	x8,0x90000	  x8=0x90000000
       65661000	     32730	80013014	ffc40413	addi	x8,x8,-4	  x8:0x90000000  x8=0x8ffffffc
       65665000	     32732	80013018	4b1d	c.li	x22,7	 x22=0x00000007
       65667000	     32733	8001301a	0b22	c.slli	x22,0x8	 x22:0x00000007 x22=0x00000700
       65685000	     32742	8001301c	000b0b13	addi	x22,x22,0	 x22:0x00000700 x22=0x00000700
       65735000	     32767	80013020	01642023	sw	x22,0(x8)	  x8:0x8ffffffc x22:0x00000700 PA:0x8ffffffc store:0x00000700 load:0x00000700
       65749000	     32774	80013024	0042a083	lw	x1,4(x5)	  x5:0x80022da0  x1=0x0000e0e1 PA:0x80022da4 store:0x1069df07
       65775000	     32787	80013028	0082a103	lw	x2,8(x5)	  x5:0x80022da0  x2=0xffffffba PA:0x80022da8 store:0x8ffffffc
       65789000	     32794	8001302c	00c2a183	lw	x3,12(x5)	  x5:0x80022da0  x3=0x00000000 PA:0x80022dac store:0x00000001
       65793000	     32796	80013030	0102a203	lw	x4,16(x5)	  x5:0x80022da0  x4=0x1069df07 PA:0x80022db0 store:0x6ffffff8
       65829000	     32814	80013034	0142a283	lw	x5,20(x5)	  x5:0x80022da0  x5=0x80022da0 PA:0x80022db4 store:0xbf2d9bc2
       65875000	     32837	80013038	0182a303	lw	x6,24(x5)	  x5:0x80022da0  x6=0x00000000 PA:0x80022db8 store:0xffffffa8
       65939000	     32869	8001303c	01c2a383	lw	x7,28(x5)	  x5:0x80022da0  x7=0x00014000 PA:0x80022dbc store:0xa4a5a6a7
       65963000	     32881	80013040	0202a403	lw	x8,32(x5)	  x5:0x80022da0  x8=0x00000000 PA:0x80022dc0 store:0x00000000
       65981000	     32890	80013044	0242a483	lw	x9,36(x5)	  x5:0x80022da0  x9=0x0000006e PA:0x80022dc4 store:0x1069df07
       66027000	     32913	80013048	0282a503	lw	x10,40(x5)	  x5:0x80022da0 x10=0xffffff92 PA:0x80022dc8 store:0x00000000
       66051000	     32925	8001304c	02c2a583	lw	x11,44(x5)	  x5:0x80022da0 x11=0xfffffff1 PA:0x80022dcc store:0x00000001
       66109000	     32954	80013050	0302a603	lw	x12,48(x5)	  x5:0x80022da0 x12=0x00000001 PA:0x80022dd0 store:0x6ffffff8
       66147000	     32973	80013054	0342a683	lw	x13,52(x5)	  x5:0x80022da0 x13=0x00000001 PA:0x80022dd4 store:0xbf2d9bc2
       66177000	     32988	80013058	0382a703	lw	x14,56(x5)	  x5:0x80022da0 x14=0xffffffff PA:0x80022dd8 store:0xffffffa8
       66187000	     32993	8001305c	03c2a783	lw	x15,60(x5)	  x5:0x80022da0 x15=0x0000e080 PA:0x80022ddc store:0xa4a5a6a7
       66221000	     33010	80013060	0402a803	lw	x16,64(x5)	  x5:0x80022da0 x16=0x6ffffff8 PA:0x80022de0 store:0x00000000
       66245000	     33022	80013064	0442a883	lw	x17,68(x5)	  x5:0x80022da0 x17=0xffffffef PA:0x80022de4 store:0x1069df07
       66273000	     33036	80013068	0482a903	lw	x18,72(x5)	  x5:0x80022da0 x18=0x000000b0 PA:0x80022de8 store:0x00000000
       66303000	     33051	8001306c	04c2a983	lw	x19,76(x5)	  x5:0x80022da0 x19=0x80026e7c PA:0x80022dec store:0x00000001
       66317000	     33058	80013070	0502aa03	lw	x20,80(x5)	  x5:0x80022da0 x20=0xbf2d9bc2 PA:0x80022df0 store:0x6ffffff8
       66331000	     33065	80013074	0542aa83	lw	x21,84(x5)	  x5:0x80022da0 x21=0x00000001 PA:0x80022df4 store:0xbf2d9bc2
       66345000	     33072	80013078	0582ab03	lw	x22,88(x5)	  x5:0x80022da0 x22=0x80015203 PA:0x80022df8 store:0xffffffa8
       66369000	     33084	8001307c	05c2ab83	lw	x23,92(x5)	  x5:0x80022da0 x23=0x0000020a PA:0x80022dfc store:0xa4a5a6a7
       66373000	     33086	80013080	0602ac03	lw	x24,96(x5)	  x5:0x80022da0 x24=0xffffffa8 PA:0x80022e00 store:0x00000000
       66435000	     33117	80013084	0642ac83	lw	x25,100(x5)	  x5:0x80022da0 x25=0x0001ffff PA:0x80022e04 store:0x1069df07
       66459000	     33129	80013088	0682ad03	lw	x26,104(x5)	  x5:0x80022da0 x26=0xfffffd59 PA:0x80022e08 store:0x00000000
       66489000	     33144	8001308c	06c2ad83	lw	x27,108(x5)	  x5:0x80022da0 x27=0x0000000b PA:0x80022e0c store:0x00000001
       66493000	     33146	80013090	0702ae03	lw	x28,112(x5)	  x5:0x80022da0 x28=0xa4a5a6a7 PA:0x80022e10 store:0x6ffffff8
       66543000	     33171	80013094	0742ae83	lw	x29,116(x5)	  x5:0x80022da0 x29=0xffffffbb PA:0x80022e14 store:0xbf2d9bc2
       66555000	     33177	80013098	0782af03	lw	x30,120(x5)	  x5:0x80022da0 x30=0x0000ffff PA:0x80022e18 store:0xffffffa8
       66597000	     33198	8001309c	07c2af83	lw	x31,124(x5)	  x5:0x80022da0 x31=0x00000000 PA:0x80022e1c store:0xa4a5a6a7
       66599000	     33199	800130a0	07c28293	addi	x5,x5,124	  x5:0x80022da0  x5=0x80022e1c
       66601000	     33200	800130a4	30200073	mret	
       66649000	     33224	80000aa2	fbf2ec13	ori	x24,x5,-65	  x5:0x80022e1c x24=0xffffffbf
       66651000	     33225	80000aa6	93be	c.add	x7,x15	  x7:0x00014000 x15:0x0000e080  x7=0x00022080
       66691000	     33245	80000aa8	00c087b3	add	x15,x1,x12	  x1:0x0000e0e1 x12:0x00000001 x15=0x0000e0e2
       66695000	     33247	80000aac	018dd663	bge	x27,x24,80000ab8	 x27:0x0000000b x24:0xffffffbf  x0=0x00000000
       66809000	     33304	80000ab8	02b040b3	div	x1,x0,x11	  x0:0x00000000 x11:0xfffffff1  x1=0x00000000
       66813000	     33306	80000abc	e209	c.bnez	x12,80000abe	 x12:0x00000001
       66835000	     33317	80000abe	01421f13	slli	x30,x4,0x14	  x4:0x1069df07 x30=0xf0700000
       66855000	     33327	80000ac2	41385a93	srai	x21,x16,0x13	 x16:0x6ffffff8 x21=0x00000dff
       66857000	     33328	80000ac6	640d	c.lui	x8,0x3	  x8=0x00003000
       66873000	     33336	80000ac8	e3b1	c.bnez	x15,80000b0c	 x15:0x0000e0e2
       66901000	     33350	80000b0c	83e1	c.srli	x15,0x18	 x15:0x0000e0e2 x15=0x00000000
       66907000	     33353	80000b0e	404e00b3	sub	x1,x28,x4	 x28:0xa4a5a6a7  x4:0x1069df07  x1=0x943bc7a0
       66909000	     33354	80000b12	8e71	c.and	x12,x12	 x12:0x00000001 x12:0x00000001 x12=0x00000001
       66913000	     33356	80000b14	cc103b93	sltiu	x23,x0,-831	  x0:0x00000000 x23=0x00000001
       66915000	     33357	80000b18	7598b737	lui	x14,0x7598b	 x14=0x7598b000
       66917000	     33358	80000b1c	0001	c.addi	x0,0	  x0:0x00000000  x0=0x00000000
       66925000	     33362	80000b1e	026aea33	rem	x20,x21,x6	 x21:0x00000dff  x6:0x00000000 x20=0x00000dff
       66927000	     33363	80000b22	5e7d	c.li	x28,-1	 x28=0xffffffff
       66929000	     33364	80000b24	03c6fd63	bgeu	x13,x28,80000b5e	 x13:0x00000001 x28:0xffffffff  x0=0x00000000
       66951000	     33375	80000b28	0001	c.addi	x0,0	  x0:0x00000000  x0=0x00000000
       66977000	     33388	80000b2a	407c83b3	sub	x7,x25,x7	 x25:0x0001ffff  x7:0x00022080  x7=0xffffdf7f
       66979000	     33389	80000b2e	01f6	c.slli	x3,0x1d	  x3:0x00000000  x3=0x00000000
       66995000	     33397	80000b30	03de1463	bne	x28,x29,80000b58	 x28:0xffffffff x29:0xffffffbb  x0=0x00000000
       67111000	     33455	80000b58	0270cc33	div	x24,x1,x7	  x1:0x943bc7a0  x7:0xffffdf7f x24=0x000350c4
       67113000	     33456	80000b5c	82a9	c.srli	x13,0xa	 x13:0x00000001 x13=0x00000000
       67187000	     33493	80000b5e	03e0e1b3	rem	x3,x1,x30	  x1:0x943bc7a0 x30:0xf0700000  x3=0xf19bc7a0
       67189000	     33494	80000b62	01a31133	sll	x2,x6,x26	  x6:0x00000000 x26:0xfffffd59  x2=0x00000000
       67191000	     33495	80000b66	8ca9	c.xor	x9,x10	  x9:0x0000006e x10:0xffffff92  x9=0xfffffffc
       67213000	     33506	80000b68	c215	c.beqz	x12,80000b8c	 x12:0x00000001
       67235000	     33517	80000b6a	003c0e33	add	x28,x24,x3	 x24:0x000350c4  x3:0xf19bc7a0 x28=0xf19f1864
       67237000	     33518	80000b6e	0001	c.addi	x0,0	  x0:0x00000000  x0=0x00000000
       67277000	     33538	80000b70	08833a17	auipc	x20,0x8833	 x20=0x88833b70
       67279000	     33539	80000b74	9129c697	auipc	x13,0x9129c	 x13=0x1129cb74
       67293000	     33546	80000b78	022b44b3	div	x9,x22,x2	 x22:0x80015203  x2:0x00000000  x9=0xffffffff
       67303000	     33551	80000b7c	8031	c.srli	x8,0xc	  x8:0x00003000  x8=0x00000003
       67389000	     33594	80000b7e	035ce0b3	rem	x1,x25,x21	 x25:0x0001ffff x21:0x00000dff  x1=0x00000823
       67397000	     33598	80000b82	02e89133	mulh	x2,x17,x14	 x17:0xffffffef x14:0x7598b000  x2=0xfffffff8
       67399000	     33599	80000b86	00d0fbb3	and	x23,x1,x13	  x1:0x00000823 x13:0x1129cb74 x23=0x00000820
       67401000	     33600	80000b8a	0001	c.addi	x0,0	  x0:0x00000000  x0=0x00000000
       67423000	     33611	80000b8c	4409	c.li	x8,2	  x8=0x00000002
       67445000	     33622	80000b8e	40730e33	sub	x28,x6,x7	  x6:0x00000000  x7:0xffffdf7f x28=0x00002081
       67469000	     33634	80000b92	01511463	bne	x2,x21,80000b9a	  x2:0xfffffff8 x21:0x00000dff  x0=0x00000000
       67503000	     33651	80000b9a	00e9dd13	srli	x26,x19,0xe	 x19:0x80026e7c x26=0x00020009
       67533000	     33666	80000b9e	416d53b3	sra	x7,x26,x22	 x26:0x00020009 x22:0x80015203  x7=0x00004001
       67537000	     33668	80000ba2	e481	c.bnez	x9,80000baa	  x9:0xffffffff
       67589000	     33694	80000baa	008a9833	sll	x16,x21,x8	 x21:0x00000dff  x8:0x00000002 x16=0x000037fc
       67591000	     33695	80000bae	8f55	c.or	x14,x13	 x14:0x7598b000 x13:0x1129cb74 x14=0x75b9fb74
       67593000	     33696	80000bb0	01f32113	slti	x2,x6,31	  x6:0x00000000  x2=0x00000001
       67607000	     33703	80000bb4	00e8b713	sltiu	x14,x17,14	 x17:0xffffffef x14=0x00000000
       67621000	     33710	80000bb8	f20a7f93	andi	x31,x20,-224	 x20:0x88833b70 x31=0x88833b20
       67643000	     33721	80000bbc	01d11b93	slli	x23,x2,0x1d	  x2:0x00000001 x23=0x20000000
       67645000	     33722	80000bc0	00fbdab3	srl	x21,x23,x15	 x23:0x20000000 x15:0x00000000 x21=0x20000000
       67667000	     33733	80000bc4	88fa	c.mv	x17,x30	  x0:0x00000000 x30:0xf0700000 x17=0xf0700000
       67671000	     33735	80000bc6	01891c63	bne	x18,x24,80000bde	 x18:0x000000b0 x24:0x000350c4  x0=0x00000000
       67685000	     33742	80000bde	36aacc13	xori	x24,x21,874	 x21:0x20000000 x24=0x2000036a
       67809000	     33804	80000be2	0303e033	rem	x0,x7,x16	  x7:0x00004001 x16:0x000037fc  x0=0x00000000
       67811000	     33805	80000be6	0000e817	auipc	x16,0xe	 x16=0x8000ebe6
       67813000	     33806	80000bea	eda80813	addi	x16,x16,-294	 x16:0x8000ebe6 x16=0x8000eac0
       67815000	     33807	80000bee	8acd	c.andi	x13,19	 x13:0x1129cb74 x13=0x00000010
       67827000	     33813	80000bf0	00fcc033	xor	x0,x25,x15	 x25:0x0001ffff x15:0x00000000  x0=0x00000000
       67889000	     33844	80000bf4	717d	c.addi16sp	x2,-16	  x2:0x00000001  x2=0xfffffff1
       67913000	     33856	80000bf6	41ba5e13	srai	x28,x20,0x1b	 x20:0x88833b70 x28=0xfffffff1
       67915000	     33857	80000bfa	96d2	c.add	x13,x20	 x13:0x00000010 x20:0x88833b70 x13=0x88833b80
       68027000	     33913	80000bfc	027241b3	div	x3,x4,x7	  x4:0x1069df07  x7:0x00004001  x3=0x000041a6
       68029000	     33914	80000c00	c8ac3db7	lui	x27,0xc8ac3	 x27=0xc8ac3000
       68031000	     33915	80000c04	8f5a	c.mv	x30,x22	  x0:0x00000000 x22:0x80015203 x30=0x80015203
       68033000	     33916	80000c06	1a680813	addi	x16,x16,422	 x16:0x8000eac0 x16=0x8000ec66
       68067000	     33933	80012044	a9ffe06f	jal	x0,80010ae2	  x0=0x00000000
       68121000	     33960	80010ae2	f8428293	addi	x5,x5,-124	  x5:0x80022e1c  x5=0x80022da0
       68207000	     34003	80010ae6	0012a223	sw	x1,4(x5)	  x5:0x80022da0  x1:0x00000823 PA:0x80022da4 store:0x00000823 load:0x00000823
       68265000	     34032	80010aea	0022a423	sw	x2,8(x5)	  x5:0x80022da0  x2:0xfffffff1 PA:0x80022da8 store:0xfffffff1 load:0xfffffff1
       68307000	     34053	80010aee	0032a623	sw	x3,12(x5)	  x5:0x80022da0  x3:0x000041a6 PA:0x80022dac store:0x000041a6 load:0x000041a6
       68331000	     34065	80010af2	0042a823	sw	x4,16(x5)	  x5:0x80022da0  x4:0x1069df07 PA:0x80022db0 store:0x1069df07 load:0x1069df07
       68349000	     34074	80010af6	0052aa23	sw	x5,20(x5)	  x5:0x80022da0  x5:0x80022da0 PA:0x80022db4 store:0x80022da0 load:0x80022da0
       68425000	     34112	80010afa	0062ac23	sw	x6,24(x5)	  x5:0x80022da0  x6:0x00000000 PA:0x80022db8 store:0x00000000 load:0x00000000
       68449000	     34124	80010afe	0072ae23	sw	x7,28(x5)	  x5:0x80022da0  x7:0x00004001 PA:0x80022dbc store:0x00004001 load:0x00004001
       68493000	     34146	80010b02	0282a023	sw	x8,32(x5)	  x5:0x80022da0  x8:0x00000002 PA:0x80022dc0 store:0x00000002 load:0x00000002
       68497000	     34148	80010b06	0292a223	sw	x9,36(x5)	  x5:0x80022da0  x9:0xffffffff PA:0x80022dc4 store:0xffffffff load:0xffffffff
       68533000	     34166	80010b0a	02a2a423	sw	x10,40(x5)	  x5:0x80022da0 x10:0xffffff92 PA:0x80022dc8 store:0xffffff92 load:0xffffff92
       68553000	     34176	80010b0e	02b2a623	sw	x11,44(x5)	  x5:0x80022da0 x11:0xfffffff1 PA:0x80022dcc store:0xfffffff1 load:0xfffffff1
       68607000	     34203	80010b12	02c2a823	sw	x12,48(x5)	  x5:0x80022da0 x12:0x00000001 PA:0x80022dd0 store:0x00000001 load:0x00000001
       68641000	     34220	80010b16	02d2aa23	sw	x13,52(x5)	  x5:0x80022da0 x13:0x88833b80 PA:0x80022dd4 store:0x88833b80 load:0x88833b80
       68657000	     34228	80010b1a	02e2ac23	sw	x14,56(x5)	  x5:0x80022da0 x14:0x00000000 PA:0x80022dd8 store:0x00000000 load:0x00000000
       68677000	     34238	80010b1e	02f2ae23	sw	x15,60(x5)	  x5:0x80022da0 x15:0x00000000 PA:0x80022ddc store:0x00000000 load:0x00000000
       68713000	     34256	80010b22	0502a023	sw	x16,64(x5)	  x5:0x80022da0 x16:0x8000ec66 PA:0x80022de0 store:0x8000ec66 load:0x8000ec66
       68757000	     34278	80010b26	0512a223	sw	x17,68(x5)	  x5:0x80022da0 x17:0xf0700000 PA:0x80022de4 store:0xf0700000 load:0xf0700000
       68781000	     34290	80010b2a	0522a423	sw	x18,72(x5)	  x5:0x80022da0 x18:0x000000b0 PA:0x80022de8 store:0x000000b0 load:0x000000b0
       68805000	     34302	80010b2e	0532a623	sw	x19,76(x5)	  x5:0x80022da0 x19:0x80026e7c PA:0x80022dec store:0x80026e7c load:0x80026e7c
       68843000	     34321	80010b32	0542a823	sw	x20,80(x5)	  x5:0x80022da0 x20:0x88833b70 PA:0x80022df0 store:0x88833b70 load:0x88833b70
       68853000	     34326	80010b36	0552aa23	sw	x21,84(x5)	  x5:0x80022da0 x21:0x20000000 PA:0x80022df4 store:0x20000000 load:0x20000000
       68863000	     34331	80010b3a	0562ac23	sw	x22,88(x5)	  x5:0x80022da0 x22:0x80015203 PA:0x80022df8 store:0x80015203 load:0x80015203
       68923000	     34361	80010b3e	0572ae23	sw	x23,92(x5)	  x5:0x80022da0 x23:0x20000000 PA:0x80022dfc store:0x20000000 load:0x20000000
       68947000	     34373	80010b42	0782a023	sw	x24,96(x5)	  x5:0x80022da0 x24:0x2000036a PA:0x80022e00 store:0x2000036a load:0x2000036a
       68981000	     34390	80010b46	0792a223	sw	x25,100(x5)	  x5:0x80022da0 x25:0x0001ffff PA:0x80022e04 store:0x0001ffff load:0x0001ffff
       69015000	     34407	80010b4a	07a2a423	sw	x26,104(x5)	  x5:0x80022da0 x26:0x00020009 PA:0x80022e08 store:0x00020009 load:0x00020009
       69039000	     34419	80010b4e	07b2a623	sw	x27,108(x5)	  x5:0x80022da0 x27:0xc8ac3000 PA:0x80022e0c store:0xc8ac3000 load:0xc8ac3000
       69043000	     34421	80010b52	07c2a823	sw	x28,112(x5)	  x5:0x80022da0 x28:0xfffffff1 PA:0x80022e10 store:0xfffffff1 load:0xfffffff1
       69077000	     34438	80010b56	07d2aa23	sw	x29,116(x5)	  x5:0x80022da0 x29:0xffffffbb PA:0x80022e14 store:0xffffffbb load:0xffffffbb
       69081000	     34440	80010b5a	07e2ac23	sw	x30,120(x5)	  x5:0x80022da0 x30:0x80015203 PA:0x80022e18 store:0x80015203 load:0x80015203
       69123000	     34461	80010b5e	07f2ae23	sw	x31,124(x5)	  x5:0x80022da0 x31:0x88833b20 PA:0x80022e1c store:0x88833b20 load:0x88833b20
       69125000	     34462	80010b62	90000437	lui	x8,0x90000	  x8=0x90000000
       69145000	     34472	80010b66	ffc40413	addi	x8,x8,-4	  x8:0x90000000  x8=0x8ffffffc
       69147000	     34473	80010b6a	4b19	c.li	x22,6	 x22=0x00000006
       69149000	     34474	80010b6c	0b22	c.slli	x22,0x8	 x22:0x00000006 x22=0x00000600
       69151000	     34475	80010b6e	000b0b13	addi	x22,x22,0	 x22:0x00000600 x22=0x00000600
       69185000	     34492	80010b72	01642023	sw	x22,0(x8)	  x8:0x8ffffffc x22:0x00000600 PA:0x8ffffffc store:0x00000600 load:0x00000600
       69205000	     34502	80010b76	34202b73	csrrs	x22,mcause,x0	  x0:0x00000000 x22=0x80000011
       69247000	     34523	80010b7a	01fb5b13	srli	x22,x22,0x1f	 x22:0x80000011 x22=0x00000001
       69249000	     34524	80010b7e	060b0c63	beq	x22,x0,80010bf6	 x22:0x00000001  x0:0x00000000  x0=0x00000000
       69251000	     34525	80010b82	90000437	lui	x8,0x90000	  x8=0x90000000
       69271000	     34535	80010b86	ffc40413	addi	x8,x8,-4	  x8:0x90000000  x8=0x8ffffffc
       69275000	     34537	80010b8a	30000b13	addi	x22,x0,768	  x0:0x00000000 x22=0x00000300
       69277000	     34538	80010b8e	0b22	c.slli	x22,0x8	 x22:0x00000300 x22=0x00030000
       69285000	     34542	80010b90	0b0d	c.addi	x22,3	 x22:0x00030000 x22=0x00030003
       69313000	     34556	80010b92	01642023	sw	x22,0(x8)	  x8:0x8ffffffc x22:0x00030003 PA:0x8ffffffc store:0x00030003 load:0x00030003
       69327000	     34563	80010b96	30002b73	csrrs	x22,mstatus,x0	  x0:0x00000000 x22=0x00000080
       69385000	     34592	80010b9a	01642023	sw	x22,0(x8)	  x8:0x8ffffffc x22:0x00000080 PA:0x8ffffffc store:0x00000080 load:0x00000080
       69387000	     34593	80010b9e	90000437	lui	x8,0x90000	  x8=0x90000000
       69389000	     34594	80010ba2	ffc40413	addi	x8,x8,-4	  x8:0x90000000  x8=0x8ffffffc
       69411000	     34605	80010ba6	34200b13	addi	x22,x0,834	  x0:0x00000000 x22=0x00000342
       69413000	     34606	80010baa	0b22	c.slli	x22,0x8	 x22:0x00000342 x22=0x00034200
       69437000	     34618	80010bac	0b0d	c.addi	x22,3	 x22:0x00034200 x22=0x00034203
       69513000	     34656	80010bae	01642023	sw	x22,0(x8)	  x8:0x8ffffffc x22:0x00034203 PA:0x8ffffffc store:0x00034203 load:0x00034203
       69515000	     34657	80010bb2	34202b73	csrrs	x22,mcause,x0	  x0:0x00000000 x22=0x80000011
       69539000	     34669	80010bb6	01642023	sw	x22,0(x8)	  x8:0x8ffffffc x22:0x80000011 PA:0x8ffffffc store:0x80000011 load:0x80000011
       69541000	     34670	80010bba	90000437	lui	x8,0x90000	  x8=0x90000000
       69561000	     34680	80010bbe	ffc40413	addi	x8,x8,-4	  x8:0x90000000  x8=0x8ffffffc
       69583000	     34691	80010bc2	30400b13	addi	x22,x0,772	  x0:0x00000000 x22=0x00000304
       69585000	     34692	80010bc6	0b22	c.slli	x22,0x8	 x22:0x00000304 x22=0x00030400
       69603000	     34701	80010bc8	0b0d	c.addi	x22,3	 x22:0x00030400 x22=0x00030403
       69649000	     34724	80010bca	01642023	sw	x22,0(x8)	  x8:0x8ffffffc x22:0x00030403 PA:0x8ffffffc store:0x00030403 load:0x00030403
       69651000	     34725	80010bce	30402b73	csrrs	x22,mie,x0	  x0:0x00000000 x22=0x40bf0808
       69703000	     34751	80010bd2	01642023	sw	x22,0(x8)	  x8:0x8ffffffc x22:0x40bf0808 PA:0x8ffffffc store:0x40bf0808 load:0x40bf0808
       69705000	     34752	80010bd6	90000437	lui	x8,0x90000	  x8=0x90000000
       69707000	     34753	80010bda	ffc40413	addi	x8,x8,-4	  x8:0x90000000  x8=0x8ffffffc
       69723000	     34761	80010bde	34400b13	addi	x22,x0,836	  x0:0x00000000 x22=0x00000344
       69725000	     34762	80010be2	0b22	c.slli	x22,0x8	 x22:0x00000344 x22=0x00034400
       69727000	     34763	80010be4	0b0d	c.addi	x22,3	 x22:0x00034400 x22=0x00034403
       69803000	     34801	80010be6	01642023	sw	x22,0(x8)	  x8:0x8ffffffc x22:0x00034403 PA:0x8ffffffc store:0x00034403 load:0x00034403
       69805000	     34802	80010bea	34402b73	csrrs	x22,mip,x0	  x0:0x00000000 x22=0x00020X00
       69863000	     34831	80010bee	01642023	sw	x22,0(x8)	  x8:0x8ffffffc x22:0x00020X00 PA:0x8ffffffc store:0x00020X00 load:0x00020000
       69867000	     34833	80010bf2	40e0206f	jal	x0,80013000	  x0=0x00000000
       69869000	     34834	80013000	30002b73	csrrs	x22,mstatus,x0	  x0:0x00000000 x22=0x00000080
       69931000	     34865	80013004	30402b73	csrrs	x22,mie,x0	  x0:0x00000000 x22=0x40bf0808
       69973000	     34886	80013008	34402b73	csrrs	x22,mip,x0	  x0:0x00000000 x22=0x00020X00
       69979000	     34889	8001300c	344b3b73	csrrc	x22,mip,x22	 x22:0x00020X00 x22=0x00020X00
       69991000	     34895	80013010	90000437	lui	x8,0x90000	  x8=0x90000000
       70043000	     34921	80013014	ffc40413	addi	x8,x8,-4	  x8:0x90000000  x8=0x8ffffffc
       70073000	     34936	80013018	4b1d	c.li	x22,7	 x22=0x00000007
       70075000	     34937	8001301a	0b22	c.slli	x22,0x8	 x22:0x00000007 x22=0x00000700
       70083000	     34941	8001301c	000b0b13	addi	x22,x22,0	 x22:0x00000700 x22=0x00000700
       70127000	     34963	80013020	01642023	sw	x22,0(x8)	  x8:0x8ffffffc x22:0x00000700 PA:0x8ffffffc store:0x00000700 load:0x00000700
       70169000	     34984	80013024	0042a083	lw	x1,4(x5)	  x5:0x80022da0  x1=0x00000823 PA:0x80022da4 store:0x1069df07
       70173000	     34986	80013028	0082a103	lw	x2,8(x5)	  x5:0x80022da0  x2=0xfffffff1 PA:0x80022da8 store:0x8ffffffc
       70177000	     34988	8001302c	00c2a183	lw	x3,12(x5)	  x5:0x80022da0  x3=0x000041a6 PA:0x80022dac store:0x00000001
       70193000	     34996	80013030	0102a203	lw	x4,16(x5)	  x5:0x80022da0  x4=0x1069df07 PA:0x80022db0 store:0x8000ec66
       70233000	     35016	80013034	0142a283	lw	x5,20(x5)	  x5:0x80022da0  x5=0x80022da0 PA:0x80022db4 store:0x88833b70
       70253000	     35026	80013038	0182a303	lw	x6,24(x5)	  x5:0x80022da0  x6=0x00000000 PA:0x80022db8 store:0x2000036a
       70277000	     35038	8001303c	01c2a383	lw	x7,28(x5)	  x5:0x80022da0  x7=0x00004001 PA:0x80022dbc store:0xfffffff1
       70317000	     35058	80013040	0202a403	lw	x8,32(x5)	  x5:0x80022da0  x8=0x00000002 PA:0x80022dc0 store:0x00000000
       70321000	     35060	80013044	0242a483	lw	x9,36(x5)	  x5:0x80022da0  x9=0xffffffff PA:0x80022dc4 store:0x1069df07
       70335000	     35067	80013048	0282a503	lw	x10,40(x5)	  x5:0x80022da0 x10=0xffffff92 PA:0x80022dc8 store:0x00000002
       70379000	     35089	8001304c	02c2a583	lw	x11,44(x5)	  x5:0x80022da0 x11=0xfffffff1 PA:0x80022dcc store:0x00000001
       70385000	     35092	80013050	0302a603	lw	x12,48(x5)	  x5:0x80022da0 x12=0x00000001 PA:0x80022dd0 store:0x8000ec66
       70409000	     35104	80013054	0342a683	lw	x13,52(x5)	  x5:0x80022da0 x13=0x88833b80 PA:0x80022dd4 store:0x88833b70
       70413000	     35106	80013058	0382a703	lw	x14,56(x5)	  x5:0x80022da0 x14=0x00000000 PA:0x80022dd8 store:0x2000036a
       70443000	     35121	8001305c	03c2a783	lw	x15,60(x5)	  x5:0x80022da0 x15=0x00000000 PA:0x80022ddc store:0xfffffff1
       70447000	     35123	80013060	0402a803	lw	x16,64(x5)	  x5:0x80022da0 x16=0x8000ec66 PA:0x80022de0 store:0x00000000
       70501000	     35150	80013064	0442a883	lw	x17,68(x5)	  x5:0x80022da0 x17=0xf0700000 PA:0x80022de4 store:0x1069df07
       70527000	     35163	80013068	0482a903	lw	x18,72(x5)	  x5:0x80022da0 x18=0x000000b0 PA:0x80022de8 store:0x00000002
       70541000	     35170	8001306c	04c2a983	lw	x19,76(x5)	  x5:0x80022da0 x19=0x80026e7c PA:0x80022dec store:0x00000001
       70547000	     35173	80013070	0502aa03	lw	x20,80(x5)	  x5:0x80022da0 x20=0x88833b70 PA:0x80022df0 store:0x8000ec66
       70563000	     35181	80013074	0542aa83	lw	x21,84(x5)	  x5:0x80022da0 x21=0x20000000 PA:0x80022df4 store:0x88833b70
       70599000	     35199	80013078	0582ab03	lw	x22,88(x5)	  x5:0x80022da0 x22=0x80015203 PA:0x80022df8 store:0x2000036a
       70653000	     35226	8001307c	05c2ab83	lw	x23,92(x5)	  x5:0x80022da0 x23=0x20000000 PA:0x80022dfc store:0xfffffff1
       70677000	     35238	80013080	0602ac03	lw	x24,96(x5)	  x5:0x80022da0 x24=0x2000036a PA:0x80022e00 store:0x00000000
       70705000	     35252	80013084	0642ac83	lw	x25,100(x5)	  x5:0x80022da0 x25=0x0001ffff PA:0x80022e04 store:0x1069df07
       70709000	     35254	80013088	0682ad03	lw	x26,104(x5)	  x5:0x80022da0 x26=0x00020009 PA:0x80022e08 store:0x00000002
       70713000	     35256	8001308c	06c2ad83	lw	x27,108(x5)	  x5:0x80022da0 x27=0xc8ac3000 PA:0x80022e0c store:0x00000001
       70769000	     35284	80013090	0702ae03	lw	x28,112(x5)	  x5:0x80022da0 x28=0xfffffff1 PA:0x80022e10 store:0x8000ec66
       70793000	     35296	80013094	0742ae83	lw	x29,116(x5)	  x5:0x80022da0 x29=0xffffffbb PA:0x80022e14 store:0x88833b70
       70829000	     35314	80013098	0782af03	lw	x30,120(x5)	  x5:0x80022da0 x30=0x80015203 PA:0x80022e18 store:0x2000036a
       70883000	     35341	8001309c	07c2af83	lw	x31,124(x5)	  x5:0x80022da0 x31=0x88833b20 PA:0x80022e1c store:0xfffffff1
       70885000	     35342	800130a0	07c28293	addi	x5,x5,124	  x5:0x80022da0  x5=0x80022e1c
       70887000	     35343	800130a4	30200073	mret	
       70945000	     35372	80000c0a	37917497	auipc	x9,0x37917	  x9=0xb7917c0a
       70979000	     35389	80000c0e	e5a80167	jalr	x2,-422(x16)	 x16:0x8000ec66  x2=0x80000c12
       71021000	     35410	8000eac0	0725	c.addi	x14,9	 x14:0x00000000 x14=0x00000009
       71023000	     35411	8000eac2	4a75	c.li	x20,29	 x20=0x0000001d
       71063000	     35431	8000eac4	8fbd	c.xor	x15,x15	 x15:0x00000000 x15:0x00000000 x15=0x00000000
       71065000	     35432	8000eac6	8d25	c.xor	x10,x9	 x10:0xffffff92  x9:0xb7917c0a x10=0x486e8398
       71067000	     35433	8000eac8	413d5533	sra	x10,x26,x19	 x26:0x00020009 x19:0x80026e7c x10=0x00000000
       71091000	     35445	8000eacc	1291	c.addi	x5,-28	  x5:0x80022e1c  x5=0x80022e00
       71121000	     35460	8000eace	319f8e93	addi	x29,x31,793	 x31:0x88833b20 x29=0x88833e39
       71195000	     35497	8000ead2	03406e33	rem	x28,x0,x20	  x0:0x00000000 x20:0x0000001d x28=0x00000000
       71197000	     35498	8000ead6	c6d33a13	sltiu	x20,x6,-915	  x6:0x00000000 x20=0x00000001
       71199000	     35499	8000eada	3f668913	addi	x18,x13,1014	 x13:0x88833b80 x18=0x88833f76
       71235000	     35517	8000eade	0022a223	sw	x2,4(x5)	  x5:0x80022e00  x2:0x80000c12 PA:0x80022e04 store:0x80000c12 load:0x80000c12
       71237000	     35518	8000eae2	55fd	c.li	x11,-1	 x11=0xffffffff
       71311000	     35555	8000eae4	02d87533	remu	x10,x16,x13	 x16:0x8000ec66 x13:0x88833b80 x10=0x8000ec66
       71313000	     35556	8000eae8	81c1	c.srli	x11,0x10	 x11:0xffffffff x11=0x0000ffff
       71315000	     35557	8000eaea	0942	c.slli	x18,0x10	 x18:0x88833f76 x18=0x3f760000
       71317000	     35558	8000eaec	01ecafb3	slt	x31,x25,x30	 x25:0x0001ffff x30:0x80015203 x31=0x00000000
       71391000	     35595	8000eaf0	03037033	remu	x0,x6,x16	  x6:0x00000000 x16:0x8000ec66  x0=0x00000000
       71393000	     35596	8000eaf4	414d0133	sub	x2,x26,x20	 x26:0x00020009 x20:0x00000001  x2=0x00020008
       71395000	     35597	8000eaf8	00b86233	or	x4,x16,x11	 x16:0x8000ec66 x11:0x0000ffff  x4=0x8000ffff
       71397000	     35598	8000eafc	01971b33	sll	x22,x14,x25	 x14:0x00000009 x25:0x0001ffff x22=0x80000000
       71419000	     35609	8000eb00	6419	c.lui	x8,0x6	  x8=0x00006000
       71509000	     35654	80012044	a9ffe06f	jal	x0,80010ae2	  x0=0x00000000
       71557000	     35678	80010ae2	f8428293	addi	x5,x5,-124	  x5:0x80022e00  x5=0x80022d84
       71601000	     35700	80010ae6	0012a223	sw	x1,4(x5)	  x5:0x80022d84  x1:0x00000823 PA:0x80022d88 store:0x00000823 load:0x00000823
       71639000	     35719	80010aea	0022a423	sw	x2,8(x5)	  x5:0x80022d84  x2:0x00020008 PA:0x80022d8c store:0x00020008 load:0x00020008
       71663000	     35731	80010aee	0032a623	sw	x3,12(x5)	  x5:0x80022d84  x3:0x000041a6 PA:0x80022d90 store:0x000041a6 load:0x000041a6
       71677000	     35738	80010af2	0042a823	sw	x4,16(x5)	  x5:0x80022d84  x4:0x8000ffff PA:0x80022d94 store:0x8000ffff load:0x8000ffff
       71681000	     35740	80010af6	0052aa23	sw	x5,20(x5)	  x5:0x80022d84  x5:0x80022d84 PA:0x80022d98 store:0x80022d84 load:0x80022d84
       71693000	     35746	80010afa	0062ac23	sw	x6,24(x5)	  x5:0x80022d84  x6:0x00000000 PA:0x80022d9c store:0x00000000 load:0x00000000
       71709000	     35754	80010afe	0072ae23	sw	x7,28(x5)	  x5:0x80022d84  x7:0x00004001 PA:0x80022da0 store:0x00004001 load:0x00004001
       71723000	     35761	80010b02	0282a023	sw	x8,32(x5)	  x5:0x80022d84  x8:0x00006000 PA:0x80022da4 store:0x00006000 load:0x00006000
       71767000	     35783	80010b06	0292a223	sw	x9,36(x5)	  x5:0x80022d84  x9:0xb7917c0a PA:0x80022da8 store:0xb7917c0a load:0xb7917c0a
       71827000	     35813	80010b0a	02a2a423	sw	x10,40(x5)	  x5:0x80022d84 x10:0x8000ec66 PA:0x80022dac store:0x8000ec66 load:0x8000ec66
       71851000	     35825	80010b0e	02b2a623	sw	x11,44(x5)	  x5:0x80022d84 x11:0x0000ffff PA:0x80022db0 store:0x0000ffff load:0x0000ffff
       71915000	     35857	80010b12	02c2a823	sw	x12,48(x5)	  x5:0x80022d84 x12:0x00000001 PA:0x80022db4 store:0x00000001 load:0x00000001
       71933000	     35866	80010b16	02d2aa23	sw	x13,52(x5)	  x5:0x80022d84 x13:0x88833b80 PA:0x80022db8 store:0x88833b80 load:0x88833b80
       71967000	     35883	80010b1a	02e2ac23	sw	x14,56(x5)	  x5:0x80022d84 x14:0x00000009 PA:0x80022dbc store:0x00000009 load:0x00000009
       71975000	     35887	80010b1e	02f2ae23	sw	x15,60(x5)	  x5:0x80022d84 x15:0x00000000 PA:0x80022dc0 store:0x00000000 load:0x00000000
       72023000	     35911	80010b22	0502a023	sw	x16,64(x5)	  x5:0x80022d84 x16:0x8000ec66 PA:0x80022dc4 store:0x8000ec66 load:0x8000ec66
       72035000	     35917	80010b26	0512a223	sw	x17,68(x5)	  x5:0x80022d84 x17:0xf0700000 PA:0x80022dc8 store:0xf0700000 load:0xf0700000
       72047000	     35923	80010b2a	0522a423	sw	x18,72(x5)	  x5:0x80022d84 x18:0x3f760000 PA:0x80022dcc store:0x3f760000 load:0x3f760000
       72079000	     35939	80010b2e	0532a623	sw	x19,76(x5)	  x5:0x80022d84 x19:0x80026e7c PA:0x80022dd0 store:0x80026e7c load:0x80026e7c
       72085000	     35942	80010b32	0542a823	sw	x20,80(x5)	  x5:0x80022d84 x20:0x00000001 PA:0x80022dd4 store:0x00000001 load:0x00000001
       72089000	     35944	80010b36	0552aa23	sw	x21,84(x5)	  x5:0x80022d84 x21:0x20000000 PA:0x80022dd8 store:0x20000000 load:0x20000000
       72191000	     35995	80010b3a	0562ac23	sw	x22,88(x5)	  x5:0x80022d84 x22:0x80000000 PA:0x80022ddc store:0x80000000 load:0x80000000
       72235000	     36017	80010b3e	0572ae23	sw	x23,92(x5)	  x5:0x80022d84 x23:0x20000000 PA:0x80022de0 store:0x20000000 load:0x20000000
       72259000	     36029	80010b42	0782a023	sw	x24,96(x5)	  x5:0x80022d84 x24:0x2000036a PA:0x80022de4 store:0x2000036a load:0x2000036a
       72293000	     36046	80010b46	0792a223	sw	x25,100(x5)	  x5:0x80022d84 x25:0x0001ffff PA:0x80022de8 store:0x0001ffff load:0x0001ffff
       72297000	     36048	80010b4a	07a2a423	sw	x26,104(x5)	  x5:0x80022d84 x26:0x00020009 PA:0x80022dec store:0x00020009 load:0x00020009
       72315000	     36057	80010b4e	07b2a623	sw	x27,108(x5)	  x5:0x80022d84 x27:0xc8ac3000 PA:0x80022df0 store:0xc8ac3000 load:0xc8ac3000
       72365000	     36082	80010b52	07c2a823	sw	x28,112(x5)	  x5:0x80022d84 x28:0x00000000 PA:0x80022df4 store:0x00000000 load:0x00000000
       72369000	     36084	80010b56	07d2aa23	sw	x29,116(x5)	  x5:0x80022d84 x29:0x88833e39 PA:0x80022df8 store:0x88833e39 load:0x88833e39
       72389000	     36094	80010b5a	07e2ac23	sw	x30,120(x5)	  x5:0x80022d84 x30:0x80015203 PA:0x80022dfc store:0x80015203 load:0x80015203
       72441000	     36120	80010b5e	07f2ae23	sw	x31,124(x5)	  x5:0x80022d84 x31:0x00000000 PA:0x80022e00 store:0x00000000 load:0x00000000
       72443000	     36121	80010b62	90000437	lui	x8,0x90000	  x8=0x90000000
       72445000	     36122	80010b66	ffc40413	addi	x8,x8,-4	  x8:0x90000000  x8=0x8ffffffc
       72447000	     36123	80010b6a	4b19	c.li	x22,6	 x22=0x00000006
       72465000	     36132	80010b6c	0b22	c.slli	x22,0x8	 x22:0x00000006 x22=0x00000600
       72497000	     36148	80010b6e	000b0b13	addi	x22,x22,0	 x22:0x00000600 x22=0x00000600
       72517000	     36158	80010b72	01642023	sw	x22,0(x8)	  x8:0x8ffffffc x22:0x00000600 PA:0x8ffffffc store:0x00000600 load:0x00000600
       72521000	     36160	80010b76	34202b73	csrrs	x22,mcause,x0	  x0:0x00000000 x22=0x80000011
       72523000	     36161	80010b7a	01fb5b13	srli	x22,x22,0x1f	 x22:0x80000011 x22=0x00000001
       72541000	     36170	80010b7e	060b0c63	beq	x22,x0,80010bf6	 x22:0x00000001  x0:0x00000000  x0=0x00000000
       72549000	     36174	80010b82	90000437	lui	x8,0x90000	  x8=0x90000000
       72555000	     36177	80010b86	ffc40413	addi	x8,x8,-4	  x8:0x90000000  x8=0x8ffffffc
       72573000	     36186	80010b8a	30000b13	addi	x22,x0,768	  x0:0x00000000 x22=0x00000300
       72575000	     36187	80010b8e	0b22	c.slli	x22,0x8	 x22:0x00000300 x22=0x00030000
       72577000	     36188	80010b90	0b0d	c.addi	x22,3	 x22:0x00030000 x22=0x00030003
       72671000	     36235	80010b92	01642023	sw	x22,0(x8)	  x8:0x8ffffffc x22:0x00030003 PA:0x8ffffffc store:0x00030003 load:0x00030003
       72673000	     36236	80010b96	30002b73	csrrs	x22,mstatus,x0	  x0:0x00000000 x22=0x00000080
       72711000	     36255	80010b9a	01642023	sw	x22,0(x8)	  x8:0x8ffffffc x22:0x00000080 PA:0x8ffffffc store:0x00000080 load:0x00000080
       72713000	     36256	80010b9e	90000437	lui	x8,0x90000	  x8=0x90000000
       72715000	     36257	80010ba2	ffc40413	addi	x8,x8,-4	  x8:0x90000000  x8=0x8ffffffc
       72719000	     36259	80010ba6	34200b13	addi	x22,x0,834	  x0:0x00000000 x22=0x00000342
       72721000	     36260	80010baa	0b22	c.slli	x22,0x8	 x22:0x00000342 x22=0x00034200
       72723000	     36261	80010bac	0b0d	c.addi	x22,3	 x22:0x00034200 x22=0x00034203
       72745000	     36272	80010bae	01642023	sw	x22,0(x8)	  x8:0x8ffffffc x22:0x00034203 PA:0x8ffffffc store:0x00034203 load:0x00034203
       72765000	     36282	80010bb2	34202b73	csrrs	x22,mcause,x0	  x0:0x00000000 x22=0x80000011
       72831000	     36315	80010bb6	01642023	sw	x22,0(x8)	  x8:0x8ffffffc x22:0x80000011 PA:0x8ffffffc store:0x80000011 load:0x80000011
       72833000	     36316	80010bba	90000437	lui	x8,0x90000	  x8=0x90000000
       72835000	     36317	80010bbe	ffc40413	addi	x8,x8,-4	  x8:0x90000000  x8=0x8ffffffc
       72859000	     36329	80010bc2	30400b13	addi	x22,x0,772	  x0:0x00000000 x22=0x00000304
       72861000	     36330	80010bc6	0b22	c.slli	x22,0x8	 x22:0x00000304 x22=0x00030400
       72899000	     36349	80010bc8	0b0d	c.addi	x22,3	 x22:0x00030400 x22=0x00030403
       72935000	     36367	80010bca	01642023	sw	x22,0(x8)	  x8:0x8ffffffc x22:0x00030403 PA:0x8ffffffc store:0x00030403 load:0x00030403
       72937000	     36368	80010bce	30402b73	csrrs	x22,mie,x0	  x0:0x00000000 x22=0x40bf0808
       72941000	     36370	80010bd2	01642023	sw	x22,0(x8)	  x8:0x8ffffffc x22:0x40bf0808 PA:0x8ffffffc store:0x40bf0808 load:0x40bf0808
       72973000	     36386	80010bd6	90000437	lui	x8,0x90000	  x8=0x90000000
       72977000	     36388	80010bda	ffc40413	addi	x8,x8,-4	  x8:0x90000000  x8=0x8ffffffc
       72979000	     36389	80010bde	34400b13	addi	x22,x0,836	  x0:0x00000000 x22=0x00000344
       72981000	     36390	80010be2	0b22	c.slli	x22,0x8	 x22:0x00000344 x22=0x00034400
       72993000	     36396	80010be4	0b0d	c.addi	x22,3	 x22:0x00034400 x22=0x00034403
       73031000	     36415	80010be6	01642023	sw	x22,0(x8)	  x8:0x8ffffffc x22:0x00034403 PA:0x8ffffffc store:0x00034403 load:0x00034403
       73077000	     36438	80010bea	34402b73	csrrs	x22,mip,x0	  x0:0x00000000 x22=0x00020X00
       73167000	     36483	80010bee	01642023	sw	x22,0(x8)	  x8:0x8ffffffc x22:0x00020X00 PA:0x8ffffffc store:0x00020X00 load:0x00020000
       73171000	     36485	80010bf2	40e0206f	jal	x0,80013000	  x0=0x00000000
       73229000	     36514	80013000	30002b73	csrrs	x22,mstatus,x0	  x0:0x00000000 x22=0x00000080
       73231000	     36515	80013004	30402b73	csrrs	x22,mie,x0	  x0:0x00000000 x22=0x40bf0808
       73241000	     36520	80013008	34402b73	csrrs	x22,mip,x0	  x0:0x00000000 x22=0x00020X00
       73261000	     36530	8001300c	344b3b73	csrrc	x22,mip,x22	 x22:0x00020X00 x22=0x00020X00
       73263000	     36531	80013010	90000437	lui	x8,0x90000	  x8=0x90000000
       73269000	     36534	80013014	ffc40413	addi	x8,x8,-4	  x8:0x90000000  x8=0x8ffffffc
       73311000	     36555	80013018	4b1d	c.li	x22,7	 x22=0x00000007
       73313000	     36556	8001301a	0b22	c.slli	x22,0x8	 x22:0x00000007 x22=0x00000700
       73329000	     36564	8001301c	000b0b13	addi	x22,x22,0	 x22:0x00000700 x22=0x00000700
       73337000	     36568	80013020	01642023	sw	x22,0(x8)	  x8:0x8ffffffc x22:0x00000700 PA:0x8ffffffc store:0x00000700 load:0x00000700
       73391000	     36595	80013024	0042a083	lw	x1,4(x5)	  x5:0x80022d84  x1=0x00000823 PA:0x80022d88 store:0x8000ffff
       73415000	     36607	80013028	0082a103	lw	x2,8(x5)	  x5:0x80022d84  x2=0x00020008 PA:0x80022d8c store:0x8ffffffc
       73439000	     36619	8001302c	00c2a183	lw	x3,12(x5)	  x5:0x80022d84  x3=0x000041a6 PA:0x80022d90 store:0x00000001
       73445000	     36622	80013030	0102a203	lw	x4,16(x5)	  x5:0x80022d84  x4=0x8000ffff PA:0x80022d94 store:0x8000ec66
       73469000	     36634	80013034	0142a283	lw	x5,20(x5)	  x5:0x80022d84  x5=0x80022d84 PA:0x80022d98 store:0x00000001
       73525000	     36662	80013038	0182a303	lw	x6,24(x5)	  x5:0x80022d84  x6=0x00000000 PA:0x80022d9c store:0x2000036a
       73549000	     36674	8001303c	01c2a383	lw	x7,28(x5)	  x5:0x80022d84  x7=0x00004001 PA:0x80022da0 store:0x00000000
       73573000	     36686	80013040	0202a403	lw	x8,32(x5)	  x5:0x80022d84  x8=0x00006000 PA:0x80022da4 store:0x00000000
       73577000	     36688	80013044	0242a483	lw	x9,36(x5)	  x5:0x80022d84  x9=0xb7917c0a PA:0x80022da8 store:0x8000ffff
       73595000	     36697	80013048	0282a503	lw	x10,40(x5)	  x5:0x80022d84 x10=0x8000ec66 PA:0x80022dac store:0x00006000
       73609000	     36704	8001304c	02c2a583	lw	x11,44(x5)	  x5:0x80022d84 x11=0x0000ffff PA:0x80022db0 store:0x00000001
       73685000	     36742	80013050	0302a603	lw	x12,48(x5)	  x5:0x80022d84 x12=0x00000001 PA:0x80022db4 store:0x8000ec66
       73691000	     36745	80013054	0342a683	lw	x13,52(x5)	  x5:0x80022d84 x13=0x88833b80 PA:0x80022db8 store:0x00000001
       73731000	     36765	80013058	0382a703	lw	x14,56(x5)	  x5:0x80022d84 x14=0x00000009 PA:0x80022dbc store:0x2000036a
       73769000	     36784	8001305c	03c2a783	lw	x15,60(x5)	  x5:0x80022d84 x15=0x00000000 PA:0x80022dc0 store:0x00000000
       73777000	     36788	80013060	0402a803	lw	x16,64(x5)	  x5:0x80022d84 x16=0x8000ec66 PA:0x80022dc4 store:0x00000000
       73821000	     36810	80013064	0442a883	lw	x17,68(x5)	  x5:0x80022d84 x17=0xf0700000 PA:0x80022dc8 store:0x8000ffff
       73839000	     36819	80013068	0482a903	lw	x18,72(x5)	  x5:0x80022d84 x18=0x3f760000 PA:0x80022dcc store:0x00006000
       73855000	     36827	8001306c	04c2a983	lw	x19,76(x5)	  x5:0x80022d84 x19=0x80026e7c PA:0x80022dd0 store:0x00000001
       73907000	     36853	80013070	0502aa03	lw	x20,80(x5)	  x5:0x80022d84 x20=0x00000001 PA:0x80022dd4 store:0x8000ec66
       73919000	     36859	80013074	0542aa83	lw	x21,84(x5)	  x5:0x80022d84 x21=0x20000000 PA:0x80022dd8 store:0x00000001
       73953000	     36876	80013078	0582ab03	lw	x22,88(x5)	  x5:0x80022d84 x22=0x80000000 PA:0x80022ddc store:0x2000036a
       74013000	     36906	8001307c	05c2ab83	lw	x23,92(x5)	  x5:0x80022d84 x23=0x20000000 PA:0x80022de0 store:0x00000000
       74037000	     36918	80013080	0602ac03	lw	x24,96(x5)	  x5:0x80022d84 x24=0x2000036a PA:0x80022de4 store:0x00000000
       74041000	     36920	80013084	0642ac83	lw	x25,100(x5)	  x5:0x80022d84 x25=0x0001ffff PA:0x80022de8 store:0x8000ffff
       74045000	     36922	80013088	0682ad03	lw	x26,104(x5)	  x5:0x80022d84 x26=0x00020009 PA:0x80022dec store:0x00006000
       74061000	     36930	8001308c	06c2ad83	lw	x27,108(x5)	  x5:0x80022d84 x27=0xc8ac3000 PA:0x80022df0 store:0x00000001
       74103000	     36951	80013090	0702ae03	lw	x28,112(x5)	  x5:0x80022d84 x28=0x00000000 PA:0x80022df4 store:0x8000ec66
       74113000	     36956	80013094	0742ae83	lw	x29,116(x5)	  x5:0x80022d84 x29=0x88833e39 PA:0x80022df8 store:0x00000001
       74117000	     36958	80013098	0782af03	lw	x30,120(x5)	  x5:0x80022d84 x30=0x80015203 PA:0x80022dfc store:0x2000036a
       74155000	     36977	8001309c	07c2af83	lw	x31,124(x5)	  x5:0x80022d84 x31=0x00000000 PA:0x80022e00 store:0x00000000
       74157000	     36978	800130a0	07c28293	addi	x5,x5,124	  x5:0x80022d84  x5=0x80022e00
       74159000	     36979	800130a4	30200073	mret	
       74241000	     37020	8000eb02	871c0417	auipc	x8,0x871c0	  x8=0x071ceb02
       74245000	     37022	8000eb06	2110016f	jal	x2,8000f516	  x2=0x8000eb0a
       74257000	     37028	8000f516	3975bb37	lui	x22,0x3975b	 x22=0x3975b000
       74279000	     37039	8000f51a	007e7263	bgeu	x28,x7,8000f51e	 x28:0x00000000  x7:0x00004001  x0=0x00000000
       74301000	     37050	8000f51e	fc028293	addi	x5,x5,-64	  x5:0x80022e00  x5=0x80022dc0
       74345000	     37072	8000f522	0022a223	sw	x2,4(x5)	  x5:0x80022dc0  x2:0x8000eb0a PA:0x80022dc4 store:0x8000eb0a load:0x8000eb0a
       74347000	     37073	8000f526	00910233	add	x4,x2,x9	  x2:0x8000eb0a  x9:0xb7917c0a  x4=0x37926714
       74349000	     37074	8000f52a	30d66f93	ori	x31,x12,781	 x12:0x00000001 x31=0x0000030d
       74445000	     37122	8000f52e	039cfdb3	remu	x27,x25,x25	 x25:0x0001ffff x25:0x0001ffff x27=0x00000000
       74449000	     37124	8000f532	03f66063	bltu	x12,x31,8000f552	 x12:0x00000001 x31:0x0000030d  x0=0x00000000
       74491000	     37145	8000f552	e8df116f	jal	x2,800013de	  x2=0x8000f556
       74555000	     37177	800013de	fc028293	addi	x5,x5,-64	  x5:0x80022dc0  x5=0x80022d80
       74565000	     37182	800013e2	0022a223	sw	x2,4(x5)	  x5:0x80022d80  x2:0x8000f556 PA:0x80022d84 store:0x8000f556 load:0x8000f556
       74567000	     37183	800013e6	86dd	c.srai	x13,0x17	 x13:0x88833b80 x13=0xffffff11
       74619000	     37209	800013e8	0ff0000f	fence	iorwiorwiorwiorwiorw,iorwiorwiorwiorwiorwiorw	
       74653000	     37226	800013ec	017dab33	slt	x22,x27,x23	 x27:0x00000000 x23:0x20000000 x22=0x00000001
       74665000	     37232	800013f0	9b03c697	auipc	x13,0x9b03c	 x13=0x1b03d3f0
       74705000	     37252	800013f4	0220016f	jal	x2,80001416	  x2=0x800013f8
       74725000	     37262	80001416	37ed	c.jal	80001400	  x1=0x80001418
       74741000	     37270	80001400	01400eef	jal	x29,80001414	 x29=0x80001404
       74785000	     37292	80001414	bfdd	c.j	8000140a	
       74835000	     37317	8000140a	004000ef	jal	x1,8000140e	  x1=0x8000140e
       74861000	     37330	8000140e	fefff0ef	jal	x1,800013fc	  x1=0x80001412
       74961000	     37380	8001205c	916ff06f	jal	x0,80011172	  x0=0x00000000
       75013000	     37406	80011172	f8428293	addi	x5,x5,-124	  x5:0x80022d80  x5=0x80022d04
       75037000	     37418	80011176	0012a223	sw	x1,4(x5)	  x5:0x80022d04  x1:0x80001412 PA:0x80022d08 store:0x80001412 load:0x80001412
       75087000	     37443	8001117a	0022a423	sw	x2,8(x5)	  x5:0x80022d04  x2:0x800013f8 PA:0x80022d0c store:0x800013f8 load:0x800013f8
       75111000	     37455	8001117e	0032a623	sw	x3,12(x5)	  x5:0x80022d04  x3:0x000041a6 PA:0x80022d10 store:0x000041a6 load:0x000041a6
       75135000	     37467	80011182	0042a823	sw	x4,16(x5)	  x5:0x80022d04  x4:0x37926714 PA:0x80022d14 store:0x37926714 load:0x37926714
       75179000	     37489	80011186	0052aa23	sw	x5,20(x5)	  x5:0x80022d04  x5:0x80022d04 PA:0x80022d18 store:0x80022d04 load:0x80022d04
       75227000	     37513	8001118a	0062ac23	sw	x6,24(x5)	  x5:0x80022d04  x6:0x00000000 PA:0x80022d1c store:0x00000000 load:0x00000000
       75293000	     37546	8001118e	0072ae23	sw	x7,28(x5)	  x5:0x80022d04  x7:0x00004001 PA:0x80022d20 store:0x00004001 load:0x00004001
       75343000	     37571	80011192	0282a023	sw	x8,32(x5)	  x5:0x80022d04  x8:0x071ceb02 PA:0x80022d24 store:0x071ceb02 load:0x071ceb02
       75349000	     37574	80011196	0292a223	sw	x9,36(x5)	  x5:0x80022d04  x9:0xb7917c0a PA:0x80022d28 store:0xb7917c0a load:0xb7917c0a
       75359000	     37579	8001119a	02a2a423	sw	x10,40(x5)	  x5:0x80022d04 x10:0x8000ec66 PA:0x80022d2c store:0x8000ec66 load:0x8000ec66
       75427000	     37613	8001119e	02b2a623	sw	x11,44(x5)	  x5:0x80022d04 x11:0x0000ffff PA:0x80022d30 store:0x0000ffff load:0x0000ffff
       75469000	     37634	800111a2	02c2a823	sw	x12,48(x5)	  x5:0x80022d04 x12:0x00000001 PA:0x80022d34 store:0x00000001 load:0x00000001
       75493000	     37646	800111a6	02d2aa23	sw	x13,52(x5)	  x5:0x80022d04 x13:0x1b03d3f0 PA:0x80022d38 store:0x1b03d3f0 load:0x1b03d3f0
       75517000	     37658	800111aa	02e2ac23	sw	x14,56(x5)	  x5:0x80022d04 x14:0x00000009 PA:0x80022d3c store:0x00000009 load:0x00000009
       75571000	     37685	800111ae	02f2ae23	sw	x15,60(x5)	  x5:0x80022d04 x15:0x00000000 PA:0x80022d40 store:0x00000000 load:0x00000000
       75595000	     37697	800111b2	0502a023	sw	x16,64(x5)	  x5:0x80022d04 x16:0x8000ec66 PA:0x80022d44 store:0x8000ec66 load:0x8000ec66
       75619000	     37709	800111b6	0512a223	sw	x17,68(x5)	  x5:0x80022d04 x17:0xf0700000 PA:0x80022d48 store:0xf0700000 load:0xf0700000
       75643000	     37721	800111ba	0522a423	sw	x18,72(x5)	  x5:0x80022d04 x18:0x3f760000 PA:0x80022d4c store:0x3f760000 load:0x3f760000
       75667000	     37733	800111be	0532a623	sw	x19,76(x5)	  x5:0x80022d04 x19:0x80026e7c PA:0x80022d50 store:0x80026e7c load:0x80026e7c
       75675000	     37737	800111c2	0542a823	sw	x20,80(x5)	  x5:0x80022d04 x20:0x00000001 PA:0x80022d54 store:0x00000001 load:0x00000001
       75709000	     37754	800111c6	0552aa23	sw	x21,84(x5)	  x5:0x80022d04 x21:0x20000000 PA:0x80022d58 store:0x20000000 load:0x20000000
       75751000	     37775	800111ca	0562ac23	sw	x22,88(x5)	  x5:0x80022d04 x22:0x00000001 PA:0x80022d5c store:0x00000001 load:0x00000001
       75775000	     37787	800111ce	0572ae23	sw	x23,92(x5)	  x5:0x80022d04 x23:0x20000000 PA:0x80022d60 store:0x20000000 load:0x20000000
       75787000	     37793	800111d2	0782a023	sw	x24,96(x5)	  x5:0x80022d04 x24:0x2000036a PA:0x80022d64 store:0x2000036a load:0x2000036a
       75831000	     37815	800111d6	0792a223	sw	x25,100(x5)	  x5:0x80022d04 x25:0x0001ffff PA:0x80022d68 store:0x0001ffff load:0x0001ffff
       75855000	     37827	800111da	07a2a423	sw	x26,104(x5)	  x5:0x80022d04 x26:0x00020009 PA:0x80022d6c store:0x00020009 load:0x00020009
       75891000	     37845	800111de	07b2a623	sw	x27,108(x5)	  x5:0x80022d04 x27:0x00000000 PA:0x80022d70 store:0x00000000 load:0x00000000
       75915000	     37857	800111e2	07c2a823	sw	x28,112(x5)	  x5:0x80022d04 x28:0x00000000 PA:0x80022d74 store:0x00000000 load:0x00000000
       75937000	     37868	800111e6	07d2aa23	sw	x29,116(x5)	  x5:0x80022d04 x29:0x80001404 PA:0x80022d78 store:0x80001404 load:0x80001404
       75941000	     37870	800111ea	07e2ac23	sw	x30,120(x5)	  x5:0x80022d04 x30:0x80015203 PA:0x80022d7c store:0x80015203 load:0x80015203
       75973000	     37886	800111ee	07f2ae23	sw	x31,124(x5)	  x5:0x80022d04 x31:0x0000030d PA:0x80022d80 store:0x0000030d load:0x0000030d
       76011000	     37905	800111f2	90000437	lui	x8,0x90000	  x8=0x90000000
       76013000	     37906	800111f6	ffc40413	addi	x8,x8,-4	  x8:0x90000000  x8=0x8ffffffc
       76015000	     37907	800111fa	4b19	c.li	x22,6	 x22=0x00000006
       76023000	     37911	800111fc	0b22	c.slli	x22,0x8	 x22:0x00000006 x22=0x00000600
       76045000	     37922	800111fe	000b0b13	addi	x22,x22,0	 x22:0x00000600 x22=0x00000600
       76069000	     37934	80011202	01642023	sw	x22,0(x8)	  x8:0x8ffffffc x22:0x00000600 PA:0x8ffffffc store:0x00000600 load:0x00000600
       76083000	     37941	80011206	34202b73	csrrs	x22,mcause,x0	  x0:0x00000000 x22=0x80000017
       76131000	     37965	8001120a	01fb5b13	srli	x22,x22,0x1f	 x22:0x80000017 x22=0x00000001
       76133000	     37966	8001120e	060b0c63	beq	x22,x0,80011286	 x22:0x00000001  x0:0x00000000  x0=0x00000000
       76155000	     37977	80011212	90000437	lui	x8,0x90000	  x8=0x90000000
       76179000	     37989	80011216	ffc40413	addi	x8,x8,-4	  x8:0x90000000  x8=0x8ffffffc
       76199000	     37999	8001121a	30000b13	addi	x22,x0,768	  x0:0x00000000 x22=0x00000300
       76201000	     38000	8001121e	0b22	c.slli	x22,0x8	 x22:0x00000300 x22=0x00030000
       76203000	     38001	80011220	0b0d	c.addi	x22,3	 x22:0x00030000 x22=0x00030003
       76257000	     38028	80011222	01642023	sw	x22,0(x8)	  x8:0x8ffffffc x22:0x00030003 PA:0x8ffffffc store:0x00030003 load:0x00030003
       76291000	     38045	80011226	30002b73	csrrs	x22,mstatus,x0	  x0:0x00000000 x22=0x00000080
       76297000	     38048	8001122a	01642023	sw	x22,0(x8)	  x8:0x8ffffffc x22:0x00000080 PA:0x8ffffffc store:0x00000080 load:0x00000080
       76321000	     38060	8001122e	90000437	lui	x8,0x90000	  x8=0x90000000
       76333000	     38066	80011232	ffc40413	addi	x8,x8,-4	  x8:0x90000000  x8=0x8ffffffc
       76355000	     38077	80011236	34200b13	addi	x22,x0,834	  x0:0x00000000 x22=0x00000342
       76357000	     38078	8001123a	0b22	c.slli	x22,0x8	 x22:0x00000342 x22=0x00034200
       76359000	     38079	8001123c	0b0d	c.addi	x22,3	 x22:0x00034200 x22=0x00034203
       76457000	     38128	8001123e	01642023	sw	x22,0(x8)	  x8:0x8ffffffc x22:0x00034203 PA:0x8ffffffc store:0x00034203 load:0x00034203
       76459000	     38129	80011242	34202b73	csrrs	x22,mcause,x0	  x0:0x00000000 x22=0x80000017
       76489000	     38144	80011246	01642023	sw	x22,0(x8)	  x8:0x8ffffffc x22:0x80000017 PA:0x8ffffffc store:0x80000017 load:0x80000017
       76491000	     38145	8001124a	90000437	lui	x8,0x90000	  x8=0x90000000
       76507000	     38153	8001124e	ffc40413	addi	x8,x8,-4	  x8:0x90000000  x8=0x8ffffffc
       76509000	     38154	80011252	30400b13	addi	x22,x0,772	  x0:0x00000000 x22=0x00000304
       76511000	     38155	80011256	0b22	c.slli	x22,0x8	 x22:0x00000304 x22=0x00030400
       76513000	     38156	80011258	0b0d	c.addi	x22,3	 x22:0x00030400 x22=0x00030403
       76615000	     38207	8001125a	01642023	sw	x22,0(x8)	  x8:0x8ffffffc x22:0x00030403 PA:0x8ffffffc store:0x00030403 load:0x00030403
       76617000	     38208	8001125e	30402b73	csrrs	x22,mie,x0	  x0:0x00000000 x22=0x40bf0808
       76641000	     38220	80011262	01642023	sw	x22,0(x8)	  x8:0x8ffffffc x22:0x40bf0808 PA:0x8ffffffc store:0x40bf0808 load:0x40bf0808
       76643000	     38221	80011266	90000437	lui	x8,0x90000	  x8=0x90000000
       76645000	     38222	8001126a	ffc40413	addi	x8,x8,-4	  x8:0x90000000  x8=0x8ffffffc
       76665000	     38232	8001126e	34400b13	addi	x22,x0,836	  x0:0x00000000 x22=0x00000344
       76667000	     38233	80011272	0b22	c.slli	x22,0x8	 x22:0x00000344 x22=0x00034400
       76669000	     38234	80011274	0b0d	c.addi	x22,3	 x22:0x00034400 x22=0x00034403
       76719000	     38259	80011276	01642023	sw	x22,0(x8)	  x8:0x8ffffffc x22:0x00034403 PA:0x8ffffffc store:0x00034403 load:0x00034403
       76721000	     38260	8001127a	34402b73	csrrs	x22,mip,x0	  x0:0x00000000 x22=0x00800X00
       76725000	     38262	8001127e	01642023	sw	x22,0(x8)	  x8:0x8ffffffc x22:0x00800X00 PA:0x8ffffffc store:0x00800X00 load:0x00800000
       76747000	     38273	80011282	57f0106f	jal	x0,80013000	  x0=0x00000000
       76767000	     38283	80013000	30002b73	csrrs	x22,mstatus,x0	  x0:0x00000000 x22=0x00000080
       76797000	     38298	80013004	30402b73	csrrs	x22,mie,x0	  x0:0x00000000 x22=0x40bf0808
       76811000	     38305	80013008	34402b73	csrrs	x22,mip,x0	  x0:0x00000000 x22=0x00800X00
       76835000	     38317	8001300c	344b3b73	csrrc	x22,mip,x22	 x22:0x00800X00 x22=0x00800X00
       76855000	     38327	80013010	90000437	lui	x8,0x90000	  x8=0x90000000
       76881000	     38340	80013014	ffc40413	addi	x8,x8,-4	  x8:0x90000000  x8=0x8ffffffc
       76899000	     38349	80013018	4b1d	c.li	x22,7	 x22=0x00000007
       76901000	     38350	8001301a	0b22	c.slli	x22,0x8	 x22:0x00000007 x22=0x00000700
       76905000	     38352	8001301c	000b0b13	addi	x22,x22,0	 x22:0x00000700 x22=0x00000700
       76987000	     38393	80013020	01642023	sw	x22,0(x8)	  x8:0x8ffffffc x22:0x00000700 PA:0x8ffffffc store:0x00000700 load:0x00000700
       77017000	     38408	80013024	0042a083	lw	x1,4(x5)	  x5:0x80022d04  x1=0x80001412 PA:0x80022d08 store:0x37926714
       77041000	     38420	80013028	0082a103	lw	x2,8(x5)	  x5:0x80022d04  x2=0x800013f8 PA:0x80022d0c store:0x8ffffffc
       77065000	     38432	8001302c	00c2a183	lw	x3,12(x5)	  x5:0x80022d04  x3=0x000041a6 PA:0x80022d10 store:0x00000001
       77085000	     38442	80013030	0102a203	lw	x4,16(x5)	  x5:0x80022d04  x4=0x37926714 PA:0x80022d14 store:0x8000ec66
       77149000	     38474	80013034	0142a283	lw	x5,20(x5)	  x5:0x80022d04  x5=0x80022d04 PA:0x80022d18 store:0x00000001
       77169000	     38484	80013038	0182a303	lw	x6,24(x5)	  x5:0x80022d04  x6=0x00000000 PA:0x80022d1c store:0x2000036a
       77183000	     38491	8001303c	01c2a383	lw	x7,28(x5)	  x5:0x80022d04  x7=0x00004001 PA:0x80022d20 store:0x00000000
       77223000	     38511	80013040	0202a403	lw	x8,32(x5)	  x5:0x80022d04  x8=0x071ceb02 PA:0x80022d24 store:0x00000000
       77227000	     38513	80013044	0242a483	lw	x9,36(x5)	  x5:0x80022d04  x9=0xb7917c0a PA:0x80022d28 store:0x37926714
       77283000	     38541	80013048	0282a503	lw	x10,40(x5)	  x5:0x80022d04 x10=0x8000ec66 PA:0x80022d2c store:0x071ceb02
       77307000	     38553	8001304c	02c2a583	lw	x11,44(x5)	  x5:0x80022d04 x11=0x0000ffff PA:0x80022d30 store:0x00000001
       77371000	     38585	80013050	0302a603	lw	x12,48(x5)	  x5:0x80022d04 x12=0x00000001 PA:0x80022d34 store:0x8000ec66
       77377000	     38588	80013054	0342a683	lw	x13,52(x5)	  x5:0x80022d04 x13=0x1b03d3f0 PA:0x80022d38 store:0x00000001
       77441000	     38620	80013058	0382a703	lw	x14,56(x5)	  x5:0x80022d04 x14=0x00000009 PA:0x80022d3c store:0x2000036a
       77467000	     38633	8001305c	03c2a783	lw	x15,60(x5)	  x5:0x80022d04 x15=0x00000000 PA:0x80022d40 store:0x00000000
       77477000	     38638	80013060	0402a803	lw	x16,64(x5)	  x5:0x80022d04 x16=0x8000ec66 PA:0x80022d44 store:0x00000000
       77501000	     38650	80013064	0442a883	lw	x17,68(x5)	  x5:0x80022d04 x17=0xf0700000 PA:0x80022d48 store:0x37926714
       77527000	     38663	80013068	0482a903	lw	x18,72(x5)	  x5:0x80022d04 x18=0x3f760000 PA:0x80022d4c store:0x071ceb02
       77537000	     38668	8001306c	04c2a983	lw	x19,76(x5)	  x5:0x80022d04 x19=0x80026e7c PA:0x80022d50 store:0x00000001
       77541000	     38670	80013070	0502aa03	lw	x20,80(x5)	  x5:0x80022d04 x20=0x00000001 PA:0x80022d54 store:0x8000ec66
       77565000	     38682	80013074	0542aa83	lw	x21,84(x5)	  x5:0x80022d04 x21=0x20000000 PA:0x80022d58 store:0x00000001
       77601000	     38700	80013078	0582ab03	lw	x22,88(x5)	  x5:0x80022d04 x22=0x00000001 PA:0x80022d5c store:0x2000036a
       77643000	     38721	8001307c	05c2ab83	lw	x23,92(x5)	  x5:0x80022d04 x23=0x20000000 PA:0x80022d60 store:0x00000000
       77661000	     38730	80013080	0602ac03	lw	x24,96(x5)	  x5:0x80022d04 x24=0x2000036a PA:0x80022d64 store:0x00000000
       77725000	     38762	80013084	0642ac83	lw	x25,100(x5)	  x5:0x80022d04 x25=0x0001ffff PA:0x80022d68 store:0x37926714
       77775000	     38787	80013088	0682ad03	lw	x26,104(x5)	  x5:0x80022d04 x26=0x00020009 PA:0x80022d6c store:0x071ceb02
       77791000	     38795	8001308c	06c2ad83	lw	x27,108(x5)	  x5:0x80022d04 x27=0x00000000 PA:0x80022d70 store:0x00000001
       77825000	     38812	80013090	0702ae03	lw	x28,112(x5)	  x5:0x80022d04 x28=0x00000000 PA:0x80022d74 store:0x8000ec66
       77849000	     38824	80013094	0742ae83	lw	x29,116(x5)	  x5:0x80022d04 x29=0x80001404 PA:0x80022d78 store:0x00000001
       77883000	     38841	80013098	0782af03	lw	x30,120(x5)	  x5:0x80022d04 x30=0x80015203 PA:0x80022d7c store:0x2000036a
       77891000	     38845	8001309c	07c2af83	lw	x31,124(x5)	  x5:0x80022d04 x31=0x0000030d PA:0x80022d80 store:0x00000000
       77893000	     38846	800130a0	07c28293	addi	x5,x5,124	  x5:0x80022d04  x5=0x80022d80
       77901000	     38850	800130a4	30200073	mret	
       77955000	     38877	800013fc	ffdff0ef	jal	x1,800013f8	  x1=0x80001400
       77975000	     38887	800013f8	00c00aef	jal	x21,80001404	 x21=0x800013fc
       78047000	     38923	80001404	2011	c.jal	80001408	  x1=0x80001406
       78111000	     38955	80001408	2029	c.jal	80001412	  x1=0x8000140a
       78129000	     38964	80001412	3fd5	c.jal	80001406	  x1=0x80001414
       78181000	     38990	80001406	2809	c.jal	80001418	  x1=0x80001408
       78225000	     39012	80001418	2009	c.jal	8000141a	  x1=0x8000141a
       78257000	     39028	8000141a	00fc3c33	sltu	x24,x24,x15	 x24:0x2000036a x15:0x00000000 x24=0x00000000
       78301000	     39050	8000141e	00019697	auipc	x13,0x19	 x13=0x8001a41e
       78339000	     39069	80001422	6d368693	addi	x13,x13,1747	 x13:0x8001a41e x13=0x8001aaf1
       78341000	     39070	80001426	8dfd	c.and	x11,x15	 x11:0x0000ffff x15:0x00000000 x11=0x00000000
       78387000	     39093	80001428	fd2690a3	sh	x18,-63(x13)	 x13:0x8001aaf1 x18:0x3f760000 PA:0x8001aab2 store:0x3f760000 load:0x00000000
       78389000	     39094	8000142c	00bd0a33	add	x20,x26,x11	 x26:0x00020009 x11:0x00000000 x20=0x00020009
       78391000	     39095	80001430	5dfd	c.li	x27,-1	 x27=0xffffffff
       78405000	     39102	80001432	00395bb3	srl	x23,x18,x3	 x18:0x3f760000  x3:0x000041a6 x23=0x00fdd800
       78407000	     39103	80001436	717d	c.addi16sp	x2,-16	  x2:0x800013f8  x2=0x800013e8
       78427000	     39113	80001438	4d16cb83	lbu	x23,1233(x13)	 x13:0x8001aaf1 x23=0x000000c1 PA:0x8001afc2 store:0xf0700000
       78471000	     39135	8000143c	da368e23	sb	x3,-580(x13)	 x13:0x8001aaf1  x3:0x000041a6 PA:0x8001a8ad store:0x000041a6 load:0x000000a6
       78475000	     39137	80001440	b48698a3	sh	x8,-1199(x13)	 x13:0x8001aaf1  x8:0x071ceb02 PA:0x8001a642 store:0x071ceb02 load:0x0000eb02
       78481000	     39140	80001444	28668903	lb	x18,646(x13)	 x13:0x8001aaf1 x18=0x00000074 PA:0x8001ad77 store:0x00000000
       78501000	     39150	80001448	ee66ca03	lbu	x20,-282(x13)	 x13:0x8001aaf1 x20=0x000000d4 PA:0x8001a9d7 store:0x00000000
       78509000	     39154	8000144c	03efbc33	mulhu	x24,x31,x30	 x31:0x0000030d x30:0x80015203 x24=0x00000186
       78525000	     39162	80001450	8d81	c.sub	x11,x8	 x11:0x00000000  x8:0x071ceb02 x11=0xf8e314fe
       78587000	     39193	80001452	ee7681a3	sb	x7,-285(x13)	 x13:0x8001aaf1  x7:0x00004001 PA:0x8001a9d4 store:0x00004001 load:0x00000001
       78635000	     39217	80001456	0a568d03	lb	x26,165(x13)	 x13:0x8001aaf1 x26=0xffffff95 PA:0x8001ab96 store:0x80022d80
       78643000	     39221	8000145a	039d2bb3	mulhsu	x23,x26,x25	 x26:0xffffff95 x25:0x0001ffff x23=0xffffffff
       78699000	     39249	8000145e	6e769d03	lh	x26,1767(x13)	 x13:0x8001aaf1 x26=0xffffdadb PA:0x8001b1d8 store:0x00004001
       78707000	     39253	80001462	d3c68223	sb	x28,-732(x13)	 x13:0x8001aaf1 x28:0x00000000 PA:0x8001a815 store:0x00000000 load:0x00000000
       78765000	     39282	80001466	c096c083	lbu	x1,-1015(x13)	 x13:0x8001aaf1  x1=0x000000f9 PA:0x8001a6fa store:0xb7917c0a
       78805000	     39302	8000146a	fd868103	lb	x2,-40(x13)	 x13:0x8001aaf1  x2=0xffffffca PA:0x8001aac9 store:0x00000186
       78827000	     39313	8000146e	5906cf83	lbu	x31,1424(x13)	 x13:0x8001aaf1 x31=0x00000082 PA:0x8001b081 store:0x8000ec66
       78829000	     39314	80001472	0ff0000f	fence	iorwiorwiorwiorwiorwiorwiorw,iorwiorwiorwiorwiorwiorwiorwiorw	
       78873000	     39336	80001476	39d6dd03	lhu	x26,925(x13)	 x13:0x8001aaf1 x26=0x00008c8d PA:0x8001ae8e store:0x80001404
       78877000	     39338	8000147a	1fb6d603	lhu	x12,507(x13)	 x13:0x8001aaf1 x12=0x0000eeef PA:0x8001acec store:0xffffffff
       78893000	     39346	8000147e	2126cb83	lbu	x23,530(x13)	 x13:0x8001aaf1 x23=0x00000000 PA:0x8001ad03 store:0x00000074
       78895000	     39347	80001482	9f56	c.add	x30,x21	 x30:0x80015203 x21:0x800013fc x30=0x000165ff
       78905000	     39352	80001484	02c92ab3	mulhsu	x21,x18,x12	 x18:0x00000074 x12:0x0000eeef x21=0x00000000
       78963000	     39381	80001488	ed868e23	sb	x24,-292(x13)	 x13:0x8001aaf1 x24:0x00000186 PA:0x8001a9cd store:0x00000186 load:0x00000086
       78989000	     39394	8000148c	8ff6a603	lw	x12,-1793(x13)	 x13:0x8001aaf1 x12=0xf0f1f2f3 PA:0x8001a3f0 store:0x00000082
       78991000	     39395	80001490	abfc90b7	lui	x1,0xabfc9	  x1=0xabfc9000
       79045000	     39422	80001494	91a6c203	lbu	x4,-1766(x13)	 x13:0x8001aaf1  x4=0x00000008 PA:0x8001a40b store:0x00008c8d
       79047000	     39423	80001498	ea195c17	auipc	x24,0xea195	 x24=0x6a196498
       79067000	     39433	8000149c	507682a3	sb	x7,1285(x13)	 x13:0x8001aaf1  x7:0x00004001 PA:0x8001aff6 store:0x00004001 load:0x00000001
       79069000	     39434	800014a0	4c99	c.li	x25,6	 x25=0x00000006
       79095000	     39447	800014a2	ae469ba3	sh	x4,-1289(x13)	 x13:0x8001aaf1  x4:0x00000008 PA:0x8001a5e8 store:0x00000008 load:0x00000008
       79113000	     39456	800014a6	aa169883	lh	x17,-1375(x13)	 x13:0x8001aaf1 x17=0xffff9091 PA:0x8001a592 store:0xabfc9000
       79141000	     39470	800014aa	cace3e13	sltiu	x28,x28,-852	 x28:0x00000000 x28=0x00000001
       79143000	     39471	800014ae	818d	c.srli	x11,0x3	 x11:0xf8e314fe x11=0x1f1c629f
       79145000	     39472	800014b0	98fbf897	auipc	x17,0x98fbf	 x17=0x18fc04b0
       79165000	     39482	800014b4	11d9a593	slti	x11,x19,285	 x19:0x80026e7c x11=0x00000001
       79173000	     39486	800014b8	002ad833	srl	x16,x21,x2	 x21:0x00000000  x2:0xffffffca x16=0x00000000
       79291000	     39545	800014bc	b9c68b23	sb	x28,-1130(x13)	 x13:0x8001aaf1 x28:0x00000001 PA:0x8001a687 store:0x00000001 load:0x00000001
       79293000	     39546	800014c0	c184f613	andi	x12,x9,-1000	  x9:0xb7917c0a x12=0xb7917c08
       79295000	     39547	800014c4	415784b3	sub	x9,x15,x21	 x15:0x00000000 x21:0x00000000  x9=0x00000000
       79297000	     39548	800014c8	0048d593	srli	x11,x17,0x4	 x17:0x18fc04b0 x11=0x018fc04b
       79319000	     39559	800014cc	053a	c.slli	x10,0xe	 x10:0x8000ec66 x10=0x3b198000
       79331000	     39565	800014ce	28168d83	lb	x27,641(x13)	 x13:0x8001aaf1 x27=0x00000071 PA:0x8001ad72 store:0xabfc9000
       79369000	     39584	800014d2	65768d03	lb	x26,1623(x13)	 x13:0x8001aaf1 x26=0x0000004b PA:0x8001b148 store:0x00000000
       79373000	     39586	800014d6	00015817	auipc	x16,0x15	 x16=0x800164d6
       79375000	     39587	800014da	e7080813	addi	x16,x16,-400	 x16:0x800164d6 x16=0x80016346
       79403000	     39601	800014de	2a680723	sb	x6,686(x16)	 x16:0x80016346  x6:0x00000000 PA:0x800165f4 store:0x00000000 load:0x00000000
       79433000	     39616	800014e2	40684c83	lbu	x25,1030(x16)	 x16:0x80016346 x25=0x0000004f PA:0x8001674c store:0x00000000
       79467000	     39633	800014e6	0ad80503	lb	x10,173(x16)	 x16:0x80016346 x10=0xfffffff0 PA:0x800163f3 store:0x8001aaf1
       79471000	     39635	800014ea	cc580da3	sb	x5,-805(x16)	 x16:0x80016346  x5:0x80022d80 PA:0x80016021 store:0x80022d80 load:0x00000080
       79473000	     39636	800014ee	0d8c	c.addi4spn	x11,x2,720	 x11=0x0000029a
       79491000	     39645	800014f0	6a880a83	lb	x21,1704(x16)	 x16:0x80016346 x21=0xffffffed PA:0x800169ee store:0x071ceb02
       79511000	     39655	800014f4	8161	c.srli	x10,0x18	 x10:0xfffffff0 x10=0x000000ff
       79529000	     39664	800014f6	3e9801a3	sb	x9,995(x16)	 x16:0x80016346  x9:0x00000000 PA:0x80016729 store:0x00000000 load:0x00000000
       79547000	     39673	800014fa	01d99713	slli	x14,x19,0x1d	 x19:0x80026e7c x14=0x80000000
       79597000	     39698	800014fe	17b84383	lbu	x7,379(x16)	 x16:0x80016346  x7=0x000000c2 PA:0x800164c1 store:0x00000071
       79655000	     39727	80001502	55f80ba3	sb	x31,1367(x16)	 x16:0x80016346 x31:0x00000082 PA:0x8001689d store:0x00000082 load:0x00000082
       79701000	     39750	80001506	33180e23	sb	x17,828(x16)	 x16:0x80016346 x17:0x18fc04b0 PA:0x80016682 store:0x18fc04b0 load:0x000000b0
       79725000	     39762	8000150a	eca84a03	lbu	x20,-310(x16)	 x16:0x80016346 x20=0x00000013 PA:0x80016210 store:0x000000ff
       79729000	     39764	8000150e	50d80b03	lb	x22,1293(x16)	 x16:0x80016346 x22=0x00000050 PA:0x80016853 store:0x8001aaf1
       79773000	     39786	80001512	00480023	sb	x4,0(x16)	 x16:0x80016346  x4:0x00000008 PA:0x80016346 store:0x00000008 load:0x00000008
       79803000	     39801	80001516	01a9cb33	xor	x22,x19,x26	 x19:0x80026e7c x26:0x0000004b x22=0x80026e37
       79817000	     39808	8000151a	4019db13	srai	x22,x19,0x1	 x19:0x80026e7c x22=0xc001373e
       79819000	     39809	8000151e	81fa	c.mv	x3,x30	  x0:0x00000000 x30:0x000165ff  x3=0x000165ff
       79847000	     39823	80001520	3a884a03	lbu	x20,936(x16)	 x16:0x80016346 x20=0x000000ed PA:0x800166ee store:0x071ceb02
       79849000	     39824	80001524	0001	c.addi	x0,0	  x0:0x00000000  x0=0x00000000
       79851000	     39825	80001526	0001	c.addi	x0,0	  x0:0x00000000  x0=0x00000000
       79875000	     39837	80001528	71c80623	sb	x28,1804(x16)	 x16:0x80016346 x28:0x00000001 PA:0x80016a52 store:0x00000001 load:0x00000001
       79877000	     39838	8000152c	40485733	sra	x14,x16,x4	 x16:0x80016346  x4:0x00000008 x14=0xff800163
       79881000	     39840	80001530	0ff0000f	fence	iorwiorwiorwiorwiorwiorwiorwiorwiorw,iorwiorwiorwiorwiorwiorwiorwiorwiorwiorw	
       79885000	     39842	80001534	8e11	c.sub	x12,x12	 x12:0xb7917c08 x12:0xb7917c08 x12=0x00000000
       79907000	     39853	80001536	3ce82003	lw	x0,974(x16)	 x16:0x80016346  x0=0x00000000 PA:0x80016714 store:0xff800163
       79931000	     39865	8000153a	d13806a3	sb	x19,-755(x16)	 x16:0x80016346 x19:0x80026e7c PA:0x80016053 store:0x80026e7c load:0x0000007c
       79963000	     39881	8000153e	e7a82703	lw	x14,-390(x16)	 x16:0x80016346 x14=0xc0c1c2c3 PA:0x800161c0 store:0x0000004b
       79981000	     39890	80001542	01379c93	slli	x25,x15,0x13	 x15:0x00000000 x25=0x00000000
       80001000	     39900	80001546	38b80823	sb	x11,912(x16)	 x16:0x80016346 x11:0x0000029a PA:0x800166d6 store:0x0000029a load:0x0000009a
       80019000	     39909	8000154a	f00809a3	sb	x0,-237(x16)	 x16:0x80016346  x0:0x00000000 PA:0x80016259 store:0x00000000 load:0x00000000
       80021000	     39910	8000154e	2ffb2793	slti	x15,x22,767	 x22:0xc001373e x15=0x00000001
       80029000	     39914	80001552	37880423	sb	x24,872(x16)	 x16:0x80016346 x24:0x6a196498 PA:0x800166ae store:0x6a196498 load:0x00000098
       80119000	     39959	80001556	03a07a33	remu	x20,x0,x26	  x0:0x00000000 x26:0x0000004b x20=0x00000000
       80141000	     39970	8000155a	f4d80503	lb	x10,-179(x16)	 x16:0x80016346 x10=0xffffff90 PA:0x80016293 store:0x8001aaf1
       80159000	     39979	8000155e	50284403	lbu	x8,1282(x16)	 x16:0x80016346  x8=0x0000004b PA:0x80016848 store:0xffffffca
       80195000	     39997	80001562	0c580883	lb	x17,197(x16)	 x16:0x80016346 x17=0x00000008 PA:0x8001640b store:0x80022d80
       80199000	     39999	80001566	02d84c83	lbu	x25,45(x16)	 x16:0x80016346 x25=0x00000070 PA:0x80016373 store:0x8001aaf1
       80203000	     40001	8000156a	3b380183	lb	x3,947(x16)	 x16:0x80016346  x3=0xfffffffa PA:0x800166f9 store:0x80026e7c
       80247000	     40023	8000156e	3e081a83	lh	x21,992(x16)	 x16:0x80016346 x21=0x00002425 PA:0x80016726 store:0x00000000
       80257000	     40028	80001572	4d580223	sb	x21,1220(x16)	 x16:0x80016346 x21:0x00002425 PA:0x8001680a store:0x00002425 load:0x00000025
       80263000	     40031	80001576	0001c917	auipc	x18,0x1c	 x18=0x8001d576
       80283000	     40041	8000157a	9aa90913	addi	x18,x18,-1622	 x18:0x8001d576 x18=0x8001cf20
       80341000	     40070	8000157e	f7b91523	sh	x27,-150(x18)	 x18:0x8001cf20 x27:0x00000071 PA:0x8001ce8a store:0x00000071 load:0x00000071
       80343000	     40071	80001582	0001	c.addi	x0,0	  x0:0x00000000  x0=0x00000000
       80417000	     40108	80001584	02e75733	divu	x14,x14,x14	 x14:0xc0c1c2c3 x14:0xc0c1c2c3 x14=0x00000001
       80429000	     40114	80001588	f8990ea3	sb	x9,-99(x18)	 x18:0x8001cf20  x9:0x00000000 PA:0x8001cebd store:0x00000000 load:0x00000000
       80433000	     40116	8000158c	f6590c83	lb	x25,-155(x18)	 x18:0x8001cf20 x25=0xffffff86 PA:0x8001ce85 store:0x80022d80
       80457000	     40128	80001590	fb394483	lbu	x9,-77(x18)	 x18:0x8001cf20  x9=0x000000d0 PA:0x8001ced3 store:0x80026e7c
       80459000	     40129	80001594	0742	c.slli	x14,0x10	 x14:0x00000001 x14=0x00010000
       80485000	     40142	80001596	08e907a3	sb	x14,143(x18)	 x18:0x8001cf20 x14:0x00010000 PA:0x8001cfaf store:0x00010000 load:0x00000000
       80487000	     40143	8000159a	177d	c.addi	x14,-1	 x14:0x00010000 x14=0x0000ffff
       80489000	     40144	8000159c	8a89	c.andi	x13,2	 x13:0x8001aaf1 x13=0x00000000
       80505000	     40152	8000159e	02891583	lh	x11,40(x18)	 x18:0x8001cf20 x11=0x00004a4b PA:0x8001cf48 store:0x0000004b
       80521000	     40160	800015a2	00d5cdb3	xor	x27,x11,x13	 x11:0x00004a4b x13:0x00000000 x27=0x00004a4b
       80523000	     40161	800015a6	85e6	c.mv	x11,x25	  x0:0x00000000 x25:0xffffff86 x11=0xffffff86
       80565000	     40182	800015a8	fb394d83	lbu	x27,-77(x18)	 x18:0x8001cf20 x27=0x000000d0 PA:0x8001ced3 store:0x80026e7c
       80573000	     40186	800015ac	02959cb3	mulh	x25,x11,x9	 x11:0xffffff86  x9:0x000000d0 x25=0xffffffff
       80601000	     40200	800015b0	02dd8733	mul	x14,x27,x13	 x27:0x000000d0 x13:0x00000000 x14=0x00000000
       80603000	     40201	800015b4	01371d93	slli	x27,x14,0x13	 x14:0x00000000 x27=0x00000000
       80627000	     40213	800015b8	0cb90ea3	sb	x11,221(x18)	 x18:0x8001cf20 x11:0xffffff86 PA:0x8001cffd store:0xffffff86 load:0x00000086
       80649000	     40224	800015bc	0e294483	lbu	x9,226(x18)	 x18:0x8001cf20  x9=0x00000001 PA:0x8001d002 store:0xffffffca
       80651000	     40225	800015c0	3844e493	ori	x9,x9,900	  x9:0x00000001  x9=0x00000385
       80735000	     40267	800015c4	0394d4b3	divu	x9,x9,x25	  x9:0x00000385 x25:0xffffffff  x9=0x00000000
       80737000	     40268	800015c8	179ca593	slti	x11,x25,377	 x25:0xffffffff x11=0x00000001
       80739000	     40269	800015cc	d9968c93	addi	x25,x13,-615	 x13:0x00000000 x25=0xfffffd99
       80805000	     40302	800015d0	04b906a3	sb	x11,77(x18)	 x18:0x8001cf20 x11:0x00000001 PA:0x8001cf6d store:0x00000001 load:0x00000001
       80807000	     40303	800015d4	b8ec5db7	lui	x27,0xb8ec5	 x27=0xb8ec5000
       80865000	     40332	800015d8	fd190583	lb	x11,-47(x18)	 x18:0x8001cf20 x11=0xfffffff2 PA:0x8001cef1 store:0x00000008
       80867000	     40333	800015dc	8b71	c.andi	x14,28	 x14:0x00000000 x14=0x00000000
       80869000	     40334	800015de	0001	c.addi	x0,0	  x0:0x00000000  x0=0x00000000
       80871000	     40335	800015e0	82b9	c.srli	x13,0xe	 x13:0x00000000 x13=0x00000000
       80873000	     40336	800015e2	6721	c.lui	x14,0x8	 x14=0x00008000
       80911000	     40355	800015e4	f8a90683	lb	x13,-118(x18)	 x18:0x8001cf20 x13=0xffffffa9 PA:0x8001ceaa store:0xffffff90
       80937000	     40368	800015e8	039714b3	mulh	x9,x14,x25	 x14:0x00008000 x25:0xfffffd99  x9=0xffffffff
       80973000	     40386	800015ec	85ba	c.mv	x11,x14	  x0:0x00000000 x14:0x00008000 x11=0x00008000
       81003000	     40401	800015ee	fee90c23	sb	x14,-8(x18)	 x18:0x8001cf20 x14:0x00008000 PA:0x8001cf18 store:0x00008000 load:0x00000000
       81035000	     40417	800015f2	fa095d83	lhu	x27,-96(x18)	 x18:0x8001cf20 x27=0x0000c2c3 PA:0x8001cec0 store:0x00000000
       81061000	     40430	800015f6	0d790583	lb	x11,215(x18)	 x18:0x8001cf20 x11=0xfffffff4 PA:0x8001cff7 store:0x00000000
       81063000	     40431	800015fa	019cb4b3	sltu	x9,x25,x25	 x25:0xfffffd99 x25:0xfffffd99  x9=0x00000000
       81077000	     40438	800015fe	01375493	srli	x9,x14,0x13	 x14:0x00008000  x9=0x00000000
       81083000	     40441	80001602	02d68733	mul	x14,x13,x13	 x13:0xffffffa9 x13:0xffffffa9 x14=0x00001d91
       81103000	     40451	80001606	019cecb3	or	x25,x25,x25	 x25:0xfffffd99 x25:0xfffffd99 x25=0xfffffd99
       81105000	     40452	8000160a	8eb9	c.xor	x13,x14	 x13:0xffffffa9 x14:0x00001d91 x13=0xffffe238
       81161000	     40480	8000160c	08d900a3	sb	x13,129(x18)	 x18:0x8001cf20 x13:0xffffe238 PA:0x8001cfa1 store:0xffffe238 load:0x00000038
       81185000	     40492	80001610	f8e91d23	sh	x14,-102(x18)	 x18:0x8001cf20 x14:0x00001d91 PA:0x8001ceba store:0x00001d91 load:0x00001d91
       81193000	     40496	80001614	039694b3	mulh	x9,x13,x25	 x13:0xffffe238 x25:0xfffffd99  x9=0x00000000
       81211000	     40505	80001618	0ee94d83	lbu	x27,238(x18)	 x18:0x8001cf20 x27=0x0000000d PA:0x8001d00e store:0x00001d91
       81249000	     40524	8000161c	00edb733	sltu	x14,x27,x14	 x27:0x0000000d x14:0x00001d91 x14=0x00000001
       81363000	     40581	80001620	039ce4b3	rem	x9,x25,x25	 x25:0xfffffd99 x25:0xfffffd99  x9=0x00000000
       81425000	     40612	80001624	0d892d83	lw	x27,216(x18)	 x18:0x8001cf20 x27=0xf8f9fafb PA:0x8001cff8 store:0x6a196498
       81427000	     40613	80001628	00014697	auipc	x13,0x14	 x13=0x80015628
       81429000	     40614	8000162c	6d068693	addi	x13,x13,1744	 x13:0x80015628 x13=0x80015cf8
       81431000	     40615	80001630	0001b397	auipc	x7,0x1b	  x7=0x8001c630
       81435000	     40617	80001634	0f638393	addi	x7,x7,246	  x7:0x8001c630  x7=0x8001c726
       81457000	     40628	80001638	00017117	auipc	x2,0x17	  x2=0x80018638
       81459000	     40629	8000163c	14810113	addi	x2,x2,328	  x2:0x80018638  x2=0x80018780
       81469000	     40634	80001640	0ed387a3	sb	x13,239(x7)	  x7:0x8001c726 x13:0x80015cf8 PA:0x8001c815 store:0x80015cf8 load:0x000000f8
       81517000	     40658	80001644	a5c68c23	sb	x28,-1448(x13)	 x13:0x80015cf8 x28:0x00000001 PA:0x80015750 store:0x00000001 load:0x00000001
       81539000	     40669	80001648	ffe39a03	lh	x20,-2(x7)	  x7:0x8001c726 x20=0x00002627 PA:0x8001c724 store:0x000165ff
       81589000	     40694	8000164c	fa968a03	lb	x20,-87(x13)	 x13:0x80015cf8 x20=0xffffffa2 PA:0x80015ca1 store:0x00000000
       81593000	     40696	80001650	f5338a83	lb	x21,-173(x7)	  x7:0x8001c726 x21=0x0000007a PA:0x8001c679 store:0x80026e7c
       81617000	     40708	80001654	f8a39e23	sh	x10,-100(x7)	  x7:0x8001c726 x10:0xffffff90 PA:0x8001c6c2 store:0xffffff90 load:0x0000ff90
       81621000	     40710	80001658	b2314003	lbu	x0,-1245(x2)	  x2:0x80018780  x0=0x00000000 PA:0x800182a3 store:0xfffffffa
