Time	Cycle	PC	Insn	Decoded instruction	Register and memory contents
         253000	        26	80000080	00000013	addi	x0,x0,0	  x0:0x00000000  x0=0x00000000
         255000	        27	80000084	4081	c.li	x1,0	  x1=0x00000000
         257000	        28	80000086	5296a137	lui	x2,0x5296a	  x2=0x5296a000
         279000	        39	8000008a	ec010113	addi	x2,x2,-320	  x2:0x5296a000  x2=0x52969ec0
         281000	        40	8000008e	4181	c.li	x3,0	  x3=0x00000000
         331000	        65	80000090	4201	c.li	x4,0	  x4=0x00000000
         333000	        66	80000092	f08252b7	lui	x5,0xf0825	  x5=0xf0825000
         355000	        77	80000096	d1028293	addi	x5,x5,-752	  x5:0xf0825000  x5=0xf0824d10
         357000	        78	8000009a	4301	c.li	x6,0	  x6=0x00000000
         365000	        82	8000009c	ffe243b7	lui	x7,0xffe24	  x7=0xffe24000
         367000	        83	800000a0	19038393	addi	x7,x7,400	  x7:0xffe24000  x7=0xffe24190
         369000	        84	800000a4	9e6b0437	lui	x8,0x9e6b0	  x8=0x9e6b0000
         371000	        85	800000a8	9cd40413	addi	x8,x8,-1587	  x8:0x9e6b0000  x8=0x9e6af9cd
         403000	       101	800000ac	800004b7	lui	x9,0x80000	  x9=0x80000000
         407000	       103	800000b0	ff24d537	lui	x10,0xff24d	 x10=0xff24d000
         433000	       116	800000b4	9b450513	addi	x10,x10,-1612	 x10:0xff24d000 x10=0xff24c9b4
         439000	       119	800000b8	221c65b7	lui	x11,0x221c6	 x11=0x221c6000
         445000	       122	800000bc	e0758593	addi	x11,x11,-505	 x11:0x221c6000 x11=0x221c5e07
         467000	       133	800000c0	fcb0e637	lui	x12,0xfcb0e	 x12=0xfcb0e000
         485000	       142	800000c4	e0560613	addi	x12,x12,-507	 x12:0xfcb0e000 x12=0xfcb0de05
         487000	       143	800000c8	800006b7	lui	x13,0x80000	 x13=0x80000000
         489000	       144	800000cc	4701	c.li	x14,0	 x14=0x00000000
         511000	       155	800000ce	fa1187b7	lui	x15,0xfa118	 x15=0xfa118000
         551000	       175	800000d2	12e78793	addi	x15,x15,302	 x15:0xfa118000 x15=0xfa11812e
         593000	       196	800000d6	19fae837	lui	x16,0x19fae	 x16=0x19fae000
         595000	       197	800000da	0a780813	addi	x16,x16,167	 x16:0x19fae000 x16=0x19fae0a7
         617000	       208	800000de	800008b7	lui	x17,0x80000	 x17=0x80000000
         639000	       219	800000e2	46486937	lui	x18,0x46486	 x18=0x46486000
         657000	       228	800000e6	95690913	addi	x18,x18,-1706	 x18:0x46486000 x18=0x46485956
         659000	       229	800000ea	499d	c.li	x19,7	 x19=0x00000007
         661000	       230	800000ec	f4b95a37	lui	x20,0xf4b95	 x20=0xf4b95000
         675000	       237	800000f0	f69a0a13	addi	x20,x20,-151	 x20:0xf4b95000 x20=0xf4b94f69
         685000	       242	800000f4	49648ab7	lui	x21,0x49648	 x21=0x49648000
         707000	       253	800000f8	224a8a93	addi	x21,x21,548	 x21:0x49648000 x21=0x49648224
         709000	       254	800000fc	4b15	c.li	x22,5	 x22=0x00000005
         711000	       255	800000fe	38026bb7	lui	x23,0x38026	 x23=0x38026000
         757000	       278	80000102	492b8b93	addi	x23,x23,1170	 x23:0x38026000 x23=0x38026492
         759000	       279	80000106	4c21	c.li	x24,8	 x24=0x00000008
         763000	       281	80000108	4c81	c.li	x25,0	 x25=0x00000000
         785000	       292	8000010a	80000d37	lui	x26,0x80000	 x26=0x80000000
         837000	       318	8000010e	80000db7	lui	x27,0x80000	 x27=0x80000000
         839000	       319	80000112	4e01	c.li	x28,0	 x28=0x00000000
         841000	       320	80000114	4e81	c.li	x29,0	 x29=0x00000000
         843000	       321	80000116	4f15	c.li	x30,5	 x30=0x00000005
         845000	       322	80000118	80000fb7	lui	x31,0x80000	 x31=0x80000000
         847000	       323	8000011c	40001b37	lui	x22,0x40001	 x22=0x40001000
         883000	       341	80000120	104b0b13	addi	x22,x22,260	 x22:0x40001000 x22=0x40001104
         909000	       354	80000124	301b1073	csrrw	x0,misa,x22	 x22:0x40001104  x0=0x00000000
         911000	       355	80000128	00028997	auipc	x19,0x28	 x19=0x80028128
         945000	       372	8000012c	d5498993	addi	x19,x19,-684	 x19:0x80028128 x19=0x80027e7c
         947000	       373	80000130	00013b17	auipc	x22,0x13	 x22=0x80013130
         969000	       384	80000134	ed0b0b13	addi	x22,x22,-304	 x22:0x80013130 x22=0x80013000
         971000	       385	80000138	001b6b13	ori	x22,x22,1	 x22:0x80013000 x22=0x80013001
         993000	       396	8000013c	305b1073	csrrw	x0,mtvec,x22	 x22:0x80013001  x0=0x00000000
        1015000	       407	80000140	00000b17	auipc	x22,0x0	 x22=0x80000140
        1037000	       418	80000144	010b0b13	addi	x22,x22,16	 x22:0x80000140 x22=0x80000150
        1059000	       429	80000148	341b1073	csrrw	x0,mepc,x22	 x22:0x80000150  x0=0x00000000
        1099000	       449	8000014c	3bc1106f	jal	x0,80011508	  x0=0x00000000
        1111000	       455	80011508	4b01	c.li	x22,0	 x22=0x00000000
        1165000	       482	8001150a	300b1073	csrrw	x0,mstatus,x22	 x22:0x00000000  x0=0x00000000
        1171000	       485	8001150e	4b01	c.li	x22,0	 x22=0x00000000
        1187000	       493	80011510	304b1073	csrrw	x0,mie,x22	 x22:0x00000000  x0=0x00000000
        1193000	       496	80011514	30200073	mret	
        1245000	       522	80000150	00024297	auipc	x5,0x24	  x5=0x80024150
        1247000	       523	80000154	ccc28293	addi	x5,x5,-820	  x5:0x80024150  x5=0x80023e1c
        1269000	       534	80000158	0001b197	auipc	x3,0x1b	  x3=0x8001b158
        1321000	       560	8000015c	67118193	addi	x3,x3,1649	  x3:0x8001b158  x3=0x8001b7c9
        1349000	       574	80000160	fe618d23	sb	x6,-6(x3)	  x3:0x8001b7c9  x6:0x00000000 PA:0x8001b7c3 store:0x00000000 load:0x00000000
        1355000	       577	80000164	03130e33	mul	x28,x6,x17	  x6:0x00000000 x17:0x80000000 x28=0x00000000
        1359000	       579	80000168	01a187b3	add	x15,x3,x26	  x3:0x8001b7c9 x26:0x80000000 x15=0x0001b7c9
        1371000	       585	8000016c	000abfb3	sltu	x31,x21,x0	 x21:0x49648224  x0:0x00000000 x31=0x00000000
        1393000	       596	80000170	006bfe33	and	x28,x23,x6	 x23:0x38026492  x6:0x00000000 x28=0x00000000
        1413000	       606	80000174	000180a3	sb	x0,1(x3)	  x3:0x8001b7c9  x0:0x00000000 PA:0x8001b7ca store:0x00000000 load:0x00000000
        1431000	       615	80000178	ff71de83	lhu	x29,-9(x3)	  x3:0x8001b7c9 x29=0x0000c2c3 PA:0x8001b7c0 store:0x38026492
        1491000	       645	8000017c	ff519f83	lh	x31,-11(x3)	  x3:0x8001b7c9 x31=0xffffbcbd PA:0x8001b7be store:0x49648224
        1515000	       657	80000180	00a1c203	lbu	x4,10(x3)	  x3:0x8001b7c9  x4=0x000000d0 PA:0x8001b7d3 store:0xff24c9b4
        1537000	       668	80000184	016185a3	sb	x22,11(x3)	  x3:0x8001b7c9 x22:0x00000000 PA:0x8001b7d4 store:0x00000000 load:0x00000000
        1593000	       696	80000188	ff718783	lb	x15,-9(x3)	  x3:0x8001b7c9 x15=0xffffffc3 PA:0x8001b7c0 store:0x38026492
        1667000	       733	8000018c	03b45533	divu	x10,x8,x27	  x8:0x9e6af9cd x27:0x80000000 x10=0x00000001
        1675000	       737	80000190	02953533	mulhu	x10,x10,x9	 x10:0x00000001  x9:0x80000000 x10=0x00000000
        1735000	       767	80000194	ffc1c883	lbu	x17,-4(x3)	  x3:0x8001b7c9 x17=0x000000c6 PA:0x8001b7c5 store:0x00000000
        1737000	       768	80000198	09798f13	addi	x30,x19,151	 x19:0x80027e7c x30=0x80027f13
        1739000	       769	8000019c	0001	c.addi	x0,0	  x0:0x00000000  x0=0x00000000
        1751000	       775	8000019e	e6852e93	slti	x29,x10,-408	 x10:0x00000000 x29=0x00000000
        1763000	       781	800001a2	0078a933	slt	x18,x17,x7	 x17:0x000000c6  x7:0xffe24190 x18=0x00000000
        1775000	       787	800001a6	0083a833	slt	x16,x7,x8	  x7:0xffe24190  x8:0x9e6af9cd x16=0x00000000
        1797000	       798	800001aa	ffe18b23	sb	x30,-10(x3)	  x3:0x8001b7c9 x30:0x80027f13 PA:0x8001b7bf store:0x80027f13 load:0x00000013
        1843000	       821	800001ae	ff418f83	lb	x31,-12(x3)	  x3:0x8001b7c9 x31=0xffffffbe PA:0x8001b7bd store:0xf4b94f69
        1867000	       833	800001b2	0011dc03	lhu	x24,1(x3)	  x3:0x8001b7c9 x24=0x0000c800 PA:0x8001b7ca store:0x00000000
        1895000	       847	800001b6	ffe18503	lb	x10,-2(x3)	  x3:0x8001b7c9 x10=0xffffffc4 PA:0x8001b7c7 store:0x80027f13
        1923000	       861	800001ba	01518623	sb	x21,12(x3)	  x3:0x8001b7c9 x21:0x49648224 PA:0x8001b7d5 store:0x49648224 load:0x00000024
        1925000	       862	800001be	3ef40013	addi	x0,x8,1007	  x8:0x9e6af9cd  x0=0x00000000
        1929000	       864	800001c2	cfbdfd93	andi	x27,x27,-773	 x27:0x80000000 x27=0x80000000
        2003000	       901	800001c6	031cd133	divu	x2,x25,x17	 x25:0x00000000 x17:0x000000c6  x2=0x00000000
        2005000	       902	800001ca	c508e693	ori	x13,x17,-944	 x17:0x000000c6 x13=0xfffffcd6
        2029000	       914	800001ce	00318483	lb	x9,3(x3)	  x3:0x8001b7c9  x9=0xffffffcf PA:0x8001b7cc store:0x8001b7c9
        2031000	       915	800001d2	ecf33b13	sltiu	x22,x6,-305	  x6:0x00000000 x22=0x00000001
        2063000	       931	800001d6	0041c083	lbu	x1,4(x3)	  x3:0x8001b7c9  x1=0x000000ce PA:0x8001b7cd store:0x000000d0
        2081000	       940	800001da	dfb7a593	slti	x11,x15,-517	 x15:0xffffffc3 x11=0x00000000
        2093000	       946	800001de	030ff133	remu	x2,x31,x16	 x31:0xffffffbe x16:0x00000000  x2=0xffffffbe
        2151000	       975	800001e2	ff318e83	lb	x29,-13(x3)	  x3:0x8001b7c9 x29=0xffffffbf PA:0x8001b7bc store:0x80027e7c
        2155000	       977	800001e6	ff1189a3	sb	x17,-13(x3)	  x3:0x8001b7c9 x17:0x000000c6 PA:0x8001b7bc store:0x000000c6 load:0x000000c6
        2161000	       980	800001ea	0b487497	auipc	x9,0xb487	  x9=0x8b4871ea
        2213000	      1006	800001ee	022f3133	mulhu	x2,x30,x2	 x30:0x80027f13  x2:0xffffffbe  x2=0x80027ef1
        2215000	      1007	800001f2	debbed13	ori	x26,x23,-533	 x23:0x38026492 x26=0xfffffdfb
        2293000	      1046	800001f6	0216c5b3	div	x11,x13,x1	 x13:0xfffffcd6  x1:0x000000ce x11=0xfffffffd
        2297000	      1048	800001fa	0071dc83	lhu	x25,7(x3)	  x3:0x8001b7c9 x25=0x0000d2d3 PA:0x8001b7d0 store:0xffe24190
        2305000	      1052	800001fe	fe91a9a3	sw	x9,-13(x3)	  x3:0x8001b7c9  x9:0x8b4871ea PA:0x8001b7bc store:0x8b4871ea load:0x8b4871ea
        2365000	      1082	80000202	fff18a03	lb	x20,-1(x3)	  x3:0x8001b7c9 x20=0xffffffcb PA:0x8001b7c8 store:0xffffffbe
        2367000	      1083	80000206	cd0ac093	xori	x1,x21,-816	 x21:0x49648224  x1=0xb69b7ef4
        2407000	      1103	8000020a	0b977097	auipc	x1,0xb977	  x1=0x8b97720a
        2455000	      1127	8000020e	00618f03	lb	x30,6(x3)	  x3:0x8001b7c9 x30=0xffffffcc PA:0x8001b7cf store:0x00000000
        2469000	      1134	80000212	ff618503	lb	x10,-10(x3)	  x3:0x8001b7c9 x10=0xffffff8b PA:0x8001b7bf store:0x00000001
        2543000	      1171	80000216	031bcf33	div	x30,x23,x17	 x23:0x38026492 x17:0x000000c6 x30=0x00486a87
        2571000	      1185	8000021a	00d18903	lb	x18,13(x3)	  x3:0x8001b7c9 x18=0xffffffd5 PA:0x8001b7d6 store:0xfffffcd6
        2573000	      1186	8000021e	dff26f17	auipc	x30,0xdff26	 x30=0x5ff2621e
        2605000	      1202	80000222	02a6a533	mulhsu	x10,x13,x10	 x13:0xfffffcd6 x10:0xffffff8b x10=0xfffffcd6
        2639000	      1219	80000226	ffe1c103	lbu	x2,-2(x3)	  x3:0x8001b7c9  x2=0x000000c4 PA:0x8001b7c7 store:0x5ff2621e
        2683000	      1241	8000022a	01018f03	lb	x30,16(x3)	  x3:0x8001b7c9 x30=0xffffffda PA:0x8001b7d9 store:0x00000000
        2685000	      1242	8000022e	0001e897	auipc	x17,0x1e	 x17=0x8001e22e
        2689000	      1244	80000232	e5888893	addi	x17,x17,-424	 x17:0x8001e22e x17=0x8001e086
        2715000	      1257	80000236	0001ba97	auipc	x21,0x1b	 x21=0x8001b236
        2743000	      1271	8000023a	03fa8a93	addi	x21,x21,63	 x21:0x8001b236 x21=0x8001b275
        2749000	      1274	8000023e	0001a717	auipc	x14,0x1a	 x14=0x8001a23e
        2769000	      1284	80000242	39370713	addi	x14,x14,915	 x14:0x8001a23e x14=0x8001a5d1
        2799000	      1299	80000246	6c3a8683	lb	x13,1731(x21)	 x21:0x8001b275 x13=0x0000003b PA:0x8001b938 store:0x8001b7c9
        2807000	      1303	8000024a	018880a3	sb	x24,1(x17)	 x17:0x8001e086 x24:0x0000c800 PA:0x8001e087 store:0x0000c800 load:0x00000000
        2819000	      1309	8000024e	ff188483	lb	x9,-15(x17)	 x17:0x8001e086  x9=0x00000074 PA:0x8001e077 store:0x8001e086
        2851000	      1325	80000252	fe370923	sb	x3,-14(x14)	 x14:0x8001a5d1  x3:0x8001b7c9 PA:0x8001a5c3 store:0x8001b7c9 load:0x000000c9
        2875000	      1337	80000256	ffd72ba3	sw	x29,-9(x14)	 x14:0x8001a5d1 x29:0xffffffbf PA:0x8001a5c8 store:0xffffffbf load:0xffffffbf
        2899000	      1349	8000025a	0138a323	sw	x19,6(x17)	 x17:0x8001e086 x19:0x80027e7c PA:0x8001e08c store:0x80027e7c load:0x80027e7c
        2919000	      1359	8000025e	ffc89683	lh	x13,-4(x17)	 x17:0x8001e086 x13=0xffff8081 PA:0x8001e082 store:0x00000000
        2925000	      1362	80000262	4e9a8d23	sb	x9,1274(x21)	 x21:0x8001b275  x9:0x00000074 PA:0x8001b76f store:0x00000074 load:0x00000074
        2945000	      1372	80000266	222ac403	lbu	x8,546(x21)	 x21:0x8001b275  x8=0x00000094 PA:0x8001b497 store:0x000000c4
        3001000	      1400	8000026a	07ba8483	lb	x9,123(x21)	 x21:0x8001b275  x9=0xfffffff3 PA:0x8001b2f0 store:0x80000000
        3061000	      1430	8000026e	ff070483	lb	x9,-16(x14)	 x14:0x8001a5d1  x9=0xffffffc2 PA:0x8001a5c1 store:0x00000000
        3073000	      1436	80000272	0128a323	sw	x18,6(x17)	 x17:0x8001e086 x18:0xffffffd5 PA:0x8001e08c store:0xffffffd5 load:0xffffffd5
        3137000	      1468	80000276	097a8f83	lb	x31,151(x21)	 x21:0x8001b275 x31=0x0000000f PA:0x8001b30c store:0x38026492
        3141000	      1470	8000027a	0088a323	sw	x8,6(x17)	 x17:0x8001e086  x8:0x00000094 PA:0x8001e08c store:0x00000094 load:0x00000094
        3167000	      1483	8000027e	ffe74c83	lbu	x25,-2(x14)	 x14:0x8001a5d1 x25=0x000000cc PA:0x8001a5cf store:0xffffffda
        3211000	      1505	80000282	ffe74d83	lbu	x27,-2(x14)	 x14:0x8001a5d1 x27=0x000000cc PA:0x8001a5cf store:0xffffffda
        3235000	      1517	80000286	fe48ab23	sw	x4,-10(x17)	 x17:0x8001e086  x4:0x000000d0 PA:0x8001e07c store:0x000000d0 load:0x000000d0
        3257000	      1528	8000028a	372a8923	sb	x18,882(x21)	 x21:0x8001b275 x18:0xffffffd5 PA:0x8001b5e7 store:0xffffffd5 load:0x000000d5
        3263000	      1531	8000028e	ff070e83	lb	x29,-16(x14)	 x14:0x8001a5d1 x29=0xffffffc2 PA:0x8001a5c1 store:0x00000000
        3323000	      1561	80000292	ffd74f03	lbu	x30,-3(x14)	 x14:0x8001a5d1 x30=0x000000cd PA:0x8001a5ce store:0xffffffc2
        3333000	      1566	80000296	ff688ea3	sb	x22,-3(x17)	 x17:0x8001e086 x22:0x00000001 PA:0x8001e083 store:0x00000001 load:0x00000001
        3357000	      1578	8000029a	01074c83	lbu	x25,16(x14)	 x14:0x8001a5d1 x25=0x000000e2 PA:0x8001a5e1 store:0x00000000
        3381000	      1590	8000029e	fe0a81a3	sb	x0,-29(x21)	 x21:0x8001b275  x0:0x00000000 PA:0x8001b258 store:0x00000000 load:0x00000000
        3401000	      1600	800002a2	00e70f83	lb	x31,14(x14)	 x14:0x8001a5d1 x31=0xffffffdc PA:0x8001a5df store:0x8001a5d1
        3425000	      1612	800002a6	00c88403	lb	x8,12(x17)	 x17:0x8001e086  x8=0xffffff91 PA:0x8001e092 store:0xfcb0de05
        3429000	      1614	800002aa	01989023	sh	x25,0(x17)	 x17:0x8001e086 x25:0x000000e2 PA:0x8001e086 store:0x000000e2 load:0x000000e2
        3451000	      1625	800002ae	12baada3	sw	x11,315(x21)	 x21:0x8001b275 x11:0xfffffffd PA:0x8001b3b0 store:0xfffffffd load:0xfffffffd
        3455000	      1627	800002b2	36bac383	lbu	x7,875(x21)	 x21:0x8001b275  x7=0x000000e3 PA:0x8001b5e0 store:0xfffffffd
        3479000	      1639	800002b6	00270b03	lb	x22,2(x14)	 x14:0x8001a5d1 x22=0xffffffd0 PA:0x8001a5d3 store:0x000000c4
        3503000	      1651	800002ba	167a9503	lh	x10,359(x21)	 x21:0x8001b275 x10=0xffffdedf PA:0x8001b3dc store:0x000000e3
        3519000	      1659	800002be	0001cb17	auipc	x22,0x1c	 x22=0x8001c2be
        3521000	      1660	800002c2	e10b0b13	addi	x22,x22,-496	 x22:0x8001c2be x22=0x8001c0ce
        3595000	      1697	800002c6	0324e4b3	rem	x9,x9,x18	  x9:0xffffffc2 x18:0xffffffd5  x9=0xffffffed
        3619000	      1709	800002ca	ffcb1703	lh	x14,-4(x22)	 x22:0x8001c0ce x14=0xffffc8c9 PA:0x8001c0ca store:0x00000000
        3663000	      1731	800002ce	fefb0083	lb	x1,-17(x22)	 x22:0x8001c0ce  x1=0xffffffbe PA:0x8001c0bd store:0xffffffc3
        3667000	      1733	800002d2	fecb07a3	sb	x12,-17(x22)	 x22:0x8001c0ce x12:0xfcb0de05 PA:0x8001c0bd store:0xfcb0de05 load:0x00000005
        3691000	      1745	800002d6	fe0b07a3	sb	x0,-17(x22)	 x22:0x8001c0ce  x0:0x00000000 PA:0x8001c0bd store:0x00000000 load:0x00000000
        3715000	      1757	800002da	fe6b07a3	sb	x6,-17(x22)	 x22:0x8001c0ce  x6:0x00000000 PA:0x8001c0bd store:0x00000000 load:0x00000000
        3723000	      1761	800002de	022b0a83	lb	x21,34(x22)	 x22:0x8001c0ce x21=0xfffffff3 PA:0x8001c0f0 store:0x000000c4
        3771000	      1785	800002e2	fd9b0b83	lb	x23,-39(x22)	 x22:0x8001c0ce x23=0xffffffa4 PA:0x8001c0a7 store:0x000000e2
        3813000	      1806	800002e6	021b0ea3	sb	x1,61(x22)	 x22:0x8001c0ce  x1:0xffffffbe PA:0x8001c10b store:0xffffffbe load:0x000000be
        3837000	      1818	800002ea	fcdb0ba3	sb	x13,-41(x22)	 x22:0x8001c0ce x13:0xffff8081 PA:0x8001c0a5 store:0xffff8081 load:0x00000081
        3861000	      1830	800002ee	fc7b0ba3	sb	x7,-41(x22)	 x22:0x8001c0ce  x7:0x000000e3 PA:0x8001c0a5 store:0x000000e3 load:0x000000e3
        3881000	      1840	800002f2	0001d117	auipc	x2,0x1d	  x2=0x8001d2f2
        3883000	      1841	800002f6	58210113	addi	x2,x2,1410	  x2:0x8001d2f2  x2=0x8001d874
        3957000	      1878	800002fa	0234d0b3	divu	x1,x9,x3	  x9:0xffffffed  x3:0x8001b7c9  x1=0x00000001
        4031000	      1915	800002fe	03a076b3	remu	x13,x0,x26	  x0:0x00000000 x26:0xfffffdfb x13=0x00000000
        4059000	      1929	80000302	49f11e23	sh	x31,1180(x2)	  x2:0x8001d874 x31:0xffffffdc PA:0x8001dd10 store:0xffffffdc load:0x0000ffdc
        4083000	      1941	80000306	d5911f23	sh	x25,-674(x2)	  x2:0x8001d874 x25:0x000000e2 PA:0x8001d5d2 store:0x000000e2 load:0x000000e2
        4103000	      1951	8000030a	b0010fa3	sb	x0,-1249(x2)	  x2:0x8001d874  x0:0x00000000 PA:0x8001d393 store:0x00000000 load:0x00000000
        4105000	      1952	8000030e	e6bcf593	andi	x11,x25,-405	 x25:0x000000e2 x11=0x00000062
        4115000	      1957	80000312	a6d10ca3	sb	x13,-1415(x2)	  x2:0x8001d874 x13:0x00000000 PA:0x8001d2ed store:0x00000000 load:0x00000000
        4157000	      1978	80000316	d5910123	sb	x25,-702(x2)	  x2:0x8001d874 x25:0x000000e2 PA:0x8001d5b6 store:0x000000e2 load:0x000000e2
        4159000	      1979	8000031a	39a70a93	addi	x21,x14,922	 x14:0xffffc8c9 x21=0xffffcc63
        4167000	      1983	8000031e	40acd933	sra	x18,x25,x10	 x25:0x000000e2 x10:0xffffdedf x18=0x00000000
        4187000	      1993	80000322	bb011703	lh	x14,-1104(x2)	  x2:0x8001d874 x14=0x00002627 PA:0x8001d424 store:0x00000000
        4195000	      1997	80000326	24714383	lbu	x7,583(x2)	  x2:0x8001d874  x7=0x000000b8 PA:0x8001dabb store:0x000000e3
        4219000	      2009	8000032a	14110003	lb	x0,321(x2)	  x2:0x8001d874  x0=0x00000000 PA:0x8001d9b5 store:0x00000001
        4223000	      2011	8000032e	407f5cb3	sra	x25,x30,x7	 x30:0x000000cd  x7:0x000000b8 x25=0x00000000
        4313000	      2056	80000332	5f011e83	lh	x29,1520(x2)	  x2:0x8001d874 x29=0x00006667 PA:0x8001de64 store:0x00000000
        4315000	      2057	80000336	0085d433	srl	x8,x11,x8	 x11:0x00000062  x8:0xffffff91  x8=0x00000000
        4317000	      2058	8000033a	4116d233	sra	x4,x13,x17	 x13:0x00000000 x17:0x8001e086  x4=0x00000000
        4393000	      2096	8000033e	03bcd7b3	divu	x15,x25,x27	 x25:0x00000000 x27:0x000000cc x15=0x00000000
        4397000	      2098	80000342	15310c03	lb	x24,339(x2)	  x2:0x8001d874 x24=0xffffffc4 PA:0x8001d9c7 store:0x80027e7c
        4413000	      2106	80000346	3e314203	lbu	x4,995(x2)	  x2:0x8001d874  x4=0x00000054 PA:0x8001dc57 store:0x8001b7c9
        4453000	      2126	8000034a	04410583	lb	x11,68(x2)	  x2:0x8001d874 x11=0xffffffbb PA:0x8001d8b8 store:0x00000054
        4455000	      2127	8000034e	3e42a593	slti	x11,x5,996	  x5:0x80023e1c x11=0x00000001
        4501000	      2150	80000352	ca414d03	lbu	x26,-860(x2)	  x2:0x8001d874 x26=0x0000001b PA:0x8001d518 store:0x00000054
        4503000	      2151	80000356	0c2b8493	addi	x9,x23,194	 x23:0xffffffa4  x9=0x00000066
        4539000	      2169	8000035a	9c011323	sh	x0,-1594(x2)	  x2:0x8001d874  x0:0x00000000 PA:0x8001d23a store:0x00000000 load:0x00000000
        4551000	      2175	8000035e	1302c013	xori	x0,x5,304	  x5:0x80023e1c  x0=0x00000000
        4553000	      2176	80000362	b493e217	auipc	x4,0xb493e	  x4=0x3493e362
        4593000	      2196	80000366	0065eb33	or	x22,x11,x6	 x11:0x00000001  x6:0x00000000 x22=0x00000001
        4617000	      2208	8000036a	7f010323	sb	x16,2022(x2)	  x2:0x8001d874 x16:0x00000000 PA:0x8001e05a store:0x00000000 load:0x00000000
        4655000	      2227	8000036e	78b10d03	lb	x26,1931(x2)	  x2:0x8001d874 x26=0xfffffffc PA:0x8001dfff store:0x00000001
        4659000	      2229	80000372	c7011923	sh	x16,-910(x2)	  x2:0x8001d874 x16:0x00000000 PA:0x8001d4e6 store:0x00000000 load:0x00000000
        4667000	      2233	80000376	c5410c83	lb	x25,-940(x2)	  x2:0x8001d874 x25=0xffffffcb PA:0x8001d4c8 store:0xffffffcb
        4689000	      2244	8000037a	02b49eb3	mulh	x29,x9,x11	  x9:0x00000066 x11:0x00000001 x29=0x00000000
        4697000	      2248	8000037e	3aa12823	sw	x10,944(x2)	  x2:0x8001d874 x10:0xffffdedf PA:0x8001dc24 store:0xffffdedf load:0xffffdedf
        4753000	      2276	80000382	def10183	lb	x3,-529(x2)	  x2:0x8001d874  x3=0x00000060 PA:0x8001d663 store:0x00000000
        4755000	      2277	80000386	016e1e93	slli	x29,x28,0x16	 x28:0x00000000 x29=0x00000000
        4797000	      2298	8000038a	bfc106a3	sb	x28,-1043(x2)	  x2:0x8001d874 x28:0x00000000 PA:0x8001d461 store:0x00000000 load:0x00000000
        4871000	      2335	8000038e	0257d8b3	divu	x17,x15,x5	 x15:0x00000000  x5:0x80023e1c x17=0x00000000
        4875000	      2337	80000392	b1710a83	lb	x21,-1257(x2)	  x2:0x8001d874 x21=0xffffff88 PA:0x8001d38b store:0xffffffa4
        4933000	      2366	80000396	a3f10703	lb	x14,-1473(x2)	  x2:0x8001d874 x14=0xffffffb0 PA:0x8001d2b3 store:0xffffffdc
        4939000	      2369	8000039a	10b10603	lb	x12,267(x2)	  x2:0x8001d874 x12=0x0000007c PA:0x8001d97f store:0x00000001
        4997000	      2398	8000039e	69310d23	sb	x19,1690(x2)	  x2:0x8001d874 x19:0x80027e7c PA:0x8001df0e store:0x80027e7c load:0x0000007c
        4999000	      2399	800003a2	0001bb97	auipc	x23,0x1b	 x23=0x8001b3a2
        5001000	      2400	800003a6	6e9b8b93	addi	x23,x23,1769	 x23:0x8001b3a2 x23=0x8001ba8b
        5035000	      2417	800003aa	07dbd403	lhu	x8,125(x23)	 x23:0x8001ba8b  x8=0x00000a0b PA:0x8001bb08 store:0x00000000
        5037000	      2418	800003ae	00016817	auipc	x16,0x16	 x16=0x800163ae
        5039000	      2419	800003b2	13380813	addi	x16,x16,307	 x16:0x800163ae x16=0x800164e1
        5045000	      2422	800003b6	0cab8d23	sb	x10,218(x23)	 x23:0x8001ba8b x10:0xffffdedf PA:0x8001bb65 store:0xffffdedf load:0x000000df
        5063000	      2431	800003ba	f57b8423	sb	x23,-184(x23)	 x23:0x8001ba8b x23:0x8001ba8b PA:0x8001b9d3 store:0x8001ba8b load:0x0000008b
        5085000	      2442	800003be	fc2807a3	sb	x2,-49(x16)	 x16:0x800164e1  x2:0x8001d874 PA:0x800164b0 store:0x8001d874 load:0x00000074
        5097000	      2448	800003c2	08ab8183	lb	x3,138(x23)	 x23:0x8001ba8b  x3=0x00000016 PA:0x8001bb15 store:0xffffdedf
        5109000	      2454	800003c6	f9bb8e03	lb	x28,-101(x23)	 x23:0x8001ba8b x28=0x00000025 PA:0x8001ba26 store:0x000000cc
        5147000	      2473	800003ca	fd9b8aa3	sb	x25,-43(x23)	 x23:0x8001ba8b x25:0xffffffcb PA:0x8001ba60 store:0xffffffcb load:0x000000cb
        5187000	      2493	800003ce	03f801a3	sb	x31,35(x16)	 x16:0x800164e1 x31:0xffffffdc PA:0x80016504 store:0xffffffdc load:0x000000dc
        5193000	      2496	800003d2	f9bbd083	lhu	x1,-101(x23)	 x23:0x8001ba8b  x1=0x00002425 PA:0x8001ba26 store:0x000000cc
        5207000	      2503	800003d6	fdd80623	sb	x29,-52(x16)	 x16:0x800164e1 x29:0x00000000 PA:0x800164ad store:0x00000000 load:0x00000000
        5217000	      2508	800003da	fedbcb03	lbu	x22,-19(x23)	 x23:0x8001ba8b x22=0x0000007b PA:0x8001ba78 store:0x00000000
        5255000	      2527	800003de	fe080f03	lb	x30,-32(x16)	 x16:0x800164e1 x30=0xffffffc2 PA:0x800164c1 store:0x00000000
        5275000	      2537	800003e2	03ebca83	lbu	x21,62(x23)	 x23:0x8001ba8b x21=0x000000ca PA:0x8001bac9 store:0xffffffc2
        5287000	      2543	800003e6	01884e83	lbu	x29,24(x16)	 x16:0x800164e1 x29=0x000000fa PA:0x800164f9 store:0xffffffc4
        5333000	      2566	800003ea	f73b8e03	lb	x28,-141(x23)	 x23:0x8001ba8b x28=0xfffffffd PA:0x8001b9fe store:0x80027e7c
        5339000	      2569	800003ee	fe484203	lbu	x4,-28(x16)	 x16:0x800164e1  x4=0x000000c6 PA:0x800164c5 store:0x3493e362
        5341000	      2570	800003f2	00016117	auipc	x2,0x16	  x2=0x800163f2
        5385000	      2592	800003f6	45110113	addi	x2,x2,1105	  x2:0x800163f2  x2=0x80016843
        5397000	      2598	800003fa	00b15003	lhu	x0,11(x2)	  x2:0x80016843  x0=0x00000000 PA:0x8001684e store:0x00000001
        5427000	      2613	800003fe	ffd10923	sb	x29,-14(x2)	  x2:0x80016843 x29:0x000000fa PA:0x80016835 store:0x000000fa load:0x000000fa
        5439000	      2619	80000402	41d453b3	sra	x7,x8,x29	  x8:0x00000a0b x29:0x000000fa  x7=0x00000000
        5441000	      2620	80000406	ca3ee513	ori	x10,x29,-861	 x29:0x000000fa x10=0xfffffcfb
        5515000	      2657	8000040a	02857a33	remu	x20,x10,x8	 x10:0xfffffcfb  x8:0x00000a0b x20=0x000001d6
        5517000	      2658	8000040e	00a54433	xor	x8,x10,x10	 x10:0xfffffcfb x10:0xfffffcfb  x8=0x00000000
        5535000	      2667	80000412	007103a3	sb	x7,7(x2)	  x2:0x80016843  x7:0x00000000 PA:0x8001684a store:0x00000000 load:0x00000000
        5585000	      2692	80000416	020573b3	remu	x7,x10,x0	 x10:0xfffffcfb  x0:0x00000000  x7=0xfffffcfb
        5587000	      2693	8000041a	41805393	srai	x7,x0,0x18	  x0:0x00000000  x7=0x00000000
        5589000	      2694	8000041e	2a43f013	andi	x0,x7,676	  x7:0x00000000  x0=0x00000000
        5629000	      2714	80000422	fe0108a3	sb	x0,-15(x2)	  x2:0x80016843  x0:0x00000000 PA:0x80016834 store:0x00000000 load:0x00000000
        5653000	      2726	80000426	00810123	sb	x8,2(x2)	  x2:0x80016843  x8:0x00000000 PA:0x80016845 store:0x00000000 load:0x00000000
        5667000	      2733	8000042a	03d38533	mul	x10,x7,x29	  x7:0x00000000 x29:0x000000fa x10=0x00000000
        5701000	      2750	8000042e	ff710a03	lb	x20,-9(x2)	  x2:0x80016843 x20=0x00000039 PA:0x8001683a store:0x8001ba8b
        5725000	      2762	80000432	ff814383	lbu	x7,-8(x2)	  x2:0x80016843  x7=0x00000038 PA:0x8001683b store:0xffffffc4
        5789000	      2794	80000436	00a10523	sb	x10,10(x2)	  x2:0x80016843 x10:0x00000000 PA:0x8001684d store:0x00000000 load:0x00000000
        5863000	      2831	8000043a	03d44eb3	div	x29,x8,x29	  x8:0x00000000 x29:0x000000fa x29=0x00000000
        5915000	      2857	8000043e	01d10323	sb	x29,6(x2)	  x2:0x80016843 x29:0x00000000 PA:0x80016849 store:0x00000000 load:0x00000000
        5917000	      2858	80000442	40045033	sra	x0,x8,x0	  x8:0x00000000  x0:0x00000000  x0=0x00000000
        5921000	      2860	80000446	ff410503	lb	x10,-12(x2)	  x2:0x80016843 x10=0x00000034 PA:0x80016837 store:0x00000039
        5971000	      2885	8000044a	ff410503	lb	x10,-12(x2)	  x2:0x80016843 x10=0x00000034 PA:0x80016837 store:0x00000039
        5999000	      2899	8000044e	40a38033	sub	x0,x7,x10	  x7:0x00000038 x10:0x00000034  x0=0x00000000
        6073000	      2936	80000452	034ee433	rem	x8,x29,x20	 x29:0x00000000 x20:0x00000039  x8=0x00000000
        6087000	      2943	80000456	008100a3	sb	x8,1(x2)	  x2:0x80016843  x8:0x00000000 PA:0x80016844 store:0x00000000 load:0x00000000
        6089000	      2944	8000045a	0ff0000f	fence	iorw,iorwiorw	
        6163000	      2981	8000045e	00614403	lbu	x8,6(x2)	  x2:0x80016843  x8=0x00000000 PA:0x80016849 store:0x00000000
        6171000	      2985	80000462	ffb10503	lb	x10,-5(x2)	  x2:0x80016843 x10=0x0000003d PA:0x8001683e store:0x000000cc
        6205000	      3002	80000466	02703433	mulhu	x8,x0,x7	  x0:0x00000000  x7:0x00000038  x8=0x00000000
        6245000	      3022	8000046a	fe7109a3	sb	x7,-13(x2)	  x2:0x80016843  x7:0x00000038 PA:0x80016836 store:0x00000038 load:0x00000038
        6253000	      3026	8000046e	02852eb3	mulhsu	x29,x10,x8	 x10:0x0000003d  x8:0x00000000 x29=0x00000000
        6255000	      3027	80000472	b0ca13b7	lui	x7,0xb0ca1	  x7=0xb0ca1000
        6269000	      3034	80000476	00710523	sb	x7,10(x2)	  x2:0x80016843  x7:0xb0ca1000 PA:0x8001684d store:0xb0ca1000 load:0x00000000
        6283000	      3041	8000047a	3e250a13	addi	x20,x10,994	 x10:0x0000003d x20=0x0000041f
        6331000	      3065	8000047e	03453eb3	mulhu	x29,x10,x20	 x10:0x0000003d x20:0x0000041f x29=0x00000000
        6385000	      3092	80000482	fff15a03	lhu	x20,-1(x2)	  x2:0x80016843 x20=0x00004041 PA:0x80016842 store:0xffffffdc
        6405000	      3102	80000486	00c10503	lb	x10,12(x2)	  x2:0x80016843 x10=0x0000004c PA:0x8001684f store:0x0000007c
        6479000	      3139	8000048a	034a5a33	divu	x20,x20,x20	 x20:0x00004041 x20:0x00004041 x20=0x00000001
        6481000	      3140	8000048e	d0607393	andi	x7,x0,-762	  x0:0x00000000  x7=0x00000000
        6483000	      3141	80000492	ce607e93	andi	x29,x0,-794	  x0:0x00000000 x29=0x00000000
        6581000	      3190	80000496	ff010003	lb	x0,-16(x2)	  x2:0x80016843  x0=0x00000000 PA:0x80016833 store:0x800164e1
        6583000	      3191	8000049a	00a38a33	add	x20,x7,x10	  x7:0x00000000 x10:0x0000004c x20=0x0000004c
        6611000	      3205	8000049e	01d3fa33	and	x20,x7,x29	  x7:0x00000000 x29:0x00000000 x20=0x00000000
        6621000	      3210	800004a2	03da3a33	mulhu	x20,x20,x29	 x20:0x00000000 x29:0x00000000 x20=0x00000000
        6623000	      3211	800004a6	07002a13	slti	x20,x0,112	  x0:0x00000000 x20=0x00000001
        6653000	      3226	800004aa	007111a3	sh	x7,3(x2)	  x2:0x80016843  x7:0x00000000 PA:0x80016846 store:0x00000000 load:0x00000000
        6667000	      3233	800004ae	03d43433	mulhu	x8,x8,x29	  x8:0x00000000 x29:0x00000000  x8=0x00000000
        6703000	      3251	800004b2	ff210383	lb	x7,-14(x2)	  x2:0x80016843  x7=0xfffffffa PA:0x80016835 store:0x00000000
        6705000	      3252	800004b6	00a39eb3	sll	x29,x7,x10	  x7:0xfffffffa x10:0x0000004c x29=0xffffa000
        6715000	      3257	800004ba	fe010923	sb	x0,-14(x2)	  x2:0x80016843  x0:0x00000000 PA:0x80016835 store:0x00000000 load:0x00000000
        6761000	      3280	800004be	00315e83	lhu	x29,3(x2)	  x2:0x80016843 x29=0x00000000 PA:0x80016846 store:0x00000016
        6791000	      3295	800004c2	02aa2a33	mulhsu	x20,x20,x10	 x20:0x00000001 x10:0x0000004c x20=0x00000000
        6849000	      3324	800004c6	01410123	sb	x20,2(x2)	  x2:0x80016843 x20:0x00000000 PA:0x80016845 store:0x00000000 load:0x00000000
        6851000	      3325	800004ca	00045033	srl	x0,x8,x0	  x8:0x00000000  x0:0x00000000  x0=0x00000000
        6855000	      3327	800004ce	ffb11003	lh	x0,-5(x2)	  x2:0x80016843  x0=0x00000000 PA:0x8001683e store:0x000000cc
        6971000	      3385	800004d2	02aa63b3	rem	x7,x20,x10	 x20:0x00000000 x10:0x0000004c  x7=0x00000000
        6979000	      3389	800004d6	00614003	lbu	x0,6(x2)	  x2:0x80016843  x0=0x00000000 PA:0x80016849 store:0x00000000
        6981000	      3390	800004da	00016e17	auipc	x28,0x16	 x28=0x800164da
        7003000	      3401	800004de	cc3e0e13	addi	x28,x28,-829	 x28:0x800164da x28=0x8001619d
        7011000	      3405	800004e2	5abe0e23	sb	x11,1468(x28)	 x28:0x8001619d x11:0x00000001 PA:0x80016759 store:0x00000001 load:0x00000001
        7015000	      3407	800004e6	593e4383	lbu	x7,1427(x28)	 x28:0x8001619d  x7=0x00000033 PA:0x80016730 store:0x80027e7c
        7055000	      3427	800004ea	30daa393	slti	x7,x21,781	 x21:0x000000ca  x7=0x00000001
        7057000	      3428	800004ee	26087813	andi	x16,x16,608	 x16:0x800164e1 x16=0x00000060
        7065000	      3432	800004f2	08ee0723	sb	x14,142(x28)	 x28:0x8001619d x14:0xffffffb0 PA:0x8001622b store:0xffffffb0 load:0x000000b0
        7085000	      3442	800004f6	0ff0000f	fence	iorwiorwiorw,iorwiorwiorwiorw	
        7125000	      3462	800004fa	1d0e0123	sb	x16,450(x28)	 x28:0x8001619d x16:0x00000060 PA:0x8001635f store:0x00000060 load:0x00000060
        7149000	      3474	800004fe	655e0da3	sb	x21,1627(x28)	 x28:0x8001619d x21:0x000000ca PA:0x800167f8 store:0x000000ca load:0x000000ca
        7151000	      3475	80000502	007745b3	xor	x11,x14,x7	 x14:0xffffffb0  x7:0x00000001 x11=0xffffffb1
        7167000	      3483	80000506	00b5d733	srl	x14,x11,x11	 x11:0xffffffb1 x11:0xffffffb1 x14=0x00007fff
        7171000	      3485	8000050a	ff4e4a83	lbu	x21,-12(x28)	 x28:0x8001619d x21=0x00000092 PA:0x80016191 store:0x00000000
        7207000	      3503	8000050e	0aee00a3	sb	x14,161(x28)	 x28:0x8001619d x14:0x00007fff PA:0x8001623e store:0x00007fff load:0x000000ff
        7261000	      3530	80000512	4a7e0f23	sb	x7,1214(x28)	 x28:0x8001619d  x7:0x00000001 PA:0x8001665b store:0x00000001 load:0x00000001
        7299000	      3549	80000516	694e1fa3	sh	x20,1695(x28)	 x28:0x8001619d x20:0x00000000 PA:0x8001683c store:0x00000000 load:0x00000000
        7321000	      3560	8000051a	424e4803	lbu	x16,1060(x28)	 x28:0x8001619d x16=0x000000c2 PA:0x800165c1 store:0x000000c6
        7345000	      3572	8000051e	62de0803	lb	x16,1581(x28)	 x28:0x8001619d x16=0xffffffc9 PA:0x800167ca store:0x00000000
        7347000	      3573	80000522	40ead833	sra	x16,x21,x14	 x21:0x00000092 x14:0x00007fff x16=0x00000000
        7357000	      3578	80000526	0e1e5703	lhu	x14,225(x28)	 x28:0x8001619d x14=0x00007c7d PA:0x8001627e store:0x00002425
        7389000	      3594	8000052a	015705b3	add	x11,x14,x21	 x14:0x00007c7d x21:0x00000092 x11=0x00007d0f
        7391000	      3595	8000052e	41558a33	sub	x20,x11,x21	 x11:0x00007d0f x21:0x00000092 x20=0x00007c7d
        7413000	      3606	80000532	0133da93	srli	x21,x7,0x13	  x7:0x00000001 x21=0x00000000
        7487000	      3643	80000536	027af833	remu	x16,x21,x7	 x21:0x00000000  x7:0x00000001 x16=0x00000000
        7489000	      3644	8000053a	01571833	sll	x16,x14,x21	 x14:0x00007c7d x21:0x00000000 x16=0x00007c7d
        7509000	      3654	8000053e	478e4803	lbu	x16,1144(x28)	 x28:0x8001619d x16=0x00000016 PA:0x80016615 store:0xffffffc4
        7559000	      3679	80000542	f70e0fa3	sb	x16,-129(x28)	 x28:0x8001619d x16:0x00000016 PA:0x8001611c store:0x00000016 load:0x00000016
        7565000	      3682	80000546	6b6e4a03	lbu	x20,1718(x28)	 x28:0x8001619d x20=0x00000050 PA:0x80016853 store:0x0000007b
        7567000	      3683	8000054a	00e87733	and	x14,x16,x14	 x16:0x00000016 x14:0x00007c7d x14=0x00000014
        7677000	      3738	8000054e	0305f833	remu	x16,x11,x16	 x11:0x00007d0f x16:0x00000016 x16=0x00000005
        7701000	      3750	80000552	214e2ba3	sw	x20,535(x28)	 x28:0x8001619d x20:0x00000050 PA:0x800163b4 store:0x00000050 load:0x00000050
        7711000	      3755	80000556	18be5a03	lhu	x20,395(x28)	 x28:0x8001619d x20=0x00002a2b PA:0x80016328 store:0x00007d0f
        7723000	      3761	8000055a	bdb3b837	lui	x16,0xbdb3b	 x16=0xbdb3b000
        7747000	      3773	8000055e	387e2803	lw	x16,903(x28)	 x28:0x8001619d x16=0x24252627 PA:0x80016524 store:0x00000001
        7749000	      3774	80000562	00b85733	srl	x14,x16,x11	 x16:0x24252627 x11:0x00007d0f x14=0x0000484a
        7765000	      3782	80000566	3e7e09a3	sb	x7,1011(x28)	 x28:0x8001619d  x7:0x00000001 PA:0x80016590 store:0x00000001 load:0x00000001
        7767000	      3783	8000056a	33c9ea37	lui	x20,0x33c9e	 x20=0x33c9e000
        7823000	      3811	8000056e	2ebe2a03	lw	x20,747(x28)	 x28:0x8001619d x20=0x88898a8b PA:0x80016488 store:0x00007d0f
        7831000	      3815	80000572	02e3a5b3	mulhsu	x11,x7,x14	  x7:0x00000001 x14:0x0000484a x11=0x00000000
        7833000	      3816	80000576	010a6813	ori	x16,x20,16	 x20:0x88898a8b x16=0x88898a9b
        7869000	      3834	8000057a	2b5e0323	sb	x21,678(x28)	 x28:0x8001619d x21:0x00000000 PA:0x80016443 store:0x00000000 load:0x00000000
        7893000	      3846	8000057e	4d7e4a83	lbu	x21,1239(x28)	 x28:0x8001619d x21=0x00000077 PA:0x80016674 store:0x8001ba8b
        7895000	      3847	80000582	0145cab3	xor	x21,x11,x20	 x11:0x00000000 x20:0x88898a8b x21=0x88898a8b
        7967000	      3883	80000586	f77e2703	lw	x14,-137(x28)	 x28:0x8001619d x14=0x14151617 PA:0x80016114 store:0x8001ba8b
        7991000	      3895	8000058a	59fe0a83	lb	x21,1439(x28)	 x28:0x8001619d x21=0x0000003f PA:0x8001673c store:0xffffffdc
        7993000	      3896	8000058e	117a2a93	slti	x21,x20,279	 x20:0x88898a8b x21=0x00000001
        8087000	      3943	80000592	29de4a03	lbu	x20,669(x28)	 x28:0x8001619d x20=0x00000039 PA:0x8001643a store:0x00000000
        8089000	      3944	80000596	2eb5a713	slti	x14,x11,747	 x11:0x00000000 x14=0x00000001
        8131000	      3965	8000059a	08be18a3	sh	x11,145(x28)	 x28:0x8001619d x11:0x00000000 PA:0x8001622e store:0x00000000 load:0x00000000
        8133000	      3966	8000059e	014afab3	and	x21,x21,x20	 x21:0x00000001 x20:0x00000039 x21=0x00000001
        8211000	      4005	800005a2	035743b3	div	x7,x14,x21	 x14:0x00000001 x21:0x00000001  x7=0x00000001
        8213000	      4006	800005a6	010af733	and	x14,x21,x16	 x21:0x00000001 x16:0x88898a9b x14=0x00000001
        8215000	      4007	800005aa	d5c38813	addi	x16,x7,-676	  x7:0x00000001 x16=0xfffffd5d
        8219000	      4009	800005ae	01039833	sll	x16,x7,x16	  x7:0x00000001 x16:0xfffffd5d x16=0x20000000
        8281000	      4040	800005b2	12f5f593	andi	x11,x11,303	 x11:0x00000000 x11=0x00000000
        8287000	      4043	800005b6	a7f1ba97	auipc	x21,0xa7f1b	 x21=0x27f1b5b6
        8407000	      4103	800005ba	035afa33	remu	x20,x21,x21	 x21:0x27f1b5b6 x21:0x27f1b5b6 x20=0x00000000
        8411000	      4105	800005be	f2be5803	lhu	x16,-213(x28)	 x28:0x8001619d x16=0x0000cacb PA:0x800160c8 store:0x00000000
        8431000	      4115	800005c2	027e08a3	sb	x7,49(x28)	 x28:0x8001619d  x7:0x00000001 PA:0x800161ce store:0x00000001 load:0x00000001
        8433000	      4116	800005c6	0001e217	auipc	x4,0x1e	  x4=0x8001e5c6
        8435000	      4117	800005ca	8b820213	addi	x4,x4,-1864	  x4:0x8001e5c6  x4=0x8001de7e
        8505000	      4152	800005ce	f5e21823	sh	x30,-176(x4)	  x4:0x8001de7e x30:0xffffffc2 PA:0x8001ddce store:0xffffffc2 load:0x0000ffc2
        8513000	      4156	800005d2	f0920ea3	sb	x9,-227(x4)	  x4:0x8001de7e  x9:0x00000066 PA:0x8001dd9b store:0x00000066 load:0x00000066
        8517000	      4158	800005d6	fbf20683	lb	x13,-65(x4)	  x4:0x8001de7e x13=0x0000003e PA:0x8001de3d store:0xffffffdc
        8553000	      4176	800005da	f3124883	lbu	x17,-207(x4)	  x4:0x8001de7e x17=0x000000ac PA:0x8001ddaf store:0x00000000
        8577000	      4188	800005de	02425b83	lhu	x23,36(x4)	  x4:0x8001de7e x23=0x0000a0a1 PA:0x8001dea2 store:0x8001de7e
        8579000	      4189	800005e2	326174b7	lui	x9,0x32617	  x9=0x32617000
        8597000	      4198	800005e6	0b020483	lb	x9,176(x4)	  x4:0x8001de7e  x9=0x0000002d PA:0x8001df2e store:0x0000cacb
        8605000	      4202	800005ea	0ff0000f	fence	iorwiorwiorwiorwiorw,iorwiorwiorwiorwiorwiorw	
        8689000	      4244	800005ee	02d5d4b3	divu	x9,x11,x13	 x11:0x00000000 x13:0x0000003e  x9=0x00000000
        8705000	      4252	800005f2	fb620583	lb	x11,-74(x4)	  x4:0x8001de7e x11=0x00000037 PA:0x8001de34 store:0x0000007b
        8711000	      4255	800005f6	f7a22883	lw	x17,-134(x4)	  x4:0x8001de7e x17=0xf8f9fafb PA:0x8001ddf8 store:0xfffffffc
        8721000	      4260	800005fa	0fe20fa3	sb	x30,255(x4)	  x4:0x8001de7e x30:0xffffffc2 PA:0x8001df7d store:0xffffffc2 load:0x000000c2
        8725000	      4262	800005fe	0ff0000f	fence	iorwiorwiorwiorwiorwiorwiorw,iorwiorwiorwiorwiorwiorwiorwiorw	
        8733000	      4266	80000602	f6d6fb93	andi	x23,x13,-147	 x13:0x0000003e x23=0x0000002c
        8761000	      4280	80000606	01ebc5b3	xor	x11,x23,x30	 x23:0x0000002c x30:0xffffffc2 x11=0xffffffee
        8809000	      4304	8000060a	03e8af33	mulhsu	x30,x17,x30	 x17:0xf8f9fafb x30:0xffffffc2 x30=0xf8f9fafc
        8821000	      4310	8000060e	f4921c23	sh	x9,-168(x4)	  x4:0x8001de7e  x9:0x00000000 PA:0x8001ddd6 store:0x00000000 load:0x00000000
        8895000	      4347	80000612	02b5f5b3	remu	x11,x11,x11	 x11:0xffffffee x11:0xffffffee x11=0x00000000
        8903000	      4351	80000616	02bf3f33	mulhu	x30,x30,x11	 x30:0xf8f9fafc x11:0x00000000 x30=0x00000000
        8905000	      4352	8000061a	40b8df33	sra	x30,x17,x11	 x17:0xf8f9fafb x11:0x00000000 x30=0xf8f9fafb
        8937000	      4368	8000061e	fce20483	lb	x9,-50(x4)	  x4:0x8001de7e  x9=0x0000004f PA:0x8001de4c store:0x00000001
        8939000	      4369	80000622	0178e4b3	or	x9,x17,x23	 x17:0xf8f9fafb x23:0x0000002c  x9=0xf8f9faff
        9047000	      4423	80000626	03e4ef33	rem	x30,x9,x30	  x9:0xf8f9faff x30:0xf8f9fafb x30=0xf8f9faff
        9051000	      4425	8000062a	fa724683	lbu	x13,-89(x4)	  x4:0x8001de7e x13=0x00000026 PA:0x8001de25 store:0x00000001
        9075000	      4437	8000062e	ffe21323	sh	x30,-26(x4)	  x4:0x8001de7e x30:0xf8f9faff PA:0x8001de64 store:0xf8f9faff load:0x0000faff
        9119000	      4459	80000632	f9320683	lb	x13,-109(x4)	  x4:0x8001de7e x13=0x00000012 PA:0x8001de11 store:0x80027e7c
        9163000	      4481	80000636	07a22683	lw	x13,122(x4)	  x4:0x8001de7e x13=0xf8f9fafb PA:0x8001def8 store:0xfffffffc
        9165000	      4482	8000063a	4114dbb3	sra	x23,x9,x17	  x9:0xf8f9faff x17:0xf8f9fafb x23=0xffffffff
        9193000	      4496	8000063e	01320583	lb	x11,19(x4)	  x4:0x8001de7e x11=0xffffff92 PA:0x8001de91 store:0x80027e7c
        9195000	      4497	80000642	1fa88b93	addi	x23,x17,506	 x17:0xf8f9fafb x23=0xf8f9fcf5
        9197000	      4498	80000646	01259493	slli	x9,x11,0x12	 x11:0xffffff92  x9=0xfe480000
        9241000	      4520	8000064a	0f524583	lbu	x11,245(x4)	  x4:0x8001de7e x11=0x00000070 PA:0x8001df73 store:0x27f1b5b6
        9271000	      4535	8000064e	03c0016f	jal	x2,8000068a	  x2=0x80000652
        9321000	      4560	8000068a	fe5ff0ef	jal	x1,8000066e	  x1=0x8000068e
        9347000	      4573	8000066e	014000ef	jal	x1,80000682	  x1=0x80000672
        9413000	      4606	80000682	fe1ff0ef	jal	x1,80000662	  x1=0x80000686
        9465000	      4632	80000662	ff5ff7ef	jal	x15,80000656	 x15=0x80000666
        9535000	      4667	80000656	0380026f	jal	x4,8000068e	  x4=0x8000065a
        9555000	      4677	8000068e	ff1ff86f	jal	x16,8000067e	 x16=0x80000692
        9589000	      4694	8000067e	ff5ff0ef	jal	x1,80000672	  x1=0x80000682
        9687000	      4743	80000672	ff5ff0ef	jal	x1,80000666	  x1=0x80000676
        9721000	      4760	80000666	02c000ef	jal	x1,80000692	  x1=0x8000066a
        9809000	      4804	80000692	ff5ff0ef	jal	x1,80000686	  x1=0x80000696
        9921000	      4860	80000686	fe5ff26f	jal	x4,8000066a	  x4=0x8000068a
        9961000	      4880	8000066a	ff1ffe6f	jal	x28,8000065a	 x28=0x8000066e
       10019000	      4909	8000065a	ff9ff0ef	jal	x1,80000652	  x1=0x8000065e
       10125000	      4962	80000652	024005ef	jal	x11,80000676	 x11=0x80000656
       10209000	      5004	80000676	004007ef	jal	x15,8000067a	 x15=0x8000067a
       10261000	      5030	8000067a	fe5ff0ef	jal	x1,8000065e	  x1=0x8000067e
       10345000	      5072	8000065e	038000ef	jal	x1,80000696	  x1=0x80000662
       10439000	      5119	80000696	004664b3	or	x9,x12,x4	 x12:0x0000007c  x4:0x8000068a  x9=0x800006fe
       10445000	      5122	8000069a	ffc00193	addi	x3,x0,-4	  x0:0x00000000  x3=0xfffffffc
       10521000	      5160	8000069e	0379da33	divu	x20,x19,x23	 x19:0x80027e7c x23:0xf8f9fcf5 x20=0x00000000
       10523000	      5161	800006a2	00e0c0b3	xor	x1,x1,x14	  x1:0x80000662 x14:0x00000001  x1=0x80000663
       10525000	      5162	800006a6	013f6b33	or	x22,x30,x19	 x30:0xf8f9faff x19:0x80027e7c x22=0xf8fbfeff
       10529000	      5164	800006aa	01398cb3	add	x25,x19,x19	 x19:0x80027e7c x19:0x80027e7c x25=0x0004fcf8
       10589000	      5194	800006ae	653e0f17	auipc	x30,0x653e0	 x30=0xe53e06ae
       10631000	      5215	800006b2	0ff0000f	fence	iorwiorwiorwiorwiorwiorwiorwiorwiorw,iorwiorwiorwiorwiorwiorwiorwiorwiorwiorw	
       10641000	      5220	800006b6	00600c13	addi	x24,x0,6	  x0:0x00000000 x24=0x00000006
       10669000	      5234	800006ba	017b8b33	add	x22,x23,x23	 x23:0xf8f9fcf5 x23:0xf8f9fcf5 x22=0xf1f3f9ea
       10747000	      5273	800006be	03a1e3b3	rem	x7,x3,x26	  x3:0xfffffffc x26:0xfffffffc  x7=0x00000000
       10749000	      5274	800006c2	3020a213	slti	x4,x1,770	  x1:0x80000663  x4=0x00000001
       10823000	      5311	800006c6	02a1d233	divu	x4,x3,x10	  x3:0xfffffffc x10:0x0000004c  x4=0x035e50d7
       10825000	      5312	800006ca	ff944d13	xori	x26,x8,-7	  x8:0x00000000 x26=0xfffffff9
       10827000	      5313	800006ce	001a3eb3	sltu	x29,x20,x1	 x20:0x00000000  x1:0x80000663 x29=0x00000001
       10829000	      5314	800006d2	0001	c.addi	x0,0	  x0:0x00000000  x0=0x00000000
       10851000	      5325	800006d4	e0678e17	auipc	x28,0xe0678	 x28=0x606786d4
       10885000	      5342	800006d8	4069df33	sra	x30,x19,x6	 x19:0x80027e7c  x6:0x00000000 x30=0x80027e7c
       10887000	      5343	800006dc	0092b733	sltu	x14,x5,x9	  x5:0x80023e1c  x9:0x800006fe x14=0x00000000
       10889000	      5344	800006e0	0185	c.addi	x3,1	  x3:0xfffffffc  x3=0xfffffffd
       10891000	      5345	800006e2	00555b13	srli	x22,x10,0x5	 x10:0x0000004c x22=0x00000002
       10915000	      5357	800006e6	ff81c0e3	blt	x3,x24,800006c6	  x3:0xfffffffd x24:0x00000006  x0=0x00000000
       11045000	      5422	800006c6	02a1d233	divu	x4,x3,x10	  x3:0xfffffffd x10:0x0000004c  x4=0x035e50d7
       11047000	      5423	800006ca	ff944d13	xori	x26,x8,-7	  x8:0x00000000 x26=0xfffffff9
       11049000	      5424	800006ce	001a3eb3	sltu	x29,x20,x1	 x20:0x00000000  x1:0x80000663 x29=0x00000001
       11051000	      5425	800006d2	0001	c.addi	x0,0	  x0:0x00000000  x0=0x00000000
       11073000	      5436	800006d4	e0678e17	auipc	x28,0xe0678	 x28=0x606786d4
       11099000	      5449	800006d8	4069df33	sra	x30,x19,x6	 x19:0x80027e7c  x6:0x00000000 x30=0x80027e7c
       11141000	      5470	800006dc	0092b733	sltu	x14,x5,x9	  x5:0x80023e1c  x9:0x800006fe x14=0x00000000
       11143000	      5471	800006e0	0185	c.addi	x3,1	  x3:0xfffffffd  x3=0xfffffffe
       11159000	      5479	800006e2	00555b13	srli	x22,x10,0x5	 x10:0x0000004c x22=0x00000002
       11177000	      5488	800006e6	ff81c0e3	blt	x3,x24,800006c6	  x3:0xfffffffe x24:0x00000006  x0=0x00000000
       11325000	      5562	800006c6	02a1d233	divu	x4,x3,x10	  x3:0xfffffffe x10:0x0000004c  x4=0x035e50d7
       11327000	      5563	800006ca	ff944d13	xori	x26,x8,-7	  x8:0x00000000 x26=0xfffffff9
       11329000	      5564	800006ce	001a3eb3	sltu	x29,x20,x1	 x20:0x00000000  x1:0x80000663 x29=0x00000001
       11331000	      5565	800006d2	0001	c.addi	x0,0	  x0:0x00000000  x0=0x00000000
       11353000	      5576	800006d4	e0678e17	auipc	x28,0xe0678	 x28=0x606786d4
       11357000	      5578	800006d8	4069df33	sra	x30,x19,x6	 x19:0x80027e7c  x6:0x00000000 x30=0x80027e7c
       11411000	      5605	800006dc	0092b733	sltu	x14,x5,x9	  x5:0x80023e1c  x9:0x800006fe x14=0x00000000
       11413000	      5606	800006e0	0185	c.addi	x3,1	  x3:0xfffffffe  x3=0xffffffff
       11415000	      5607	800006e2	00555b13	srli	x22,x10,0x5	 x10:0x0000004c x22=0x00000002
       11451000	      5625	800006e6	ff81c0e3	blt	x3,x24,800006c6	  x3:0xffffffff x24:0x00000006  x0=0x00000000
       11613000	      5706	800006c6	02a1d233	divu	x4,x3,x10	  x3:0xffffffff x10:0x0000004c  x4=0x035e50d7
       11615000	      5707	800006ca	ff944d13	xori	x26,x8,-7	  x8:0x00000000 x26=0xfffffff9
       11617000	      5708	800006ce	001a3eb3	sltu	x29,x20,x1	 x20:0x00000000  x1:0x80000663 x29=0x00000001
       11619000	      5709	800006d2	0001	c.addi	x0,0	  x0:0x00000000  x0=0x00000000
       11665000	      5732	800006d4	e0678e17	auipc	x28,0xe0678	 x28=0x606786d4
       11667000	      5733	800006d8	4069df33	sra	x30,x19,x6	 x19:0x80027e7c  x6:0x00000000 x30=0x80027e7c
       11715000	      5757	800006dc	0092b733	sltu	x14,x5,x9	  x5:0x80023e1c  x9:0x800006fe x14=0x00000000
       11717000	      5758	800006e0	0185	c.addi	x3,1	  x3:0xffffffff  x3=0x00000000
       11765000	      5782	800006e2	00555b13	srli	x22,x10,0x5	 x10:0x0000004c x22=0x00000002
       11769000	      5784	800006e6	ff81c0e3	blt	x3,x24,800006c6	  x3:0x00000000 x24:0x00000006  x0=0x00000000
       11919000	      5859	800006c6	02a1d233	divu	x4,x3,x10	  x3:0x00000000 x10:0x0000004c  x4=0x00000000
       11921000	      5860	800006ca	ff944d13	xori	x26,x8,-7	  x8:0x00000000 x26=0xfffffff9
       11923000	      5861	800006ce	001a3eb3	sltu	x29,x20,x1	 x20:0x00000000  x1:0x80000663 x29=0x00000001
       11925000	      5862	800006d2	0001	c.addi	x0,0	  x0:0x00000000  x0=0x00000000
       11947000	      5873	800006d4	e0678e17	auipc	x28,0xe0678	 x28=0x606786d4
       11985000	      5892	800006d8	4069df33	sra	x30,x19,x6	 x19:0x80027e7c  x6:0x00000000 x30=0x80027e7c
       11991000	      5895	800006dc	0092b733	sltu	x14,x5,x9	  x5:0x80023e1c  x9:0x800006fe x14=0x00000000
       12009000	      5904	800006e0	0185	c.addi	x3,1	  x3:0x00000000  x3=0x00000001
       12057000	      5928	800006e2	00555b13	srli	x22,x10,0x5	 x10:0x0000004c x22=0x00000002
       12061000	      5930	800006e6	ff81c0e3	blt	x3,x24,800006c6	  x3:0x00000001 x24:0x00000006  x0=0x00000000
       12183000	      5991	800006c6	02a1d233	divu	x4,x3,x10	  x3:0x00000001 x10:0x0000004c  x4=0x00000000
       12185000	      5992	800006ca	ff944d13	xori	x26,x8,-7	  x8:0x00000000 x26=0xfffffff9
       12195000	      5997	800006ce	001a3eb3	sltu	x29,x20,x1	 x20:0x00000000  x1:0x80000663 x29=0x00000001
       12197000	      5998	800006d2	0001	c.addi	x0,0	  x0:0x00000000  x0=0x00000000
       12205000	      6002	800006d4	e0678e17	auipc	x28,0xe0678	 x28=0x606786d4
       12237000	      6018	800006d8	4069df33	sra	x30,x19,x6	 x19:0x80027e7c  x6:0x00000000 x30=0x80027e7c
       12241000	      6020	800006dc	0092b733	sltu	x14,x5,x9	  x5:0x80023e1c  x9:0x800006fe x14=0x00000000
       12275000	      6037	800006e0	0185	c.addi	x3,1	  x3:0x00000001  x3=0x00000002
       12317000	      6058	800006e2	00555b13	srli	x22,x10,0x5	 x10:0x0000004c x22=0x00000002
       12321000	      6060	800006e6	ff81c0e3	blt	x3,x24,800006c6	  x3:0x00000002 x24:0x00000006  x0=0x00000000
       12477000	      6138	800006c6	02a1d233	divu	x4,x3,x10	  x3:0x00000002 x10:0x0000004c  x4=0x00000000
       12479000	      6139	800006ca	ff944d13	xori	x26,x8,-7	  x8:0x00000000 x26=0xfffffff9
       12481000	      6140	800006ce	001a3eb3	sltu	x29,x20,x1	 x20:0x00000000  x1:0x80000663 x29=0x00000001
       12483000	      6141	800006d2	0001	c.addi	x0,0	  x0:0x00000000  x0=0x00000000
       12505000	      6152	800006d4	e0678e17	auipc	x28,0xe0678	 x28=0x606786d4
       12527000	      6163	800006d8	4069df33	sra	x30,x19,x6	 x19:0x80027e7c  x6:0x00000000 x30=0x80027e7c
       12539000	      6169	800006dc	0092b733	sltu	x14,x5,x9	  x5:0x80023e1c  x9:0x800006fe x14=0x00000000
       12551000	      6175	800006e0	0185	c.addi	x3,1	  x3:0x00000002  x3=0x00000003
       12553000	      6176	800006e2	00555b13	srli	x22,x10,0x5	 x10:0x0000004c x22=0x00000002
       12571000	      6185	800006e6	ff81c0e3	blt	x3,x24,800006c6	  x3:0x00000003 x24:0x00000006  x0=0x00000000
       12715000	      6257	800006c6	02a1d233	divu	x4,x3,x10	  x3:0x00000003 x10:0x0000004c  x4=0x00000000
       12717000	      6258	800006ca	ff944d13	xori	x26,x8,-7	  x8:0x00000000 x26=0xfffffff9
       12719000	      6259	800006ce	001a3eb3	sltu	x29,x20,x1	 x20:0x00000000  x1:0x80000663 x29=0x00000001
       12721000	      6260	800006d2	0001	c.addi	x0,0	  x0:0x00000000  x0=0x00000000
       12755000	      6277	800006d4	e0678e17	auipc	x28,0xe0678	 x28=0x606786d4
       12781000	      6290	800006d8	4069df33	sra	x30,x19,x6	 x19:0x80027e7c  x6:0x00000000 x30=0x80027e7c
       12785000	      6292	800006dc	0092b733	sltu	x14,x5,x9	  x5:0x80023e1c  x9:0x800006fe x14=0x00000000
       12793000	      6296	800006e0	0185	c.addi	x3,1	  x3:0x00000003  x3=0x00000004
       12833000	      6316	800006e2	00555b13	srli	x22,x10,0x5	 x10:0x0000004c x22=0x00000002
       12837000	      6318	800006e6	ff81c0e3	blt	x3,x24,800006c6	  x3:0x00000004 x24:0x00000006  x0=0x00000000
       12957000	      6378	800006c6	02a1d233	divu	x4,x3,x10	  x3:0x00000004 x10:0x0000004c  x4=0x00000000
       12959000	      6379	800006ca	ff944d13	xori	x26,x8,-7	  x8:0x00000000 x26=0xfffffff9
       12961000	      6380	800006ce	001a3eb3	sltu	x29,x20,x1	 x20:0x00000000  x1:0x80000663 x29=0x00000001
       12963000	      6381	800006d2	0001	c.addi	x0,0	  x0:0x00000000  x0=0x00000000
       12987000	      6393	800006d4	e0678e17	auipc	x28,0xe0678	 x28=0x606786d4
       12989000	      6394	800006d8	4069df33	sra	x30,x19,x6	 x19:0x80027e7c  x6:0x00000000 x30=0x80027e7c
       13021000	      6410	800006dc	0092b733	sltu	x14,x5,x9	  x5:0x80023e1c  x9:0x800006fe x14=0x00000000
       13023000	      6411	800006e0	0185	c.addi	x3,1	  x3:0x00000004  x3=0x00000005
       13031000	      6415	800006e2	00555b13	srli	x22,x10,0x5	 x10:0x0000004c x22=0x00000002
       13055000	      6427	800006e6	ff81c0e3	blt	x3,x24,800006c6	  x3:0x00000005 x24:0x00000006  x0=0x00000000
       13135000	      6467	800006c6	02a1d233	divu	x4,x3,x10	  x3:0x00000005 x10:0x0000004c  x4=0x00000000
       13137000	      6468	800006ca	ff944d13	xori	x26,x8,-7	  x8:0x00000000 x26=0xfffffff9
       13139000	      6469	800006ce	001a3eb3	sltu	x29,x20,x1	 x20:0x00000000  x1:0x80000663 x29=0x00000001
       13141000	      6470	800006d2	0001	c.addi	x0,0	  x0:0x00000000  x0=0x00000000
       13153000	      6476	800006d4	e0678e17	auipc	x28,0xe0678	 x28=0x606786d4
       13169000	      6484	800006d8	4069df33	sra	x30,x19,x6	 x19:0x80027e7c  x6:0x00000000 x30=0x80027e7c
       13187000	      6493	800006dc	0092b733	sltu	x14,x5,x9	  x5:0x80023e1c  x9:0x800006fe x14=0x00000000
       13223000	      6511	800006e0	0185	c.addi	x3,1	  x3:0x00000005  x3=0x00000006
       13231000	      6515	800006e2	00555b13	srli	x22,x10,0x5	 x10:0x0000004c x22=0x00000002
       13249000	      6524	800006e6	ff81c0e3	blt	x3,x24,800006c6	  x3:0x00000006 x24:0x00000006  x0=0x00000000
       13267000	      6533	800006ea	01adc5b3	xor	x11,x27,x26	 x27:0x000000cc x26:0xfffffff9 x11=0xffffff35
       13285000	      6542	800006ee	0280016f	jal	x2,80000716	  x2=0x800006f2
       13331000	      6565	80000716	fe9ff26f	jal	x4,800006fe	  x4=0x8000071a
       13357000	      6578	800006fe	0480016f	jal	x2,80000746	  x2=0x80000702
       13431000	      6615	80000746	ff9ff0ef	jal	x1,8000073e	  x1=0x8000074a
       13499000	      6649	8000073e	ff1ff56f	jal	x10,8000072e	 x10=0x80000742
       13569000	      6684	8000072e	fe5ff1ef	jal	x3,80000712	  x3=0x80000732
       13653000	      6726	80000712	03c00bef	jal	x23,8000074e	 x23=0x80000716
       13703000	      6751	8000074e	fa9ff0ef	jal	x1,800006f6	  x1=0x80000752
       13761000	      6780	800006f6	03c000ef	jal	x1,80000732	  x1=0x800006fa
       13785000	      6792	80000732	ff1ff4ef	jal	x9,80000722	  x9=0x80000736
       13793000	      6796	80000722	ffdffcef	jal	x25,8000071e	 x25=0x80000726
       13857000	      6828	8000071e	02c000ef	jal	x1,8000074a	  x1=0x80000722
       13923000	      6861	8000074a	fedff0ef	jal	x1,80000736	  x1=0x8000074e
       13983000	      6891	80000736	00c00fef	jal	x31,80000742	 x31=0x8000073a
       14043000	      6921	80000742	fc1ff86f	jal	x16,80000702	 x16=0x80000746
       14083000	      6941	80000702	024000ef	jal	x1,80000726	  x1=0x80000706
       14137000	      6968	80000726	fe9ff0ef	jal	x1,8000070e	  x1=0x8000072a
       14195000	      6997	8000070e	ff9ffd6f	jal	x26,80000706	 x26=0x80000712
       14247000	      7023	80000706	024000ef	jal	x1,8000072a	  x1=0x8000070a
       14315000	      7057	8000072a	fe1ff0ef	jal	x1,8000070a	  x1=0x8000072e
       14339000	      7069	8000070a	010000ef	jal	x1,8000071a	  x1=0x8000070e
       14395000	      7097	8000071a	fe1ffcef	jal	x25,800006fa	 x25=0x8000071e
       14491000	      7145	800006fa	040001ef	jal	x3,8000073a	  x3=0x800006fe
       14551000	      7175	8000073a	fb9ff0ef	jal	x1,800006f2	  x1=0x8000073e
       14615000	      7207	800006f2	0600026f	jal	x4,80000752	  x4=0x800006f6
       14653000	      7226	80000752	f99c3d13	sltiu	x26,x24,-103	 x24:0x00000006 x26=0x00000001
       14663000	      7231	80000756	0001b817	auipc	x16,0x1b	 x16=0x8001b756
       14723000	      7261	8000075a	c2780813	addi	x16,x16,-985	 x16:0x8001b756 x16=0x8001b37d
       14775000	      7287	8000075e	00984703	lbu	x14,9(x16)	 x16:0x8001b37d x14=0x00000085 PA:0x8001b386 store:0x80000736
       14779000	      7289	80000762	00985c03	lhu	x24,9(x16)	 x16:0x8001b37d x24=0x00008485 PA:0x8001b386 store:0x80000736
       14793000	      7296	80000766	00980f83	lb	x31,9(x16)	 x16:0x8001b37d x31=0xffffff85 PA:0x8001b386 store:0x80000736
       14827000	      7313	8000076a	00984b83	lbu	x23,9(x16)	 x16:0x8001b37d x23=0x00000085 PA:0x8001b386 store:0x80000736
       14879000	      7339	8000076e	fc080003	lb	x0,-64(x16)	 x16:0x8001b37d  x0=0x00000000 PA:0x8001b33d store:0x00000000
       14885000	      7342	80000772	fc080603	lb	x12,-64(x16)	 x16:0x8001b37d x12=0x0000003e PA:0x8001b33d store:0x00000000
       14897000	      7348	80000776	fc080e83	lb	x29,-64(x16)	 x16:0x8001b37d x29=0x0000003e PA:0x8001b33d store:0x00000000
       14923000	      7361	8000077a	fc4812a3	sh	x4,-59(x16)	 x16:0x8001b37d  x4:0x800006f6 PA:0x8001b342 store:0x800006f6 load:0x000006f6
       14953000	      7376	8000077e	02e84e83	lbu	x29,46(x16)	 x16:0x8001b37d x29=0x000000a8 PA:0x8001b3ab store:0x00000085
       14977000	      7388	80000782	02e80b03	lb	x22,46(x16)	 x16:0x8001b37d x22=0xffffffa8 PA:0x8001b3ab store:0x00000085
       14995000	      7397	80000786	003b2133	slt	x2,x22,x3	 x22:0xffffffa8  x3:0x800006fe  x2=0x00000000
       15059000	      7429	8000078a	02e80503	lb	x10,46(x16)	 x16:0x8001b37d x10=0xffffffa8 PA:0x8001b3ab store:0x00000085
       15069000	      7434	8000078e	02e84a83	lbu	x21,46(x16)	 x16:0x8001b37d x21=0x000000a8 PA:0x8001b3ab store:0x00000085
       15095000	      7447	80000792	001e6b33	or	x22,x28,x1	 x28:0x606786d4  x1:0x8000073e x22=0xe06787fe
       15097000	      7448	80000796	413bd493	srai	x9,x23,0x13	 x23:0x00000085  x9=0x00000000
       15163000	      7481	8000079a	02e84783	lbu	x15,46(x16)	 x16:0x8001b37d x15=0x000000a8 PA:0x8001b3ab store:0x00000085
       15165000	      7482	8000079e	1de3bc97	auipc	x25,0x1de3b	 x25=0x9de3b79e
       15205000	      7502	800007a2	02e84c83	lbu	x25,46(x16)	 x16:0x8001b37d x25=0x000000a8 PA:0x8001b3ab store:0x00000085
       15213000	      7506	800007a6	02b80723	sb	x11,46(x16)	 x16:0x8001b37d x11:0xffffff35 PA:0x8001b3ab store:0xffffff35 load:0x00000035
       15247000	      7523	800007aa	02e80d03	lb	x26,46(x16)	 x16:0x8001b37d x26=0x00000035 PA:0x8001b3ab store:0x00000085
       15249000	      7524	800007ae	411bd633	sra	x12,x23,x17	 x23:0x00000085 x17:0xf8f9fafb x12=0x00000000
       15283000	      7541	800007b2	02e84683	lbu	x13,46(x16)	 x16:0x8001b37d x13=0x00000035 PA:0x8001b3ab store:0x00000085
       15289000	      7544	800007b6	008cd433	srl	x8,x25,x8	 x25:0x000000a8  x8:0x00000000  x8=0x000000a8
       15315000	      7557	800007ba	02e80403	lb	x8,46(x16)	 x16:0x8001b37d  x8=0x00000035 PA:0x8001b3ab store:0x00000085
       15319000	      7559	800007be	01258433	add	x8,x11,x18	 x11:0xffffff35 x18:0x00000000  x8=0xffffff35
       15365000	      7582	800007c2	01e80a03	lb	x20,30(x16)	 x16:0x8001b37d x20=0xffffff98 PA:0x8001b39b store:0x80027e7c
       15367000	      7583	800007c6	00016f17	auipc	x30,0x16	 x30=0x800167c6
       15369000	      7584	800007ca	01ff0f13	addi	x30,x30,31	 x30:0x800167c6 x30=0x800167e5
       15425000	      7612	800007ce	06cf0403	lb	x8,108(x30)	 x30:0x800167e5  x8=0x00000052 PA:0x80016851 store:0x00000000
       15439000	      7619	800007d2	ff5f4f83	lbu	x31,-11(x30)	 x30:0x800167e5 x31=0x000000d9 PA:0x800167da store:0x000000a8
       15441000	      7620	800007d6	00016197	auipc	x3,0x16	  x3=0x800167d6
       15447000	      7623	800007da	f7318193	addi	x3,x3,-141	  x3:0x800167d6  x3=0x80016749
       15491000	      7645	800007de	febf2b83	lw	x23,-21(x30)	 x30:0x800167e5 x23=0xd0d1d2d3 PA:0x800167d0 store:0xffffff35
       15495000	      7647	800007e2	0d0f23a3	sw	x16,199(x30)	 x30:0x800167e5 x16:0x8001b37d PA:0x800168ac store:0x8001b37d load:0x8001b37d
       15499000	      7649	800007e6	02618a83	lb	x21,38(x3)	  x3:0x80016749 x21=0x0000006c PA:0x8001676f store:0x00000000
       15539000	      7669	800007ea	fa6f0423	sb	x6,-88(x30)	 x30:0x800167e5  x6:0x00000000 PA:0x8001678d store:0x00000000 load:0x00000000
       15561000	      7680	800007ee	ff71d603	lhu	x12,-9(x3)	  x3:0x80016749 x12=0x00004243 PA:0x80016740 store:0xd0d1d2d3
       15601000	      7700	800007f2	fea185a3	sb	x10,-21(x3)	  x3:0x80016749 x10:0xffffffa8 PA:0x80016734 store:0xffffffa8 load:0x000000a8
       15625000	      7712	800007f6	03d18f23	sb	x29,62(x3)	  x3:0x80016749 x29:0x000000a8 PA:0x80016787 store:0x000000a8 load:0x000000a8
       15649000	      7724	800007fa	015f4b83	lbu	x23,21(x30)	 x30:0x800167e5 x23=0x000000f9 PA:0x800167fa store:0x0000006c
       15675000	      7737	800007fe	02118fa3	sb	x1,63(x3)	  x3:0x80016749  x1:0x8000073e PA:0x80016788 store:0x8000073e load:0x0000003e
       15705000	      7752	80000802	081f04a3	sb	x1,137(x30)	 x30:0x800167e5  x1:0x8000073e PA:0x8001686e store:0x8000073e load:0x0000003e
       15713000	      7756	80000806	0b0f0e03	lb	x28,176(x30)	 x30:0x800167e5 x28=0xffffff96 PA:0x80016895 store:0x8001b37d
       15737000	      7768	8000080a	fd818103	lb	x2,-40(x3)	  x3:0x80016749  x2=0x00000022 PA:0x80016721 store:0x00008485
       15739000	      7769	8000080e	00016697	auipc	x13,0x16	 x13=0x8001680e
       15775000	      7787	80000812	cc668693	addi	x13,x13,-826	 x13:0x8001680e x13=0x800164d4
       15793000	      7796	80000816	00016817	auipc	x16,0x16	 x16=0x80016816
       15797000	      7798	8000081a	94280813	addi	x16,x16,-1726	 x16:0x80016816 x16=0x80016158
       15799000	      7799	8000081e	00016897	auipc	x17,0x16	 x17=0x8001681e
       15801000	      7800	80000822	c0e88893	addi	x17,x17,-1010	 x17:0x8001681e x17=0x8001642c
       15811000	      7805	80000826	00016217	auipc	x4,0x16	  x4=0x80016826
       15873000	      7836	8000082a	90e20213	addi	x4,x4,-1778	  x4:0x80016826  x4=0x80016134
       15915000	      7857	8000082e	00016117	auipc	x2,0x16	  x2=0x8001682e
       15917000	      7858	80000832	80310113	addi	x2,x2,-2045	  x2:0x8001682e  x2=0x80016031
       15937000	      7868	80000836	057206a3	sb	x23,77(x4)	  x4:0x80016134 x23:0x000000f9 PA:0x80016181 store:0x000000f9 load:0x000000f9
       15985000	      7892	8000083a	00a69783	lh	x15,10(x13)	 x13:0x800164d4 x15=0xffffdcdd PA:0x800164de store:0xffffffa8
       16007000	      7903	8000083e	00688183	lb	x3,6(x17)	 x17:0x8001642c  x3=0x00000031 PA:0x80016432 store:0x00000000
       16011000	      7905	80000842	08621783	lh	x15,134(x4)	  x4:0x80016134 x15=0xffffb8b9 PA:0x800161ba store:0x00000000
       16023000	      7911	80000846	f9c8ae23	sw	x28,-100(x17)	 x17:0x8001642c x28:0xffffff96 PA:0x800163c8 store:0xffffff96 load:0xffffff96
       16051000	      7925	8000084a	5ea85503	lhu	x10,1514(x16)	 x16:0x80016158 x10=0x00004041 PA:0x80016742 store:0xffffffa8
       16055000	      7927	8000084e	ffc6d183	lhu	x3,-4(x13)	 x13:0x800164d4  x3=0x0000d2d3 PA:0x800164d0 store:0xffffff96
       16081000	      7940	80000852	08711383	lh	x7,135(x2)	  x2:0x80016031  x7=0xffffbabb PA:0x800160b8 store:0x00000000
       16163000	      7981	80000856	fe524a03	lbu	x20,-27(x4)	  x4:0x80016134 x20=0x0000001a PA:0x80016119 store:0x80023e1c
       16215000	      8007	8000085a	fbd88aa3	sb	x29,-75(x17)	 x17:0x8001642c x29:0x000000a8 PA:0x800163e1 store:0x000000a8 load:0x000000a8
       16241000	      8020	8000085e	3f214603	lbu	x12,1010(x2)	  x2:0x80016031 x12=0x00000020 PA:0x80016423 store:0x00000000
       16265000	      8032	80000862	fbc25383	lhu	x7,-68(x4)	  x4:0x80016134  x7=0x0000f2f3 PA:0x800160f0 store:0xffffff96
       16281000	      8040	80000866	63d802a3	sb	x29,1573(x16)	 x16:0x80016158 x29:0x000000a8 PA:0x8001677d store:0x000000a8 load:0x000000a8
       16337000	      8068	8000086a	00a6c183	lbu	x3,10(x13)	 x13:0x800164d4  x3=0x000000dd PA:0x800164de store:0x00004041
       16361000	      8080	8000086e	2a910c23	sb	x9,696(x2)	  x2:0x80016031  x9:0x00000000 PA:0x800162e9 store:0x00000000 load:0x00000000
       16391000	      8095	80000872	f1524583	lbu	x11,-235(x4)	  x4:0x80016134 x11=0x0000004a PA:0x80016049 store:0x0000006c
       16449000	      8124	80000876	06c88ca3	sb	x12,121(x17)	 x17:0x8001642c x12:0x00000020 PA:0x800164a5 store:0x00000020 load:0x00000020
       16471000	      8135	8000087a	41a809a3	sb	x26,1043(x16)	 x16:0x80016158 x26:0x00000035 PA:0x8001656b store:0x00000035 load:0x00000035
       16493000	      8146	8000087e	ff768ca3	sb	x23,-7(x13)	 x13:0x800164d4 x23:0x000000f9 PA:0x800164cd store:0x000000f9 load:0x000000f9
       16497000	      8148	80000882	fe46ae23	sw	x4,-4(x13)	 x13:0x800164d4  x4:0x80016134 PA:0x800164d0 store:0x80016134 load:0x80016134
       16531000	      8165	80000886	0dd20523	sb	x29,202(x4)	  x4:0x80016134 x29:0x000000a8 PA:0x800161fe store:0x000000a8 load:0x000000a8
       16565000	      8182	8000088a	0026cb83	lbu	x23,2(x13)	 x13:0x800164d4 x23=0x000000d5 PA:0x800164d6 store:0x80016031
       16591000	      8195	8000088e	f0a88923	sb	x10,-238(x17)	 x17:0x8001642c x10:0x00004041 PA:0x8001633e store:0x00004041 load:0x00000041
       16629000	      8214	80000892	fd485183	lhu	x3,-44(x16)	 x16:0x80016158  x3=0x00002e2f PA:0x8001612c store:0x0000001a
       16653000	      8226	80000896	04a8d083	lhu	x1,74(x17)	 x17:0x8001642c  x1=0x00007475 PA:0x80016476 store:0x00004041
       16701000	      8250	8000089a	23214183	lbu	x3,562(x2)	  x2:0x80016031  x3=0x00000060 PA:0x80016263 store:0x00000000
       16725000	      8262	8000089e	07a21823	sh	x26,112(x4)	  x4:0x80016134 x26:0x00000035 PA:0x800161a4 store:0x00000035 load:0x00000035
       16753000	      8276	800008a2	54180b83	lb	x23,1345(x16)	 x16:0x80016158 x23=0xffffff9a PA:0x80016699 store:0x00007475
       16799000	      8299	800008a6	fef68aa3	sb	x15,-11(x13)	 x13:0x800164d4 x15:0xffffb8b9 PA:0x800164c9 store:0xffffb8b9 load:0x000000b9
       16819000	      8309	800008aa	1db11a83	lh	x21,475(x2)	  x2:0x80016031 x21=0x00000e0f PA:0x8001620c store:0x000000cc
       16839000	      8319	800008ae	0c822b03	lw	x22,200(x4)	  x4:0x80016134 x22=0xfca8feff PA:0x800161fc store:0x00000052
       16929000	      8364	800008b2	f6588183	lb	x3,-155(x17)	 x17:0x8001642c  x3=0xffffff92 PA:0x80016391 store:0x80023e1c
       16953000	      8376	800008b6	f3520a83	lb	x21,-203(x4)	  x4:0x80016134 x21=0x0000006a PA:0x80016069 store:0x00000e0f
       16959000	      8379	800008ba	ff368083	lb	x1,-13(x13)	 x13:0x800164d4  x1=0xffffffc4 PA:0x800164c7 store:0x80027e7c
       17011000	      8405	800008be	0001b197	auipc	x3,0x1b	  x3=0x8001b8be
       17033000	      8416	800008c2	b6c18193	addi	x3,x3,-1172	  x3:0x8001b8be  x3=0x8001b42a
       17043000	      8421	800008c6	0001af97	auipc	x31,0x1a	 x31=0x8001a8c6
       17045000	      8422	800008ca	2b7f8f93	addi	x31,x31,695	 x31:0x8001a8c6 x31=0x8001ab7d
       17117000	      8458	800008ce	f5b1cb83	lbu	x23,-165(x3)	  x3:0x8001b42a x23=0x00000086 PA:0x8001b385 store:0x000000cc
       17131000	      8465	800008d2	f6618503	lb	x10,-154(x3)	  x3:0x8001b42a x10=0xffffff93 PA:0x8001b390 store:0x00000000
       17143000	      8471	800008d6	a66f8c03	lb	x24,-1434(x31)	 x31:0x8001ab7d x24=0xffffffe0 PA:0x8001a5e3 store:0x00000000
       17209000	      8504	800008da	00e1ca03	lbu	x20,14(x3)	  x3:0x8001b42a x20=0x0000003b PA:0x8001b438 store:0x00000085
       17253000	      8526	800008de	ae3f8d03	lb	x26,-1309(x31)	 x31:0x8001ab7d x26=0x00000063 PA:0x8001a660 store:0x8001b42a
       17267000	      8533	800008e2	0f21d783	lhu	x15,242(x3)	  x3:0x8001b42a x15=0x00001e1f PA:0x8001b51c store:0x00000000
       17273000	      8536	800008e6	d60f8c83	lb	x25,-672(x31)	 x31:0x8001ab7d x25=0xffffffde PA:0x8001a8dd store:0x00000000
       17309000	      8554	800008ea	04019003	lh	x0,64(x3)	  x3:0x8001b42a  x0=0x00000000 PA:0x8001b46a store:0x00000000
       17337000	      8568	800008ee	f8c1c083	lbu	x1,-116(x3)	  x3:0x8001b42a  x1=0x000000b5 PA:0x8001b3b6 store:0x00000020
       17361000	      8580	800008f2	aedfdb83	lhu	x23,-1299(x31)	 x31:0x8001ab7d x23=0x00006869 PA:0x8001a66a store:0x800164d4
       17379000	      8589	800008f6	f0d18e83	lb	x29,-243(x3)	  x3:0x8001b42a x29=0x00000034 PA:0x8001b337 store:0x800164d4
       17387000	      8593	800008fa	fd5180a3	sb	x21,-63(x3)	  x3:0x8001b42a x21:0x0000006a PA:0x8001b3eb store:0x0000006a load:0x0000006a
       17403000	      8601	800008fe	859fd503	lhu	x10,-1959(x31)	 x31:0x8001ab7d x10=0x0000d4d5 PA:0x8001a3d6 store:0xffffffde
       17429000	      8614	80000902	83af8ba3	sb	x26,-1993(x31)	 x31:0x8001ab7d x26:0x00000063 PA:0x8001a3b4 store:0x00000063 load:0x00000063
       17433000	      8616	80000906	0280016f	jal	x2,8000092e	  x2=0x8000090a
       17487000	      8643	8000092e	ffdff0ef	jal	x1,8000092a	  x1=0x80000932
       17547000	      8673	8000092a	02c000ef	jal	x1,80000956	  x1=0x8000092e
       17575000	      8687	80000956	ff5ff0ef	jal	x1,8000094a	  x1=0x8000095a
       17671000	      8735	8000094a	fd1ff0ef	jal	x1,8000091a	  x1=0x8000094e
       17717000	      8758	8000091a	02c000ef	jal	x1,80000946	  x1=0x8000091e
       17781000	      8790	80000946	018000ef	jal	x1,8000095e	  x1=0x8000094a
       17829000	      8814	8000095e	00400cef	jal	x25,80000962	 x25=0x80000962
       17877000	      8838	80000962	014000ef	jal	x1,80000976	  x1=0x80000966
       17947000	      8873	80000976	fc1ff0ef	jal	x1,80000936	  x1=0x8000097a
       17985000	      8892	80000936	fddff0ef	jal	x1,80000912	  x1=0x8000093a
       18075000	      8937	80000912	03c000ef	jal	x1,8000094e	  x1=0x80000916
       18101000	      8950	8000094e	00c000ef	jal	x1,8000095a	  x1=0x80000952
       18137000	      8968	8000095a	fc5ffbef	jal	x23,8000091e	 x23=0x8000095e
       18205000	      9002	8000091e	024000ef	jal	x1,80000942	  x1=0x80000922
       18279000	      9039	80000942	030000ef	jal	x1,80000972	  x1=0x80000946
       18315000	      9057	80000972	ff5ff1ef	jal	x3,80000966	  x3=0x80000976
       18353000	      9076	80000966	0040026f	jal	x4,8000096a	  x4=0x8000096a
       18425000	      9112	8000096a	fadffa6f	jal	x20,80000916	 x20=0x8000096e
       18521000	      9160	80000916	058000ef	jal	x1,8000096e	  x1=0x8000091a
       18577000	      9188	8000096e	fd1ff0ef	jal	x1,8000093e	  x1=0x80000972
       18607000	      9203	8000093e	fe9ff0ef	jal	x1,80000926	  x1=0x80000942
       18653000	      9226	80000926	fe9ff0ef	jal	x1,8000090e	  x1=0x8000092a
       18711000	      9255	8000090e	02c00c6f	jal	x24,8000093a	 x24=0x80000912
       18739000	      9269	8000093a	fd1ff0ef	jal	x1,8000090a	  x1=0x8000093e
       18803000	      9301	8000090a	028000ef	jal	x1,80000932	  x1=0x8000090e
       18859000	      9329	80000932	ff1ff26f	jal	x4,80000922	  x4=0x80000936
       18887000	      9343	80000922	0300056f	jal	x10,80000952	 x10=0x80000926
       18937000	      9368	80000952	028003ef	jal	x7,8000097a	  x7=0x80000956
       18987000	      9393	8000097a	004000ef	jal	x1,8000097e	  x1=0x8000097e
       19037000	      9418	8000097e	fe0c23b7	lui	x7,0xfe0c2	  x7=0xfe0c2000
       19039000	      9419	80000982	ffc00a13	addi	x20,x0,-4	  x0:0x00000000 x20=0xfffffffc
       19067000	      9433	80000986	0299e6b3	rem	x13,x19,x9	 x19:0x80027e7c  x9:0x00000000 x13=0x80027e7c
       19091000	      9445	8000098a	00c00d13	addi	x26,x0,12	  x0:0x00000000 x26=0x0000000c
       19093000	      9446	8000098e	017477b3	and	x15,x8,x23	  x8:0x00000052 x23:0x8000095e x15=0x00000052
       19135000	      9467	80000992	416b8533	sub	x10,x23,x22	 x23:0x8000095e x22:0xfca8feff x10=0x83570a5f
       19137000	      9468	80000996	0a09	c.addi	x20,2	 x20:0xfffffffc x20=0xfffffffe
       19139000	      9469	80000998	00200c93	addi	x25,x0,2	  x0:0x00000000 x25=0x00000002
       19147000	      9473	8000099c	038334b3	mulhu	x9,x6,x24	  x6:0x00000000 x24:0x80000912  x9=0x00000000
       19159000	      9479	800009a0	fbad2393	slti	x7,x26,-70	 x26:0x0000000c  x7=0x00000000
       19221000	      9510	800009a4	00a00093	addi	x1,x0,10	  x0:0x00000000  x1=0x0000000a
       19223000	      9511	800009a8	1e144193	xori	x3,x8,481	  x8:0x00000052  x3=0x000001b3
       19239000	      9519	800009ac	0001	c.addi	x0,0	  x0:0x00000000  x0=0x00000000
       19243000	      9521	800009ae	02604533	div	x10,x0,x6	  x0:0x00000000  x6:0x00000000 x10=0xffffffff
       19245000	      9522	800009b2	0ca1	c.addi	x25,8	 x25:0x00000002 x25=0x0000000a
       19249000	      9524	800009b4	fe1c9ce3	bne	x25,x1,800009ac	 x25:0x0000000a  x1:0x0000000a  x0=0x00000000
       19261000	      9530	800009b8	d40fb513	sltiu	x10,x31,-704	 x31:0x8001ab7d x10=0x00000001
       19265000	      9532	800009bc	fdaa49e3	blt	x20,x26,8000098e	 x20:0xfffffffe x26:0x0000000c  x0=0x00000000
       19309000	      9554	8000098e	017477b3	and	x15,x8,x23	  x8:0x00000052 x23:0x8000095e x15=0x00000052
       19317000	      9558	80000992	416b8533	sub	x10,x23,x22	 x23:0x8000095e x22:0xfca8feff x10=0x83570a5f
       19319000	      9559	80000996	0a09	c.addi	x20,2	 x20:0xfffffffe x20=0x00000000
       19321000	      9560	80000998	00200c93	addi	x25,x0,2	  x0:0x00000000 x25=0x00000002
       19359000	      9579	8000099c	038334b3	mulhu	x9,x6,x24	  x6:0x00000000 x24:0x80000912  x9=0x00000000
       19361000	      9580	800009a0	fbad2393	slti	x7,x26,-70	 x26:0x0000000c  x7=0x00000000
       19417000	      9608	800009a4	00a00093	addi	x1,x0,10	  x0:0x00000000  x1=0x0000000a
       19419000	      9609	800009a8	1e144193	xori	x3,x8,481	  x8:0x00000052  x3=0x000001b3
       19479000	      9639	800009ac	0001	c.addi	x0,0	  x0:0x00000000  x0=0x00000000
       19483000	      9641	800009ae	02604533	div	x10,x0,x6	  x0:0x00000000  x6:0x00000000 x10=0xffffffff
       19485000	      9642	800009b2	0ca1	c.addi	x25,8	 x25:0x00000002 x25=0x0000000a
       19509000	      9654	800009b4	fe1c9ce3	bne	x25,x1,800009ac	 x25:0x0000000a  x1:0x0000000a  x0=0x00000000
       19533000	      9666	800009b8	d40fb513	sltiu	x10,x31,-704	 x31:0x8001ab7d x10=0x00000001
       19561000	      9680	800009bc	fdaa49e3	blt	x20,x26,8000098e	 x20:0x00000000 x26:0x0000000c  x0=0x00000000
       19607000	      9703	8000098e	017477b3	and	x15,x8,x23	  x8:0x00000052 x23:0x8000095e x15=0x00000052
       19609000	      9704	80000992	416b8533	sub	x10,x23,x22	 x23:0x8000095e x22:0xfca8feff x10=0x83570a5f
       19611000	      9705	80000996	0a09	c.addi	x20,2	 x20:0x00000000 x20=0x00000002
       19657000	      9728	80000998	00200c93	addi	x25,x0,2	  x0:0x00000000 x25=0x00000002
       19665000	      9732	8000099c	038334b3	mulhu	x9,x6,x24	  x6:0x00000000 x24:0x80000912  x9=0x00000000
       19667000	      9733	800009a0	fbad2393	slti	x7,x26,-70	 x26:0x0000000c  x7=0x00000000
       19683000	      9741	800009a4	00a00093	addi	x1,x0,10	  x0:0x00000000  x1=0x0000000a
       19713000	      9756	800009a8	1e144193	xori	x3,x8,481	  x8:0x00000052  x3=0x000001b3
       19723000	      9761	800009ac	0001	c.addi	x0,0	  x0:0x00000000  x0=0x00000000
       19733000	      9766	800009ae	02604533	div	x10,x0,x6	  x0:0x00000000  x6:0x00000000 x10=0xffffffff
       19735000	      9767	800009b2	0ca1	c.addi	x25,8	 x25:0x00000002 x25=0x0000000a
       19737000	      9768	800009b4	fe1c9ce3	bne	x25,x1,800009ac	 x25:0x0000000a  x1:0x0000000a  x0=0x00000000
       19741000	      9770	800009b8	d40fb513	sltiu	x10,x31,-704	 x31:0x8001ab7d x10=0x00000001
       19755000	      9777	800009bc	fdaa49e3	blt	x20,x26,8000098e	 x20:0x00000002 x26:0x0000000c  x0=0x00000000
       19799000	      9799	8000098e	017477b3	and	x15,x8,x23	  x8:0x00000052 x23:0x8000095e x15=0x00000052
       19847000	      9823	80000992	416b8533	sub	x10,x23,x22	 x23:0x8000095e x22:0xfca8feff x10=0x83570a5f
       19849000	      9824	80000996	0a09	c.addi	x20,2	 x20:0x00000002 x20=0x00000004
       19851000	      9825	80000998	00200c93	addi	x25,x0,2	  x0:0x00000000 x25=0x00000002
       19873000	      9836	8000099c	038334b3	mulhu	x9,x6,x24	  x6:0x00000000 x24:0x80000912  x9=0x00000000
       19887000	      9843	800009a0	fbad2393	slti	x7,x26,-70	 x26:0x0000000c  x7=0x00000000
       19929000	      9864	800009a4	00a00093	addi	x1,x0,10	  x0:0x00000000  x1=0x0000000a
       19955000	      9877	800009a8	1e144193	xori	x3,x8,481	  x8:0x00000052  x3=0x000001b3
       19957000	      9878	800009ac	0001	c.addi	x0,0	  x0:0x00000000  x0=0x00000000
       20015000	      9907	800009ae	02604533	div	x10,x0,x6	  x0:0x00000000  x6:0x00000000 x10=0xffffffff
       20017000	      9908	800009b2	0ca1	c.addi	x25,8	 x25:0x00000002 x25=0x0000000a
       20019000	      9909	800009b4	fe1c9ce3	bne	x25,x1,800009ac	 x25:0x0000000a  x1:0x0000000a  x0=0x00000000
       20021000	      9910	800009b8	d40fb513	sltiu	x10,x31,-704	 x31:0x8001ab7d x10=0x00000001
       20025000	      9912	800009bc	fdaa49e3	blt	x20,x26,8000098e	 x20:0x00000004 x26:0x0000000c  x0=0x00000000
       20123000	      9961	8000098e	017477b3	and	x15,x8,x23	  x8:0x00000052 x23:0x8000095e x15=0x00000052
       20165000	      9982	80000992	416b8533	sub	x10,x23,x22	 x23:0x8000095e x22:0xfca8feff x10=0x83570a5f
       20167000	      9983	80000996	0a09	c.addi	x20,2	 x20:0x00000004 x20=0x00000006
       20169000	      9984	80000998	00200c93	addi	x25,x0,2	  x0:0x00000000 x25=0x00000002
       20211000	     10005	8000099c	038334b3	mulhu	x9,x6,x24	  x6:0x00000000 x24:0x80000912  x9=0x00000000
       20213000	     10006	800009a0	fbad2393	slti	x7,x26,-70	 x26:0x0000000c  x7=0x00000000
       20229000	     10014	800009a4	00a00093	addi	x1,x0,10	  x0:0x00000000  x1=0x0000000a
       20231000	     10015	800009a8	1e144193	xori	x3,x8,481	  x8:0x00000052  x3=0x000001b3
       20253000	     10026	800009ac	0001	c.addi	x0,0	  x0:0x00000000  x0=0x00000000
       20279000	     10039	800009ae	02604533	div	x10,x0,x6	  x0:0x00000000  x6:0x00000000 x10=0xffffffff
       20281000	     10040	800009b2	0ca1	c.addi	x25,8	 x25:0x00000002 x25=0x0000000a
       20299000	     10049	800009b4	fe1c9ce3	bne	x25,x1,800009ac	 x25:0x0000000a  x1:0x0000000a  x0=0x00000000
       20313000	     10056	800009b8	d40fb513	sltiu	x10,x31,-704	 x31:0x8001ab7d x10=0x00000001
       20349000	     10074	800009bc	fdaa49e3	blt	x20,x26,8000098e	 x20:0x00000006 x26:0x0000000c  x0=0x00000000
       20361000	     10080	8000098e	017477b3	and	x15,x8,x23	  x8:0x00000052 x23:0x8000095e x15=0x00000052
       20391000	     10095	80000992	416b8533	sub	x10,x23,x22	 x23:0x8000095e x22:0xfca8feff x10=0x83570a5f
       20393000	     10096	80000996	0a09	c.addi	x20,2	 x20:0x00000006 x20=0x00000008
       20395000	     10097	80000998	00200c93	addi	x25,x0,2	  x0:0x00000000 x25=0x00000002
       20417000	     10108	8000099c	038334b3	mulhu	x9,x6,x24	  x6:0x00000000 x24:0x80000912  x9=0x00000000
       20419000	     10109	800009a0	fbad2393	slti	x7,x26,-70	 x26:0x0000000c  x7=0x00000000
       20475000	     10137	800009a4	00a00093	addi	x1,x0,10	  x0:0x00000000  x1=0x0000000a
       20491000	     10145	800009a8	1e144193	xori	x3,x8,481	  x8:0x00000052  x3=0x000001b3
       20539000	     10169	800009ac	0001	c.addi	x0,0	  x0:0x00000000  x0=0x00000000
       20577000	     10188	800009ae	02604533	div	x10,x0,x6	  x0:0x00000000  x6:0x00000000 x10=0xffffffff
       20579000	     10189	800009b2	0ca1	c.addi	x25,8	 x25:0x00000002 x25=0x0000000a
       20581000	     10190	800009b4	fe1c9ce3	bne	x25,x1,800009ac	 x25:0x0000000a  x1:0x0000000a  x0=0x00000000
       20601000	     10200	800009b8	d40fb513	sltiu	x10,x31,-704	 x31:0x8001ab7d x10=0x00000001
       20605000	     10202	800009bc	fdaa49e3	blt	x20,x26,8000098e	 x20:0x00000008 x26:0x0000000c  x0=0x00000000
       20677000	     10238	8000098e	017477b3	and	x15,x8,x23	  x8:0x00000052 x23:0x8000095e x15=0x00000052
       20687000	     10243	80000992	416b8533	sub	x10,x23,x22	 x23:0x8000095e x22:0xfca8feff x10=0x83570a5f
       20689000	     10244	80000996	0a09	c.addi	x20,2	 x20:0x00000008 x20=0x0000000a
       20691000	     10245	80000998	00200c93	addi	x25,x0,2	  x0:0x00000000 x25=0x00000002
       20711000	     10255	8000099c	038334b3	mulhu	x9,x6,x24	  x6:0x00000000 x24:0x80000912  x9=0x00000000
       20715000	     10257	800009a0	fbad2393	slti	x7,x26,-70	 x26:0x0000000c  x7=0x00000000
       20725000	     10262	800009a4	00a00093	addi	x1,x0,10	  x0:0x00000000  x1=0x0000000a
       20739000	     10269	800009a8	1e144193	xori	x3,x8,481	  x8:0x00000052  x3=0x000001b3
       20781000	     10290	800009ac	0001	c.addi	x0,0	  x0:0x00000000  x0=0x00000000
       20785000	     10292	800009ae	02604533	div	x10,x0,x6	  x0:0x00000000  x6:0x00000000 x10=0xffffffff
       20787000	     10293	800009b2	0ca1	c.addi	x25,8	 x25:0x00000002 x25=0x0000000a
       20827000	     10313	800009b4	fe1c9ce3	bne	x25,x1,800009ac	 x25:0x0000000a  x1:0x0000000a  x0=0x00000000
       20863000	     10331	800009b8	d40fb513	sltiu	x10,x31,-704	 x31:0x8001ab7d x10=0x00000001
       20867000	     10333	800009bc	fdaa49e3	blt	x20,x26,8000098e	 x20:0x0000000a x26:0x0000000c  x0=0x00000000
       20931000	     10365	8000098e	017477b3	and	x15,x8,x23	  x8:0x00000052 x23:0x8000095e x15=0x00000052
       20953000	     10376	80000992	416b8533	sub	x10,x23,x22	 x23:0x8000095e x22:0xfca8feff x10=0x83570a5f
       20955000	     10377	80000996	0a09	c.addi	x20,2	 x20:0x0000000a x20=0x0000000c
       20975000	     10387	80000998	00200c93	addi	x25,x0,2	  x0:0x00000000 x25=0x00000002
       20983000	     10391	8000099c	038334b3	mulhu	x9,x6,x24	  x6:0x00000000 x24:0x80000912  x9=0x00000000
       20999000	     10399	800009a0	fbad2393	slti	x7,x26,-70	 x26:0x0000000c  x7=0x00000000
       21017000	     10408	800009a4	00a00093	addi	x1,x0,10	  x0:0x00000000  x1=0x0000000a
       21039000	     10419	800009a8	1e144193	xori	x3,x8,481	  x8:0x00000052  x3=0x000001b3
       21073000	     10436	800009ac	0001	c.addi	x0,0	  x0:0x00000000  x0=0x00000000
       21077000	     10438	800009ae	02604533	div	x10,x0,x6	  x0:0x00000000  x6:0x00000000 x10=0xffffffff
       21079000	     10439	800009b2	0ca1	c.addi	x25,8	 x25:0x00000002 x25=0x0000000a
       21113000	     10456	800009b4	fe1c9ce3	bne	x25,x1,800009ac	 x25:0x0000000a  x1:0x0000000a  x0=0x00000000
       21115000	     10457	800009b8	d40fb513	sltiu	x10,x31,-704	 x31:0x8001ab7d x10=0x00000001
       21159000	     10479	800009bc	fdaa49e3	blt	x20,x26,8000098e	 x20:0x0000000c x26:0x0000000c  x0=0x00000000
       21175000	     10487	800009c0	00c268b3	or	x17,x4,x12	  x4:0x80000936 x12:0x00000020 x17=0x80000936
       21177000	     10488	800009c4	00018117	auipc	x2,0x18	  x2=0x800189c4
       21221000	     10510	800009c8	c0b10113	addi	x2,x2,-1013	  x2:0x800189c4  x2=0x800185cf
       21295000	     10547	800009cc	0315e233	rem	x4,x11,x17	 x11:0x0000004a x17:0x80000936  x4=0x0000004a
       21297000	     10548	800009d0	40a15593	srai	x11,x2,0xa	  x2:0x800185cf x11=0xffe00061
       21319000	     10559	800009d4	00e14d03	lbu	x26,14(x2)	  x2:0x800185cf x26=0x000000de PA:0x800185dd store:0x00000085
       21393000	     10596	800009d8	03b8f633	remu	x12,x17,x27	 x17:0x80000936 x27:0x000000cc x12=0x00000026
       21395000	     10597	800009dc	3830f493	andi	x9,x1,899	  x1:0x0000000a  x9=0x00000002
       21399000	     10599	800009e0	feb10a03	lb	x20,-21(x2)	  x2:0x800185cf x20=0xffffffb9 PA:0x800185ba store:0xffe00061
       21421000	     10610	800009e4	4054df93	srai	x31,x9,0x5	  x9:0x00000002 x31=0x00000000
       21439000	     10619	800009e8	0ff0000f	fence	iorwiorwiorwiorwiorwiorwiorwiorwiorwiorwiorw,iorwiorwiorwiorwiorwiorwiorwiorwiorwiorwiorwiorw	
       21441000	     10620	800009ec	e1f8c593	xori	x11,x17,-481	 x17:0x80000936 x11=0x7ffff729
       21447000	     10623	800009f0	c0500213	addi	x4,x0,-1019	  x0:0x00000000  x4=0xfffffc05
       21473000	     10636	800009f4	030106a3	sb	x16,45(x2)	  x2:0x800185cf x16:0x80016158 PA:0x800185fc store:0x80016158 load:0x00000058
       21497000	     10648	800009f8	fce14e83	lbu	x29,-50(x2)	  x2:0x800185cf x29=0x0000009e PA:0x8001859d store:0x00000085
       21499000	     10649	800009fc	014cd933	srl	x18,x25,x20	 x25:0x0000000a x20:0xffffffb9 x18=0x00000000
       21501000	     10650	80000a00	01ed3933	sltu	x18,x26,x30	 x26:0x000000de x30:0x800167e5 x18=0x00000001
       21597000	     10698	80000a04	02fd75b3	remu	x11,x26,x15	 x26:0x000000de x15:0x00000052 x11=0x0000003a
       21613000	     10706	80000a08	01614703	lbu	x14,22(x2)	  x2:0x800185cf x14=0x000000e6 PA:0x800185e5 store:0xfca8feff
       21635000	     10717	80000a0c	00214a03	lbu	x20,2(x2)	  x2:0x800185cf x20=0x000000d2 PA:0x800185d1 store:0x800185cf
       21637000	     10718	80000a10	0ff0000f	fence	iorwiorwiorwiorwiorwiorwiorwiorwiorwiorwiorwiorwiorw,iorwiorwiorwiorwiorwiorwiorwiorwiorwiorwiorwiorwiorwiorw	
       21639000	     10719	80000a14	0001	c.addi	x0,0	  x0:0x00000000  x0=0x00000000
       21641000	     10720	80000a16	095efc93	andi	x25,x29,149	 x29:0x0000009e x25=0x00000094
       21667000	     10733	80000a1a	feb11603	lh	x12,-21(x2)	  x2:0x800185cf x12=0xffffb8b9 PA:0x800185ba store:0x0000003a
       21669000	     10734	80000a1e	cc293b13	sltiu	x22,x18,-830	 x18:0x00000001 x22=0x00000001
       21683000	     10741	80000a22	01a31b33	sll	x22,x6,x26	  x6:0x00000000 x26:0x000000de x22=0x00000000
       21693000	     10746	80000a26	002d7233	and	x4,x26,x2	 x26:0x000000de  x2:0x800185cf  x4=0x000000ce
       21749000	     10774	80000a2a	0205cb33	div	x22,x11,x0	 x11:0x0000003a  x0:0x00000000 x22=0xffffffff
       21751000	     10775	80000a2e	01be00b3	add	x1,x28,x27	 x28:0xffffff96 x27:0x000000cc  x1=0x00000062
       21781000	     10790	80000a32	023c26b3	mulhsu	x13,x24,x3	 x24:0x80000912  x3:0x000001b3 x13=0xffffff26
       21795000	     10797	80000a36	03fd4db3	div	x27,x26,x31	 x26:0x000000de x31:0x00000000 x27=0xffffffff
       21797000	     10798	80000a3a	0001	c.addi	x0,0	  x0:0x00000000  x0=0x00000000
       21833000	     10816	80000a3c	fc112603	lw	x12,-63(x2)	  x2:0x800185cf x12=0x90919293 PA:0x80018590 store:0x00000062
       21835000	     10817	80000a40	01775013	srli	x0,x14,0x17	 x14:0x000000e6  x0=0x00000000
       21837000	     10818	80000a44	397e4e13	xori	x28,x28,919	 x28:0xffffff96 x28=0xfffffc01
       21861000	     10830	80000a48	ffc10523	sb	x28,-22(x2)	  x2:0x800185cf x28:0xfffffc01 PA:0x800185b9 store:0xfffffc01 load:0x00000001
       21863000	     10831	80000a4c	4180de33	sra	x28,x1,x24	  x1:0x00000062 x24:0x80000912 x28=0x00000000
       21873000	     10836	80000a50	41da0ab3	sub	x21,x20,x29	 x20:0x000000d2 x29:0x0000009e x21=0x00000034
       21877000	     10838	80000a54	b87357b7	lui	x15,0xb8735	 x15=0xb8735000
       21879000	     10839	80000a58	4085da93	srai	x21,x11,0x8	 x11:0x0000003a x21=0x00000000
       21939000	     10869	80000a5c	fc214683	lbu	x13,-62(x2)	  x2:0x800185cf x13=0x00000092 PA:0x80018591 store:0x800185cf
       21947000	     10873	80000a60	01e14f03	lbu	x30,30(x2)	  x2:0x800185cf x30=0x000000ee PA:0x800185ed store:0x800167e5
       21953000	     10876	80000a64	02638b33	mul	x22,x7,x6	  x7:0x00000000  x6:0x00000000 x22=0x00000000
       21989000	     10894	80000a68	0620aa13	slti	x20,x1,98	  x1:0x00000062 x20=0x00000000
       21997000	     10898	80000a6c	14b3c137	lui	x2,0x14b3c	  x2=0x14b3c000
       22013000	     10906	80000a70	08bf3e37	lui	x28,0x8bf3	 x28=0x08bf3000
       22021000	     10910	80000a74	03752133	mulhsu	x2,x10,x23	 x10:0x00000001 x23:0x8000095e  x2=0x00000000
       22039000	     10919	80000a78	03ba1c33	mulh	x24,x20,x27	 x20:0x00000000 x27:0xffffffff x24=0x00000000
       22147000	     10973	80000a7c	02a844b3	div	x9,x16,x10	 x16:0x80016158 x10:0x00000001  x9=0x80016158
       22149000	     10974	80000a80	41e90ab3	sub	x21,x18,x30	 x18:0x00000001 x30:0x000000ee x21=0xffffff13
       22151000	     10975	80000a84	4c366ab7	lui	x21,0x4c366	 x21=0x4c366000
       22153000	     10976	80000a88	e67d3613	sltiu	x12,x26,-409	 x26:0x000000de x12=0x00000001
       22155000	     10977	80000a8c	67885e37	lui	x28,0x67885	 x28=0x67885000
       22175000	     10987	80000a90	00ebf533	and	x10,x23,x14	 x23:0x8000095e x14:0x000000e6 x10=0x00000046
       22177000	     10988	80000a94	01f444b3	xor	x9,x8,x31	  x8:0x00000052 x31:0x00000000  x9=0x00000052
       22219000	     11009	80000a98	02b62733	mulhsu	x14,x12,x11	 x12:0x00000001 x11:0x0000003a x14=0x00000000
       22293000	     11046	80000a9c	033567b3	rem	x15,x10,x19	 x10:0x00000046 x19:0x80027e7c x15=0x00000046
       22295000	     11047	80000aa0	00925833	srl	x16,x4,x9	  x4:0x000000ce  x9:0x00000052 x16=0x00000000
       22297000	     11048	80000aa4	0001	c.addi	x0,0	  x0:0x00000000  x0=0x00000000
       22299000	     11049	80000aa6	00153633	sltu	x12,x10,x1	 x10:0x00000046  x1:0x00000062 x12=0x00000001
       22345000	     11072	80000aaa	da97a213	slti	x4,x15,-599	 x15:0x00000046  x4=0x00000000
       22347000	     11073	80000aae	0001dc97	auipc	x25,0x1d	 x25=0x8001daae
       22409000	     11104	80000ab2	9f6c8c93	addi	x25,x25,-1546	 x25:0x8001daae x25=0x8001d4a4
       22437000	     11118	80000ab6	0001db97	auipc	x23,0x1d	 x23=0x8001dab6
       22479000	     11139	80000aba	e77b8b93	addi	x23,x23,-393	 x23:0x8001dab6 x23=0x8001d92d
       22491000	     11145	80000abe	fdfc8b03	lb	x22,-33(x25)	 x25:0x8001d4a4 x22=0xffffff80 PA:0x8001d483 store:0x00000000
       22533000	     11166	80000ac2	0001d097	auipc	x1,0x1d	  x1=0x8001dac2
       22535000	     11167	80000ac6	e5608093	addi	x1,x1,-426	  x1:0x8001dac2  x1=0x8001d918
       22593000	     11196	80000aca	fcec9b03	lh	x22,-50(x25)	 x25:0x8001d4a4 x22=0x00007071 PA:0x8001d472 store:0x00000000
       22613000	     11206	80000ace	ff0b8703	lb	x14,-16(x23)	 x23:0x8001d92d x14=0x0000001e PA:0x8001d91d store:0x00000000
       22665000	     11232	80000ad2	035c8803	lb	x16,53(x25)	 x25:0x8001d4a4 x16=0xffffffda PA:0x8001d4d9 store:0x4c366000
       22729000	     11264	80000ad6	02acc483	lbu	x9,42(x25)	 x25:0x8001d4a4  x9=0x000000cd PA:0x8001d4ce store:0x00000046
       22773000	     11286	80000ada	03608f03	lb	x30,54(x1)	  x1:0x8001d918 x30=0x0000004d PA:0x8001d94e store:0x00007071
       22791000	     11295	80000ade	0040d903	lhu	x18,4(x1)	  x1:0x8001d918 x18=0x00001e1f PA:0x8001d91c store:0x00000000
       22853000	     11326	80000ae2	ffbb8e23	sb	x27,-4(x23)	 x23:0x8001d92d x27:0xffffffff PA:0x8001d929 store:0xffffffff load:0x000000ff
       22873000	     11336	80000ae6	029c8103	lb	x2,41(x25)	 x25:0x8001d4a4  x2=0xffffffce PA:0x8001d4cd store:0x000000cd
       22921000	     11360	80000aea	009c8383	lb	x7,9(x25)	 x25:0x8001d4a4  x7=0xffffffae PA:0x8001d4ad store:0x000000cd
       22931000	     11365	80000aee	00ab84a3	sb	x10,9(x23)	 x23:0x8001d92d x10:0x00000046 PA:0x8001d936 store:0x00000046 load:0x00000046
       22985000	     11392	80000af2	fe80a483	lw	x9,-24(x1)	  x1:0x8001d918  x9=0x00010203 PA:0x8001d900 store:0x00000052
       23049000	     11424	80000af6	febc8d83	lb	x27,-21(x25)	 x25:0x8001d4a4 x27=0xffffff8c PA:0x8001d48f store:0x0000003a
       23091000	     11445	80000afa	01e08323	sb	x30,6(x1)	  x1:0x8001d918 x30:0x0000004d PA:0x8001d91e store:0x0000004d load:0x0000004d
       23095000	     11447	80000afe	005bdf83	lhu	x31,5(x23)	 x23:0x8001d92d x31=0x00003031 PA:0x8001d932 store:0x80023e1c
       23139000	     11469	80000b02	ff508e03	lb	x28,-11(x1)	  x1:0x8001d918 x28=0x0000000e PA:0x8001d90d store:0x4c366000
       23157000	     11478	80000b06	ff2bcf03	lbu	x30,-14(x23)	 x23:0x8001d92d x30=0x0000001c PA:0x8001d91f store:0x00001e1f
       23179000	     11489	80000b0a	03008583	lb	x11,48(x1)	  x1:0x8001d918 x11=0x0000004b PA:0x8001d948 store:0xffffffda
       23205000	     11502	80000b0e	009c2d33	slt	x26,x24,x9	 x24:0x00000000  x9:0x00010203 x26=0x00000001
       23207000	     11503	80000b12	40395d93	srai	x27,x18,0x3	 x18:0x00001e1f x27=0x000003c3
       23239000	     11519	80000b16	ffec8613	addi	x12,x25,-2	 x25:0x8001d4a4 x12=0x8001d4a2
       23243000	     11521	80000b1a	41c98c33	sub	x24,x19,x28	 x19:0x80027e7c x28:0x0000000e x24=0x80027e6e
       23283000	     11541	80000b1e	016dd113	srli	x2,x27,0x16	 x27:0x000003c3  x2=0x00000000
       23325000	     11562	80000b22	00e733b3	sltu	x7,x14,x14	 x14:0x0000001e x14:0x0000001e  x7=0x00000000
       23327000	     11563	80000b26	00703433	sltu	x8,x0,x7	  x0:0x00000000  x7:0x00000000  x8=0x00000000
       23347000	     11573	80000b2a	008fa633	slt	x12,x31,x8	 x31:0x00003031  x8:0x00000000 x12=0x00000000
       23355000	     11577	80000b2e	01095a13	srli	x20,x18,0x10	 x18:0x00001e1f x20=0x00000000
       23397000	     11598	80000b32	00788463	beq	x17,x7,80000b3a	 x17:0x80000936  x7:0x00000000  x0=0x00000000
       23405000	     11602	80000b36	02391633	mulh	x12,x18,x3	 x18:0x00001e1f  x3:0x000001b3 x12=0x00000000
       23481000	     11640	80000b3a	02ff7a33	remu	x20,x30,x15	 x30:0x0000001c x15:0x00000046 x20=0x0000001c
       23483000	     11641	80000b3e	0131ce33	xor	x28,x3,x19	  x3:0x000001b3 x19:0x80027e7c x28=0x80027fcf
       23485000	     11642	80000b42	c7172793	slti	x15,x14,-911	 x14:0x0000001e x15=0x00000000
       23505000	     11652	80000b46	00d61a63	bne	x12,x13,80000b5a	 x12:0x00000000 x13:0x00000092  x0=0x00000000
       23541000	     11670	80000b5a	41505413	srai	x8,x0,0x15	  x0:0x00000000  x8=0x00000000
       23579000	     11689	80000b5e	02fa5a33	divu	x20,x20,x15	 x20:0x0000001c x15:0x00000000 x20=0xffffffff
       23665000	     11732	80000b62	03145fb3	divu	x31,x8,x17	  x8:0x00000000 x17:0x80000936 x31=0x00000000
       23667000	     11733	80000b66	0001	c.addi	x0,0	  x0:0x00000000  x0=0x00000000
       23669000	     11734	80000b68	01138533	add	x10,x7,x17	  x7:0x00000000 x17:0x80000936 x10=0x80000936
       23671000	     11735	80000b6c	01df04b3	add	x9,x30,x29	 x30:0x0000001c x29:0x0000009e  x9=0x000000ba
       23681000	     11740	80000b70	005add13	srli	x26,x21,0x5	 x21:0x4c366000 x26=0x0261b300
       23767000	     11783	80000b74	0306ec33	rem	x24,x13,x16	 x13:0x00000092 x16:0xffffffda x24=0x00000020
       23769000	     11784	80000b78	00a2b133	sltu	x2,x5,x10	  x5:0x80023e1c x10:0x80000936  x2=0x00000000
       23773000	     11786	80000b7c	00c00263	beq	x0,x12,80000b80	  x0:0x00000000 x12:0x00000000  x0=0x00000000
       23815000	     11807	80000b80	01bd3c33	sltu	x24,x26,x27	 x26:0x0261b300 x27:0x000003c3 x24=0x00000000
       23847000	     11823	80000b84	35f77913	andi	x18,x14,863	 x14:0x0000001e x18=0x0000001e
       23855000	     11827	80000b88	41355f13	srai	x30,x10,0x13	 x10:0x80000936 x30=0xfffff000
       23861000	     11830	80000b8c	0118a5b3	slt	x11,x17,x17	 x17:0x80000936 x17:0x80000936 x11=0x00000000
       23865000	     11832	80000b90	02677633	remu	x12,x14,x6	 x14:0x0000001e  x6:0x00000000 x12=0x0000001e
       23873000	     11836	80000b94	02a3de63	bge	x7,x10,80000bd0	  x7:0x00000000 x10:0x80000936  x0=0x00000000
       23975000	     11887	80000b98	03ea7e33	remu	x28,x20,x30	 x20:0xffffffff x30:0xfffff000 x28=0x00000fff
       23977000	     11888	80000b9c	01a62e33	slt	x28,x12,x26	 x12:0x0000001e x26:0x0261b300 x28=0x00000001
       23979000	     11889	80000ba0	00b09013	slli	x0,x1,0xb	  x1:0x8001d918  x0=0x00000000
       23981000	     11890	80000ba4	01825593	srli	x11,x4,0x18	  x4:0x00000000 x11=0x00000000
       24027000	     11913	80000ba8	0175dbb3	srl	x23,x11,x23	 x11:0x00000000 x23:0x8001d92d x23=0x00000000
       24101000	     11950	80000bac	03eb7c33	remu	x24,x22,x30	 x22:0x00007071 x30:0xfffff000 x24=0x00007071
       24103000	     11951	80000bb0	01335493	srli	x9,x6,0x13	  x6:0x00000000  x9=0x00000000
       24105000	     11952	80000bb4	041d5263	bge	x26,x1,80000bf8	 x26:0x0261b300  x1:0x8001d918  x0=0x00000000
       24107000	     11953	80000bb8	026c5063	bge	x24,x6,80000bd8	 x24:0x00007071  x6:0x00000000  x0=0x00000000
       24145000	     11972	80000bbc	3affa213	slti	x4,x31,943	 x31:0x00000000  x4=0x00000001
       24193000	     11996	80000bc0	05c69863	bne	x13,x28,80000c10	 x13:0x00000092 x28:0x00000001  x0=0x00000000
       24227000	     12013	80000c10	08767663	bgeu	x12,x7,80000c9c	 x12:0x0000001e  x7:0x00000000  x0=0x00000000
       24249000	     12024	80000c14	029c9cb3	mulh	x25,x25,x9	 x25:0x8001d4a4  x9:0x00000000 x25=0x00000000
       24265000	     12032	80000c18	08255463	bge	x10,x2,80000ca0	 x10:0x80000936  x2:0x00000000  x0=0x00000000
       24277000	     12038	80000c1c	02689fb3	mulh	x31,x17,x6	 x17:0x80000936  x6:0x00000000 x31=0x00000000
       24279000	     12039	80000c20	013a6233	or	x4,x20,x19	 x20:0xffffffff x19:0x80027e7c  x4=0xffffffff
       24293000	     12046	80000c24	03ca3fb3	mulhu	x31,x20,x28	 x20:0xffffffff x28:0x00000001 x31=0x00000000
       24309000	     12054	80000c28	0138fdb3	and	x27,x17,x19	 x17:0x80000936 x19:0x80027e7c x27=0x80000834
       24343000	     12071	80000c2c	00ef9113	slli	x2,x31,0xe	 x31:0x00000000  x2=0x00000000
       24359000	     12079	80000c30	0131b5b3	sltu	x11,x3,x19	  x3:0x000001b3 x19:0x80027e7c x11=0x00000001
       24365000	     12082	80000c34	007a9d93	slli	x27,x21,0x7	 x21:0x4c366000 x27=0x1b300000
       24383000	     12091	80000c38	0032fab3	and	x21,x5,x3	  x5:0x80023e1c  x3:0x000001b3 x21=0x00000010
       24387000	     12093	80000c3c	0391fbb3	remu	x23,x3,x25	  x3:0x000001b3 x25:0x00000000 x23=0x000001b3
       24405000	     12102	80000c40	07a2e663	bltu	x5,x26,80000cac	  x5:0x80023e1c x26:0x0261b300  x0=0x00000000
       24449000	     12124	80000c44	02b3a533	mulhsu	x10,x7,x11	  x7:0x00000000 x11:0x00000001 x10=0x00000000
       24485000	     12142	80000c48	07ce4463	blt	x28,x28,80000cb0	 x28:0x00000001 x28:0x00000001  x0=0x00000000
       24491000	     12145	80000c4c	02f28633	mul	x12,x5,x15	  x5:0x80023e1c x15:0x00000000 x12=0x00000000
       24543000	     12171	80000c50	01def633	and	x12,x29,x29	 x29:0x0000009e x29:0x0000009e x12=0x0000009e
       24585000	     12192	80000c54	00c8db13	srli	x22,x17,0xc	 x17:0x80000936 x22=0x00080000
       24587000	     12193	80000c58	d4d2f213	andi	x4,x5,-691	  x5:0x80023e1c  x4=0x80023c0c
       24589000	     12194	80000c5c	007e1b93	slli	x23,x28,0x7	 x28:0x00000001 x23=0x00000080
       24637000	     12218	80000c60	0792b893	sltiu	x17,x5,121	  x5:0x80023e1c x17=0x00000000
       24645000	     12222	80000c64	0093abb3	slt	x23,x7,x9	  x7:0x00000000  x9:0x00000000 x23=0x00000000
       24741000	     12270	80000c68	033bdab3	divu	x21,x23,x19	 x23:0x00000000 x19:0x80027e7c x21=0x00000000
       24743000	     12271	80000c6c	00010917	auipc	x18,0x10	 x18=0x80010c6c
       24745000	     12272	80000c70	db490913	addi	x18,x18,-588	 x18:0x80010c6c x18=0x80010a20
       24747000	     12273	80000c74	01ddac33	slt	x24,x27,x29	 x27:0x1b300000 x29:0x0000009e x24=0x00000000
       24749000	     12274	80000c78	d2f90913	addi	x18,x18,-721	 x18:0x80010a20 x18=0x8001074f
       24785000	     12292	80000c7c	006410b3	sll	x1,x8,x6	  x8:0x00000000  x6:0x00000000  x1=0x00000000
       24787000	     12293	80000c80	cbf3fe13	andi	x28,x7,-833	  x7:0x00000000 x28=0x00000000
       24803000	     12301	80000c84	65e1ceb7	lui	x29,0x65e1c	 x29=0x65e1c000
       24827000	     12313	80000c88	01f08463	beq	x1,x31,80000c90	  x1:0x00000000 x31:0x00000000  x0=0x00000000
       24877000	     12338	80000c90	2d190167	jalr	x2,721(x18)	 x18:0x8001074f  x2=0x80000c94
       24915000	     12357	80010a20	0001	c.addi	x0,0	  x0:0x00000000  x0=0x00000000
       24971000	     12385	80010a22	01dd38b3	sltu	x17,x26,x29	 x26:0x0261b300 x29:0x65e1c000 x17=0x00000001
       24975000	     12387	80010a26	01740463	beq	x8,x23,80010a2e	  x8:0x00000000 x23:0x00000000  x0=0x00000000
       25017000	     12408	80010a2e	fd828293	addi	x5,x5,-40	  x5:0x80023e1c  x5=0x80023df4
       25043000	     12421	80010a32	0022a223	sw	x2,4(x5)	  x5:0x80023df4  x2:0x80000c94 PA:0x80023df8 store:0x80000c94 load:0x80000c94
       25051000	     12425	80010a36	027030b3	mulhu	x1,x0,x7	  x0:0x00000000  x7:0x00000000  x1=0x00000000
       25059000	     12429	80010a3a	0323afb3	mulhsu	x31,x7,x18	  x7:0x00000000 x18:0x8001074f x31=0x00000000
       25089000	     12444	80010a3e	00301193	slli	x3,x0,0x3	  x0:0x00000000  x3=0x00000000
       25091000	     12445	80010a42	8e65	c.and	x12,x9	 x12:0x0000009e  x9:0x00000000 x12=0x00000000
       25093000	     12446	80010a44	c8f08d13	addi	x26,x1,-881	  x1:0x00000000 x26=0xfffffc8f
       25123000	     12461	80010a48	00fb6533	or	x10,x22,x15	 x22:0x00080000 x15:0x00000000 x10=0x00080000
       25135000	     12467	80010a4c	ffa00e13	addi	x28,x0,-6	  x0:0x00000000 x28=0xfffffffa
       25157000	     12478	80010a50	01a59e93	slli	x29,x11,0x1a	 x11:0x00000001 x29=0x04000000
       25159000	     12479	80010a54	8049	c.srli	x8,0x12	  x8:0x00000000  x8=0x00000000
       25171000	     12485	80010a56	0ff0000f	fence	iorwiorwiorwiorwiorwiorwiorwiorwiorwiorwiorwiorwiorwiorwiorw,iorwiorwiorwiorwiorwiorwiorwiorwiorwiorwiorwiorwiorwiorwiorwiorw	
       25245000	     12522	80010a5a	032f7cb3	remu	x25,x30,x18	 x30:0xfffff000 x18:0x8001074f x25=0x7ffee8b1
       25247000	     12523	80010a5e	01df65b3	or	x11,x30,x29	 x30:0xfffff000 x29:0x04000000 x11=0xfffff000
       25249000	     12524	80010a62	ffe00913	addi	x18,x0,-2	  x0:0x00000000 x18=0xfffffffe
       25279000	     12539	80010a66	0116da93	srli	x21,x13,0x11	 x13:0x00000092 x21=0x00000000
       25303000	     12551	80010a6a	f8476e93	ori	x29,x14,-124	 x14:0x0000001e x29=0xffffff9e
       25317000	     12558	80010a6e	01becc33	xor	x24,x29,x27	 x29:0xffffff9e x27:0x1b300000 x24=0xe4cfff9e
       25319000	     12559	80010a72	1a966d93	ori	x27,x12,425	 x12:0x00000000 x27=0x000001a9
       25321000	     12560	80010a76	15d72513	slti	x10,x14,349	 x14:0x0000001e x10=0x00000001
       25345000	     12572	80010a7a	0ff0000f	fence	iorwiorwiorwiorwiorwiorwiorwiorwiorwiorwiorwiorwiorwiorwiorwiorwiorw,iorwiorwiorwiorwiorwiorwiorwiorwiorwiorwiorwiorwiorwiorwiorwiorwiorwiorw	
       25363000	     12581	80010a7e	01a3ac33	slt	x24,x7,x26	  x7:0x00000000 x26:0xfffffc8f x24=0x00000000
       25415000	     12607	80010a82	0ff0000f	fence	iorwiorwiorwiorwiorwiorwiorwiorwiorwiorwiorwiorwiorwiorwiorwiorwiorwiorwiorw,iorwiorwiorwiorwiorwiorwiorwiorwiorwiorwiorwiorwiorwiorwiorwiorwiorwiorwiorwiorw	
       25423000	     12611	80010a86	034fb8b3	mulhu	x17,x31,x20	 x31:0x00000000 x20:0xffffffff x17=0x00000000
       25425000	     12612	80010a8a	0001	c.addi	x0,0	  x0:0x00000000  x0=0x00000000
       25427000	     12613	80010a8c	0023d693	srli	x13,x7,0x2	  x7:0x00000000 x13=0x00000000
       25513000	     12656	80010a90	03c3e4b3	rem	x9,x7,x28	  x7:0x00000000 x28:0xfffffffa  x9=0x00000000
       25515000	     12657	80010a94	00204db3	xor	x27,x0,x2	  x0:0x00000000  x2:0x80000c94 x27=0x80000c94
       25527000	     12663	80010a98	418e0633	sub	x12,x28,x24	 x28:0xfffffffa x24:0x00000000 x12=0xfffffffa
       25535000	     12667	80010a9c	02fcadb3	mulhsu	x27,x25,x15	 x25:0x7ffee8b1 x15:0x00000000 x27=0x00000000
       25551000	     12675	80010aa0	40f85a93	srai	x21,x16,0xf	 x16:0xffffffda x21=0xffffffff
       25561000	     12680	80010aa4	02003733	mulhu	x14,x0,x0	  x0:0x00000000  x0:0x00000000 x14=0x00000000
       25661000	     12730	80010aa8	035b6eb3	rem	x29,x22,x21	 x22:0x00080000 x21:0xffffffff x29=0x00000000
       25663000	     12731	80010aac	0032b533	sltu	x10,x5,x3	  x5:0x80023df4  x3:0x00000000 x10=0x00000000
       25665000	     12732	80010ab0	0e11	c.addi	x28,4	 x28:0xfffffffa x28=0xfffffffe
       25667000	     12733	80010ab2	0ff0000f	fence	iorwiorwiorwiorwiorwiorwiorwiorwiorwiorwiorwiorwiorwiorwiorwiorwiorwiorwiorwiorwiorw,iorwiorwiorwiorwiorwiorwiorwiorwiorwiorwiorwiorwiorwiorwiorwiorwiorwiorwiorwiorwiorwiorw	
       25721000	     12760	80010ab6	fb2e4ee3	blt	x28,x18,80010a72	 x28:0xfffffffe x18:0xfffffffe  x0=0x00000000
       25755000	     12777	80010aba	41518233	sub	x4,x3,x21	  x3:0x00000000 x21:0xffffffff  x4=0x00000001
       25757000	     12778	80010abe	00007a17	auipc	x20,0x7	 x20=0x80017abe
       25775000	     12787	80010ac2	39ba0a13	addi	x20,x20,923	 x20:0x80017abe x20=0x80017e59
       25833000	     12816	80010ac6	fd2a27a3	sw	x18,-49(x20)	 x20:0x80017e59 x18:0xfffffffe PA:0x80017e28 store:0xfffffffe load:0xfffffffe
       25851000	     12825	80010aca	ff2a4603	lbu	x12,-14(x20)	 x20:0x80017e59 x12=0x00000048 PA:0x80017e4b store:0xfffffffe
       25883000	     12841	80010ace	006a0383	lb	x7,6(x20)	 x20:0x80017e59  x7=0x0000005c PA:0x80017e5f store:0x00000000
       25909000	     12854	80010ad2	01ea09a3	sb	x30,19(x20)	 x20:0x80017e59 x30:0xfffff000 PA:0x80017e6c store:0xfffff000 load:0x00000000
       25935000	     12867	80010ad6	fd8a4903	lbu	x18,-40(x20)	 x20:0x80017e59 x18=0x00000032 PA:0x80017e31 store:0x00000000
       25937000	     12868	80010ada	db2f3913	sltiu	x18,x30,-590	 x30:0xfffff000 x18=0x00000001
       25945000	     12872	80010ade	ffea4883	lbu	x17,-2(x20)	 x20:0x80017e59 x17=0x00000054 PA:0x80017e57 store:0xfffff000
       26005000	     12902	80010ae2	01ea0823	sb	x30,16(x20)	 x20:0x80017e59 x30:0xfffff000 PA:0x80017e69 store:0xfffff000 load:0x00000000
       26029000	     12914	80010ae6	fc9a4603	lbu	x12,-55(x20)	 x20:0x80017e59 x12=0x00000021 PA:0x80017e22 store:0x00000000
       26127000	     12963	80010aea	0273ef33	rem	x30,x7,x7	  x7:0x0000005c  x7:0x0000005c x30=0x00000000
       26159000	     12979	80010aee	fe1a0383	lb	x7,-31(x20)	 x20:0x80017e59  x7=0x00000039 PA:0x80017e3a store:0x00000000
       26183000	     12991	80010af2	fe4a4383	lbu	x7,-28(x20)	 x20:0x80017e59  x7=0x0000003e PA:0x80017e3d store:0x00000001
       26185000	     12992	80010af6	f3763393	sltiu	x7,x12,-201	 x12:0x00000021  x7=0x00000001
       26211000	     13005	80010afa	fe2a4403	lbu	x8,-30(x20)	 x20:0x80017e59  x8=0x00000038 PA:0x80017e3b store:0x80000c94
       26233000	     13016	80010afe	ff2a0123	sb	x18,-30(x20)	 x20:0x80017e59 x18:0x00000001 PA:0x80017e3b store:0x00000001 load:0x00000001
       26235000	     13017	80010b02	4123d633	sra	x12,x7,x18	  x7:0x00000001 x18:0x00000001 x12=0x00000000
       26251000	     13025	80010b06	fefa2383	lw	x7,-17(x20)	 x20:0x80017e59  x7=0x48494a4b PA:0x80017e48 store:0x00000000
       26291000	     13045	80010b0a	0088c433	xor	x8,x17,x8	 x17:0x00000054  x8:0x00000038  x8=0x0000006c
       26327000	     13063	80010b0e	034a0903	lb	x18,52(x20)	 x20:0x80017e59 x18=0xffffff8e PA:0x80017e8d store:0x80017e59
       26365000	     13082	80010b12	fdfa4883	lbu	x17,-33(x20)	 x20:0x80017e59 x17=0x0000003b PA:0x80017e38 store:0x00000000
       26369000	     13084	80010b16	fc4a4603	lbu	x12,-60(x20)	 x20:0x80017e59 x12=0x0000001e PA:0x80017e1d store:0x00000001
       26391000	     13095	80010b1a	3e166393	ori	x7,x12,993	 x12:0x0000001e  x7=0x000003ff
       26453000	     13126	80010b1e	ce18c893	xori	x17,x17,-799	 x17:0x0000003b x17=0xfffffcda
       26455000	     13127	80010b22	de062413	slti	x8,x12,-544	 x12:0x0000001e  x8=0x00000000
       26525000	     13162	80010b26	012a0c23	sb	x18,24(x20)	 x20:0x80017e59 x18:0xffffff8e PA:0x80017e71 store:0xffffff8e load:0x0000008e
       26569000	     13184	80010b2a	fd7a0383	lb	x7,-41(x20)	 x20:0x80017e59  x7=0x00000033 PA:0x80017e30 store:0x00000000
       26593000	     13196	80010b2e	008a0b23	sb	x8,22(x20)	 x20:0x80017e59  x8:0x00000000 PA:0x80017e6f store:0x00000000 load:0x00000000
       26605000	     13202	80010b32	fe9a0903	lb	x18,-23(x20)	 x20:0x80017e59 x18=0x00000041 PA:0x80017e42 store:0x00000000
       26619000	     13209	80010b36	28466893	ori	x17,x12,644	 x12:0x0000001e x17=0x0000029e
       26675000	     13237	80010b3a	029a1883	lh	x17,41(x20)	 x20:0x80017e59 x17=0xffff8081 PA:0x80017e82 store:0x00000000
       26687000	     13243	80010b3e	ffea0123	sb	x30,-30(x20)	 x20:0x80017e59 x30:0x00000000 PA:0x80017e3b store:0x00000000 load:0x00000000
       26713000	     13256	80010b42	feca0403	lb	x8,-20(x20)	 x20:0x80017e59  x8=0x00000046 PA:0x80017e45 store:0x0000001e
       26715000	     13257	80010b46	00843933	sltu	x18,x8,x8	  x8:0x00000046  x8:0x00000046 x18=0x00000000
       26753000	     13276	80010b4a	fd2a25a3	sw	x18,-53(x20)	 x20:0x80017e59 x18:0x00000000 PA:0x80017e24 store:0x00000000 load:0x00000000
       26785000	     13292	80010b4e	032a0da3	sb	x18,59(x20)	 x20:0x80017e59 x18:0x00000000 PA:0x80017e94 store:0x00000000 load:0x00000000
       26849000	     13324	80010b52	ff2a0023	sb	x18,-32(x20)	 x20:0x80017e59 x18:0x00000000 PA:0x80017e39 store:0x00000000 load:0x00000000
       26873000	     13336	80010b56	ff7a2403	lw	x8,-9(x20)	 x20:0x80017e59  x8=0x50515253 PA:0x80017e50 store:0x00000000
       26895000	     13347	80010b5a	037a0403	lb	x8,55(x20)	 x20:0x80017e59  x8=0xffffff93 PA:0x80017e90 store:0x00000000
       26917000	     13358	80010b5e	ffba0903	lb	x18,-5(x20)	 x20:0x80017e59 x18=0x00000057 PA:0x80017e54 store:0x00000000
       26981000	     13390	80010b62	039a1f03	lh	x30,57(x20)	 x20:0x80017e59 x30=0xffff9091 PA:0x80017e92 store:0x7ffee8b1
       26983000	     13391	80010b66	0000a117	auipc	x2,0xa	  x2=0x8001ab66
       26985000	     13392	80010b6a	60710113	addi	x2,x2,1543	  x2:0x8001ab66  x2=0x8001b16d
       26993000	     13396	80010b6e	002410b3	sll	x1,x8,x2	  x8:0xffffff93  x2:0x8001b16d  x1=0xfff26000
       27027000	     13413	80010b72	f6114183	lbu	x3,-159(x2)	  x2:0x8001b16d  x3=0x000000cd PA:0x8001b0ce store:0xfff26000
       27031000	     13415	80010b76	0d310f23	sb	x19,222(x2)	  x2:0x8001b16d x19:0x80027e7c PA:0x8001b24b store:0x80027e7c load:0x0000007c
       27061000	     13430	80010b7a	0de14a83	lbu	x21,222(x2)	  x2:0x8001b16d x21=0x0000007c PA:0x8001b24b store:0xffff9091
       27063000	     13431	80010b7e	01a4f833	and	x16,x9,x26	  x9:0x00000000 x26:0xfffffc8f x16=0x00000000
       27125000	     13462	80010b82	0fb14503	lbu	x10,251(x2)	  x2:0x8001b16d x10=0x0000006b PA:0x8001b268 store:0x00000000
       27135000	     13467	80010b86	02511d83	lh	x27,37(x2)	  x2:0x8001b16d x27=0xffff9091 PA:0x8001b192 store:0x80023df4
       27149000	     13474	80010b8a	02511f83	lh	x31,37(x2)	  x2:0x8001b16d x31=0xffff9091 PA:0x8001b192 store:0x80023df4
       27159000	     13479	80010b8e	f3510e23	sb	x21,-196(x2)	  x2:0x8001b16d x21:0x0000007c PA:0x8001b0a9 store:0x0000007c load:0x0000007c
       27229000	     13514	80010b92	06014703	lbu	x14,96(x2)	  x2:0x8001b16d x14=0x000000ce PA:0x8001b1cd store:0x00000000
       27235000	     13517	80010b96	03750733	mul	x14,x10,x23	 x10:0x0000006b x23:0x00000000 x14=0x00000000
       27259000	     13529	80010b9a	06110023	sb	x1,96(x2)	  x2:0x8001b16d  x1:0xfff26000 PA:0x8001b1cd store:0xfff26000 load:0x00000000
       27323000	     13561	80010b9e	08e10483	lb	x9,142(x2)	  x2:0x8001b16d  x9=0xfffffff8 PA:0x8001b1fb store:0x00000000
       27327000	     13563	80010ba2	f5b10403	lb	x8,-165(x2)	  x2:0x8001b16d  x8=0xffffffcb PA:0x8001b0c8 store:0xffff9091
       27331000	     13565	80010ba6	fc510083	lb	x1,-59(x2)	  x2:0x8001b16d  x1=0x00000031 PA:0x8001b132 store:0x80023df4
       27361000	     13580	80010baa	f2d11f83	lh	x31,-211(x2)	  x2:0x8001b16d x31=0xffff9899 PA:0x8001b09a store:0x00000000
       27429000	     13614	80010bae	023112a3	sh	x3,37(x2)	  x2:0x8001b16d  x3:0x000000cd PA:0x8001b192 store:0x000000cd load:0x000000cd
       27431000	     13615	80010bb2	c1e34f13	xori	x30,x6,-994	  x6:0x00000000 x30=0xfffffc1e
       27453000	     13626	80010bb6	02511703	lh	x14,37(x2)	  x2:0x8001b16d x14=0x000000cd PA:0x8001b192 store:0x80023df4
       27477000	     13638	80010bba	08b11603	lh	x12,139(x2)	  x2:0x8001b16d x12=0xfffffafb PA:0x8001b1f8 store:0xfffff000
       27553000	     13676	80010bbe	09b105a3	sb	x27,139(x2)	  x2:0x8001b16d x27:0xffff9091 PA:0x8001b1f8 store:0xffff9091 load:0x00000091
       27597000	     13698	80010bc2	fa114c83	lbu	x25,-95(x2)	  x2:0x8001b16d x25=0x0000000d PA:0x8001b10e store:0x00000031
       27631000	     13715	80010bc6	0dd14183	lbu	x3,221(x2)	  x2:0x8001b16d  x3=0x00000049 PA:0x8001b24a store:0x00000000
       27635000	     13717	80010bca	0280016f	jal	x2,80010bf2	  x2=0x80010bce
       27701000	     13750	80010bf2	fedff0ef	jal	x1,80010bde	  x1=0x80010bf6
       27723000	     13761	80010bde	0100026f	jal	x4,80010bee	  x4=0x80010be2
       27793000	     13796	80010bee	ff5ff0ef	jal	x1,80010be2	  x1=0x80010bf2
       27819000	     13809	80010be2	01c001ef	jal	x3,80010bfe	  x3=0x80010be6
       27839000	     13819	80010bfe	fd9ff0ef	jal	x1,80010bd6	  x1=0x80010c02
       27851000	     13825	80010bd6	020008ef	jal	x17,80010bf6	 x17=0x80010bda
       27875000	     13837	80010bf6	ff5fffef	jal	x31,80010bea	 x31=0x80010bfa
       27885000	     13842	80010bea	01c000ef	jal	x1,80010c06	  x1=0x80010bee
       27953000	     13876	80010c06	fd5ff16f	jal	x2,80010bda	  x2=0x80010c0a
       28005000	     13902	80010bda	0280056f	jal	x10,80010c02	 x10=0x80010bde
       28065000	     13932	80010c02	fcdff26f	jal	x4,80010bce	  x4=0x80010c06
       28121000	     13960	80010bce	02c000ef	jal	x1,80010bfa	  x1=0x80010bd2
       28241000	     14020	80010bfa	fedff0ef	jal	x1,80010be6	  x1=0x80010bfe
       28265000	     14032	80010be6	fedff26f	jal	x4,80010bd2	  x4=0x80010bea
       28327000	     14063	80010bd2	038000ef	jal	x1,80010c0a	  x1=0x80010bd6
       28385000	     14092	80010c0a	01871493	slli	x9,x14,0x18	 x14:0x000000cd  x9=0xcd000000
       28427000	     14113	80010c0e	0000dd97	auipc	x27,0xd	 x27=0x8001dc0e
       28429000	     14114	80010c12	ebdd8d93	addi	x27,x27,-323	 x27:0x8001dc0e x27=0x8001dacb
       28471000	     14135	80010c16	0000d717	auipc	x14,0xd	 x14=0x8001dc16
       28513000	     14156	80010c1a	ee570713	addi	x14,x14,-283	 x14:0x8001dc16 x14=0x8001dafb
       28535000	     14167	80010c1e	ff9daf83	lw	x31,-7(x27)	 x27:0x8001dacb x31=0xc4c5c6c7 PA:0x8001dac4 store:0x0000000d
       28559000	     14179	80010c22	00a70603	lb	x12,10(x14)	 x14:0x8001dafb x12=0x00000006 PA:0x8001db05 store:0x80010bde
       28599000	     14199	80010c26	000d8a83	lb	x21,0(x27)	 x27:0x8001dacb x21=0xffffffc8 PA:0x8001dacb store:0x00000000
       28663000	     14231	80010c2a	ff971e03	lh	x28,-7(x14)	 x14:0x8001dafb x28=0xfffff6f7 PA:0x8001daf4 store:0x0000000d
       28667000	     14233	80010c2e	00e74b83	lbu	x23,14(x14)	 x14:0x8001dafb x23=0x0000000a PA:0x8001db09 store:0x8001dafb
       28677000	     14238	80010c32	00270f83	lb	x31,2(x14)	 x14:0x8001dafb x31=0xfffffffe PA:0x8001dafd store:0x80010c0a
       28701000	     14250	80010c36	ff0d8fa3	sb	x16,-1(x27)	 x27:0x8001dacb x16:0x00000000 PA:0x8001daca store:0x00000000 load:0x00000000
       28705000	     14252	80010c3a	00575a03	lhu	x20,5(x14)	 x14:0x8001dafb x20=0x00000203 PA:0x8001db00 store:0x80023df4
       28745000	     14272	80010c3e	fee719a3	sh	x14,-13(x14)	 x14:0x8001dafb x14:0x8001dafb PA:0x8001daee store:0x8001dafb load:0x0000dafb
       28795000	     14297	80010c42	000d8503	lb	x10,0(x27)	 x27:0x8001dacb x10=0xffffffc8 PA:0x8001dacb store:0x00000000
       28813000	     14306	80010c46	fedd8d23	sb	x13,-6(x27)	 x27:0x8001dacb x13:0x00000000 PA:0x8001dac5 store:0x00000000 load:0x00000000
       28843000	     14321	80010c4a	00375a83	lhu	x21,3(x14)	 x14:0x8001dafb x21=0x0000fcfd PA:0x8001dafe store:0x80010be6
       28905000	     14352	80010c4e	010dcb83	lbu	x23,16(x27)	 x27:0x8001dacb x23=0x000000d8 PA:0x8001dadb store:0x00000000
       28909000	     14354	80010c52	ffcd8d03	lb	x26,-4(x27)	 x27:0x8001dacb x26=0xffffffc4 PA:0x8001dac7 store:0xfffff6f7
       28919000	     14359	80010c56	ff570383	lb	x7,-11(x14)	 x14:0x8001dafb  x7=0xfffffff3 PA:0x8001daf0 store:0x0000fcfd
       28949000	     14374	80010c5a	ffed8883	lb	x17,-2(x27)	 x27:0x8001dacb x17=0xffffffca PA:0x8001dac9 store:0xfffffc1e
       28951000	     14375	80010c5e	0000c617	auipc	x12,0xc	 x12=0x8001cc5e
       28953000	     14376	80010c62	6a160613	addi	x12,x12,1697	 x12:0x8001cc5e x12=0x8001d2ff
       29029000	     14414	80010c66	ff664b03	lbu	x22,-10(x12)	 x12:0x8001d2ff x22=0x000000f6 PA:0x8001d2f5 store:0x00080000
       29031000	     14415	80010c6a	00005197	auipc	x3,0x5	  x3=0x80015c6a
       29037000	     14418	80010c6e	5b418193	addi	x3,x3,1460	  x3:0x80015c6a  x3=0x8001621e
       29077000	     14438	80010c72	fd91c903	lbu	x18,-39(x3)	  x3:0x8001621e x18=0x000000f4 PA:0x800161f7 store:0x0000000d
       29103000	     14451	80010c76	02a64a03	lbu	x20,42(x12)	 x12:0x8001d2ff x20=0x0000002a PA:0x8001d329 store:0xffffffc8
       29153000	     14476	80010c7a	fdd65e83	lhu	x29,-35(x12)	 x12:0x8001d2ff x29=0x0000dedf PA:0x8001d2dc store:0x00000000
       29157000	     14478	80010c7e	03c62ca3	sw	x28,57(x12)	 x12:0x8001d2ff x28:0xfffff6f7 PA:0x8001d338 store:0xfffff6f7 load:0xfffff6f7
       29181000	     14490	80010c82	ffb61e03	lh	x28,-5(x12)	 x12:0x8001d2ff x28=0xfffff8f9 PA:0x8001d2fa store:0x8001dacb
       29215000	     14507	80010c86	03064083	lbu	x1,48(x12)	 x12:0x8001d2ff  x1=0x0000002c PA:0x8001d32f store:0x00000000
       29221000	     14510	80010c8a	fd61ca83	lbu	x21,-42(x3)	  x3:0x8001621e x21=0x000000f7 PA:0x800161f4 store:0x000000f6
       29281000	     14540	80010c8e	ff919823	sh	x25,-16(x3)	  x3:0x8001621e x25:0x0000000d PA:0x8001620e store:0x0000000d load:0x0000000d
       29335000	     14567	80010c92	030601a3	sb	x16,35(x12)	 x12:0x8001d2ff x16:0x00000000 PA:0x8001d322 store:0x00000000 load:0x00000000
       29371000	     14585	80010c96	00b65f83	lhu	x31,11(x12)	 x12:0x8001d2ff x31=0x00000809 PA:0x8001d30a store:0xfffff000
       29425000	     14612	80010c9a	fe51c003	lbu	x0,-27(x3)	  x3:0x8001621e  x0=0x00000000 PA:0x80016203 store:0x80023df4
       29457000	     14628	80010c9e	01e60223	sb	x30,4(x12)	 x12:0x8001d2ff x30:0xfffffc1e PA:0x8001d303 store:0xfffffc1e load:0x0000001e
       29483000	     14641	80010ca2	fc41de83	lhu	x29,-60(x3)	  x3:0x8001621e x29=0x0000e0e1 PA:0x800161e2 store:0x80010bea
       29543000	     14671	80010ca6	ff0611a3	sh	x16,-29(x12)	 x12:0x8001d2ff x16:0x00000000 PA:0x8001d2e2 store:0x00000000 load:0x00000000
       29547000	     14673	80010caa	00f1ad23	sw	x15,26(x3)	  x3:0x8001621e x15:0x00000000 PA:0x80016238 store:0x00000000 load:0x00000000
       29549000	     14674	80010cae	0000cb97	auipc	x23,0xc	 x23=0x8001ccae
       29573000	     14686	80010cb2	399b8b93	addi	x23,x23,921	 x23:0x8001ccae x23=0x8001d047
       29651000	     14725	80010cb6	18eb87a3	sb	x14,399(x23)	 x23:0x8001d047 x14:0x8001dafb PA:0x8001d1d6 store:0x8001dafb load:0x000000fb
       29677000	     14738	80010cba	00dbd403	lhu	x8,13(x23)	 x23:0x8001d047  x8=0x00005657 PA:0x8001d054 store:0x00000000
       29679000	     14739	80010cbe	ec8d8213	addi	x4,x27,-312	 x27:0x8001dacb  x4=0x8001d993
       29745000	     14772	80010cc2	13bb8ca3	sb	x27,313(x23)	 x23:0x8001d047 x27:0x8001dacb PA:0x8001d180 store:0x8001dacb load:0x000000cb
       29751000	     14775	80010cc6	108b8523	sb	x8,266(x23)	 x23:0x8001d047  x8:0x00005657 PA:0x8001d151 store:0x00005657 load:0x00000057
       29753000	     14776	80010cca	0e512913	slti	x18,x2,229	  x2:0x80010c0a x18=0x00000001
       29761000	     14780	80010cce	9efd2417	auipc	x8,0x9efd2	  x8=0x1efe2cce
       29779000	     14789	80010cd2	170ba8a3	sw	x16,369(x23)	 x23:0x8001d047 x16:0x00000000 PA:0x8001d1b8 store:0x00000000 load:0x00000000
       29811000	     14805	80010cd6	3c1c3813	sltiu	x16,x24,961	 x24:0x00000000 x16=0x00000001
       29845000	     14822	80010cda	ffbb8683	lb	x13,-5(x23)	 x23:0x8001d047 x13=0x00000041 PA:0x8001d042 store:0x8001dacb
       29847000	     14823	80010cde	01882133	slt	x2,x16,x24	 x16:0x00000001 x24:0x00000000  x2=0x00000000
       29879000	     14839	80010ce2	148b8c83	lb	x25,328(x23)	 x23:0x8001d047 x25=0xffffff8c PA:0x8001d18f store:0x1efe2cce
       29903000	     14851	80010ce6	0dab8123	sb	x26,194(x23)	 x23:0x8001d047 x26:0xffffffc4 PA:0x8001d109 store:0xffffffc4 load:0x000000c4
       29911000	     14855	80010cea	03da34b3	mulhu	x9,x20,x29	 x20:0x0000002a x29:0x0000e0e1  x9=0x00000000
       29917000	     14858	80010cee	01395533	srl	x10,x18,x19	 x18:0x00000001 x19:0x80027e7c x10=0x00000000
       29965000	     14882	80010cf2	ea847493	andi	x9,x8,-344	  x8:0x1efe2cce  x9=0x1efe2c88
       29967000	     14883	80010cf6	01c36933	or	x18,x6,x28	  x6:0x00000000 x28:0xfffff8f9 x18=0xfffff8f9
       30025000	     14912	80010cfa	fc7bd583	lhu	x11,-57(x23)	 x23:0x8001d047 x11=0x00000c0d PA:0x8001d00e store:0xfffffff3
       30027000	     14913	80010cfe	00d083b3	add	x7,x1,x13	  x1:0x0000002c x13:0x00000041  x7=0x0000006d
       30031000	     14915	80010d02	0eebc003	lbu	x0,238(x23)	 x23:0x8001d047  x0=0x00000000 PA:0x8001d135 store:0x8001dafb
       30043000	     14921	80010d06	0ff0000f	fence	iorwiorwiorwiorwiorwiorwiorwiorwiorwiorwiorwiorwiorwiorwiorwiorwiorwiorwiorwiorwiorwiorwiorw,iorwiorwiorwiorwiorwiorwiorwiorwiorwiorwiorwiorwiorwiorwiorwiorwiorwiorwiorwiorwiorwiorwiorwiorw	
       30049000	     14924	80010d0a	024685b3	mul	x11,x13,x4	 x13:0x00000041  x4:0x8001d993 x11=0x80783e53
       30127000	     14963	80010d0e	188baca3	sw	x8,409(x23)	 x23:0x8001d047  x8:0x1efe2cce PA:0x8001d1e0 store:0x1efe2cce load:0x1efe2cce
       30129000	     14964	80010d12	e33ab013	sltiu	x0,x21,-461	 x21:0x000000f7  x0=0x00000000
       30211000	     15005	80010d16	fe4b8003	lb	x0,-28(x23)	 x23:0x8001d047  x0=0x00000000 PA:0x8001d02b store:0x8001d993
       30213000	     15006	80010d1a	fa0d6b13	ori	x22,x26,-96	 x26:0xffffffc4 x22=0xffffffe4
       30215000	     15007	80010d1e	0184c233	xor	x4,x9,x24	  x9:0x1efe2c88 x24:0x00000000  x4=0x1efe2c88
       30293000	     15046	80010d22	016bcd83	lbu	x27,22(x23)	 x23:0x8001d047 x27=0x0000005e PA:0x8001d05d store:0xffffffe4
       30295000	     15047	80010d26	2c6aef93	ori	x31,x21,710	 x21:0x000000f7 x31=0x000002f7
       30297000	     15048	80010d2a	0001	c.addi	x0,0	  x0:0x00000000  x0=0x00000000
       30301000	     15050	80010d2c	02f24933	div	x18,x4,x15	  x4:0x1efe2c88 x15:0x00000000 x18=0xffffffff
       30321000	     15060	80010d30	eca17f13	andi	x30,x2,-310	  x2:0x00000000 x30=0x00000000
       30339000	     15069	80010d34	007defb3	or	x31,x27,x7	 x27:0x0000005e  x7:0x0000006d x31=0x0000007f
       30361000	     15080	80010d38	000cc6b3	xor	x13,x25,x0	 x25:0xffffff8c  x0:0x00000000 x13=0xffffff8c
       30423000	     15111	80010d3c	017cd593	srli	x11,x25,0x17	 x25:0xffffff8c x11=0x000001ff
       30445000	     15122	80010d40	10cbaaa3	sw	x12,277(x23)	 x23:0x8001d047 x12:0x8001d2ff PA:0x8001d15c store:0x8001d2ff load:0x8001d2ff
       30489000	     15144	80010d44	036b0c33	mul	x24,x22,x22	 x22:0xffffffe4 x22:0xffffffe4 x24=0x00000310
       30537000	     15168	80010d48	03bbd083	lhu	x1,59(x23)	 x23:0x8001d047  x1=0x00008081 PA:0x8001d082 store:0x0000005e
       30611000	     15205	80010d4c	02bb5a33	divu	x20,x22,x11	 x22:0xffffffe4 x11:0x000001ff x20=0x00804020
       30613000	     15206	80010d50	278f6a97	auipc	x21,0x278f6	 x21=0xa7906d50
       30615000	     15207	80010d54	40195593	srai	x11,x18,0x1	 x18:0xffffffff x11=0xffffffff
       30659000	     15229	80010d58	0f0b8883	lb	x17,240(x23)	 x23:0x8001d047 x17=0x00000034 PA:0x8001d137 store:0x00000001
       30695000	     15247	80010d5c	18bb8083	lb	x1,395(x23)	 x23:0x8001d047  x1=0xffffffd1 PA:0x8001d1d2 store:0xffffffff
       30697000	     15248	80010d60	0137dd33	srl	x26,x15,x19	 x15:0x00000000 x19:0x80027e7c x26=0x00000000
       30723000	     15261	80010d64	029bd903	lhu	x18,41(x23)	 x23:0x8001d047 x18=0x00007273 PA:0x8001d070 store:0x1efe2c88
       30767000	     15283	80010d68	171bae83	lw	x29,369(x23)	 x23:0x8001d047 x29=0x00000000 PA:0x8001d1b8 store:0x00000034
       30769000	     15284	80010d6c	05a2ee13	ori	x28,x5,90	  x5:0x80023df4 x28=0x80023dfe
       30771000	     15285	80010d70	01617d63	bgeu	x2,x22,80010d8a	  x2:0x00000000 x22:0xffffffe4  x0=0x00000000
       30773000	     15286	80010d74	01c08733	add	x14,x1,x28	  x1:0xffffffd1 x28:0x80023dfe x14=0x80023dcf
       30907000	     15353	80010d78	02b75433	divu	x8,x14,x11	 x14:0x80023dcf x11:0xffffffff  x8=0x00000000
       30909000	     15354	80010d7c	009928b3	slt	x17,x18,x9	 x18:0x00007273  x9:0x1efe2c88 x17=0x00000001
       30911000	     15355	80010d80	c5d5a813	slti	x16,x11,-931	 x11:0xffffffff x16=0x00000000
       30913000	     15356	80010d84	00dfff63	bgeu	x31,x13,80010da2	 x31:0x0000007f x13:0xffffff8c  x0=0x00000000
       30919000	     15359	80010d88	0001	c.addi	x0,0	  x0:0x00000000  x0=0x00000000
       30941000	     15370	80010d8a	415ad213	srai	x4,x21,0x15	 x21:0xa7906d50  x4=0xfffffd3c
       30943000	     15371	80010d8e	00aade13	srli	x28,x21,0xa	 x21:0xa7906d50 x28=0x0029e41b
       30989000	     15394	80010d92	012510b3	sll	x1,x10,x18	 x10:0x00000000 x18:0x00007273  x1=0x00000000
       30993000	     15396	80010d96	f4492793	slti	x15,x18,-188	 x18:0x00007273 x15=0x00000000
       31017000	     15408	80010d9a	0152ac33	slt	x24,x5,x21	  x5:0x80023df4 x21:0xa7906d50 x24=0x00000001
       31019000	     15409	80010d9e	b6d68637	lui	x12,0xb6d68	 x12=0xb6d68000
       31031000	     15415	80010da2	c0896913	ori	x18,x18,-1016	 x18:0x00007273 x18=0xfffffe7b
       31063000	     15431	80010da6	c4a34417	auipc	x8,0xc4a34	  x8=0x44a44da6
       31077000	     15438	80010daa	30da3793	sltiu	x15,x20,781	 x20:0x00804020 x15=0x00000000
       31159000	     15479	80010dae	028cec33	rem	x24,x25,x8	 x25:0xffffff8c  x8:0x44a44da6 x24=0xffffff8c
       31161000	     15480	80010db2	41fd5c93	srai	x25,x26,0x1f	 x26:0x00000000 x25=0x00000000
       31163000	     15481	80010db6	36db8193	addi	x3,x23,877	 x23:0x8001d047  x3=0x8001d3b4
       31185000	     15492	80010dba	01cb5013	srli	x0,x22,0x1c	 x22:0xffffffe4  x0=0x00000000
       31189000	     15494	80010dbe	e1dced93	ori	x27,x25,-483	 x25:0x00000000 x27=0xfffffe1d
       31235000	     15517	80010dc2	0ff0000f	fence	iorwiorwiorwiorwiorwiorwiorwiorwiorwiorwiorwiorwiorwiorwiorwiorwiorwiorwiorwiorwiorwiorwiorwiorwiorw,iorwiorwiorwiorwiorwiorwiorwiorwiorwiorwiorwiorwiorwiorwiorwiorwiorwiorwiorwiorwiorwiorwiorwiorwiorwiorw	
       31237000	     15518	80010dc6	40170133	sub	x2,x14,x1	 x14:0x80023dcf  x1:0x00000000  x2=0x80023dcf
       31269000	     15534	80010dca	02606863	bltu	x0,x6,80010dfa	  x0:0x00000000  x6:0x00000000  x0=0x00000000
       31277000	     15538	80010dce	03b7ae33	mulhsu	x28,x15,x27	 x15:0x00000000 x27:0xfffffe1d x28=0x00000000
       31285000	     15542	80010dd2	02f52833	mulhsu	x16,x10,x15	 x10:0x00000000 x15:0x00000000 x16=0x00000000
       31397000	     15598	80010dd6	0376e5b3	rem	x11,x13,x23	 x13:0xffffff8c x23:0x8001d047 x11=0xffffff8c
       31399000	     15599	80010dda	03335363	bge	x6,x19,80010e00	  x6:0x00000000 x19:0x80027e7c  x0=0x00000000
       31401000	     15600	80010dde	0090fc63	bgeu	x1,x9,80010df6	  x1:0x00000000  x9:0x1efe2c88  x0=0x00000000
       31441000	     15620	80010de2	03853ab3	mulhu	x21,x10,x24	 x10:0x00000000 x24:0xffffff8c x21=0x00000000
       31443000	     15621	80010de6	018e0133	add	x2,x28,x24	 x28:0x00000000 x24:0xffffff8c  x2=0xffffff8c
       31453000	     15626	80010dea	001047b3	xor	x15,x0,x1	  x0:0x00000000  x1:0x00000000 x15=0x00000000
       31455000	     15627	80010dee	1ea6cc93	xori	x25,x13,490	 x13:0xffffff8c x25=0xfffffe66
       31477000	     15638	80010df2	eedb2613	slti	x12,x22,-275	 x22:0xffffffe4 x12=0x00000000
       31553000	     15676	80010df6	02bdebb3	rem	x23,x27,x11	 x27:0xfffffe1d x11:0xffffff8c x23=0xffffffed
       31555000	     15677	80010dfa	00df3fb3	sltu	x31,x30,x13	 x30:0x00000000 x13:0xffffff8c x31=0x00000001
       31557000	     15678	80010dfe	0001	c.addi	x0,0	  x0:0x00000000  x0=0x00000000
       31561000	     15680	80010e00	006ad463	bge	x21,x6,80010e08	 x21:0x00000000  x6:0x00000000  x0=0x00000000
       31569000	     15684	80010e08	03ad67b3	rem	x15,x26,x26	 x26:0x00000000 x26:0x00000000 x15=0x00000000
       31611000	     15705	80010e0c	00ecd893	srli	x17,x25,0xe	 x25:0xfffffe66 x17=0x0003ffff
       31693000	     15746	80010e10	031a63b3	rem	x7,x20,x17	 x20:0x00804020 x17:0x0003ffff  x7=0x00004040
       31695000	     15747	80010e14	00710a63	beq	x2,x7,80010e28	  x2:0xffffff8c  x7:0x00004040  x0=0x00000000
       31697000	     15748	80010e18	0ff0000f	fence	iorwiorwiorwiorwiorwiorwiorwiorwiorwiorwiorwiorwiorwiorwiorwiorwiorwiorwiorwiorwiorwiorwiorwiorwiorwiorwiorw,iorwiorwiorwiorwiorwiorwiorwiorwiorwiorwiorwiorwiorwiorwiorwiorwiorwiorwiorwiorwiorwiorwiorwiorwiorwiorwiorwiorw	
       31699000	     15749	80010e1c	00739e93	slli	x29,x7,0x7	  x7:0x00004040 x29=0x00202000
       31741000	     15770	80010e20	f062f017	auipc	x0,0xf062f	  x0=0x00000000
       31743000	     15771	80010e24	01f95613	srli	x12,x18,0x1f	 x18:0xfffffe7b x12=0x00000001
       31765000	     15782	80010e28	03f3b7b3	mulhu	x15,x7,x31	  x7:0x00004040 x31:0x00000001 x15=0x00000000
       31773000	     15786	80010e2c	db35a393	slti	x7,x11,-589	 x11:0xffffff8c  x7=0x00000000
       31779000	     15789	80010e30	0098d193	srli	x3,x17,0x9	 x17:0x0003ffff  x3=0x000001ff
       31789000	     15794	80010e34	00d19c63	bne	x3,x13,80010e4c	  x3:0x000001ff x13:0xffffff8c  x0=0x00000000
       31821000	     15810	80010e4c	00115a33	srl	x20,x2,x1	  x2:0xffffff8c  x1:0x00000000 x20=0xffffff8c
       31841000	     15820	80010e50	ee557813	andi	x16,x10,-283	 x10:0x00000000 x16=0x00000000
       31903000	     15851	80010e54	40ea5513	srai	x10,x20,0xe	 x20:0xffffff8c x10=0xffffffff
       31943000	     15871	80010e58	004e4263	blt	x28,x4,80010e5c	 x28:0x00000000  x4:0xfffffd3c  x0=0x00000000
       31947000	     15873	80010e5c	0330e063	bltu	x1,x19,80010e7c	  x1:0x00000000 x19:0x80027e7c  x0=0x00000000
       31979000	     15889	80010e7c	018c3fb3	sltu	x31,x24,x24	 x24:0xffffff8c x24:0xffffff8c x31=0x00000000
       31981000	     15890	80010e80	00060db3	add	x27,x12,x0	 x12:0x00000001  x0:0x00000000 x27=0x00000001
       31989000	     15894	80010e84	d435b913	sltiu	x18,x11,-701	 x11:0xffffff8c x18=0x00000000
       31991000	     15895	80010e88	016386b3	add	x13,x7,x22	  x7:0x00000000 x22:0xffffffe4 x13=0xffffffe4
       32033000	     15916	80010e8c	fa876793	ori	x15,x14,-88	 x14:0x80023dcf x15=0xffffffef
       32107000	     15953	80010e90	0253f3b3	remu	x7,x7,x5	  x7:0x00000000  x5:0x80023df4  x7=0x00000000
       32111000	     15955	80010e94	045de863	bltu	x27,x5,80010ee4	 x27:0x00000001  x5:0x80023df4  x0=0x00000000
       32169000	     15984	80010ee4	018b40b3	xor	x1,x22,x24	 x22:0xffffffe4 x24:0xffffff8c  x1=0x00000068
       32171000	     15985	80010ee8	018395b3	sll	x11,x7,x24	  x7:0x00000000 x24:0xffffff8c x11=0x00000000
       32229000	     16014	80010eec	2975b893	sltiu	x17,x11,663	 x11:0x00000000 x17=0x00000001
       32231000	     16015	80010ef0	00305863	bge	x0,x3,80010f00	  x0:0x00000000  x3:0x000001ff  x0=0x00000000
       32273000	     16036	80010ef4	1259fd93	andi	x27,x19,293	 x19:0x80027e7c x27=0x00000024
       32369000	     16084	80010ef8	02d67c33	remu	x24,x12,x13	 x12:0x00000001 x13:0xffffffe4 x24=0x00000001
       32371000	     16085	80010efc	016bd213	srli	x4,x23,0x16	 x23:0xffffffed  x4=0x000003ff
       32373000	     16086	80010f00	2056ba93	sltiu	x21,x13,517	 x13:0xffffffe4 x21=0x00000000
       32447000	     16123	80010f04	02257733	remu	x14,x10,x2	 x10:0xffffffff  x2:0xffffff8c x14=0x00000073
       32449000	     16124	80010f08	0ff0000f	fence	iorwiorwiorwiorwiorwiorwiorwiorwiorwiorwiorwiorwiorwiorwiorwiorwiorwiorwiorwiorwiorwiorwiorwiorwiorwiorwiorwiorwiorw,iorwiorwiorwiorwiorwiorwiorwiorwiorwiorwiorwiorwiorwiorwiorwiorwiorwiorwiorwiorwiorwiorwiorwiorwiorwiorwiorwiorwiorwiorw	
       32451000	     16125	80010f0c	01e7e133	or	x2,x15,x30	 x15:0xffffffef x30:0x00000000  x2=0xffffffef
       32453000	     16126	80010f10	01b6d213	srli	x4,x13,0x1b	 x13:0xffffffe4  x4=0x0000001f
       32463000	     16131	80010f14	2386ce93	xori	x29,x13,568	 x13:0xffffffe4 x29=0xfffffddc
       32501000	     16150	80010f18	9592	c.add	x11,x4	 x11:0x00000000  x4:0x0000001f x11=0x0000001f
       32513000	     16156	80010f1a	028d0363	beq	x26,x8,80010f40	 x26:0x00000000  x8:0x44a44da6  x0=0x00000000
       32517000	     16158	80010f1e	02996f63	bltu	x18,x9,80010f5c	 x18:0x00000000  x9:0x1efe2c88  x0=0x00000000
       32555000	     16177	80010f5c	005a81b3	add	x3,x21,x5	 x21:0x00000000  x5:0x80023df4  x3=0x80023df4
       32573000	     16186	80010f60	0014e433	or	x8,x9,x1	  x9:0x1efe2c88  x1:0x00000068  x8=0x1efe2ce8
       32577000	     16188	80010f64	02686533	rem	x10,x16,x6	 x16:0x00000000  x6:0x00000000 x10=0x00000000
       32579000	     16189	80010f68	19acae93	slti	x29,x25,410	 x25:0xfffffe66 x29=0x00000001
       32591000	     16195	80010f6c	550128b7	lui	x17,0x55012	 x17=0x55012000
       32601000	     16200	80010f70	0106b8b3	sltu	x17,x13,x16	 x13:0xffffffe4 x16:0x00000000 x17=0x00000000
       32643000	     16221	80010f74	828faa37	lui	x20,0x828fa	 x20=0x828fa000
       32659000	     16229	80010f78	1d283213	sltiu	x4,x16,466	 x16:0x00000000  x4=0x00000001
       32661000	     16230	80010f7c	6a3e2417	auipc	x8,0x6a3e2	  x8=0xea3f2f7c
       32711000	     16255	80010f80	0e853393	sltiu	x7,x10,232	 x10:0x00000000  x7=0x00000001
       32715000	     16257	80010f84	00056bb3	or	x23,x10,x0	 x10:0x00000000  x0:0x00000000 x23=0x00000000
       32719000	     16259	80010f88	04867263	bgeu	x12,x8,80010fcc	 x12:0x00000001  x8:0xea3f2f7c  x0=0x00000000
       32745000	     16272	80010f8c	01b49d33	sll	x26,x9,x27	  x9:0x1efe2c88 x27:0x00000024 x26=0xefe2c880
       32787000	     16293	80010f90	00dcd133	srl	x2,x25,x13	 x25:0xfffffe66 x13:0xffffffe4  x2=0x0fffffe6
       32795000	     16297	80010f94	02453933	mulhu	x18,x10,x4	 x10:0x00000000  x4:0x00000001 x18=0x00000000
       32801000	     16300	80010f98	316bb893	sltiu	x17,x23,790	 x23:0x00000000 x17=0x00000001
       32833000	     16316	80010f9c	01972b33	slt	x22,x14,x25	 x14:0x00000073 x25:0xfffffe66 x22=0x00000000
       32835000	     16317	80010fa0	9ee1cf37	lui	x30,0x9ee1c	 x30=0x9ee1c000
       32837000	     16318	80010fa4	412f0ab3	sub	x21,x30,x18	 x30:0x9ee1c000 x18:0x00000000 x21=0x9ee1c000
       32855000	     16327	80010fa8	00eb5e63	bge	x22,x14,80010fc4	 x22:0x00000000 x14:0x00000073  x0=0x00000000
       32873000	     16336	80010fac	01070863	beq	x14,x16,80010fbc	 x14:0x00000073 x16:0x00000000  x0=0x00000000
       32879000	     16339	80010fb0	2c6ab493	sltiu	x9,x21,710	 x21:0x9ee1c000  x9=0x00000000
       32917000	     16358	80010fb4	0ff0000f	fence	iorwiorwiorwiorwiorwiorwiorwiorwiorwiorwiorwiorwiorwiorwiorwiorwiorwiorwiorwiorwiorwiorwiorwiorwiorwiorwiorwiorwiorwiorwiorw,iorwiorwiorwiorwiorwiorwiorwiorwiorwiorwiorwiorwiorwiorwiorwiorwiorwiorwiorwiorwiorwiorwiorwiorwiorwiorwiorwiorwiorwiorwiorwiorw	
       32923000	     16361	80010fb8	00890c33	add	x24,x18,x8	 x18:0x00000000  x8:0xea3f2f7c x24=0xea3f2f7c
       32955000	     16377	80010fbc	02721e33	mulh	x28,x4,x7	  x4:0x00000001  x7:0x00000001 x28=0x00000000
       32963000	     16381	80010fc0	023026b3	mulhsu	x13,x0,x3	  x0:0x00000000  x3:0x80023df4 x13=0x00000000
       33065000	     16432	80010fc4	03dfce33	div	x28,x31,x29	 x31:0x00000000 x29:0x00000001 x28=0x00000000
       33139000	     16469	80010fc8	02374733	div	x14,x14,x3	 x14:0x00000073  x3:0x80023df4 x14=0x00000000
       33141000	     16470	80010fcc	9456	c.add	x8,x21	  x8:0xea3f2f7c x21:0x9ee1c000  x8=0x8920ef7c
       33143000	     16471	80010fce	e85fc193	xori	x3,x31,-379	 x31:0x00000000  x3=0xfffffe85
       33145000	     16472	80010fd2	0001	c.addi	x0,0	  x0:0x00000000  x0=0x00000000
       33153000	     16476	80010fd4	01d861b3	or	x3,x16,x29	 x16:0x00000000 x29:0x00000001  x3=0x00000001
       33179000	     16489	80010fd8	009e1713	slli	x14,x28,0x9	 x28:0x00000000 x14=0x00000000
       33197000	     16498	80010fdc	00dfd8b3	srl	x17,x31,x13	 x31:0x00000000 x13:0x00000000 x17=0x00000000
       33213000	     16506	80010fe0	021c2033	mulhsu	x0,x24,x1	 x24:0xea3f2f7c  x1:0x00000068  x0=0x00000000
       33269000	     16534	80010fe4	00359ab3	sll	x21,x11,x3	 x11:0x0000001f  x3:0x00000001 x21=0x0000003e
       33289000	     16544	80010fe8	025213b3	mulh	x7,x4,x5	  x4:0x00000001  x5:0x80023df4  x7=0xffffffff
       33291000	     16545	80010fec	05e90063	beq	x18,x30,8001102c	 x18:0x00000000 x30:0x9ee1c000  x0=0x00000000
       33313000	     16556	80010ff0	02ff2133	mulhsu	x2,x30,x15	 x30:0x9ee1c000 x15:0xffffffef  x2=0x9ee1c006
       33441000	     16620	80010ff4	02714a33	div	x20,x2,x7	  x2:0x9ee1c006  x7:0xffffffff x20=0x611e3ffa
       33449000	     16624	80010ff8	03d93e33	mulhu	x28,x18,x29	 x18:0x00000000 x29:0x00000001 x28=0x00000000
       33453000	     16626	80010ffc	045d9363	bne	x27,x5,80011042	 x27:0x00000024  x5:0x80023df4  x0=0x00000000
       33473000	     16636	80011042	127a8413	addi	x8,x21,295	 x21:0x0000003e  x8=0x00000165
       33475000	     16637	80011046	0001	c.addi	x0,0	  x0:0x00000000  x0=0x00000000
       33477000	     16638	80011048	01d8fe33	and	x28,x17,x29	 x17:0x00000000 x29:0x00000001 x28=0x00000000
       33481000	     16640	8001104c	02065c63	bge	x12,x0,80011084	 x12:0x00000001  x0:0x00000000  x0=0x00000000
       33537000	     16668	80011050	01ac9c63	bne	x25,x26,80011068	 x25:0xfffffe66 x26:0xefe2c880  x0=0x00000000
       33589000	     16694	80011068	036e9063	bne	x29,x22,80011088	 x29:0x00000001 x22:0x00000000  x0=0x00000000
       33629000	     16714	80011088	40bd5833	sra	x16,x26,x11	 x26:0xefe2c880 x11:0x0000001f x16=0xffffffff
       33637000	     16718	8001108c	0231acb3	mulhsu	x25,x3,x3	  x3:0x00000001  x3:0x00000001 x25=0x00000000
       33647000	     16723	80011090	01481693	slli	x13,x16,0x14	 x16:0xffffffff x13=0xfff00000
       33655000	     16727	80011094	418d87b3	sub	x15,x27,x24	 x27:0x00000024 x24:0xea3f2f7c x15=0x15c0d0a8
       33657000	     16728	80011098	0001	c.addi	x0,0	  x0:0x00000000  x0=0x00000000
       33685000	     16742	8001109a	02cc30b3	mulhu	x1,x24,x12	 x24:0xea3f2f7c x12:0x00000001  x1=0x00000000
       33727000	     16763	8001109e	01c39eb3	sll	x29,x7,x28	  x7:0xffffffff x28:0x00000000 x29=0xffffffff
       33729000	     16764	800110a2	010ced33	or	x26,x25,x16	 x25:0x00000000 x16:0xffffffff x26=0xffffffff
       33821000	     16810	800110a6	03d94033	div	x0,x18,x29	 x18:0x00000000 x29:0xffffffff  x0=0x00000000
       33825000	     16812	800110aa	03c44533	div	x10,x8,x28	  x8:0x00000165 x28:0x00000000 x10=0xffffffff
       33829000	     16814	800110ae	02146233	rem	x4,x8,x1	  x8:0x00000165  x1:0x00000000  x4=0x00000165
       33869000	     16834	800110b2	016627b3	slt	x15,x12,x22	 x12:0x00000001 x22:0x00000000 x15=0x00000000
       33871000	     16835	800110b6	0ff0000f	fence	iorwiorwiorwiorwiorwiorwiorwiorwiorwiorwiorwiorwiorwiorwiorwiorwiorwiorwiorwiorwiorwiorwiorwiorwiorwiorwiorwiorwiorwiorwiorwiorwiorw,iorwiorwiorwiorwiorwiorwiorwiorwiorwiorwiorwiorwiorwiorwiorwiorwiorwiorwiorwiorwiorwiorwiorwiorwiorwiorwiorwiorwiorwiorwiorwiorwiorwiorw	
       33919000	     16859	800110ba	01dbc833	xor	x16,x23,x29	 x23:0x00000000 x29:0xffffffff x16=0xffffffff
       34001000	     16900	800110be	02427533	remu	x10,x4,x4	  x4:0x00000165  x4:0x00000165 x10=0x00000000
       34003000	     16901	800110c2	000d9893	slli	x17,x27,0x0	 x27:0x00000024 x17=0x00000024
       34009000	     16904	800110c6	02fb08b3	mul	x17,x22,x15	 x22:0x00000000 x15:0x00000000 x17=0x00000000
       34031000	     16915	800110ca	008e9663	bne	x29,x8,800110d6	 x29:0xffffffff  x8:0x00000165  x0=0x00000000
       34075000	     16937	800110d6	009e1233	sll	x4,x28,x9	 x28:0x00000000  x9:0x00000000  x4=0x00000000
       34101000	     16950	800110da	dfc74413	xori	x8,x14,-516	 x14:0x00000000  x8=0xfffffdfc
       34119000	     16959	800110de	40710bb3	sub	x23,x2,x7	  x2:0x9ee1c006  x7:0xffffffff x23=0x9ee1c007
       34141000	     16970	800110e2	989295b7	lui	x11,0x98929	 x11=0x98929000
       34163000	     16981	800110e6	00fb9bb3	sll	x23,x23,x15	 x23:0x9ee1c007 x15:0x00000000 x23=0x9ee1c007
       34257000	     17028	800110ea	03b2c4b3	div	x9,x5,x27	  x5:0x80023df4 x27:0x00000024  x9=0xfc71d70e
       34259000	     17029	800110ee	01259d33	sll	x26,x11,x18	 x11:0x98929000 x18:0x00000000 x26=0x98929000
       34263000	     17031	800110f2	02137233	remu	x4,x6,x1	  x6:0x00000000  x1:0x00000000  x4=0x00000000
       34271000	     17035	800110f6	3c19e913	ori	x18,x19,961	 x19:0x80027e7c x18=0x80027ffd
       34293000	     17046	800110fa	4045d733	sra	x14,x11,x4	 x11:0x98929000  x4:0x00000000 x14=0x98929000
       34315000	     17057	800110fe	0ff0000f	fence	iorwiorwiorwiorwiorwiorwiorwiorwiorwiorwiorwiorwiorwiorwiorwiorwiorwiorwiorwiorwiorwiorwiorwiorwiorwiorwiorwiorwiorwiorwiorwiorwiorwiorwiorw,iorwiorwiorwiorwiorwiorwiorwiorwiorwiorwiorwiorwiorwiorwiorwiorwiorwiorwiorwiorwiorwiorwiorwiorwiorwiorwiorwiorwiorwiorwiorwiorwiorwiorwiorwiorw	
       34361000	     17080	80011102	03df00b3	mul	x1,x30,x29	 x30:0x9ee1c000 x29:0xffffffff  x1=0x611e4000
       34369000	     17084	80011106	02d89a33	mulh	x20,x17,x13	 x17:0x00000000 x13:0xfff00000 x20=0x00000000
       34383000	     17091	8001110a	670ca717	auipc	x14,0x670ca	 x14=0xe70db10a
       34397000	     17098	8001110e	01292db3	slt	x27,x18,x18	 x18:0x80027ffd x18:0x80027ffd x27=0x00000000
       34415000	     17107	80011112	0153a833	slt	x16,x7,x21	  x7:0xffffffff x21:0x0000003e x16=0x00000001
       34467000	     17133	80011116	41cad933	sra	x18,x21,x28	 x21:0x0000003e x28:0x00000000 x18=0x0000003e
       34469000	     17134	8001111a	410a8e33	sub	x28,x21,x16	 x21:0x0000003e x16:0x00000001 x28=0x0000003d
       34511000	     17155	8001111e	00deabb3	slt	x23,x29,x13	 x29:0xffffffff x13:0xfff00000 x23=0x00000000
       34589000	     17194	80011122	029760b3	rem	x1,x14,x9	 x14:0xe70db10a  x9:0xfc71d70e  x1=0xfff0cfa8
       34593000	     17196	80011126	02a143b3	div	x7,x2,x10	  x2:0x9ee1c006 x10:0x00000000  x7=0xffffffff
       34599000	     17199	8001112a	035308b3	mul	x17,x6,x21	  x6:0x00000000 x21:0x0000003e x17=0x00000000
       34609000	     17204	8001112e	0ff0000f	fence	iorwiorwiorwiorwiorwiorwiorwiorwiorwiorwiorwiorwiorwiorwiorwiorwiorwiorwiorwiorwiorwiorwiorwiorwiorwiorwiorwiorwiorwiorwiorwiorwiorwiorwiorwiorwiorw,iorwiorwiorwiorwiorwiorwiorwiorwiorwiorwiorwiorwiorwiorwiorwiorwiorwiorwiorwiorwiorwiorwiorwiorwiorwiorwiorwiorwiorwiorwiorwiorwiorwiorwiorwiorwiorwiorw	
       34625000	     17212	80011132	0203cf33	div	x30,x7,x0	  x7:0xffffffff  x0:0x00000000 x30=0xffffffff
       34637000	     17218	80011136	028d07b3	mul	x15,x26,x8	 x26:0x98929000  x8:0xfffffdfc x15=0x7895c000
       34639000	     17219	8001113a	c3746593	ori	x11,x8,-969	  x8:0xfffffdfc x11=0xfffffdff
       34675000	     17237	8001113e	0153bd33	sltu	x26,x7,x21	  x7:0xffffffff x21:0x0000003e x26=0x00000000
       34687000	     17243	80011142	16133a93	sltiu	x21,x6,353	  x6:0x00000000 x21=0x00000001
       34691000	     17245	80011146	036b0763	beq	x22,x22,80011174	 x22:0x00000000 x22:0x00000000  x0=0x00000000
       34715000	     17257	80011174	0cb74c13	xori	x24,x14,203	 x14:0xe70db10a x24=0xe70db1c1
       34743000	     17271	80011178	01ceb0b3	sltu	x1,x29,x28	 x29:0xffffffff x28:0x0000003d  x1=0x00000000
       34745000	     17272	8001117c	396dfd93	andi	x27,x27,918	 x27:0x00000000 x27=0x00000000
       34807000	     17303	80011180	d3aa4b13	xori	x22,x20,-710	 x20:0x00000000 x22=0xfffffd3a
       34809000	     17304	80011184	002dff33	and	x30,x27,x2	 x27:0x00000000  x2:0x9ee1c006 x30=0x00000000
       34811000	     17305	80011188	01dda1b3	slt	x3,x27,x29	 x27:0x00000000 x29:0xffffffff  x3=0x00000000
       34833000	     17316	8001118c	08c17c13	andi	x24,x2,140	  x2:0x9ee1c006 x24=0x00000004
       34883000	     17341	80011190	00706bb3	or	x23,x0,x7	  x0:0x00000000  x7:0xffffffff x23=0xffffffff
       34925000	     17362	80011194	1f3d9737	lui	x14,0x1f3d9	 x14=0x1f3d9000
       35015000	     17407	80011198	036ae133	rem	x2,x21,x22	 x21:0x00000001 x22:0xfffffd3a  x2=0x00000001
       35017000	     17408	8001119c	ce11ca93	xori	x21,x3,-799	  x3:0x00000000 x21=0xfffffce1
       35019000	     17409	800111a0	0001	c.addi	x0,0	  x0:0x00000000  x0=0x00000000
       35021000	     17410	800111a2	404006b3	sub	x13,x0,x4	  x0:0x00000000  x4:0x00000000 x13=0x00000000
       35053000	     17426	800111a6	02d85f33	divu	x30,x16,x13	 x16:0x00000001 x13:0x00000000 x30=0xffffffff
       35095000	     17447	800111aa	00e194b3	sll	x9,x3,x14	  x3:0x00000000 x14:0x1f3d9000  x9=0x00000000
       35097000	     17448	800111ae	01734fb3	xor	x31,x6,x23	  x6:0x00000000 x23:0xffffffff x31=0xffffffff
       35105000	     17452	800111b2	03fa1a33	mulh	x20,x20,x31	 x20:0x00000000 x31:0xffffffff x20=0x00000000
       35193000	     17496	800111b6	03c9cb33	div	x22,x19,x28	 x19:0x80027e7c x28:0x0000003d x22=0xfde6dc4e
       35195000	     17497	800111ba	40295d93	srai	x27,x18,0x2	 x18:0x0000003e x27=0x0000000f
       35197000	     17498	800111be	0181bc33	sltu	x24,x3,x24	  x3:0x00000000 x24:0x00000004 x24=0x00000001
       35233000	     17516	800111c2	016ac633	xor	x12,x21,x22	 x21:0xfffffce1 x22:0xfde6dc4e x12=0x021920af
       35275000	     17537	800111c6	01117863	bgeu	x2,x17,800111d6	  x2:0x00000001 x17:0x00000000  x0=0x00000000
       35317000	     17558	800111ca	00a34233	xor	x4,x6,x10	  x6:0x00000000 x10:0x00000000  x4=0x00000000
       35353000	     17576	800111ce	04b8c763	blt	x17,x11,8001121c	 x17:0x00000000 x11:0xfffffdff  x0=0x00000000
       35355000	     17577	800111d2	006f5413	srli	x8,x30,0x6	 x30:0xffffffff  x8=0x03ffffff
       35357000	     17578	800111d6	00c3adb3	slt	x27,x7,x12	  x7:0xffffffff x12:0x021920af x27=0x00000001
       35381000	     17590	800111da	05acc163	blt	x25,x26,8001121c	 x25:0x00000000 x26:0x00000000  x0=0x00000000
       35383000	     17591	800111de	014f8b33	add	x22,x31,x20	 x31:0xffffffff x20:0x00000000 x22=0xffffffff
       35397000	     17598	800111e2	0ff0000f	fence	iorwiorwiorwiorwiorwiorwiorwiorwiorwiorwiorwiorwiorwiorwiorwiorwiorwiorwiorwiorwiorwiorwiorwiorwiorwiorwiorwiorwiorwiorwiorwiorwiorwiorwiorwiorwiorwiorwiorw,iorwiorwiorwiorwiorwiorwiorwiorwiorwiorwiorwiorwiorwiorwiorwiorwiorwiorwiorwiorwiorwiorwiorwiorwiorwiorwiorwiorwiorwiorwiorwiorwiorwiorwiorwiorwiorwiorwiorwiorw	
       35399000	     17599	800111e6	eed82f13	slti	x30,x16,-275	 x16:0x00000001 x30=0x00000000
       35417000	     17608	800111ea	3a9f7697	auipc	x13,0x3a9f7	 x13=0xbaa081ea
       35479000	     17639	800111ee	0190bbb3	sltu	x23,x1,x25	  x1:0x00000000 x25:0x00000000 x23=0x00000000
       35521000	     17660	800111f2	00dadb33	srl	x22,x21,x13	 x21:0xfffffce1 x13:0xbaa081ea x22=0x003fffff
       35595000	     17697	800111f6	030cefb3	rem	x31,x25,x16	 x25:0x00000000 x16:0x00000001 x31=0x00000000
       35597000	     17698	800111fa	0034c433	xor	x8,x9,x3	  x9:0x00000000  x3:0x00000000  x8=0x00000000
       35605000	     17702	800111fe	0300b833	mulhu	x16,x1,x16	  x1:0x00000000 x16:0x00000001 x16=0x00000000
       35607000	     17703	80011202	0001	c.addi	x0,0	  x0:0x00000000  x0=0x00000000
       35613000	     17706	80011204	001fe463	bltu	x31,x1,8001120c	 x31:0x00000000  x1:0x00000000  x0=0x00000000
       35617000	     17708	80011208	03794cb3	div	x25,x18,x23	 x18:0x0000003e x23:0x00000000 x25=0xffffffff
       35653000	     17726	8001120c	5654e417	auipc	x8,0x5654e	  x8=0xd655f20c
       35657000	     17728	80011210	03ee7c33	remu	x24,x28,x30	 x28:0x0000003d x30:0x00000000 x24=0x0000003d
       35659000	     17729	80011214	007b6db3	or	x27,x22,x7	 x22:0x003fffff  x7:0xffffffff x27=0xffffffff
       35667000	     17733	80011218	25ceec13	ori	x24,x29,604	 x29:0xffffffff x24=0xffffffff
       35683000	     17741	8001121c	7f14e597	auipc	x11,0x7f14e	 x11=0xff15f21c
       35685000	     17742	80011220	00192a33	slt	x20,x18,x1	 x18:0x0000003e  x1:0x00000000 x20=0x00000000
       35687000	     17743	80011224	04189017	auipc	x0,0x4189	  x0=0x00000000
       35781000	     17790	80011228	02fadcb3	divu	x25,x21,x15	 x21:0xfffffce1 x15:0x7895c000 x25=0x00000002
       35855000	     17827	8001122c	02e844b3	div	x9,x16,x14	 x16:0x00000000 x14:0x1f3d9000  x9=0x00000000
       35861000	     17830	80011230	025a8c33	mul	x24,x21,x5	 x21:0xfffffce1  x5:0x80023df4 x24=0x7900a374
       35863000	     17831	80011234	fd105797	auipc	x15,0xfd105	 x15=0x7d116234
       35887000	     17843	80011238	02ea93b3	mulh	x7,x21,x14	 x21:0xfffffce1 x14:0x1f3d9000  x7=0xffffff9e
       35889000	     17844	8001123c	031aff63	bgeu	x21,x17,8001127a	 x21:0xfffffce1 x17:0x00000000  x0=0x00000000
       35905000	     17852	80011240	407d0133	sub	x2,x26,x7	 x26:0x00000000  x7:0xffffff9e  x2=0x00000062
       35943000	     17871	80011244	09b0cb93	xori	x23,x1,155	  x1:0x00000000 x23=0x0000009b
       35981000	     17890	80011248	f373a093	slti	x1,x7,-201	  x7:0xffffff9e  x1=0x00000000
       35993000	     17896	8001124c	0001	c.addi	x0,0	  x0:0x00000000  x0=0x00000000
       36021000	     17910	8001124e	01aceab3	or	x21,x25,x26	 x25:0x00000002 x26:0x00000000 x21=0x00000002
       36025000	     17912	80011252	00f78a63	beq	x15,x15,80011266	 x15:0x7d116234 x15:0x7d116234  x0=0x00000000
       36089000	     17944	80011266	02b63633	mulhu	x12,x12,x11	 x12:0x021920af x11:0xff15f21c x12=0x02173599
       36097000	     17948	8001126a	026ea233	mulhsu	x4,x29,x6	 x29:0xffffffff  x6:0x00000000  x4=0x00000000
       36099000	     17949	8001126e	404fd213	srai	x4,x31,0x4	 x31:0x00000000  x4=0x00000000
       36103000	     17951	80011272	00145863	bge	x8,x1,80011282	  x8:0xd655f20c  x1:0x00000000  x0=0x00000000
       36125000	     17962	80011276	c678a513	slti	x10,x17,-921	 x17:0x00000000 x10=0x00000000
       36151000	     17975	8001127a	032a9833	mulh	x16,x21,x18	 x21:0x00000002 x18:0x0000003e x16=0x00000000
       36177000	     17988	8001127e	00fd4bb3	xor	x23,x26,x15	 x26:0x00000000 x15:0x7d116234 x23=0x7d116234
       36187000	     17993	80011282	0500f463	bgeu	x1,x16,800112ca	  x1:0x00000000 x16:0x00000000  x0=0x00000000
       36219000	     18009	800112ca	05e1e563	bltu	x3,x30,80011314	  x3:0x00000000 x30:0x00000000  x0=0x00000000
       36221000	     18010	800112ce	d18d8d13	addi	x26,x27,-744	 x27:0xffffffff x26=0xfffffd17
       36315000	     18057	800112d2	03775933	divu	x18,x14,x23	 x14:0x1f3d9000 x23:0x7d116234 x18=0x00000000
       36317000	     18058	800112d6	01ccc133	xor	x2,x25,x28	 x25:0x00000002 x28:0x0000003d  x2=0x0000003f
       36319000	     18059	800112da	00f19893	slli	x17,x3,0xf	  x3:0x00000000 x17=0x00000000
       36321000	     18060	800112de	0001	c.addi	x0,0	  x0:0x00000000  x0=0x00000000
       36363000	     18081	800112e0	2822e093	ori	x1,x5,642	  x5:0x80023df4  x1=0x80023ff6
       36373000	     18086	800112e4	4118d693	srai	x13,x17,0x11	 x17:0x00000000 x13=0x00000000
       36403000	     18101	800112e8	333fe813	ori	x16,x31,819	 x31:0x00000000 x16=0x00000333
       36405000	     18102	800112ec	0ff0000f	fence	iorwiorwiorwiorwiorwiorwiorwiorwiorwiorwiorwiorwiorwiorwiorwiorwiorwiorwiorwiorwiorwiorwiorwiorwiorwiorwiorwiorwiorwiorwiorwiorwiorwiorwiorwiorwiorwiorwiorwiorwiorw,iorwiorwiorwiorwiorwiorwiorwiorwiorwiorwiorwiorwiorwiorwiorwiorwiorwiorwiorwiorwiorwiorwiorwiorwiorwiorwiorwiorwiorwiorwiorwiorwiorwiorwiorwiorwiorwiorwiorwiorwiorwiorw	
       36427000	     18113	800112f0	0024e033	or	x0,x9,x2	  x9:0x00000000  x2:0x0000003f  x0=0x00000000
       36449000	     18124	800112f4	40cd5493	srai	x9,x26,0xc	 x26:0xfffffd17  x9=0xffffffff
       36471000	     18135	800112f8	760b7597	auipc	x11,0x760b7	 x11=0xf60c82f8
       36499000	     18149	800112fc	00d55913	srli	x18,x10,0xd	 x10:0x00000000 x18=0x00000000
       36527000	     18163	80011300	db4b4813	xori	x16,x22,-588	 x22:0x003fffff x16=0xffc0024b
       36537000	     18168	80011304	01f93db3	sltu	x27,x18,x31	 x18:0x00000000 x31:0x00000000 x27=0x00000000
       36561000	     18180	80011308	026f8c63	beq	x31,x6,80011340	 x31:0x00000000  x6:0x00000000  x0=0x00000000
       36605000	     18202	80011340	02d896b3	mulh	x13,x17,x13	 x17:0x00000000 x13:0x00000000 x13=0x00000000
       36607000	     18203	80011344	31188f93	addi	x31,x17,785	 x17:0x00000000 x31=0x00000311
       36621000	     18210	80011348	01cce033	or	x0,x25,x28	 x25:0x00000002 x28:0x0000003d  x0=0x00000000
       36639000	     18219	8001134c	027a18b3	mulh	x17,x20,x7	 x20:0x00000000  x7:0xffffff9e x17=0x00000000
       36679000	     18239	80011350	0232f833	remu	x16,x5,x3	  x5:0x80023df4  x3:0x00000000 x16=0x80023df4
       36681000	     18240	80011354	16da6c93	ori	x25,x20,365	 x20:0x00000000 x25=0x0000016d
       36715000	     18257	80011358	03b6ca33	div	x20,x13,x27	 x13:0x00000000 x27:0x00000000 x20=0xffffffff
       36719000	     18259	8001135c	02dbcfb3	div	x31,x23,x13	 x23:0x7d116234 x13:0x00000000 x31=0xffffffff
       36721000	     18260	80011360	d27afa13	andi	x20,x21,-729	 x21:0x00000002 x20=0x00000002
       36731000	     18265	80011364	00c4b0b3	sltu	x1,x9,x12	  x9:0xffffffff x12:0x02173599  x1=0x00000000
       36805000	     18302	80011368	02f744b3	div	x9,x14,x15	 x14:0x1f3d9000 x15:0x7d116234  x9=0x00000000
       36807000	     18303	8001136c	408b5393	srai	x7,x22,0x8	 x22:0x003fffff  x7=0x00003fff
       36809000	     18304	80011370	41695a13	srai	x20,x18,0x16	 x18:0x00000000 x20=0x00000000
       36811000	     18305	80011374	01ee0cb3	add	x25,x28,x30	 x28:0x0000003d x30:0x00000000 x25=0x0000003d
       36871000	     18335	80011378	02d80663	beq	x16,x13,800113a4	 x16:0x80023df4 x13:0x00000000  x0=0x00000000
       36887000	     18343	8001137c	016bb3b3	sltu	x7,x23,x22	 x23:0x7d116234 x22:0x003fffff  x7=0x00000000
       36929000	     18364	80011380	403bd393	srai	x7,x23,0x3	 x23:0x7d116234  x7=0x0fa22c46
       36931000	     18365	80011384	00707bb3	and	x23,x0,x7	  x0:0x00000000  x7:0x0fa22c46 x23=0x00000000
       36935000	     18367	80011388	05656063	bltu	x10,x22,800113c8	 x10:0x00000000 x22:0x003fffff  x0=0x00000000
       36975000	     18387	800113c8	0379e5b3	rem	x11,x19,x23	 x19:0x80027e7c x23:0x00000000 x11=0x80027e7c
       37021000	     18410	800113cc	03d3bc33	mulhu	x24,x7,x29	  x7:0x0fa22c46 x29:0xffffffff x24=0x0fa22c45
       37023000	     18411	800113d0	0001	c.addi	x0,0	  x0:0x00000000  x0=0x00000000
       37025000	     18412	800113d2	bd17bfb7	lui	x31,0xbd17b	 x31=0xbd17b000
       37061000	     18430	800113d6	0329fcb3	remu	x25,x19,x18	 x19:0x80027e7c x18:0x00000000 x25=0x80027e7c
       37075000	     18437	800113da	03455563	bge	x10,x20,80011404	 x10:0x00000000 x20:0x00000000  x0=0x00000000
       37087000	     18443	80011404	015a1f93	slli	x31,x20,0x15	 x20:0x00000000 x31=0x00000000
       37115000	     18457	80011408	02b11833	mulh	x16,x2,x11	  x2:0x0000003f x11:0x80027e7c x16=0xffffffe0
       37151000	     18475	8001140c	f6a1ae13	slti	x28,x3,-150	  x3:0x00000000 x28=0x00000000
       37153000	     18476	80011410	0ff0000f	fence	iorwiorwiorwiorwiorwiorwiorwiorwiorwiorwiorwiorwiorwiorwiorwiorwiorwiorwiorwiorwiorwiorwiorwiorwiorwiorwiorwiorwiorwiorwiorwiorwiorwiorwiorwiorwiorwiorwiorwiorwiorwiorwiorw,iorwiorwiorwiorwiorwiorwiorwiorwiorwiorwiorwiorwiorwiorwiorwiorwiorwiorwiorwiorwiorwiorwiorwiorwiorwiorwiorwiorwiorwiorwiorwiorwiorwiorwiorwiorwiorwiorwiorwiorwiorwiorwiorwiorw	
       37207000	     18503	80011414	0026ee63	bltu	x13,x2,80011430	 x13:0x00000000  x2:0x0000003f  x0=0x00000000
       37259000	     18529	80011430	00b57663	bgeu	x10,x11,8001143c	 x10:0x00000000 x11:0x80027e7c  x0=0x00000000
       37261000	     18530	80011434	001e2433	slt	x8,x28,x1	 x28:0x00000000  x1:0x00000000  x8=0x00000000
       37263000	     18531	80011438	00021c93	slli	x25,x4,0x0	  x4:0x00000000 x25=0x00000000
       37285000	     18542	8001143c	0136f6b3	and	x13,x13,x19	 x13:0x00000000 x19:0x80027e7c x13=0x00000000
       37327000	     18563	80011440	00d71d33	sll	x26,x14,x13	 x14:0x1f3d9000 x13:0x00000000 x26=0x1f3d9000
       37341000	     18570	80011444	00b11693	slli	x13,x2,0xb	  x2:0x0000003f x13=0x0001f800
       37351000	     18575	80011448	02067a63	bgeu	x12,x0,8001147c	 x12:0x02173599  x0:0x00000000  x0=0x00000000
       37373000	     18586	8001144c	00198c63	beq	x19,x1,80011464	 x19:0x80027e7c  x1:0x00000000  x0=0x00000000
       37441000	     18620	80011450	03143433	mulhu	x8,x8,x17	  x8:0x00000000 x17:0x00000000  x8=0x00000000
       37473000	     18636	80011454	0204b1b3	mulhu	x3,x9,x0	  x9:0x00000000  x0:0x00000000  x3=0x00000000
       37477000	     18638	80011458	01c9a3b3	slt	x7,x19,x28	 x19:0x80027e7c x28:0x00000000  x7=0x00000001
       37523000	     18661	8001145c	02f30eb3	mul	x29,x6,x15	  x6:0x00000000 x15:0x7d116234 x29=0x00000000
       37557000	     18678	80011460	41ef5413	srai	x8,x30,0x1e	 x30:0x00000000  x8=0x00000000
       37559000	     18679	80011464	118e6713	ori	x14,x28,280	 x28:0x00000000 x14=0x00000118
       37579000	     18689	80011468	01bdb733	sltu	x14,x27,x27	 x27:0x00000000 x27:0x00000000 x14=0x00000000
       37599000	     18699	8001146c	00517c63	bgeu	x2,x5,80011484	  x2:0x0000003f  x5:0x80023df4  x0=0x00000000
       37705000	     18752	80011470	025b5fb3	divu	x31,x22,x5	 x22:0x003fffff  x5:0x80023df4 x31=0x00000000
       37711000	     18755	80011474	03480533	mul	x10,x16,x20	 x16:0xffffffe0 x20:0x00000000 x10=0x00000000
       37713000	     18756	80011478	e96db013	sltiu	x0,x27,-362	 x27:0x00000000  x0=0x00000000
       37715000	     18757	8001147c	00c265b3	or	x11,x4,x12	  x4:0x00000000 x12:0x02173599 x11=0x02173599
       37737000	     18768	80011480	41175b33	sra	x22,x14,x17	 x14:0x00000000 x17:0x00000000 x22=0x00000000
       37763000	     18781	80011484	05a4f063	bgeu	x9,x26,800114c4	  x9:0x00000000 x26:0x1f3d9000  x0=0x00000000
       37777000	     18788	80011488	00eb2c33	slt	x24,x22,x14	 x22:0x00000000 x14:0x00000000 x24=0x00000000
       37803000	     18801	8001148c	02ce0ab3	mul	x21,x28,x12	 x28:0x00000000 x12:0x02173599 x21=0x00000000
       37813000	     18806	80011490	01820433	add	x8,x4,x24	  x4:0x00000000 x24:0x00000000  x8=0x00000000
       37835000	     18817	80011494	81d5c217	auipc	x4,0x81d5c	  x4=0x01d6d494
       37891000	     18845	80011498	03068463	beq	x13,x16,800114c0	 x13:0x0001f800 x16:0xffffffe0  x0=0x00000000
       37909000	     18854	8001149c	014d76b3	and	x13,x26,x20	 x26:0x1f3d9000 x20:0x00000000 x13=0x00000000
       37949000	     18874	800114a0	01f21093	slli	x1,x4,0x1f	  x4:0x01d6d494  x1=0x00000000
       37953000	     18876	800114a4	03dc7133	remu	x2,x24,x29	 x24:0x00000000 x29:0x00000000  x2=0x00000000
       37959000	     18879	800114a8	404ed1b3	sra	x3,x29,x4	 x29:0x00000000  x4:0x01d6d494  x3=0x00000000
       37963000	     18881	800114ac	037a6eb3	rem	x29,x20,x23	 x20:0x00000000 x23:0x00000000 x29=0x00000000
       37967000	     18883	800114b0	f5bbb193	sltiu	x3,x23,-165	 x23:0x00000000  x3=0x00000001
       37989000	     18894	800114b4	00d7c863	blt	x15,x13,800114c4	 x15:0x7d116234 x13:0x00000000  x0=0x00000000
       38011000	     18905	800114b8	415a5233	sra	x4,x20,x21	 x20:0x00000000 x21:0x00000000  x4=0x00000000
       38013000	     18906	800114bc	f8792693	slti	x13,x18,-121	 x18:0x00000000 x13=0x00000000
       38087000	     18943	800114c0	0258ebb3	rem	x23,x17,x5	 x17:0x00000000  x5:0x80023df4 x23=0x00000000
       38093000	     18946	800114c4	02098a33	mul	x20,x19,x0	 x19:0x80027e7c  x0:0x00000000 x20=0x00000000
       38095000	     18947	800114c8	41e883b3	sub	x7,x17,x30	 x17:0x00000000 x30:0x00000000  x7=0x00000000
       38097000	     18948	800114cc	0001	c.addi	x0,0	  x0:0x00000000  x0=0x00000000
       38119000	     18959	800114ce	0ff0000f	fence	iorwiorwiorwiorwiorwiorwiorwiorwiorwiorwiorwiorwiorwiorwiorwiorwiorwiorwiorwiorwiorwiorwiorwiorwiorwiorwiorwiorwiorwiorwiorwiorwiorwiorwiorwiorwiorwiorwiorwiorwiorwiorwiorwiorwiorw,iorwiorwiorwiorwiorwiorwiorwiorwiorwiorwiorwiorwiorwiorwiorwiorwiorwiorwiorwiorwiorwiorwiorwiorwiorwiorwiorwiorwiorwiorwiorwiorwiorwiorwiorwiorwiorwiorwiorwiorwiorwiorwiorwiorwiorwiorw	
       38123000	     18961	800114d2	0342d933	divu	x18,x5,x20	  x5:0x80023df4 x20:0x00000000 x18=0xffffffff
       38143000	     18971	800114d6	411e8ab3	sub	x21,x29,x17	 x29:0x00000000 x17:0x00000000 x21=0x00000000
       38181000	     18990	800114da	0042a103	lw	x2,4(x5)	  x5:0x80023df4  x2=0x80000c94 PA:0x80023df8 store:0x00000000
       38201000	     19000	800114de	418f5e13	srai	x28,x30,0x18	 x30:0x00000000 x28=0x00000000
       38219000	     19009	800114e2	4177df93	srai	x31,x15,0x17	 x15:0x7d116234 x31=0x000000fa
       38261000	     19030	800114e6	01c2d3b3	srl	x7,x5,x28	  x5:0x80023df4 x28:0x00000000  x7=0x80023df4
       38263000	     19031	800114ea	02828293	addi	x5,x5,40	  x5:0x80023df4  x5=0x80023e1c
       38285000	     19042	800114ee	cbea7f13	andi	x30,x20,-834	 x20:0x00000000 x30=0x00000000
       38293000	     19046	800114f2	02123433	mulhu	x8,x4,x1	  x4:0x00000000  x1:0x00000000  x8=0x00000000
       38313000	     19056	800114f6	00110493	addi	x9,x2,1	  x2:0x80000c94  x9=0x80000c95
       38339000	     19069	800114fa	000484e7	jalr	x9,0(x9)	  x9:0x80000c95  x9=0x800114fe
       38391000	     19095	80000c94	cad30813	addi	x16,x6,-851	  x6:0x00000000 x16=0xfffffcad
       38413000	     19106	80000c98	f1350193	addi	x3,x10,-237	 x10:0x00000000  x3=0xffffff13
       38423000	     19111	80000c9c	015de933	or	x18,x27,x21	 x27:0x00000000 x21:0x00000000 x18=0x00000000
       38445000	     19122	80000ca0	c4f04713	xori	x14,x0,-945	  x0:0x00000000 x14=0xfffffc4f
       38559000	     19179	80000ca4	02904533	div	x10,x0,x9	  x0:0x00000000  x9:0x800114fe x10=0x00000000
       38561000	     19180	80000ca8	04469263	bne	x13,x4,80000cec	 x13:0x00000000  x4:0x00000000  x0=0x00000000
       38563000	     19181	80000cac	ed969a17	auipc	x20,0xed969	 x20=0x6d969cac
       38571000	     19185	80000cb0	030bbbb3	mulhu	x23,x23,x16	 x23:0x00000000 x16:0xfffffcad x23=0x00000000
       38581000	     19190	80000cb4	41cb5693	srai	x13,x22,0x1c	 x22:0x00000000 x13=0x00000000
       38583000	     19191	80000cb8	41165d13	srai	x26,x12,0x11	 x12:0x02173599 x26=0x0000010b
       38585000	     19192	80000cbc	01195f93	srli	x31,x18,0x11	 x18:0x00000000 x31=0x00000000
       38605000	     19202	80000cc0	0047e1b3	or	x3,x15,x4	 x15:0x7d116234  x4:0x00000000  x3=0x7d116234
       38607000	     19203	80000cc4	00a10b33	add	x22,x2,x10	  x2:0x80000c94 x10:0x00000000 x22=0x80000c94
       38693000	     19246	80000cc8	034b41b3	div	x3,x22,x20	 x22:0x80000c94 x20:0x6d969cac  x3=0xffffffff
       38695000	     19247	80000ccc	015b0bb3	add	x23,x22,x21	 x22:0x80000c94 x21:0x00000000 x23=0x80000c94
       38703000	     19251	80000cd0	02beafb3	mulhsu	x31,x29,x11	 x29:0x00000000 x11:0x02173599 x31=0x00000000
       38707000	     19253	80000cd4	05cb1763	bne	x22,x28,80000d22	 x22:0x80000c94 x28:0x00000000  x0=0x00000000
       38785000	     19292	80000d22	da46ee13	ori	x28,x13,-604	 x13:0x00000000 x28=0xfffffda4
       38791000	     19295	80000d26	014ddd13	srli	x26,x27,0x14	 x27:0x00000000 x26=0x00000000
       38793000	     19296	80000d2a	0ff0000f	fence	iorwiorwiorwiorwiorwiorwiorwiorwiorwiorwiorwiorwiorwiorwiorwiorwiorwiorwiorwiorwiorwiorwiorwiorwiorwiorwiorwiorwiorwiorwiorwiorwiorwiorwiorwiorwiorwiorwiorwiorwiorwiorwiorwiorwiorwiorwiorw,iorwiorwiorwiorwiorwiorwiorwiorwiorwiorwiorwiorwiorwiorwiorwiorwiorwiorwiorwiorwiorwiorwiorwiorwiorwiorwiorwiorwiorwiorwiorwiorwiorwiorwiorwiorwiorwiorwiorwiorwiorwiorwiorwiorwiorwiorwiorwiorw	
       38815000	     19307	80000d2e	0ff0000f	fence	iorwiorwiorwiorwiorwiorwiorwiorwiorwiorwiorwiorwiorwiorwiorwiorwiorwiorwiorwiorwiorwiorwiorwiorwiorwiorwiorwiorwiorwiorwiorwiorwiorwiorwiorwiorwiorwiorwiorwiorwiorwiorwiorwiorwiorwiorwiorwiorwiorw,iorwiorwiorwiorwiorwiorwiorwiorwiorwiorwiorwiorwiorwiorwiorwiorwiorwiorwiorwiorwiorwiorwiorwiorwiorwiorwiorwiorwiorwiorwiorwiorwiorwiorwiorwiorwiorwiorwiorwiorwiorwiorwiorwiorwiorwiorwiorwiorwiorwiorw	
       38821000	     19310	80000d32	0354cf63	blt	x9,x21,80000d70	  x9:0x800114fe x21:0x00000000  x0=0x00000000
       38861000	     19330	80000d70	026a7263	bgeu	x20,x6,80000d94	 x20:0x6d969cac  x6:0x00000000  x0=0x00000000
       38891000	     19345	80000d74	03a826b3	mulhsu	x13,x16,x26	 x16:0xfffffcad x26:0x00000000 x13=0x00000000
       38931000	     19365	80000d78	011eca63	blt	x29,x17,80000d8c	 x29:0x00000000 x17:0x00000000  x0=0x00000000
       38933000	     19366	80000d7c	c6930913	addi	x18,x6,-919	  x6:0x00000000 x18=0xfffffc69
       38953000	     19376	80000d80	19882393	slti	x7,x16,408	 x16:0xfffffcad  x7=0x00000001
       39015000	     19407	80000d84	016f9d13	slli	x26,x31,0x16	 x31:0x00000000 x26=0x00000000
       39017000	     19408	80000d88	00fed113	srli	x2,x29,0xf	 x29:0x00000000  x2=0x00000000
       39045000	     19422	80000d8c	03949e33	mulh	x28,x9,x25	  x9:0x800114fe x25:0x00000000 x28=0x00000000
       39099000	     19449	80000d90	03248033	mul	x0,x9,x18	  x9:0x800114fe x18:0xfffffc69  x0=0x00000000
       39103000	     19451	80000d94	05b2c263	blt	x5,x27,80000dd8	  x5:0x80023e1c x27:0x00000000  x0=0x00000000
       39121000	     19460	80000dd8	2556b093	sltiu	x1,x13,597	 x13:0x00000000  x1=0x00000001
       39127000	     19463	80000ddc	01e69ab3	sll	x21,x13,x30	 x13:0x00000000 x30:0x00000000 x21=0x00000000
       39163000	     19481	80000de0	00f0f033	and	x0,x1,x15	  x1:0x00000001 x15:0x7d116234  x0=0x00000000
       39189000	     19494	80000de4	020a5fb3	divu	x31,x20,x0	 x20:0x6d969cac  x0:0x00000000 x31=0xffffffff
       39193000	     19496	80000de8	0075b833	sltu	x16,x11,x7	 x11:0x02173599  x7:0x00000001 x16=0x00000000
       39307000	     19553	80000dec	03f3e833	rem	x16,x7,x31	  x7:0x00000001 x31:0xffffffff x16=0x00000000
       39309000	     19554	80000df0	0ff0000f	fence	iorwiorwiorwiorwiorwiorwiorwiorwiorwiorwiorwiorwiorwiorwiorwiorwiorwiorwiorwiorwiorwiorwiorwiorwiorwiorwiorwiorwiorwiorwiorwiorwiorwiorwiorwiorwiorwiorwiorwiorwiorwiorwiorwiorwiorwiorwiorwiorwiorwiorwiorw,iorwiorwiorwiorwiorwiorwiorwiorwiorwiorwiorwiorwiorwiorwiorwiorwiorwiorwiorwiorwiorwiorwiorwiorwiorwiorwiorwiorwiorwiorwiorwiorwiorwiorwiorwiorwiorwiorwiorwiorwiorwiorwiorwiorwiorwiorwiorwiorwiorwiorwiorwiorw	
       39313000	     19556	80000df4	03ec5b63	bge	x24,x30,80000e2a	 x24:0x00000000 x30:0x00000000  x0=0x00000000
       39363000	     19581	80000e2a	03f0f063	bgeu	x1,x31,80000e4a	  x1:0x00000001 x31:0xffffffff  x0=0x00000000
       39411000	     19605	80000e2e	f3623f13	sltiu	x30,x4,-202	  x4:0x00000000 x30=0x00000001
       39413000	     19606	80000e32	ac45ce17	auipc	x28,0xac45c	 x28=0x2c45ce32
       39451000	     19625	80000e36	02a47533	remu	x10,x8,x10	  x8:0x00000000 x10:0x00000000 x10=0x00000000
       39491000	     19645	80000e3a	adaaf097	auipc	x1,0xadaaf	  x1=0x2daafe3a
       39493000	     19646	80000e3e	01f49213	slli	x4,x9,0x1f	  x9:0x800114fe  x4=0x00000000
       39555000	     19677	80000e42	f035cd93	xori	x27,x11,-253	 x11:0x02173599 x27=0xfde8ca9a
       39557000	     19678	80000e46	01384863	blt	x16,x19,80000e56	 x16:0x00000000 x19:0x80027e7c  x0=0x00000000
       39583000	     19691	80000e4a	0521d263	bge	x3,x18,80000e8e	  x3:0xffffffff x18:0xfffffc69  x0=0x00000000
       39689000	     19744	80000e4e	0230e533	rem	x10,x1,x3	  x1:0x2daafe3a  x3:0xffffffff x10=0x00000000
       39691000	     19745	80000e52	052fc263	blt	x31,x18,80000e96	 x31:0xffffffff x18:0xfffffc69  x0=0x00000000
       39765000	     19782	80000e56	03e5dcb3	divu	x25,x11,x30	 x11:0x02173599 x30:0x00000001 x25=0x02173599
       39767000	     19783	80000e5a	a5b5c717	auipc	x14,0xa5b5c	 x14=0x25b5ce5a
       39769000	     19784	80000e5e	4095dd93	srai	x27,x11,0x9	 x11:0x02173599 x27=0x00010b9a
       39793000	     19796	80000e62	030f6eb3	rem	x29,x30,x16	 x30:0x00000001 x16:0x00000000 x29=0x00000001
       39847000	     19823	80000e66	403c5ab3	sra	x21,x24,x3	 x24:0x00000000  x3:0xffffffff x21=0x00000000
       39851000	     19825	80000e6a	04417863	bgeu	x2,x4,80000eba	  x2:0x00000000  x4:0x00000000  x0=0x00000000
       39929000	     19864	80000eba	40660cb3	sub	x25,x12,x6	 x12:0x02173599  x6:0x00000000 x25=0x02173599
       39949000	     19874	80000ebe	40ca8733	sub	x14,x21,x12	 x21:0x00000000 x12:0x02173599 x14=0xfde8ca67
       39953000	     19876	80000ec2	0ff0000f	fence	iorwiorwiorwiorwiorwiorwiorwiorwiorwiorwiorwiorwiorwiorwiorwiorwiorwiorwiorwiorwiorwiorwiorwiorwiorwiorwiorwiorwiorwiorwiorwiorwiorwiorwiorwiorwiorwiorwiorwiorwiorwiorwiorwiorwiorwiorwiorwiorwiorwiorwiorwiorwiorw,iorwiorwiorwiorwiorwiorwiorwiorwiorwiorwiorwiorwiorwiorwiorwiorwiorwiorwiorwiorwiorwiorwiorwiorwiorwiorwiorwiorwiorwiorwiorwiorwiorwiorwiorwiorwiorwiorwiorwiorwiorwiorwiorwiorwiorwiorwiorwiorwiorwiorwiorwiorwiorwiorw	
       39957000	     19878	80000ec6	02227063	bgeu	x4,x2,80000ee6	  x4:0x00000000  x2:0x00000000  x0=0x00000000
       40015000	     19907	80000ee6	01d583b3	add	x7,x11,x29	 x11:0x02173599 x29:0x00000001  x7=0x0217359a
       40027000	     19913	80000eea	00317bb3	and	x23,x2,x3	  x2:0x00000000  x3:0xffffffff x23=0x00000000
       40057000	     19928	80000eee	b544a7b7	lui	x15,0xb544a	 x15=0xb544a000
       40069000	     19934	80000ef2	05d56563	bltu	x10,x29,80000f3c	 x10:0x00000000 x29:0x00000001  x0=0x00000000
       40107000	     19953	80000f3c	dbdc7e93	andi	x29,x24,-579	 x24:0x00000000 x29=0x00000000
       40139000	     19969	80000f40	01c3e833	or	x16,x7,x28	  x7:0x0217359a x28:0x2c45ce32 x16=0x2e57ffba
       40145000	     19972	80000f44	ed996193	ori	x3,x18,-295	 x18:0xfffffc69  x3=0xfffffef9
       40187000	     19993	80000f48	3aec8d13	addi	x26,x25,942	 x25:0x02173599 x26=0x02173947
       40191000	     19995	80000f4c	02ddd6b3	divu	x13,x27,x13	 x27:0x00010b9a x13:0x00000000 x13=0xffffffff
       40213000	     20006	80000f50	01a605b3	add	x11,x12,x26	 x12:0x02173599 x26:0x02173947 x11=0x042e6ee0
       40219000	     20009	80000f54	40e0d413	srai	x8,x1,0xe	  x1:0x2daafe3a  x8=0x0000b6ab
       40221000	     20010	80000f58	019e9d13	slli	x26,x29,0x19	 x29:0x00000000 x26=0x00000000
       40223000	     20011	80000f5c	02486c63	bltu	x16,x4,80000f94	 x16:0x2e57ffba  x4:0x00000000  x0=0x00000000
       40249000	     20024	80000f60	036d8bb3	mul	x23,x27,x22	 x27:0x00010b9a x22:0x80000c94 x23=0x0d25ed08
       40281000	     20040	80000f64	40e206b3	sub	x13,x4,x14	  x4:0x00000000 x14:0xfde8ca67 x13=0x02173599
       40323000	     20061	80000f68	02867c63	bgeu	x12,x8,80000fa0	 x12:0x02173599  x8:0x0000b6ab  x0=0x00000000
       40327000	     20063	80000f6c	05194863	blt	x18,x17,80000fbc	 x18:0xfffffc69 x17:0x00000000  x0=0x00000000
       40357000	     20078	80000fbc	01993fb3	sltu	x31,x18,x25	 x18:0xfffffc69 x25:0x02173599 x31=0x00000000
       40359000	     20079	80000fc0	026ccc63	blt	x25,x6,80000ff8	 x25:0x02173599  x6:0x00000000  x0=0x00000000
       40421000	     20110	80000fc4	00e7ebb3	or	x23,x15,x14	 x15:0xb544a000 x14:0xfde8ca67 x23=0xfdecea67
       40435000	     20117	80000fc8	032c8663	beq	x25,x18,80000ff4	 x25:0x02173599 x18:0xfffffc69  x0=0x00000000
       40453000	     20126	80000fcc	021c6263	bltu	x24,x1,80000ff0	 x24:0x00000000  x1:0x2daafe3a  x0=0x00000000
       40497000	     20148	80000ff0	26638a13	addi	x20,x7,614	  x7:0x0217359a x20=0x02173800
       40503000	     20151	80000ff4	01ba1793	slli	x15,x20,0x1b	 x20:0x02173800 x15=0x00000000
       40515000	     20157	80000ff8	00cca4b3	slt	x9,x25,x12	 x25:0x02173599 x12:0x02173599  x9=0x00000000
       40563000	     20181	80000ffc	02f873b3	remu	x7,x16,x15	 x16:0x2e57ffba x15:0x00000000  x7=0x2e57ffba
       40567000	     20183	80001000	01b7ea63	bltu	x15,x27,80001014	 x15:0x00000000 x27:0x00010b9a  x0=0x00000000
       40661000	     20230	80001014	001b9213	slli	x4,x23,0x1	 x23:0xfdecea67  x4=0xfbd9d4ce
       40667000	     20233	80001018	02358633	mul	x12,x11,x3	 x11:0x042e6ee0  x3:0xfffffef9 x12=0xb44c17e0
       40707000	     20253	8000101c	025c0e33	mul	x28,x24,x5	 x24:0x00000000  x5:0x80023e1c x28=0x00000000
       40709000	     20254	80001020	0b59fe13	andi	x28,x19,181	 x19:0x80027e7c x28=0x00000034
       40801000	     20300	80001024	023f4633	div	x12,x30,x3	 x30:0x00000001  x3:0xfffffef9 x12=0x00000000
       40803000	     20301	80001028	be8a7037	lui	x0,0xbe8a7	  x0=0x00000000
       40805000	     20302	8000102c	2c51b093	sltiu	x1,x3,709	  x3:0xfffffef9  x1=0x00000000
       40823000	     20311	80001030	41a05693	srai	x13,x0,0x1a	  x0:0x00000000 x13=0x00000000
       40867000	     20333	80001034	01681633	sll	x12,x16,x22	 x16:0x2e57ffba x22:0x80000c94 x12=0xfba00000
       40869000	     20334	80001038	f3263193	sltiu	x3,x12,-206	 x12:0xfba00000  x3=0x00000001
       40879000	     20339	8000103c	0206a733	mulhsu	x14,x13,x0	 x13:0x00000000  x0:0x00000000 x14=0x00000000
       40905000	     20352	80001040	00cd35b3	sltu	x11,x26,x12	 x26:0x00000000 x12:0xfba00000 x11=0x00000001
       40919000	     20359	80001044	0001	c.addi	x0,0	  x0:0x00000000  x0=0x00000000
       40933000	     20366	80001046	00a5deb3	srl	x29,x11,x10	 x11:0x00000001 x10:0x00000000 x29=0x00000001
       40935000	     20367	8000104a	01860463	beq	x12,x24,80001052	 x12:0xfba00000 x24:0x00000000  x0=0x00000000
       40943000	     20371	8000104e	057a0063	beq	x20,x23,8000108e	 x20:0x02173800 x23:0xfdecea67  x0=0x00000000
       40967000	     20383	80001052	021ac533	div	x10,x21,x1	 x21:0x00000000  x1:0x00000000 x10=0xffffffff
       40969000	     20384	80001056	34746c13	ori	x24,x8,839	  x8:0x0000b6ab x24=0x0000b7ef
       40985000	     20392	8000105a	00229793	slli	x15,x5,0x2	  x5:0x80023e1c x15=0x0008f870
       40993000	     20396	8000105e	02e9a133	mulhsu	x2,x19,x14	 x19:0x80027e7c x14:0x00000000  x2=0x00000000
       41033000	     20416	80001062	f1c80f13	addi	x30,x16,-228	 x16:0x2e57ffba x30=0x2e57fed6
       41035000	     20417	80001066	04b84163	blt	x16,x11,800010a8	 x16:0x2e57ffba x11:0x00000001  x0=0x00000000
       41079000	     20439	8000106a	012d1763	bne	x26,x18,80001078	 x26:0x00000000 x18:0xfffffc69  x0=0x00000000
       41091000	     20445	80001078	f2bebb13	sltiu	x22,x29,-213	 x29:0x00000001 x22=0x00000001
       41133000	     20466	8000107c	01720fb3	add	x31,x4,x23	  x4:0xfbd9d4ce x23:0xfdecea67 x31=0xf9c6bf35
       41147000	     20473	80001080	00ca3533	sltu	x10,x20,x12	 x20:0x02173800 x12:0xfba00000 x10=0x00000001
       41171000	     20485	80001084	024d9d63	bne	x27,x4,800010be	 x27:0x00010b9a  x4:0xfbd9d4ce  x0=0x00000000
       41219000	     20509	800010be	01945113	srli	x2,x8,0x19	  x8:0x0000b6ab  x2=0x00000000
       41247000	     20523	800010c2	02e713b3	mulh	x7,x14,x14	 x14:0x00000000 x14:0x00000000  x7=0x00000000
       41249000	     20524	800010c6	005f8263	beq	x31,x5,800010ca	 x31:0xf9c6bf35  x5:0x80023e1c  x0=0x00000000
       41251000	     20525	800010ca	41a153b3	sra	x7,x2,x26	  x2:0x00000000 x26:0x00000000  x7=0x00000000
       41367000	     20583	800010ce	032dcf33	div	x30,x27,x18	 x27:0x00010b9a x18:0xfffffc69 x30=0xffffffb6
       41369000	     20584	800010d2	0042ba33	sltu	x20,x5,x4	  x5:0x80023e1c  x4:0xfbd9d4ce x20=0x00000001
       41371000	     20585	800010d6	00e9dc33	srl	x24,x19,x14	 x19:0x80027e7c x14:0x00000000 x24=0x80027e7c
       41375000	     20587	800010da	01a81633	sll	x12,x16,x26	 x16:0x2e57ffba x26:0x00000000 x12=0x2e57ffba
       41377000	     20588	800010de	004c9d93	slli	x27,x25,0x4	 x25:0x02173599 x27=0x21735990
       41407000	     20603	800010e2	1b993c93	sltiu	x25,x18,441	 x18:0xfffffc69 x25=0x00000000
       41449000	     20624	800010e6	c2d1af93	slti	x31,x3,-979	  x3:0x00000001 x31=0x00000000
       41497000	     20648	800010ea	03ea2fb3	mulhsu	x31,x20,x30	 x20:0x00000001 x30:0xffffffb6 x31=0x00000000
       41535000	     20667	800010ee	02f56663	bltu	x10,x15,8000111a	 x10:0x00000001 x15:0x0008f870  x0=0x00000000
       41665000	     20732	8000111a	02be2833	mulhsu	x16,x28,x11	 x28:0x00000034 x11:0x00000001 x16=0x00000000
       41669000	     20734	8000111e	0ff0000f	fence	iorwiorwiorwiorwiorwiorwiorwiorwiorwiorwiorwiorwiorwiorwiorwiorwiorwiorwiorwiorwiorwiorwiorwiorwiorwiorwiorwiorwiorwiorwiorwiorwiorwiorwiorwiorwiorwiorwiorwiorwiorwiorwiorwiorwiorwiorwiorwiorwiorwiorwiorwiorwiorwiorwiorw,iorwiorwiorwiorwiorwiorwiorwiorwiorwiorwiorwiorwiorwiorwiorwiorwiorwiorwiorwiorwiorwiorwiorwiorwiorwiorwiorwiorwiorwiorwiorwiorwiorwiorwiorwiorwiorwiorwiorwiorwiorwiorwiorwiorwiorwiorwiorwiorwiorwiorwiorwiorwiorwiorwiorwiorw	
       41671000	     20735	80001122	c2297f13	andi	x30,x18,-990	 x18:0xfffffc69 x30=0xfffffc20
       41693000	     20746	80001126	413bd113	srai	x2,x23,0x13	 x23:0xfdecea67  x2=0xffffffbd
       41735000	     20767	8000112a	01ee23b3	slt	x7,x28,x30	 x28:0x00000034 x30:0xfffffc20  x7=0x00000000
       41737000	     20768	8000112e	00164463	blt	x12,x1,80001136	 x12:0x2e57ffba  x1:0x00000000  x0=0x00000000
       41739000	     20769	80001132	e4e2b793	sltiu	x15,x5,-434	  x5:0x80023e1c x15=0x00000001
       41741000	     20770	80001136	0ff0000f	fence	iorwiorwiorwiorwiorwiorwiorwiorwiorwiorwiorwiorwiorwiorwiorwiorwiorwiorwiorwiorwiorwiorwiorwiorwiorwiorwiorwiorwiorwiorwiorwiorwiorwiorwiorwiorwiorwiorwiorwiorwiorwiorwiorwiorwiorwiorwiorwiorwiorwiorwiorwiorwiorwiorwiorwiorwiorw,iorwiorwiorwiorwiorwiorwiorwiorwiorwiorwiorwiorwiorwiorwiorwiorwiorwiorwiorwiorwiorwiorwiorwiorwiorwiorwiorwiorwiorwiorwiorwiorwiorwiorwiorwiorwiorwiorwiorwiorwiorwiorwiorwiorwiorwiorwiorwiorwiorwiorwiorwiorwiorwiorwiorwiorwiorwiorw	
       41803000	     20801	8000113a	014e3b33	sltu	x22,x28,x20	 x28:0x00000034 x20:0x00000001 x22=0x00000000
       41807000	     20803	8000113e	02b14063	blt	x2,x11,8000115e	  x2:0xffffffbd x11:0x00000001  x0=0x00000000
       41831000	     20815	8000115e	9886	c.add	x17,x1	 x17:0x00000000  x1:0x00000000 x17=0x00000000
       41853000	     20826	80001160	0ff0000f	fence	iorwiorwiorwiorwiorwiorwiorwiorwiorwiorwiorwiorwiorwiorwiorwiorwiorwiorwiorwiorwiorwiorwiorwiorwiorwiorwiorwiorwiorwiorwiorwiorwiorwiorwiorwiorwiorwiorwiorwiorwiorwiorwiorwiorwiorwiorwiorwiorwiorwiorwiorwiorwiorwiorwiorwiorwiorwiorwiorw,iorwiorwiorwiorwiorwiorwiorwiorwiorwiorwiorwiorwiorwiorwiorwiorwiorwiorwiorwiorwiorwiorwiorwiorwiorwiorwiorwiorwiorwiorwiorwiorwiorwiorwiorwiorwiorwiorwiorwiorwiorwiorwiorwiorwiorwiorwiorwiorwiorwiorwiorwiorwiorwiorwiorwiorwiorwiorwiorwiorw	
       41855000	     20827	80001164	00dfd913	srli	x18,x31,0xd	 x31:0x00000000 x18=0x00000000
       41895000	     20847	80001168	03b52433	mulhsu	x8,x10,x27	 x10:0x00000001 x27:0x21735990  x8=0x00000000
       41923000	     20861	8000116c	0165d433	srl	x8,x11,x22	 x11:0x00000001 x22:0x00000000  x8=0x00000001
       41925000	     20862	80001170	f9bc0e93	addi	x29,x24,-101	 x24:0x80027e7c x29=0x80027e17
       41947000	     20873	80001174	0001	c.addi	x0,0	  x0:0x00000000  x0=0x00000000
       41963000	     20881	80001176	01c874b3	and	x9,x16,x28	 x16:0x00000000 x28:0x00000034  x9=0x00000000
       41971000	     20885	8000117a	017160b3	or	x1,x2,x23	  x2:0xffffffbd x23:0xfdecea67  x1=0xffffffff
       41983000	     20891	8000117e	01d86bb3	or	x23,x16,x29	 x16:0x00000000 x29:0x80027e17 x23=0x80027e17
       41989000	     20894	80001182	039ed1b3	divu	x3,x29,x25	 x29:0x80027e17 x25:0x00000000  x3=0xffffffff
       42005000	     20902	80001186	dd79fc13	andi	x24,x19,-553	 x19:0x80027e7c x24=0x80027c54
       42021000	     20910	8000118a	0ff0000f	fence	iorwiorwiorwiorwiorwiorwiorwiorwiorwiorwiorwiorwiorwiorwiorwiorwiorwiorwiorwiorwiorwiorwiorwiorwiorwiorwiorwiorwiorwiorwiorwiorwiorwiorwiorwiorwiorwiorwiorwiorwiorwiorwiorwiorwiorwiorwiorwiorwiorwiorwiorwiorwiorwiorwiorwiorwiorwiorwiorwiorwiorw,iorwiorwiorwiorwiorwiorwiorwiorwiorwiorwiorwiorwiorwiorwiorwiorwiorwiorwiorwiorwiorwiorwiorwiorwiorwiorwiorwiorwiorwiorwiorwiorwiorwiorwiorwiorwiorwiorwiorwiorwiorwiorwiorwiorwiorwiorwiorwiorwiorwiorwiorwiorwiorwiorwiorwiorwiorwiorwiorwiorwiorwiorw	
       42035000	     20917	8000118e	02632533	mulhsu	x10,x6,x6	  x6:0x00000000  x6:0x00000000 x10=0x00000000
       42053000	     20926	80001192	02ddc7b3	div	x15,x27,x13	 x27:0x21735990 x13:0x00000000 x15=0xffffffff
       42065000	     20932	80001196	001d0f33	add	x30,x26,x1	 x26:0x00000000  x1:0xffffffff x30=0xffffffff
       42093000	     20946	8000119a	027007b3	mul	x15,x0,x7	  x0:0x00000000  x7:0x00000000 x15=0x00000000
       42111000	     20955	8000119e	03555c63	bge	x10,x21,800011d6	 x10:0x00000000 x21:0x00000000  x0=0x00000000
       42203000	     21001	800011d6	02a3fa33	remu	x20,x7,x10	  x7:0x00000000 x10:0x00000000 x20=0x00000000
       42205000	     21002	800011da	0ff0000f	fence	iorwiorwiorwiorwiorwiorwiorwiorwiorwiorwiorwiorwiorwiorwiorwiorwiorwiorwiorwiorwiorwiorwiorwiorwiorwiorwiorwiorwiorwiorwiorwiorwiorwiorwiorwiorwiorwiorwiorwiorwiorwiorwiorwiorwiorwiorwiorwiorwiorwiorwiorwiorwiorwiorwiorwiorwiorwiorwiorwiorwiorwiorwiorw,iorwiorwiorwiorwiorwiorwiorwiorwiorwiorwiorwiorwiorwiorwiorwiorwiorwiorwiorwiorwiorwiorwiorwiorwiorwiorwiorwiorwiorwiorwiorwiorwiorwiorwiorwiorwiorwiorwiorwiorwiorwiorwiorwiorwiorwiorwiorwiorwiorwiorwiorwiorwiorwiorwiorwiorwiorwiorwiorwiorwiorwiorwiorwiorw	
       42253000	     21026	800011de	001ecfb3	xor	x31,x29,x1	 x29:0x80027e17  x1:0xffffffff x31=0x7ffd81e8
       42295000	     21047	800011e2	52e7fb97	auipc	x23,0x52e7f	 x23=0xd2e801e2
       42369000	     21084	800011e6	03b3eeb3	rem	x29,x7,x27	  x7:0x00000000 x27:0x21735990 x29=0x00000000
       42377000	     21088	800011ea	03db24b3	mulhsu	x9,x22,x29	 x22:0x00000000 x29:0x00000000  x9=0x00000000
       42379000	     21089	800011ee	40815533	sra	x10,x2,x8	  x2:0xffffffbd  x8:0x00000001 x10=0xffffffde
       42415000	     21107	800011f2	419fdab3	sra	x21,x31,x25	 x31:0x7ffd81e8 x25:0x00000000 x21=0x7ffd81e8
       42417000	     21108	800011f6	08bd8913	addi	x18,x27,139	 x27:0x21735990 x18=0x21735a1b
       42479000	     21139	800011fa	006ce533	or	x10,x25,x6	 x25:0x00000000  x6:0x00000000 x10=0x00000000
       42509000	     21154	800011fe	3f8d0e93	addi	x29,x26,1016	 x26:0x00000000 x29=0x000003f8
       42521000	     21160	80001202	41dddab3	sra	x21,x27,x29	 x27:0x21735990 x29:0x000003f8 x21=0x00000021
       42539000	     21169	80001206	01293733	sltu	x14,x18,x18	 x18:0x21735a1b x18:0x21735a1b x14=0x00000000
       42541000	     21170	8000120a	0001	c.addi	x0,0	  x0:0x00000000  x0=0x00000000
       42545000	     21172	8000120c	05abf463	bgeu	x23,x26,80001254	 x23:0xd2e801e2 x26:0x00000000  x0=0x00000000
       42679000	     21239	80001210	025bd7b3	divu	x15,x23,x5	 x23:0xd2e801e2  x5:0x80023e1c x15=0x00000001
       42683000	     21241	80001214	02d746b3	div	x13,x14,x13	 x14:0x00000000 x13:0x00000000 x13=0xffffffff
       42685000	     21242	80001218	01ddd863	bge	x27,x29,80001228	 x27:0x21735990 x29:0x000003f8  x0=0x00000000
       42687000	     21243	8000121c	00a72a33	slt	x20,x14,x10	 x14:0x00000000 x10:0x00000000 x20=0x00000000
       42701000	     21250	80001220	00f15633	srl	x12,x2,x15	  x2:0xffffffbd x15:0x00000001 x12=0x7fffffde
       42711000	     21255	80001224	d005c893	xori	x17,x11,-768	 x11:0x00000001 x17=0xfffffd01
       42753000	     21276	80001228	01a48233	add	x4,x9,x26	  x9:0x00000000 x26:0x00000000  x4=0x00000000
       42755000	     21277	8000122c	408f83b3	sub	x7,x31,x8	 x31:0x7ffd81e8  x8:0x00000001  x7=0x7ffd81e7
       42777000	     21288	80001230	e57da713	slti	x14,x27,-425	 x27:0x21735990 x14=0x00000000
       42819000	     21309	80001234	03bd1db3	mulh	x27,x26,x27	 x26:0x00000000 x27:0x21735990 x27=0x00000000
       42821000	     21310	80001238	14c8ac93	slti	x25,x17,332	 x17:0xfffffd01 x25=0x00000001
       42841000	     21320	8000123c	0372be33	mulhu	x28,x5,x23	  x5:0x80023e1c x23:0xd2e801e2 x28=0x6975d9ec
       42843000	     21321	80001240	41e10233	sub	x4,x2,x30	  x2:0xffffffbd x30:0xffffffff  x4=0xffffffbe
       42875000	     21337	80001244	018f6ab3	or	x21,x30,x24	 x30:0xffffffff x24:0x80027c54 x21=0xffffffff
       42881000	     21340	80001248	005f35b3	sltu	x11,x30,x5	 x30:0xffffffff  x5:0x80023e1c x11=0x00000000
       42905000	     21352	8000124c	3bce5737	lui	x14,0x3bce5	 x14=0x3bce5000
       42943000	     21371	80001250	03033633	mulhu	x12,x6,x16	  x6:0x00000000 x16:0x00000000 x12=0x00000000
       42951000	     21375	80001254	41158933	sub	x18,x11,x17	 x11:0x00000000 x17:0xfffffd01 x18=0x000002ff
       42955000	     21377	80001258	05c49163	bne	x9,x28,8000129a	  x9:0x00000000 x28:0x6975d9ec  x0=0x00000000
       42983000	     21391	8000129a	0082dcb3	srl	x25,x5,x8	  x5:0x80023e1c  x8:0x00000001 x25=0x40011f0e
       43003000	     21401	8000129e	03afc863	blt	x31,x26,800012ce	 x31:0x7ffd81e8 x26:0x00000000  x0=0x00000000
       43057000	     21428	800012a2	0ff0000f	fence	iorwiorwiorwiorwiorwiorwiorwiorwiorwiorwiorwiorwiorwiorwiorwiorwiorwiorwiorwiorwiorwiorwiorwiorwiorwiorwiorwiorwiorwiorwiorwiorwiorwiorwiorwiorwiorwiorwiorwiorwiorwiorwiorwiorwiorwiorwiorwiorwiorwiorwiorwiorwiorwiorwiorwiorwiorwiorwiorwiorwiorwiorwiorwiorwiorw,iorwiorwiorwiorwiorwiorwiorwiorwiorwiorwiorwiorwiorwiorwiorwiorwiorwiorwiorwiorwiorwiorwiorwiorwiorwiorwiorwiorwiorwiorwiorwiorwiorwiorwiorwiorwiorwiorwiorwiorwiorwiorwiorwiorwiorwiorwiorwiorwiorwiorwiorwiorwiorwiorwiorwiorwiorwiorwiorwiorwiorwiorwiorwiorwiorwiorw	
       43075000	     21437	800012a6	036257b3	divu	x15,x4,x22	  x4:0xffffffbe x22:0x00000000 x15=0xffffffff
       43121000	     21460	800012aa	41d4df13	srai	x30,x9,0x1d	  x9:0x00000000 x30=0x00000000
       43133000	     21466	800012ae	03cbacb3	mulhsu	x25,x23,x28	 x23:0xd2e801e2 x28:0x6975d9ec x25=0xed6c666b
       43143000	     21471	800012b2	016c3533	sltu	x10,x24,x22	 x24:0x80027c54 x22:0x00000000 x10=0x00000000
       43149000	     21474	800012b6	028e0033	mul	x0,x28,x8	 x28:0x6975d9ec  x8:0x00000001  x0=0x00000000
       43191000	     21495	800012ba	405485b3	sub	x11,x9,x5	  x9:0x00000000  x5:0x80023e1c x11=0x7ffdc1e4
       43193000	     21496	800012be	01367833	and	x16,x12,x19	 x12:0x00000000 x19:0x80027e7c x16=0x00000000
       43213000	     21506	800012c2	10254593	xori	x11,x10,258	 x10:0x00000000 x11=0x00000102
       43215000	     21507	800012c6	01736233	or	x4,x6,x23	  x6:0x00000000 x23:0xd2e801e2  x4=0xd2e801e2
       43255000	     21527	800012ca	01658533	add	x10,x11,x22	 x11:0x00000102 x22:0x00000000 x10=0x00000102
       43257000	     21528	800012ce	00675d93	srli	x27,x14,0x6	 x14:0x3bce5000 x27=0x00ef3940
       43351000	     21575	800012d2	031bc4b3	div	x9,x23,x17	 x23:0xd2e801e2 x17:0xfffffd01  x9=0x000f0d03
       43353000	     21576	800012d6	00e59933	sll	x18,x11,x14	 x11:0x00000102 x14:0x3bce5000 x18=0x00000102
       43359000	     21579	800012da	03e28a33	mul	x20,x5,x30	  x5:0x80023e1c x30:0x00000000 x20=0x00000000
       43361000	     21580	800012de	07318093	addi	x1,x3,115	  x3:0xffffffff  x1=0x00000072
       43377000	     21588	800012e2	02024393	xori	x7,x4,32	  x4:0xd2e801e2  x7=0xd2e801c2
       43379000	     21589	800012e6	01ffe833	or	x16,x31,x31	 x31:0x7ffd81e8 x31:0x7ffd81e8 x16=0x7ffd81e8
       43421000	     21610	800012ea	ec3e3e13	sltiu	x28,x28,-317	 x28:0x6975d9ec x28=0x00000001
       43423000	     21611	800012ee	ccd96713	ori	x14,x18,-819	 x18:0x00000102 x14=0xfffffdcf
       43441000	     21620	800012f2	04f09863	bne	x1,x15,80001342	  x1:0x00000072 x15:0xffffffff  x0=0x00000000
       43491000	     21645	80001342	0001	c.addi	x0,0	  x0:0x00000000  x0=0x00000000
       43509000	     21654	80001344	027b4f63	blt	x22,x7,80001382	 x22:0x00000000  x7:0xd2e801c2  x0=0x00000000
       43513000	     21656	80001348	e1f5af93	slti	x31,x11,-481	 x11:0x00000102 x31=0x00000000
       43519000	     21659	8000134c	026b5b63	bge	x22,x6,80001382	 x22:0x00000000  x6:0x00000000  x0=0x00000000
       43583000	     21691	80001382	0190d863	bge	x1,x25,80001392	  x1:0x00000072 x25:0xed6c666b  x0=0x00000000
       43633000	     21716	80001386	0ff0000f	fence	iorwiorwiorwiorwiorwiorwiorwiorwiorwiorwiorwiorwiorwiorwiorwiorwiorwiorwiorwiorwiorwiorwiorwiorwiorwiorwiorwiorwiorwiorwiorwiorwiorwiorwiorwiorwiorwiorwiorwiorwiorwiorwiorwiorwiorwiorwiorwiorwiorwiorwiorwiorwiorwiorwiorwiorwiorwiorwiorwiorwiorwiorwiorwiorwiorwiorwiorw,iorwiorwiorwiorwiorwiorwiorwiorwiorwiorwiorwiorwiorwiorwiorwiorwiorwiorwiorwiorwiorwiorwiorwiorwiorwiorwiorwiorwiorwiorwiorwiorwiorwiorwiorwiorwiorwiorwiorwiorwiorwiorwiorwiorwiorwiorwiorwiorwiorwiorwiorwiorwiorwiorwiorwiorwiorwiorwiorwiorwiorwiorwiorwiorwiorwiorwiorwiorw	
       43635000	     21717	8000138a	d8fd3093	sltiu	x1,x26,-625	 x26:0x00000000  x1=0x00000001
       43665000	     21732	8000138e	03c59533	mulh	x10,x11,x28	 x11:0x00000102 x28:0x00000001 x10=0x00000000
       43709000	     21754	80001392	02fc8413	addi	x8,x25,47	 x25:0xed6c666b  x8=0xed6c669a
       43711000	     21755	80001396	004707b3	add	x15,x14,x4	 x14:0xfffffdcf  x4:0xd2e801e2 x15=0xd2e7ffb1
       43771000	     21785	8000139a	0391a933	mulhsu	x18,x3,x25	  x3:0xffffffff x25:0xed6c666b x18=0xffffffff
       43773000	     21786	8000139e	00d1fdb3	and	x27,x3,x13	  x3:0xffffffff x13:0xffffffff x27=0xffffffff
       43775000	     21787	800013a2	2c928d93	addi	x27,x5,713	  x5:0x80023e1c x27=0x800240e5
       43799000	     21799	800013a6	c3660013	addi	x0,x12,-970	 x12:0x00000000  x0=0x00000000
       43835000	     21817	800013aa	0224c263	blt	x9,x2,800013ce	  x9:0x000f0d03  x2:0xffffffbd  x0=0x00000000
       43885000	     21842	800013ae	03f6ce63	blt	x13,x31,800013ea	 x13:0xffffffff x31:0x00000000  x0=0x00000000
       43931000	     21865	800013ea	000d6fb3	or	x31,x26,x0	 x26:0x00000000  x0:0x00000000 x31=0x00000000
       43933000	     21866	800013ee	00d5fb33	and	x22,x11,x13	 x11:0x00000102 x13:0xffffffff x22=0x00000102
       44045000	     21922	800013f2	0282cf33	div	x30,x5,x8	  x5:0x80023e1c  x8:0xed6c669a x30=0x00000006
       44047000	     21923	800013f6	016b6bb3	or	x23,x22,x22	 x22:0x00000102 x22:0x00000102 x23=0x00000102
       44055000	     21927	800013fa	03f82a33	mulhsu	x20,x16,x31	 x16:0x7ffd81e8 x31:0x00000000 x20=0x00000000
       44059000	     21929	800013fe	0052c863	blt	x5,x5,8000140e	  x5:0x80023e1c  x5:0x80023e1c  x0=0x00000000
       44121000	     21960	80001402	0018d263	bge	x17,x1,80001406	 x17:0xfffffd01  x1:0x00000001  x0=0x00000000
       44145000	     21972	80001406	017e1733	sll	x14,x28,x23	 x28:0x00000001 x23:0x00000102 x14=0x00000004
       44147000	     21973	8000140a	01a1d713	srli	x14,x3,0x1a	  x3:0xffffffff x14=0x0000003f
       44161000	     21980	8000140e	00e96133	or	x2,x18,x14	 x18:0xffffffff x14:0x0000003f  x2=0xffffffff
       44171000	     21985	80001412	c1987593	andi	x11,x16,-999	 x16:0x7ffd81e8 x11=0x7ffd8008
       44173000	     21986	80001416	2981bc93	sltiu	x25,x3,664	  x3:0xffffffff x25=0x00000000
       44175000	     21987	8000141a	0001	c.addi	x0,0	  x0:0x00000000  x0=0x00000000
       44191000	     21995	8000141c	6c5ce697	auipc	x13,0x6c5ce	 x13=0xec5cf41c
       44241000	     22020	80001420	035c26b3	mulhsu	x13,x24,x21	 x24:0x80027c54 x21:0xffffffff x13=0x80027c54
       44243000	     22021	80001424	015e1fb3	sll	x31,x28,x21	 x28:0x00000001 x21:0xffffffff x31=0x80000000
       44255000	     22027	80001428	0001	c.addi	x0,0	  x0:0x00000000  x0=0x00000000
       44287000	     22043	8000142a	01c1af33	slt	x30,x3,x28	  x3:0xffffffff x28:0x00000001 x30=0x00000001
       44291000	     22045	8000142e	0ff0000f	fence	iorwiorwiorwiorwiorwiorwiorwiorwiorwiorwiorwiorwiorwiorwiorwiorwiorwiorwiorwiorwiorwiorwiorwiorwiorwiorwiorwiorwiorwiorwiorwiorwiorwiorwiorwiorwiorwiorwiorwiorwiorwiorwiorwiorwiorwiorwiorwiorwiorwiorwiorwiorwiorwiorwiorwiorwiorwiorwiorwiorwiorwiorwiorwiorwiorwiorwiorwiorwiorw,iorwiorwiorwiorwiorwiorwiorwiorwiorwiorwiorwiorwiorwiorwiorwiorwiorwiorwiorwiorwiorwiorwiorwiorwiorwiorwiorwiorwiorwiorwiorwiorwiorwiorwiorwiorwiorwiorwiorwiorwiorwiorwiorwiorwiorwiorwiorwiorwiorwiorwiorwiorwiorwiorwiorwiorwiorwiorwiorwiorwiorwiorwiorwiorwiorwiorwiorwiorwiorwiorw	
       44311000	     22055	80001432	1ab64f93	xori	x31,x12,427	 x12:0x00000000 x31=0x000001ab
       44335000	     22067	80001436	062cec63	bltu	x25,x2,800014ae	 x25:0x00000000  x2:0xffffffff  x0=0x00000000
       44451000	     22125	800014ae	02ba63b3	rem	x7,x20,x11	 x20:0x00000000 x11:0x7ffd8008  x7=0x00000000
       44453000	     22126	800014b2	138bc613	xori	x12,x23,312	 x23:0x00000102 x12=0x0000003a
       44461000	     22130	800014b6	03f4b833	mulhu	x16,x9,x31	  x9:0x000f0d03 x31:0x000001ab x16=0x00000000
       44483000	     22141	800014ba	eda18193	addi	x3,x3,-294	  x3:0xffffffff  x3=0xfffffed9
       44485000	     22142	800014be	1830aa93	slti	x21,x1,387	  x1:0x00000001 x21=0x00000001
       44511000	     22155	800014c2	03bdab33	mulhsu	x22,x27,x27	 x27:0x800240e5 x27:0x800240e5 x22=0xc0000005
       44513000	     22156	800014c6	01bfcc33	xor	x24,x31,x27	 x31:0x000001ab x27:0x800240e5 x24=0x8002414e
       44515000	     22157	800014ca	00c01b93	slli	x23,x0,0xc	  x0:0x00000000 x23=0x00000000
       44519000	     22159	800014ce	c2d0a593	slti	x11,x1,-979	  x1:0x00000001 x11=0x00000000
       44543000	     22171	800014d2	053f1763	bne	x30,x19,80001520	 x30:0x00000001 x19:0x80027e7c  x0=0x00000000
       44611000	     22205	80001520	017ed493	srli	x9,x29,0x17	 x29:0x000003f8  x9=0x00000000
       44653000	     22226	80001524	00de4863	blt	x28,x13,80001534	 x28:0x00000001 x13:0x80027c54  x0=0x00000000
       44657000	     22228	80001528	02b61c63	bne	x12,x11,80001560	 x12:0x0000003a x11:0x00000000  x0=0x00000000
       44701000	     22250	80001560	02026fb3	rem	x31,x4,x0	  x4:0xd2e801e2  x0:0x00000000 x31=0xd2e801e2
       44775000	     22287	80001564	023d73b3	remu	x7,x26,x3	 x26:0x00000000  x3:0xfffffed9  x7=0x00000000
       44849000	     22324	80001568	02e350b3	divu	x1,x6,x14	  x6:0x00000000 x14:0x0000003f  x1=0x00000000
       44857000	     22328	8000156c	03b994b3	mulh	x9,x19,x27	 x19:0x80027e7c x27:0x800240e5  x9=0x3ffda055
       44859000	     22329	80001570	0001	c.addi	x0,0	  x0:0x00000000  x0=0x00000000
       44887000	     22343	80001572	01cc4f33	xor	x30,x24,x28	 x24:0x8002414e x28:0x00000001 x30=0x8002414f
       44899000	     22349	80001576	01ba1913	slli	x18,x20,0x1b	 x20:0x00000000 x18=0x00000000
       44901000	     22350	8000157a	0001	c.addi	x0,0	  x0:0x00000000  x0=0x00000000
       44941000	     22370	8000157c	e67cb713	sltiu	x14,x25,-409	 x25:0x00000000 x14=0x00000001
       44947000	     22373	80001580	236a3797	auipc	x15,0x236a3	 x15=0xa36a4580
       44961000	     22380	80001584	d6743a93	sltiu	x21,x8,-665	  x8:0xed6c669a x21=0x00000001
       45003000	     22401	80001588	00685a93	srli	x21,x16,0x6	 x16:0x00000000 x21=0x00000000
       45045000	     22422	8000158c	046f5163	bge	x30,x6,800015ce	 x30:0x8002414f  x6:0x00000000  x0=0x00000000
       45047000	     22423	80001590	0001	c.addi	x0,0	  x0:0x00000000  x0=0x00000000
       45049000	     22424	80001592	009bd013	srli	x0,x23,0x9	 x23:0x00000000  x0=0x00000000
       45079000	     22439	80001596	04978263	beq	x15,x9,800015da	 x15:0xa36a4580  x9:0x3ffda055  x0=0x00000000
       45085000	     22442	8000159a	032a05b3	mul	x11,x20,x18	 x20:0x00000000 x18:0x00000000 x11=0x00000000
       45093000	     22446	8000159e	021a96b3	mulh	x13,x21,x1	 x21:0x00000000  x1:0x00000000 x13=0x00000000
       45095000	     22447	800015a2	01f0de93	srli	x29,x1,0x1f	  x1:0x00000000 x29=0x00000000
       45157000	     22478	800015a6	417cd1b3	sra	x3,x25,x23	 x25:0x00000000 x23:0x00000000  x3=0x00000000
       45203000	     22501	800015aa	036f00b3	mul	x1,x30,x22	 x30:0x8002414f x22:0xc0000005  x1=0xc00b468b
       45219000	     22509	800015ae	1c16f493	andi	x9,x13,449	 x13:0x00000000  x9=0x00000000
       45239000	     22519	800015b2	02edadb3	mulhsu	x27,x27,x14	 x27:0x800240e5 x14:0x00000001 x27=0xffffffff
       45247000	     22523	800015b6	02592833	mulhsu	x16,x18,x5	 x18:0x00000000  x5:0x80023e1c x16=0x00000000
       45321000	     22560	800015ba	03bfd7b3	divu	x15,x31,x27	 x31:0xd2e801e2 x27:0xffffffff x15=0x00000000
       45323000	     22561	800015be	c8458213	addi	x4,x11,-892	 x11:0x00000000  x4=0xfffffc84
       45331000	     22565	800015c2	02d02533	mulhsu	x10,x0,x13	  x0:0x00000000 x13:0x00000000 x10=0x00000000
       45349000	     22574	800015c6	01345033	srl	x0,x8,x19	  x8:0xed6c669a x19:0x80027e7c  x0=0x00000000
       45365000	     22582	800015ca	03dfd433	divu	x8,x31,x29	 x31:0xd2e801e2 x29:0x00000000  x8=0xffffffff
       45367000	     22583	800015ce	3155c713	xori	x14,x11,789	 x11:0x00000000 x14=0x00000315
       45387000	     22593	800015d2	da2c7b13	andi	x22,x24,-606	 x24:0x8002414e x22=0x80024102
       45399000	     22599	800015d6	004d0033	add	x0,x26,x4	 x26:0x00000000  x4:0xfffffc84  x0=0x00000000
       45403000	     22601	800015da	e276c593	xori	x11,x13,-473	 x13:0x00000000 x11=0xfffffe27
       45431000	     22615	800015de	034995b3	mulh	x11,x19,x20	 x19:0x80027e7c x20:0x00000000 x11=0x00000000
       45433000	     22616	800015e2	97dbd0b7	lui	x1,0x97dbd	  x1=0x97dbd000
       45453000	     22626	800015e6	03d461b3	rem	x3,x8,x29	  x8:0xffffffff x29:0x00000000  x3=0xffffffff
       45455000	     22627	800015ea	01e99cb3	sll	x25,x19,x30	 x19:0x80027e7c x30:0x8002414f x25=0x3f3e0000
       45481000	     22640	800015ee	03909db3	mulh	x27,x1,x25	  x1:0x97dbd000 x25:0x3f3e0000 x27=0xe645df6c
       45489000	     22644	800015f2	026b4933	div	x18,x22,x6	 x22:0x80024102  x6:0x00000000 x18=0xffffffff
       45505000	     22652	800015f6	0145aeb3	slt	x29,x11,x20	 x11:0x00000000 x20:0x00000000 x29=0x00000000
       45529000	     22664	800015fa	01e16b33	or	x22,x2,x30	  x2:0xffffffff x30:0x8002414f x22=0xffffffff
       45537000	     22668	800015fe	02178e63	beq	x15,x1,8000163a	 x15:0x00000000  x1:0x97dbd000  x0=0x00000000
       45547000	     22673	80001602	015b45b3	xor	x11,x22,x21	 x22:0xffffffff x21:0x00000000 x11=0xffffffff
       45579000	     22689	80001606	01cd7a33	and	x20,x26,x28	 x26:0x00000000 x28:0x00000001 x20=0x00000000
       45583000	     22691	8000160a	02f7f663	bgeu	x15,x15,80001636	 x15:0x00000000 x15:0x00000000  x0=0x00000000
       45655000	     22727	80001636	0425f063	bgeu	x11,x2,80001676	 x11:0xffffffff  x2:0xffffffff  x0=0x00000000
       45737000	     22768	80001676	00e89e33	sll	x28,x17,x14	 x17:0xfffffd01 x14:0x00000315 x28=0xa0200000
       45749000	     22774	8000167a	015adab3	srl	x21,x21,x21	 x21:0x00000000 x21:0x00000000 x21=0x00000000
       45757000	     22778	8000167e	02611f33	mulh	x30,x2,x6	  x2:0xffffffff  x6:0x00000000 x30=0x00000000
       45793000	     22796	80001682	036db733	mulhu	x14,x27,x22	 x27:0xe645df6c x22:0xffffffff x14=0xe645df6b
       45901000	     22850	80001686	03b6ee33	rem	x28,x13,x27	 x13:0x00000000 x27:0xe645df6c x28=0x00000000
       45903000	     22851	8000168a	22155f97	auipc	x31,0x22155	 x31=0xa215668a
       45905000	     22852	8000168e	40525233	sra	x4,x4,x5	  x4:0xfffffc84  x5:0x80023e1c  x4=0xffffffff
       45947000	     22873	80001692	60091517	auipc	x10,0x60091	 x10=0xe0092692
       45951000	     22875	80001696	d91e8793	addi	x15,x29,-623	 x29:0x00000000 x15=0xfffffd91
       45963000	     22881	8000169a	030d9133	mulh	x2,x27,x16	 x27:0xe645df6c x16:0x00000000  x2=0x00000000
       45975000	     22887	8000169e	8cfce3b7	lui	x7,0x8cfce	  x7=0x8cfce000
       45997000	     22898	800016a2	40c9d713	srai	x14,x19,0xc	 x19:0x80027e7c x14=0xfff80027
       45999000	     22899	800016a6	ce2f8113	addi	x2,x31,-798	 x31:0xa215668a  x2=0xa215636c
       46013000	     22906	800016aa	03458563	beq	x11,x20,800016d4	 x11:0xffffffff x20:0x00000000  x0=0x00000000
       46031000	     22915	800016ae	01480e33	add	x28,x16,x20	 x16:0x00000000 x20:0x00000000 x28=0x00000000
       46037000	     22918	800016b2	414f8eb3	sub	x29,x31,x20	 x31:0xa215668a x20:0x00000000 x29=0xa215668a
       46039000	     22919	800016b6	0001	c.addi	x0,0	  x0:0x00000000  x0=0x00000000
       46147000	     22973	800016b8	03b8f833	remu	x16,x17,x27	 x17:0xfffffd01 x27:0xe645df6c x16=0x19ba1d95
       46149000	     22974	800016bc	0035e4b3	or	x9,x11,x3	 x11:0xffffffff  x3:0xffffffff  x9=0xffffffff
       46231000	     23015	800016c0	03375ab3	divu	x21,x14,x19	 x14:0xfff80027 x19:0x80027e7c x21=0x00000001
       46233000	     23016	800016c4	41515133	sra	x2,x2,x21	  x2:0xa215636c x21:0x00000001  x2=0xd10ab1b6
       46235000	     23017	800016c8	00ad1c93	slli	x25,x26,0xa	 x26:0x00000000 x25=0x00000000
       46237000	     23018	800016cc	01941db3	sll	x27,x8,x25	  x8:0xffffffff x25:0x00000000 x27=0xffffffff
       46257000	     23028	800016d0	01098863	beq	x19,x16,800016e0	 x19:0x80027e7c x16:0x19ba1d95  x0=0x00000000
       46265000	     23032	800016d4	00a3d493	srli	x9,x7,0xa	  x7:0x8cfce000  x9=0x00233f38
       46267000	     23033	800016d8	7d6ffa97	auipc	x21,0x7d6ff	 x21=0xfd7006d8
       46283000	     23041	800016dc	0001	c.addi	x0,0	  x0:0x00000000  x0=0x00000000
       46285000	     23042	800016de	0001	c.addi	x0,0	  x0:0x00000000  x0=0x00000000
       46291000	     23045	800016e0	069b7263	bgeu	x22,x9,80001744	 x22:0xffffffff  x9:0x00233f38  x0=0x00000000
       46297000	     23048	800016e4	0770c363	blt	x1,x23,8000174a	  x1:0x97dbd000 x23:0x00000000  x0=0x00000000
       46361000	     23080	8000174a	fd80eb93	ori	x23,x1,-40	  x1:0x97dbd000 x23=0xffffffd8
       46363000	     23081	8000174e	4185	c.li	x3,1	  x3=0x00000001
       46365000	     23082	80001750	00000073	ecall	
       46397000	     23098	80013000	0800006f	jal	x0,80013080	  x0=0x00000000
       46425000	     23112	80013080	f8428293	addi	x5,x5,-124	  x5:0x80023e1c  x5=0x80023da0
       46455000	     23127	80013084	0012a223	sw	x1,4(x5)	  x5:0x80023da0  x1:0x97dbd000 PA:0x80023da4 store:0x97dbd000 load:0x97dbd000
       46477000	     23138	80013088	0022a423	sw	x2,8(x5)	  x5:0x80023da0  x2:0xd10ab1b6 PA:0x80023da8 store:0xd10ab1b6 load:0xd10ab1b6
       46501000	     23150	8001308c	0032a623	sw	x3,12(x5)	  x5:0x80023da0  x3:0x00000001 PA:0x80023dac store:0x00000001 load:0x00000001
       46539000	     23169	80013090	0042a823	sw	x4,16(x5)	  x5:0x80023da0  x4:0xffffffff PA:0x80023db0 store:0xffffffff load:0xffffffff
       46567000	     23183	80013094	0052aa23	sw	x5,20(x5)	  x5:0x80023da0  x5:0x80023da0 PA:0x80023db4 store:0x80023da0 load:0x80023da0
       46579000	     23189	80013098	0062ac23	sw	x6,24(x5)	  x5:0x80023da0  x6:0x00000000 PA:0x80023db8 store:0x00000000 load:0x00000000
       46593000	     23196	8001309c	0072ae23	sw	x7,28(x5)	  x5:0x80023da0  x7:0x8cfce000 PA:0x80023dbc store:0x8cfce000 load:0x8cfce000
       46603000	     23201	800130a0	0282a023	sw	x8,32(x5)	  x5:0x80023da0  x8:0xffffffff PA:0x80023dc0 store:0xffffffff load:0xffffffff
       46657000	     23228	800130a4	0292a223	sw	x9,36(x5)	  x5:0x80023da0  x9:0x00233f38 PA:0x80023dc4 store:0x00233f38 load:0x00233f38
       46687000	     23243	800130a8	02a2a423	sw	x10,40(x5)	  x5:0x80023da0 x10:0xe0092692 PA:0x80023dc8 store:0xe0092692 load:0xe0092692
       46735000	     23267	800130ac	02b2a623	sw	x11,44(x5)	  x5:0x80023da0 x11:0xffffffff PA:0x80023dcc store:0xffffffff load:0xffffffff
       46775000	     23287	800130b0	02c2a823	sw	x12,48(x5)	  x5:0x80023da0 x12:0x0000003a PA:0x80023dd0 store:0x0000003a load:0x0000003a
       46793000	     23296	800130b4	02d2aa23	sw	x13,52(x5)	  x5:0x80023da0 x13:0x00000000 PA:0x80023dd4 store:0x00000000 load:0x00000000
       46801000	     23300	800130b8	02e2ac23	sw	x14,56(x5)	  x5:0x80023da0 x14:0xfff80027 PA:0x80023dd8 store:0xfff80027 load:0xfff80027
       46843000	     23321	800130bc	02f2ae23	sw	x15,60(x5)	  x5:0x80023da0 x15:0xfffffd91 PA:0x80023ddc store:0xfffffd91 load:0xfffffd91
       46889000	     23344	800130c0	0502a023	sw	x16,64(x5)	  x5:0x80023da0 x16:0x19ba1d95 PA:0x80023de0 store:0x19ba1d95 load:0x19ba1d95
       46929000	     23364	800130c4	0512a223	sw	x17,68(x5)	  x5:0x80023da0 x17:0xfffffd01 PA:0x80023de4 store:0xfffffd01 load:0xfffffd01
       46943000	     23371	800130c8	0522a423	sw	x18,72(x5)	  x5:0x80023da0 x18:0xffffffff PA:0x80023de8 store:0xffffffff load:0xffffffff
       46957000	     23378	800130cc	0532a623	sw	x19,76(x5)	  x5:0x80023da0 x19:0x80027e7c PA:0x80023dec store:0x80027e7c load:0x80027e7c
       46981000	     23390	800130d0	0542a823	sw	x20,80(x5)	  x5:0x80023da0 x20:0x00000000 PA:0x80023df0 store:0x00000000 load:0x00000000
       46985000	     23392	800130d4	0552aa23	sw	x21,84(x5)	  x5:0x80023da0 x21:0xfd7006d8 PA:0x80023df4 store:0xfd7006d8 load:0xfd7006d8
       46999000	     23399	800130d8	0562ac23	sw	x22,88(x5)	  x5:0x80023da0 x22:0xffffffff PA:0x80023df8 store:0xffffffff load:0xffffffff
       47029000	     23414	800130dc	0572ae23	sw	x23,92(x5)	  x5:0x80023da0 x23:0xffffffd8 PA:0x80023dfc store:0xffffffd8 load:0xffffffd8
       47059000	     23429	800130e0	0782a023	sw	x24,96(x5)	  x5:0x80023da0 x24:0x8002414e PA:0x80023e00 store:0x8002414e load:0x8002414e
       47079000	     23439	800130e4	0792a223	sw	x25,100(x5)	  x5:0x80023da0 x25:0x00000000 PA:0x80023e04 store:0x00000000 load:0x00000000
       47083000	     23441	800130e8	07a2a423	sw	x26,104(x5)	  x5:0x80023da0 x26:0x00000000 PA:0x80023e08 store:0x00000000 load:0x00000000
       47107000	     23453	800130ec	07b2a623	sw	x27,108(x5)	  x5:0x80023da0 x27:0xffffffff PA:0x80023e0c store:0xffffffff load:0xffffffff
       47127000	     23463	800130f0	07c2a823	sw	x28,112(x5)	  x5:0x80023da0 x28:0x00000000 PA:0x80023e10 store:0x00000000 load:0x00000000
       47151000	     23475	800130f4	07d2aa23	sw	x29,116(x5)	  x5:0x80023da0 x29:0xa215668a PA:0x80023e14 store:0xa215668a load:0xa215668a
       47173000	     23486	800130f8	07e2ac23	sw	x30,120(x5)	  x5:0x80023da0 x30:0x00000000 PA:0x80023e18 store:0x00000000 load:0x00000000
       47219000	     23509	800130fc	07f2ae23	sw	x31,124(x5)	  x5:0x80023da0 x31:0xa215668a PA:0x80023e1c store:0xa215668a load:0xa215668a
       47221000	     23510	80013100	34102b73	csrrs	x22,mepc,x0	  x0:0x00000000 x22=0x80001750
       47223000	     23511	80013104	34202b73	csrrs	x22,mcause,x0	  x0:0x00000000 x22=0x00000008
       47225000	     23512	80013108	00300413	addi	x8,x0,3	  x0:0x00000000  x8=0x00000003
       47227000	     23513	8001310c	048b0e63	beq	x22,x8,80013168	 x22:0x00000008  x8:0x00000003  x0=0x00000000
       47269000	     23534	80013110	00800413	addi	x8,x0,8	  x0:0x00000000  x8=0x00000008
       47285000	     23542	80013114	0e8b0263	beq	x22,x8,800131f8	 x22:0x00000008  x8:0x00000008  x0=0x00000000
       47311000	     23555	800131f8	fffedb17	auipc	x22,0xfffed	 x22=0x800001f8
       47349000	     23574	800131fc	e88b0b13	addi	x22,x22,-376	 x22:0x800001f8 x22=0x80000080
       47399000	     23599	80013200	000b2023	sw	x0,0(x22)	 x22:0x80000080  x0:0x00000000 PA:0x80000080 store:0x00000000 load:0x00000000
       47427000	     23613	80013204	001b2223	sw	x1,4(x22)	 x22:0x80000080  x1:0x97dbd000 PA:0x80000084 store:0x97dbd000 load:0x97dbd000
       47455000	     23627	80013208	002b2423	sw	x2,8(x22)	 x22:0x80000080  x2:0xd10ab1b6 PA:0x80000088 store:0xd10ab1b6 load:0xd10ab1b6
       47481000	     23640	8001320c	003b2623	sw	x3,12(x22)	 x22:0x80000080  x3:0x00000001 PA:0x8000008c store:0x00000001 load:0x00000001
       47513000	     23656	80013210	004b2823	sw	x4,16(x22)	 x22:0x80000080  x4:0xffffffff PA:0x80000090 store:0xffffffff load:0xffffffff
       47543000	     23671	80013214	005b2a23	sw	x5,20(x22)	 x22:0x80000080  x5:0x80023da0 PA:0x80000094 store:0x80023da0 load:0x80023da0
       47547000	     23673	80013218	006b2c23	sw	x6,24(x22)	 x22:0x80000080  x6:0x00000000 PA:0x80000098 store:0x00000000 load:0x00000000
       47569000	     23684	8001321c	007b2e23	sw	x7,28(x22)	 x22:0x80000080  x7:0x8cfce000 PA:0x8000009c store:0x8cfce000 load:0x8cfce000
       47593000	     23696	80013220	028b2023	sw	x8,32(x22)	 x22:0x80000080  x8:0x00000008 PA:0x800000a0 store:0x00000008 load:0x00000008
       47611000	     23705	80013224	029b2223	sw	x9,36(x22)	 x22:0x80000080  x9:0x00233f38 PA:0x800000a4 store:0x00233f38 load:0x00233f38
       47651000	     23725	80013228	02ab2423	sw	x10,40(x22)	 x22:0x80000080 x10:0xe0092692 PA:0x800000a8 store:0xe0092692 load:0xe0092692
       47673000	     23736	8001322c	02bb2623	sw	x11,44(x22)	 x22:0x80000080 x11:0xffffffff PA:0x800000ac store:0xffffffff load:0xffffffff
       47685000	     23742	80013230	02cb2823	sw	x12,48(x22)	 x22:0x80000080 x12:0x0000003a PA:0x800000b0 store:0x0000003a load:0x0000003a
       47709000	     23754	80013234	02db2a23	sw	x13,52(x22)	 x22:0x80000080 x13:0x00000000 PA:0x800000b4 store:0x00000000 load:0x00000000
       47713000	     23756	80013238	02eb2c23	sw	x14,56(x22)	 x22:0x80000080 x14:0xfff80027 PA:0x800000b8 store:0xfff80027 load:0xfff80027
       47747000	     23773	8001323c	02fb2e23	sw	x15,60(x22)	 x22:0x80000080 x15:0xfffffd91 PA:0x800000bc store:0xfffffd91 load:0xfffffd91
       47753000	     23776	80013240	050b2023	sw	x16,64(x22)	 x22:0x80000080 x16:0x19ba1d95 PA:0x800000c0 store:0x19ba1d95 load:0x19ba1d95
       47793000	     23796	80013244	051b2223	sw	x17,68(x22)	 x22:0x80000080 x17:0xfffffd01 PA:0x800000c4 store:0xfffffd01 load:0xfffffd01
       47819000	     23809	80013248	052b2423	sw	x18,72(x22)	 x22:0x80000080 x18:0xffffffff PA:0x800000c8 store:0xffffffff load:0xffffffff
       47891000	     23845	8001324c	053b2623	sw	x19,76(x22)	 x22:0x80000080 x19:0x80027e7c PA:0x800000cc store:0x80027e7c load:0x80027e7c
       47897000	     23848	80013250	054b2823	sw	x20,80(x22)	 x22:0x80000080 x20:0x00000000 PA:0x800000d0 store:0x00000000 load:0x00000000
       47933000	     23866	80013254	055b2a23	sw	x21,84(x22)	 x22:0x80000080 x21:0xfd7006d8 PA:0x800000d4 store:0xfd7006d8 load:0xfd7006d8
       47937000	     23868	80013258	056b2c23	sw	x22,88(x22)	 x22:0x80000080 x22:0x80000080 PA:0x800000d8 store:0x80000080 load:0x80000080
       48001000	     23900	8001325c	057b2e23	sw	x23,92(x22)	 x22:0x80000080 x23:0xffffffd8 PA:0x800000dc store:0xffffffd8 load:0xffffffd8
       48037000	     23918	80013260	078b2023	sw	x24,96(x22)	 x22:0x80000080 x24:0x8002414e PA:0x800000e0 store:0x8002414e load:0x8002414e
       48073000	     23936	80013264	079b2223	sw	x25,100(x22)	 x22:0x80000080 x25:0x00000000 PA:0x800000e4 store:0x00000000 load:0x00000000
       48103000	     23951	80013268	07ab2423	sw	x26,104(x22)	 x22:0x80000080 x26:0x00000000 PA:0x800000e8 store:0x00000000 load:0x00000000
       48107000	     23953	8001326c	07bb2623	sw	x27,108(x22)	 x22:0x80000080 x27:0xffffffff PA:0x800000ec store:0xffffffff load:0xffffffff
       48111000	     23955	80013270	07cb2823	sw	x28,112(x22)	 x22:0x80000080 x28:0x00000000 PA:0x800000f0 store:0x00000000 load:0x00000000
       48219000	     24009	80013274	07db2a23	sw	x29,116(x22)	 x22:0x80000080 x29:0xa215668a PA:0x800000f4 store:0xa215668a load:0xa215668a
       48263000	     24031	80013278	07eb2c23	sw	x30,120(x22)	 x22:0x80000080 x30:0x00000000 PA:0x800000f8 store:0x00000000 load:0x00000000
       48311000	     24055	8001327c	07fb2e23	sw	x31,124(x22)	 x22:0x80000080 x31:0xa215668a PA:0x800000fc store:0xa215668a load:0xa215668a
       48315000	     24057	80013280	a7efe06f	jal	x0,800114fe	  x0=0x00000000
       48331000	     24065	800114fe	00004f17	auipc	x30,0x4	 x30=0x800154fe
       48359000	     24079	80011502	b03f2123	sw	x3,-1278(x30)	 x30:0x800154fe  x3:0x00000001 PA:0x80015000 store:0x00000001 load:0x00000001
       48363000	     24081	80011506	bfe5	c.j	800114fe	
       48421000	     24110	800114fe	00004f17	auipc	x30,0x4	 x30=0x800154fe
       48441000	     24120	80011502	b03f2123	sw	x3,-1278(x30)	 x30:0x800154fe  x3:0x00000001 PA:0x80015000 store:0x00000001 load:0x00000001
       48445000	     24122	80011506	bfe5	c.j	800114fe	
       48519000	     24159	800114fe	00004f17	auipc	x30,0x4	 x30=0x800154fe
       48525000	     24162	80011502	b03f2123	sw	x3,-1278(x30)	 x30:0x800154fe  x3:0x00000001 PA:0x80015000 store:0x00000001 load:0x00000001
       48529000	     24164	80011506	bfe5	c.j	800114fe	
       48599000	     24199	800114fe	00004f17	auipc	x30,0x4	 x30=0x800154fe
       48665000	     24232	80011502	b03f2123	sw	x3,-1278(x30)	 x30:0x800154fe  x3:0x00000001 PA:0x80015000 store:0x00000001 load:0x00000001
       48669000	     24234	80011506	bfe5	c.j	800114fe	
       48749000	     24274	800114fe	00004f17	auipc	x30,0x4	 x30=0x800154fe
       48781000	     24290	80011502	b03f2123	sw	x3,-1278(x30)	 x30:0x800154fe  x3:0x00000001 PA:0x80015000 store:0x00000001 load:0x00000001
       48785000	     24292	80011506	bfe5	c.j	800114fe	
       48819000	     24309	800114fe	00004f17	auipc	x30,0x4	 x30=0x800154fe
       48875000	     24337	80011502	b03f2123	sw	x3,-1278(x30)	 x30:0x800154fe  x3:0x00000001 PA:0x80015000 store:0x00000001 load:0x00000001
       48879000	     24339	80011506	bfe5	c.j	800114fe	
       48923000	     24361	800114fe	00004f17	auipc	x30,0x4	 x30=0x800154fe
       48971000	     24385	80011502	b03f2123	sw	x3,-1278(x30)	 x30:0x800154fe  x3:0x00000001 PA:0x80015000 store:0x00000001 load:0x00000001
       48975000	     24387	80011506	bfe5	c.j	800114fe	
       49011000	     24405	800114fe	00004f17	auipc	x30,0x4	 x30=0x800154fe
       49035000	     24417	80011502	b03f2123	sw	x3,-1278(x30)	 x30:0x800154fe  x3:0x00000001 PA:0x80015000 store:0x00000001 load:0x00000001
       49039000	     24419	80011506	bfe5	c.j	800114fe	
       49079000	     24439	800114fe	00004f17	auipc	x30,0x4	 x30=0x800154fe
       49103000	     24451	80011502	b03f2123	sw	x3,-1278(x30)	 x30:0x800154fe  x3:0x00000001 PA:0x80015000 store:0x00000001 load:0x00000001
       49107000	     24453	80011506	bfe5	c.j	800114fe	
       49171000	     24485	800114fe	00004f17	auipc	x30,0x4	 x30=0x800154fe
       49189000	     24494	80011502	b03f2123	sw	x3,-1278(x30)	 x30:0x800154fe  x3:0x00000001 PA:0x80015000 store:0x00000001 load:0x00000001
       49193000	     24496	80011506	bfe5	c.j	800114fe	
       49267000	     24533	800114fe	00004f17	auipc	x30,0x4	 x30=0x800154fe
       49319000	     24559	80011502	b03f2123	sw	x3,-1278(x30)	 x30:0x800154fe  x3:0x00000001 PA:0x80015000 store:0x00000001 load:0x00000001
       49323000	     24561	80011506	bfe5	c.j	800114fe	
       49357000	     24578	800114fe	00004f17	auipc	x30,0x4	 x30=0x800154fe
       49389000	     24594	80011502	b03f2123	sw	x3,-1278(x30)	 x30:0x800154fe  x3:0x00000001 PA:0x80015000 store:0x00000001 load:0x00000001
       49393000	     24596	80011506	bfe5	c.j	800114fe	
       49469000	     24634	800114fe	00004f17	auipc	x30,0x4	 x30=0x800154fe
       49479000	     24639	80011502	b03f2123	sw	x3,-1278(x30)	 x30:0x800154fe  x3:0x00000001 PA:0x80015000 store:0x00000001 load:0x00000001
       49483000	     24641	80011506	bfe5	c.j	800114fe	
       49567000	     24683	800114fe	00004f17	auipc	x30,0x4	 x30=0x800154fe
       49607000	     24703	80011502	b03f2123	sw	x3,-1278(x30)	 x30:0x800154fe  x3:0x00000001 PA:0x80015000 store:0x00000001 load:0x00000001
       49611000	     24705	80011506	bfe5	c.j	800114fe	
       49635000	     24717	800114fe	00004f17	auipc	x30,0x4	 x30=0x800154fe
       49665000	     24732	80011502	b03f2123	sw	x3,-1278(x30)	 x30:0x800154fe  x3:0x00000001 PA:0x80015000 store:0x00000001 load:0x00000001
       49669000	     24734	80011506	bfe5	c.j	800114fe	
       49693000	     24746	800114fe	00004f17	auipc	x30,0x4	 x30=0x800154fe
       49735000	     24767	80011502	b03f2123	sw	x3,-1278(x30)	 x30:0x800154fe  x3:0x00000001 PA:0x80015000 store:0x00000001 load:0x00000001
       49739000	     24769	80011506	bfe5	c.j	800114fe	
       49805000	     24802	800114fe	00004f17	auipc	x30,0x4	 x30=0x800154fe
       49809000	     24804	80011502	b03f2123	sw	x3,-1278(x30)	 x30:0x800154fe  x3:0x00000001 PA:0x80015000 store:0x00000001 load:0x00000001
       49813000	     24806	80011506	bfe5	c.j	800114fe	
       49953000	     24876	800114fe	00004f17	auipc	x30,0x4	 x30=0x800154fe
       49993000	     24896	80011502	b03f2123	sw	x3,-1278(x30)	 x30:0x800154fe  x3:0x00000001 PA:0x80015000 store:0x00000001 load:0x00000001
       49997000	     24898	80011506	bfe5	c.j	800114fe	
       50049000	     24924	800114fe	00004f17	auipc	x30,0x4	 x30=0x800154fe
       50069000	     24934	80011502	b03f2123	sw	x3,-1278(x30)	 x30:0x800154fe  x3:0x00000001 PA:0x80015000 store:0x00000001 load:0x00000001
       50073000	     24936	80011506	bfe5	c.j	800114fe	
       50115000	     24957	800114fe	00004f17	auipc	x30,0x4	 x30=0x800154fe
       50183000	     24991	80011502	b03f2123	sw	x3,-1278(x30)	 x30:0x800154fe  x3:0x00000001 PA:0x80015000 store:0x00000001 load:0x00000001
       50187000	     24993	80011506	bfe5	c.j	800114fe	
       50223000	     25011	800114fe	00004f17	auipc	x30,0x4	 x30=0x800154fe
       50269000	     25034	80011502	b03f2123	sw	x3,-1278(x30)	 x30:0x800154fe  x3:0x00000001 PA:0x80015000 store:0x00000001 load:0x00000001
       50273000	     25036	80011506	bfe5	c.j	800114fe	
       50335000	     25067	800114fe	00004f17	auipc	x30,0x4	 x30=0x800154fe
       50407000	     25103	80011502	b03f2123	sw	x3,-1278(x30)	 x30:0x800154fe  x3:0x00000001 PA:0x80015000 store:0x00000001 load:0x00000001
       50411000	     25105	80011506	bfe5	c.j	800114fe	
       50469000	     25134	800114fe	00004f17	auipc	x30,0x4	 x30=0x800154fe
       50545000	     25172	80011502	b03f2123	sw	x3,-1278(x30)	 x30:0x800154fe  x3:0x00000001 PA:0x80015000 store:0x00000001 load:0x00000001
       50549000	     25174	80011506	bfe5	c.j	800114fe	
       50603000	     25201	800114fe	00004f17	auipc	x30,0x4	 x30=0x800154fe
       50653000	     25226	80011502	b03f2123	sw	x3,-1278(x30)	 x30:0x800154fe  x3:0x00000001 PA:0x80015000 store:0x00000001 load:0x00000001
       50657000	     25228	80011506	bfe5	c.j	800114fe	
       50683000	     25241	800114fe	00004f17	auipc	x30,0x4	 x30=0x800154fe
       50699000	     25249	80011502	b03f2123	sw	x3,-1278(x30)	 x30:0x800154fe  x3:0x00000001 PA:0x80015000 store:0x00000001 load:0x00000001
       50703000	     25251	80011506	bfe5	c.j	800114fe	
       50773000	     25286	800114fe	00004f17	auipc	x30,0x4	 x30=0x800154fe
       50799000	     25299	80011502	b03f2123	sw	x3,-1278(x30)	 x30:0x800154fe  x3:0x00000001 PA:0x80015000 store:0x00000001 load:0x00000001
       50803000	     25301	80011506	bfe5	c.j	800114fe	
       50899000	     25349	800114fe	00004f17	auipc	x30,0x4	 x30=0x800154fe
       50947000	     25373	80011502	b03f2123	sw	x3,-1278(x30)	 x30:0x800154fe  x3:0x00000001 PA:0x80015000 store:0x00000001 load:0x00000001
       50951000	     25375	80011506	bfe5	c.j	800114fe	
       51011000	     25405	800114fe	00004f17	auipc	x30,0x4	 x30=0x800154fe
       51015000	     25407	80011502	b03f2123	sw	x3,-1278(x30)	 x30:0x800154fe  x3:0x00000001 PA:0x80015000 store:0x00000001 load:0x00000001
       51019000	     25409	80011506	bfe5	c.j	800114fe	
       51039000	     25419	800114fe	00004f17	auipc	x30,0x4	 x30=0x800154fe
       51079000	     25439	80011502	b03f2123	sw	x3,-1278(x30)	 x30:0x800154fe  x3:0x00000001 PA:0x80015000 store:0x00000001 load:0x00000001
       51083000	     25441	80011506	bfe5	c.j	800114fe	
       51127000	     25463	800114fe	00004f17	auipc	x30,0x4	 x30=0x800154fe
       51159000	     25479	80011502	b03f2123	sw	x3,-1278(x30)	 x30:0x800154fe  x3:0x00000001 PA:0x80015000 store:0x00000001 load:0x00000001
       51163000	     25481	80011506	bfe5	c.j	800114fe	
       51239000	     25519	800114fe	00004f17	auipc	x30,0x4	 x30=0x800154fe
       51263000	     25531	80011502	b03f2123	sw	x3,-1278(x30)	 x30:0x800154fe  x3:0x00000001 PA:0x80015000 store:0x00000001 load:0x00000001
       51267000	     25533	80011506	bfe5	c.j	800114fe	
       51303000	     25551	800114fe	00004f17	auipc	x30,0x4	 x30=0x800154fe
       51367000	     25583	80011502	b03f2123	sw	x3,-1278(x30)	 x30:0x800154fe  x3:0x00000001 PA:0x80015000 store:0x00000001 load:0x00000001
       51371000	     25585	80011506	bfe5	c.j	800114fe	
       51389000	     25594	800114fe	00004f17	auipc	x30,0x4	 x30=0x800154fe
       51427000	     25613	80011502	b03f2123	sw	x3,-1278(x30)	 x30:0x800154fe  x3:0x00000001 PA:0x80015000 store:0x00000001 load:0x00000001
       51431000	     25615	80011506	bfe5	c.j	800114fe	
       51521000	     25660	800114fe	00004f17	auipc	x30,0x4	 x30=0x800154fe
       51545000	     25672	80011502	b03f2123	sw	x3,-1278(x30)	 x30:0x800154fe  x3:0x00000001 PA:0x80015000 store:0x00000001 load:0x00000001
       51549000	     25674	80011506	bfe5	c.j	800114fe	
       51575000	     25687	800114fe	00004f17	auipc	x30,0x4	 x30=0x800154fe
       51647000	     25723	80011502	b03f2123	sw	x3,-1278(x30)	 x30:0x800154fe  x3:0x00000001 PA:0x80015000 store:0x00000001 load:0x00000001
       51651000	     25725	80011506	bfe5	c.j	800114fe	
       51677000	     25738	800114fe	00004f17	auipc	x30,0x4	 x30=0x800154fe
       51687000	     25743	80011502	b03f2123	sw	x3,-1278(x30)	 x30:0x800154fe  x3:0x00000001 PA:0x80015000 store:0x00000001 load:0x00000001
       51691000	     25745	80011506	bfe5	c.j	800114fe	
       51705000	     25752	800114fe	00004f17	auipc	x30,0x4	 x30=0x800154fe
       51735000	     25767	80011502	b03f2123	sw	x3,-1278(x30)	 x30:0x800154fe  x3:0x00000001 PA:0x80015000 store:0x00000001 load:0x00000001
       51739000	     25769	80011506	bfe5	c.j	800114fe	
       51835000	     25817	800114fe	00004f17	auipc	x30,0x4	 x30=0x800154fe
       51881000	     25840	80011502	b03f2123	sw	x3,-1278(x30)	 x30:0x800154fe  x3:0x00000001 PA:0x80015000 store:0x00000001 load:0x00000001
       51885000	     25842	80011506	bfe5	c.j	800114fe	
       51921000	     25860	800114fe	00004f17	auipc	x30,0x4	 x30=0x800154fe
       51997000	     25898	80011502	b03f2123	sw	x3,-1278(x30)	 x30:0x800154fe  x3:0x00000001 PA:0x80015000 store:0x00000001 load:0x00000001
       52001000	     25900	80011506	bfe5	c.j	800114fe	
       52035000	     25917	800114fe	00004f17	auipc	x30,0x4	 x30=0x800154fe
       52081000	     25940	80011502	b03f2123	sw	x3,-1278(x30)	 x30:0x800154fe  x3:0x00000001 PA:0x80015000 store:0x00000001 load:0x00000001
       52085000	     25942	80011506	bfe5	c.j	800114fe	
       52109000	     25954	800114fe	00004f17	auipc	x30,0x4	 x30=0x800154fe
       52137000	     25968	80011502	b03f2123	sw	x3,-1278(x30)	 x30:0x800154fe  x3:0x00000001 PA:0x80015000 store:0x00000001 load:0x00000001
       52141000	     25970	80011506	bfe5	c.j	800114fe	
       52223000	     26011	800114fe	00004f17	auipc	x30,0x4	 x30=0x800154fe
       52245000	     26022	80011502	b03f2123	sw	x3,-1278(x30)	 x30:0x800154fe  x3:0x00000001 PA:0x80015000 store:0x00000001 load:0x00000001
       52249000	     26024	80011506	bfe5	c.j	800114fe	
       52313000	     26056	800114fe	00004f17	auipc	x30,0x4	 x30=0x800154fe
       52351000	     26075	80011502	b03f2123	sw	x3,-1278(x30)	 x30:0x800154fe  x3:0x00000001 PA:0x80015000 store:0x00000001 load:0x00000001
       52355000	     26077	80011506	bfe5	c.j	800114fe	
