Time	Cycle	PC	Insn	Decoded instruction	Register and memory contents
         229000	        14	80000080	00000013	addi	x0,x0,0	  x0:0x00000000  x0=0x00000000
         251000	        25	80000084	4081	c.li	x1,0	  x1=0x00000000
         253000	        26	80000086	5296a137	lui	x2,0x5296a	  x2=0x5296a000
         275000	        37	8000008a	ec010113	addi	x2,x2,-320	  x2:0x5296a000  x2=0x52969ec0
         277000	        38	8000008e	4181	c.li	x3,0	  x3=0x00000000
         295000	        47	80000090	4201	c.li	x4,0	  x4=0x00000000
         297000	        48	80000092	f08252b7	lui	x5,0xf0825	  x5=0xf0825000
         319000	        59	80000096	d1028293	addi	x5,x5,-752	  x5:0xf0825000  x5=0xf0824d10
         321000	        60	8000009a	4301	c.li	x6,0	  x6=0x00000000
         323000	        61	8000009c	ffe243b7	lui	x7,0xffe24	  x7=0xffe24000
         325000	        62	800000a0	19038393	addi	x7,x7,400	  x7:0xffe24000  x7=0xffe24190
         359000	        79	800000a4	9e6b0437	lui	x8,0x9e6b0	  x8=0x9e6b0000
         377000	        88	800000a8	9cd40413	addi	x8,x8,-1587	  x8:0x9e6b0000  x8=0x9e6af9cd
         411000	       105	800000ac	800004b7	lui	x9,0x80000	  x9=0x80000000
         413000	       106	800000b0	ff24d537	lui	x10,0xff24d	 x10=0xff24d000
         429000	       114	800000b4	9b450513	addi	x10,x10,-1612	 x10:0xff24d000 x10=0xff24c9b4
         447000	       123	800000b8	221c65b7	lui	x11,0x221c6	 x11=0x221c6000
         463000	       131	800000bc	e0758593	addi	x11,x11,-505	 x11:0x221c6000 x11=0x221c5e07
         497000	       148	800000c0	fcb0e637	lui	x12,0xfcb0e	 x12=0xfcb0e000
         499000	       149	800000c4	e0560613	addi	x12,x12,-507	 x12:0xfcb0e000 x12=0xfcb0de05
         543000	       171	800000c8	800006b7	lui	x13,0x80000	 x13=0x80000000
         545000	       172	800000cc	4701	c.li	x14,0	 x14=0x00000000
         583000	       191	800000ce	fa1187b7	lui	x15,0xfa118	 x15=0xfa118000
         585000	       192	800000d2	12e78793	addi	x15,x15,302	 x15:0xfa118000 x15=0xfa11812e
         609000	       204	800000d6	19fae837	lui	x16,0x19fae	 x16=0x19fae000
         631000	       215	800000da	0a780813	addi	x16,x16,167	 x16:0x19fae000 x16=0x19fae0a7
         641000	       220	800000de	800008b7	lui	x17,0x80000	 x17=0x80000000
         691000	       245	800000e2	46486937	lui	x18,0x46486	 x18=0x46486000
         733000	       266	800000e6	95690913	addi	x18,x18,-1706	 x18:0x46486000 x18=0x46485956
         735000	       267	800000ea	499d	c.li	x19,7	 x19=0x00000007
         741000	       270	800000ec	f4b95a37	lui	x20,0xf4b95	 x20=0xf4b95000
         749000	       274	800000f0	f69a0a13	addi	x20,x20,-151	 x20:0xf4b95000 x20=0xf4b94f69
         765000	       282	800000f4	49648ab7	lui	x21,0x49648	 x21=0x49648000
         801000	       300	800000f8	224a8a93	addi	x21,x21,548	 x21:0x49648000 x21=0x49648224
         803000	       301	800000fc	4b15	c.li	x22,5	 x22=0x00000005
         805000	       302	800000fe	38026bb7	lui	x23,0x38026	 x23=0x38026000
         831000	       315	80000102	492b8b93	addi	x23,x23,1170	 x23:0x38026000 x23=0x38026492
         833000	       316	80000106	4c21	c.li	x24,8	 x24=0x00000008
         865000	       332	80000108	4c81	c.li	x25,0	 x25=0x00000000
         875000	       337	8000010a	80000d37	lui	x26,0x80000	 x26=0x80000000
         915000	       357	8000010e	80000db7	lui	x27,0x80000	 x27=0x80000000
         917000	       358	80000112	4e01	c.li	x28,0	 x28=0x00000000
         957000	       378	80000114	4e81	c.li	x29,0	 x29=0x00000000
         959000	       379	80000116	4f15	c.li	x30,5	 x30=0x00000005
         977000	       388	80000118	80000fb7	lui	x31,0x80000	 x31=0x80000000
         979000	       389	8000011c	40001b37	lui	x22,0x40001	 x22=0x40001000
        1001000	       400	80000120	104b0b13	addi	x22,x22,260	 x22:0x40001000 x22=0x40001104
        1027000	       413	80000124	301b1073	csrrw	x0,misa,x22	 x22:0x40001104  x0=0x00000000
        1043000	       421	80000128	0001d997	auipc	x19,0x1d	 x19=0x8001d128
        1055000	       427	8000012c	d5498993	addi	x19,x19,-684	 x19:0x8001d128 x19=0x8001ce7c
        1057000	       428	80000130	00008b17	auipc	x22,0x8	 x22=0x80008130
        1097000	       448	80000134	ed0b0b13	addi	x22,x22,-304	 x22:0x80008130 x22=0x80008000
        1099000	       449	80000138	001b6b13	ori	x22,x22,1	 x22:0x80008000 x22=0x80008001
        1121000	       460	8000013c	305b1073	csrrw	x0,mtvec,x22	 x22:0x80008001  x0=0x00000000
        1143000	       471	80000140	00000b17	auipc	x22,0x0	 x22=0x80000140
        1165000	       482	80000144	010b0b13	addi	x22,x22,16	 x22:0x80000140 x22=0x80000150
        1187000	       493	80000148	341b1073	csrrw	x0,mepc,x22	 x22:0x80000150  x0=0x00000000
        1203000	       501	8000014c	4b10406f	jal	x0,80004dfc	  x0=0x00000000
        1223000	       511	80004dfc	5e000b37	lui	x22,0x5e000	 x22=0x5e000000
        1271000	       535	80004e00	240b0b13	addi	x22,x22,576	 x22:0x5e000000 x22=0x5e000240
        1313000	       556	80004e04	300b1073	csrrw	x0,mstatus,x22	 x22:0x5e000240  x0=0x00000000
        1355000	       577	80004e08	c0bfbb37	lui	x22,0xc0bfb	 x22=0xc0bfb000
        1357000	       578	80004e0c	444b0b13	addi	x22,x22,1092	 x22:0xc0bfb000 x22=0xc0bfb444
        1359000	       579	80004e10	304b1073	csrrw	x0,mie,x22	 x22:0xc0bfb444  x0=0x00000000
        1365000	       582	80004e14	90000437	lui	x8,0x90000	  x8=0x90000000
        1423000	       611	80004e18	ffc40413	addi	x8,x8,-4	  x8:0x90000000  x8=0x8ffffffc
        1441000	       620	80004e1c	90000437	lui	x8,0x90000	  x8=0x90000000
        1483000	       641	80004e20	ffc40413	addi	x8,x8,-4	  x8:0x90000000  x8=0x8ffffffc
        1485000	       642	80004e24	90000437	lui	x8,0x90000	  x8=0x90000000
        1525000	       662	80004e28	ffc40413	addi	x8,x8,-4	  x8:0x90000000  x8=0x8ffffffc
        1539000	       669	80004e2c	30000b13	addi	x22,x0,768	  x0:0x00000000 x22=0x00000300
        1557000	       678	80004e30	0b22	c.slli	x22,0x8	 x22:0x00000300 x22=0x00030000
        1559000	       679	80004e32	0b0d	c.addi	x22,3	 x22:0x00030000 x22=0x00030003
        1617000	       708	80004e34	01642023	sw	x22,0(x8)	  x8:0x8ffffffc x22:0x00030003 PA:0x8ffffffc store:0x00030003 load:0x00030003
        1619000	       709	80004e38	30002b73	csrrs	x22,mstatus,x0	  x0:0x00000000 x22=0x00000000
        1623000	       711	80004e3c	01642023	sw	x22,0(x8)	  x8:0x8ffffffc x22:0x00000000 PA:0x8ffffffc store:0x00000000 load:0x00000000
        1625000	       712	80004e40	90000437	lui	x8,0x90000	  x8=0x90000000
        1627000	       713	80004e44	ffc40413	addi	x8,x8,-4	  x8:0x90000000  x8=0x8ffffffc
        1667000	       733	80004e48	30400b13	addi	x22,x0,772	  x0:0x00000000 x22=0x00000304
        1681000	       740	80004e4c	0b22	c.slli	x22,0x8	 x22:0x00000304 x22=0x00030400
        1683000	       741	80004e4e	0b0d	c.addi	x22,3	 x22:0x00030400 x22=0x00030403
        1707000	       753	80004e50	01642023	sw	x22,0(x8)	  x8:0x8ffffffc x22:0x00030403 PA:0x8ffffffc store:0x00030403 load:0x00030403
        1715000	       757	80004e54	30402b73	csrrs	x22,mie,x0	  x0:0x00000000 x22=0x40bf0000
        1759000	       779	80004e58	01642023	sw	x22,0(x8)	  x8:0x8ffffffc x22:0x40bf0000 PA:0x8ffffffc store:0x40bf0000 load:0x40bf0000
        1761000	       780	80004e5c	30200073	mret	
        1811000	       805	80000150	00019297	auipc	x5,0x19	  x5=0x80019150
        1849000	       824	80000154	ccc28293	addi	x5,x5,-820	  x5:0x80019150  x5=0x80018e1c
        1891000	       845	80000158	90000437	lui	x8,0x90000	  x8=0x90000000
        1899000	       849	8000015c	ffc40413	addi	x8,x8,-4	  x8:0x90000000  x8=0x8ffffffc
        1921000	       860	80000160	4b01	c.li	x22,0	 x22=0x00000000
        1923000	       861	80000162	0b22	c.slli	x22,0x8	 x22:0x00000000 x22=0x00000000
        1937000	       868	80000164	000b0b13	addi	x22,x22,0	 x22:0x00000000 x22=0x00000000
        1975000	       887	80000168	01642023	sw	x22,0(x8)	  x8:0x8ffffffc x22:0x00000000 PA:0x8ffffffc store:0x00000000 load:0x00000000
        1977000	       888	8000016c	c3840693	addi	x13,x8,-968	  x8:0x8ffffffc x13=0x8ffffc34
        1979000	       889	80000170	008d0ab3	add	x21,x26,x8	 x26:0x80000000  x8:0x8ffffffc x21=0x0ffffffc
        2005000	       902	80000174	0d10	c.addi4spn	x12,x2,656	 x12=0x5296a150
        2021000	       910	80000176	015fbcb3	sltu	x25,x31,x21	 x31:0x80000000 x21:0x0ffffffc x25=0x00000000
        2029000	       914	8000017a	ffdd23b7	lui	x7,0xffdd2	  x7=0xffdd2000
        2045000	       922	8000017e	0116ec33	or	x24,x13,x17	 x13:0x8ffffc34 x17:0x80000000 x24=0x8ffffc34
        2047000	       923	80000182	ebaeb813	sltiu	x16,x29,-326	 x29:0x00000000 x16=0x00000001
        2055000	       927	80000186	af84d717	auipc	x14,0xaf84d	 x14=0x2f84d186
        2061000	       930	8000018a	02a08133	mul	x2,x1,x10	  x1:0x00000000 x10:0xff24c9b4  x2=0x00000000
        2063000	       931	8000018e	8926	c.mv	x18,x9	  x0:0x00000000  x9:0x80000000 x18=0x80000000
        2081000	       940	80000190	03350033	mul	x0,x10,x19	 x10:0xff24c9b4 x19:0x8001ce7c  x0=0x00000000
        2093000	       946	80000194	03cae8b3	rem	x17,x21,x28	 x21:0x0ffffffc x28:0x00000000 x17=0x0ffffffc
        2175000	       987	80000000	6610406f	jal	x0,80004e60	  x0=0x00000000
        2191000	       995	80004e60	f8428293	addi	x5,x5,-124	  x5:0x80018e1c  x5=0x80018da0
        2207000	      1003	80004e64	0012a223	sw	x1,4(x5)	  x5:0x80018da0  x1:0x00000000 PA:0x80018da4 store:0x00000000 load:0x00000000
        2277000	      1038	80004e68	0022a423	sw	x2,8(x5)	  x5:0x80018da0  x2:0x00000000 PA:0x80018da8 store:0x00000000 load:0x00000000
        2337000	      1068	80004e6c	0032a623	sw	x3,12(x5)	  x5:0x80018da0  x3:0x00000000 PA:0x80018dac store:0x00000000 load:0x00000000
        2341000	      1070	80004e70	0042a823	sw	x4,16(x5)	  x5:0x80018da0  x4:0x00000000 PA:0x80018db0 store:0x00000000 load:0x00000000
        2377000	      1088	80004e74	0052aa23	sw	x5,20(x5)	  x5:0x80018da0  x5:0x80018da0 PA:0x80018db4 store:0x80018da0 load:0x80018da0
        2411000	      1105	80004e78	0062ac23	sw	x6,24(x5)	  x5:0x80018da0  x6:0x00000000 PA:0x80018db8 store:0x00000000 load:0x00000000
        2453000	      1126	80004e7c	0072ae23	sw	x7,28(x5)	  x5:0x80018da0  x7:0xffdd2000 PA:0x80018dbc store:0xffdd2000 load:0xffdd2000
        2471000	      1135	80004e80	0282a023	sw	x8,32(x5)	  x5:0x80018da0  x8:0x8ffffffc PA:0x80018dc0 store:0x8ffffffc load:0x8ffffffc
        2495000	      1147	80004e84	0292a223	sw	x9,36(x5)	  x5:0x80018da0  x9:0x80000000 PA:0x80018dc4 store:0x80000000 load:0x80000000
        2535000	      1167	80004e88	02a2a423	sw	x10,40(x5)	  x5:0x80018da0 x10:0xff24c9b4 PA:0x80018dc8 store:0xff24c9b4 load:0xff24c9b4
        2579000	      1189	80004e8c	02b2a623	sw	x11,44(x5)	  x5:0x80018da0 x11:0x221c5e07 PA:0x80018dcc store:0x221c5e07 load:0x221c5e07
        2583000	      1191	80004e90	02c2a823	sw	x12,48(x5)	  x5:0x80018da0 x12:0x5296a150 PA:0x80018dd0 store:0x5296a150 load:0x5296a150
        2591000	      1195	80004e94	02d2aa23	sw	x13,52(x5)	  x5:0x80018da0 x13:0x8ffffc34 PA:0x80018dd4 store:0x8ffffc34 load:0x8ffffc34
        2613000	      1206	80004e98	02e2ac23	sw	x14,56(x5)	  x5:0x80018da0 x14:0x2f84d186 PA:0x80018dd8 store:0x2f84d186 load:0x2f84d186
        2637000	      1218	80004e9c	02f2ae23	sw	x15,60(x5)	  x5:0x80018da0 x15:0xfa11812e PA:0x80018ddc store:0xfa11812e load:0xfa11812e
        2695000	      1247	80004ea0	0502a023	sw	x16,64(x5)	  x5:0x80018da0 x16:0x00000001 PA:0x80018de0 store:0x00000001 load:0x00000001
        2699000	      1249	80004ea4	0512a223	sw	x17,68(x5)	  x5:0x80018da0 x17:0x0ffffffc PA:0x80018de4 store:0x0ffffffc load:0x0ffffffc
        2719000	      1259	80004ea8	0522a423	sw	x18,72(x5)	  x5:0x80018da0 x18:0x80000000 PA:0x80018de8 store:0x80000000 load:0x80000000
        2723000	      1261	80004eac	0532a623	sw	x19,76(x5)	  x5:0x80018da0 x19:0x8001ce7c PA:0x80018dec store:0x8001ce7c load:0x8001ce7c
        2763000	      1281	80004eb0	0542a823	sw	x20,80(x5)	  x5:0x80018da0 x20:0xf4b94f69 PA:0x80018df0 store:0xf4b94f69 load:0xf4b94f69
        2793000	      1296	80004eb4	0552aa23	sw	x21,84(x5)	  x5:0x80018da0 x21:0x0ffffffc PA:0x80018df4 store:0x0ffffffc load:0x0ffffffc
        2801000	      1300	80004eb8	0562ac23	sw	x22,88(x5)	  x5:0x80018da0 x22:0x00000000 PA:0x80018df8 store:0x00000000 load:0x00000000
        2807000	      1303	80004ebc	0572ae23	sw	x23,92(x5)	  x5:0x80018da0 x23:0x38026492 PA:0x80018dfc store:0x38026492 load:0x38026492
        2823000	      1311	80004ec0	0782a023	sw	x24,96(x5)	  x5:0x80018da0 x24:0x8ffffc34 PA:0x80018e00 store:0x8ffffc34 load:0x8ffffc34
        2833000	      1316	80004ec4	0792a223	sw	x25,100(x5)	  x5:0x80018da0 x25:0x00000000 PA:0x80018e04 store:0x00000000 load:0x00000000
        2857000	      1328	80004ec8	07a2a423	sw	x26,104(x5)	  x5:0x80018da0 x26:0x80000000 PA:0x80018e08 store:0x80000000 load:0x80000000
        2889000	      1344	80004ecc	07b2a623	sw	x27,108(x5)	  x5:0x80018da0 x27:0x80000000 PA:0x80018e0c store:0x80000000 load:0x80000000
        2935000	      1367	80004ed0	07c2a823	sw	x28,112(x5)	  x5:0x80018da0 x28:0x00000000 PA:0x80018e10 store:0x00000000 load:0x00000000
        2979000	      1389	80004ed4	07d2aa23	sw	x29,116(x5)	  x5:0x80018da0 x29:0x00000000 PA:0x80018e14 store:0x00000000 load:0x00000000
        3003000	      1401	80004ed8	07e2ac23	sw	x30,120(x5)	  x5:0x80018da0 x30:0x00000005 PA:0x80018e18 store:0x00000005 load:0x00000005
        3033000	      1416	80004edc	07f2ae23	sw	x31,124(x5)	  x5:0x80018da0 x31:0x80000000 PA:0x80018e1c store:0x80000000 load:0x80000000
        3035000	      1417	80004ee0	90000437	lui	x8,0x90000	  x8=0x90000000
        3037000	      1418	80004ee4	ffc40413	addi	x8,x8,-4	  x8:0x90000000  x8=0x8ffffffc
        3055000	      1427	80004ee8	4b05	c.li	x22,1	 x22=0x00000001
        3057000	      1428	80004eea	0b22	c.slli	x22,0x8	 x22:0x00000001 x22=0x00000100
        3059000	      1429	80004eec	000b0b13	addi	x22,x22,0	 x22:0x00000100 x22=0x00000100
        3099000	      1449	80004ef0	01642023	sw	x22,0(x8)	  x8:0x8ffffffc x22:0x00000100 PA:0x8ffffffc store:0x00000100 load:0x00000100
        3101000	      1450	80004ef4	7b002373	csrrs	x6,dcsr,x0	  x0:0x00000000  x6=0x400000c0
        3107000	      1453	80004ef8	035e	c.slli	x6,0x17	  x6:0x400000c0  x6=0x60000000
        3111000	      1455	80004efa	01d35313	srli	x6,x6,0x1d	  x6:0x60000000  x6=0x00000003
        3113000	      1456	80004efe	4b05	c.li	x22,1	 x22=0x00000001
        3117000	      1458	80004f00	01631763	bne	x6,x22,80004f0e	  x6:0x00000003 x22:0x00000001  x0=0x00000000
        3151000	      1475	80004f0e	0001	c.addi	x0,0	  x0:0x00000000  x0=0x00000000
        3157000	      1478	80004f10	90000437	lui	x8,0x90000	  x8=0x90000000
        3175000	      1487	80004f14	ffc40413	addi	x8,x8,-4	  x8:0x90000000  x8=0x8ffffffc
        3177000	      1488	80004f18	7b000b13	addi	x22,x0,1968	  x0:0x00000000 x22=0x000007b0
        3207000	      1503	80004f1c	0b22	c.slli	x22,0x8	 x22:0x000007b0 x22=0x0007b000
        3209000	      1504	80004f1e	0b0d	c.addi	x22,3	 x22:0x0007b000 x22=0x0007b003
        3239000	      1519	80004f20	01642023	sw	x22,0(x8)	  x8:0x8ffffffc x22:0x0007b003 PA:0x8ffffffc store:0x0007b003 load:0x0007b003
        3241000	      1520	80004f24	7b002b73	csrrs	x22,dcsr,x0	  x0:0x00000000 x22=0x400000c0
        3253000	      1526	80004f28	01642023	sw	x22,0(x8)	  x8:0x8ffffffc x22:0x400000c0 PA:0x8ffffffc store:0x400000c0 load:0x400000c0
        3255000	      1527	80004f2c	1e7d	c.addi	x28,-1	 x28:0x00000000 x28=0xffffffff
        3263000	      1531	80004f2e	01880233	add	x4,x16,x24	 x16:0x00000001 x24:0x8ffffc34  x4=0x8ffffc35
        3265000	      1532	80004f32	83bd	c.srli	x15,0xf	 x15:0xfa11812e x15=0x0001f423
        3285000	      1542	80004f34	5b7d	c.li	x22,-1	 x22=0xffffffff
        3295000	      1547	80004f36	03cdb233	mulhu	x4,x27,x28	 x27:0x80000000 x28:0xffffffff  x4=0x7fffffff
        3297000	      1548	80004f3a	8f1d	c.sub	x14,x15	 x14:0x2f84d186 x15:0x0001f423 x14=0x2f82dd63
        3299000	      1549	80004f3c	409ad093	srai	x1,x21,0x9	 x21:0x0ffffffc  x1=0x0007ffff
        3337000	      1568	80004f40	07f6	c.slli	x15,0x1d	 x15:0x0001f423 x15=0x60000000
        3357000	      1578	80004f42	10e52013	slti	x0,x10,270	 x10:0xff24c9b4  x0=0x00000000
        3359000	      1579	80004f46	6091	c.lui	x1,0x4	  x1=0x00004000
        3361000	      1580	80004f48	01f70a33	add	x20,x14,x31	 x14:0x2f82dd63 x31:0x80000000 x20=0xaf82dd63
        3385000	      1592	80004f4c	037a03b3	mul	x7,x20,x23	 x20:0xaf82dd63 x23:0x38026492  x7=0x99e2ee76
        3403000	      1601	80004f50	1eefe513	ori	x10,x31,494	 x31:0x80000000 x10=0x800001ee
        3425000	      1612	80004f54	3dcea513	slti	x10,x29,988	 x29:0x00000000 x10=0x00000001
        3467000	      1633	80004f58	8e55	c.or	x12,x13	 x12:0x5296a150 x13:0x8ffffc34 x12=0xdffffd74
        3469000	      1634	80004f5a	1c18	c.addi4spn	x14,x2,560	 x14=0x00000230
        3471000	      1635	80004f5c	8d15	c.sub	x10,x13	 x10:0x00000001 x13:0x8ffffc34 x10=0x700003cd
        3473000	      1636	80004f5e	8e09	c.sub	x12,x10	 x12:0xdffffd74 x10:0x700003cd x12=0x6ffff9a7
        3499000	      1649	80004f60	8b9e	c.mv	x23,x7	  x0:0x00000000  x7:0x99e2ee76 x23=0x99e2ee76
        3541000	      1670	80004f62	0170e033	or	x0,x1,x23	  x1:0x00004000 x23:0x99e2ee76  x0=0x00000000
        3543000	      1671	80004f66	008ac633	xor	x12,x21,x8	 x21:0x0ffffffc  x8:0x8ffffffc x12=0x80000000
        3561000	      1680	80004f6a	40f95693	srai	x13,x18,0xf	 x18:0x80000000 x13=0xffff0000
        3563000	      1681	80004f6e	007b8833	add	x16,x23,x7	 x23:0x99e2ee76  x7:0x99e2ee76 x16=0x33c5dcec
        3615000	      1707	80004f72	31ceba13	sltiu	x20,x29,796	 x29:0x00000000 x20=0x00000001
        3617000	      1708	80004f76	83c1	c.srli	x15,0x10	 x15:0x60000000 x15=0x00006000
        3645000	      1722	80004f78	1690	c.addi4spn	x12,x2,864	 x12=0x00000360
        3647000	      1723	80004f7a	9cb6	c.add	x25,x13	 x25:0x00000000 x13:0xffff0000 x25=0xffff0000
        3649000	      1724	80004f7c	09dc4613	xori	x12,x24,157	 x24:0x8ffffc34 x12=0x8ffffca9
        3653000	      1726	80004f80	00885693	srli	x13,x16,0x8	 x16:0x33c5dcec x13=0x0033c5dc
        3675000	      1737	80004f84	1ffd	c.addi	x31,-1	 x31:0x80000000 x31=0x7fffffff
        3677000	      1738	80004f86	7ea5e1b7	lui	x3,0x7ea5e	  x3=0x7ea5e000
        3693000	      1746	80004f8a	409706b3	sub	x13,x14,x9	 x14:0x00000230  x9:0x80000000 x13=0x80000230
        3695000	      1747	80004f8e	039d	c.addi	x7,7	  x7:0x99e2ee76  x7=0x99e2ee7d
        3713000	      1756	80004f90	01cffe33	and	x28,x31,x28	 x31:0x7fffffff x28:0xffffffff x28=0x7fffffff
        3735000	      1767	80004f94	01fccbb3	xor	x23,x25,x31	 x25:0xffff0000 x31:0x7fffffff x23=0x8000ffff
        3741000	      1770	80004f98	03dc06b3	mul	x13,x24,x29	 x24:0x8ffffc34 x29:0x00000000 x13=0x00000000
        3773000	      1786	80004f9c	1798	c.addi4spn	x14,x2,992	 x14=0x000003e0
        3775000	      1787	80004f9e	8e6d	c.and	x12,x11	 x12:0x8ffffca9 x11:0x221c5e07 x12=0x021c5c01
        3849000	      1824	80004fa0	034d7fb3	remu	x31,x26,x20	 x26:0x80000000 x20:0x00000001 x31=0x00000000
        3851000	      1825	80004fa4	4034dcb3	sra	x25,x9,x3	  x9:0x80000000  x3:0x7ea5e000 x25=0x80000000
        3859000	      1829	80004fa8	03af9633	mulh	x12,x31,x26	 x31:0x00000000 x26:0x80000000 x12=0x00000000
        3861000	      1830	80004fac	018b1693	slli	x13,x22,0x18	 x22:0xffffffff x13=0xff000000
        3863000	      1831	80004fb0	98fd	c.andi	x9,-1	  x9:0x80000000  x9=0x80000000
        3867000	      1833	80004fb2	03f26833	rem	x16,x4,x31	  x4:0x7fffffff x31:0x00000000 x16=0x7fffffff
        3887000	      1843	80004fb6	f8827c13	andi	x24,x4,-120	  x4:0x7fffffff x24=0x7fffff88
        3895000	      1847	80004fba	1660fe13	andi	x28,x1,358	  x1:0x00004000 x28=0x00000000
        3975000	      1887	80004fbe	035c6bb3	rem	x23,x24,x21	 x24:0x7fffff88 x21:0x0ffffffc x23=0x0fffffa4
        3977000	      1888	80004fc2	0001	c.addi	x0,0	  x0:0x00000000  x0=0x00000000
        3979000	      1889	80004fc4	8c61	c.and	x8,x8	  x8:0x8ffffffc  x8:0x8ffffffc  x8=0x8ffffffc
        4053000	      1926	80004fc6	02305833	divu	x16,x0,x3	  x0:0x00000000  x3:0x7ea5e000 x16=0x00000000
        4055000	      1927	80004fca	8e75	c.and	x12,x13	 x12:0x00000000 x13:0xff000000 x12=0x00000000
        4057000	      1928	80004fcc	00c09633	sll	x12,x1,x12	  x1:0x00004000 x12:0x00000000 x12=0x00004000
        4059000	      1929	80004fd0	38c70b93	addi	x23,x14,908	 x14:0x000003e0 x23=0x0000076c
        4077000	      1938	80004fd4	013218b3	sll	x17,x4,x19	  x4:0x7fffffff x19:0x8001ce7c x17=0xf0000000
        4079000	      1939	80004fd8	6d35	c.lui	x26,0xd	 x26=0x0000d000
        4081000	      1940	80004fda	0001	c.addi	x0,0	  x0:0x00000000  x0=0x00000000
        4117000	      1958	80004fdc	80a9	c.srli	x9,0xa	  x9:0x80000000  x9=0x00200000
        4119000	      1959	80004fde	005ef033	and	x0,x29,x5	 x29:0x00000000  x5:0x80018da0  x0=0x00000000
        4121000	      1960	80004fe2	0bf9	c.addi	x23,30	 x23:0x0000076c x23=0x0000078a
        4155000	      1977	80004fe4	8fb5	c.xor	x15,x13	 x15:0x00006000 x13:0xff000000 x15=0xff006000
        4181000	      1990	80004fe6	c70bc793	xori	x15,x23,-912	 x23:0x0000078a x15=0xfffffbfa
        4183000	      1991	80004fea	8abe	c.mv	x21,x15	  x0:0x00000000 x15:0xfffffbfa x21=0xfffffbfa
        4185000	      1992	80004fec	4c8d	c.li	x25,3	 x25=0x00000003
        4231000	      2015	80004fee	01bd5c93	srli	x25,x26,0x1b	 x26:0x0000d000 x25=0x00000000
        4233000	      2016	80004ff2	8bba	c.mv	x23,x14	  x0:0x00000000 x14:0x000003e0 x23=0x000003e0
        4235000	      2017	80004ff4	83f1	c.srli	x15,0x1c	 x15:0xfffffbfa x15=0x0000000f
        4279000	      2039	80004ff6	00b3ee33	or	x28,x7,x11	  x7:0x99e2ee7d x11:0x221c5e07 x28=0xbbfefe7f
        4281000	      2040	80004ffa	9222	c.add	x4,x8	  x4:0x7fffffff  x8:0x8ffffffc  x4=0x0ffffffb
        4283000	      2041	80004ffc	01539633	sll	x12,x7,x21	  x7:0x99e2ee7d x21:0xfffffbfa x12=0xf4000000
        4319000	      2059	80005000	8d55	c.or	x10,x13	 x10:0x700003cd x13:0xff000000 x10=0xff0003cd
        4321000	      2060	80005002	0861	c.addi	x16,24	 x16:0x00000000 x16=0x00000018
        4323000	      2061	80005004	0001	c.addi	x0,0	  x0:0x00000000  x0=0x00000000
        4331000	      2065	80005006	4114d613	srai	x12,x9,0x11	  x9:0x00200000 x12=0x00000010
        4333000	      2066	8000500a	0dd2	c.slli	x27,0x14	 x27:0x80000000 x27=0x00000000
        4357000	      2078	8000500c	8c71	c.and	x8,x12	  x8:0x8ffffffc x12:0x00000010  x8=0x00000010
        4373000	      2086	8000500e	000cd113	srli	x2,x25,0x0	 x25:0x00000000  x2=0x00000000
        4375000	      2087	80005012	8e65	c.and	x12,x9	 x12:0x00000010  x9:0x00200000 x12=0x00000000
        4377000	      2088	80005014	0490	c.addi4spn	x12,x2,576	 x12=0x00000240
        4379000	      2089	80005016	8595	c.srai	x11,0x5	 x11:0x221c5e07 x11=0x0110e2f0
        4381000	      2090	80005018	8f91	c.sub	x15,x12	 x15:0x0000000f x12:0x00000240 x15=0xfffffdcf
        4387000	      2093	8000501a	02bb0233	mul	x4,x22,x11	 x22:0xffffffff x11:0x0110e2f0  x4=0xfeef1d10
        4391000	      2095	8000501e	03d9f8b3	remu	x17,x19,x29	 x19:0x8001ce7c x29:0x00000000 x17=0x8001ce7c
        4393000	      2096	80005022	01354cb3	xor	x25,x10,x19	 x10:0xff0003cd x19:0x8001ce7c x25=0x7f01cdb1
        4397000	      2098	80005026	cfba0213	addi	x4,x20,-773	 x20:0x00000001  x4=0xfffffcfc
        4399000	      2099	8000502a	91d6	c.add	x3,x21	  x3:0x7ea5e000 x21:0xfffffbfa  x3=0x7ea5dbfa
        4415000	      2107	8000502c	019c5b33	srl	x22,x24,x25	 x24:0x7fffff88 x25:0x7f01cdb1 x22=0x00003fff
        4417000	      2108	80005030	867d	c.srai	x12,0x1f	 x12:0x00000240 x12=0x00000000
        4463000	      2131	80005032	02948433	mul	x8,x9,x9	  x9:0x00200000  x9:0x00200000  x8=0x00000000
        4465000	      2132	80005036	40f28db3	sub	x27,x5,x15	  x5:0x80018da0 x15:0xfffffdcf x27=0x80018fd1
        4467000	      2133	8000503a	c474ef93	ori	x31,x9,-953	  x9:0x00200000 x31=0xfffffc47
        4501000	      2150	8000503e	00ccf1b3	and	x3,x25,x12	 x25:0x7f01cdb1 x12:0x00000000  x3=0x00000000
        4543000	      2171	80005042	01bae7b3	or	x15,x21,x27	 x21:0xfffffbfa x27:0x80018fd1 x15=0xfffffffb
        4545000	      2172	80005046	0001	c.addi	x0,0	  x0:0x00000000  x0=0x00000000
        4561000	      2180	80005048	bf762c37	lui	x24,0xbf762	 x24=0xbf762000
        4581000	      2190	8000504c	01f7e0b3	or	x1,x15,x31	 x15:0xfffffffb x31:0xfffffc47  x1=0xffffffff
        4589000	      2194	80005050	41cc0bb3	sub	x23,x24,x28	 x24:0xbf762000 x28:0xbbfefe7f x23=0x03772181
        4591000	      2195	80005054	6119	c.addi16sp	x2,384	  x2:0x00000000  x2=0x00000180
        4599000	      2199	80005056	01c027b3	slt	x15,x0,x28	  x0:0x00000000 x28:0xbbfefe7f x15=0x00000000
        4601000	      2200	8000505a	8d41	c.or	x10,x8	 x10:0xff0003cd  x8:0x00000000 x10=0xff0003cd
        4615000	      2207	8000505c	8ead	c.xor	x13,x11	 x13:0xff000000 x11:0x0110e2f0 x13=0xfe10e2f0
        4623000	      2211	8000505e	61013037	lui	x0,0x61013	  x0=0x00000000
        4625000	      2212	80005062	8f45	c.or	x14,x9	 x14:0x000003e0  x9:0x00200000 x14=0x002003e0
        4627000	      2213	80005064	00a4a6b3	slt	x13,x9,x10	  x9:0x00200000 x10:0xff0003cd x13=0x00000000
        4673000	      2236	80005068	045e	c.slli	x8,0x17	  x8:0x00000000  x8=0x00000000
        4675000	      2237	8000506a	0001	c.addi	x0,0	  x0:0x00000000  x0=0x00000000
        4765000	      2282	8000506c	037fd6b3	divu	x13,x31,x23	 x31:0xfffffc47 x23:0x03772181 x13=0x00000049
        4767000	      2283	80005070	01d1dfb3	srl	x31,x3,x29	  x3:0x00000000 x29:0x00000000 x31=0x00000000
        4769000	      2284	80005074	40e80933	sub	x18,x16,x14	 x16:0x00000018 x14:0x002003e0 x18=0xffdffc38
        4771000	      2285	80005078	0001	c.addi	x0,0	  x0:0x00000000  x0=0x00000000
        4793000	      2296	8000507a	01dd51b3	srl	x3,x26,x29	 x26:0x0000d000 x29:0x00000000  x3=0x0000d000
        4795000	      2297	8000507e	8e31	c.xor	x12,x12	 x12:0x00000000 x12:0x00000000 x12=0x00000000
        4797000	      2298	80005080	018c5c13	srli	x24,x24,0x18	 x24:0xbf762000 x24=0x000000bf
        4805000	      2302	80005084	8925	c.andi	x10,9	 x10:0xff0003cd x10=0x00000009
        4827000	      2313	80005086	00fc4fb3	xor	x31,x24,x15	 x24:0x000000bf x15:0x00000000 x31=0x000000bf
        4835000	      2317	8000508a	02ae37b3	mulhu	x15,x28,x10	 x28:0xbbfefe7f x10:0x00000009 x15=0x00000006
        4839000	      2319	8000508e	03d06433	rem	x8,x0,x29	  x0:0x00000000 x29:0x00000000  x8=0x00000000
        4893000	      2346	80005092	dd8a4597	auipc	x11,0xdd8a4	 x11=0x5d8a9092
        4895000	      2347	80005096	016cbbb3	sltu	x23,x25,x22	 x25:0x7f01cdb1 x22:0x00003fff x23=0x00000000
        4897000	      2348	8000509a	8c75	c.and	x8,x13	  x8:0x00000000 x13:0x00000049  x8=0x00000000
        4911000	      2355	8000509c	1cfd	c.addi	x25,-1	 x25:0x7f01cdb1 x25=0x7f01cdb0
        4969000	      2384	8000509e	3a9fef93	ori	x31,x31,937	 x31:0x000000bf x31=0x000003bf
        4971000	      2385	800050a2	987d	c.andi	x8,-1	  x8:0x00000000  x8=0x00000000
        4981000	      2390	800050a4	8146	c.mv	x2,x17	  x0:0x00000000 x17:0x8001ce7c  x2=0x8001ce7c
        4983000	      2391	800050a6	1cfd	c.addi	x25,-1	 x25:0x7f01cdb0 x25=0x7f01cdaf
        4993000	      2396	800050a8	88b9	c.andi	x9,14	  x9:0x00200000  x9=0x00000000
        4999000	      2399	800050aa	016dc733	xor	x14,x27,x22	 x27:0x80018fd1 x22:0x00003fff x14=0x8001b02e
        5001000	      2400	800050ae	7fe2c497	auipc	x9,0x7fe2c	  x9=0xffe310ae
        5027000	      2413	800050b2	7648b697	auipc	x13,0x7648b	 x13=0xf64900b2
        5033000	      2416	800050b6	01919c13	slli	x24,x3,0x19	  x3:0x0000d000 x24=0x00000000
        5065000	      2432	800050ba	028c0e33	mul	x28,x24,x8	 x24:0x00000000  x8:0x00000000 x28=0x00000000
        5067000	      2433	800050be	0011b033	sltu	x0,x3,x1	  x3:0x0000d000  x1:0xffffffff  x0=0x00000000
        5085000	      2442	800050c2	40cbd593	srai	x11,x23,0xc	 x23:0x00000000 x11=0x00000000
        5109000	      2454	800050c6	3e812093	slti	x1,x2,1000	  x2:0x8001ce7c  x1=0x00000001
        5135000	      2467	800050ca	0379abb3	mulhsu	x23,x19,x23	 x19:0x8001ce7c x23:0x00000000 x23=0x00000000
        5145000	      2472	800050ce	407c0ab3	sub	x21,x24,x7	 x24:0x00000000  x7:0x99e2ee7d x21=0x661d1183
        5147000	      2473	800050d2	9c3a	c.add	x24,x14	 x24:0x00000000 x14:0x8001b02e x24=0x8001b02e
        5153000	      2476	800050d4	0059df13	srli	x30,x19,0x5	 x19:0x8001ce7c x30=0x04000e73
        5159000	      2479	800050d8	89e1	c.andi	x11,24	 x11:0x00000000 x11=0x00000000
        5161000	      2480	800050da	9afd	c.andi	x13,-1	 x13:0xf64900b2 x13=0xf64900b2
        5239000	      2519	800050dc	027f4ab3	div	x21,x30,x7	 x30:0x04000e73  x7:0x99e2ee7d x21=0x00000000
        5241000	      2520	800050e0	002facb3	slt	x25,x31,x2	 x31:0x000003bf  x2:0x8001ce7c x25=0x00000000
        5243000	      2521	800050e4	0101a233	slt	x4,x3,x16	  x3:0x0000d000 x16:0x00000018  x4=0x00000000
        5245000	      2522	800050e8	01f81d93	slli	x27,x16,0x1f	 x16:0x00000018 x27=0x00000000
        5247000	      2523	800050ec	ddb77e13	andi	x28,x14,-549	 x14:0x8001b02e x28=0x8001b00a
        5261000	      2530	800050f0	0001	c.addi	x0,0	  x0:0x00000000  x0=0x00000000
        5301000	      2550	800050f2	00399e13	slli	x28,x19,0x3	 x19:0x8001ce7c x28=0x000e73e0
        5309000	      2554	800050f6	024a2133	mulhsu	x2,x20,x4	 x20:0x00000001  x4:0x00000000  x2=0x00000000
        5331000	      2565	800050fa	0244ab33	mulhsu	x22,x9,x4	  x9:0xffe310ae  x4:0x00000000 x22=0x00000000
        5457000	      2628	800050fe	03875cb3	divu	x25,x14,x24	 x14:0x8001b02e x24:0x8001b02e x25=0x00000001
        5459000	      2629	80005102	01dec5b3	xor	x11,x29,x29	 x29:0x00000000 x29:0x00000000 x11=0x00000000
        5461000	      2630	80005106	005a85b3	add	x11,x21,x5	 x21:0x00000000  x5:0x80018da0 x11=0x80018da0
        5463000	      2631	8000510a	8ced	c.and	x9,x11	  x9:0xffe310ae x11:0x80018da0  x9=0x800100a0
        5523000	      2661	8000510c	19b90a93	addi	x21,x18,411	 x18:0xffdffc38 x21=0xffdffdd3
        5525000	      2662	80005110	01889f33	sll	x30,x17,x24	 x17:0x8001ce7c x24:0x8001b02e x30=0x739f0000
        5527000	      2663	80005114	177d	c.addi	x14,-1	 x14:0x8001b02e x14=0x8001b02d
        5571000	      2685	80005116	03172e33	mulhsu	x28,x14,x17	 x14:0x8001b02d x17:0x8001ce7c x28=0xbffff0db
        5599000	      2699	8000511a	0042a083	lw	x1,4(x5)	  x5:0x80018da0  x1=0x00000000 PA:0x80018da4 store:0x00000000
        5605000	      2702	8000511e	0082a103	lw	x2,8(x5)	  x5:0x80018da0  x2=0x00000000 PA:0x80018da8 store:0x00000000
        5643000	      2721	80005122	00c2a183	lw	x3,12(x5)	  x5:0x80018da0  x3=0x00000000 PA:0x80018dac store:0x00000000
        5705000	      2752	80005126	0102a203	lw	x4,16(x5)	  x5:0x80018da0  x4=0x00000000 PA:0x80018db0 store:0x00000018
        5715000	      2757	8000512a	0142a283	lw	x5,20(x5)	  x5:0x80018da0  x5=0x80018da0 PA:0x80018db4 store:0x00000001
        5749000	      2774	8000512e	0182a303	lw	x6,24(x5)	  x5:0x80018da0  x6=0x00000000 PA:0x80018db8 store:0x8001b02e
        5773000	      2786	80005132	01c2a383	lw	x7,28(x5)	  x5:0x80018da0  x7=0xffdd2000 PA:0x80018dbc store:0xbffff0db
        5807000	      2803	80005136	0202a403	lw	x8,32(x5)	  x5:0x80018da0  x8=0x8ffffffc PA:0x80018dc0 store:0x00000000
        5839000	      2819	8000513a	0242a483	lw	x9,36(x5)	  x5:0x80018da0  x9=0x80000000 PA:0x80018dc4 store:0x00000000
        5899000	      2849	8000513e	0282a503	lw	x10,40(x5)	  x5:0x80018da0 x10=0xff24c9b4 PA:0x80018dc8 store:0x8ffffffc
        5933000	      2866	80005142	02c2a583	lw	x11,44(x5)	  x5:0x80018da0 x11=0x221c5e07 PA:0x80018dcc store:0x00000000
        5977000	      2888	80005146	0302a603	lw	x12,48(x5)	  x5:0x80018da0 x12=0x5296a150 PA:0x80018dd0 store:0x00000018
        6023000	      2911	8000514a	0342a683	lw	x13,52(x5)	  x5:0x80018da0 x13=0x8ffffc34 PA:0x80018dd4 store:0x00000001
        6067000	      2933	8000514e	0382a703	lw	x14,56(x5)	  x5:0x80018da0 x14=0x2f84d186 PA:0x80018dd8 store:0x8001b02e
        6091000	      2945	80005152	03c2a783	lw	x15,60(x5)	  x5:0x80018da0 x15=0xfa11812e PA:0x80018ddc store:0xbffff0db
        6173000	      2986	80005156	0402a803	lw	x16,64(x5)	  x5:0x80018da0 x16=0x00000001 PA:0x80018de0 store:0x00000000
        6177000	      2988	8000515a	0442a883	lw	x17,68(x5)	  x5:0x80018da0 x17=0x0ffffffc PA:0x80018de4 store:0x00000000
        6221000	      3010	8000515e	0482a903	lw	x18,72(x5)	  x5:0x80018da0 x18=0x80000000 PA:0x80018de8 store:0x8ffffffc
        6225000	      3012	80005162	04c2a983	lw	x19,76(x5)	  x5:0x80018da0 x19=0x8001ce7c PA:0x80018dec store:0x5296a150
        6289000	      3044	80005166	0502aa03	lw	x20,80(x5)	  x5:0x80018da0 x20=0xf4b94f69 PA:0x80018df0 store:0x00000001
        6293000	      3046	8000516a	0542aa83	lw	x21,84(x5)	  x5:0x80018da0 x21=0x0ffffffc PA:0x80018df4 store:0xf4b94f69
        6301000	      3050	8000516e	0582ab03	lw	x22,88(x5)	  x5:0x80018da0 x22=0x00000000 PA:0x80018df8 store:0x8001b02e
        6361000	      3080	80005172	05c2ab83	lw	x23,92(x5)	  x5:0x80018da0 x23=0x38026492 PA:0x80018dfc store:0xbffff0db
        6393000	      3096	80005176	0602ac03	lw	x24,96(x5)	  x5:0x80018da0 x24=0x8ffffc34 PA:0x80018e00 store:0x00000000
        6409000	      3104	8000517a	0642ac83	lw	x25,100(x5)	  x5:0x80018da0 x25=0x00000000 PA:0x80018e04 store:0x00000000
        6441000	      3120	8000517e	0682ad03	lw	x26,104(x5)	  x5:0x80018da0 x26=0x80000000 PA:0x80018e08 store:0x8ffffffc
        6489000	      3144	80005182	06c2ad83	lw	x27,108(x5)	  x5:0x80018da0 x27=0x80000000 PA:0x80018e0c store:0x5296a150
        6551000	      3175	80005186	0702ae03	lw	x28,112(x5)	  x5:0x80018da0 x28=0x00000000 PA:0x80018e10 store:0x00000001
        6555000	      3177	8000518a	0742ae83	lw	x29,116(x5)	  x5:0x80018da0 x29=0x00000000 PA:0x80018e14 store:0xf4b94f69
        6559000	      3179	8000518e	0782af03	lw	x30,120(x5)	  x5:0x80018da0 x30=0x00000005 PA:0x80018e18 store:0x8ffffc34
        6609000	      3204	80005192	07c2af83	lw	x31,124(x5)	  x5:0x80018da0 x31=0x80000000 PA:0x80018e1c store:0x00000000
        6611000	      3205	80005196	07c28293	addi	x5,x5,124	  x5:0x80018da0  x5=0x80018e1c
        6613000	      3206	8000519a	7b200073	dret	
        6617000	      3208	8000519e	7b200073	dret	
        6663000	      3231	800051a2	f8428293	addi	x5,x5,-124	  x5:0x80018e1c  x5=0x80018da0
        6713000	      3256	800051a6	0012a223	sw	x1,4(x5)	  x5:0x80018da0  x1:0x00000000 PA:0x80018da4 store:0x00000000 load:0x00000000
        6735000	      3267	800051aa	0022a423	sw	x2,8(x5)	  x5:0x80018da0  x2:0x00000000 PA:0x80018da8 store:0x00000000 load:0x00000000
        6751000	      3275	800051ae	0032a623	sw	x3,12(x5)	  x5:0x80018da0  x3:0x00000000 PA:0x80018dac store:0x00000000 load:0x00000000
        6785000	      3292	800051b2	0042a823	sw	x4,16(x5)	  x5:0x80018da0  x4:0x00000000 PA:0x80018db0 store:0x00000000 load:0x00000000
        6815000	      3307	800051b6	0052aa23	sw	x5,20(x5)	  x5:0x80018da0  x5:0x80018da0 PA:0x80018db4 store:0x80018da0 load:0x80018da0
        6843000	      3321	800051ba	0062ac23	sw	x6,24(x5)	  x5:0x80018da0  x6:0x00000000 PA:0x80018db8 store:0x00000000 load:0x00000000
        6903000	      3351	800051be	0072ae23	sw	x7,28(x5)	  x5:0x80018da0  x7:0xffdd2000 PA:0x80018dbc store:0xffdd2000 load:0xffdd2000
        6947000	      3373	800051c2	0282a023	sw	x8,32(x5)	  x5:0x80018da0  x8:0x8ffffffc PA:0x80018dc0 store:0x8ffffffc load:0x8ffffffc
        6977000	      3388	800051c6	0292a223	sw	x9,36(x5)	  x5:0x80018da0  x9:0x80000000 PA:0x80018dc4 store:0x80000000 load:0x80000000
        7013000	      3406	800051ca	02a2a423	sw	x10,40(x5)	  x5:0x80018da0 x10:0xff24c9b4 PA:0x80018dc8 store:0xff24c9b4 load:0xff24c9b4
        7063000	      3431	800051ce	02b2a623	sw	x11,44(x5)	  x5:0x80018da0 x11:0x221c5e07 PA:0x80018dcc store:0x221c5e07 load:0x221c5e07
        7067000	      3433	800051d2	02c2a823	sw	x12,48(x5)	  x5:0x80018da0 x12:0x5296a150 PA:0x80018dd0 store:0x5296a150 load:0x5296a150
        7083000	      3441	800051d6	02d2aa23	sw	x13,52(x5)	  x5:0x80018da0 x13:0x8ffffc34 PA:0x80018dd4 store:0x8ffffc34 load:0x8ffffc34
        7095000	      3447	800051da	02e2ac23	sw	x14,56(x5)	  x5:0x80018da0 x14:0x2f84d186 PA:0x80018dd8 store:0x2f84d186 load:0x2f84d186
        7165000	      3482	800051de	02f2ae23	sw	x15,60(x5)	  x5:0x80018da0 x15:0xfa11812e PA:0x80018ddc store:0xfa11812e load:0xfa11812e
        7223000	      3511	800051e2	0502a023	sw	x16,64(x5)	  x5:0x80018da0 x16:0x00000001 PA:0x80018de0 store:0x00000001 load:0x00000001
        7235000	      3517	800051e6	0512a223	sw	x17,68(x5)	  x5:0x80018da0 x17:0x0ffffffc PA:0x80018de4 store:0x0ffffffc load:0x0ffffffc
        7259000	      3529	800051ea	0522a423	sw	x18,72(x5)	  x5:0x80018da0 x18:0x80000000 PA:0x80018de8 store:0x80000000 load:0x80000000
        7265000	      3532	800051ee	0532a623	sw	x19,76(x5)	  x5:0x80018da0 x19:0x8001ce7c PA:0x80018dec store:0x8001ce7c load:0x8001ce7c
        7325000	      3562	800051f2	0542a823	sw	x20,80(x5)	  x5:0x80018da0 x20:0xf4b94f69 PA:0x80018df0 store:0xf4b94f69 load:0xf4b94f69
        7349000	      3574	800051f6	0552aa23	sw	x21,84(x5)	  x5:0x80018da0 x21:0x0ffffffc PA:0x80018df4 store:0x0ffffffc load:0x0ffffffc
        7353000	      3576	800051fa	0562ac23	sw	x22,88(x5)	  x5:0x80018da0 x22:0x00000000 PA:0x80018df8 store:0x00000000 load:0x00000000
        7389000	      3594	800051fe	0572ae23	sw	x23,92(x5)	  x5:0x80018da0 x23:0x38026492 PA:0x80018dfc store:0x38026492 load:0x38026492
        7469000	      3634	80005202	0782a023	sw	x24,96(x5)	  x5:0x80018da0 x24:0x8ffffc34 PA:0x80018e00 store:0x8ffffc34 load:0x8ffffc34
        7493000	      3646	80005206	0792a223	sw	x25,100(x5)	  x5:0x80018da0 x25:0x00000000 PA:0x80018e04 store:0x00000000 load:0x00000000
        7497000	      3648	8000520a	07a2a423	sw	x26,104(x5)	  x5:0x80018da0 x26:0x80000000 PA:0x80018e08 store:0x80000000 load:0x80000000
        7557000	      3678	8000520e	07b2a623	sw	x27,108(x5)	  x5:0x80018da0 x27:0x80000000 PA:0x80018e0c store:0x80000000 load:0x80000000
        7581000	      3690	80005212	07c2a823	sw	x28,112(x5)	  x5:0x80018da0 x28:0x00000000 PA:0x80018e10 store:0x00000000 load:0x00000000
        7603000	      3701	80005216	07d2aa23	sw	x29,116(x5)	  x5:0x80018da0 x29:0x00000000 PA:0x80018e14 store:0x00000000 load:0x00000000
        7633000	      3716	8000521a	07e2ac23	sw	x30,120(x5)	  x5:0x80018da0 x30:0x00000005 PA:0x80018e18 store:0x00000005 load:0x00000005
        7671000	      3735	8000521e	07f2ae23	sw	x31,124(x5)	  x5:0x80018da0 x31:0x80000000 PA:0x80018e1c store:0x80000000 load:0x80000000
        7673000	      3736	80005222	90000437	lui	x8,0x90000	  x8=0x90000000
        7731000	      3765	80005226	ffc40413	addi	x8,x8,-4	  x8:0x90000000  x8=0x8ffffffc
        7733000	      3766	8000522a	4b19	c.li	x22,6	 x22=0x00000006
        7735000	      3767	8000522c	0b22	c.slli	x22,0x8	 x22:0x00000006 x22=0x00000600
        7763000	      3781	8000522e	000b0b13	addi	x22,x22,0	 x22:0x00000600 x22=0x00000600
        7821000	      3810	80005232	01642023	sw	x22,0(x8)	  x8:0x8ffffffc x22:0x00000600 PA:0x8ffffffc store:0x00000600 load:0x00000600
        7823000	      3811	80005236	34202b73	csrrs	x22,mcause,x0	  x0:0x00000000 x22=0x00000000
        7825000	      3812	8000523a	01fb5b13	srli	x22,x22,0x1f	 x22:0x00000000 x22=0x00000000
        7845000	      3822	8000523e	060b0c63	beq	x22,x0,800052b6	 x22:0x00000000  x0:0x00000000  x0=0x00000000
        7853000	      3826	800052b6	be1d	c.j	80004dec	
        7933000	      3866	80004dec	4185	c.li	x3,1	  x3=0x00000001
        7949000	      3874	80004dee	00000073	ecall	
        8025000	      3912	80000004	19a0506f	jal	x0,8000519e	  x0=0x00000000
        8049000	      3924	8000519e	7b200073	dret	
        8051000	      3925	800051a2	f8428293	addi	x5,x5,-124	  x5:0x80018da0  x5=0x80018d24
        8109000	      3954	800051a6	0012a223	sw	x1,4(x5)	  x5:0x80018d24  x1:0x00000000 PA:0x80018d28 store:0x00000000 load:0x00000000
        8121000	      3960	800051aa	0022a423	sw	x2,8(x5)	  x5:0x80018d24  x2:0x00000000 PA:0x80018d2c store:0x00000000 load:0x00000000
        8125000	      3962	800051ae	0032a623	sw	x3,12(x5)	  x5:0x80018d24  x3:0x00000001 PA:0x80018d30 store:0x00000001 load:0x00000001
        8129000	      3964	800051b2	0042a823	sw	x4,16(x5)	  x5:0x80018d24  x4:0x00000000 PA:0x80018d34 store:0x00000000 load:0x00000000
        8191000	      3995	800051b6	0052aa23	sw	x5,20(x5)	  x5:0x80018d24  x5:0x80018d24 PA:0x80018d38 store:0x80018d24 load:0x80018d24
        8209000	      4004	800051ba	0062ac23	sw	x6,24(x5)	  x5:0x80018d24  x6:0x00000000 PA:0x80018d3c store:0x00000000 load:0x00000000
        8215000	      4007	800051be	0072ae23	sw	x7,28(x5)	  x5:0x80018d24  x7:0xffdd2000 PA:0x80018d40 store:0xffdd2000 load:0xffdd2000
        8257000	      4028	800051c2	0282a023	sw	x8,32(x5)	  x5:0x80018d24  x8:0x8ffffffc PA:0x80018d44 store:0x8ffffffc load:0x8ffffffc
        8301000	      4050	800051c6	0292a223	sw	x9,36(x5)	  x5:0x80018d24  x9:0x80000000 PA:0x80018d48 store:0x80000000 load:0x80000000
        8307000	      4053	800051ca	02a2a423	sw	x10,40(x5)	  x5:0x80018d24 x10:0xff24c9b4 PA:0x80018d4c store:0xff24c9b4 load:0xff24c9b4
        8331000	      4065	800051ce	02b2a623	sw	x11,44(x5)	  x5:0x80018d24 x11:0x221c5e07 PA:0x80018d50 store:0x221c5e07 load:0x221c5e07
        8355000	      4077	800051d2	02c2a823	sw	x12,48(x5)	  x5:0x80018d24 x12:0x5296a150 PA:0x80018d54 store:0x5296a150 load:0x5296a150
        8385000	      4092	800051d6	02d2aa23	sw	x13,52(x5)	  x5:0x80018d24 x13:0x8ffffc34 PA:0x80018d58 store:0x8ffffc34 load:0x8ffffc34
        8389000	      4094	800051da	02e2ac23	sw	x14,56(x5)	  x5:0x80018d24 x14:0x2f84d186 PA:0x80018d5c store:0x2f84d186 load:0x2f84d186
        8453000	      4126	800051de	02f2ae23	sw	x15,60(x5)	  x5:0x80018d24 x15:0xfa11812e PA:0x80018d60 store:0xfa11812e load:0xfa11812e
        8467000	      4133	800051e2	0502a023	sw	x16,64(x5)	  x5:0x80018d24 x16:0x00000001 PA:0x80018d64 store:0x00000001 load:0x00000001
        8489000	      4144	800051e6	0512a223	sw	x17,68(x5)	  x5:0x80018d24 x17:0x0ffffffc PA:0x80018d68 store:0x0ffffffc load:0x0ffffffc
        8511000	      4155	800051ea	0522a423	sw	x18,72(x5)	  x5:0x80018d24 x18:0x80000000 PA:0x80018d6c store:0x80000000 load:0x80000000
        8527000	      4163	800051ee	0532a623	sw	x19,76(x5)	  x5:0x80018d24 x19:0x8001ce7c PA:0x80018d70 store:0x8001ce7c load:0x8001ce7c
        8545000	      4172	800051f2	0542a823	sw	x20,80(x5)	  x5:0x80018d24 x20:0xf4b94f69 PA:0x80018d74 store:0xf4b94f69 load:0xf4b94f69
        8577000	      4188	800051f6	0552aa23	sw	x21,84(x5)	  x5:0x80018d24 x21:0x0ffffffc PA:0x80018d78 store:0x0ffffffc load:0x0ffffffc
        8595000	      4197	800051fa	0562ac23	sw	x22,88(x5)	  x5:0x80018d24 x22:0x00000000 PA:0x80018d7c store:0x00000000 load:0x00000000
        8633000	      4216	800051fe	0572ae23	sw	x23,92(x5)	  x5:0x80018d24 x23:0x38026492 PA:0x80018d80 store:0x38026492 load:0x38026492
        8637000	      4218	80005202	0782a023	sw	x24,96(x5)	  x5:0x80018d24 x24:0x8ffffc34 PA:0x80018d84 store:0x8ffffc34 load:0x8ffffc34
        8679000	      4239	80005206	0792a223	sw	x25,100(x5)	  x5:0x80018d24 x25:0x00000000 PA:0x80018d88 store:0x00000000 load:0x00000000
        8705000	      4252	8000520a	07a2a423	sw	x26,104(x5)	  x5:0x80018d24 x26:0x80000000 PA:0x80018d8c store:0x80000000 load:0x80000000
        8729000	      4264	8000520e	07b2a623	sw	x27,108(x5)	  x5:0x80018d24 x27:0x80000000 PA:0x80018d90 store:0x80000000 load:0x80000000
        8767000	      4283	80005212	07c2a823	sw	x28,112(x5)	  x5:0x80018d24 x28:0x00000000 PA:0x80018d94 store:0x00000000 load:0x00000000
        8805000	      4302	80005216	07d2aa23	sw	x29,116(x5)	  x5:0x80018d24 x29:0x00000000 PA:0x80018d98 store:0x00000000 load:0x00000000
        8837000	      4318	8000521a	07e2ac23	sw	x30,120(x5)	  x5:0x80018d24 x30:0x00000005 PA:0x80018d9c store:0x00000005 load:0x00000005
        8883000	      4341	8000521e	07f2ae23	sw	x31,124(x5)	  x5:0x80018d24 x31:0x80000000 PA:0x80018da0 store:0x80000000 load:0x80000000
        8885000	      4342	80005222	90000437	lui	x8,0x90000	  x8=0x90000000
        8887000	      4343	80005226	ffc40413	addi	x8,x8,-4	  x8:0x90000000  x8=0x8ffffffc
        8889000	      4344	8000522a	4b19	c.li	x22,6	 x22=0x00000006
        8905000	      4352	8000522c	0b22	c.slli	x22,0x8	 x22:0x00000006 x22=0x00000600
        8907000	      4353	8000522e	000b0b13	addi	x22,x22,0	 x22:0x00000600 x22=0x00000600
        8931000	      4365	80005232	01642023	sw	x22,0(x8)	  x8:0x8ffffffc x22:0x00000600 PA:0x8ffffffc store:0x00000600 load:0x00000600
        8943000	      4371	80005236	34202b73	csrrs	x22,mcause,x0	  x0:0x00000000 x22=0x00000000
        8973000	      4386	8000523a	01fb5b13	srli	x22,x22,0x1f	 x22:0x00000000 x22=0x00000000
        8977000	      4388	8000523e	060b0c63	beq	x22,x0,800052b6	 x22:0x00000000  x0:0x00000000  x0=0x00000000
        9033000	      4416	800052b6	be1d	c.j	80004dec	
        9083000	      4441	80004dec	4185	c.li	x3,1	  x3=0x00000001
        9085000	      4442	80004dee	00000073	ecall	
        9151000	      4475	80000004	19a0506f	jal	x0,8000519e	  x0=0x00000000
        9231000	      4515	8000519e	7b200073	dret	
        9253000	      4526	800051a2	f8428293	addi	x5,x5,-124	  x5:0x80018d24  x5=0x80018ca8
        9267000	      4533	800051a6	0012a223	sw	x1,4(x5)	  x5:0x80018ca8  x1:0x00000000 PA:0x80018cac store:0x00000000 load:0x00000000
        9319000	      4559	800051aa	0022a423	sw	x2,8(x5)	  x5:0x80018ca8  x2:0x00000000 PA:0x80018cb0 store:0x00000000 load:0x00000000
        9377000	      4588	800051ae	0032a623	sw	x3,12(x5)	  x5:0x80018ca8  x3:0x00000001 PA:0x80018cb4 store:0x00000001 load:0x00000001
        9413000	      4606	800051b2	0042a823	sw	x4,16(x5)	  x5:0x80018ca8  x4:0x00000000 PA:0x80018cb8 store:0x00000000 load:0x00000000
        9429000	      4614	800051b6	0052aa23	sw	x5,20(x5)	  x5:0x80018ca8  x5:0x80018ca8 PA:0x80018cbc store:0x80018ca8 load:0x80018ca8
        9461000	      4630	800051ba	0062ac23	sw	x6,24(x5)	  x5:0x80018ca8  x6:0x00000000 PA:0x80018cc0 store:0x00000000 load:0x00000000
        9493000	      4646	800051be	0072ae23	sw	x7,28(x5)	  x5:0x80018ca8  x7:0xffdd2000 PA:0x80018cc4 store:0xffdd2000 load:0xffdd2000
        9503000	      4651	800051c2	0282a023	sw	x8,32(x5)	  x5:0x80018ca8  x8:0x8ffffffc PA:0x80018cc8 store:0x8ffffffc load:0x8ffffffc
        9549000	      4674	800051c6	0292a223	sw	x9,36(x5)	  x5:0x80018ca8  x9:0x80000000 PA:0x80018ccc store:0x80000000 load:0x80000000
        9557000	      4678	800051ca	02a2a423	sw	x10,40(x5)	  x5:0x80018ca8 x10:0xff24c9b4 PA:0x80018cd0 store:0xff24c9b4 load:0xff24c9b4
        9593000	      4696	800051ce	02b2a623	sw	x11,44(x5)	  x5:0x80018ca8 x11:0x221c5e07 PA:0x80018cd4 store:0x221c5e07 load:0x221c5e07
        9617000	      4708	800051d2	02c2a823	sw	x12,48(x5)	  x5:0x80018ca8 x12:0x5296a150 PA:0x80018cd8 store:0x5296a150 load:0x5296a150
        9643000	      4721	800051d6	02d2aa23	sw	x13,52(x5)	  x5:0x80018ca8 x13:0x8ffffc34 PA:0x80018cdc store:0x8ffffc34 load:0x8ffffc34
        9671000	      4735	800051da	02e2ac23	sw	x14,56(x5)	  x5:0x80018ca8 x14:0x2f84d186 PA:0x80018ce0 store:0x2f84d186 load:0x2f84d186
        9681000	      4740	800051de	02f2ae23	sw	x15,60(x5)	  x5:0x80018ca8 x15:0xfa11812e PA:0x80018ce4 store:0xfa11812e load:0xfa11812e
        9685000	      4742	800051e2	0502a023	sw	x16,64(x5)	  x5:0x80018ca8 x16:0x00000001 PA:0x80018ce8 store:0x00000001 load:0x00000001
        9717000	      4758	800051e6	0512a223	sw	x17,68(x5)	  x5:0x80018ca8 x17:0x0ffffffc PA:0x80018cec store:0x0ffffffc load:0x0ffffffc
        9741000	      4770	800051ea	0522a423	sw	x18,72(x5)	  x5:0x80018ca8 x18:0x80000000 PA:0x80018cf0 store:0x80000000 load:0x80000000
        9749000	      4774	800051ee	0532a623	sw	x19,76(x5)	  x5:0x80018ca8 x19:0x8001ce7c PA:0x80018cf4 store:0x8001ce7c load:0x8001ce7c
        9821000	      4810	800051f2	0542a823	sw	x20,80(x5)	  x5:0x80018ca8 x20:0xf4b94f69 PA:0x80018cf8 store:0xf4b94f69 load:0xf4b94f69
        9841000	      4820	800051f6	0552aa23	sw	x21,84(x5)	  x5:0x80018ca8 x21:0x0ffffffc PA:0x80018cfc store:0x0ffffffc load:0x0ffffffc
        9865000	      4832	800051fa	0562ac23	sw	x22,88(x5)	  x5:0x80018ca8 x22:0x00000000 PA:0x80018d00 store:0x00000000 load:0x00000000
        9925000	      4862	800051fe	0572ae23	sw	x23,92(x5)	  x5:0x80018ca8 x23:0x38026492 PA:0x80018d04 store:0x38026492 load:0x38026492
        9965000	      4882	80005202	0782a023	sw	x24,96(x5)	  x5:0x80018ca8 x24:0x8ffffc34 PA:0x80018d08 store:0x8ffffc34 load:0x8ffffc34
        9975000	      4887	80005206	0792a223	sw	x25,100(x5)	  x5:0x80018ca8 x25:0x00000000 PA:0x80018d0c store:0x00000000 load:0x00000000
        9995000	      4897	8000520a	07a2a423	sw	x26,104(x5)	  x5:0x80018ca8 x26:0x80000000 PA:0x80018d10 store:0x80000000 load:0x80000000
       10023000	      4911	8000520e	07b2a623	sw	x27,108(x5)	  x5:0x80018ca8 x27:0x80000000 PA:0x80018d14 store:0x80000000 load:0x80000000
       10077000	      4938	80005212	07c2a823	sw	x28,112(x5)	  x5:0x80018ca8 x28:0x00000000 PA:0x80018d18 store:0x00000000 load:0x00000000
       10087000	      4943	80005216	07d2aa23	sw	x29,116(x5)	  x5:0x80018ca8 x29:0x00000000 PA:0x80018d1c store:0x00000000 load:0x00000000
       10107000	      4953	8000521a	07e2ac23	sw	x30,120(x5)	  x5:0x80018ca8 x30:0x00000005 PA:0x80018d20 store:0x00000005 load:0x00000005
       10181000	      4990	8000521e	07f2ae23	sw	x31,124(x5)	  x5:0x80018ca8 x31:0x80000000 PA:0x80018d24 store:0x80000000 load:0x80000000
       10183000	      4991	80005222	90000437	lui	x8,0x90000	  x8=0x90000000
       10185000	      4992	80005226	ffc40413	addi	x8,x8,-4	  x8:0x90000000  x8=0x8ffffffc
       10187000	      4993	8000522a	4b19	c.li	x22,6	 x22=0x00000006
       10229000	      5014	8000522c	0b22	c.slli	x22,0x8	 x22:0x00000006 x22=0x00000600
       10231000	      5015	8000522e	000b0b13	addi	x22,x22,0	 x22:0x00000600 x22=0x00000600
       10253000	      5026	80005232	01642023	sw	x22,0(x8)	  x8:0x8ffffffc x22:0x00000600 PA:0x8ffffffc store:0x00000600 load:0x00000600
       10255000	      5027	80005236	34202b73	csrrs	x22,mcause,x0	  x0:0x00000000 x22=0x00000000
       10297000	      5048	8000523a	01fb5b13	srli	x22,x22,0x1f	 x22:0x00000000 x22=0x00000000
       10341000	      5070	8000523e	060b0c63	beq	x22,x0,800052b6	 x22:0x00000000  x0:0x00000000  x0=0x00000000
       10419000	      5109	800052b6	be1d	c.j	80004dec	
       10477000	      5138	80004dec	4185	c.li	x3,1	  x3=0x00000001
       10479000	      5139	80004dee	00000073	ecall	
       10505000	      5152	80000004	19a0506f	jal	x0,8000519e	  x0=0x00000000
       10601000	      5200	8000519e	7b200073	dret	
       10643000	      5221	800051a2	f8428293	addi	x5,x5,-124	  x5:0x80018ca8  x5=0x80018c2c
       10727000	      5263	800051a6	0012a223	sw	x1,4(x5)	  x5:0x80018c2c  x1:0x00000000 PA:0x80018c30 store:0x00000000 load:0x00000000
       10773000	      5286	800051aa	0022a423	sw	x2,8(x5)	  x5:0x80018c2c  x2:0x00000000 PA:0x80018c34 store:0x00000000 load:0x00000000
       10793000	      5296	800051ae	0032a623	sw	x3,12(x5)	  x5:0x80018c2c  x3:0x00000001 PA:0x80018c38 store:0x00000001 load:0x00000001
       10819000	      5309	800051b2	0042a823	sw	x4,16(x5)	  x5:0x80018c2c  x4:0x00000000 PA:0x80018c3c store:0x00000000 load:0x00000000
       10851000	      5325	800051b6	0052aa23	sw	x5,20(x5)	  x5:0x80018c2c  x5:0x80018c2c PA:0x80018c40 store:0x80018c2c load:0x80018c2c
       10859000	      5329	800051ba	0062ac23	sw	x6,24(x5)	  x5:0x80018c2c  x6:0x00000000 PA:0x80018c44 store:0x00000000 load:0x00000000
       10883000	      5341	800051be	0072ae23	sw	x7,28(x5)	  x5:0x80018c2c  x7:0xffdd2000 PA:0x80018c48 store:0xffdd2000 load:0xffdd2000
       10907000	      5353	800051c2	0282a023	sw	x8,32(x5)	  x5:0x80018c2c  x8:0x8ffffffc PA:0x80018c4c store:0x8ffffffc load:0x8ffffffc
       10911000	      5355	800051c6	0292a223	sw	x9,36(x5)	  x5:0x80018c2c  x9:0x80000000 PA:0x80018c50 store:0x80000000 load:0x80000000
       10995000	      5397	800051ca	02a2a423	sw	x10,40(x5)	  x5:0x80018c2c x10:0xff24c9b4 PA:0x80018c54 store:0xff24c9b4 load:0xff24c9b4
       11043000	      5421	800051ce	02b2a623	sw	x11,44(x5)	  x5:0x80018c2c x11:0x221c5e07 PA:0x80018c58 store:0x221c5e07 load:0x221c5e07
       11047000	      5423	800051d2	02c2a823	sw	x12,48(x5)	  x5:0x80018c2c x12:0x5296a150 PA:0x80018c5c store:0x5296a150 load:0x5296a150
       11051000	      5425	800051d6	02d2aa23	sw	x13,52(x5)	  x5:0x80018c2c x13:0x8ffffc34 PA:0x80018c60 store:0x8ffffc34 load:0x8ffffc34
       11081000	      5440	800051da	02e2ac23	sw	x14,56(x5)	  x5:0x80018c2c x14:0x2f84d186 PA:0x80018c64 store:0x2f84d186 load:0x2f84d186
       11131000	      5465	800051de	02f2ae23	sw	x15,60(x5)	  x5:0x80018c2c x15:0xfa11812e PA:0x80018c68 store:0xfa11812e load:0xfa11812e
       11163000	      5481	800051e2	0502a023	sw	x16,64(x5)	  x5:0x80018c2c x16:0x00000001 PA:0x80018c6c store:0x00000001 load:0x00000001
       11169000	      5484	800051e6	0512a223	sw	x17,68(x5)	  x5:0x80018c2c x17:0x0ffffffc PA:0x80018c70 store:0x0ffffffc load:0x0ffffffc
       11213000	      5506	800051ea	0522a423	sw	x18,72(x5)	  x5:0x80018c2c x18:0x80000000 PA:0x80018c74 store:0x80000000 load:0x80000000
       11257000	      5528	800051ee	0532a623	sw	x19,76(x5)	  x5:0x80018c2c x19:0x8001ce7c PA:0x80018c78 store:0x8001ce7c load:0x8001ce7c
       11311000	      5555	800051f2	0542a823	sw	x20,80(x5)	  x5:0x80018c2c x20:0xf4b94f69 PA:0x80018c7c store:0xf4b94f69 load:0xf4b94f69
       11335000	      5567	800051f6	0552aa23	sw	x21,84(x5)	  x5:0x80018c2c x21:0x0ffffffc PA:0x80018c80 store:0x0ffffffc load:0x0ffffffc
       11359000	      5579	800051fa	0562ac23	sw	x22,88(x5)	  x5:0x80018c2c x22:0x00000000 PA:0x80018c84 store:0x00000000 load:0x00000000
       11387000	      5593	800051fe	0572ae23	sw	x23,92(x5)	  x5:0x80018c2c x23:0x38026492 PA:0x80018c88 store:0x38026492 load:0x38026492
       11449000	      5624	80005202	0782a023	sw	x24,96(x5)	  x5:0x80018c2c x24:0x8ffffc34 PA:0x80018c8c store:0x8ffffc34 load:0x8ffffc34
       11487000	      5643	80005206	0792a223	sw	x25,100(x5)	  x5:0x80018c2c x25:0x00000000 PA:0x80018c90 store:0x00000000 load:0x00000000
       11519000	      5659	8000520a	07a2a423	sw	x26,104(x5)	  x5:0x80018c2c x26:0x80000000 PA:0x80018c94 store:0x80000000 load:0x80000000
       11543000	      5671	8000520e	07b2a623	sw	x27,108(x5)	  x5:0x80018c2c x27:0x80000000 PA:0x80018c98 store:0x80000000 load:0x80000000
       11565000	      5682	80005212	07c2a823	sw	x28,112(x5)	  x5:0x80018c2c x28:0x00000000 PA:0x80018c9c store:0x00000000 load:0x00000000
       11611000	      5705	80005216	07d2aa23	sw	x29,116(x5)	  x5:0x80018c2c x29:0x00000000 PA:0x80018ca0 store:0x00000000 load:0x00000000
       11617000	      5708	8000521a	07e2ac23	sw	x30,120(x5)	  x5:0x80018c2c x30:0x00000005 PA:0x80018ca4 store:0x00000005 load:0x00000005
       11629000	      5714	8000521e	07f2ae23	sw	x31,124(x5)	  x5:0x80018c2c x31:0x80000000 PA:0x80018ca8 store:0x80000000 load:0x80000000
       11631000	      5715	80005222	90000437	lui	x8,0x90000	  x8=0x90000000
       11645000	      5722	80005226	ffc40413	addi	x8,x8,-4	  x8:0x90000000  x8=0x8ffffffc
       11647000	      5723	8000522a	4b19	c.li	x22,6	 x22=0x00000006
       11673000	      5736	8000522c	0b22	c.slli	x22,0x8	 x22:0x00000006 x22=0x00000600
       11691000	      5745	8000522e	000b0b13	addi	x22,x22,0	 x22:0x00000600 x22=0x00000600
       11707000	      5753	80005232	01642023	sw	x22,0(x8)	  x8:0x8ffffffc x22:0x00000600 PA:0x8ffffffc store:0x00000600 load:0x00000600
       11727000	      5763	80005236	34202b73	csrrs	x22,mcause,x0	  x0:0x00000000 x22=0x00000000
       11737000	      5768	8000523a	01fb5b13	srli	x22,x22,0x1f	 x22:0x00000000 x22=0x00000000
       11785000	      5792	8000523e	060b0c63	beq	x22,x0,800052b6	 x22:0x00000000  x0:0x00000000  x0=0x00000000
       11837000	      5818	800052b6	be1d	c.j	80004dec	
       11897000	      5848	80004dec	4185	c.li	x3,1	  x3=0x00000001
       11899000	      5849	80004dee	00000073	ecall	
       11941000	      5870	80000004	19a0506f	jal	x0,8000519e	  x0=0x00000000
       12011000	      5905	8000519e	7b200073	dret	
       12019000	      5909	800051a2	f8428293	addi	x5,x5,-124	  x5:0x80018c2c  x5=0x80018bb0
       12049000	      5924	800051a6	0012a223	sw	x1,4(x5)	  x5:0x80018bb0  x1:0x00000000 PA:0x80018bb4 store:0x00000000 load:0x00000000
       12065000	      5932	800051aa	0022a423	sw	x2,8(x5)	  x5:0x80018bb0  x2:0x00000000 PA:0x80018bb8 store:0x00000000 load:0x00000000
       12127000	      5963	800051ae	0032a623	sw	x3,12(x5)	  x5:0x80018bb0  x3:0x00000001 PA:0x80018bbc store:0x00000001 load:0x00000001
       12139000	      5969	800051b2	0042a823	sw	x4,16(x5)	  x5:0x80018bb0  x4:0x00000000 PA:0x80018bc0 store:0x00000000 load:0x00000000
       12151000	      5975	800051b6	0052aa23	sw	x5,20(x5)	  x5:0x80018bb0  x5:0x80018bb0 PA:0x80018bc4 store:0x80018bb0 load:0x80018bb0
       12185000	      5992	800051ba	0062ac23	sw	x6,24(x5)	  x5:0x80018bb0  x6:0x00000000 PA:0x80018bc8 store:0x00000000 load:0x00000000
       12219000	      6009	800051be	0072ae23	sw	x7,28(x5)	  x5:0x80018bb0  x7:0xffdd2000 PA:0x80018bcc store:0xffdd2000 load:0xffdd2000
       12245000	      6022	800051c2	0282a023	sw	x8,32(x5)	  x5:0x80018bb0  x8:0x8ffffffc PA:0x80018bd0 store:0x8ffffffc load:0x8ffffffc
       12255000	      6027	800051c6	0292a223	sw	x9,36(x5)	  x5:0x80018bb0  x9:0x80000000 PA:0x80018bd4 store:0x80000000 load:0x80000000
       12285000	      6042	800051ca	02a2a423	sw	x10,40(x5)	  x5:0x80018bb0 x10:0xff24c9b4 PA:0x80018bd8 store:0xff24c9b4 load:0xff24c9b4
       12289000	      6044	800051ce	02b2a623	sw	x11,44(x5)	  x5:0x80018bb0 x11:0x221c5e07 PA:0x80018bdc store:0x221c5e07 load:0x221c5e07
       12303000	      6051	800051d2	02c2a823	sw	x12,48(x5)	  x5:0x80018bb0 x12:0x5296a150 PA:0x80018be0 store:0x5296a150 load:0x5296a150
       12323000	      6061	800051d6	02d2aa23	sw	x13,52(x5)	  x5:0x80018bb0 x13:0x8ffffc34 PA:0x80018be4 store:0x8ffffc34 load:0x8ffffc34
       12395000	      6097	800051da	02e2ac23	sw	x14,56(x5)	  x5:0x80018bb0 x14:0x2f84d186 PA:0x80018be8 store:0x2f84d186 load:0x2f84d186
       12399000	      6099	800051de	02f2ae23	sw	x15,60(x5)	  x5:0x80018bb0 x15:0xfa11812e PA:0x80018bec store:0xfa11812e load:0xfa11812e
       12467000	      6133	800051e2	0502a023	sw	x16,64(x5)	  x5:0x80018bb0 x16:0x00000001 PA:0x80018bf0 store:0x00000001 load:0x00000001
       12485000	      6142	800051e6	0512a223	sw	x17,68(x5)	  x5:0x80018bb0 x17:0x0ffffffc PA:0x80018bf4 store:0x0ffffffc load:0x0ffffffc
       12513000	      6156	800051ea	0522a423	sw	x18,72(x5)	  x5:0x80018bb0 x18:0x80000000 PA:0x80018bf8 store:0x80000000 load:0x80000000
       12547000	      6173	800051ee	0532a623	sw	x19,76(x5)	  x5:0x80018bb0 x19:0x8001ce7c PA:0x80018bfc store:0x8001ce7c load:0x8001ce7c
       12569000	      6184	800051f2	0542a823	sw	x20,80(x5)	  x5:0x80018bb0 x20:0xf4b94f69 PA:0x80018c00 store:0xf4b94f69 load:0xf4b94f69
       12633000	      6216	800051f6	0552aa23	sw	x21,84(x5)	  x5:0x80018bb0 x21:0x0ffffffc PA:0x80018c04 store:0x0ffffffc load:0x0ffffffc
       12697000	      6248	800051fa	0562ac23	sw	x22,88(x5)	  x5:0x80018bb0 x22:0x00000000 PA:0x80018c08 store:0x00000000 load:0x00000000
       12741000	      6270	800051fe	0572ae23	sw	x23,92(x5)	  x5:0x80018bb0 x23:0x38026492 PA:0x80018c0c store:0x38026492 load:0x38026492
       12779000	      6289	80005202	0782a023	sw	x24,96(x5)	  x5:0x80018bb0 x24:0x8ffffc34 PA:0x80018c10 store:0x8ffffc34 load:0x8ffffc34
       12817000	      6308	80005206	0792a223	sw	x25,100(x5)	  x5:0x80018bb0 x25:0x00000000 PA:0x80018c14 store:0x00000000 load:0x00000000
       12841000	      6320	8000520a	07a2a423	sw	x26,104(x5)	  x5:0x80018bb0 x26:0x80000000 PA:0x80018c18 store:0x80000000 load:0x80000000
       12865000	      6332	8000520e	07b2a623	sw	x27,108(x5)	  x5:0x80018bb0 x27:0x80000000 PA:0x80018c1c store:0x80000000 load:0x80000000
       12901000	      6350	80005212	07c2a823	sw	x28,112(x5)	  x5:0x80018bb0 x28:0x00000000 PA:0x80018c20 store:0x00000000 load:0x00000000
       12925000	      6362	80005216	07d2aa23	sw	x29,116(x5)	  x5:0x80018bb0 x29:0x00000000 PA:0x80018c24 store:0x00000000 load:0x00000000
       12937000	      6368	8000521a	07e2ac23	sw	x30,120(x5)	  x5:0x80018bb0 x30:0x00000005 PA:0x80018c28 store:0x00000005 load:0x00000005
       12999000	      6399	8000521e	07f2ae23	sw	x31,124(x5)	  x5:0x80018bb0 x31:0x80000000 PA:0x80018c2c store:0x80000000 load:0x80000000
       13001000	      6400	80005222	90000437	lui	x8,0x90000	  x8=0x90000000
       13003000	      6401	80005226	ffc40413	addi	x8,x8,-4	  x8:0x90000000  x8=0x8ffffffc
       13005000	      6402	8000522a	4b19	c.li	x22,6	 x22=0x00000006
       13007000	      6403	8000522c	0b22	c.slli	x22,0x8	 x22:0x00000006 x22=0x00000600
       13011000	      6405	8000522e	000b0b13	addi	x22,x22,0	 x22:0x00000600 x22=0x00000600
       13019000	      6409	80005232	01642023	sw	x22,0(x8)	  x8:0x8ffffffc x22:0x00000600 PA:0x8ffffffc store:0x00000600 load:0x00000600
       13037000	      6418	80005236	34202b73	csrrs	x22,mcause,x0	  x0:0x00000000 x22=0x00000000
       13045000	      6422	8000523a	01fb5b13	srli	x22,x22,0x1f	 x22:0x00000000 x22=0x00000000
       13063000	      6431	8000523e	060b0c63	beq	x22,x0,800052b6	 x22:0x00000000  x0:0x00000000  x0=0x00000000
       13117000	      6458	800052b6	be1d	c.j	80004dec	
       13167000	      6483	80004dec	4185	c.li	x3,1	  x3=0x00000001
       13169000	      6484	80004dee	00000073	ecall	
       13199000	      6499	80000004	19a0506f	jal	x0,8000519e	  x0=0x00000000
       13231000	      6515	8000519e	7b200073	dret	
       13271000	      6535	800051a2	f8428293	addi	x5,x5,-124	  x5:0x80018bb0  x5=0x80018b34
       13293000	      6546	800051a6	0012a223	sw	x1,4(x5)	  x5:0x80018b34  x1:0x00000000 PA:0x80018b38 store:0x00000000 load:0x00000000
       13309000	      6554	800051aa	0022a423	sw	x2,8(x5)	  x5:0x80018b34  x2:0x00000000 PA:0x80018b3c store:0x00000000 load:0x00000000
       13313000	      6556	800051ae	0032a623	sw	x3,12(x5)	  x5:0x80018b34  x3:0x00000001 PA:0x80018b40 store:0x00000001 load:0x00000001
       13365000	      6582	800051b2	0042a823	sw	x4,16(x5)	  x5:0x80018b34  x4:0x00000000 PA:0x80018b44 store:0x00000000 load:0x00000000
       13387000	      6593	800051b6	0052aa23	sw	x5,20(x5)	  x5:0x80018b34  x5:0x80018b34 PA:0x80018b48 store:0x80018b34 load:0x80018b34
       13395000	      6597	800051ba	0062ac23	sw	x6,24(x5)	  x5:0x80018b34  x6:0x00000000 PA:0x80018b4c store:0x00000000 load:0x00000000
       13435000	      6617	800051be	0072ae23	sw	x7,28(x5)	  x5:0x80018b34  x7:0xffdd2000 PA:0x80018b50 store:0xffdd2000 load:0xffdd2000
       13515000	      6657	800051c2	0282a023	sw	x8,32(x5)	  x5:0x80018b34  x8:0x8ffffffc PA:0x80018b54 store:0x8ffffffc load:0x8ffffffc
       13529000	      6664	800051c6	0292a223	sw	x9,36(x5)	  x5:0x80018b34  x9:0x80000000 PA:0x80018b58 store:0x80000000 load:0x80000000
       13549000	      6674	800051ca	02a2a423	sw	x10,40(x5)	  x5:0x80018b34 x10:0xff24c9b4 PA:0x80018b5c store:0xff24c9b4 load:0xff24c9b4
       13567000	      6683	800051ce	02b2a623	sw	x11,44(x5)	  x5:0x80018b34 x11:0x221c5e07 PA:0x80018b60 store:0x221c5e07 load:0x221c5e07
       13589000	      6694	800051d2	02c2a823	sw	x12,48(x5)	  x5:0x80018b34 x12:0x5296a150 PA:0x80018b64 store:0x5296a150 load:0x5296a150
       13641000	      6720	800051d6	02d2aa23	sw	x13,52(x5)	  x5:0x80018b34 x13:0x8ffffc34 PA:0x80018b68 store:0x8ffffc34 load:0x8ffffc34
       13655000	      6727	800051da	02e2ac23	sw	x14,56(x5)	  x5:0x80018b34 x14:0x2f84d186 PA:0x80018b6c store:0x2f84d186 load:0x2f84d186
       13659000	      6729	800051de	02f2ae23	sw	x15,60(x5)	  x5:0x80018b34 x15:0xfa11812e PA:0x80018b70 store:0xfa11812e load:0xfa11812e
       13673000	      6736	800051e2	0502a023	sw	x16,64(x5)	  x5:0x80018b34 x16:0x00000001 PA:0x80018b74 store:0x00000001 load:0x00000001
       13689000	      6744	800051e6	0512a223	sw	x17,68(x5)	  x5:0x80018b34 x17:0x0ffffffc PA:0x80018b78 store:0x0ffffffc load:0x0ffffffc
       13707000	      6753	800051ea	0522a423	sw	x18,72(x5)	  x5:0x80018b34 x18:0x80000000 PA:0x80018b7c store:0x80000000 load:0x80000000
       13763000	      6781	800051ee	0532a623	sw	x19,76(x5)	  x5:0x80018b34 x19:0x8001ce7c PA:0x80018b80 store:0x8001ce7c load:0x8001ce7c
       13817000	      6808	800051f2	0542a823	sw	x20,80(x5)	  x5:0x80018b34 x20:0xf4b94f69 PA:0x80018b84 store:0xf4b94f69 load:0xf4b94f69
       13823000	      6811	800051f6	0552aa23	sw	x21,84(x5)	  x5:0x80018b34 x21:0x0ffffffc PA:0x80018b88 store:0x0ffffffc load:0x0ffffffc
       13925000	      6862	800051fa	0562ac23	sw	x22,88(x5)	  x5:0x80018b34 x22:0x00000000 PA:0x80018b8c store:0x00000000 load:0x00000000
       13939000	      6869	800051fe	0572ae23	sw	x23,92(x5)	  x5:0x80018b34 x23:0x38026492 PA:0x80018b90 store:0x38026492 load:0x38026492
       13975000	      6887	80005202	0782a023	sw	x24,96(x5)	  x5:0x80018b34 x24:0x8ffffc34 PA:0x80018b94 store:0x8ffffc34 load:0x8ffffc34
       13979000	      6889	80005206	0792a223	sw	x25,100(x5)	  x5:0x80018b34 x25:0x00000000 PA:0x80018b98 store:0x00000000 load:0x00000000
       13995000	      6897	8000520a	07a2a423	sw	x26,104(x5)	  x5:0x80018b34 x26:0x80000000 PA:0x80018b9c store:0x80000000 load:0x80000000
       14045000	      6922	8000520e	07b2a623	sw	x27,108(x5)	  x5:0x80018b34 x27:0x80000000 PA:0x80018ba0 store:0x80000000 load:0x80000000
       14101000	      6950	80005212	07c2a823	sw	x28,112(x5)	  x5:0x80018b34 x28:0x00000000 PA:0x80018ba4 store:0x00000000 load:0x00000000
       14123000	      6961	80005216	07d2aa23	sw	x29,116(x5)	  x5:0x80018b34 x29:0x00000000 PA:0x80018ba8 store:0x00000000 load:0x00000000
       14133000	      6966	8000521a	07e2ac23	sw	x30,120(x5)	  x5:0x80018b34 x30:0x00000005 PA:0x80018bac store:0x00000005 load:0x00000005
       14147000	      6973	8000521e	07f2ae23	sw	x31,124(x5)	  x5:0x80018b34 x31:0x80000000 PA:0x80018bb0 store:0x80000000 load:0x80000000
       14151000	      6975	80005222	90000437	lui	x8,0x90000	  x8=0x90000000
       14171000	      6985	80005226	ffc40413	addi	x8,x8,-4	  x8:0x90000000  x8=0x8ffffffc
       14173000	      6986	8000522a	4b19	c.li	x22,6	 x22=0x00000006
       14183000	      6991	8000522c	0b22	c.slli	x22,0x8	 x22:0x00000006 x22=0x00000600
       14205000	      7002	8000522e	000b0b13	addi	x22,x22,0	 x22:0x00000600 x22=0x00000600
       14289000	      7044	80005232	01642023	sw	x22,0(x8)	  x8:0x8ffffffc x22:0x00000600 PA:0x8ffffffc store:0x00000600 load:0x00000600
       14291000	      7045	80005236	34202b73	csrrs	x22,mcause,x0	  x0:0x00000000 x22=0x00000000
       14293000	      7046	8000523a	01fb5b13	srli	x22,x22,0x1f	 x22:0x00000000 x22=0x00000000
       14307000	      7053	8000523e	060b0c63	beq	x22,x0,800052b6	 x22:0x00000000  x0:0x00000000  x0=0x00000000
       14363000	      7081	800052b6	be1d	c.j	80004dec	
       14431000	      7115	80004dec	4185	c.li	x3,1	  x3=0x00000001
       14473000	      7136	80004dee	00000073	ecall	
       14495000	      7147	80000004	19a0506f	jal	x0,8000519e	  x0=0x00000000
       14559000	      7179	8000519e	7b200073	dret	
       14585000	      7192	800051a2	f8428293	addi	x5,x5,-124	  x5:0x80018b34  x5=0x80018ab8
       14657000	      7228	800051a6	0012a223	sw	x1,4(x5)	  x5:0x80018ab8  x1:0x00000000 PA:0x80018abc store:0x00000000 load:0x00000000
       14679000	      7239	800051aa	0022a423	sw	x2,8(x5)	  x5:0x80018ab8  x2:0x00000000 PA:0x80018ac0 store:0x00000000 load:0x00000000
       14739000	      7269	800051ae	0032a623	sw	x3,12(x5)	  x5:0x80018ab8  x3:0x00000001 PA:0x80018ac4 store:0x00000001 load:0x00000001
       14753000	      7276	800051b2	0042a823	sw	x4,16(x5)	  x5:0x80018ab8  x4:0x00000000 PA:0x80018ac8 store:0x00000000 load:0x00000000
       14777000	      7288	800051b6	0052aa23	sw	x5,20(x5)	  x5:0x80018ab8  x5:0x80018ab8 PA:0x80018acc store:0x80018ab8 load:0x80018ab8
       14841000	      7320	800051ba	0062ac23	sw	x6,24(x5)	  x5:0x80018ab8  x6:0x00000000 PA:0x80018ad0 store:0x00000000 load:0x00000000
       14867000	      7333	800051be	0072ae23	sw	x7,28(x5)	  x5:0x80018ab8  x7:0xffdd2000 PA:0x80018ad4 store:0xffdd2000 load:0xffdd2000
       14871000	      7335	800051c2	0282a023	sw	x8,32(x5)	  x5:0x80018ab8  x8:0x8ffffffc PA:0x80018ad8 store:0x8ffffffc load:0x8ffffffc
       14911000	      7355	800051c6	0292a223	sw	x9,36(x5)	  x5:0x80018ab8  x9:0x80000000 PA:0x80018adc store:0x80000000 load:0x80000000
       14945000	      7372	800051ca	02a2a423	sw	x10,40(x5)	  x5:0x80018ab8 x10:0xff24c9b4 PA:0x80018ae0 store:0xff24c9b4 load:0xff24c9b4
       14969000	      7384	800051ce	02b2a623	sw	x11,44(x5)	  x5:0x80018ab8 x11:0x221c5e07 PA:0x80018ae4 store:0x221c5e07 load:0x221c5e07
       15027000	      7413	800051d2	02c2a823	sw	x12,48(x5)	  x5:0x80018ab8 x12:0x5296a150 PA:0x80018ae8 store:0x5296a150 load:0x5296a150
       15051000	      7425	800051d6	02d2aa23	sw	x13,52(x5)	  x5:0x80018ab8 x13:0x8ffffc34 PA:0x80018aec store:0x8ffffc34 load:0x8ffffc34
       15083000	      7441	800051da	02e2ac23	sw	x14,56(x5)	  x5:0x80018ab8 x14:0x2f84d186 PA:0x80018af0 store:0x2f84d186 load:0x2f84d186
       15115000	      7457	800051de	02f2ae23	sw	x15,60(x5)	  x5:0x80018ab8 x15:0xfa11812e PA:0x80018af4 store:0xfa11812e load:0xfa11812e
       15141000	      7470	800051e2	0502a023	sw	x16,64(x5)	  x5:0x80018ab8 x16:0x00000001 PA:0x80018af8 store:0x00000001 load:0x00000001
       15153000	      7476	800051e6	0512a223	sw	x17,68(x5)	  x5:0x80018ab8 x17:0x0ffffffc PA:0x80018afc store:0x0ffffffc load:0x0ffffffc
       15213000	      7506	800051ea	0522a423	sw	x18,72(x5)	  x5:0x80018ab8 x18:0x80000000 PA:0x80018b00 store:0x80000000 load:0x80000000
       15245000	      7522	800051ee	0532a623	sw	x19,76(x5)	  x5:0x80018ab8 x19:0x8001ce7c PA:0x80018b04 store:0x8001ce7c load:0x8001ce7c
       15287000	      7543	800051f2	0542a823	sw	x20,80(x5)	  x5:0x80018ab8 x20:0xf4b94f69 PA:0x80018b08 store:0xf4b94f69 load:0xf4b94f69
       15311000	      7555	800051f6	0552aa23	sw	x21,84(x5)	  x5:0x80018ab8 x21:0x0ffffffc PA:0x80018b0c store:0x0ffffffc load:0x0ffffffc
       15331000	      7565	800051fa	0562ac23	sw	x22,88(x5)	  x5:0x80018ab8 x22:0x00000000 PA:0x80018b10 store:0x00000000 load:0x00000000
       15339000	      7569	800051fe	0572ae23	sw	x23,92(x5)	  x5:0x80018ab8 x23:0x38026492 PA:0x80018b14 store:0x38026492 load:0x38026492
       15387000	      7593	80005202	0782a023	sw	x24,96(x5)	  x5:0x80018ab8 x24:0x8ffffc34 PA:0x80018b18 store:0x8ffffc34 load:0x8ffffc34
       15391000	      7595	80005206	0792a223	sw	x25,100(x5)	  x5:0x80018ab8 x25:0x00000000 PA:0x80018b1c store:0x00000000 load:0x00000000
       15451000	      7625	8000520a	07a2a423	sw	x26,104(x5)	  x5:0x80018ab8 x26:0x80000000 PA:0x80018b20 store:0x80000000 load:0x80000000
       15457000	      7628	8000520e	07b2a623	sw	x27,108(x5)	  x5:0x80018ab8 x27:0x80000000 PA:0x80018b24 store:0x80000000 load:0x80000000
       15461000	      7630	80005212	07c2a823	sw	x28,112(x5)	  x5:0x80018ab8 x28:0x00000000 PA:0x80018b28 store:0x00000000 load:0x00000000
       15503000	      7651	80005216	07d2aa23	sw	x29,116(x5)	  x5:0x80018ab8 x29:0x00000000 PA:0x80018b2c store:0x00000000 load:0x00000000
       15547000	      7673	8000521a	07e2ac23	sw	x30,120(x5)	  x5:0x80018ab8 x30:0x00000005 PA:0x80018b30 store:0x00000005 load:0x00000005
       15579000	      7689	8000521e	07f2ae23	sw	x31,124(x5)	  x5:0x80018ab8 x31:0x80000000 PA:0x80018b34 store:0x80000000 load:0x80000000
       15581000	      7690	80005222	90000437	lui	x8,0x90000	  x8=0x90000000
       15605000	      7702	80005226	ffc40413	addi	x8,x8,-4	  x8:0x90000000  x8=0x8ffffffc
       15607000	      7703	8000522a	4b19	c.li	x22,6	 x22=0x00000006
       15625000	      7712	8000522c	0b22	c.slli	x22,0x8	 x22:0x00000006 x22=0x00000600
       15627000	      7713	8000522e	000b0b13	addi	x22,x22,0	 x22:0x00000600 x22=0x00000600
       15703000	      7751	80005232	01642023	sw	x22,0(x8)	  x8:0x8ffffffc x22:0x00000600 PA:0x8ffffffc store:0x00000600 load:0x00000600
       15705000	      7752	80005236	34202b73	csrrs	x22,mcause,x0	  x0:0x00000000 x22=0x00000000
       15707000	      7753	8000523a	01fb5b13	srli	x22,x22,0x1f	 x22:0x00000000 x22=0x00000000
       15753000	      7776	8000523e	060b0c63	beq	x22,x0,800052b6	 x22:0x00000000  x0:0x00000000  x0=0x00000000
       15805000	      7802	800052b6	be1d	c.j	80004dec	
       15869000	      7834	80004dec	4185	c.li	x3,1	  x3=0x00000001
       15893000	      7846	80004dee	00000073	ecall	
       15909000	      7854	80000004	19a0506f	jal	x0,8000519e	  x0=0x00000000
       15951000	      7875	8000519e	7b200073	dret	
       15959000	      7879	800051a2	f8428293	addi	x5,x5,-124	  x5:0x80018ab8  x5=0x80018a3c
       15969000	      7884	800051a6	0012a223	sw	x1,4(x5)	  x5:0x80018a3c  x1:0x00000000 PA:0x80018a40 store:0x00000000 load:0x00000000
       16019000	      7909	800051aa	0022a423	sw	x2,8(x5)	  x5:0x80018a3c  x2:0x00000000 PA:0x80018a44 store:0x00000000 load:0x00000000
       16047000	      7923	800051ae	0032a623	sw	x3,12(x5)	  x5:0x80018a3c  x3:0x00000001 PA:0x80018a48 store:0x00000001 load:0x00000001
       16071000	      7935	800051b2	0042a823	sw	x4,16(x5)	  x5:0x80018a3c  x4:0x00000000 PA:0x80018a4c store:0x00000000 load:0x00000000
       16115000	      7957	800051b6	0052aa23	sw	x5,20(x5)	  x5:0x80018a3c  x5:0x80018a3c PA:0x80018a50 store:0x80018a3c load:0x80018a3c
       16137000	      7968	800051ba	0062ac23	sw	x6,24(x5)	  x5:0x80018a3c  x6:0x00000000 PA:0x80018a54 store:0x00000000 load:0x00000000
       16145000	      7972	800051be	0072ae23	sw	x7,28(x5)	  x5:0x80018a3c  x7:0xffdd2000 PA:0x80018a58 store:0xffdd2000 load:0xffdd2000
       16185000	      7992	800051c2	0282a023	sw	x8,32(x5)	  x5:0x80018a3c  x8:0x8ffffffc PA:0x80018a5c store:0x8ffffffc load:0x8ffffffc
       16215000	      8007	800051c6	0292a223	sw	x9,36(x5)	  x5:0x80018a3c  x9:0x80000000 PA:0x80018a60 store:0x80000000 load:0x80000000
       16233000	      8016	800051ca	02a2a423	sw	x10,40(x5)	  x5:0x80018a3c x10:0xff24c9b4 PA:0x80018a64 store:0xff24c9b4 load:0xff24c9b4
       16257000	      8028	800051ce	02b2a623	sw	x11,44(x5)	  x5:0x80018a3c x11:0x221c5e07 PA:0x80018a68 store:0x221c5e07 load:0x221c5e07
       16279000	      8039	800051d2	02c2a823	sw	x12,48(x5)	  x5:0x80018a3c x12:0x5296a150 PA:0x80018a6c store:0x5296a150 load:0x5296a150
       16325000	      8062	800051d6	02d2aa23	sw	x13,52(x5)	  x5:0x80018a3c x13:0x8ffffc34 PA:0x80018a70 store:0x8ffffc34 load:0x8ffffc34
       16343000	      8071	800051da	02e2ac23	sw	x14,56(x5)	  x5:0x80018a3c x14:0x2f84d186 PA:0x80018a74 store:0x2f84d186 load:0x2f84d186
       16385000	      8092	800051de	02f2ae23	sw	x15,60(x5)	  x5:0x80018a3c x15:0xfa11812e PA:0x80018a78 store:0xfa11812e load:0xfa11812e
       16397000	      8098	800051e2	0502a023	sw	x16,64(x5)	  x5:0x80018a3c x16:0x00000001 PA:0x80018a7c store:0x00000001 load:0x00000001
       16425000	      8112	800051e6	0512a223	sw	x17,68(x5)	  x5:0x80018a3c x17:0x0ffffffc PA:0x80018a80 store:0x0ffffffc load:0x0ffffffc
       16473000	      8136	800051ea	0522a423	sw	x18,72(x5)	  x5:0x80018a3c x18:0x80000000 PA:0x80018a84 store:0x80000000 load:0x80000000
       16529000	      8164	800051ee	0532a623	sw	x19,76(x5)	  x5:0x80018a3c x19:0x8001ce7c PA:0x80018a88 store:0x8001ce7c load:0x8001ce7c
       16553000	      8176	800051f2	0542a823	sw	x20,80(x5)	  x5:0x80018a3c x20:0xf4b94f69 PA:0x80018a8c store:0xf4b94f69 load:0xf4b94f69
       16591000	      8195	800051f6	0552aa23	sw	x21,84(x5)	  x5:0x80018a3c x21:0x0ffffffc PA:0x80018a90 store:0x0ffffffc load:0x0ffffffc
       16613000	      8206	800051fa	0562ac23	sw	x22,88(x5)	  x5:0x80018a3c x22:0x00000000 PA:0x80018a94 store:0x00000000 load:0x00000000
       16635000	      8217	800051fe	0572ae23	sw	x23,92(x5)	  x5:0x80018a3c x23:0x38026492 PA:0x80018a98 store:0x38026492 load:0x38026492
       16661000	      8230	80005202	0782a023	sw	x24,96(x5)	  x5:0x80018a3c x24:0x8ffffc34 PA:0x80018a9c store:0x8ffffc34 load:0x8ffffc34
       16677000	      8238	80005206	0792a223	sw	x25,100(x5)	  x5:0x80018a3c x25:0x00000000 PA:0x80018aa0 store:0x00000000 load:0x00000000
       16681000	      8240	8000520a	07a2a423	sw	x26,104(x5)	  x5:0x80018a3c x26:0x80000000 PA:0x80018aa4 store:0x80000000 load:0x80000000
       16685000	      8242	8000520e	07b2a623	sw	x27,108(x5)	  x5:0x80018a3c x27:0x80000000 PA:0x80018aa8 store:0x80000000 load:0x80000000
       16767000	      8283	80005212	07c2a823	sw	x28,112(x5)	  x5:0x80018a3c x28:0x00000000 PA:0x80018aac store:0x00000000 load:0x00000000
       16771000	      8285	80005216	07d2aa23	sw	x29,116(x5)	  x5:0x80018a3c x29:0x00000000 PA:0x80018ab0 store:0x00000000 load:0x00000000
       16785000	      8292	8000521a	07e2ac23	sw	x30,120(x5)	  x5:0x80018a3c x30:0x00000005 PA:0x80018ab4 store:0x00000005 load:0x00000005
       16809000	      8304	8000521e	07f2ae23	sw	x31,124(x5)	  x5:0x80018a3c x31:0x80000000 PA:0x80018ab8 store:0x80000000 load:0x80000000
       16833000	      8316	80005222	90000437	lui	x8,0x90000	  x8=0x90000000
       16835000	      8317	80005226	ffc40413	addi	x8,x8,-4	  x8:0x90000000  x8=0x8ffffffc
       16837000	      8318	8000522a	4b19	c.li	x22,6	 x22=0x00000006
       16839000	      8319	8000522c	0b22	c.slli	x22,0x8	 x22:0x00000006 x22=0x00000600
       16841000	      8320	8000522e	000b0b13	addi	x22,x22,0	 x22:0x00000600 x22=0x00000600
       16901000	      8350	80005232	01642023	sw	x22,0(x8)	  x8:0x8ffffffc x22:0x00000600 PA:0x8ffffffc store:0x00000600 load:0x00000600
       16903000	      8351	80005236	34202b73	csrrs	x22,mcause,x0	  x0:0x00000000 x22=0x00000000
       16905000	      8352	8000523a	01fb5b13	srli	x22,x22,0x1f	 x22:0x00000000 x22=0x00000000
       16941000	      8370	8000523e	060b0c63	beq	x22,x0,800052b6	 x22:0x00000000  x0:0x00000000  x0=0x00000000
       17033000	      8416	800052b6	be1d	c.j	80004dec	
       17041000	      8420	80004dec	4185	c.li	x3,1	  x3=0x00000001
       17061000	      8430	80004dee	00000073	ecall	
       17119000	      8459	80000004	19a0506f	jal	x0,8000519e	  x0=0x00000000
       17139000	      8469	8000519e	7b200073	dret	
       17141000	      8470	800051a2	f8428293	addi	x5,x5,-124	  x5:0x80018a3c  x5=0x800189c0
       17175000	      8487	800051a6	0012a223	sw	x1,4(x5)	  x5:0x800189c0  x1:0x00000000 PA:0x800189c4 store:0x00000000 load:0x00000000
       17239000	      8519	800051aa	0022a423	sw	x2,8(x5)	  x5:0x800189c0  x2:0x00000000 PA:0x800189c8 store:0x00000000 load:0x00000000
       17261000	      8530	800051ae	0032a623	sw	x3,12(x5)	  x5:0x800189c0  x3:0x00000001 PA:0x800189cc store:0x00000001 load:0x00000001
       17305000	      8552	800051b2	0042a823	sw	x4,16(x5)	  x5:0x800189c0  x4:0x00000000 PA:0x800189d0 store:0x00000000 load:0x00000000
       17309000	      8554	800051b6	0052aa23	sw	x5,20(x5)	  x5:0x800189c0  x5:0x800189c0 PA:0x800189d4 store:0x800189c0 load:0x800189c0
       17363000	      8581	800051ba	0062ac23	sw	x6,24(x5)	  x5:0x800189c0  x6:0x00000000 PA:0x800189d8 store:0x00000000 load:0x00000000
       17371000	      8585	800051be	0072ae23	sw	x7,28(x5)	  x5:0x800189c0  x7:0xffdd2000 PA:0x800189dc store:0xffdd2000 load:0xffdd2000
       17393000	      8596	800051c2	0282a023	sw	x8,32(x5)	  x5:0x800189c0  x8:0x8ffffffc PA:0x800189e0 store:0x8ffffffc load:0x8ffffffc
       17435000	      8617	800051c6	0292a223	sw	x9,36(x5)	  x5:0x800189c0  x9:0x80000000 PA:0x800189e4 store:0x80000000 load:0x80000000
       17461000	      8630	800051ca	02a2a423	sw	x10,40(x5)	  x5:0x800189c0 x10:0xff24c9b4 PA:0x800189e8 store:0xff24c9b4 load:0xff24c9b4
       17465000	      8632	800051ce	02b2a623	sw	x11,44(x5)	  x5:0x800189c0 x11:0x221c5e07 PA:0x800189ec store:0x221c5e07 load:0x221c5e07
       17537000	      8668	800051d2	02c2a823	sw	x12,48(x5)	  x5:0x800189c0 x12:0x5296a150 PA:0x800189f0 store:0x5296a150 load:0x5296a150
       17599000	      8699	800051d6	02d2aa23	sw	x13,52(x5)	  x5:0x800189c0 x13:0x8ffffc34 PA:0x800189f4 store:0x8ffffc34 load:0x8ffffc34
       17623000	      8711	800051da	02e2ac23	sw	x14,56(x5)	  x5:0x800189c0 x14:0x2f84d186 PA:0x800189f8 store:0x2f84d186 load:0x2f84d186
       17699000	      8749	800051de	02f2ae23	sw	x15,60(x5)	  x5:0x800189c0 x15:0xfa11812e PA:0x800189fc store:0xfa11812e load:0xfa11812e
       17707000	      8753	800051e2	0502a023	sw	x16,64(x5)	  x5:0x800189c0 x16:0x00000001 PA:0x80018a00 store:0x00000001 load:0x00000001
       17715000	      8757	800051e6	0512a223	sw	x17,68(x5)	  x5:0x800189c0 x17:0x0ffffffc PA:0x80018a04 store:0x0ffffffc load:0x0ffffffc
       17767000	      8783	800051ea	0522a423	sw	x18,72(x5)	  x5:0x800189c0 x18:0x80000000 PA:0x80018a08 store:0x80000000 load:0x80000000
       17787000	      8793	800051ee	0532a623	sw	x19,76(x5)	  x5:0x800189c0 x19:0x8001ce7c PA:0x80018a0c store:0x8001ce7c load:0x8001ce7c
       17811000	      8805	800051f2	0542a823	sw	x20,80(x5)	  x5:0x800189c0 x20:0xf4b94f69 PA:0x80018a10 store:0xf4b94f69 load:0xf4b94f69
       17879000	      8839	800051f6	0552aa23	sw	x21,84(x5)	  x5:0x800189c0 x21:0x0ffffffc PA:0x80018a14 store:0x0ffffffc load:0x0ffffffc
       17937000	      8868	800051fa	0562ac23	sw	x22,88(x5)	  x5:0x800189c0 x22:0x00000000 PA:0x80018a18 store:0x00000000 load:0x00000000
       17969000	      8884	800051fe	0572ae23	sw	x23,92(x5)	  x5:0x800189c0 x23:0x38026492 PA:0x80018a1c store:0x38026492 load:0x38026492
       18019000	      8909	80005202	0782a023	sw	x24,96(x5)	  x5:0x800189c0 x24:0x8ffffc34 PA:0x80018a20 store:0x8ffffc34 load:0x8ffffc34
       18051000	      8925	80005206	0792a223	sw	x25,100(x5)	  x5:0x800189c0 x25:0x00000000 PA:0x80018a24 store:0x00000000 load:0x00000000
       18095000	      8947	8000520a	07a2a423	sw	x26,104(x5)	  x5:0x800189c0 x26:0x80000000 PA:0x80018a28 store:0x80000000 load:0x80000000
       18119000	      8959	8000520e	07b2a623	sw	x27,108(x5)	  x5:0x800189c0 x27:0x80000000 PA:0x80018a2c store:0x80000000 load:0x80000000
       18135000	      8967	80005212	07c2a823	sw	x28,112(x5)	  x5:0x800189c0 x28:0x00000000 PA:0x80018a30 store:0x00000000 load:0x00000000
       18139000	      8969	80005216	07d2aa23	sw	x29,116(x5)	  x5:0x800189c0 x29:0x00000000 PA:0x80018a34 store:0x00000000 load:0x00000000
       18163000	      8981	8000521a	07e2ac23	sw	x30,120(x5)	  x5:0x800189c0 x30:0x00000005 PA:0x80018a38 store:0x00000005 load:0x00000005
       18187000	      8993	8000521e	07f2ae23	sw	x31,124(x5)	  x5:0x800189c0 x31:0x80000000 PA:0x80018a3c store:0x80000000 load:0x80000000
       18189000	      8994	80005222	90000437	lui	x8,0x90000	  x8=0x90000000
       18201000	      9000	80005226	ffc40413	addi	x8,x8,-4	  x8:0x90000000  x8=0x8ffffffc
       18203000	      9001	8000522a	4b19	c.li	x22,6	 x22=0x00000006
       18209000	      9004	8000522c	0b22	c.slli	x22,0x8	 x22:0x00000006 x22=0x00000600
       18239000	      9019	8000522e	000b0b13	addi	x22,x22,0	 x22:0x00000600 x22=0x00000600
       18255000	      9027	80005232	01642023	sw	x22,0(x8)	  x8:0x8ffffffc x22:0x00000600 PA:0x8ffffffc store:0x00000600 load:0x00000600
       18285000	      9042	80005236	34202b73	csrrs	x22,mcause,x0	  x0:0x00000000 x22=0x00000000
       18303000	      9051	8000523a	01fb5b13	srli	x22,x22,0x1f	 x22:0x00000000 x22=0x00000000
       18307000	      9053	8000523e	060b0c63	beq	x22,x0,800052b6	 x22:0x00000000  x0:0x00000000  x0=0x00000000
       18323000	      9061	800052b6	be1d	c.j	80004dec	
       18345000	      9072	80004dec	4185	c.li	x3,1	  x3=0x00000001
       18367000	      9083	80004dee	00000073	ecall	
       18413000	      9106	80000004	19a0506f	jal	x0,8000519e	  x0=0x00000000
       18497000	      9148	8000519e	7b200073	dret	
       18499000	      9149	800051a2	f8428293	addi	x5,x5,-124	  x5:0x800189c0  x5=0x80018944
       18571000	      9185	800051a6	0012a223	sw	x1,4(x5)	  x5:0x80018944  x1:0x00000000 PA:0x80018948 store:0x00000000 load:0x00000000
       18595000	      9197	800051aa	0022a423	sw	x2,8(x5)	  x5:0x80018944  x2:0x00000000 PA:0x8001894c store:0x00000000 load:0x00000000
       18603000	      9201	800051ae	0032a623	sw	x3,12(x5)	  x5:0x80018944  x3:0x00000001 PA:0x80018950 store:0x00000001 load:0x00000001
       18723000	      9261	800051b2	0042a823	sw	x4,16(x5)	  x5:0x80018944  x4:0x00000000 PA:0x80018954 store:0x00000000 load:0x00000000
       18747000	      9273	800051b6	0052aa23	sw	x5,20(x5)	  x5:0x80018944  x5:0x80018944 PA:0x80018958 store:0x80018944 load:0x80018944
       18769000	      9284	800051ba	0062ac23	sw	x6,24(x5)	  x5:0x80018944  x6:0x00000000 PA:0x8001895c store:0x00000000 load:0x00000000
       18783000	      9291	800051be	0072ae23	sw	x7,28(x5)	  x5:0x80018944  x7:0xffdd2000 PA:0x80018960 store:0xffdd2000 load:0xffdd2000
       18807000	      9303	800051c2	0282a023	sw	x8,32(x5)	  x5:0x80018944  x8:0x8ffffffc PA:0x80018964 store:0x8ffffffc load:0x8ffffffc
       18871000	      9335	800051c6	0292a223	sw	x9,36(x5)	  x5:0x80018944  x9:0x80000000 PA:0x80018968 store:0x80000000 load:0x80000000
       18897000	      9348	800051ca	02a2a423	sw	x10,40(x5)	  x5:0x80018944 x10:0xff24c9b4 PA:0x8001896c store:0xff24c9b4 load:0xff24c9b4
       18941000	      9370	800051ce	02b2a623	sw	x11,44(x5)	  x5:0x80018944 x11:0x221c5e07 PA:0x80018970 store:0x221c5e07 load:0x221c5e07
       18977000	      9388	800051d2	02c2a823	sw	x12,48(x5)	  x5:0x80018944 x12:0x5296a150 PA:0x80018974 store:0x5296a150 load:0x5296a150
       19001000	      9400	800051d6	02d2aa23	sw	x13,52(x5)	  x5:0x80018944 x13:0x8ffffc34 PA:0x80018978 store:0x8ffffc34 load:0x8ffffc34
       19005000	      9402	800051da	02e2ac23	sw	x14,56(x5)	  x5:0x80018944 x14:0x2f84d186 PA:0x8001897c store:0x2f84d186 load:0x2f84d186
       19011000	      9405	800051de	02f2ae23	sw	x15,60(x5)	  x5:0x80018944 x15:0xfa11812e PA:0x80018980 store:0xfa11812e load:0xfa11812e
       19081000	      9440	800051e2	0502a023	sw	x16,64(x5)	  x5:0x80018944 x16:0x00000001 PA:0x80018984 store:0x00000001 load:0x00000001
       19117000	      9458	800051e6	0512a223	sw	x17,68(x5)	  x5:0x80018944 x17:0x0ffffffc PA:0x80018988 store:0x0ffffffc load:0x0ffffffc
       19145000	      9472	800051ea	0522a423	sw	x18,72(x5)	  x5:0x80018944 x18:0x80000000 PA:0x8001898c store:0x80000000 load:0x80000000
       19173000	      9486	800051ee	0532a623	sw	x19,76(x5)	  x5:0x80018944 x19:0x8001ce7c PA:0x80018990 store:0x8001ce7c load:0x8001ce7c
       19189000	      9494	800051f2	0542a823	sw	x20,80(x5)	  x5:0x80018944 x20:0xf4b94f69 PA:0x80018994 store:0xf4b94f69 load:0xf4b94f69
       19233000	      9516	800051f6	0552aa23	sw	x21,84(x5)	  x5:0x80018944 x21:0x0ffffffc PA:0x80018998 store:0x0ffffffc load:0x0ffffffc
       19265000	      9532	800051fa	0562ac23	sw	x22,88(x5)	  x5:0x80018944 x22:0x00000000 PA:0x8001899c store:0x00000000 load:0x00000000
       19289000	      9544	800051fe	0572ae23	sw	x23,92(x5)	  x5:0x80018944 x23:0x38026492 PA:0x800189a0 store:0x38026492 load:0x38026492
       19293000	      9546	80005202	0782a023	sw	x24,96(x5)	  x5:0x80018944 x24:0x8ffffc34 PA:0x800189a4 store:0x8ffffc34 load:0x8ffffc34
       19297000	      9548	80005206	0792a223	sw	x25,100(x5)	  x5:0x80018944 x25:0x00000000 PA:0x800189a8 store:0x00000000 load:0x00000000
       19375000	      9587	8000520a	07a2a423	sw	x26,104(x5)	  x5:0x80018944 x26:0x80000000 PA:0x800189ac store:0x80000000 load:0x80000000
       19391000	      9595	8000520e	07b2a623	sw	x27,108(x5)	  x5:0x80018944 x27:0x80000000 PA:0x800189b0 store:0x80000000 load:0x80000000
       19423000	      9611	80005212	07c2a823	sw	x28,112(x5)	  x5:0x80018944 x28:0x00000000 PA:0x800189b4 store:0x00000000 load:0x00000000
       19447000	      9623	80005216	07d2aa23	sw	x29,116(x5)	  x5:0x80018944 x29:0x00000000 PA:0x800189b8 store:0x00000000 load:0x00000000
       19451000	      9625	8000521a	07e2ac23	sw	x30,120(x5)	  x5:0x80018944 x30:0x00000005 PA:0x800189bc store:0x00000005 load:0x00000005
       19475000	      9637	8000521e	07f2ae23	sw	x31,124(x5)	  x5:0x80018944 x31:0x80000000 PA:0x800189c0 store:0x80000000 load:0x80000000
       19477000	      9638	80005222	90000437	lui	x8,0x90000	  x8=0x90000000
       19495000	      9647	80005226	ffc40413	addi	x8,x8,-4	  x8:0x90000000  x8=0x8ffffffc
       19497000	      9648	8000522a	4b19	c.li	x22,6	 x22=0x00000006
       19499000	      9649	8000522c	0b22	c.slli	x22,0x8	 x22:0x00000006 x22=0x00000600
       19519000	      9659	8000522e	000b0b13	addi	x22,x22,0	 x22:0x00000600 x22=0x00000600
       19547000	      9673	80005232	01642023	sw	x22,0(x8)	  x8:0x8ffffffc x22:0x00000600 PA:0x8ffffffc store:0x00000600 load:0x00000600
       19549000	      9674	80005236	34202b73	csrrs	x22,mcause,x0	  x0:0x00000000 x22=0x00000000
       19551000	      9675	8000523a	01fb5b13	srli	x22,x22,0x1f	 x22:0x00000000 x22=0x00000000
       19573000	      9686	8000523e	060b0c63	beq	x22,x0,800052b6	 x22:0x00000000  x0:0x00000000  x0=0x00000000
       19617000	      9708	800052b6	be1d	c.j	80004dec	
       19651000	      9725	80004dec	4185	c.li	x3,1	  x3=0x00000001
       19657000	      9728	80004dee	00000073	ecall	
       19765000	      9782	80000004	19a0506f	jal	x0,8000519e	  x0=0x00000000
       19789000	      9794	8000519e	7b200073	dret	
       19823000	      9811	800051a2	f8428293	addi	x5,x5,-124	  x5:0x80018944  x5=0x800188c8
       19841000	      9820	800051a6	0012a223	sw	x1,4(x5)	  x5:0x800188c8  x1:0x00000000 PA:0x800188cc store:0x00000000 load:0x00000000
       19905000	      9852	800051aa	0022a423	sw	x2,8(x5)	  x5:0x800188c8  x2:0x00000000 PA:0x800188d0 store:0x00000000 load:0x00000000
       19909000	      9854	800051ae	0032a623	sw	x3,12(x5)	  x5:0x800188c8  x3:0x00000001 PA:0x800188d4 store:0x00000001 load:0x00000001
       19929000	      9864	800051b2	0042a823	sw	x4,16(x5)	  x5:0x800188c8  x4:0x00000000 PA:0x800188d8 store:0x00000000 load:0x00000000
       19987000	      9893	800051b6	0052aa23	sw	x5,20(x5)	  x5:0x800188c8  x5:0x800188c8 PA:0x800188dc store:0x800188c8 load:0x800188c8
       20029000	      9914	800051ba	0062ac23	sw	x6,24(x5)	  x5:0x800188c8  x6:0x00000000 PA:0x800188e0 store:0x00000000 load:0x00000000
       20039000	      9919	800051be	0072ae23	sw	x7,28(x5)	  x5:0x800188c8  x7:0xffdd2000 PA:0x800188e4 store:0xffdd2000 load:0xffdd2000
       20063000	      9931	800051c2	0282a023	sw	x8,32(x5)	  x5:0x800188c8  x8:0x8ffffffc PA:0x800188e8 store:0x8ffffffc load:0x8ffffffc
       20067000	      9933	800051c6	0292a223	sw	x9,36(x5)	  x5:0x800188c8  x9:0x80000000 PA:0x800188ec store:0x80000000 load:0x80000000
       20101000	      9950	800051ca	02a2a423	sw	x10,40(x5)	  x5:0x800188c8 x10:0xff24c9b4 PA:0x800188f0 store:0xff24c9b4 load:0xff24c9b4
       20157000	      9978	800051ce	02b2a623	sw	x11,44(x5)	  x5:0x800188c8 x11:0x221c5e07 PA:0x800188f4 store:0x221c5e07 load:0x221c5e07
       20175000	      9987	800051d2	02c2a823	sw	x12,48(x5)	  x5:0x800188c8 x12:0x5296a150 PA:0x800188f8 store:0x5296a150 load:0x5296a150
       20179000	      9989	800051d6	02d2aa23	sw	x13,52(x5)	  x5:0x800188c8 x13:0x8ffffc34 PA:0x800188fc store:0x8ffffc34 load:0x8ffffc34
       20229000	     10014	800051da	02e2ac23	sw	x14,56(x5)	  x5:0x800188c8 x14:0x2f84d186 PA:0x80018900 store:0x2f84d186 load:0x2f84d186
       20259000	     10029	800051de	02f2ae23	sw	x15,60(x5)	  x5:0x800188c8 x15:0xfa11812e PA:0x80018904 store:0xfa11812e load:0xfa11812e
       20307000	     10053	800051e2	0502a023	sw	x16,64(x5)	  x5:0x800188c8 x16:0x00000001 PA:0x80018908 store:0x00000001 load:0x00000001
       20321000	     10060	800051e6	0512a223	sw	x17,68(x5)	  x5:0x800188c8 x17:0x0ffffffc PA:0x8001890c store:0x0ffffffc load:0x0ffffffc
       20325000	     10062	800051ea	0522a423	sw	x18,72(x5)	  x5:0x800188c8 x18:0x80000000 PA:0x80018910 store:0x80000000 load:0x80000000
       20369000	     10084	800051ee	0532a623	sw	x19,76(x5)	  x5:0x800188c8 x19:0x8001ce7c PA:0x80018914 store:0x8001ce7c load:0x8001ce7c
       20373000	     10086	800051f2	0542a823	sw	x20,80(x5)	  x5:0x800188c8 x20:0xf4b94f69 PA:0x80018918 store:0xf4b94f69 load:0xf4b94f69
       20415000	     10107	800051f6	0552aa23	sw	x21,84(x5)	  x5:0x800188c8 x21:0x0ffffffc PA:0x8001891c store:0x0ffffffc load:0x0ffffffc
       20471000	     10135	800051fa	0562ac23	sw	x22,88(x5)	  x5:0x800188c8 x22:0x00000000 PA:0x80018920 store:0x00000000 load:0x00000000
       20535000	     10167	800051fe	0572ae23	sw	x23,92(x5)	  x5:0x800188c8 x23:0x38026492 PA:0x80018924 store:0x38026492 load:0x38026492
       20555000	     10177	80005202	0782a023	sw	x24,96(x5)	  x5:0x800188c8 x24:0x8ffffc34 PA:0x80018928 store:0x8ffffc34 load:0x8ffffc34
       20559000	     10179	80005206	0792a223	sw	x25,100(x5)	  x5:0x800188c8 x25:0x00000000 PA:0x8001892c store:0x00000000 load:0x00000000
       20601000	     10200	8000520a	07a2a423	sw	x26,104(x5)	  x5:0x800188c8 x26:0x80000000 PA:0x80018930 store:0x80000000 load:0x80000000
       20651000	     10225	8000520e	07b2a623	sw	x27,108(x5)	  x5:0x800188c8 x27:0x80000000 PA:0x80018934 store:0x80000000 load:0x80000000
       20675000	     10237	80005212	07c2a823	sw	x28,112(x5)	  x5:0x800188c8 x28:0x00000000 PA:0x80018938 store:0x00000000 load:0x00000000
       20679000	     10239	80005216	07d2aa23	sw	x29,116(x5)	  x5:0x800188c8 x29:0x00000000 PA:0x8001893c store:0x00000000 load:0x00000000
       20705000	     10252	8000521a	07e2ac23	sw	x30,120(x5)	  x5:0x800188c8 x30:0x00000005 PA:0x80018940 store:0x00000005 load:0x00000005
       20729000	     10264	8000521e	07f2ae23	sw	x31,124(x5)	  x5:0x800188c8 x31:0x80000000 PA:0x80018944 store:0x80000000 load:0x80000000
       20731000	     10265	80005222	90000437	lui	x8,0x90000	  x8=0x90000000
       20735000	     10267	80005226	ffc40413	addi	x8,x8,-4	  x8:0x90000000  x8=0x8ffffffc
       20737000	     10268	8000522a	4b19	c.li	x22,6	 x22=0x00000006
       20741000	     10270	8000522c	0b22	c.slli	x22,0x8	 x22:0x00000006 x22=0x00000600
       20743000	     10271	8000522e	000b0b13	addi	x22,x22,0	 x22:0x00000600 x22=0x00000600
       20779000	     10289	80005232	01642023	sw	x22,0(x8)	  x8:0x8ffffffc x22:0x00000600 PA:0x8ffffffc store:0x00000600 load:0x00000600
       20805000	     10302	80005236	34202b73	csrrs	x22,mcause,x0	  x0:0x00000000 x22=0x00000000
       20809000	     10304	8000523a	01fb5b13	srli	x22,x22,0x1f	 x22:0x00000000 x22=0x00000000
       20833000	     10316	8000523e	060b0c63	beq	x22,x0,800052b6	 x22:0x00000000  x0:0x00000000  x0=0x00000000
       20881000	     10340	800052b6	be1d	c.j	80004dec	
       20945000	     10372	80004dec	4185	c.li	x3,1	  x3=0x00000001
       20947000	     10373	80004dee	00000073	ecall	
       21019000	     10409	80000004	19a0506f	jal	x0,8000519e	  x0=0x00000000
       21045000	     10422	8000519e	7b200073	dret	
       21065000	     10432	800051a2	f8428293	addi	x5,x5,-124	  x5:0x800188c8  x5=0x8001884c
       21107000	     10453	800051a6	0012a223	sw	x1,4(x5)	  x5:0x8001884c  x1:0x00000000 PA:0x80018850 store:0x00000000 load:0x00000000
       21131000	     10465	800051aa	0022a423	sw	x2,8(x5)	  x5:0x8001884c  x2:0x00000000 PA:0x80018854 store:0x00000000 load:0x00000000
       21153000	     10476	800051ae	0032a623	sw	x3,12(x5)	  x5:0x8001884c  x3:0x00000001 PA:0x80018858 store:0x00000001 load:0x00000001
       21209000	     10504	800051b2	0042a823	sw	x4,16(x5)	  x5:0x8001884c  x4:0x00000000 PA:0x8001885c store:0x00000000 load:0x00000000
       21253000	     10526	800051b6	0052aa23	sw	x5,20(x5)	  x5:0x8001884c  x5:0x8001884c PA:0x80018860 store:0x8001884c load:0x8001884c
       21291000	     10545	800051ba	0062ac23	sw	x6,24(x5)	  x5:0x8001884c  x6:0x00000000 PA:0x80018864 store:0x00000000 load:0x00000000
       21315000	     10557	800051be	0072ae23	sw	x7,28(x5)	  x5:0x8001884c  x7:0xffdd2000 PA:0x80018868 store:0xffdd2000 load:0xffdd2000
       21333000	     10566	800051c2	0282a023	sw	x8,32(x5)	  x5:0x8001884c  x8:0x8ffffffc PA:0x8001886c store:0x8ffffffc load:0x8ffffffc
       21381000	     10590	800051c6	0292a223	sw	x9,36(x5)	  x5:0x8001884c  x9:0x80000000 PA:0x80018870 store:0x80000000 load:0x80000000
       21403000	     10601	800051ca	02a2a423	sw	x10,40(x5)	  x5:0x8001884c x10:0xff24c9b4 PA:0x80018874 store:0xff24c9b4 load:0xff24c9b4
       21455000	     10627	800051ce	02b2a623	sw	x11,44(x5)	  x5:0x8001884c x11:0x221c5e07 PA:0x80018878 store:0x221c5e07 load:0x221c5e07
       21481000	     10640	800051d2	02c2a823	sw	x12,48(x5)	  x5:0x8001884c x12:0x5296a150 PA:0x8001887c store:0x5296a150 load:0x5296a150
       21485000	     10642	800051d6	02d2aa23	sw	x13,52(x5)	  x5:0x8001884c x13:0x8ffffc34 PA:0x80018880 store:0x8ffffc34 load:0x8ffffc34
       21503000	     10651	800051da	02e2ac23	sw	x14,56(x5)	  x5:0x8001884c x14:0x2f84d186 PA:0x80018884 store:0x2f84d186 load:0x2f84d186
       21543000	     10671	800051de	02f2ae23	sw	x15,60(x5)	  x5:0x8001884c x15:0xfa11812e PA:0x80018888 store:0xfa11812e load:0xfa11812e
       21559000	     10679	800051e2	0502a023	sw	x16,64(x5)	  x5:0x8001884c x16:0x00000001 PA:0x8001888c store:0x00000001 load:0x00000001
       21563000	     10681	800051e6	0512a223	sw	x17,68(x5)	  x5:0x8001884c x17:0x0ffffffc PA:0x80018890 store:0x0ffffffc load:0x0ffffffc
       21589000	     10694	800051ea	0522a423	sw	x18,72(x5)	  x5:0x8001884c x18:0x80000000 PA:0x80018894 store:0x80000000 load:0x80000000
       21597000	     10698	800051ee	0532a623	sw	x19,76(x5)	  x5:0x8001884c x19:0x8001ce7c PA:0x80018898 store:0x8001ce7c load:0x8001ce7c
       21637000	     10718	800051f2	0542a823	sw	x20,80(x5)	  x5:0x8001884c x20:0xf4b94f69 PA:0x8001889c store:0xf4b94f69 load:0xf4b94f69
       21649000	     10724	800051f6	0552aa23	sw	x21,84(x5)	  x5:0x8001884c x21:0x0ffffffc PA:0x800188a0 store:0x0ffffffc load:0x0ffffffc
       21673000	     10736	800051fa	0562ac23	sw	x22,88(x5)	  x5:0x8001884c x22:0x00000000 PA:0x800188a4 store:0x00000000 load:0x00000000
       21735000	     10767	800051fe	0572ae23	sw	x23,92(x5)	  x5:0x8001884c x23:0x38026492 PA:0x800188a8 store:0x38026492 load:0x38026492
       21769000	     10784	80005202	0782a023	sw	x24,96(x5)	  x5:0x8001884c x24:0x8ffffc34 PA:0x800188ac store:0x8ffffc34 load:0x8ffffc34
       21793000	     10796	80005206	0792a223	sw	x25,100(x5)	  x5:0x8001884c x25:0x00000000 PA:0x800188b0 store:0x00000000 load:0x00000000
       21797000	     10798	8000520a	07a2a423	sw	x26,104(x5)	  x5:0x8001884c x26:0x80000000 PA:0x800188b4 store:0x80000000 load:0x80000000
       21809000	     10804	8000520e	07b2a623	sw	x27,108(x5)	  x5:0x8001884c x27:0x80000000 PA:0x800188b8 store:0x80000000 load:0x80000000
       21839000	     10819	80005212	07c2a823	sw	x28,112(x5)	  x5:0x8001884c x28:0x00000000 PA:0x800188bc store:0x00000000 load:0x00000000
       21843000	     10821	80005216	07d2aa23	sw	x29,116(x5)	  x5:0x8001884c x29:0x00000000 PA:0x800188c0 store:0x00000000 load:0x00000000
       21851000	     10825	8000521a	07e2ac23	sw	x30,120(x5)	  x5:0x8001884c x30:0x00000005 PA:0x800188c4 store:0x00000005 load:0x00000005
       21891000	     10845	8000521e	07f2ae23	sw	x31,124(x5)	  x5:0x8001884c x31:0x80000000 PA:0x800188c8 store:0x80000000 load:0x80000000
       21893000	     10846	80005222	90000437	lui	x8,0x90000	  x8=0x90000000
       21907000	     10853	80005226	ffc40413	addi	x8,x8,-4	  x8:0x90000000  x8=0x8ffffffc
       21909000	     10854	8000522a	4b19	c.li	x22,6	 x22=0x00000006
       21929000	     10864	8000522c	0b22	c.slli	x22,0x8	 x22:0x00000006 x22=0x00000600
       21951000	     10875	8000522e	000b0b13	addi	x22,x22,0	 x22:0x00000600 x22=0x00000600
       21975000	     10887	80005232	01642023	sw	x22,0(x8)	  x8:0x8ffffffc x22:0x00000600 PA:0x8ffffffc store:0x00000600 load:0x00000600
       22029000	     10914	80005236	34202b73	csrrs	x22,mcause,x0	  x0:0x00000000 x22=0x00000000
       22063000	     10931	8000523a	01fb5b13	srli	x22,x22,0x1f	 x22:0x00000000 x22=0x00000000
       22095000	     10947	8000523e	060b0c63	beq	x22,x0,800052b6	 x22:0x00000000  x0:0x00000000  x0=0x00000000
       22127000	     10963	800052b6	be1d	c.j	80004dec	
       22159000	     10979	80004dec	4185	c.li	x3,1	  x3=0x00000001
       22187000	     10993	80004dee	00000073	ecall	
       22255000	     11027	80000004	19a0506f	jal	x0,8000519e	  x0=0x00000000
       22335000	     11067	8000519e	7b200073	dret	
       22339000	     11069	800051a2	f8428293	addi	x5,x5,-124	  x5:0x8001884c  x5=0x800187d0
       22361000	     11080	800051a6	0012a223	sw	x1,4(x5)	  x5:0x800187d0  x1:0x00000000 PA:0x800187d4 store:0x00000000 load:0x00000000
       22433000	     11116	800051aa	0022a423	sw	x2,8(x5)	  x5:0x800187d0  x2:0x00000000 PA:0x800187d8 store:0x00000000 load:0x00000000
       22461000	     11130	800051ae	0032a623	sw	x3,12(x5)	  x5:0x800187d0  x3:0x00000001 PA:0x800187dc store:0x00000001 load:0x00000001
       22489000	     11144	800051b2	0042a823	sw	x4,16(x5)	  x5:0x800187d0  x4:0x00000000 PA:0x800187e0 store:0x00000000 load:0x00000000
       22537000	     11168	800051b6	0052aa23	sw	x5,20(x5)	  x5:0x800187d0  x5:0x800187d0 PA:0x800187e4 store:0x800187d0 load:0x800187d0
       22541000	     11170	800051ba	0062ac23	sw	x6,24(x5)	  x5:0x800187d0  x6:0x00000000 PA:0x800187e8 store:0x00000000 load:0x00000000
       22611000	     11205	800051be	0072ae23	sw	x7,28(x5)	  x5:0x800187d0  x7:0xffdd2000 PA:0x800187ec store:0xffdd2000 load:0xffdd2000
       22631000	     11215	800051c2	0282a023	sw	x8,32(x5)	  x5:0x800187d0  x8:0x8ffffffc PA:0x800187f0 store:0x8ffffffc load:0x8ffffffc
       22637000	     11218	800051c6	0292a223	sw	x9,36(x5)	  x5:0x800187d0  x9:0x80000000 PA:0x800187f4 store:0x80000000 load:0x80000000
       22647000	     11223	800051ca	02a2a423	sw	x10,40(x5)	  x5:0x800187d0 x10:0xff24c9b4 PA:0x800187f8 store:0xff24c9b4 load:0xff24c9b4
       22701000	     11250	800051ce	02b2a623	sw	x11,44(x5)	  x5:0x800187d0 x11:0x221c5e07 PA:0x800187fc store:0x221c5e07 load:0x221c5e07
       22715000	     11257	800051d2	02c2a823	sw	x12,48(x5)	  x5:0x800187d0 x12:0x5296a150 PA:0x80018800 store:0x5296a150 load:0x5296a150
       22739000	     11269	800051d6	02d2aa23	sw	x13,52(x5)	  x5:0x800187d0 x13:0x8ffffc34 PA:0x80018804 store:0x8ffffc34 load:0x8ffffc34
       22761000	     11280	800051da	02e2ac23	sw	x14,56(x5)	  x5:0x800187d0 x14:0x2f84d186 PA:0x80018808 store:0x2f84d186 load:0x2f84d186
       22777000	     11288	800051de	02f2ae23	sw	x15,60(x5)	  x5:0x800187d0 x15:0xfa11812e PA:0x8001880c store:0xfa11812e load:0xfa11812e
       22801000	     11300	800051e2	0502a023	sw	x16,64(x5)	  x5:0x800187d0 x16:0x00000001 PA:0x80018810 store:0x00000001 load:0x00000001
       22815000	     11307	800051e6	0512a223	sw	x17,68(x5)	  x5:0x800187d0 x17:0x0ffffffc PA:0x80018814 store:0x0ffffffc load:0x0ffffffc
       22857000	     11328	800051ea	0522a423	sw	x18,72(x5)	  x5:0x800187d0 x18:0x80000000 PA:0x80018818 store:0x80000000 load:0x80000000
       22897000	     11348	800051ee	0532a623	sw	x19,76(x5)	  x5:0x800187d0 x19:0x8001ce7c PA:0x8001881c store:0x8001ce7c load:0x8001ce7c
       22945000	     11372	800051f2	0542a823	sw	x20,80(x5)	  x5:0x800187d0 x20:0xf4b94f69 PA:0x80018820 store:0xf4b94f69 load:0xf4b94f69
       22969000	     11384	800051f6	0552aa23	sw	x21,84(x5)	  x5:0x800187d0 x21:0x0ffffffc PA:0x80018824 store:0x0ffffffc load:0x0ffffffc
       22973000	     11386	800051fa	0562ac23	sw	x22,88(x5)	  x5:0x800187d0 x22:0x00000000 PA:0x80018828 store:0x00000000 load:0x00000000
       22985000	     11392	800051fe	0572ae23	sw	x23,92(x5)	  x5:0x800187d0 x23:0x38026492 PA:0x8001882c store:0x38026492 load:0x38026492
       23025000	     11412	80005202	0782a023	sw	x24,96(x5)	  x5:0x800187d0 x24:0x8ffffc34 PA:0x80018830 store:0x8ffffc34 load:0x8ffffc34
       23051000	     11425	80005206	0792a223	sw	x25,100(x5)	  x5:0x800187d0 x25:0x00000000 PA:0x80018834 store:0x00000000 load:0x00000000
       23055000	     11427	8000520a	07a2a423	sw	x26,104(x5)	  x5:0x800187d0 x26:0x80000000 PA:0x80018838 store:0x80000000 load:0x80000000
       23127000	     11463	8000520e	07b2a623	sw	x27,108(x5)	  x5:0x800187d0 x27:0x80000000 PA:0x8001883c store:0x80000000 load:0x80000000
       23197000	     11498	80005212	07c2a823	sw	x28,112(x5)	  x5:0x800187d0 x28:0x00000000 PA:0x80018840 store:0x00000000 load:0x00000000
       23221000	     11510	80005216	07d2aa23	sw	x29,116(x5)	  x5:0x800187d0 x29:0x00000000 PA:0x80018844 store:0x00000000 load:0x00000000
       23245000	     11522	8000521a	07e2ac23	sw	x30,120(x5)	  x5:0x800187d0 x30:0x00000005 PA:0x80018848 store:0x00000005 load:0x00000005
       23305000	     11552	8000521e	07f2ae23	sw	x31,124(x5)	  x5:0x800187d0 x31:0x80000000 PA:0x8001884c store:0x80000000 load:0x80000000
       23307000	     11553	80005222	90000437	lui	x8,0x90000	  x8=0x90000000
       23309000	     11554	80005226	ffc40413	addi	x8,x8,-4	  x8:0x90000000  x8=0x8ffffffc
       23311000	     11555	8000522a	4b19	c.li	x22,6	 x22=0x00000006
       23319000	     11559	8000522c	0b22	c.slli	x22,0x8	 x22:0x00000006 x22=0x00000600
       23341000	     11570	8000522e	000b0b13	addi	x22,x22,0	 x22:0x00000600 x22=0x00000600
       23383000	     11591	80005232	01642023	sw	x22,0(x8)	  x8:0x8ffffffc x22:0x00000600 PA:0x8ffffffc store:0x00000600 load:0x00000600
       23385000	     11592	80005236	34202b73	csrrs	x22,mcause,x0	  x0:0x00000000 x22=0x00000000
       23387000	     11593	8000523a	01fb5b13	srli	x22,x22,0x1f	 x22:0x00000000 x22=0x00000000
       23393000	     11596	8000523e	060b0c63	beq	x22,x0,800052b6	 x22:0x00000000  x0:0x00000000  x0=0x00000000
       23457000	     11628	800052b6	be1d	c.j	80004dec	
       23477000	     11638	80004dec	4185	c.li	x3,1	  x3=0x00000001
       23497000	     11648	80004dee	00000073	ecall	
       23577000	     11688	80000004	19a0506f	jal	x0,8000519e	  x0=0x00000000
       23655000	     11727	8000519e	7b200073	dret	
       23665000	     11732	800051a2	f8428293	addi	x5,x5,-124	  x5:0x800187d0  x5=0x80018754
       23683000	     11741	800051a6	0012a223	sw	x1,4(x5)	  x5:0x80018754  x1:0x00000000 PA:0x80018758 store:0x00000000 load:0x00000000
       23693000	     11746	800051aa	0022a423	sw	x2,8(x5)	  x5:0x80018754  x2:0x00000000 PA:0x8001875c store:0x00000000 load:0x00000000
       23697000	     11748	800051ae	0032a623	sw	x3,12(x5)	  x5:0x80018754  x3:0x00000001 PA:0x80018760 store:0x00000001 load:0x00000001
       23767000	     11783	800051b2	0042a823	sw	x4,16(x5)	  x5:0x80018754  x4:0x00000000 PA:0x80018764 store:0x00000000 load:0x00000000
       23783000	     11791	800051b6	0052aa23	sw	x5,20(x5)	  x5:0x80018754  x5:0x80018754 PA:0x80018768 store:0x80018754 load:0x80018754
       23787000	     11793	800051ba	0062ac23	sw	x6,24(x5)	  x5:0x80018754  x6:0x00000000 PA:0x8001876c store:0x00000000 load:0x00000000
       23803000	     11801	800051be	0072ae23	sw	x7,28(x5)	  x5:0x80018754  x7:0xffdd2000 PA:0x80018770 store:0xffdd2000 load:0xffdd2000
       23807000	     11803	800051c2	0282a023	sw	x8,32(x5)	  x5:0x80018754  x8:0x8ffffffc PA:0x80018774 store:0x8ffffffc load:0x8ffffffc
       23811000	     11805	800051c6	0292a223	sw	x9,36(x5)	  x5:0x80018754  x9:0x80000000 PA:0x80018778 store:0x80000000 load:0x80000000
       23849000	     11824	800051ca	02a2a423	sw	x10,40(x5)	  x5:0x80018754 x10:0xff24c9b4 PA:0x8001877c store:0xff24c9b4 load:0xff24c9b4
       23865000	     11832	800051ce	02b2a623	sw	x11,44(x5)	  x5:0x80018754 x11:0x221c5e07 PA:0x80018780 store:0x221c5e07 load:0x221c5e07
       23877000	     11838	800051d2	02c2a823	sw	x12,48(x5)	  x5:0x80018754 x12:0x5296a150 PA:0x80018784 store:0x5296a150 load:0x5296a150
       23901000	     11850	800051d6	02d2aa23	sw	x13,52(x5)	  x5:0x80018754 x13:0x8ffffc34 PA:0x80018788 store:0x8ffffc34 load:0x8ffffc34
       23907000	     11853	800051da	02e2ac23	sw	x14,56(x5)	  x5:0x80018754 x14:0x2f84d186 PA:0x8001878c store:0x2f84d186 load:0x2f84d186
       23965000	     11882	800051de	02f2ae23	sw	x15,60(x5)	  x5:0x80018754 x15:0xfa11812e PA:0x80018790 store:0xfa11812e load:0xfa11812e
       24001000	     11900	800051e2	0502a023	sw	x16,64(x5)	  x5:0x80018754 x16:0x00000001 PA:0x80018794 store:0x00000001 load:0x00000001
       24047000	     11923	800051e6	0512a223	sw	x17,68(x5)	  x5:0x80018754 x17:0x0ffffffc PA:0x80018798 store:0x0ffffffc load:0x0ffffffc
       24081000	     11940	800051ea	0522a423	sw	x18,72(x5)	  x5:0x80018754 x18:0x80000000 PA:0x8001879c store:0x80000000 load:0x80000000
       24131000	     11965	800051ee	0532a623	sw	x19,76(x5)	  x5:0x80018754 x19:0x8001ce7c PA:0x800187a0 store:0x8001ce7c load:0x8001ce7c
       24159000	     11979	800051f2	0542a823	sw	x20,80(x5)	  x5:0x80018754 x20:0xf4b94f69 PA:0x800187a4 store:0xf4b94f69 load:0xf4b94f69
       24163000	     11981	800051f6	0552aa23	sw	x21,84(x5)	  x5:0x80018754 x21:0x0ffffffc PA:0x800187a8 store:0x0ffffffc load:0x0ffffffc
       24203000	     12001	800051fa	0562ac23	sw	x22,88(x5)	  x5:0x80018754 x22:0x00000000 PA:0x800187ac store:0x00000000 load:0x00000000
       24225000	     12012	800051fe	0572ae23	sw	x23,92(x5)	  x5:0x80018754 x23:0x38026492 PA:0x800187b0 store:0x38026492 load:0x38026492
       24231000	     12015	80005202	0782a023	sw	x24,96(x5)	  x5:0x80018754 x24:0x8ffffc34 PA:0x800187b4 store:0x8ffffc34 load:0x8ffffc34
       24275000	     12037	80005206	0792a223	sw	x25,100(x5)	  x5:0x80018754 x25:0x00000000 PA:0x800187b8 store:0x00000000 load:0x00000000
       24299000	     12049	8000520a	07a2a423	sw	x26,104(x5)	  x5:0x80018754 x26:0x80000000 PA:0x800187bc store:0x80000000 load:0x80000000
       24303000	     12051	8000520e	07b2a623	sw	x27,108(x5)	  x5:0x80018754 x27:0x80000000 PA:0x800187c0 store:0x80000000 load:0x80000000
       24345000	     12072	80005212	07c2a823	sw	x28,112(x5)	  x5:0x80018754 x28:0x00000000 PA:0x800187c4 store:0x00000000 load:0x00000000
       24369000	     12084	80005216	07d2aa23	sw	x29,116(x5)	  x5:0x80018754 x29:0x00000000 PA:0x800187c8 store:0x00000000 load:0x00000000
       24411000	     12105	8000521a	07e2ac23	sw	x30,120(x5)	  x5:0x80018754 x30:0x00000005 PA:0x800187cc store:0x00000005 load:0x00000005
       24441000	     12120	8000521e	07f2ae23	sw	x31,124(x5)	  x5:0x80018754 x31:0x80000000 PA:0x800187d0 store:0x80000000 load:0x80000000
       24443000	     12121	80005222	90000437	lui	x8,0x90000	  x8=0x90000000
       24483000	     12141	80005226	ffc40413	addi	x8,x8,-4	  x8:0x90000000  x8=0x8ffffffc
       24485000	     12142	8000522a	4b19	c.li	x22,6	 x22=0x00000006
       24499000	     12149	8000522c	0b22	c.slli	x22,0x8	 x22:0x00000006 x22=0x00000600
       24505000	     12152	8000522e	000b0b13	addi	x22,x22,0	 x22:0x00000600 x22=0x00000600
       24529000	     12164	80005232	01642023	sw	x22,0(x8)	  x8:0x8ffffffc x22:0x00000600 PA:0x8ffffffc store:0x00000600 load:0x00000600
       24531000	     12165	80005236	34202b73	csrrs	x22,mcause,x0	  x0:0x00000000 x22=0x00000000
       24539000	     12169	8000523a	01fb5b13	srli	x22,x22,0x1f	 x22:0x00000000 x22=0x00000000
       24545000	     12172	8000523e	060b0c63	beq	x22,x0,800052b6	 x22:0x00000000  x0:0x00000000  x0=0x00000000
       24623000	     12211	800052b6	be1d	c.j	80004dec	
       24645000	     12222	80004dec	4185	c.li	x3,1	  x3=0x00000001
       24663000	     12231	80004dee	00000073	ecall	
       24705000	     12252	80000004	19a0506f	jal	x0,8000519e	  x0=0x00000000
       24777000	     12288	8000519e	7b200073	dret	
       24803000	     12301	800051a2	f8428293	addi	x5,x5,-124	  x5:0x80018754  x5=0x800186d8
       24847000	     12323	800051a6	0012a223	sw	x1,4(x5)	  x5:0x800186d8  x1:0x00000000 PA:0x800186dc store:0x00000000 load:0x00000000
       24857000	     12328	800051aa	0022a423	sw	x2,8(x5)	  x5:0x800186d8  x2:0x00000000 PA:0x800186e0 store:0x00000000 load:0x00000000
       24863000	     12331	800051ae	0032a623	sw	x3,12(x5)	  x5:0x800186d8  x3:0x00000001 PA:0x800186e4 store:0x00000001 load:0x00000001
       24893000	     12346	800051b2	0042a823	sw	x4,16(x5)	  x5:0x800186d8  x4:0x00000000 PA:0x800186e8 store:0x00000000 load:0x00000000
       24971000	     12385	800051b6	0052aa23	sw	x5,20(x5)	  x5:0x800186d8  x5:0x800186d8 PA:0x800186ec store:0x800186d8 load:0x800186d8
       24991000	     12395	800051ba	0062ac23	sw	x6,24(x5)	  x5:0x800186d8  x6:0x00000000 PA:0x800186f0 store:0x00000000 load:0x00000000
       25015000	     12407	800051be	0072ae23	sw	x7,28(x5)	  x5:0x800186d8  x7:0xffdd2000 PA:0x800186f4 store:0xffdd2000 load:0xffdd2000
       25063000	     12431	800051c2	0282a023	sw	x8,32(x5)	  x5:0x800186d8  x8:0x8ffffffc PA:0x800186f8 store:0x8ffffffc load:0x8ffffffc
       25071000	     12435	800051c6	0292a223	sw	x9,36(x5)	  x5:0x800186d8  x9:0x80000000 PA:0x800186fc store:0x80000000 load:0x80000000
       25103000	     12451	800051ca	02a2a423	sw	x10,40(x5)	  x5:0x800186d8 x10:0xff24c9b4 PA:0x80018700 store:0xff24c9b4 load:0xff24c9b4
       25109000	     12454	800051ce	02b2a623	sw	x11,44(x5)	  x5:0x800186d8 x11:0x221c5e07 PA:0x80018704 store:0x221c5e07 load:0x221c5e07
       25115000	     12457	800051d2	02c2a823	sw	x12,48(x5)	  x5:0x800186d8 x12:0x5296a150 PA:0x80018708 store:0x5296a150 load:0x5296a150
       25171000	     12485	800051d6	02d2aa23	sw	x13,52(x5)	  x5:0x800186d8 x13:0x8ffffc34 PA:0x8001870c store:0x8ffffc34 load:0x8ffffc34
       25183000	     12491	800051da	02e2ac23	sw	x14,56(x5)	  x5:0x800186d8 x14:0x2f84d186 PA:0x80018710 store:0x2f84d186 load:0x2f84d186
       25227000	     12513	800051de	02f2ae23	sw	x15,60(x5)	  x5:0x800186d8 x15:0xfa11812e PA:0x80018714 store:0xfa11812e load:0xfa11812e
       25235000	     12517	800051e2	0502a023	sw	x16,64(x5)	  x5:0x800186d8 x16:0x00000001 PA:0x80018718 store:0x00000001 load:0x00000001
       25263000	     12531	800051e6	0512a223	sw	x17,68(x5)	  x5:0x800186d8 x17:0x0ffffffc PA:0x8001871c store:0x0ffffffc load:0x0ffffffc
       25333000	     12566	800051ea	0522a423	sw	x18,72(x5)	  x5:0x800186d8 x18:0x80000000 PA:0x80018720 store:0x80000000 load:0x80000000
       25357000	     12578	800051ee	0532a623	sw	x19,76(x5)	  x5:0x800186d8 x19:0x8001ce7c PA:0x80018724 store:0x8001ce7c load:0x8001ce7c
       25373000	     12586	800051f2	0542a823	sw	x20,80(x5)	  x5:0x800186d8 x20:0xf4b94f69 PA:0x80018728 store:0xf4b94f69 load:0xf4b94f69
       25401000	     12600	800051f6	0552aa23	sw	x21,84(x5)	  x5:0x800186d8 x21:0x0ffffffc PA:0x8001872c store:0x0ffffffc load:0x0ffffffc
       25455000	     12627	800051fa	0562ac23	sw	x22,88(x5)	  x5:0x800186d8 x22:0x00000000 PA:0x80018730 store:0x00000000 load:0x00000000
       25465000	     12632	800051fe	0572ae23	sw	x23,92(x5)	  x5:0x800186d8 x23:0x38026492 PA:0x80018734 store:0x38026492 load:0x38026492
       25495000	     12647	80005202	0782a023	sw	x24,96(x5)	  x5:0x800186d8 x24:0x8ffffc34 PA:0x80018738 store:0x8ffffc34 load:0x8ffffc34
       25509000	     12654	80005206	0792a223	sw	x25,100(x5)	  x5:0x800186d8 x25:0x00000000 PA:0x8001873c store:0x00000000 load:0x00000000
       25533000	     12666	8000520a	07a2a423	sw	x26,104(x5)	  x5:0x800186d8 x26:0x80000000 PA:0x80018740 store:0x80000000 load:0x80000000
       25599000	     12699	8000520e	07b2a623	sw	x27,108(x5)	  x5:0x800186d8 x27:0x80000000 PA:0x80018744 store:0x80000000 load:0x80000000
       25627000	     12713	80005212	07c2a823	sw	x28,112(x5)	  x5:0x800186d8 x28:0x00000000 PA:0x80018748 store:0x00000000 load:0x00000000
       25645000	     12722	80005216	07d2aa23	sw	x29,116(x5)	  x5:0x800186d8 x29:0x00000000 PA:0x8001874c store:0x00000000 load:0x00000000
       25697000	     12748	8000521a	07e2ac23	sw	x30,120(x5)	  x5:0x800186d8 x30:0x00000005 PA:0x80018750 store:0x00000005 load:0x00000005
       25715000	     12757	8000521e	07f2ae23	sw	x31,124(x5)	  x5:0x800186d8 x31:0x80000000 PA:0x80018754 store:0x80000000 load:0x80000000
       25717000	     12758	80005222	90000437	lui	x8,0x90000	  x8=0x90000000
       25759000	     12779	80005226	ffc40413	addi	x8,x8,-4	  x8:0x90000000  x8=0x8ffffffc
       25761000	     12780	8000522a	4b19	c.li	x22,6	 x22=0x00000006
       25771000	     12785	8000522c	0b22	c.slli	x22,0x8	 x22:0x00000006 x22=0x00000600
       25791000	     12795	8000522e	000b0b13	addi	x22,x22,0	 x22:0x00000600 x22=0x00000600
       25841000	     12820	80005232	01642023	sw	x22,0(x8)	  x8:0x8ffffffc x22:0x00000600 PA:0x8ffffffc store:0x00000600 load:0x00000600
       25843000	     12821	80005236	34202b73	csrrs	x22,mcause,x0	  x0:0x00000000 x22=0x00000000
       25845000	     12822	8000523a	01fb5b13	srli	x22,x22,0x1f	 x22:0x00000000 x22=0x00000000
       25907000	     12853	8000523e	060b0c63	beq	x22,x0,800052b6	 x22:0x00000000  x0:0x00000000  x0=0x00000000
       25953000	     12876	800052b6	be1d	c.j	80004dec	
       25975000	     12887	80004dec	4185	c.li	x3,1	  x3=0x00000001
       25997000	     12898	80004dee	00000073	ecall	
       26041000	     12920	80000004	19a0506f	jal	x0,8000519e	  x0=0x00000000
       26115000	     12957	8000519e	7b200073	dret	
       26157000	     12978	800051a2	f8428293	addi	x5,x5,-124	  x5:0x800186d8  x5=0x8001865c
       26247000	     13023	800051a6	0012a223	sw	x1,4(x5)	  x5:0x8001865c  x1:0x00000000 PA:0x80018660 store:0x00000000 load:0x00000000
       26277000	     13038	800051aa	0022a423	sw	x2,8(x5)	  x5:0x8001865c  x2:0x00000000 PA:0x80018664 store:0x00000000 load:0x00000000
       26301000	     13050	800051ae	0032a623	sw	x3,12(x5)	  x5:0x8001865c  x3:0x00000001 PA:0x80018668 store:0x00000001 load:0x00000001
       26317000	     13058	800051b2	0042a823	sw	x4,16(x5)	  x5:0x8001865c  x4:0x00000000 PA:0x8001866c store:0x00000000 load:0x00000000
       26333000	     13066	800051b6	0052aa23	sw	x5,20(x5)	  x5:0x8001865c  x5:0x8001865c PA:0x80018670 store:0x8001865c load:0x8001865c
       26381000	     13090	800051ba	0062ac23	sw	x6,24(x5)	  x5:0x8001865c  x6:0x00000000 PA:0x80018674 store:0x00000000 load:0x00000000
       26427000	     13113	800051be	0072ae23	sw	x7,28(x5)	  x5:0x8001865c  x7:0xffdd2000 PA:0x80018678 store:0xffdd2000 load:0xffdd2000
       26437000	     13118	800051c2	0282a023	sw	x8,32(x5)	  x5:0x8001865c  x8:0x8ffffffc PA:0x8001867c store:0x8ffffffc load:0x8ffffffc
       26475000	     13137	800051c6	0292a223	sw	x9,36(x5)	  x5:0x8001865c  x9:0x80000000 PA:0x80018680 store:0x80000000 load:0x80000000
       26499000	     13149	800051ca	02a2a423	sw	x10,40(x5)	  x5:0x8001865c x10:0xff24c9b4 PA:0x80018684 store:0xff24c9b4 load:0xff24c9b4
       26505000	     13152	800051ce	02b2a623	sw	x11,44(x5)	  x5:0x8001865c x11:0x221c5e07 PA:0x80018688 store:0x221c5e07 load:0x221c5e07
       26571000	     13185	800051d2	02c2a823	sw	x12,48(x5)	  x5:0x8001865c x12:0x5296a150 PA:0x8001868c store:0x5296a150 load:0x5296a150
       26613000	     13206	800051d6	02d2aa23	sw	x13,52(x5)	  x5:0x8001865c x13:0x8ffffc34 PA:0x80018690 store:0x8ffffc34 load:0x8ffffc34
       26617000	     13208	800051da	02e2ac23	sw	x14,56(x5)	  x5:0x8001865c x14:0x2f84d186 PA:0x80018694 store:0x2f84d186 load:0x2f84d186
       26681000	     13240	800051de	02f2ae23	sw	x15,60(x5)	  x5:0x8001865c x15:0xfa11812e PA:0x80018698 store:0xfa11812e load:0xfa11812e
       26685000	     13242	800051e2	0502a023	sw	x16,64(x5)	  x5:0x8001865c x16:0x00000001 PA:0x8001869c store:0x00000001 load:0x00000001
       26709000	     13254	800051e6	0512a223	sw	x17,68(x5)	  x5:0x8001865c x17:0x0ffffffc PA:0x800186a0 store:0x0ffffffc load:0x0ffffffc
       26713000	     13256	800051ea	0522a423	sw	x18,72(x5)	  x5:0x8001865c x18:0x80000000 PA:0x800186a4 store:0x80000000 load:0x80000000
       26769000	     13284	800051ee	0532a623	sw	x19,76(x5)	  x5:0x8001865c x19:0x8001ce7c PA:0x800186a8 store:0x8001ce7c load:0x8001ce7c
       26793000	     13296	800051f2	0542a823	sw	x20,80(x5)	  x5:0x8001865c x20:0xf4b94f69 PA:0x800186ac store:0xf4b94f69 load:0xf4b94f69
       26855000	     13327	800051f6	0552aa23	sw	x21,84(x5)	  x5:0x8001865c x21:0x0ffffffc PA:0x800186b0 store:0x0ffffffc load:0x0ffffffc
       26869000	     13334	800051fa	0562ac23	sw	x22,88(x5)	  x5:0x8001865c x22:0x00000000 PA:0x800186b4 store:0x00000000 load:0x00000000
       26893000	     13346	800051fe	0572ae23	sw	x23,92(x5)	  x5:0x8001865c x23:0x38026492 PA:0x800186b8 store:0x38026492 load:0x38026492
       26911000	     13355	80005202	0782a023	sw	x24,96(x5)	  x5:0x8001865c x24:0x8ffffc34 PA:0x800186bc store:0x8ffffc34 load:0x8ffffc34
       26915000	     13357	80005206	0792a223	sw	x25,100(x5)	  x5:0x8001865c x25:0x00000000 PA:0x800186c0 store:0x00000000 load:0x00000000
       26945000	     13372	8000520a	07a2a423	sw	x26,104(x5)	  x5:0x8001865c x26:0x80000000 PA:0x800186c4 store:0x80000000 load:0x80000000
       27005000	     13402	8000520e	07b2a623	sw	x27,108(x5)	  x5:0x8001865c x27:0x80000000 PA:0x800186c8 store:0x80000000 load:0x80000000
       27039000	     13419	80005212	07c2a823	sw	x28,112(x5)	  x5:0x8001865c x28:0x00000000 PA:0x800186cc store:0x00000000 load:0x00000000
       27085000	     13442	80005216	07d2aa23	sw	x29,116(x5)	  x5:0x8001865c x29:0x00000000 PA:0x800186d0 store:0x00000000 load:0x00000000
       27121000	     13460	8000521a	07e2ac23	sw	x30,120(x5)	  x5:0x8001865c x30:0x00000005 PA:0x800186d4 store:0x00000005 load:0x00000005
       27149000	     13474	8000521e	07f2ae23	sw	x31,124(x5)	  x5:0x8001865c x31:0x80000000 PA:0x800186d8 store:0x80000000 load:0x80000000
       27151000	     13475	80005222	90000437	lui	x8,0x90000	  x8=0x90000000
       27179000	     13489	80005226	ffc40413	addi	x8,x8,-4	  x8:0x90000000  x8=0x8ffffffc
       27181000	     13490	8000522a	4b19	c.li	x22,6	 x22=0x00000006
       27193000	     13496	8000522c	0b22	c.slli	x22,0x8	 x22:0x00000006 x22=0x00000600
       27207000	     13503	8000522e	000b0b13	addi	x22,x22,0	 x22:0x00000600 x22=0x00000600
       27255000	     13527	80005232	01642023	sw	x22,0(x8)	  x8:0x8ffffffc x22:0x00000600 PA:0x8ffffffc store:0x00000600 load:0x00000600
       27263000	     13531	80005236	34202b73	csrrs	x22,mcause,x0	  x0:0x00000000 x22=0x00000000
       27277000	     13538	8000523a	01fb5b13	srli	x22,x22,0x1f	 x22:0x00000000 x22=0x00000000
       27281000	     13540	8000523e	060b0c63	beq	x22,x0,800052b6	 x22:0x00000000  x0:0x00000000  x0=0x00000000
       27313000	     13556	800052b6	be1d	c.j	80004dec	
       27351000	     13575	80004dec	4185	c.li	x3,1	  x3=0x00000001
       27375000	     13587	80004dee	00000073	ecall	
       27437000	     13618	80000004	19a0506f	jal	x0,8000519e	  x0=0x00000000
       27481000	     13640	8000519e	7b200073	dret	
       27507000	     13653	800051a2	f8428293	addi	x5,x5,-124	  x5:0x8001865c  x5=0x800185e0
       27567000	     13683	800051a6	0012a223	sw	x1,4(x5)	  x5:0x800185e0  x1:0x00000000 PA:0x800185e4 store:0x00000000 load:0x00000000
       27579000	     13689	800051aa	0022a423	sw	x2,8(x5)	  x5:0x800185e0  x2:0x00000000 PA:0x800185e8 store:0x00000000 load:0x00000000
       27609000	     13704	800051ae	0032a623	sw	x3,12(x5)	  x5:0x800185e0  x3:0x00000001 PA:0x800185ec store:0x00000001 load:0x00000001
       27665000	     13732	800051b2	0042a823	sw	x4,16(x5)	  x5:0x800185e0  x4:0x00000000 PA:0x800185f0 store:0x00000000 load:0x00000000
       27679000	     13739	800051b6	0052aa23	sw	x5,20(x5)	  x5:0x800185e0  x5:0x800185e0 PA:0x800185f4 store:0x800185e0 load:0x800185e0
       27693000	     13746	800051ba	0062ac23	sw	x6,24(x5)	  x5:0x800185e0  x6:0x00000000 PA:0x800185f8 store:0x00000000 load:0x00000000
       27735000	     13767	800051be	0072ae23	sw	x7,28(x5)	  x5:0x800185e0  x7:0xffdd2000 PA:0x800185fc store:0xffdd2000 load:0xffdd2000
       27765000	     13782	800051c2	0282a023	sw	x8,32(x5)	  x5:0x800185e0  x8:0x8ffffffc PA:0x80018600 store:0x8ffffffc load:0x8ffffffc
       27783000	     13791	800051c6	0292a223	sw	x9,36(x5)	  x5:0x800185e0  x9:0x80000000 PA:0x80018604 store:0x80000000 load:0x80000000
       27795000	     13797	800051ca	02a2a423	sw	x10,40(x5)	  x5:0x800185e0 x10:0xff24c9b4 PA:0x80018608 store:0xff24c9b4 load:0xff24c9b4
       27827000	     13813	800051ce	02b2a623	sw	x11,44(x5)	  x5:0x800185e0 x11:0x221c5e07 PA:0x8001860c store:0x221c5e07 load:0x221c5e07
       27865000	     13832	800051d2	02c2a823	sw	x12,48(x5)	  x5:0x800185e0 x12:0x5296a150 PA:0x80018610 store:0x5296a150 load:0x5296a150
       27893000	     13846	800051d6	02d2aa23	sw	x13,52(x5)	  x5:0x800185e0 x13:0x8ffffc34 PA:0x80018614 store:0x8ffffc34 load:0x8ffffc34
       27909000	     13854	800051da	02e2ac23	sw	x14,56(x5)	  x5:0x800185e0 x14:0x2f84d186 PA:0x80018618 store:0x2f84d186 load:0x2f84d186
       27981000	     13890	800051de	02f2ae23	sw	x15,60(x5)	  x5:0x800185e0 x15:0xfa11812e PA:0x8001861c store:0xfa11812e load:0xfa11812e
       28023000	     13911	800051e2	0502a023	sw	x16,64(x5)	  x5:0x800185e0 x16:0x00000001 PA:0x80018620 store:0x00000001 load:0x00000001
       28039000	     13919	800051e6	0512a223	sw	x17,68(x5)	  x5:0x800185e0 x17:0x0ffffffc PA:0x80018624 store:0x0ffffffc load:0x0ffffffc
       28063000	     13931	800051ea	0522a423	sw	x18,72(x5)	  x5:0x800185e0 x18:0x80000000 PA:0x80018628 store:0x80000000 load:0x80000000
       28135000	     13967	800051ee	0532a623	sw	x19,76(x5)	  x5:0x800185e0 x19:0x8001ce7c PA:0x8001862c store:0x8001ce7c load:0x8001ce7c
       28159000	     13979	800051f2	0542a823	sw	x20,80(x5)	  x5:0x800185e0 x20:0xf4b94f69 PA:0x80018630 store:0xf4b94f69 load:0xf4b94f69
       28173000	     13986	800051f6	0552aa23	sw	x21,84(x5)	  x5:0x800185e0 x21:0x0ffffffc PA:0x80018634 store:0x0ffffffc load:0x0ffffffc
       28181000	     13990	800051fa	0562ac23	sw	x22,88(x5)	  x5:0x800185e0 x22:0x00000000 PA:0x80018638 store:0x00000000 load:0x00000000
       28229000	     14014	800051fe	0572ae23	sw	x23,92(x5)	  x5:0x800185e0 x23:0x38026492 PA:0x8001863c store:0x38026492 load:0x38026492
       28235000	     14017	80005202	0782a023	sw	x24,96(x5)	  x5:0x800185e0 x24:0x8ffffc34 PA:0x80018640 store:0x8ffffc34 load:0x8ffffc34
       28245000	     14022	80005206	0792a223	sw	x25,100(x5)	  x5:0x800185e0 x25:0x00000000 PA:0x80018644 store:0x00000000 load:0x00000000
       28251000	     14025	8000520a	07a2a423	sw	x26,104(x5)	  x5:0x800185e0 x26:0x80000000 PA:0x80018648 store:0x80000000 load:0x80000000
       28277000	     14038	8000520e	07b2a623	sw	x27,108(x5)	  x5:0x800185e0 x27:0x80000000 PA:0x8001864c store:0x80000000 load:0x80000000
       28301000	     14050	80005212	07c2a823	sw	x28,112(x5)	  x5:0x800185e0 x28:0x00000000 PA:0x80018650 store:0x00000000 load:0x00000000
       28325000	     14062	80005216	07d2aa23	sw	x29,116(x5)	  x5:0x800185e0 x29:0x00000000 PA:0x80018654 store:0x00000000 load:0x00000000
       28359000	     14079	8000521a	07e2ac23	sw	x30,120(x5)	  x5:0x800185e0 x30:0x00000005 PA:0x80018658 store:0x00000005 load:0x00000005
       28383000	     14091	8000521e	07f2ae23	sw	x31,124(x5)	  x5:0x800185e0 x31:0x80000000 PA:0x8001865c store:0x80000000 load:0x80000000
       28385000	     14092	80005222	90000437	lui	x8,0x90000	  x8=0x90000000
       28431000	     14115	80005226	ffc40413	addi	x8,x8,-4	  x8:0x90000000  x8=0x8ffffffc
       28433000	     14116	8000522a	4b19	c.li	x22,6	 x22=0x00000006
       28435000	     14117	8000522c	0b22	c.slli	x22,0x8	 x22:0x00000006 x22=0x00000600
       28475000	     14137	8000522e	000b0b13	addi	x22,x22,0	 x22:0x00000600 x22=0x00000600
       28505000	     14152	80005232	01642023	sw	x22,0(x8)	  x8:0x8ffffffc x22:0x00000600 PA:0x8ffffffc store:0x00000600 load:0x00000600
       28507000	     14153	80005236	34202b73	csrrs	x22,mcause,x0	  x0:0x00000000 x22=0x00000000
       28509000	     14154	8000523a	01fb5b13	srli	x22,x22,0x1f	 x22:0x00000000 x22=0x00000000
       28535000	     14167	8000523e	060b0c63	beq	x22,x0,800052b6	 x22:0x00000000  x0:0x00000000  x0=0x00000000
       28619000	     14209	800052b6	be1d	c.j	80004dec	
       28641000	     14220	80004dec	4185	c.li	x3,1	  x3=0x00000001
       28651000	     14225	80004dee	00000073	ecall	
       28679000	     14239	80000004	19a0506f	jal	x0,8000519e	  x0=0x00000000
       28715000	     14257	8000519e	7b200073	dret	
       28725000	     14262	800051a2	f8428293	addi	x5,x5,-124	  x5:0x800185e0  x5=0x80018564
       28779000	     14289	800051a6	0012a223	sw	x1,4(x5)	  x5:0x80018564  x1:0x00000000 PA:0x80018568 store:0x00000000 load:0x00000000
       28803000	     14301	800051aa	0022a423	sw	x2,8(x5)	  x5:0x80018564  x2:0x00000000 PA:0x8001856c store:0x00000000 load:0x00000000
       28835000	     14317	800051ae	0032a623	sw	x3,12(x5)	  x5:0x80018564  x3:0x00000001 PA:0x80018570 store:0x00000001 load:0x00000001
       28839000	     14319	800051b2	0042a823	sw	x4,16(x5)	  x5:0x80018564  x4:0x00000000 PA:0x80018574 store:0x00000000 load:0x00000000
       28911000	     14355	800051b6	0052aa23	sw	x5,20(x5)	  x5:0x80018564  x5:0x80018564 PA:0x80018578 store:0x80018564 load:0x80018564
       28963000	     14381	800051ba	0062ac23	sw	x6,24(x5)	  x5:0x80018564  x6:0x00000000 PA:0x8001857c store:0x00000000 load:0x00000000
       28987000	     14393	800051be	0072ae23	sw	x7,28(x5)	  x5:0x80018564  x7:0xffdd2000 PA:0x80018580 store:0xffdd2000 load:0xffdd2000
       29015000	     14407	800051c2	0282a023	sw	x8,32(x5)	  x5:0x80018564  x8:0x8ffffffc PA:0x80018584 store:0x8ffffffc load:0x8ffffffc
       29033000	     14416	800051c6	0292a223	sw	x9,36(x5)	  x5:0x80018564  x9:0x80000000 PA:0x80018588 store:0x80000000 load:0x80000000
       29039000	     14419	800051ca	02a2a423	sw	x10,40(x5)	  x5:0x80018564 x10:0xff24c9b4 PA:0x8001858c store:0xff24c9b4 load:0xff24c9b4
       29075000	     14437	800051ce	02b2a623	sw	x11,44(x5)	  x5:0x80018564 x11:0x221c5e07 PA:0x80018590 store:0x221c5e07 load:0x221c5e07
       29123000	     14461	800051d2	02c2a823	sw	x12,48(x5)	  x5:0x80018564 x12:0x5296a150 PA:0x80018594 store:0x5296a150 load:0x5296a150
       29145000	     14472	800051d6	02d2aa23	sw	x13,52(x5)	  x5:0x80018564 x13:0x8ffffc34 PA:0x80018598 store:0x8ffffc34 load:0x8ffffc34
       29171000	     14485	800051da	02e2ac23	sw	x14,56(x5)	  x5:0x80018564 x14:0x2f84d186 PA:0x8001859c store:0x2f84d186 load:0x2f84d186
       29203000	     14501	800051de	02f2ae23	sw	x15,60(x5)	  x5:0x80018564 x15:0xfa11812e PA:0x800185a0 store:0xfa11812e load:0xfa11812e
       29241000	     14520	800051e2	0502a023	sw	x16,64(x5)	  x5:0x80018564 x16:0x00000001 PA:0x800185a4 store:0x00000001 load:0x00000001
       29273000	     14536	800051e6	0512a223	sw	x17,68(x5)	  x5:0x80018564 x17:0x0ffffffc PA:0x800185a8 store:0x0ffffffc load:0x0ffffffc
       29331000	     14565	800051ea	0522a423	sw	x18,72(x5)	  x5:0x80018564 x18:0x80000000 PA:0x800185ac store:0x80000000 load:0x80000000
       29351000	     14575	800051ee	0532a623	sw	x19,76(x5)	  x5:0x80018564 x19:0x8001ce7c PA:0x800185b0 store:0x8001ce7c load:0x8001ce7c
       29389000	     14594	800051f2	0542a823	sw	x20,80(x5)	  x5:0x80018564 x20:0xf4b94f69 PA:0x800185b4 store:0xf4b94f69 load:0xf4b94f69
       29413000	     14606	800051f6	0552aa23	sw	x21,84(x5)	  x5:0x80018564 x21:0x0ffffffc PA:0x800185b8 store:0x0ffffffc load:0x0ffffffc
       29435000	     14617	800051fa	0562ac23	sw	x22,88(x5)	  x5:0x80018564 x22:0x00000000 PA:0x800185bc store:0x00000000 load:0x00000000
       29483000	     14641	800051fe	0572ae23	sw	x23,92(x5)	  x5:0x80018564 x23:0x38026492 PA:0x800185c0 store:0x38026492 load:0x38026492
       29511000	     14655	80005202	0782a023	sw	x24,96(x5)	  x5:0x80018564 x24:0x8ffffc34 PA:0x800185c4 store:0x8ffffc34 load:0x8ffffc34
       29531000	     14665	80005206	0792a223	sw	x25,100(x5)	  x5:0x80018564 x25:0x00000000 PA:0x800185c8 store:0x00000000 load:0x00000000
       29555000	     14677	8000520a	07a2a423	sw	x26,104(x5)	  x5:0x80018564 x26:0x80000000 PA:0x800185cc store:0x80000000 load:0x80000000
       29605000	     14702	8000520e	07b2a623	sw	x27,108(x5)	  x5:0x80018564 x27:0x80000000 PA:0x800185d0 store:0x80000000 load:0x80000000
       29649000	     14724	80005212	07c2a823	sw	x28,112(x5)	  x5:0x80018564 x28:0x00000000 PA:0x800185d4 store:0x00000000 load:0x00000000
       29673000	     14736	80005216	07d2aa23	sw	x29,116(x5)	  x5:0x80018564 x29:0x00000000 PA:0x800185d8 store:0x00000000 load:0x00000000
       29709000	     14754	8000521a	07e2ac23	sw	x30,120(x5)	  x5:0x80018564 x30:0x00000005 PA:0x800185dc store:0x00000005 load:0x00000005
       29759000	     14779	8000521e	07f2ae23	sw	x31,124(x5)	  x5:0x80018564 x31:0x80000000 PA:0x800185e0 store:0x80000000 load:0x80000000
       29781000	     14790	80005222	90000437	lui	x8,0x90000	  x8=0x90000000
       29783000	     14791	80005226	ffc40413	addi	x8,x8,-4	  x8:0x90000000  x8=0x8ffffffc
       29785000	     14792	8000522a	4b19	c.li	x22,6	 x22=0x00000006
       29801000	     14800	8000522c	0b22	c.slli	x22,0x8	 x22:0x00000006 x22=0x00000600
       29843000	     14821	8000522e	000b0b13	addi	x22,x22,0	 x22:0x00000600 x22=0x00000600
       29885000	     14842	80005232	01642023	sw	x22,0(x8)	  x8:0x8ffffffc x22:0x00000600 PA:0x8ffffffc store:0x00000600 load:0x00000600
       29887000	     14843	80005236	34202b73	csrrs	x22,mcause,x0	  x0:0x00000000 x22=0x00000000
       29889000	     14844	8000523a	01fb5b13	srli	x22,x22,0x1f	 x22:0x00000000 x22=0x00000000
       29915000	     14857	8000523e	060b0c63	beq	x22,x0,800052b6	 x22:0x00000000  x0:0x00000000  x0=0x00000000
       29953000	     14876	800052b6	be1d	c.j	80004dec	
       29975000	     14887	80004dec	4185	c.li	x3,1	  x3=0x00000001
       30001000	     14900	80004dee	00000073	ecall	
       30041000	     14920	80000004	19a0506f	jal	x0,8000519e	  x0=0x00000000
       30095000	     14947	8000519e	7b200073	dret	
       30097000	     14948	800051a2	f8428293	addi	x5,x5,-124	  x5:0x80018564  x5=0x800184e8
       30117000	     14958	800051a6	0012a223	sw	x1,4(x5)	  x5:0x800184e8  x1:0x00000000 PA:0x800184ec store:0x00000000 load:0x00000000
       30123000	     14961	800051aa	0022a423	sw	x2,8(x5)	  x5:0x800184e8  x2:0x00000000 PA:0x800184f0 store:0x00000000 load:0x00000000
       30129000	     14964	800051ae	0032a623	sw	x3,12(x5)	  x5:0x800184e8  x3:0x00000001 PA:0x800184f4 store:0x00000001 load:0x00000001
       30137000	     14968	800051b2	0042a823	sw	x4,16(x5)	  x5:0x800184e8  x4:0x00000000 PA:0x800184f8 store:0x00000000 load:0x00000000
       30161000	     14980	800051b6	0052aa23	sw	x5,20(x5)	  x5:0x800184e8  x5:0x800184e8 PA:0x800184fc store:0x800184e8 load:0x800184e8
       30191000	     14995	800051ba	0062ac23	sw	x6,24(x5)	  x5:0x800184e8  x6:0x00000000 PA:0x80018500 store:0x00000000 load:0x00000000
       30255000	     15027	800051be	0072ae23	sw	x7,28(x5)	  x5:0x800184e8  x7:0xffdd2000 PA:0x80018504 store:0xffdd2000 load:0xffdd2000
       30259000	     15029	800051c2	0282a023	sw	x8,32(x5)	  x5:0x800184e8  x8:0x8ffffffc PA:0x80018508 store:0x8ffffffc load:0x8ffffffc
       30321000	     15060	800051c6	0292a223	sw	x9,36(x5)	  x5:0x800184e8  x9:0x80000000 PA:0x8001850c store:0x80000000 load:0x80000000
       30325000	     15062	800051ca	02a2a423	sw	x10,40(x5)	  x5:0x800184e8 x10:0xff24c9b4 PA:0x80018510 store:0xff24c9b4 load:0xff24c9b4
       30369000	     15084	800051ce	02b2a623	sw	x11,44(x5)	  x5:0x800184e8 x11:0x221c5e07 PA:0x80018514 store:0x221c5e07 load:0x221c5e07
       30397000	     15098	800051d2	02c2a823	sw	x12,48(x5)	  x5:0x800184e8 x12:0x5296a150 PA:0x80018518 store:0x5296a150 load:0x5296a150
       30435000	     15117	800051d6	02d2aa23	sw	x13,52(x5)	  x5:0x800184e8 x13:0x8ffffc34 PA:0x8001851c store:0x8ffffc34 load:0x8ffffc34
       30453000	     15126	800051da	02e2ac23	sw	x14,56(x5)	  x5:0x800184e8 x14:0x2f84d186 PA:0x80018520 store:0x2f84d186 load:0x2f84d186
       30461000	     15130	800051de	02f2ae23	sw	x15,60(x5)	  x5:0x800184e8 x15:0xfa11812e PA:0x80018524 store:0xfa11812e load:0xfa11812e
       30479000	     15139	800051e2	0502a023	sw	x16,64(x5)	  x5:0x800184e8 x16:0x00000001 PA:0x80018528 store:0x00000001 load:0x00000001
       30531000	     15165	800051e6	0512a223	sw	x17,68(x5)	  x5:0x800184e8 x17:0x0ffffffc PA:0x8001852c store:0x0ffffffc load:0x0ffffffc
       30535000	     15167	800051ea	0522a423	sw	x18,72(x5)	  x5:0x800184e8 x18:0x80000000 PA:0x80018530 store:0x80000000 load:0x80000000
       30559000	     15179	800051ee	0532a623	sw	x19,76(x5)	  x5:0x800184e8 x19:0x8001ce7c PA:0x80018534 store:0x8001ce7c load:0x8001ce7c
       30563000	     15181	800051f2	0542a823	sw	x20,80(x5)	  x5:0x800184e8 x20:0xf4b94f69 PA:0x80018538 store:0xf4b94f69 load:0xf4b94f69
       30589000	     15194	800051f6	0552aa23	sw	x21,84(x5)	  x5:0x800184e8 x21:0x0ffffffc PA:0x8001853c store:0x0ffffffc load:0x0ffffffc
       30627000	     15213	800051fa	0562ac23	sw	x22,88(x5)	  x5:0x800184e8 x22:0x00000000 PA:0x80018540 store:0x00000000 load:0x00000000
       30631000	     15215	800051fe	0572ae23	sw	x23,92(x5)	  x5:0x800184e8 x23:0x38026492 PA:0x80018544 store:0x38026492 load:0x38026492
       30641000	     15220	80005202	0782a023	sw	x24,96(x5)	  x5:0x800184e8 x24:0x8ffffc34 PA:0x80018548 store:0x8ffffc34 load:0x8ffffc34
       30675000	     15237	80005206	0792a223	sw	x25,100(x5)	  x5:0x800184e8 x25:0x00000000 PA:0x8001854c store:0x00000000 load:0x00000000
       30679000	     15239	8000520a	07a2a423	sw	x26,104(x5)	  x5:0x800184e8 x26:0x80000000 PA:0x80018550 store:0x80000000 load:0x80000000
       30689000	     15244	8000520e	07b2a623	sw	x27,108(x5)	  x5:0x800184e8 x27:0x80000000 PA:0x80018554 store:0x80000000 load:0x80000000
       30711000	     15255	80005212	07c2a823	sw	x28,112(x5)	  x5:0x800184e8 x28:0x00000000 PA:0x80018558 store:0x00000000 load:0x00000000
       30729000	     15264	80005216	07d2aa23	sw	x29,116(x5)	  x5:0x800184e8 x29:0x00000000 PA:0x8001855c store:0x00000000 load:0x00000000
       30775000	     15287	8000521a	07e2ac23	sw	x30,120(x5)	  x5:0x800184e8 x30:0x00000005 PA:0x80018560 store:0x00000005 load:0x00000005
       30791000	     15295	8000521e	07f2ae23	sw	x31,124(x5)	  x5:0x800184e8 x31:0x80000000 PA:0x80018564 store:0x80000000 load:0x80000000
       30797000	     15298	80005222	90000437	lui	x8,0x90000	  x8=0x90000000
       30849000	     15324	80005226	ffc40413	addi	x8,x8,-4	  x8:0x90000000  x8=0x8ffffffc
       30851000	     15325	8000522a	4b19	c.li	x22,6	 x22=0x00000006
       30865000	     15332	8000522c	0b22	c.slli	x22,0x8	 x22:0x00000006 x22=0x00000600
       30869000	     15334	8000522e	000b0b13	addi	x22,x22,0	 x22:0x00000600 x22=0x00000600
       30893000	     15346	80005232	01642023	sw	x22,0(x8)	  x8:0x8ffffffc x22:0x00000600 PA:0x8ffffffc store:0x00000600 load:0x00000600
       30905000	     15352	80005236	34202b73	csrrs	x22,mcause,x0	  x0:0x00000000 x22=0x00000000
       30953000	     15376	8000523a	01fb5b13	srli	x22,x22,0x1f	 x22:0x00000000 x22=0x00000000
       30993000	     15396	8000523e	060b0c63	beq	x22,x0,800052b6	 x22:0x00000000  x0:0x00000000  x0=0x00000000
       31021000	     15410	800052b6	be1d	c.j	80004dec	
       31063000	     15431	80004dec	4185	c.li	x3,1	  x3=0x00000001
       31065000	     15432	80004dee	00000073	ecall	
       31149000	     15474	80000004	19a0506f	jal	x0,8000519e	  x0=0x00000000
       31187000	     15493	8000519e	7b200073	dret	
       31195000	     15497	800051a2	f8428293	addi	x5,x5,-124	  x5:0x800184e8  x5=0x8001846c
       31259000	     15529	800051a6	0012a223	sw	x1,4(x5)	  x5:0x8001846c  x1:0x00000000 PA:0x80018470 store:0x00000000 load:0x00000000
       31283000	     15541	800051aa	0022a423	sw	x2,8(x5)	  x5:0x8001846c  x2:0x00000000 PA:0x80018474 store:0x00000000 load:0x00000000
       31315000	     15557	800051ae	0032a623	sw	x3,12(x5)	  x5:0x8001846c  x3:0x00000001 PA:0x80018478 store:0x00000001 load:0x00000001
       31349000	     15574	800051b2	0042a823	sw	x4,16(x5)	  x5:0x8001846c  x4:0x00000000 PA:0x8001847c store:0x00000000 load:0x00000000
       31383000	     15591	800051b6	0052aa23	sw	x5,20(x5)	  x5:0x8001846c  x5:0x8001846c PA:0x80018480 store:0x8001846c load:0x8001846c
       31393000	     15596	800051ba	0062ac23	sw	x6,24(x5)	  x5:0x8001846c  x6:0x00000000 PA:0x80018484 store:0x00000000 load:0x00000000
       31431000	     15615	800051be	0072ae23	sw	x7,28(x5)	  x5:0x8001846c  x7:0xffdd2000 PA:0x80018488 store:0xffdd2000 load:0xffdd2000
       31451000	     15625	800051c2	0282a023	sw	x8,32(x5)	  x5:0x8001846c  x8:0x8ffffffc PA:0x8001848c store:0x8ffffffc load:0x8ffffffc
       31457000	     15628	800051c6	0292a223	sw	x9,36(x5)	  x5:0x8001846c  x9:0x80000000 PA:0x80018490 store:0x80000000 load:0x80000000
       31479000	     15639	800051ca	02a2a423	sw	x10,40(x5)	  x5:0x8001846c x10:0xff24c9b4 PA:0x80018494 store:0xff24c9b4 load:0xff24c9b4
       31513000	     15656	800051ce	02b2a623	sw	x11,44(x5)	  x5:0x8001846c x11:0x221c5e07 PA:0x80018498 store:0x221c5e07 load:0x221c5e07
       31535000	     15667	800051d2	02c2a823	sw	x12,48(x5)	  x5:0x8001846c x12:0x5296a150 PA:0x8001849c store:0x5296a150 load:0x5296a150
       31545000	     15672	800051d6	02d2aa23	sw	x13,52(x5)	  x5:0x8001846c x13:0x8ffffc34 PA:0x800184a0 store:0x8ffffc34 load:0x8ffffc34
       31549000	     15674	800051da	02e2ac23	sw	x14,56(x5)	  x5:0x8001846c x14:0x2f84d186 PA:0x800184a4 store:0x2f84d186 load:0x2f84d186
       31579000	     15689	800051de	02f2ae23	sw	x15,60(x5)	  x5:0x8001846c x15:0xfa11812e PA:0x800184a8 store:0xfa11812e load:0xfa11812e
       31595000	     15697	800051e2	0502a023	sw	x16,64(x5)	  x5:0x8001846c x16:0x00000001 PA:0x800184ac store:0x00000001 load:0x00000001
       31599000	     15699	800051e6	0512a223	sw	x17,68(x5)	  x5:0x8001846c x17:0x0ffffffc PA:0x800184b0 store:0x0ffffffc load:0x0ffffffc
       31645000	     15722	800051ea	0522a423	sw	x18,72(x5)	  x5:0x8001846c x18:0x80000000 PA:0x800184b4 store:0x80000000 load:0x80000000
       31687000	     15743	800051ee	0532a623	sw	x19,76(x5)	  x5:0x8001846c x19:0x8001ce7c PA:0x800184b8 store:0x8001ce7c load:0x8001ce7c
       31703000	     15751	800051f2	0542a823	sw	x20,80(x5)	  x5:0x8001846c x20:0xf4b94f69 PA:0x800184bc store:0xf4b94f69 load:0xf4b94f69
       31741000	     15770	800051f6	0552aa23	sw	x21,84(x5)	  x5:0x8001846c x21:0x0ffffffc PA:0x800184c0 store:0x0ffffffc load:0x0ffffffc
       31805000	     15802	800051fa	0562ac23	sw	x22,88(x5)	  x5:0x8001846c x22:0x00000000 PA:0x800184c4 store:0x00000000 load:0x00000000
       31825000	     15812	800051fe	0572ae23	sw	x23,92(x5)	  x5:0x8001846c x23:0x38026492 PA:0x800184c8 store:0x38026492 load:0x38026492
       31869000	     15834	80005202	0782a023	sw	x24,96(x5)	  x5:0x8001846c x24:0x8ffffc34 PA:0x800184cc store:0x8ffffc34 load:0x8ffffc34
       31883000	     15841	80005206	0792a223	sw	x25,100(x5)	  x5:0x8001846c x25:0x00000000 PA:0x800184d0 store:0x00000000 load:0x00000000
       31905000	     15852	8000520a	07a2a423	sw	x26,104(x5)	  x5:0x8001846c x26:0x80000000 PA:0x800184d4 store:0x80000000 load:0x80000000
       31925000	     15862	8000520e	07b2a623	sw	x27,108(x5)	  x5:0x8001846c x27:0x80000000 PA:0x800184d8 store:0x80000000 load:0x80000000
       31943000	     15871	80005212	07c2a823	sw	x28,112(x5)	  x5:0x8001846c x28:0x00000000 PA:0x800184dc store:0x00000000 load:0x00000000
       31971000	     15885	80005216	07d2aa23	sw	x29,116(x5)	  x5:0x8001846c x29:0x00000000 PA:0x800184e0 store:0x00000000 load:0x00000000
       31993000	     15896	8000521a	07e2ac23	sw	x30,120(x5)	  x5:0x8001846c x30:0x00000005 PA:0x800184e4 store:0x00000005 load:0x00000005
       31997000	     15898	8000521e	07f2ae23	sw	x31,124(x5)	  x5:0x8001846c x31:0x80000000 PA:0x800184e8 store:0x80000000 load:0x80000000
       32009000	     15904	80005222	90000437	lui	x8,0x90000	  x8=0x90000000
       32031000	     15915	80005226	ffc40413	addi	x8,x8,-4	  x8:0x90000000  x8=0x8ffffffc
       32033000	     15916	8000522a	4b19	c.li	x22,6	 x22=0x00000006
       32045000	     15922	8000522c	0b22	c.slli	x22,0x8	 x22:0x00000006 x22=0x00000600
       32049000	     15924	8000522e	000b0b13	addi	x22,x22,0	 x22:0x00000600 x22=0x00000600
       32105000	     15952	80005232	01642023	sw	x22,0(x8)	  x8:0x8ffffffc x22:0x00000600 PA:0x8ffffffc store:0x00000600 load:0x00000600
       32107000	     15953	80005236	34202b73	csrrs	x22,mcause,x0	  x0:0x00000000 x22=0x00000000
       32109000	     15954	8000523a	01fb5b13	srli	x22,x22,0x1f	 x22:0x00000000 x22=0x00000000
       32115000	     15957	8000523e	060b0c63	beq	x22,x0,800052b6	 x22:0x00000000  x0:0x00000000  x0=0x00000000
       32133000	     15966	800052b6	be1d	c.j	80004dec	
       32197000	     15998	80004dec	4185	c.li	x3,1	  x3=0x00000001
       32199000	     15999	80004dee	00000073	ecall	
       32227000	     16013	80000004	19a0506f	jal	x0,8000519e	  x0=0x00000000
       32259000	     16029	8000519e	7b200073	dret	
       32289000	     16044	800051a2	f8428293	addi	x5,x5,-124	  x5:0x8001846c  x5=0x800183f0
       32299000	     16049	800051a6	0012a223	sw	x1,4(x5)	  x5:0x800183f0  x1:0x00000000 PA:0x800183f4 store:0x00000000 load:0x00000000
       32369000	     16084	800051aa	0022a423	sw	x2,8(x5)	  x5:0x800183f0  x2:0x00000000 PA:0x800183f8 store:0x00000000 load:0x00000000
       32373000	     16086	800051ae	0032a623	sw	x3,12(x5)	  x5:0x800183f0  x3:0x00000001 PA:0x800183fc store:0x00000001 load:0x00000001
       32431000	     16115	800051b2	0042a823	sw	x4,16(x5)	  x5:0x800183f0  x4:0x00000000 PA:0x80018400 store:0x00000000 load:0x00000000
       32479000	     16139	800051b6	0052aa23	sw	x5,20(x5)	  x5:0x800183f0  x5:0x800183f0 PA:0x80018404 store:0x800183f0 load:0x800183f0
       32539000	     16169	800051ba	0062ac23	sw	x6,24(x5)	  x5:0x800183f0  x6:0x00000000 PA:0x80018408 store:0x00000000 load:0x00000000
       32545000	     16172	800051be	0072ae23	sw	x7,28(x5)	  x5:0x800183f0  x7:0xffdd2000 PA:0x8001840c store:0xffdd2000 load:0xffdd2000
       32569000	     16184	800051c2	0282a023	sw	x8,32(x5)	  x5:0x800183f0  x8:0x8ffffffc PA:0x80018410 store:0x8ffffffc load:0x8ffffffc
       32583000	     16191	800051c6	0292a223	sw	x9,36(x5)	  x5:0x800183f0  x9:0x80000000 PA:0x80018414 store:0x80000000 load:0x80000000
       32613000	     16206	800051ca	02a2a423	sw	x10,40(x5)	  x5:0x800183f0 x10:0xff24c9b4 PA:0x80018418 store:0xff24c9b4 load:0xff24c9b4
       32677000	     16238	800051ce	02b2a623	sw	x11,44(x5)	  x5:0x800183f0 x11:0x221c5e07 PA:0x8001841c store:0x221c5e07 load:0x221c5e07
       32693000	     16246	800051d2	02c2a823	sw	x12,48(x5)	  x5:0x800183f0 x12:0x5296a150 PA:0x80018420 store:0x5296a150 load:0x5296a150
       32745000	     16272	800051d6	02d2aa23	sw	x13,52(x5)	  x5:0x800183f0 x13:0x8ffffc34 PA:0x80018424 store:0x8ffffc34 load:0x8ffffc34
       32803000	     16301	800051da	02e2ac23	sw	x14,56(x5)	  x5:0x800183f0 x14:0x2f84d186 PA:0x80018428 store:0x2f84d186 load:0x2f84d186
       32807000	     16303	800051de	02f2ae23	sw	x15,60(x5)	  x5:0x800183f0 x15:0xfa11812e PA:0x8001842c store:0xfa11812e load:0xfa11812e
       32835000	     16317	800051e2	0502a023	sw	x16,64(x5)	  x5:0x800183f0 x16:0x00000001 PA:0x80018430 store:0x00000001 load:0x00000001
       32847000	     16323	800051e6	0512a223	sw	x17,68(x5)	  x5:0x800183f0 x17:0x0ffffffc PA:0x80018434 store:0x0ffffffc load:0x0ffffffc
       32885000	     16342	800051ea	0522a423	sw	x18,72(x5)	  x5:0x800183f0 x18:0x80000000 PA:0x80018438 store:0x80000000 load:0x80000000
       32895000	     16347	800051ee	0532a623	sw	x19,76(x5)	  x5:0x800183f0 x19:0x8001ce7c PA:0x8001843c store:0x8001ce7c load:0x8001ce7c
       32957000	     16378	800051f2	0542a823	sw	x20,80(x5)	  x5:0x800183f0 x20:0xf4b94f69 PA:0x80018440 store:0xf4b94f69 load:0xf4b94f69
       33003000	     16401	800051f6	0552aa23	sw	x21,84(x5)	  x5:0x800183f0 x21:0x0ffffffc PA:0x80018444 store:0x0ffffffc load:0x0ffffffc
       33009000	     16404	800051fa	0562ac23	sw	x22,88(x5)	  x5:0x800183f0 x22:0x00000000 PA:0x80018448 store:0x00000000 load:0x00000000
       33015000	     16407	800051fe	0572ae23	sw	x23,92(x5)	  x5:0x800183f0 x23:0x38026492 PA:0x8001844c store:0x38026492 load:0x38026492
       33079000	     16439	80005202	0782a023	sw	x24,96(x5)	  x5:0x800183f0 x24:0x8ffffc34 PA:0x80018450 store:0x8ffffc34 load:0x8ffffc34
       33109000	     16454	80005206	0792a223	sw	x25,100(x5)	  x5:0x800183f0 x25:0x00000000 PA:0x80018454 store:0x00000000 load:0x00000000
       33125000	     16462	8000520a	07a2a423	sw	x26,104(x5)	  x5:0x800183f0 x26:0x80000000 PA:0x80018458 store:0x80000000 load:0x80000000
       33139000	     16469	8000520e	07b2a623	sw	x27,108(x5)	  x5:0x800183f0 x27:0x80000000 PA:0x8001845c store:0x80000000 load:0x80000000
       33201000	     16500	80005212	07c2a823	sw	x28,112(x5)	  x5:0x800183f0 x28:0x00000000 PA:0x80018460 store:0x00000000 load:0x00000000
       33205000	     16502	80005216	07d2aa23	sw	x29,116(x5)	  x5:0x800183f0 x29:0x00000000 PA:0x80018464 store:0x00000000 load:0x00000000
       33239000	     16519	8000521a	07e2ac23	sw	x30,120(x5)	  x5:0x800183f0 x30:0x00000005 PA:0x80018468 store:0x00000005 load:0x00000005
       33287000	     16543	8000521e	07f2ae23	sw	x31,124(x5)	  x5:0x800183f0 x31:0x80000000 PA:0x8001846c store:0x80000000 load:0x80000000
       33289000	     16544	80005222	90000437	lui	x8,0x90000	  x8=0x90000000
       33291000	     16545	80005226	ffc40413	addi	x8,x8,-4	  x8:0x90000000  x8=0x8ffffffc
       33293000	     16546	8000522a	4b19	c.li	x22,6	 x22=0x00000006
       33335000	     16567	8000522c	0b22	c.slli	x22,0x8	 x22:0x00000006 x22=0x00000600
       33337000	     16568	8000522e	000b0b13	addi	x22,x22,0	 x22:0x00000600 x22=0x00000600
       33407000	     16603	80005232	01642023	sw	x22,0(x8)	  x8:0x8ffffffc x22:0x00000600 PA:0x8ffffffc store:0x00000600 load:0x00000600
       33409000	     16604	80005236	34202b73	csrrs	x22,mcause,x0	  x0:0x00000000 x22=0x00000000
       33411000	     16605	8000523a	01fb5b13	srli	x22,x22,0x1f	 x22:0x00000000 x22=0x00000000
       33417000	     16608	8000523e	060b0c63	beq	x22,x0,800052b6	 x22:0x00000000  x0:0x00000000  x0=0x00000000
       33445000	     16622	800052b6	be1d	c.j	80004dec	
       33505000	     16652	80004dec	4185	c.li	x3,1	  x3=0x00000001
       33507000	     16653	80004dee	00000073	ecall	
       33573000	     16686	80000004	19a0506f	jal	x0,8000519e	  x0=0x00000000
       33675000	     16737	8000519e	7b200073	dret	
       33677000	     16738	800051a2	f8428293	addi	x5,x5,-124	  x5:0x800183f0  x5=0x80018374
       33701000	     16750	800051a6	0012a223	sw	x1,4(x5)	  x5:0x80018374  x1:0x00000000 PA:0x80018378 store:0x00000000 load:0x00000000
       33733000	     16766	800051aa	0022a423	sw	x2,8(x5)	  x5:0x80018374  x2:0x00000000 PA:0x8001837c store:0x00000000 load:0x00000000
       33755000	     16777	800051ae	0032a623	sw	x3,12(x5)	  x5:0x80018374  x3:0x00000001 PA:0x80018380 store:0x00000001 load:0x00000001
       33781000	     16790	800051b2	0042a823	sw	x4,16(x5)	  x5:0x80018374  x4:0x00000000 PA:0x80018384 store:0x00000000 load:0x00000000
       33785000	     16792	800051b6	0052aa23	sw	x5,20(x5)	  x5:0x80018374  x5:0x80018374 PA:0x80018388 store:0x80018374 load:0x80018374
       33815000	     16807	800051ba	0062ac23	sw	x6,24(x5)	  x5:0x80018374  x6:0x00000000 PA:0x8001838c store:0x00000000 load:0x00000000
       33819000	     16809	800051be	0072ae23	sw	x7,28(x5)	  x5:0x80018374  x7:0xffdd2000 PA:0x80018390 store:0xffdd2000 load:0xffdd2000
       33889000	     16844	800051c2	0282a023	sw	x8,32(x5)	  x5:0x80018374  x8:0x8ffffffc PA:0x80018394 store:0x8ffffffc load:0x8ffffffc
       33953000	     16876	800051c6	0292a223	sw	x9,36(x5)	  x5:0x80018374  x9:0x80000000 PA:0x80018398 store:0x80000000 load:0x80000000
       33971000	     16885	800051ca	02a2a423	sw	x10,40(x5)	  x5:0x80018374 x10:0xff24c9b4 PA:0x8001839c store:0xff24c9b4 load:0xff24c9b4
       33979000	     16889	800051ce	02b2a623	sw	x11,44(x5)	  x5:0x80018374 x11:0x221c5e07 PA:0x800183a0 store:0x221c5e07 load:0x221c5e07
       34003000	     16901	800051d2	02c2a823	sw	x12,48(x5)	  x5:0x80018374 x12:0x5296a150 PA:0x800183a4 store:0x5296a150 load:0x5296a150
       34021000	     16910	800051d6	02d2aa23	sw	x13,52(x5)	  x5:0x80018374 x13:0x8ffffc34 PA:0x800183a8 store:0x8ffffc34 load:0x8ffffc34
       34077000	     16938	800051da	02e2ac23	sw	x14,56(x5)	  x5:0x80018374 x14:0x2f84d186 PA:0x800183ac store:0x2f84d186 load:0x2f84d186
       34081000	     16940	800051de	02f2ae23	sw	x15,60(x5)	  x5:0x80018374 x15:0xfa11812e PA:0x800183b0 store:0xfa11812e load:0xfa11812e
       34093000	     16946	800051e2	0502a023	sw	x16,64(x5)	  x5:0x80018374 x16:0x00000001 PA:0x800183b4 store:0x00000001 load:0x00000001
       34109000	     16954	800051e6	0512a223	sw	x17,68(x5)	  x5:0x80018374 x17:0x0ffffffc PA:0x800183b8 store:0x0ffffffc load:0x0ffffffc
       34149000	     16974	800051ea	0522a423	sw	x18,72(x5)	  x5:0x80018374 x18:0x80000000 PA:0x800183bc store:0x80000000 load:0x80000000
       34199000	     16999	800051ee	0532a623	sw	x19,76(x5)	  x5:0x80018374 x19:0x8001ce7c PA:0x800183c0 store:0x8001ce7c load:0x8001ce7c
       34203000	     17001	800051f2	0542a823	sw	x20,80(x5)	  x5:0x80018374 x20:0xf4b94f69 PA:0x800183c4 store:0xf4b94f69 load:0xf4b94f69
       34279000	     17039	800051f6	0552aa23	sw	x21,84(x5)	  x5:0x80018374 x21:0x0ffffffc PA:0x800183c8 store:0x0ffffffc load:0x0ffffffc
       34347000	     17073	800051fa	0562ac23	sw	x22,88(x5)	  x5:0x80018374 x22:0x00000000 PA:0x800183cc store:0x00000000 load:0x00000000
       34363000	     17081	800051fe	0572ae23	sw	x23,92(x5)	  x5:0x80018374 x23:0x38026492 PA:0x800183d0 store:0x38026492 load:0x38026492
       34383000	     17091	80005202	0782a023	sw	x24,96(x5)	  x5:0x80018374 x24:0x8ffffc34 PA:0x800183d4 store:0x8ffffc34 load:0x8ffffc34
       34387000	     17093	80005206	0792a223	sw	x25,100(x5)	  x5:0x80018374 x25:0x00000000 PA:0x800183d8 store:0x00000000 load:0x00000000
       34397000	     17098	8000520a	07a2a423	sw	x26,104(x5)	  x5:0x80018374 x26:0x80000000 PA:0x800183dc store:0x80000000 load:0x80000000
       34427000	     17113	8000520e	07b2a623	sw	x27,108(x5)	  x5:0x80018374 x27:0x80000000 PA:0x800183e0 store:0x80000000 load:0x80000000
       34451000	     17125	80005212	07c2a823	sw	x28,112(x5)	  x5:0x80018374 x28:0x00000000 PA:0x800183e4 store:0x00000000 load:0x00000000
       34455000	     17127	80005216	07d2aa23	sw	x29,116(x5)	  x5:0x80018374 x29:0x00000000 PA:0x800183e8 store:0x00000000 load:0x00000000
       34459000	     17129	8000521a	07e2ac23	sw	x30,120(x5)	  x5:0x80018374 x30:0x00000005 PA:0x800183ec store:0x00000005 load:0x00000005
       34501000	     17150	8000521e	07f2ae23	sw	x31,124(x5)	  x5:0x80018374 x31:0x80000000 PA:0x800183f0 store:0x80000000 load:0x80000000
       34503000	     17151	80005222	90000437	lui	x8,0x90000	  x8=0x90000000
       34505000	     17152	80005226	ffc40413	addi	x8,x8,-4	  x8:0x90000000  x8=0x8ffffffc
       34507000	     17153	8000522a	4b19	c.li	x22,6	 x22=0x00000006
       34527000	     17163	8000522c	0b22	c.slli	x22,0x8	 x22:0x00000006 x22=0x00000600
       34575000	     17187	8000522e	000b0b13	addi	x22,x22,0	 x22:0x00000600 x22=0x00000600
       34599000	     17199	80005232	01642023	sw	x22,0(x8)	  x8:0x8ffffffc x22:0x00000600 PA:0x8ffffffc store:0x00000600 load:0x00000600
       34601000	     17200	80005236	34202b73	csrrs	x22,mcause,x0	  x0:0x00000000 x22=0x00000000
       34603000	     17201	8000523a	01fb5b13	srli	x22,x22,0x1f	 x22:0x00000000 x22=0x00000000
       34609000	     17204	8000523e	060b0c63	beq	x22,x0,800052b6	 x22:0x00000000  x0:0x00000000  x0=0x00000000
       34655000	     17227	800052b6	be1d	c.j	80004dec	
       34677000	     17238	80004dec	4185	c.li	x3,1	  x3=0x00000001
       34697000	     17248	80004dee	00000073	ecall	
       34733000	     17266	80000004	19a0506f	jal	x0,8000519e	  x0=0x00000000
       34775000	     17287	8000519e	7b200073	dret	
       34781000	     17290	800051a2	f8428293	addi	x5,x5,-124	  x5:0x80018374  x5=0x800182f8
       34809000	     17304	800051a6	0012a223	sw	x1,4(x5)	  x5:0x800182f8  x1:0x00000000 PA:0x800182fc store:0x00000000 load:0x00000000
       34833000	     17316	800051aa	0022a423	sw	x2,8(x5)	  x5:0x800182f8  x2:0x00000000 PA:0x80018300 store:0x00000000 load:0x00000000
       34849000	     17324	800051ae	0032a623	sw	x3,12(x5)	  x5:0x800182f8  x3:0x00000001 PA:0x80018304 store:0x00000001 load:0x00000001
       34881000	     17340	800051b2	0042a823	sw	x4,16(x5)	  x5:0x800182f8  x4:0x00000000 PA:0x80018308 store:0x00000000 load:0x00000000
       34897000	     17348	800051b6	0052aa23	sw	x5,20(x5)	  x5:0x800182f8  x5:0x800182f8 PA:0x8001830c store:0x800182f8 load:0x800182f8
       34907000	     17353	800051ba	0062ac23	sw	x6,24(x5)	  x5:0x800182f8  x6:0x00000000 PA:0x80018310 store:0x00000000 load:0x00000000
       34931000	     17365	800051be	0072ae23	sw	x7,28(x5)	  x5:0x800182f8  x7:0xffdd2000 PA:0x80018314 store:0xffdd2000 load:0xffdd2000
       34975000	     17387	800051c2	0282a023	sw	x8,32(x5)	  x5:0x800182f8  x8:0x8ffffffc PA:0x80018318 store:0x8ffffffc load:0x8ffffffc
       34989000	     17394	800051c6	0292a223	sw	x9,36(x5)	  x5:0x800182f8  x9:0x80000000 PA:0x8001831c store:0x80000000 load:0x80000000
       35003000	     17401	800051ca	02a2a423	sw	x10,40(x5)	  x5:0x800182f8 x10:0xff24c9b4 PA:0x80018320 store:0xff24c9b4 load:0xff24c9b4
       35061000	     17430	800051ce	02b2a623	sw	x11,44(x5)	  x5:0x800182f8 x11:0x221c5e07 PA:0x80018324 store:0x221c5e07 load:0x221c5e07
       35097000	     17448	800051d2	02c2a823	sw	x12,48(x5)	  x5:0x800182f8 x12:0x5296a150 PA:0x80018328 store:0x5296a150 load:0x5296a150
       35113000	     17456	800051d6	02d2aa23	sw	x13,52(x5)	  x5:0x800182f8 x13:0x8ffffc34 PA:0x8001832c store:0x8ffffc34 load:0x8ffffc34
       35177000	     17488	800051da	02e2ac23	sw	x14,56(x5)	  x5:0x800182f8 x14:0x2f84d186 PA:0x80018330 store:0x2f84d186 load:0x2f84d186
       35203000	     17501	800051de	02f2ae23	sw	x15,60(x5)	  x5:0x800182f8 x15:0xfa11812e PA:0x80018334 store:0xfa11812e load:0xfa11812e
       35227000	     17513	800051e2	0502a023	sw	x16,64(x5)	  x5:0x800182f8 x16:0x00000001 PA:0x80018338 store:0x00000001 load:0x00000001
       35235000	     17517	800051e6	0512a223	sw	x17,68(x5)	  x5:0x800182f8 x17:0x0ffffffc PA:0x8001833c store:0x0ffffffc load:0x0ffffffc
       35283000	     17541	800051ea	0522a423	sw	x18,72(x5)	  x5:0x800182f8 x18:0x80000000 PA:0x80018340 store:0x80000000 load:0x80000000
       35309000	     17554	800051ee	0532a623	sw	x19,76(x5)	  x5:0x800182f8 x19:0x8001ce7c PA:0x80018344 store:0x8001ce7c load:0x8001ce7c
       35351000	     17575	800051f2	0542a823	sw	x20,80(x5)	  x5:0x800182f8 x20:0xf4b94f69 PA:0x80018348 store:0xf4b94f69 load:0xf4b94f69
       35375000	     17587	800051f6	0552aa23	sw	x21,84(x5)	  x5:0x800182f8 x21:0x0ffffffc PA:0x8001834c store:0x0ffffffc load:0x0ffffffc
       35423000	     17611	800051fa	0562ac23	sw	x22,88(x5)	  x5:0x800182f8 x22:0x00000000 PA:0x80018350 store:0x00000000 load:0x00000000
       35459000	     17629	800051fe	0572ae23	sw	x23,92(x5)	  x5:0x800182f8 x23:0x38026492 PA:0x80018354 store:0x38026492 load:0x38026492
       35523000	     17661	80005202	0782a023	sw	x24,96(x5)	  x5:0x800182f8 x24:0x8ffffc34 PA:0x80018358 store:0x8ffffc34 load:0x8ffffc34
       35547000	     17673	80005206	0792a223	sw	x25,100(x5)	  x5:0x800182f8 x25:0x00000000 PA:0x8001835c store:0x00000000 load:0x00000000
       35595000	     17697	8000520a	07a2a423	sw	x26,104(x5)	  x5:0x800182f8 x26:0x80000000 PA:0x80018360 store:0x80000000 load:0x80000000
       35599000	     17699	8000520e	07b2a623	sw	x27,108(x5)	  x5:0x800182f8 x27:0x80000000 PA:0x80018364 store:0x80000000 load:0x80000000
       35627000	     17713	80005212	07c2a823	sw	x28,112(x5)	  x5:0x800182f8 x28:0x00000000 PA:0x80018368 store:0x00000000 load:0x00000000
       35631000	     17715	80005216	07d2aa23	sw	x29,116(x5)	  x5:0x800182f8 x29:0x00000000 PA:0x8001836c store:0x00000000 load:0x00000000
       35655000	     17727	8000521a	07e2ac23	sw	x30,120(x5)	  x5:0x800182f8 x30:0x00000005 PA:0x80018370 store:0x00000005 load:0x00000005
       35673000	     17736	8000521e	07f2ae23	sw	x31,124(x5)	  x5:0x800182f8 x31:0x80000000 PA:0x80018374 store:0x80000000 load:0x80000000
       35697000	     17748	80005222	90000437	lui	x8,0x90000	  x8=0x90000000
       35739000	     17769	80005226	ffc40413	addi	x8,x8,-4	  x8:0x90000000  x8=0x8ffffffc
       35741000	     17770	8000522a	4b19	c.li	x22,6	 x22=0x00000006
       35743000	     17771	8000522c	0b22	c.slli	x22,0x8	 x22:0x00000006 x22=0x00000600
       35745000	     17772	8000522e	000b0b13	addi	x22,x22,0	 x22:0x00000600 x22=0x00000600
       35777000	     17788	80005232	01642023	sw	x22,0(x8)	  x8:0x8ffffffc x22:0x00000600 PA:0x8ffffffc store:0x00000600 load:0x00000600
       35779000	     17789	80005236	34202b73	csrrs	x22,mcause,x0	  x0:0x00000000 x22=0x00000000
       35805000	     17802	8000523a	01fb5b13	srli	x22,x22,0x1f	 x22:0x00000000 x22=0x00000000
       35813000	     17806	8000523e	060b0c63	beq	x22,x0,800052b6	 x22:0x00000000  x0:0x00000000  x0=0x00000000
       35843000	     17821	800052b6	be1d	c.j	80004dec	
       35907000	     17853	80004dec	4185	c.li	x3,1	  x3=0x00000001
       35923000	     17861	80004dee	00000073	ecall	
       35963000	     17881	80000004	19a0506f	jal	x0,8000519e	  x0=0x00000000
       36007000	     17903	8000519e	7b200073	dret	
       36017000	     17908	800051a2	f8428293	addi	x5,x5,-124	  x5:0x800182f8  x5=0x8001827c
       36039000	     17919	800051a6	0012a223	sw	x1,4(x5)	  x5:0x8001827c  x1:0x00000000 PA:0x80018280 store:0x00000000 load:0x00000000
       36077000	     17938	800051aa	0022a423	sw	x2,8(x5)	  x5:0x8001827c  x2:0x00000000 PA:0x80018284 store:0x00000000 load:0x00000000
       36101000	     17950	800051ae	0032a623	sw	x3,12(x5)	  x5:0x8001827c  x3:0x00000001 PA:0x80018288 store:0x00000001 load:0x00000001
       36155000	     17977	800051b2	0042a823	sw	x4,16(x5)	  x5:0x8001827c  x4:0x00000000 PA:0x8001828c store:0x00000000 load:0x00000000
       36201000	     18000	800051b6	0052aa23	sw	x5,20(x5)	  x5:0x8001827c  x5:0x8001827c PA:0x80018290 store:0x8001827c load:0x8001827c
       36225000	     18012	800051ba	0062ac23	sw	x6,24(x5)	  x5:0x8001827c  x6:0x00000000 PA:0x80018294 store:0x00000000 load:0x00000000
       36241000	     18020	800051be	0072ae23	sw	x7,28(x5)	  x5:0x8001827c  x7:0xffdd2000 PA:0x80018298 store:0xffdd2000 load:0xffdd2000
       36267000	     18033	800051c2	0282a023	sw	x8,32(x5)	  x5:0x8001827c  x8:0x8ffffffc PA:0x8001829c store:0x8ffffffc load:0x8ffffffc
       36321000	     18060	800051c6	0292a223	sw	x9,36(x5)	  x5:0x8001827c  x9:0x80000000 PA:0x800182a0 store:0x80000000 load:0x80000000
       36345000	     18072	800051ca	02a2a423	sw	x10,40(x5)	  x5:0x8001827c x10:0xff24c9b4 PA:0x800182a4 store:0xff24c9b4 load:0xff24c9b4
       36349000	     18074	800051ce	02b2a623	sw	x11,44(x5)	  x5:0x8001827c x11:0x221c5e07 PA:0x800182a8 store:0x221c5e07 load:0x221c5e07
       36413000	     18106	800051d2	02c2a823	sw	x12,48(x5)	  x5:0x8001827c x12:0x5296a150 PA:0x800182ac store:0x5296a150 load:0x5296a150
       36417000	     18108	800051d6	02d2aa23	sw	x13,52(x5)	  x5:0x8001827c x13:0x8ffffc34 PA:0x800182b0 store:0x8ffffc34 load:0x8ffffc34
       36453000	     18126	800051da	02e2ac23	sw	x14,56(x5)	  x5:0x8001827c x14:0x2f84d186 PA:0x800182b4 store:0x2f84d186 load:0x2f84d186
       36505000	     18152	800051de	02f2ae23	sw	x15,60(x5)	  x5:0x8001827c x15:0xfa11812e PA:0x800182b8 store:0xfa11812e load:0xfa11812e
       36509000	     18154	800051e2	0502a023	sw	x16,64(x5)	  x5:0x8001827c x16:0x00000001 PA:0x800182bc store:0x00000001 load:0x00000001
       36539000	     18169	800051e6	0512a223	sw	x17,68(x5)	  x5:0x8001827c x17:0x0ffffffc PA:0x800182c0 store:0x0ffffffc load:0x0ffffffc
       36563000	     18181	800051ea	0522a423	sw	x18,72(x5)	  x5:0x8001827c x18:0x80000000 PA:0x800182c4 store:0x80000000 load:0x80000000
       36573000	     18186	800051ee	0532a623	sw	x19,76(x5)	  x5:0x8001827c x19:0x8001ce7c PA:0x800182c8 store:0x8001ce7c load:0x8001ce7c
       36613000	     18206	800051f2	0542a823	sw	x20,80(x5)	  x5:0x8001827c x20:0xf4b94f69 PA:0x800182cc store:0xf4b94f69 load:0xf4b94f69
       36661000	     18230	800051f6	0552aa23	sw	x21,84(x5)	  x5:0x8001827c x21:0x0ffffffc PA:0x800182d0 store:0x0ffffffc load:0x0ffffffc
       36705000	     18252	800051fa	0562ac23	sw	x22,88(x5)	  x5:0x8001827c x22:0x00000000 PA:0x800182d4 store:0x00000000 load:0x00000000
       36719000	     18259	800051fe	0572ae23	sw	x23,92(x5)	  x5:0x8001827c x23:0x38026492 PA:0x800182d8 store:0x38026492 load:0x38026492
       36739000	     18269	80005202	0782a023	sw	x24,96(x5)	  x5:0x8001827c x24:0x8ffffc34 PA:0x800182dc store:0x8ffffc34 load:0x8ffffc34
       36773000	     18286	80005206	0792a223	sw	x25,100(x5)	  x5:0x8001827c x25:0x00000000 PA:0x800182e0 store:0x00000000 load:0x00000000
       36795000	     18297	8000520a	07a2a423	sw	x26,104(x5)	  x5:0x8001827c x26:0x80000000 PA:0x800182e4 store:0x80000000 load:0x80000000
       36801000	     18300	8000520e	07b2a623	sw	x27,108(x5)	  x5:0x8001827c x27:0x80000000 PA:0x800182e8 store:0x80000000 load:0x80000000
       36873000	     18336	80005212	07c2a823	sw	x28,112(x5)	  x5:0x8001827c x28:0x00000000 PA:0x800182ec store:0x00000000 load:0x00000000
       36895000	     18347	80005216	07d2aa23	sw	x29,116(x5)	  x5:0x8001827c x29:0x00000000 PA:0x800182f0 store:0x00000000 load:0x00000000
       36961000	     18380	8000521a	07e2ac23	sw	x30,120(x5)	  x5:0x8001827c x30:0x00000005 PA:0x800182f4 store:0x00000005 load:0x00000005
       36977000	     18388	8000521e	07f2ae23	sw	x31,124(x5)	  x5:0x8001827c x31:0x80000000 PA:0x800182f8 store:0x80000000 load:0x80000000
       36979000	     18389	80005222	90000437	lui	x8,0x90000	  x8=0x90000000
       36991000	     18395	80005226	ffc40413	addi	x8,x8,-4	  x8:0x90000000  x8=0x8ffffffc
       36993000	     18396	8000522a	4b19	c.li	x22,6	 x22=0x00000006
       37053000	     18426	8000522c	0b22	c.slli	x22,0x8	 x22:0x00000006 x22=0x00000600
       37073000	     18436	8000522e	000b0b13	addi	x22,x22,0	 x22:0x00000600 x22=0x00000600
       37119000	     18459	80005232	01642023	sw	x22,0(x8)	  x8:0x8ffffffc x22:0x00000600 PA:0x8ffffffc store:0x00000600 load:0x00000600
       37121000	     18460	80005236	34202b73	csrrs	x22,mcause,x0	  x0:0x00000000 x22=0x00000000
       37123000	     18461	8000523a	01fb5b13	srli	x22,x22,0x1f	 x22:0x00000000 x22=0x00000000
       37135000	     18467	8000523e	060b0c63	beq	x22,x0,800052b6	 x22:0x00000000  x0:0x00000000  x0=0x00000000
       37205000	     18502	800052b6	be1d	c.j	80004dec	
       37257000	     18528	80004dec	4185	c.li	x3,1	  x3=0x00000001
       37261000	     18530	80004dee	00000073	ecall	
       37305000	     18552	80000004	19a0506f	jal	x0,8000519e	  x0=0x00000000
       37361000	     18580	8000519e	7b200073	dret	
       37383000	     18591	800051a2	f8428293	addi	x5,x5,-124	  x5:0x8001827c  x5=0x80018200
       37425000	     18612	800051a6	0012a223	sw	x1,4(x5)	  x5:0x80018200  x1:0x00000000 PA:0x80018204 store:0x00000000 load:0x00000000
       37491000	     18645	800051aa	0022a423	sw	x2,8(x5)	  x5:0x80018200  x2:0x00000000 PA:0x80018208 store:0x00000000 load:0x00000000
       37495000	     18647	800051ae	0032a623	sw	x3,12(x5)	  x5:0x80018200  x3:0x00000001 PA:0x8001820c store:0x00000001 load:0x00000001
       37523000	     18661	800051b2	0042a823	sw	x4,16(x5)	  x5:0x80018200  x4:0x00000000 PA:0x80018210 store:0x00000000 load:0x00000000
       37573000	     18686	800051b6	0052aa23	sw	x5,20(x5)	  x5:0x80018200  x5:0x80018200 PA:0x80018214 store:0x80018200 load:0x80018200
       37597000	     18698	800051ba	0062ac23	sw	x6,24(x5)	  x5:0x80018200  x6:0x00000000 PA:0x80018218 store:0x00000000 load:0x00000000
       37643000	     18721	800051be	0072ae23	sw	x7,28(x5)	  x5:0x80018200  x7:0xffdd2000 PA:0x8001821c store:0xffdd2000 load:0xffdd2000
       37659000	     18729	800051c2	0282a023	sw	x8,32(x5)	  x5:0x80018200  x8:0x8ffffffc PA:0x80018220 store:0x8ffffffc load:0x8ffffffc
       37703000	     18751	800051c6	0292a223	sw	x9,36(x5)	  x5:0x80018200  x9:0x80000000 PA:0x80018224 store:0x80000000 load:0x80000000
       37707000	     18753	800051ca	02a2a423	sw	x10,40(x5)	  x5:0x80018200 x10:0xff24c9b4 PA:0x80018228 store:0xff24c9b4 load:0xff24c9b4
       37711000	     18755	800051ce	02b2a623	sw	x11,44(x5)	  x5:0x80018200 x11:0x221c5e07 PA:0x8001822c store:0x221c5e07 load:0x221c5e07
       37801000	     18800	800051d2	02c2a823	sw	x12,48(x5)	  x5:0x80018200 x12:0x5296a150 PA:0x80018230 store:0x5296a150 load:0x5296a150
       37845000	     18822	800051d6	02d2aa23	sw	x13,52(x5)	  x5:0x80018200 x13:0x8ffffc34 PA:0x80018234 store:0x8ffffc34 load:0x8ffffc34
       37877000	     18838	800051da	02e2ac23	sw	x14,56(x5)	  x5:0x80018200 x14:0x2f84d186 PA:0x80018238 store:0x2f84d186 load:0x2f84d186
       37911000	     18855	800051de	02f2ae23	sw	x15,60(x5)	  x5:0x80018200 x15:0xfa11812e PA:0x8001823c store:0xfa11812e load:0xfa11812e
       37955000	     18877	800051e2	0502a023	sw	x16,64(x5)	  x5:0x80018200 x16:0x00000001 PA:0x80018240 store:0x00000001 load:0x00000001
       37959000	     18879	800051e6	0512a223	sw	x17,68(x5)	  x5:0x80018200 x17:0x0ffffffc PA:0x80018244 store:0x0ffffffc load:0x0ffffffc
       37963000	     18881	800051ea	0522a423	sw	x18,72(x5)	  x5:0x80018200 x18:0x80000000 PA:0x80018248 store:0x80000000 load:0x80000000
       38037000	     18918	800051ee	0532a623	sw	x19,76(x5)	  x5:0x80018200 x19:0x8001ce7c PA:0x8001824c store:0x8001ce7c load:0x8001ce7c
       38043000	     18921	800051f2	0542a823	sw	x20,80(x5)	  x5:0x80018200 x20:0xf4b94f69 PA:0x80018250 store:0xf4b94f69 load:0xf4b94f69
       38065000	     18932	800051f6	0552aa23	sw	x21,84(x5)	  x5:0x80018200 x21:0x0ffffffc PA:0x80018254 store:0x0ffffffc load:0x0ffffffc
       38073000	     18936	800051fa	0562ac23	sw	x22,88(x5)	  x5:0x80018200 x22:0x00000000 PA:0x80018258 store:0x00000000 load:0x00000000
       38103000	     18951	800051fe	0572ae23	sw	x23,92(x5)	  x5:0x80018200 x23:0x38026492 PA:0x8001825c store:0x38026492 load:0x38026492
       38175000	     18987	80005202	0782a023	sw	x24,96(x5)	  x5:0x80018200 x24:0x8ffffc34 PA:0x80018260 store:0x8ffffc34 load:0x8ffffc34
       38193000	     18996	80005206	0792a223	sw	x25,100(x5)	  x5:0x80018200 x25:0x00000000 PA:0x80018264 store:0x00000000 load:0x00000000
       38251000	     19025	8000520a	07a2a423	sw	x26,104(x5)	  x5:0x80018200 x26:0x80000000 PA:0x80018268 store:0x80000000 load:0x80000000
       38255000	     19027	8000520e	07b2a623	sw	x27,108(x5)	  x5:0x80018200 x27:0x80000000 PA:0x8001826c store:0x80000000 load:0x80000000
       38275000	     19037	80005212	07c2a823	sw	x28,112(x5)	  x5:0x80018200 x28:0x00000000 PA:0x80018270 store:0x00000000 load:0x00000000
       38339000	     19069	80005216	07d2aa23	sw	x29,116(x5)	  x5:0x80018200 x29:0x00000000 PA:0x80018274 store:0x00000000 load:0x00000000
       38383000	     19091	8000521a	07e2ac23	sw	x30,120(x5)	  x5:0x80018200 x30:0x00000005 PA:0x80018278 store:0x00000005 load:0x00000005
       38393000	     19096	8000521e	07f2ae23	sw	x31,124(x5)	  x5:0x80018200 x31:0x80000000 PA:0x8001827c store:0x80000000 load:0x80000000
       38409000	     19104	80005222	90000437	lui	x8,0x90000	  x8=0x90000000
       38441000	     19120	80005226	ffc40413	addi	x8,x8,-4	  x8:0x90000000  x8=0x8ffffffc
       38443000	     19121	8000522a	4b19	c.li	x22,6	 x22=0x00000006
       38483000	     19141	8000522c	0b22	c.slli	x22,0x8	 x22:0x00000006 x22=0x00000600
       38489000	     19144	8000522e	000b0b13	addi	x22,x22,0	 x22:0x00000600 x22=0x00000600
       38569000	     19184	80005232	01642023	sw	x22,0(x8)	  x8:0x8ffffffc x22:0x00000600 PA:0x8ffffffc store:0x00000600 load:0x00000600
       38571000	     19185	80005236	34202b73	csrrs	x22,mcause,x0	  x0:0x00000000 x22=0x00000000
       38573000	     19186	8000523a	01fb5b13	srli	x22,x22,0x1f	 x22:0x00000000 x22=0x00000000
       38591000	     19195	8000523e	060b0c63	beq	x22,x0,800052b6	 x22:0x00000000  x0:0x00000000  x0=0x00000000
       38649000	     19224	800052b6	be1d	c.j	80004dec	
       38685000	     19242	80004dec	4185	c.li	x3,1	  x3=0x00000001
       38693000	     19246	80004dee	00000073	ecall	
       38785000	     19292	80000004	19a0506f	jal	x0,8000519e	  x0=0x00000000
       38799000	     19299	8000519e	7b200073	dret	
       38841000	     19320	800051a2	f8428293	addi	x5,x5,-124	  x5:0x80018200  x5=0x80018184
       38861000	     19330	800051a6	0012a223	sw	x1,4(x5)	  x5:0x80018184  x1:0x00000000 PA:0x80018188 store:0x00000000 load:0x00000000
       38915000	     19357	800051aa	0022a423	sw	x2,8(x5)	  x5:0x80018184  x2:0x00000000 PA:0x8001818c store:0x00000000 load:0x00000000
       38969000	     19384	800051ae	0032a623	sw	x3,12(x5)	  x5:0x80018184  x3:0x00000001 PA:0x80018190 store:0x00000001 load:0x00000001
       39013000	     19406	800051b2	0042a823	sw	x4,16(x5)	  x5:0x80018184  x4:0x00000000 PA:0x80018194 store:0x00000000 load:0x00000000
       39017000	     19408	800051b6	0052aa23	sw	x5,20(x5)	  x5:0x80018184  x5:0x80018184 PA:0x80018198 store:0x80018184 load:0x80018184
       39095000	     19447	800051ba	0062ac23	sw	x6,24(x5)	  x5:0x80018184  x6:0x00000000 PA:0x8001819c store:0x00000000 load:0x00000000
       39099000	     19449	800051be	0072ae23	sw	x7,28(x5)	  x5:0x80018184  x7:0xffdd2000 PA:0x800181a0 store:0xffdd2000 load:0xffdd2000
       39115000	     19457	800051c2	0282a023	sw	x8,32(x5)	  x5:0x80018184  x8:0x8ffffffc PA:0x800181a4 store:0x8ffffffc load:0x8ffffffc
       39139000	     19469	800051c6	0292a223	sw	x9,36(x5)	  x5:0x80018184  x9:0x80000000 PA:0x800181a8 store:0x80000000 load:0x80000000
       39201000	     19500	800051ca	02a2a423	sw	x10,40(x5)	  x5:0x80018184 x10:0xff24c9b4 PA:0x800181ac store:0xff24c9b4 load:0xff24c9b4
       39205000	     19502	800051ce	02b2a623	sw	x11,44(x5)	  x5:0x80018184 x11:0x221c5e07 PA:0x800181b0 store:0x221c5e07 load:0x221c5e07
       39253000	     19526	800051d2	02c2a823	sw	x12,48(x5)	  x5:0x80018184 x12:0x5296a150 PA:0x800181b4 store:0x5296a150 load:0x5296a150
       39273000	     19536	800051d6	02d2aa23	sw	x13,52(x5)	  x5:0x80018184 x13:0x8ffffc34 PA:0x800181b8 store:0x8ffffc34 load:0x8ffffc34
       39297000	     19548	800051da	02e2ac23	sw	x14,56(x5)	  x5:0x80018184 x14:0x2f84d186 PA:0x800181bc store:0x2f84d186 load:0x2f84d186
       39341000	     19570	800051de	02f2ae23	sw	x15,60(x5)	  x5:0x80018184 x15:0xfa11812e PA:0x800181c0 store:0xfa11812e load:0xfa11812e
       39363000	     19581	800051e2	0502a023	sw	x16,64(x5)	  x5:0x80018184 x16:0x00000001 PA:0x800181c4 store:0x00000001 load:0x00000001
       39387000	     19593	800051e6	0512a223	sw	x17,68(x5)	  x5:0x80018184 x17:0x0ffffffc PA:0x800181c8 store:0x0ffffffc load:0x0ffffffc
       39403000	     19601	800051ea	0522a423	sw	x18,72(x5)	  x5:0x80018184 x18:0x80000000 PA:0x800181cc store:0x80000000 load:0x80000000
       39457000	     19628	800051ee	0532a623	sw	x19,76(x5)	  x5:0x80018184 x19:0x8001ce7c PA:0x800181d0 store:0x8001ce7c load:0x8001ce7c
       39513000	     19656	800051f2	0542a823	sw	x20,80(x5)	  x5:0x80018184 x20:0xf4b94f69 PA:0x800181d4 store:0xf4b94f69 load:0xf4b94f69
       39535000	     19667	800051f6	0552aa23	sw	x21,84(x5)	  x5:0x80018184 x21:0x0ffffffc PA:0x800181d8 store:0x0ffffffc load:0x0ffffffc
       39557000	     19678	800051fa	0562ac23	sw	x22,88(x5)	  x5:0x80018184 x22:0x00000000 PA:0x800181dc store:0x00000000 load:0x00000000
       39571000	     19685	800051fe	0572ae23	sw	x23,92(x5)	  x5:0x80018184 x23:0x38026492 PA:0x800181e0 store:0x38026492 load:0x38026492
       39581000	     19690	80005202	0782a023	sw	x24,96(x5)	  x5:0x80018184 x24:0x8ffffc34 PA:0x800181e4 store:0x8ffffc34 load:0x8ffffc34
       39585000	     19692	80005206	0792a223	sw	x25,100(x5)	  x5:0x80018184 x25:0x00000000 PA:0x800181e8 store:0x00000000 load:0x00000000
       39645000	     19722	8000520a	07a2a423	sw	x26,104(x5)	  x5:0x80018184 x26:0x80000000 PA:0x800181ec store:0x80000000 load:0x80000000
       39675000	     19737	8000520e	07b2a623	sw	x27,108(x5)	  x5:0x80018184 x27:0x80000000 PA:0x800181f0 store:0x80000000 load:0x80000000
       39687000	     19743	80005212	07c2a823	sw	x28,112(x5)	  x5:0x80018184 x28:0x00000000 PA:0x800181f4 store:0x00000000 load:0x00000000
       39691000	     19745	80005216	07d2aa23	sw	x29,116(x5)	  x5:0x80018184 x29:0x00000000 PA:0x800181f8 store:0x00000000 load:0x00000000
       39715000	     19757	8000521a	07e2ac23	sw	x30,120(x5)	  x5:0x80018184 x30:0x00000005 PA:0x800181fc store:0x00000005 load:0x00000005
       39731000	     19765	8000521e	07f2ae23	sw	x31,124(x5)	  x5:0x80018184 x31:0x80000000 PA:0x80018200 store:0x80000000 load:0x80000000
       39733000	     19766	80005222	90000437	lui	x8,0x90000	  x8=0x90000000
       39737000	     19768	80005226	ffc40413	addi	x8,x8,-4	  x8:0x90000000  x8=0x8ffffffc
       39739000	     19769	8000522a	4b19	c.li	x22,6	 x22=0x00000006
       39741000	     19770	8000522c	0b22	c.slli	x22,0x8	 x22:0x00000006 x22=0x00000600
       39803000	     19801	8000522e	000b0b13	addi	x22,x22,0	 x22:0x00000600 x22=0x00000600
       39807000	     19803	80005232	01642023	sw	x22,0(x8)	  x8:0x8ffffffc x22:0x00000600 PA:0x8ffffffc store:0x00000600 load:0x00000600
       39839000	     19819	80005236	34202b73	csrrs	x22,mcause,x0	  x0:0x00000000 x22=0x00000000
       39863000	     19831	8000523a	01fb5b13	srli	x22,x22,0x1f	 x22:0x00000000 x22=0x00000000
       39867000	     19833	8000523e	060b0c63	beq	x22,x0,800052b6	 x22:0x00000000  x0:0x00000000  x0=0x00000000
       39891000	     19845	800052b6	be1d	c.j	80004dec	
       39933000	     19866	80004dec	4185	c.li	x3,1	  x3=0x00000001
       39995000	     19897	80004dee	00000073	ecall	
       40083000	     19941	80000004	19a0506f	jal	x0,8000519e	  x0=0x00000000
       40139000	     19969	8000519e	7b200073	dret	
       40141000	     19970	800051a2	f8428293	addi	x5,x5,-124	  x5:0x80018184  x5=0x80018108
       40209000	     20004	800051a6	0012a223	sw	x1,4(x5)	  x5:0x80018108  x1:0x00000000 PA:0x8001810c store:0x00000000 load:0x00000000
       40223000	     20011	800051aa	0022a423	sw	x2,8(x5)	  x5:0x80018108  x2:0x00000000 PA:0x80018110 store:0x00000000 load:0x00000000
       40283000	     20041	800051ae	0032a623	sw	x3,12(x5)	  x5:0x80018108  x3:0x00000001 PA:0x80018114 store:0x00000001 load:0x00000001
       40301000	     20050	800051b2	0042a823	sw	x4,16(x5)	  x5:0x80018108  x4:0x00000000 PA:0x80018118 store:0x00000000 load:0x00000000
       40313000	     20056	800051b6	0052aa23	sw	x5,20(x5)	  x5:0x80018108  x5:0x80018108 PA:0x8001811c store:0x80018108 load:0x80018108
       40321000	     20060	800051ba	0062ac23	sw	x6,24(x5)	  x5:0x80018108  x6:0x00000000 PA:0x80018120 store:0x00000000 load:0x00000000
       40339000	     20069	800051be	0072ae23	sw	x7,28(x5)	  x5:0x80018108  x7:0xffdd2000 PA:0x80018124 store:0xffdd2000 load:0xffdd2000
       40353000	     20076	800051c2	0282a023	sw	x8,32(x5)	  x5:0x80018108  x8:0x8ffffffc PA:0x80018128 store:0x8ffffffc load:0x8ffffffc
       40417000	     20108	800051c6	0292a223	sw	x9,36(x5)	  x5:0x80018108  x9:0x80000000 PA:0x8001812c store:0x80000000 load:0x80000000
       40425000	     20112	800051ca	02a2a423	sw	x10,40(x5)	  x5:0x80018108 x10:0xff24c9b4 PA:0x80018130 store:0xff24c9b4 load:0xff24c9b4
       40429000	     20114	800051ce	02b2a623	sw	x11,44(x5)	  x5:0x80018108 x11:0x221c5e07 PA:0x80018134 store:0x221c5e07 load:0x221c5e07
       40501000	     20150	800051d2	02c2a823	sw	x12,48(x5)	  x5:0x80018108 x12:0x5296a150 PA:0x80018138 store:0x5296a150 load:0x5296a150
       40533000	     20166	800051d6	02d2aa23	sw	x13,52(x5)	  x5:0x80018108 x13:0x8ffffc34 PA:0x8001813c store:0x8ffffc34 load:0x8ffffc34
       40557000	     20178	800051da	02e2ac23	sw	x14,56(x5)	  x5:0x80018108 x14:0x2f84d186 PA:0x80018140 store:0x2f84d186 load:0x2f84d186
       40581000	     20190	800051de	02f2ae23	sw	x15,60(x5)	  x5:0x80018108 x15:0xfa11812e PA:0x80018144 store:0xfa11812e load:0xfa11812e
       40589000	     20194	800051e2	0502a023	sw	x16,64(x5)	  x5:0x80018108 x16:0x00000001 PA:0x80018148 store:0x00000001 load:0x00000001
       40597000	     20198	800051e6	0512a223	sw	x17,68(x5)	  x5:0x80018108 x17:0x0ffffffc PA:0x8001814c store:0x0ffffffc load:0x0ffffffc
       40637000	     20218	800051ea	0522a423	sw	x18,72(x5)	  x5:0x80018108 x18:0x80000000 PA:0x80018150 store:0x80000000 load:0x80000000
       40727000	     20263	800051ee	0532a623	sw	x19,76(x5)	  x5:0x80018108 x19:0x8001ce7c PA:0x80018154 store:0x8001ce7c load:0x8001ce7c
       40739000	     20269	800051f2	0542a823	sw	x20,80(x5)	  x5:0x80018108 x20:0xf4b94f69 PA:0x80018158 store:0xf4b94f69 load:0xf4b94f69
       40777000	     20288	800051f6	0552aa23	sw	x21,84(x5)	  x5:0x80018108 x21:0x0ffffffc PA:0x8001815c store:0x0ffffffc load:0x0ffffffc
       40813000	     20306	800051fa	0562ac23	sw	x22,88(x5)	  x5:0x80018108 x22:0x00000000 PA:0x80018160 store:0x00000000 load:0x00000000
       40853000	     20326	800051fe	0572ae23	sw	x23,92(x5)	  x5:0x80018108 x23:0x38026492 PA:0x80018164 store:0x38026492 load:0x38026492
       40885000	     20342	80005202	0782a023	sw	x24,96(x5)	  x5:0x80018108 x24:0x8ffffc34 PA:0x80018168 store:0x8ffffc34 load:0x8ffffc34
       40903000	     20351	80005206	0792a223	sw	x25,100(x5)	  x5:0x80018108 x25:0x00000000 PA:0x8001816c store:0x00000000 load:0x00000000
       40921000	     20360	8000520a	07a2a423	sw	x26,104(x5)	  x5:0x80018108 x26:0x80000000 PA:0x80018170 store:0x80000000 load:0x80000000
       40985000	     20392	8000520e	07b2a623	sw	x27,108(x5)	  x5:0x80018108 x27:0x80000000 PA:0x80018174 store:0x80000000 load:0x80000000
       41013000	     20406	80005212	07c2a823	sw	x28,112(x5)	  x5:0x80018108 x28:0x00000000 PA:0x80018178 store:0x00000000 load:0x00000000
       41025000	     20412	80005216	07d2aa23	sw	x29,116(x5)	  x5:0x80018108 x29:0x00000000 PA:0x8001817c store:0x00000000 load:0x00000000
       41063000	     20431	8000521a	07e2ac23	sw	x30,120(x5)	  x5:0x80018108 x30:0x00000005 PA:0x80018180 store:0x00000005 load:0x00000005
       41081000	     20440	8000521e	07f2ae23	sw	x31,124(x5)	  x5:0x80018108 x31:0x80000000 PA:0x80018184 store:0x80000000 load:0x80000000
       41083000	     20441	80005222	90000437	lui	x8,0x90000	  x8=0x90000000
       41093000	     20446	80005226	ffc40413	addi	x8,x8,-4	  x8:0x90000000  x8=0x8ffffffc
       41095000	     20447	8000522a	4b19	c.li	x22,6	 x22=0x00000006
       41115000	     20457	8000522c	0b22	c.slli	x22,0x8	 x22:0x00000006 x22=0x00000600
       41157000	     20478	8000522e	000b0b13	addi	x22,x22,0	 x22:0x00000600 x22=0x00000600
       41193000	     20496	80005232	01642023	sw	x22,0(x8)	  x8:0x8ffffffc x22:0x00000600 PA:0x8ffffffc store:0x00000600 load:0x00000600
       41195000	     20497	80005236	34202b73	csrrs	x22,mcause,x0	  x0:0x00000000 x22=0x00000000
       41225000	     20512	8000523a	01fb5b13	srli	x22,x22,0x1f	 x22:0x00000000 x22=0x00000000
       41243000	     20521	8000523e	060b0c63	beq	x22,x0,800052b6	 x22:0x00000000  x0:0x00000000  x0=0x00000000
       41273000	     20536	800052b6	be1d	c.j	80004dec	
       41317000	     20558	80004dec	4185	c.li	x3,1	  x3=0x00000001
       41355000	     20577	80004dee	00000073	ecall	
       41419000	     20609	80000004	19a0506f	jal	x0,8000519e	  x0=0x00000000
       41445000	     20622	8000519e	7b200073	dret	
       41459000	     20629	800051a2	f8428293	addi	x5,x5,-124	  x5:0x80018108  x5=0x8001808c
       41503000	     20651	800051a6	0012a223	sw	x1,4(x5)	  x5:0x8001808c  x1:0x00000000 PA:0x80018090 store:0x00000000 load:0x00000000
       41515000	     20657	800051aa	0022a423	sw	x2,8(x5)	  x5:0x8001808c  x2:0x00000000 PA:0x80018094 store:0x00000000 load:0x00000000
       41575000	     20687	800051ae	0032a623	sw	x3,12(x5)	  x5:0x8001808c  x3:0x00000001 PA:0x80018098 store:0x00000001 load:0x00000001
       41609000	     20704	800051b2	0042a823	sw	x4,16(x5)	  x5:0x8001808c  x4:0x00000000 PA:0x8001809c store:0x00000000 load:0x00000000
       41633000	     20716	800051b6	0052aa23	sw	x5,20(x5)	  x5:0x8001808c  x5:0x8001808c PA:0x800180a0 store:0x8001808c load:0x8001808c
       41653000	     20726	800051ba	0062ac23	sw	x6,24(x5)	  x5:0x8001808c  x6:0x00000000 PA:0x800180a4 store:0x00000000 load:0x00000000
       41695000	     20747	800051be	0072ae23	sw	x7,28(x5)	  x5:0x8001808c  x7:0xffdd2000 PA:0x800180a8 store:0xffdd2000 load:0xffdd2000
       41759000	     20779	800051c2	0282a023	sw	x8,32(x5)	  x5:0x8001808c  x8:0x8ffffffc PA:0x800180ac store:0x8ffffffc load:0x8ffffffc
       41797000	     20798	800051c6	0292a223	sw	x9,36(x5)	  x5:0x8001808c  x9:0x80000000 PA:0x800180b0 store:0x80000000 load:0x80000000
       41827000	     20813	800051ca	02a2a423	sw	x10,40(x5)	  x5:0x8001808c x10:0xff24c9b4 PA:0x800180b4 store:0xff24c9b4 load:0xff24c9b4
       41881000	     20840	800051ce	02b2a623	sw	x11,44(x5)	  x5:0x8001808c x11:0x221c5e07 PA:0x800180b8 store:0x221c5e07 load:0x221c5e07
       41903000	     20851	800051d2	02c2a823	sw	x12,48(x5)	  x5:0x8001808c x12:0x5296a150 PA:0x800180bc store:0x5296a150 load:0x5296a150
       41925000	     20862	800051d6	02d2aa23	sw	x13,52(x5)	  x5:0x8001808c x13:0x8ffffc34 PA:0x800180c0 store:0x8ffffc34 load:0x8ffffc34
       41965000	     20882	800051da	02e2ac23	sw	x14,56(x5)	  x5:0x8001808c x14:0x2f84d186 PA:0x800180c4 store:0x2f84d186 load:0x2f84d186
       41983000	     20891	800051de	02f2ae23	sw	x15,60(x5)	  x5:0x8001808c x15:0xfa11812e PA:0x800180c8 store:0xfa11812e load:0xfa11812e
       42007000	     20903	800051e2	0502a023	sw	x16,64(x5)	  x5:0x8001808c x16:0x00000001 PA:0x800180cc store:0x00000001 load:0x00000001
       42053000	     20926	800051e6	0512a223	sw	x17,68(x5)	  x5:0x8001808c x17:0x0ffffffc PA:0x800180d0 store:0x0ffffffc load:0x0ffffffc
       42077000	     20938	800051ea	0522a423	sw	x18,72(x5)	  x5:0x8001808c x18:0x80000000 PA:0x800180d4 store:0x80000000 load:0x80000000
       42101000	     20950	800051ee	0532a623	sw	x19,76(x5)	  x5:0x8001808c x19:0x8001ce7c PA:0x800180d8 store:0x8001ce7c load:0x8001ce7c
       42119000	     20959	800051f2	0542a823	sw	x20,80(x5)	  x5:0x8001808c x20:0xf4b94f69 PA:0x800180dc store:0xf4b94f69 load:0xf4b94f69
       42129000	     20964	800051f6	0552aa23	sw	x21,84(x5)	  x5:0x8001808c x21:0x0ffffffc PA:0x800180e0 store:0x0ffffffc load:0x0ffffffc
       42173000	     20986	800051fa	0562ac23	sw	x22,88(x5)	  x5:0x8001808c x22:0x00000000 PA:0x800180e4 store:0x00000000 load:0x00000000
       42187000	     20993	800051fe	0572ae23	sw	x23,92(x5)	  x5:0x8001808c x23:0x38026492 PA:0x800180e8 store:0x38026492 load:0x38026492
       42195000	     20997	80005202	0782a023	sw	x24,96(x5)	  x5:0x8001808c x24:0x8ffffc34 PA:0x800180ec store:0x8ffffc34 load:0x8ffffc34
       42209000	     21004	80005206	0792a223	sw	x25,100(x5)	  x5:0x8001808c x25:0x00000000 PA:0x800180f0 store:0x00000000 load:0x00000000
       42259000	     21029	8000520a	07a2a423	sw	x26,104(x5)	  x5:0x8001808c x26:0x80000000 PA:0x800180f4 store:0x80000000 load:0x80000000
       42275000	     21037	8000520e	07b2a623	sw	x27,108(x5)	  x5:0x8001808c x27:0x80000000 PA:0x800180f8 store:0x80000000 load:0x80000000
       42299000	     21049	80005212	07c2a823	sw	x28,112(x5)	  x5:0x8001808c x28:0x00000000 PA:0x800180fc store:0x00000000 load:0x00000000
       42313000	     21056	80005216	07d2aa23	sw	x29,116(x5)	  x5:0x8001808c x29:0x00000000 PA:0x80018100 store:0x00000000 load:0x00000000
       42341000	     21070	8000521a	07e2ac23	sw	x30,120(x5)	  x5:0x8001808c x30:0x00000005 PA:0x80018104 store:0x00000005 load:0x00000005
       42351000	     21075	8000521e	07f2ae23	sw	x31,124(x5)	  x5:0x8001808c x31:0x80000000 PA:0x80018108 store:0x80000000 load:0x80000000
       42381000	     21090	80005222	90000437	lui	x8,0x90000	  x8=0x90000000
       42423000	     21111	80005226	ffc40413	addi	x8,x8,-4	  x8:0x90000000  x8=0x8ffffffc
       42425000	     21112	8000522a	4b19	c.li	x22,6	 x22=0x00000006
       42427000	     21113	8000522c	0b22	c.slli	x22,0x8	 x22:0x00000006 x22=0x00000600
       42443000	     21121	8000522e	000b0b13	addi	x22,x22,0	 x22:0x00000600 x22=0x00000600
       42475000	     21137	80005232	01642023	sw	x22,0(x8)	  x8:0x8ffffffc x22:0x00000600 PA:0x8ffffffc store:0x00000600 load:0x00000600
       42479000	     21139	80005236	34202b73	csrrs	x22,mcause,x0	  x0:0x00000000 x22=0x00000000
       42487000	     21143	8000523a	01fb5b13	srli	x22,x22,0x1f	 x22:0x00000000 x22=0x00000000
       42509000	     21154	8000523e	060b0c63	beq	x22,x0,800052b6	 x22:0x00000000  x0:0x00000000  x0=0x00000000
       42589000	     21194	800052b6	be1d	c.j	80004dec	
       42617000	     21208	80004dec	4185	c.li	x3,1	  x3=0x00000001
       42619000	     21209	80004dee	00000073	ecall	
       42641000	     21220	80000004	19a0506f	jal	x0,8000519e	  x0=0x00000000
       42685000	     21242	8000519e	7b200073	dret	
       42693000	     21246	800051a2	f8428293	addi	x5,x5,-124	  x5:0x8001808c  x5=0x80018010
       42741000	     21270	800051a6	0012a223	sw	x1,4(x5)	  x5:0x80018010  x1:0x00000000 PA:0x80018014 store:0x00000000 load:0x00000000
       42765000	     21282	800051aa	0022a423	sw	x2,8(x5)	  x5:0x80018010  x2:0x00000000 PA:0x80018018 store:0x00000000 load:0x00000000
       42797000	     21298	800051ae	0032a623	sw	x3,12(x5)	  x5:0x80018010  x3:0x00000001 PA:0x8001801c store:0x00000001 load:0x00000001
       42847000	     21323	800051b2	0042a823	sw	x4,16(x5)	  x5:0x80018010  x4:0x00000000 PA:0x80018020 store:0x00000000 load:0x00000000
       42891000	     21345	800051b6	0052aa23	sw	x5,20(x5)	  x5:0x80018010  x5:0x80018010 PA:0x80018024 store:0x80018010 load:0x80018010
       42895000	     21347	800051ba	0062ac23	sw	x6,24(x5)	  x5:0x80018010  x6:0x00000000 PA:0x80018028 store:0x00000000 load:0x00000000
       42911000	     21355	800051be	0072ae23	sw	x7,28(x5)	  x5:0x80018010  x7:0xffdd2000 PA:0x8001802c store:0xffdd2000 load:0xffdd2000
       42989000	     21394	800051c2	0282a023	sw	x8,32(x5)	  x5:0x80018010  x8:0x8ffffffc PA:0x80018030 store:0x8ffffffc load:0x8ffffffc
       42993000	     21396	800051c6	0292a223	sw	x9,36(x5)	  x5:0x80018010  x9:0x80000000 PA:0x80018034 store:0x80000000 load:0x80000000
       43061000	     21430	800051ca	02a2a423	sw	x10,40(x5)	  x5:0x80018010 x10:0xff24c9b4 PA:0x80018038 store:0xff24c9b4 load:0xff24c9b4
