Time	Cycle	PC	Insn	Decoded instruction	Register and memory contents
         253000	        26	80000080	00000013	addi	x0,x0,0	  x0:0x00000000  x0=0x00000000
         255000	        27	80000084	4081	c.li	x1,0	  x1=0x00000000
         257000	        28	80000086	5296a137	lui	x2,0x5296a	  x2=0x5296a000
         279000	        39	8000008a	ec010113	addi	x2,x2,-320	  x2:0x5296a000  x2=0x52969ec0
         281000	        40	8000008e	4181	c.li	x3,0	  x3=0x00000000
         331000	        65	80000090	4201	c.li	x4,0	  x4=0x00000000
         333000	        66	80000092	f08252b7	lui	x5,0xf0825	  x5=0xf0825000
         355000	        77	80000096	d1028293	addi	x5,x5,-752	  x5:0xf0825000  x5=0xf0824d10
         357000	        78	8000009a	4301	c.li	x6,0	  x6=0x00000000
         365000	        82	8000009c	ffe243b7	lui	x7,0xffe24	  x7=0xffe24000
         367000	        83	800000a0	19038393	addi	x7,x7,400	  x7:0xffe24000  x7=0xffe24190
         369000	        84	800000a4	9e6b0437	lui	x8,0x9e6b0	  x8=0x9e6b0000
         371000	        85	800000a8	9cd40413	addi	x8,x8,-1587	  x8:0x9e6b0000  x8=0x9e6af9cd
         403000	       101	800000ac	800004b7	lui	x9,0x80000	  x9=0x80000000
         407000	       103	800000b0	ff24d537	lui	x10,0xff24d	 x10=0xff24d000
         433000	       116	800000b4	9b450513	addi	x10,x10,-1612	 x10:0xff24d000 x10=0xff24c9b4
         439000	       119	800000b8	221c65b7	lui	x11,0x221c6	 x11=0x221c6000
         445000	       122	800000bc	e0758593	addi	x11,x11,-505	 x11:0x221c6000 x11=0x221c5e07
         467000	       133	800000c0	fcb0e637	lui	x12,0xfcb0e	 x12=0xfcb0e000
         485000	       142	800000c4	e0560613	addi	x12,x12,-507	 x12:0xfcb0e000 x12=0xfcb0de05
         487000	       143	800000c8	800006b7	lui	x13,0x80000	 x13=0x80000000
         489000	       144	800000cc	4701	c.li	x14,0	 x14=0x00000000
         511000	       155	800000ce	fa1187b7	lui	x15,0xfa118	 x15=0xfa118000
         551000	       175	800000d2	12e78793	addi	x15,x15,302	 x15:0xfa118000 x15=0xfa11812e
         593000	       196	800000d6	19fae837	lui	x16,0x19fae	 x16=0x19fae000
         595000	       197	800000da	0a780813	addi	x16,x16,167	 x16:0x19fae000 x16=0x19fae0a7
         617000	       208	800000de	800008b7	lui	x17,0x80000	 x17=0x80000000
         639000	       219	800000e2	46486937	lui	x18,0x46486	 x18=0x46486000
         657000	       228	800000e6	95690913	addi	x18,x18,-1706	 x18:0x46486000 x18=0x46485956
         659000	       229	800000ea	499d	c.li	x19,7	 x19=0x00000007
         661000	       230	800000ec	f4b95a37	lui	x20,0xf4b95	 x20=0xf4b95000
         675000	       237	800000f0	f69a0a13	addi	x20,x20,-151	 x20:0xf4b95000 x20=0xf4b94f69
         685000	       242	800000f4	49648ab7	lui	x21,0x49648	 x21=0x49648000
         707000	       253	800000f8	224a8a93	addi	x21,x21,548	 x21:0x49648000 x21=0x49648224
         709000	       254	800000fc	4b15	c.li	x22,5	 x22=0x00000005
         711000	       255	800000fe	38026bb7	lui	x23,0x38026	 x23=0x38026000
         757000	       278	80000102	492b8b93	addi	x23,x23,1170	 x23:0x38026000 x23=0x38026492
         759000	       279	80000106	4c21	c.li	x24,8	 x24=0x00000008
         763000	       281	80000108	4c81	c.li	x25,0	 x25=0x00000000
         785000	       292	8000010a	80000d37	lui	x26,0x80000	 x26=0x80000000
         837000	       318	8000010e	80000db7	lui	x27,0x80000	 x27=0x80000000
         839000	       319	80000112	4e01	c.li	x28,0	 x28=0x00000000
         841000	       320	80000114	4e81	c.li	x29,0	 x29=0x00000000
         843000	       321	80000116	4f15	c.li	x30,5	 x30=0x00000005
         845000	       322	80000118	80000fb7	lui	x31,0x80000	 x31=0x80000000
         847000	       323	8000011c	40001b37	lui	x22,0x40001	 x22=0x40001000
         883000	       341	80000120	104b0b13	addi	x22,x22,260	 x22:0x40001000 x22=0x40001104
         909000	       354	80000124	301b1073	csrrw	x0,misa,x22	 x22:0x40001104  x0=0x00000000
         911000	       355	80000128	00026997	auipc	x19,0x26	 x19=0x80026128
         945000	       372	8000012c	d5498993	addi	x19,x19,-684	 x19:0x80026128 x19=0x80025e7c
         947000	       373	80000130	00011b17	auipc	x22,0x11	 x22=0x80011130
         969000	       384	80000134	ed0b0b13	addi	x22,x22,-304	 x22:0x80011130 x22=0x80011000
         971000	       385	80000138	001b6b13	ori	x22,x22,1	 x22:0x80011000 x22=0x80011001
         993000	       396	8000013c	305b1073	csrrw	x0,mtvec,x22	 x22:0x80011001  x0=0x00000000
        1015000	       407	80000140	00000b17	auipc	x22,0x0	 x22=0x80000140
        1037000	       418	80000144	010b0b13	addi	x22,x22,16	 x22:0x80000140 x22=0x80000150
        1059000	       429	80000148	341b1073	csrrw	x0,mepc,x22	 x22:0x80000150  x0=0x00000000
        1099000	       449	8000014c	0ab0f06f	jal	x0,8000f9f6	  x0=0x00000000
        1111000	       455	8000f9f6	4b01	c.li	x22,0	 x22=0x00000000
        1165000	       482	8000f9f8	300b1073	csrrw	x0,mstatus,x22	 x22:0x00000000  x0=0x00000000
        1187000	       493	8000f9fc	4b01	c.li	x22,0	 x22=0x00000000
        1189000	       494	8000f9fe	304b1073	csrrw	x0,mie,x22	 x22:0x00000000  x0=0x00000000
        1203000	       501	8000fa02	30200073	mret	
        1269000	       534	80000150	00022297	auipc	x5,0x22	  x5=0x80022150
        1321000	       560	80000154	ccc28293	addi	x5,x5,-820	  x5:0x80022150  x5=0x80021e1c
        1323000	       561	80000158	ff700513	addi	x10,x0,-9	  x0:0x00000000 x10=0xfffffff7
        1413000	       606	8000015c	02d5db33	divu	x22,x11,x13	 x11:0x221c5e07 x13:0x80000000 x22=0x00000000
        1415000	       607	80000160	0001	c.addi	x0,0	  x0:0x00000000  x0=0x00000000
        1417000	       608	80000162	0082ddb3	srl	x27,x5,x8	  x5:0x80021e1c  x8:0x9e6af9cd x27=0x00040010
        1425000	       612	80000166	036b3bb3	mulhu	x23,x22,x22	 x22:0x00000000 x22:0x00000000 x23=0x00000000
        1437000	       618	8000016a	01f85a33	srl	x20,x16,x31	 x16:0x19fae0a7 x31:0x80000000 x20=0x19fae0a7
        1439000	       619	8000016e	4052dbb3	sra	x23,x5,x5	  x5:0x80021e1c  x5:0x80021e1c x23=0xfffffff8
        1441000	       620	80000172	8c45	c.or	x8,x9	  x8:0x9e6af9cd  x9:0x80000000  x8=0x9e6af9cd
        1455000	       627	80000174	017e44b3	xor	x9,x28,x23	 x28:0x00000000 x23:0xfffffff8  x9=0xfffffff8
        1471000	       635	80000178	5a7d	c.li	x20,-1	 x20=0xffffffff
        1473000	       636	8000017a	8c0e	c.mv	x24,x3	  x0:0x00000000  x3:0x00000000 x24=0x00000000
        1475000	       637	8000017c	0525	c.addi	x10,9	 x10:0xfffffff7 x10=0x00000000
        1495000	       647	8000017e	ffa00e93	addi	x29,x0,-6	  x0:0x00000000 x29=0xfffffffa
        1555000	       677	80000182	02e901b3	mul	x3,x18,x14	 x18:0x46485956 x14:0x00000000  x3=0x00000000
        1561000	       680	80000186	00e00f13	addi	x30,x0,14	  x0:0x00000000 x30=0x0000000e
        1569000	       684	8000018a	c1982693	slti	x13,x16,-999	 x16:0x19fae0a7 x13=0x00000000
        1625000	       712	8000018e	01886433	or	x8,x16,x24	 x16:0x19fae0a7 x24:0x00000000  x8=0x19fae0a7
        1629000	       714	80000192	2981ac13	slti	x24,x3,664	  x3:0x00000000 x24=0x00000001
        1631000	       715	80000196	9002	c.ebreak	
        1643000	       721	80000198	0001	c.addi	x0,0	  x0:0x00000000  x0=0x00000000
        1645000	       722	8000019a	8ab9	c.andi	x13,14	 x13:0x00000000 x13=0x00000000
        1655000	       727	8000019c	0e99	c.addi	x29,6	 x29:0xfffffffa x29=0x00000000
        1657000	       728	8000019e	8d85	c.sub	x11,x9	 x11:0x221c5e07  x9:0xfffffff8 x11=0x221c5e0f
        1669000	       734	800001a0	ffeec7e3	blt	x29,x30,8000018e	 x29:0x00000000 x30:0x0000000e  x0=0x00000000
        1723000	       761	8000018e	01886433	or	x8,x16,x24	 x16:0x19fae0a7 x24:0x00000001  x8=0x19fae0a7
        1743000	       771	80000192	2981ac13	slti	x24,x3,664	  x3:0x00000000 x24=0x00000001
        1745000	       772	80000196	9002	c.ebreak	
        1783000	       791	80000198	0001	c.addi	x0,0	  x0:0x00000000  x0=0x00000000
        1785000	       792	8000019a	8ab9	c.andi	x13,14	 x13:0x00000000 x13=0x00000000
        1787000	       793	8000019c	0e99	c.addi	x29,6	 x29:0x00000000 x29=0x00000006
        1789000	       794	8000019e	8d85	c.sub	x11,x9	 x11:0x221c5e0f  x9:0xfffffff8 x11=0x221c5e17
        1793000	       796	800001a0	ffeec7e3	blt	x29,x30,8000018e	 x29:0x00000006 x30:0x0000000e  x0=0x00000000
        1831000	       815	8000018e	01886433	or	x8,x16,x24	 x16:0x19fae0a7 x24:0x00000001  x8=0x19fae0a7
        1853000	       826	80000192	2981ac13	slti	x24,x3,664	  x3:0x00000000 x24=0x00000001
        1855000	       827	80000196	9002	c.ebreak	
        1901000	       850	80000198	0001	c.addi	x0,0	  x0:0x00000000  x0=0x00000000
        1903000	       851	8000019a	8ab9	c.andi	x13,14	 x13:0x00000000 x13=0x00000000
        1911000	       855	8000019c	0e99	c.addi	x29,6	 x29:0x00000006 x29=0x0000000c
        1913000	       856	8000019e	8d85	c.sub	x11,x9	 x11:0x221c5e17  x9:0xfffffff8 x11=0x221c5e1f
        1921000	       860	800001a0	ffeec7e3	blt	x29,x30,8000018e	 x29:0x0000000c x30:0x0000000e  x0=0x00000000
        2023000	       911	8000018e	01886433	or	x8,x16,x24	 x16:0x19fae0a7 x24:0x00000001  x8=0x19fae0a7
        2035000	       917	80000192	2981ac13	slti	x24,x3,664	  x3:0x00000000 x24=0x00000001
        2037000	       918	80000196	9002	c.ebreak	
        2083000	       941	80000198	0001	c.addi	x0,0	  x0:0x00000000  x0=0x00000000
        2085000	       942	8000019a	8ab9	c.andi	x13,14	 x13:0x00000000 x13=0x00000000
        2087000	       943	8000019c	0e99	c.addi	x29,6	 x29:0x0000000c x29=0x00000012
        2089000	       944	8000019e	8d85	c.sub	x11,x9	 x11:0x221c5e1f  x9:0xfffffff8 x11=0x221c5e27
        2127000	       963	800001a0	ffeec7e3	blt	x29,x30,8000018e	 x29:0x00000012 x30:0x0000000e  x0=0x00000000
        2129000	       964	800001a4	c10e4f93	xori	x31,x28,-1008	 x28:0x00000000 x31=0xfffffc10
        2191000	       995	800001a8	40be5713	srai	x14,x28,0xb	 x28:0x00000000 x14=0x00000000
        2209000	      1004	800001ac	9002	c.ebreak	
        2211000	      1005	800001ae	0001	c.addi	x0,0	  x0:0x00000000  x0=0x00000000
        2251000	      1025	800001b0	51fd	c.li	x3,-1	  x3=0xffffffff
        2253000	      1026	800001b2	8c1d	c.sub	x8,x15	  x8:0x19fae0a7 x15:0xfa11812e  x8=0x1fe95f79
        2257000	      1028	800001b4	d171	c.beqz	x10,80000178	 x10:0x00000000
        2275000	      1037	80000178	5a7d	c.li	x20,-1	 x20=0xffffffff
        2277000	      1038	8000017a	8c0e	c.mv	x24,x3	  x0:0x00000000  x3:0xffffffff x24=0xffffffff
        2299000	      1049	8000017c	0525	c.addi	x10,9	 x10:0x00000000 x10=0x00000009
        2337000	      1068	8000017e	ffa00e93	addi	x29,x0,-6	  x0:0x00000000 x29=0xfffffffa
        2369000	      1084	80000182	02e901b3	mul	x3,x18,x14	 x18:0x46485956 x14:0x00000000  x3=0x00000000
        2371000	      1085	80000186	00e00f13	addi	x30,x0,14	  x0:0x00000000 x30=0x0000000e
        2389000	      1094	8000018a	c1982693	slti	x13,x16,-999	 x16:0x19fae0a7 x13=0x00000000
        2415000	      1107	8000018e	01886433	or	x8,x16,x24	 x16:0x19fae0a7 x24:0xffffffff  x8=0xffffffff
        2443000	      1121	80000192	2981ac13	slti	x24,x3,664	  x3:0x00000000 x24=0x00000001
        2445000	      1122	80000196	9002	c.ebreak	
        2449000	      1124	80000198	0001	c.addi	x0,0	  x0:0x00000000  x0=0x00000000
        2451000	      1125	8000019a	8ab9	c.andi	x13,14	 x13:0x00000000 x13=0x00000000
        2469000	      1134	8000019c	0e99	c.addi	x29,6	 x29:0xfffffffa x29=0x00000000
        2471000	      1135	8000019e	8d85	c.sub	x11,x9	 x11:0x221c5e27  x9:0xfffffff8 x11=0x221c5e2f
        2479000	      1139	800001a0	ffeec7e3	blt	x29,x30,8000018e	 x29:0x00000000 x30:0x0000000e  x0=0x00000000
        2547000	      1173	8000018e	01886433	or	x8,x16,x24	 x16:0x19fae0a7 x24:0x00000001  x8=0x19fae0a7
        2565000	      1182	80000192	2981ac13	slti	x24,x3,664	  x3:0x00000000 x24=0x00000001
        2567000	      1183	80000196	9002	c.ebreak	
        2569000	      1184	80000198	0001	c.addi	x0,0	  x0:0x00000000  x0=0x00000000
        2571000	      1185	8000019a	8ab9	c.andi	x13,14	 x13:0x00000000 x13=0x00000000
        2573000	      1186	8000019c	0e99	c.addi	x29,6	 x29:0x00000000 x29=0x00000006
        2575000	      1187	8000019e	8d85	c.sub	x11,x9	 x11:0x221c5e2f  x9:0xfffffff8 x11=0x221c5e37
        2589000	      1194	800001a0	ffeec7e3	blt	x29,x30,8000018e	 x29:0x00000006 x30:0x0000000e  x0=0x00000000
        2617000	      1208	8000018e	01886433	or	x8,x16,x24	 x16:0x19fae0a7 x24:0x00000001  x8=0x19fae0a7
        2619000	      1209	80000192	2981ac13	slti	x24,x3,664	  x3:0x00000000 x24=0x00000001
        2621000	      1210	80000196	9002	c.ebreak	
        2637000	      1218	80000198	0001	c.addi	x0,0	  x0:0x00000000  x0=0x00000000
        2639000	      1219	8000019a	8ab9	c.andi	x13,14	 x13:0x00000000 x13=0x00000000
        2673000	      1236	8000019c	0e99	c.addi	x29,6	 x29:0x00000006 x29=0x0000000c
        2675000	      1237	8000019e	8d85	c.sub	x11,x9	 x11:0x221c5e37  x9:0xfffffff8 x11=0x221c5e3f
        2679000	      1239	800001a0	ffeec7e3	blt	x29,x30,8000018e	 x29:0x0000000c x30:0x0000000e  x0=0x00000000
        2733000	      1266	8000018e	01886433	or	x8,x16,x24	 x16:0x19fae0a7 x24:0x00000001  x8=0x19fae0a7
        2735000	      1267	80000192	2981ac13	slti	x24,x3,664	  x3:0x00000000 x24=0x00000001
        2737000	      1268	80000196	9002	c.ebreak	
        2741000	      1270	80000198	0001	c.addi	x0,0	  x0:0x00000000  x0=0x00000000
        2743000	      1271	8000019a	8ab9	c.andi	x13,14	 x13:0x00000000 x13=0x00000000
        2753000	      1276	8000019c	0e99	c.addi	x29,6	 x29:0x0000000c x29=0x00000012
        2755000	      1277	8000019e	8d85	c.sub	x11,x9	 x11:0x221c5e3f  x9:0xfffffff8 x11=0x221c5e47
        2775000	      1287	800001a0	ffeec7e3	blt	x29,x30,8000018e	 x29:0x00000012 x30:0x0000000e  x0=0x00000000
        2777000	      1288	800001a4	c10e4f93	xori	x31,x28,-1008	 x28:0x00000000 x31=0xfffffc10
        2799000	      1299	800001a8	40be5713	srai	x14,x28,0xb	 x28:0x00000000 x14=0x00000000
        2811000	      1305	800001ac	9002	c.ebreak	
        2813000	      1306	800001ae	0001	c.addi	x0,0	  x0:0x00000000  x0=0x00000000
        2821000	      1310	800001b0	51fd	c.li	x3,-1	  x3=0xffffffff
        2823000	      1311	800001b2	8c1d	c.sub	x8,x15	  x8:0x19fae0a7 x15:0xfa11812e  x8=0x1fe95f79
        2825000	      1312	800001b4	d171	c.beqz	x10,80000178	 x10:0x00000009
        2843000	      1321	800001b6	022ca6b3	mulhsu	x13,x25,x2	 x25:0x00000000  x2:0x52969ec0 x13=0x00000000
        2861000	      1330	800001ba	01a0016f	jal	x2,800001d4	  x2=0x800001be
        2901000	      1350	800001d4	0080096f	jal	x18,800001dc	 x18=0x800001d8
        2905000	      1352	800001dc	2021	c.jal	800001e4	  x1=0x800001de
        2939000	      1369	800001e4	b7f5	c.j	800001d0	
        2983000	      1391	800001d0	37fd	c.jal	800001be	  x1=0x800001d2
        2999000	      1399	800001be	2829	c.jal	800001d8	  x1=0x800001c0
        3063000	      1431	800001d8	fe9ff0ef	jal	x1,800001c0	  x1=0x800001dc
        3105000	      1452	800001c0	2839	c.jal	800001de	  x1=0x800001c2
        3109000	      1454	800001de	bfc5	c.j	800001ce	
        3165000	      1482	800001ce	bffd	c.j	800001cc	
        3187000	      1493	800001cc	3fdd	c.jal	800001c2	  x1=0x800001ce
        3213000	      1506	800001c2	a801	c.j	800001d2	
        3257000	      1528	800001d2	bfd5	c.j	800001c6	
        3281000	      1540	800001c6	a009	c.j	800001c8	
        3297000	      1548	800001c8	ffdff0ef	jal	x1,800001c4	  x1=0x800001cc
        3377000	      1588	800001c4	2831	c.jal	800001e0	  x1=0x800001c6
        3413000	      1606	800001e0	006000ef	jal	x1,800001e6	  x1=0x800001e4
        3461000	      1630	800001e6	036d8bb3	mul	x23,x27,x22	 x27:0x00040010 x22:0x00000000 x23=0x00000000
        3463000	      1631	800001ea	00015117	auipc	x2,0x15	  x2=0x800151ea
        3465000	      1632	800001ee	cf410113	addi	x2,x2,-780	  x2:0x800151ea  x2=0x80014ede
        3467000	      1633	800001f2	84e1	c.srai	x9,0x18	  x9:0xfffffff8  x9=0xffffffff
        3495000	      1647	800001f4	ffc11a23	sh	x28,-12(x2)	  x2:0x80014ede x28:0x00000000 PA:0x80014ed2 store:0x00000000 load:0x00000000
        3509000	      1654	800001f8	83f1	c.srli	x15,0x1c	 x15:0xfa11812e x15=0x0000000f
        3545000	      1672	800001fa	01331cb3	sll	x25,x6,x19	  x6:0x00000000 x19:0x80025e7c x25=0x00000000
        3579000	      1689	800001fe	ff314583	lbu	x11,-13(x2)	  x2:0x80014ede x11=0x000000d2 PA:0x80014ed1 store:0x80025e7c
        3581000	      1690	80000202	00d65013	srli	x0,x12,0xd	 x12:0xfcb0de05  x0=0x00000000
        3603000	      1701	80000206	41f58fb3	sub	x31,x11,x31	 x11:0x000000d2 x31:0xfffffc10 x31=0x000004c2
        3605000	      1702	8000020a	8f61	c.and	x14,x8	 x14:0x00000000  x8:0x1fe95f79 x14=0x00000000
        3607000	      1703	8000020c	00100073	ebreak	
        3643000	      1721	80000210	00f14383	lbu	x7,15(x2)	  x2:0x80014ede  x7=0x000000ee PA:0x80014eed store:0x0000000f
        3703000	      1751	80000214	ff410ba3	sb	x20,-9(x2)	  x2:0x80014ede x20:0xffffffff PA:0x80014ed5 store:0xffffffff load:0x000000ff
        3705000	      1752	80000218	8092	c.mv	x1,x4	  x0:0x00000000  x4:0x00000000  x1=0x00000000
        3729000	      1764	8000021a	fff10d23	sb	x31,-6(x2)	  x2:0x80014ede x31:0x000004c2 PA:0x80014ed8 store:0x000004c2 load:0x000000c2
        3731000	      1765	8000021e	8749	c.srai	x14,0x12	 x14:0x00000000 x14=0x00000000
        3733000	      1766	80000220	04a68f93	addi	x31,x13,74	 x13:0x00000000 x31=0x0000004a
        3735000	      1767	80000224	00ce4ab3	xor	x21,x28,x12	 x28:0x00000000 x12:0xfcb0de05 x21=0xfcb0de05
        3749000	      1774	80000228	80ad	c.srli	x9,0xb	  x9:0xffffffff  x9=0x001fffff
        3791000	      1795	8000022a	ffb10ba3	sb	x27,-9(x2)	  x2:0x80014ede x27:0x00040010 PA:0x80014ed5 store:0x00040010 load:0x00000010
        3847000	      1823	8000022e	00414903	lbu	x18,4(x2)	  x2:0x80014ede x18=0x000000e1 PA:0x80014ee2 store:0x00000000
        3907000	      1853	80000232	ffd10183	lb	x3,-3(x2)	  x2:0x80014ede  x3=0xffffffd8 PA:0x80014edb store:0x00000012
        3909000	      1854	80000236	0ff0000f	fence	iorw,iorwiorw	
        3951000	      1875	8000023a	0193fd33	and	x26,x7,x25	  x7:0x000000ee x25:0x00000000 x26=0x00000000
        4059000	      1929	8000023e	033348b3	div	x17,x6,x19	  x6:0x00000000 x19:0x80025e7c x17=0x00000000
        4061000	      1930	80000242	00ff1213	slli	x4,x30,0xf	 x30:0x0000000e  x4=0x00070000
        4065000	      1932	80000246	00011783	lh	x15,0(x2)	  x2:0x80014ede x15=0xffffdcdd PA:0x80014ede store:0x00000000
        4119000	      1959	8000024a	00910b83	lb	x23,9(x2)	  x2:0x80014ede x23=0xffffffe4 PA:0x80014ee7 store:0x001fffff
        4193000	      1996	8000024e	030868b3	rem	x17,x16,x16	 x16:0x19fae0a7 x16:0x19fae0a7 x17=0x00000000
        4195000	      1997	80000252	dea5c513	xori	x10,x11,-534	 x11:0x000000d2 x10=0xfffffd38
        4199000	      1999	80000256	3ac34b13	xori	x22,x6,940	  x6:0x00000000 x22=0x000003ac
        4223000	      2011	8000025a	02c21433	mulh	x8,x4,x12	  x4:0x00070000 x12:0xfcb0de05  x8=0xffffe8d6
        4225000	      2012	8000025e	8fba	c.mv	x31,x14	  x0:0x00000000 x14:0x00000000 x31=0x00000000
        4249000	      2024	80000260	01a104a3	sb	x26,9(x2)	  x2:0x80014ede x26:0x00000000 PA:0x80014ee7 store:0x00000000 load:0x00000000
        4251000	      2025	80000264	00019117	auipc	x2,0x19	  x2=0x80019264
        4253000	      2026	80000268	12610113	addi	x2,x2,294	  x2:0x80019264  x2=0x8001938a
        4281000	      2040	8000026c	06f10223	sb	x15,100(x2)	  x2:0x8001938a x15:0xffffdcdd PA:0x800193ee store:0xffffdcdd load:0x000000dd
        4301000	      2050	80000270	032333b3	mulhu	x7,x6,x18	  x6:0x00000000 x18:0x000000e1  x7=0x00000000
        4329000	      2064	80000274	f3f10883	lb	x17,-193(x2)	  x2:0x8001938a x17=0xffffffca PA:0x800192c9 store:0x00000000
        4331000	      2065	80000278	994e	c.add	x18,x19	 x18:0x000000e1 x19:0x80025e7c x18=0x80025f5d
        4339000	      2069	8000027a	03752433	mulhsu	x8,x10,x23	 x10:0xfffffd38 x23:0xffffffe4  x8=0xfffffd38
        4341000	      2070	8000027e	9002	c.ebreak	
        4369000	      2084	80000280	0001	c.addi	x0,0	  x0:0x00000000  x0=0x00000000
        4393000	      2096	80000282	0b110203	lb	x4,177(x2)	  x2:0x8001938a  x4=0x00000038 PA:0x8001943b store:0xffffffca
        4425000	      2112	80000286	0f211383	lh	x7,242(x2)	  x2:0x8001938a  x7=0x00007e7f PA:0x8001947c store:0x80025f5d
        4451000	      2125	8000028a	00abc5b3	xor	x11,x23,x10	 x23:0xffffffe4 x10:0xfffffd38 x11=0x000002dc
        4453000	      2126	8000028e	8fbd	c.xor	x15,x15	 x15:0xffffdcdd x15:0xffffdcdd x15=0x00000000
        4507000	      2153	80000290	f7114703	lbu	x14,-143(x2)	  x2:0x8001938a x14=0x000000f8 PA:0x800192fb store:0xffffffca
        4509000	      2154	80000294	041e	c.slli	x8,0x7	  x8:0xfffffd38  x8=0xfffe9c00
        4513000	      2156	80000296	f7211d83	lh	x27,-142(x2)	  x2:0x8001938a x27=0xfffffeff PA:0x800192fc store:0x80025f5d
        4517000	      2158	8000029a	01514c83	lbu	x25,21(x2)	  x2:0x8001938a x25=0x0000009c PA:0x8001939f store:0xfcb0de05
        4545000	      2172	8000029e	408387b3	sub	x15,x7,x8	  x7:0x00007e7f  x8:0xfffe9c00 x15=0x0001e27f
        4547000	      2173	800002a2	8559	c.srai	x10,0x16	 x10:0xfffffd38 x10=0xffffffff
        4563000	      2181	800002a4	0001	c.addi	x0,0	  x0:0x00000000  x0=0x00000000
        4565000	      2182	800002a6	006a8eb3	add	x29,x21,x6	 x21:0xfcb0de05  x6:0x00000000 x29=0xfcb0de05
        4567000	      2183	800002aa	cc7fe913	ori	x18,x31,-825	 x31:0x00000000 x18=0xfffffcc7
        4581000	      2190	800002ae	00f7dc93	srli	x25,x15,0xf	 x15:0x0001e27f x25=0x00000003
        4583000	      2191	800002b2	6c9d	c.lui	x25,0x7	 x25=0x00007000
        4695000	      2247	800002b4	037ec033	div	x0,x29,x23	 x29:0xfcb0de05 x23:0xffffffe4  x0=0x00000000
        4697000	      2248	800002b8	5faeda97	auipc	x21,0x5faed	 x21=0xdfaed2b8
        4705000	      2252	800002bc	f9611e03	lh	x28,-106(x2)	  x2:0x8001938a x28=0x00002223 PA:0x80019320 store:0x000003ac
        4729000	      2264	800002c0	f1e107a3	sb	x30,-241(x2)	  x2:0x8001938a x30:0x0000000e PA:0x80019299 store:0x0000000e load:0x0000000e
        4761000	      2280	800002c4	03810623	sb	x24,44(x2)	  x2:0x8001938a x24:0x00000001 PA:0x800193b6 store:0x00000001 load:0x00000001
        4765000	      2282	800002c8	f4d14583	lbu	x11,-179(x2)	  x2:0x8001938a x11=0x000000d4 PA:0x800192d7 store:0x00000000
        4773000	      2286	800002cc	9762	c.add	x14,x24	 x14:0x000000f8 x24:0x00000001 x14=0x000000f9
        4835000	      2317	800002ce	f6710ba3	sb	x7,-137(x2)	  x2:0x8001938a  x7:0x00007e7f PA:0x80019301 store:0x00007e7f load:0x0000007f
        4837000	      2318	800002d2	2981ff93	andi	x31,x3,664	  x3:0xffffffd8 x31=0x00000298
        4841000	      2320	800002d6	03a14603	lbu	x12,58(x2)	  x2:0x8001938a x12=0x000000c7 PA:0x800193c4 store:0x00000000
        4857000	      2328	800002da	00014c97	auipc	x25,0x14	 x25=0x800142da
        4875000	      2337	800002de	790c8c93	addi	x25,x25,1936	 x25:0x800142da x25=0x80014a6a
        4897000	      2348	800002e2	00015d97	auipc	x27,0x15	 x27=0x800152e2
        4913000	      2356	800002e6	870d8d93	addi	x27,x27,-1936	 x27:0x800152e2 x27=0x80014b52
        4957000	      2378	800002ea	0d1c8003	lb	x0,209(x25)	 x25:0x80014a6a  x0=0x00000000 PA:0x80014b3b store:0xffffffca
        4981000	      2390	800002ee	00014397	auipc	x7,0x14	  x7=0x800142ee
        4983000	      2391	800002f2	19138393	addi	x7,x7,401	  x7:0x800142ee  x7=0x8001447f
        5033000	      2416	800002f6	fed3a583	lw	x11,-19(x7)	  x7:0x8001447f x11=0x6c6d6e6f PA:0x8001446c store:0x00000000
        5041000	      2420	800002fa	fb1d8a83	lb	x21,-79(x27)	 x27:0x80014b52 x21=0x00000000 PA:0x80014b03 store:0xffffffca
        5069000	      2434	800002fe	00014617	auipc	x12,0x14	 x12=0x800142fe
        5091000	      2445	80000302	08260613	addi	x12,x12,130	 x12:0x800142fe x12=0x80014380
        5143000	      2471	80000306	0e2dd203	lhu	x4,226(x27)	 x27:0x80014b52  x4=0x00003637 PA:0x80014c34 store:0x8001938a
        5163000	      2481	8000030a	02e39ca3	sh	x14,57(x7)	  x7:0x8001447f x14:0x000000f9 PA:0x800144b8 store:0x000000f9 load:0x000000f9
        5183000	      2491	8000030e	56e65203	lhu	x4,1390(x12)	 x12:0x80014380  x4=0x0000eced PA:0x800148ee store:0x000000f9
        5211000	      2505	80000312	f91dad23	sw	x17,-102(x27)	 x27:0x80014b52 x17:0xffffffca PA:0x80014aec store:0xffffffca load:0xffffffca
        5231000	      2515	80000316	04d60e03	lb	x28,77(x12)	 x12:0x80014380 x28=0xffffffce PA:0x800143cd store:0x00000000
        5233000	      2516	8000031a	00015f17	auipc	x30,0x15	 x30=0x8001531a
        5261000	      2530	8000031e	b27f0f13	addi	x30,x30,-1241	 x30:0x8001531a x30=0x80014e41
        5279000	      2539	80000322	faaca703	lw	x14,-86(x25)	 x25:0x80014a6a x14=0x14151617 PA:0x80014a14 store:0xffffffff
        5303000	      2551	80000326	2ea65703	lhu	x14,746(x12)	 x12:0x80014380 x14=0x00006869 PA:0x8001466a store:0xffffffff
        5359000	      2579	8000032a	9e1f16a3	sh	x1,-1555(x30)	 x30:0x80014e41  x1:0x00000000 PA:0x8001482e store:0x00000000 load:0x00000000
        5419000	      2609	8000032e	30f60703	lb	x14,783(x12)	 x12:0x80014380 x14=0xffffff8c PA:0x8001468f store:0x0001e27f
        5431000	      2615	80000332	034c82a3	sb	x20,37(x25)	 x25:0x80014a6a x20:0xffffffff PA:0x80014a8f store:0xffffffff load:0x000000ff
        5527000	      2663	80000336	024cc083	lbu	x1,36(x25)	 x25:0x80014a6a  x1=0x0000008d PA:0x80014a8e store:0x0000eced
        5531000	      2665	8000033a	fd1d82a3	sb	x17,-59(x27)	 x27:0x80014b52 x17:0xffffffca PA:0x80014b17 store:0xffffffca load:0x000000ca
        5573000	      2686	8000033e	f89d8fa3	sb	x9,-97(x27)	 x27:0x80014b52  x9:0x001fffff PA:0x80014af1 store:0x001fffff load:0x000000ff
        5617000	      2708	80000342	05538023	sb	x21,64(x7)	  x7:0x8001447f x21:0x00000000 PA:0x800144bf store:0x00000000 load:0x00000000
        5641000	      2720	80000346	e95f0723	sb	x21,-370(x30)	 x30:0x80014e41 x21:0x00000000 PA:0x80014ccf store:0x00000000 load:0x00000000
        5675000	      2737	8000034a	ff63ce83	lbu	x29,-10(x7)	  x7:0x8001447f x29=0x00000076 PA:0x80014475 store:0x000003ac
        5679000	      2739	8000034e	bb7f01a3	sb	x23,-1117(x30)	 x30:0x80014e41 x23:0xffffffe4 PA:0x800149e4 store:0xffffffe4 load:0x000000e4
        5743000	      2771	80000352	fe2cc183	lbu	x3,-30(x25)	 x25:0x80014a6a  x3=0x0000004f PA:0x80014a4c store:0x8001938a
        5753000	      2776	80000356	876f04a3	sb	x22,-1943(x30)	 x30:0x80014e41 x22:0x000003ac PA:0x800146aa store:0x000003ac load:0x000000ac
        5777000	      2788	8000035a	084d9883	lh	x17,132(x27)	 x27:0x80014b52 x17=0xffffd4d5 PA:0x80014bd6 store:0x0000eced
        5801000	      2800	8000035e	d9460103	lb	x2,-620(x12)	 x12:0x80014380  x2=0x00000017 PA:0x80014114 store:0xffffffff
        5851000	      2825	80000362	f8bcce03	lbu	x28,-117(x25)	 x25:0x80014a6a x28=0x000000f6 PA:0x800149f5 store:0x6c6d6e6f
        5897000	      2848	80000366	09acaf83	lw	x31,154(x25)	 x25:0x80014a6a x31=0x04050607 PA:0x80014b04 store:0x00000000
        5901000	      2850	8000036a	a51f5683	lhu	x13,-1455(x30)	 x30:0x80014e41 x13=0x00009091 PA:0x80014892 store:0xffffd4d5
        5923000	      2861	8000036e	0093a583	lw	x11,9(x7)	  x7:0x8001447f x11=0x88898a8b PA:0x80014488 store:0x001fffff
        5951000	      2875	80000372	0a1d9e23	sh	x1,188(x27)	 x27:0x80014b52  x1:0x0000008d PA:0x80014c0e store:0x0000008d load:0x0000008d
        5979000	      2889	80000376	73d60883	lb	x17,1853(x12)	 x12:0x80014380 x17=0xffffffbe PA:0x80014abd store:0x00000076
        6003000	      2901	8000037a	f13f1a83	lh	x21,-237(x30)	 x30:0x80014e41 x21=0x00005657 PA:0x80014d54 store:0x80025e7c
        6027000	      2913	8000037e	0ab60b23	sb	x11,182(x12)	 x12:0x80014380 x11:0x88898a8b PA:0x80014436 store:0x88898a8b load:0x0000008b
        6071000	      2935	80000382	34161423	sh	x1,840(x12)	 x12:0x80014380  x1:0x0000008d PA:0x800146c8 store:0x0000008d load:0x0000008d
        6075000	      2937	80000386	d6df4803	lbu	x16,-659(x30)	 x30:0x80014e41 x16=0x000000ad PA:0x80014bae store:0x00009091
        6099000	      2949	8000038a	87bf1aa3	sh	x27,-1931(x30)	 x30:0x80014e41 x27:0x80014b52 PA:0x800146b6 store:0x80014b52 load:0x00004b52
        6103000	      2951	8000038e	6f360a83	lb	x21,1779(x12)	 x12:0x80014380 x21=0x00000070 PA:0x80014a73 store:0x80025e7c
        6111000	      2955	80000392	0a5c8903	lb	x18,165(x25)	 x25:0x80014a6a x18=0x0000000c PA:0x80014b0f store:0x80021e1c
        6171000	      2985	80000396	13af4103	lbu	x2,314(x30)	 x30:0x80014e41  x2=0x00000078 PA:0x80014f7b store:0x00000000
        6173000	      2986	8000039a	00014717	auipc	x14,0x14	 x14=0x8001439a
        6175000	      2987	8000039e	d3170713	addi	x14,x14,-719	 x14:0x8001439a x14=0x800140cb
        6219000	      3009	800003a2	fc172183	lw	x3,-63(x14)	 x14:0x800140cb  x3=0x8c8d8e8f PA:0x8001408c store:0x0000008d
        6243000	      3021	800003a6	01e74483	lbu	x9,30(x14)	 x14:0x800140cb  x9=0x000000ea PA:0x800140e9 store:0x80014e41
        6267000	      3033	800003aa	01e74c03	lbu	x24,30(x14)	 x14:0x800140cb x24=0x000000ea PA:0x800140e9 store:0x80014e41
        6297000	      3048	800003ae	f3d72783	lw	x15,-195(x14)	 x14:0x800140cb x15=0x08090a0b PA:0x80014008 store:0x00000076
        6347000	      3073	800003b2	f3d75103	lhu	x2,-195(x14)	 x14:0x800140cb  x2=0x00000a0b PA:0x80014008 store:0x00000076
        6349000	      3074	800003b6	0001	c.addi	x0,0	  x0:0x00000000  x0=0x00000000
        6373000	      3086	800003b8	f3d72f03	lw	x30,-195(x14)	 x14:0x800140cb x30=0x08090a0b PA:0x80014008 store:0x00000076
        6399000	      3099	800003bc	f3d74603	lbu	x12,-195(x14)	 x14:0x800140cb x12=0x0000000b PA:0x80014008 store:0x00000076
        6423000	      3111	800003c0	f3271ea3	sh	x18,-195(x14)	 x14:0x800140cb x18:0x0000000c PA:0x80014008 store:0x0000000c load:0x0000000c
        6429000	      3114	800003c4	f3d75e03	lhu	x28,-195(x14)	 x14:0x800140cb x28=0x0000000c PA:0x80014008 store:0x00000076
        6437000	      3118	800003c8	f2171ea3	sh	x1,-195(x14)	 x14:0x800140cb  x1:0x0000008d PA:0x80014008 store:0x0000008d load:0x0000008d
        6487000	      3143	800003cc	f3d72183	lw	x3,-195(x14)	 x14:0x800140cb  x3=0x0809008d PA:0x80014008 store:0x00000076
        6489000	      3144	800003d0	00016097	auipc	x1,0x16	  x1=0x800163d0
        6491000	      3145	800003d4	af408093	addi	x1,x1,-1292	  x1:0x800163d0  x1=0x80015ec4
        6527000	      3163	800003d8	86108e03	lb	x28,-1951(x1)	  x1:0x80015ec4 x28=0x00000026 PA:0x80015725 store:0x80015ec4
        6531000	      3165	800003dc	d1f0cd83	lbu	x27,-737(x1)	  x1:0x80015ec4 x27=0x000000e0 PA:0x80015be3 store:0x04050607
        6533000	      3166	800003e0	40155f13	srai	x30,x10,0x1	 x10:0xffffffff x30=0xffffffff
        6535000	      3167	800003e4	22d73693	sltiu	x13,x14,557	 x14:0x800140cb x13=0x00000000
        6597000	      3198	800003e8	d1f0cd83	lbu	x27,-737(x1)	  x1:0x80015ec4 x27=0x000000e0 PA:0x80015be3 store:0x04050607
        6637000	      3218	800003ec	04508803	lb	x16,69(x1)	  x1:0x80015ec4 x16=0x0000000a PA:0x80015f09 store:0x80021e1c
        6681000	      3240	800003f0	7fe0c503	lbu	x10,2046(x1)	  x1:0x80015ec4 x10=0x000000c1 PA:0x800166c2 store:0xffffffff
        6683000	      3241	800003f4	00d5d393	srli	x7,x11,0xd	 x11:0x88898a8b  x7=0x0004444c
        6689000	      3244	800003f8	7fe0c183	lbu	x3,2046(x1)	  x1:0x80015ec4  x3=0x000000c1 PA:0x800166c2 store:0xffffffff
        6725000	      3262	800003fc	f710c103	lbu	x2,-143(x1)	  x1:0x80015ec4  x2=0x00000036 PA:0x80015e35 store:0xffffffbe
        6731000	      3265	80000400	03ca8133	mul	x2,x21,x28	 x21:0x00000070 x28:0x00000026  x2=0x000010a0
        6733000	      3266	80000404	0ff0000f	fence	iorwiorwiorw,iorwiorwiorwiorw	
        6771000	      3285	80000408	f7108f03	lb	x30,-143(x1)	  x1:0x80015ec4 x30=0x00000036 PA:0x80015e35 store:0xffffffbe
        6775000	      3287	8000040c	f710c183	lbu	x3,-143(x1)	  x1:0x80015ec4  x3=0x00000036 PA:0x80015e35 store:0xffffffbe
        6783000	      3291	80000410	f6e088a3	sb	x14,-143(x1)	  x1:0x80015ec4 x14:0x800140cb PA:0x80015e35 store:0x800140cb load:0x000000cb
        6795000	      3297	80000414	185086a3	sb	x5,397(x1)	  x1:0x80015ec4  x5:0x80021e1c PA:0x80016051 store:0x80021e1c load:0x0000001c
        6813000	      3306	80000418	0080016f	jal	x2,80000420	  x2=0x8000041c
        6841000	      3320	80000420	a019	c.j	80000426	
        6919000	      3359	80000426	2011	c.jal	8000042a	  x1=0x80000428
        6931000	      3365	8000042a	a809	c.j	8000043c	
        6975000	      3387	8000043c	37dd	c.jal	80000422	  x1=0x8000043e
        7015000	      3407	80000422	200d	c.jal	80000444	  x1=0x80000424
        7077000	      3438	80000444	3fe9	c.jal	8000041e	  x1=0x80000446
        7083000	      3441	8000041e	2811	c.jal	80000432	  x1=0x80000420
        7151000	      3475	80000432	2819	c.jal	80000448	  x1=0x80000434
        7207000	      3503	80000448	37e5	c.jal	80000430	  x1=0x8000044a
        7249000	      3524	80000430	a819	c.j	80000446	
        7293000	      3546	80000446	3ff5	c.jal	80000442	  x1=0x80000448
        7323000	      3561	80000442	bfe5	c.j	8000043a	
        7345000	      3572	8000043a	3ffd	c.jal	80000438	  x1=0x8000043c
        7367000	      3583	80000438	3ff5	c.jal	80000434	  x1=0x8000043a
        7389000	      3594	80000434	fe9ff0ef	jal	x1,8000041c	  x1=0x80000438
        7441000	      3620	8000041c	2801	c.jal	8000042c	  x1=0x8000041e
        7457000	      3628	8000042c	014000ef	jal	x1,80000440	  x1=0x80000430
        7491000	      3645	80000440	37d5	c.jal	80000424	  x1=0x80000442
        7545000	      3672	80000424	2011	c.jal	80000428	  x1=0x80000426
        7569000	      3684	80000428	a819	c.j	8000043e	
        7597000	      3698	8000043e	2031	c.jal	8000044a	  x1=0x80000440
        7653000	      3726	8000044a	41795913	srai	x18,x18,0x17	 x18:0x0000000c x18=0x00000000
        7675000	      3737	8000044e	00018117	auipc	x2,0x18	  x2=0x8001844e
        7697000	      3748	80000452	8ae10113	addi	x2,x2,-1874	  x2:0x8001844e  x2=0x80017cfc
        7773000	      3786	80000456	78b10ba3	sb	x11,1943(x2)	  x2:0x80017cfc x11:0x88898a8b PA:0x80018493 store:0x88898a8b load:0x0000008b
        7815000	      3807	8000045a	76410b83	lb	x23,1892(x2)	  x2:0x80017cfc x23=0x00000063 PA:0x80018460 store:0x0000eced
        7817000	      3808	8000045e	2b9c7e13	andi	x28,x24,697	 x24:0x000000ea x28=0x000000a8
        7845000	      3822	80000462	76415703	lhu	x14,1892(x2)	  x2:0x80017cfc x14=0x00006263 PA:0x80018460 store:0x0000eced
        7919000	      3859	80000466	02f863b3	rem	x7,x16,x15	 x16:0x0000000a x15:0x08090a0b  x7=0x0000000a
        7921000	      3860	8000046a	012e5eb3	srl	x29,x28,x18	 x28:0x000000a8 x18:0x00000000 x29=0x000000a8
        7923000	      3861	8000046e	001bb233	sltu	x4,x23,x1	 x23:0x00000063  x1:0x80000440  x4=0x00000001
        7971000	      3885	80000472	ef810ea3	sb	x24,-259(x2)	  x2:0x80017cfc x24:0x000000ea PA:0x80017bf9 store:0x000000ea load:0x000000ea
        7981000	      3890	80000476	efd10f03	lb	x30,-259(x2)	  x2:0x80017cfc x30=0xffffffea PA:0x80017bf9 store:0x000000a8
        8017000	      3908	8000047a	efd10603	lb	x12,-259(x2)	  x2:0x80017cfc x12=0xffffffea PA:0x80017bf9 store:0x000000a8
        8031000	      3915	8000047e	efd10d83	lb	x27,-259(x2)	  x2:0x80017cfc x27=0xffffffea PA:0x80017bf9 store:0x000000a8
        8035000	      3917	80000482	3c514a83	lbu	x21,965(x2)	  x2:0x80017cfc x21=0x000000c2 PA:0x800180c1 store:0x80021e1c
        8037000	      3918	80000486	83bd	c.srli	x15,0xf	 x15:0x08090a0b x15=0x00001012
        8039000	      3919	80000488	8886	c.mv	x17,x1	  x0:0x00000000  x1:0x80000440 x17=0x80000440
        8057000	      3928	8000048a	85d10083	lb	x1,-1955(x2)	  x2:0x80017cfc  x1=0x0000005a PA:0x80017559 store:0x000000a8
        8105000	      3952	8000048e	d3f14383	lbu	x7,-705(x2)	  x2:0x80017cfc  x7=0x00000038 PA:0x80017a3b store:0x04050607
        8107000	      3953	80000492	7c62c017	auipc	x0,0x7c62c	  x0=0x00000000
        8131000	      3965	80000496	d3d10fa3	sb	x29,-705(x2)	  x2:0x80017cfc x29:0x000000a8 PA:0x80017a3b store:0x000000a8 load:0x000000a8
        8143000	      3971	8000049a	cf812083	lw	x1,-776(x2)	  x2:0x80017cfc  x1=0xf4f5f6f7 PA:0x800179f4 store:0x000000ea
        8155000	      3977	8000049e	00015917	auipc	x18,0x15	 x18=0x8001549e
        8159000	      3979	800004a2	19890913	addi	x18,x18,408	 x18:0x8001549e x18=0x80015636
        8175000	      3987	800004a6	00017717	auipc	x14,0x17	 x14=0x800174a6
        8225000	      4012	800004aa	c2570713	addi	x14,x14,-987	 x14:0x800174a6 x14=0x800170cb
        8227000	      4013	800004ae	00015b17	auipc	x22,0x15	 x22=0x800154ae
        8229000	      4014	800004b2	2e4b0b13	addi	x22,x22,740	 x22:0x800154ae x22=0x80015792
        8271000	      4035	800004b6	9bb71d83	lh	x27,-1605(x14)	 x14:0x800170cb x27=0xffff8485 PA:0x80016a86 store:0xffffffea
        8299000	      4049	800004ba	66470c83	lb	x25,1636(x14)	 x14:0x800170cb x25=0x0000002c PA:0x8001772f store:0x00000001
        8305000	      4052	800004be	fd3b4203	lbu	x4,-45(x22)	 x22:0x80015792  x4=0x00000066 PA:0x80015765 store:0x80025e7c
        8325000	      4062	800004c2	07890683	lb	x13,120(x18)	 x18:0x80015636 x13=0xffffffad PA:0x800156ae store:0x000000ea
        8351000	      4075	800004c6	00016497	auipc	x9,0x16	  x9=0x800164c6
        8353000	      4076	800004ca	59448493	addi	x9,x9,1428	  x9:0x800164c6  x9=0x80016a5a
        8419000	      4109	800004ce	f9d90683	lb	x13,-99(x18)	 x18:0x80015636 x13=0xffffffd0 PA:0x800155d3 store:0x000000a8
        8427000	      4113	800004d2	0c24af83	lw	x31,194(x9)	  x9:0x80016a5a x31=0x1c1d1e1f PA:0x80016b1c store:0x80017cfc
        8451000	      4125	800004d6	8f775783	lhu	x15,-1801(x14)	 x14:0x800170cb x15=0x0000c0c1 PA:0x800169c2 store:0x00000063
        8453000	      4126	800004da	00017817	auipc	x16,0x17	 x16=0x800174da
        8461000	      4130	800004de	30480813	addi	x16,x16,772	 x16:0x800174da x16=0x800177de
        8503000	      4151	800004e2	fb9900a3	sb	x25,-95(x18)	 x18:0x80015636 x25:0x0000002c PA:0x800155d7 store:0x0000002c load:0x0000002c
        8541000	      4170	800004e6	fc784083	lbu	x1,-57(x16)	 x16:0x800177de  x1=0x000000a6 PA:0x800177a5 store:0x00000038
        8585000	      4192	800004ea	06048623	sb	x0,108(x9)	  x9:0x80016a5a  x0:0x00000000 PA:0x80016ac6 store:0x00000000 load:0x00000000
        8613000	      4206	800004ee	f8a70883	lb	x17,-118(x14)	 x14:0x800170cb x17=0x00000056 PA:0x80017055 store:0x000000c1
        8657000	      4228	800004f2	f6e92e03	lw	x28,-146(x18)	 x18:0x80015636 x28=0xa4a5a6a7 PA:0x800155a4 store:0x800170cb
        8683000	      4241	800004f6	057b2d23	sw	x23,90(x22)	 x22:0x80015792 x23:0x00000063 PA:0x800157ec store:0x00000063 load:0x00000063
        8707000	      4253	800004fa	fe980c83	lb	x25,-23(x16)	 x16:0x800177de x25=0xffffffc4 PA:0x800177c7 store:0x80016a5a
        8731000	      4265	800004fe	725701a3	sb	x5,1827(x14)	 x14:0x800170cb  x5:0x80021e1c PA:0x800177ee store:0x80021e1c load:0x0000001c
        8735000	      4267	80000502	90e74783	lbu	x15,-1778(x14)	 x14:0x800170cb x15=0x000000da PA:0x800169d9 store:0x800170cb
        8761000	      4280	80000506	0e44d583	lhu	x11,228(x9)	  x9:0x80016a5a x11=0x00003c3d PA:0x80016b3e store:0x00000066
        8825000	      4312	8000050a	0c990583	lb	x11,201(x18)	 x18:0x80015636 x11=0xfffffffc PA:0x800156ff store:0x80016a5a
        8877000	      4338	8000050e	f60b4083	lbu	x1,-160(x22)	 x22:0x80015792  x1=0x000000f1 PA:0x800156f2 store:0x00000000
        8893000	      4346	80000512	fe948c83	lb	x25,-23(x9)	  x9:0x80016a5a x25=0x00000040 PA:0x80016a43 store:0x80016a5a
        8945000	      4372	80000516	fe8b0f03	lb	x30,-24(x22)	 x22:0x80015792 x30=0x00000079 PA:0x8001577a store:0xfffe9c00
        8963000	      4381	8000051a	50172e83	lw	x29,1281(x14)	 x14:0x800170cb x29=0xcccdcecf PA:0x800175cc store:0x000000f1
        8993000	      4396	8000051e	fe44dc83	lhu	x25,-28(x9)	  x9:0x80016a5a x25=0x00003c3d PA:0x80016a3e store:0x00000066
        9021000	      4410	80000522	03a82f03	lw	x30,58(x16)	 x16:0x800177de x30=0x18191a1b PA:0x80017818 store:0x00000000
        9067000	      4433	80000526	f8091403	lh	x8,-128(x18)	 x18:0x80015636  x8=0xffffb4b5 PA:0x800155b6 store:0x00000000
        9079000	      4439	8000052a	f7590aa3	sb	x21,-139(x18)	 x18:0x80015636 x21:0x000000c2 PA:0x800155ab store:0x000000c2 load:0x000000c2
        9127000	      4463	8000052e	06348fa3	sb	x3,127(x9)	  x9:0x80016a5a  x3:0x00000036 PA:0x80016ad9 store:0x00000036 load:0x00000036
        9147000	      4473	80000532	0a090323	sb	x0,166(x18)	 x18:0x80015636  x0:0x00000000 PA:0x800156dc store:0x00000000 load:0x00000000
        9215000	      4507	80000536	087b4c03	lbu	x24,135(x22)	 x22:0x80015792 x24=0x0000001a PA:0x80015819 store:0x00000038
        9219000	      4509	8000053a	f36b1b23	sh	x22,-202(x22)	 x22:0x80015792 x22:0x80015792 PA:0x800156c8 store:0x80015792 load:0x00005792
        9247000	      4523	8000053e	5c270883	lb	x17,1474(x14)	 x14:0x800170cb x17=0xffffff8e PA:0x8001768d store:0x80017cfc
        9275000	      4537	80000542	00580883	lb	x17,5(x16)	 x16:0x800177de x17=0xffffffe0 PA:0x800177e3 store:0x80021e1c
        9311000	      4555	80000546	f5470103	lb	x2,-172(x14)	 x14:0x800170cb  x2=0x0000001c PA:0x8001701f store:0xffffffff
        9335000	      4567	8000054a	fbd484a3	sb	x29,-87(x9)	  x9:0x80016a5a x29:0xcccdcecf PA:0x80016a03 store:0xcccdcecf load:0x000000cf
        9339000	      4569	8000054e	03eb5e83	lhu	x29,62(x22)	 x22:0x80015792 x29=0x0000d2d3 PA:0x800157d0 store:0x18191a1b
        9347000	      4573	80000552	95770c03	lb	x24,-1705(x14)	 x14:0x800170cb x24=0x00000021 PA:0x80016a22 store:0x00000063
        9373000	      4586	80000556	f80b5403	lhu	x8,-128(x22)	 x22:0x80015792  x8=0x00001011 PA:0x80015712 store:0x00000000
        9377000	      4588	8000055a	02681783	lh	x15,38(x16)	 x16:0x800177de x15=0x00000607 PA:0x80017804 store:0x00000000
        9435000	      4617	8000055e	08990203	lb	x4,137(x18)	 x18:0x80015636  x4=0xffffffbc PA:0x800156bf store:0x80016a5a
        9513000	      4656	80000562	03d84103	lbu	x2,61(x16)	 x16:0x800177de  x2=0x00000018 PA:0x8001781b store:0x0000d2d3
        9537000	      4668	80000566	00b48383	lb	x7,11(x9)	  x9:0x80016a5a  x7=0x00000066 PA:0x80016a65 store:0xfffffffc
        9539000	      4669	8000056a	0001b117	auipc	x2,0x1b	  x2=0x8001b56a
        9547000	      4673	8000056e	29910113	addi	x2,x2,665	  x2:0x8001b56a  x2=0x8001b803
        9567000	      4683	80000572	02111b03	lh	x22,33(x2)	  x2:0x8001b803 x22=0x00002627 PA:0x8001b824 store:0x000000f1
        9569000	      4684	80000576	8235	c.srli	x12,0xd	 x12:0xffffffea x12=0x0007ffff
        9621000	      4710	80000578	d1238d17	auipc	x26,0xd1238	 x26=0x51238578
        9639000	      4719	8000057c	ff714e83	lbu	x29,-9(x2)	  x2:0x8001b803 x29=0x000000f9 PA:0x8001b7fa store:0x00000063
        9655000	      4727	80000580	fd210383	lb	x7,-46(x2)	  x2:0x8001b803  x7=0xffffffd6 PA:0x8001b7d5 store:0x80015636
        9657000	      4728	80000584	00100073	ebreak	
        9705000	      4752	80000588	03114383	lbu	x7,49(x2)	  x2:0x8001b803  x7=0x00000037 PA:0x8001b834 store:0xffffffe0
        9707000	      4753	8000058c	8609	c.srai	x12,0x2	 x12:0x0007ffff x12=0x0001ffff
        9711000	      4755	8000058e	01a10603	lb	x12,26(x2)	  x2:0x8001b803 x12=0x0000001e PA:0x8001b81d store:0x51238578
        9713000	      4756	80000592	00100073	ebreak	
        9715000	      4757	80000596	9b76	c.add	x22,x29	 x22:0x00002627 x29:0x000000f9 x22=0x00002720
        9737000	      4768	80000598	01a393b3	sll	x7,x7,x26	  x7:0x00000037 x26:0x51238578  x7=0x37000000
        9739000	      4769	8000059c	0001	c.addi	x0,0	  x0:0x00000000  x0=0x00000000
        9775000	      4787	8000059e	01ab3eb3	sltu	x29,x22,x26	 x22:0x00002720 x26:0x51238578 x29=0x00000001
        9853000	      4826	800005a2	03065833	divu	x16,x12,x16	 x12:0x0000001e x16:0x800177de x16=0x00000000
        9855000	      4827	800005a6	8a6d	c.andi	x12,27	 x12:0x0000001e x12=0x0000001a
        9857000	      4828	800005a8	8e51	c.or	x12,x12	 x12:0x0000001a x12:0x0000001a x12=0x0000001a
        9881000	      4840	800005aa	02014603	lbu	x12,32(x2)	  x2:0x8001b803 x12=0x00000020 PA:0x8001b823 store:0x00000000
        9891000	      4845	800005ae	fff15e83	lhu	x29,-1(x2)	  x2:0x8001b803 x29=0x00000001 PA:0x8001b802 store:0x1c1d1e1f
        9923000	      4861	800005b2	fce10383	lb	x7,-50(x2)	  x2:0x8001b803  x7=0xffffffd2 PA:0x8001b7d1 store:0x800170cb
        9925000	      4862	800005b6	8e71	c.and	x12,x12	 x12:0x00000020 x12:0x00000020 x12=0x00000020
        9931000	      4865	800005b8	00cd3d33	sltu	x26,x26,x12	 x26:0x51238578 x12:0x00000020 x26=0x00000000
        9973000	      4886	800005bc	9e9e	c.add	x29,x7	 x29:0x00000001  x7:0xffffffd2 x29=0xffffffd3
       10023000	      4911	800005be	01110d03	lb	x26,17(x2)	  x2:0x8001b803 x26=0x00000017 PA:0x8001b814 store:0xffffffe0
       10025000	      4912	800005c2	9002	c.ebreak	
       10027000	      4913	800005c4	0001	c.addi	x0,0	  x0:0x00000000  x0=0x00000000
       10029000	      4914	800005c6	6651	c.lui	x12,0x14	 x12=0x00014000
       10037000	      4918	800005c8	03a81eb3	mulh	x29,x16,x26	 x16:0x00000000 x26:0x00000017 x29=0x00000000
       10039000	      4919	800005cc	01ce9613	slli	x12,x29,0x1c	 x29:0x00000000 x12=0x00000000
       10047000	      4923	800005d0	e0364393	xori	x7,x12,-509	 x12:0x00000000  x7=0xfffffe03
       10109000	      4954	800005d4	4103d633	sra	x12,x7,x16	  x7:0xfffffe03 x16:0x00000000 x12=0xfffffe03
       10111000	      4955	800005d8	9002	c.ebreak	
       10113000	      4956	800005da	0001	c.addi	x0,0	  x0:0x00000000  x0=0x00000000
       10169000	      4984	800005dc	027105a3	sb	x7,43(x2)	  x2:0x8001b803  x7:0xfffffe03 PA:0x8001b82e store:0xfffffe03 load:0x00000003
       10193000	      4996	800005e0	fda118a3	sh	x26,-47(x2)	  x2:0x8001b803 x26:0x00000017 PA:0x8001b7d4 store:0x00000017 load:0x00000017
       10195000	      4997	800005e4	016b2633	slt	x12,x22,x22	 x22:0x00002720 x22:0x00002720 x12=0x00000000
       10225000	      5012	800005e8	0efa	c.slli	x29,0x1e	 x29:0x00000000 x29=0x00000000
       10227000	      5013	800005ea	0073deb3	srl	x29,x7,x7	  x7:0xfffffe03  x7:0xfffffe03 x29=0x1fffffc0
       10237000	      5018	800005ee	00910d03	lb	x26,9(x2)	  x2:0x8001b803 x26=0x0000000f PA:0x8001b80c store:0x80016a5a
       10263000	      5031	800005f2	00014d97	auipc	x27,0x14	 x27=0x800145f2
       10297000	      5048	800005f6	da5d8d93	addi	x27,x27,-603	 x27:0x800145f2 x27=0x80014397
       10301000	      5050	800005fa	04fd8403	lb	x8,79(x27)	 x27:0x80014397  x8=0xffffffe5 PA:0x800143e6 store:0x00000607
       10353000	      5076	800005fe	0001b217	auipc	x4,0x1b	  x4=0x8001b5fe
       10355000	      5077	80000602	a4f20213	addi	x4,x4,-1457	  x4:0x8001b5fe  x4=0x8001b04d
       10377000	      5088	80000606	04920023	sb	x9,64(x4)	  x4:0x8001b04d  x9:0x80016a5a PA:0x8001b08d store:0x80016a5a load:0x0000005a
       10423000	      5111	8000060a	02320383	lb	x7,35(x4)	  x4:0x8001b04d  x7=0x00000073 PA:0x8001b070 store:0x00000036
       10427000	      5113	8000060e	011d8783	lb	x15,17(x27)	 x27:0x80014397 x15=0xffffffab PA:0x800143a8 store:0xffffffe0
       10451000	      5125	80000612	02720aa3	sb	x7,53(x4)	  x4:0x8001b04d  x7:0x00000073 PA:0x8001b082 store:0x00000073 load:0x00000073
       10493000	      5146	80000616	07a22ba3	sw	x26,119(x4)	  x4:0x8001b04d x26:0x0000000f PA:0x8001b0c4 store:0x0000000f load:0x0000000f
       10517000	      5158	8000061a	05525503	lhu	x10,85(x4)	  x4:0x8001b04d x10=0x0000a0a1 PA:0x8001b0a2 store:0x000000c2
       10585000	      5192	8000061e	0abd8d03	lb	x26,171(x27)	 x27:0x80014397 x26=0x00000041 PA:0x80014442 store:0xfffffffc
       10627000	      5213	80000622	f9ddac03	lw	x24,-99(x27)	 x27:0x80014397 x24=0x34353637 PA:0x80014334 store:0x1fffffc0
       10631000	      5215	80000626	06b25a03	lhu	x20,107(x4)	  x4:0x8001b04d x20=0x0000babb PA:0x8001b0b8 store:0xfffffffc
       10651000	      5225	8000062a	088dc483	lbu	x9,136(x27)	 x27:0x80014397  x9=0x0000001c PA:0x8001441f store:0xffffffe5
       10679000	      5239	8000062e	fc6d8c03	lb	x24,-58(x27)	 x27:0x80014397 x24=0x0000005e PA:0x8001435d store:0x00000000
       10697000	      5248	80000632	0200016f	jal	x2,80000652	  x2=0x80000636
       10759000	      5279	80000652	01c0026f	jal	x4,8000066e	  x4=0x80000656
       10783000	      5291	8000066e	b7c5	c.j	8000064e	
       10841000	      5320	8000064e	fffff7ef	jal	x15,8000064c	 x15=0x80000652
       10885000	      5342	8000064c	2025	c.jal	80000674	  x1=0x8000064e
       10969000	      5384	80000674	bffd	c.j	80000672	
       11011000	      5405	80000672	b7d5	c.j	80000656	
       11049000	      5424	80000656	2039	c.jal	80000664	  x1=0x80000658
       11093000	      5446	80000664	3ff5	c.jal	80000660	  x1=0x80000666
       11129000	      5464	80000660	3ff9	c.jal	8000063e	  x1=0x80000662
       11179000	      5489	8000063e	2019	c.jal	80000644	  x1=0x80000640
       11227000	      5513	80000644	a025	c.j	8000066c	
       11251000	      5525	8000066c	bfdd	c.j	80000662	
       11275000	      5537	80000662	2011	c.jal	80000666	  x1=0x80000664
       11293000	      5546	80000666	bfc9	c.j	80000638	
       11341000	      5570	80000638	2005	c.jal	80000658	  x1=0x8000063a
       11367000	      5583	80000658	ff3ff0ef	jal	x1,8000064a	  x1=0x8000065c
       11443000	      5621	8000064a	bff5	c.j	80000646	
       11485000	      5642	80000646	2009	c.jal	80000648	  x1=0x80000648
       11497000	      5648	80000648	3fcd	c.jal	8000063a	  x1=0x8000064a
       11539000	      5669	8000063a	bff5	c.j	80000636	
       11587000	      5693	80000636	2019	c.jal	8000063c	  x1=0x80000638
       11591000	      5695	8000063c	a035	c.j	80000668	
       11637000	      5718	80000668	3fe1	c.jal	80000640	  x1=0x8000066a
       11671000	      5735	80000640	01c000ef	jal	x1,8000065c	  x1=0x80000644
       11681000	      5740	8000065c	00e00d6f	jal	x26,8000066a	 x26=0x80000660
       11705000	      5752	8000066a	2019	c.jal	80000670	  x1=0x8000066c
       11711000	      5755	80000670	a021	c.j	80000678	
       11743000	      5771	80000678	3ffd	c.jal	80000676	  x1=0x8000067a
       11757000	      5778	80000676	2011	c.jal	8000067a	  x1=0x80000678
       11825000	      5812	8000067a	36789237	lui	x4,0x36789	  x4=0x36789000
       11833000	      5816	8000067e	00017117	auipc	x2,0x17	  x2=0x8001767e
       11851000	      5825	80000682	5d610113	addi	x2,x2,1494	  x2:0x8001767e  x2=0x80017c54
       11875000	      5837	80000686	06b14503	lbu	x10,107(x2)	  x2:0x80017c54 x10=0x000000bc PA:0x80017cbf store:0xfffffffc
       11885000	      5842	8000068a	012acab3	xor	x21,x21,x18	 x21:0x000000c2 x18:0x80015636 x21=0x800156f4
       11887000	      5843	8000068e	8956	c.mv	x18,x21	  x0:0x00000000 x21:0x800156f4 x18=0x800156f4
       11933000	      5866	80000690	027535b3	mulhu	x11,x10,x7	 x10:0x000000bc  x7:0x00000073 x11=0x00000000
       11935000	      5867	80000694	8d4d	c.or	x10,x11	 x10:0x000000bc x11:0x00000000 x10=0x000000bc
       11937000	      5868	80000696	01a3bd33	sltu	x26,x7,x26	  x7:0x00000073 x26:0x80000660 x26=0x00000001
       11941000	      5870	8000069a	dad6	c.swsp	x21,116(x2)	  x2:0x80017c54 x21:0x800156f4 PA:0x80017cc8 store:0x800156f4 load:0x800156f4
       11949000	      5874	8000069c	36290913	addi	x18,x18,866	 x18:0x800156f4 x18=0x80015a56
       11989000	      5894	800006a0	0c910903	lb	x18,201(x2)	  x2:0x80017c54 x18=0x0000001e PA:0x80017d1d store:0x0000001c
       11997000	      5898	800006a4	035d13b3	mulh	x7,x26,x21	 x26:0x00000001 x21:0x800156f4  x7=0xffffffff
       12019000	      5909	800006a8	3db5a513	slti	x10,x11,987	 x11:0x00000000 x10=0x00000001
       12043000	      5921	800006ac	fec15d03	lhu	x26,-20(x2)	  x2:0x80017c54 x26=0x00004243 PA:0x80017c40 store:0x00000000
       12045000	      5922	800006b0	0001	c.addi	x0,0	  x0:0x00000000  x0=0x00000000
       12047000	      5923	800006b2	8525	c.srai	x10,0x9	 x10:0x00000001 x10=0x00000000
       12123000	      5961	800006b4	03556ab3	rem	x21,x10,x21	 x10:0x00000000 x21:0x800156f4 x21=0x00000000
       12127000	      5963	800006b8	f2015583	lhu	x11,-224(x2)	  x2:0x80017c54 x11=0x00007677 PA:0x80017b74 store:0x00000000
       12129000	      5964	800006bc	81a1	c.srli	x11,0x8	 x11:0x00007677 x11=0x00000076
       12131000	      5965	800006be	72253517	auipc	x10,0x72253	 x10=0xf22536be
       12193000	      5996	800006c2	407d0533	sub	x10,x26,x7	 x26:0x00004243  x7:0xffffffff x10=0x00004244
       12195000	      5997	800006c6	9aae	c.add	x21,x11	 x21:0x00000000 x11:0x00000076 x21=0x00000076
       12197000	      5998	800006c8	81d9	c.srli	x11,0x16	 x11:0x00000076 x11=0x00000000
       12209000	      6004	800006ca	02bafd33	remu	x26,x21,x11	 x21:0x00000076 x11:0x00000000 x26=0x00000076
       12211000	      6005	800006ce	0001	c.addi	x0,0	  x0:0x00000000  x0=0x00000000
       12231000	      6015	800006d0	03b10a83	lb	x21,59(x2)	  x2:0x80017c54 x21=0xffffff8c PA:0x80017c8f store:0x80014397
       12279000	      6039	800006d4	956a	c.add	x10,x26	 x10:0x00004244 x26:0x00000076 x10=0x000042ba
       12285000	      6042	800006d6	faa11383	lh	x7,-86(x2)	  x2:0x80017c54  x7=0xfffffcfd PA:0x80017bfe store:0x000042ba
       12295000	      6047	800006da	4a86	c.lwsp	x21,64(x2)	  x2:0x80017c54 x21=0x94959697 PA:0x80017c94 store:0x00000000
       12313000	      6056	800006dc	f3e15383	lhu	x7,-194(x2)	  x2:0x80017c54  x7=0x00009091 PA:0x80017b92 store:0x18191a1b
       12329000	      6064	800006e0	405ad393	srai	x7,x21,0x5	 x21:0x94959697  x7=0xfca4acb4
       12405000	      6102	800006e4	035ac3b3	div	x7,x21,x21	 x21:0x94959697 x21:0x94959697  x7=0x00000001
       12425000	      6112	800006e8	fd510d03	lb	x26,-43(x2)	  x2:0x80017c54 x26=0x0000002a PA:0x80017c29 store:0x94959697
       12427000	      6113	800006ec	dfc3aa93	slti	x21,x7,-516	  x7:0x00000001 x21=0x00000000
       12431000	      6115	800006f0	f0910903	lb	x18,-247(x2)	  x2:0x80017c54 x18=0x0000005e PA:0x80017b5d store:0x0000001c
       12433000	      6116	800006f4	04cd6393	ori	x7,x26,76	 x26:0x0000002a  x7=0x0000006e
       12523000	      6161	800006f8	03294ab3	div	x21,x18,x18	 x18:0x0000005e x18:0x0000005e x21=0x00000001
       12547000	      6173	800006fc	f5f14583	lbu	x11,-161(x2)	  x2:0x80017c54 x11=0x000000b0 PA:0x80017bb3 store:0x1c1d1e1f
       12591000	      6195	80000700	f5a15d03	lhu	x26,-166(x2)	  x2:0x80017c54 x26=0x0000acad PA:0x80017bae store:0x0000002a
       12593000	      6196	80000704	0d75	c.addi	x26,29	 x26:0x0000acad x26=0x0000acca
       12637000	      6218	80000706	fe712e23	sw	x7,-4(x2)	  x2:0x80017c54  x7:0x0000006e PA:0x80017c50 store:0x0000006e load:0x0000006e
       12661000	      6230	8000070a	f6d14583	lbu	x11,-147(x2)	  x2:0x80017c54 x11=0x000000c2 PA:0x80017bc1 store:0xffffffd0
       12663000	      6231	8000070e	4ac9	c.li	x21,18	 x21=0x00000012
       12689000	      6244	80000710	d4ea	c.swsp	x26,104(x2)	  x2:0x80017c54 x26:0x0000acca PA:0x80017cbc store:0x0000acca load:0x0000acca
       12723000	      6261	80000712	5506	c.lwsp	x10,96(x2)	  x2:0x80017c54 x10=0xb4b5b6b7 PA:0x80017cb4 store:0x00000000
       12727000	      6263	80000714	4a86	c.lwsp	x21,64(x2)	  x2:0x80017c54 x21=0x94959697 PA:0x80017c94 store:0x00000000
       12747000	      6273	80000716	00015597	auipc	x11,0x15	 x11=0x80015716
       12749000	      6274	8000071a	8b658593	addi	x11,x11,-1866	 x11:0x80015716 x11=0x80014fcc
       12751000	      6275	8000071e	0001b917	auipc	x18,0x1b	 x18=0x8001b71e
       12777000	      6288	80000722	abe90913	addi	x18,x18,-1346	 x18:0x8001b71e x18=0x8001b1dc
       12809000	      6304	80000726	00018117	auipc	x2,0x18	  x2=0x80018726
       12819000	      6309	8000072a	69b10113	addi	x2,x2,1691	  x2:0x80018726  x2=0x80018dc1
       12875000	      6337	8000072e	017900a3	sb	x23,1(x18)	 x18:0x8001b1dc x23:0x00000063 PA:0x8001b1dd store:0x00000063 load:0x00000063
       12899000	      6349	80000732	ace10d83	lb	x27,-1330(x2)	  x2:0x80018dc1 x27=0xffffff8c PA:0x8001888f store:0x800170cb
       12955000	      6377	80000736	02359323	sh	x3,38(x11)	 x11:0x80014fcc  x3:0x00000036 PA:0x80014ff2 store:0x00000036 load:0x00000036
       12961000	      6380	8000073a	175125a3	sw	x21,363(x2)	  x2:0x80018dc1 x21:0x94959697 PA:0x80018f2c store:0x94959697 load:0x94959697
       12973000	      6386	8000073e	ff894703	lbu	x14,-8(x18)	 x18:0x8001b1dc x14=0x000000d7 PA:0x8001b1d4 store:0x0000005e
       12987000	      6393	80000742	d9911c83	lh	x25,-615(x2)	  x2:0x80018dc1 x25=0x00005859 PA:0x80018b5a store:0x00003c3d
       13019000	      6409	80000746	00190703	lb	x14,1(x18)	 x18:0x8001b1dc x14=0x00000063 PA:0x8001b1dd store:0x80000678
       13043000	      6421	8000074a	fc090803	lb	x16,-64(x18)	 x18:0x8001b1dc x16=0xffffff9f PA:0x8001b19c store:0x00000000
       13067000	      6433	8000074e	0265df83	lhu	x31,38(x11)	 x11:0x80014fcc x31=0x00000036 PA:0x80014ff2 store:0x00000000
       13077000	      6438	80000752	01b90f83	lb	x31,27(x18)	 x18:0x8001b1dc x31=0xfffffff4 PA:0x8001b1f7 store:0xffffff8c
       13141000	      6470	80000756	ff1907a3	sb	x17,-17(x18)	 x18:0x8001b1dc x17:0xffffffe0 PA:0x8001b1cb store:0xffffffe0 load:0x000000e0
       13181000	      6490	8000075a	fff5ae23	sw	x31,-4(x11)	 x11:0x80014fcc x31:0xfffffff4 PA:0x80014fc8 store:0xfffffff4 load:0xfffffff4
       13185000	      6492	8000075e	ceb129a3	sw	x11,-781(x2)	  x2:0x80018dc1 x11:0x80014fcc PA:0x80018ab4 store:0x80014fcc load:0x80014fcc
       13229000	      6514	80000762	ffc90523	sb	x28,-22(x18)	 x18:0x8001b1dc x28:0xa4a5a6a7 PA:0x8001b1c6 store:0xa4a5a6a7 load:0x000000a7
       13283000	      6541	80000766	e7712b03	lw	x22,-393(x2)	  x2:0x80018dc1 x22=0x38393a3b PA:0x80018c38 store:0x00000063
       13289000	      6544	8000076a	fed5c783	lbu	x15,-19(x11)	 x11:0x80014fcc x15=0x000000ba PA:0x80014fb9 store:0xffffffd0
       13321000	      6560	8000076e	02558c03	lb	x24,37(x11)	 x11:0x80014fcc x24=0xfffffff2 PA:0x80014ff1 store:0x80021e1c
       13365000	      6582	80000772	00695083	lhu	x1,6(x18)	 x18:0x8001b1dc  x1=0x0000e0e1 PA:0x8001b1e2 store:0x00000000
       13379000	      6589	80000776	ff190403	lb	x8,-15(x18)	 x18:0x8001b1dc  x8=0xffffffce PA:0x8001b1cd store:0xffffffe0
       13423000	      6611	8000077a	ffb59523	sh	x27,-22(x11)	 x11:0x80014fcc x27:0xffffff8c PA:0x80014fb6 store:0xffffff8c load:0x0000ff8c
       13425000	      6612	8000077e	00014b17	auipc	x22,0x14	 x22=0x8001477e
       13427000	      6613	80000782	1bfb0b13	addi	x22,x22,447	 x22:0x8001477e x22=0x8001493d
       13439000	      6619	80000786	0001af97	auipc	x31,0x1a	 x31=0x8001a786
       13445000	      6622	8000078a	c56f8f93	addi	x31,x31,-938	 x31:0x8001a786 x31=0x8001a3dc
       13499000	      6649	8000078e	071b4e83	lbu	x29,113(x22)	 x22:0x8001493d x29=0x000000ad PA:0x800149ae store:0xffffffe0
       13537000	      6668	80000792	46cb2da3	sw	x12,1147(x22)	 x22:0x8001493d x12:0x00000000 PA:0x80014db8 store:0x00000000 load:0x00000000
       13541000	      6670	80000796	01ff9423	sh	x31,8(x31)	 x31:0x8001a3dc x31:0x8001a3dc PA:0x8001a3e4 store:0x8001a3dc load:0x0000a3dc
       13583000	      6691	8000079a	c28b0503	lb	x10,-984(x22)	 x22:0x8001493d x10=0x00000066 PA:0x80014565 store:0xffffffce
       13633000	      6716	8000079e	017f9023	sh	x23,0(x31)	 x31:0x8001a3dc x23:0x00000063 PA:0x8001a3dc store:0x00000063 load:0x00000063
       13657000	      6728	800007a2	a55b5b83	lhu	x23,-1451(x22)	 x22:0x8001493d x23=0x00009091 PA:0x80014392 store:0x94959697
       13681000	      6740	800007a6	fd5f8a83	lb	x21,-43(x31)	 x31:0x8001a3dc x21=0xffffffb2 PA:0x8001a3b1 store:0x94959697
       13723000	      6761	800007aa	871b19a3	sh	x17,-1933(x22)	 x22:0x8001493d x17:0xffffffe0 PA:0x800141b0 store:0xffffffe0 load:0x0000ffe0
       13725000	      6762	800007ae	0001c217	auipc	x4,0x1c	  x4=0x8001c7ae
       13741000	      6770	800007b2	a4b20213	addi	x4,x4,-1461	  x4:0x8001c7ae  x4=0x8001c1f9
       13759000	      6779	800007b6	fc0fa903	lw	x18,-64(x31)	 x31:0x8001a3dc x18=0x9c9d9e9f PA:0x8001a39c store:0x00000000
       13773000	      6786	800007ba	002fd903	lhu	x18,2(x31)	 x31:0x8001a3dc x18=0x0000dcdd PA:0x8001a3de store:0x80018dc1
       13841000	      6820	800007be	024fab83	lw	x23,36(x31)	 x31:0x8001a3dc x23=0x00010203 PA:0x8001a400 store:0x8001c1f9
       13865000	      6832	800007c2	1e4b13a3	sh	x4,487(x22)	 x22:0x8001493d  x4:0x8001c1f9 PA:0x80014b24 store:0x8001c1f9 load:0x0000c1f9
       13911000	      6855	800007c6	fd921aa3	sh	x25,-43(x4)	  x4:0x8001c1f9 x25:0x00005859 PA:0x8001c1ce store:0x00005859 load:0x00005859
       13933000	      6866	800007ca	016f9c03	lh	x24,22(x31)	 x31:0x8001a3dc x24=0xfffff0f1 PA:0x8001a3f2 store:0x8001493d
       13937000	      6868	800007ce	fe6f9423	sh	x6,-24(x31)	 x31:0x8001a3dc  x6:0x00000000 PA:0x8001a3c4 store:0x00000000 load:0x00000000
       13949000	      6874	800007d2	f7d20023	sb	x29,-160(x4)	  x4:0x8001c1f9 x29:0x000000ad PA:0x8001c159 store:0x000000ad load:0x000000ad
       13967000	      6883	800007d6	fca24883	lbu	x17,-54(x4)	  x4:0x8001c1f9 x17=0x000000c0 PA:0x8001c1c3 store:0x00000066
       13971000	      6885	800007da	fedf8d23	sb	x13,-6(x31)	 x31:0x8001a3dc x13:0xffffffd0 PA:0x8001a3d6 store:0xffffffd0 load:0x000000d0
       14029000	      6914	800007de	fd420c03	lb	x24,-44(x4)	  x4:0x8001c1f9 x24=0xffffffce PA:0x8001c1cd store:0x0000babb
       14093000	      6946	800007e2	9bab03a3	sb	x26,-1625(x22)	 x22:0x8001493d x26:0x0000acca PA:0x800142e4 store:0x0000acca load:0x000000ca
       14145000	      6972	800007e6	515b4a03	lbu	x20,1301(x22)	 x22:0x8001493d x20=0x00000051 PA:0x80014e52 store:0xffffffb2
       14183000	      6991	800007ea	f6925e83	lhu	x29,-151(x4)	  x4:0x8001c1f9 x29=0x00006061 PA:0x8001c162 store:0x0000001c
       14223000	      7011	800007ee	f1b214a3	sh	x27,-247(x4)	  x4:0x8001c1f9 x27:0xffffff8c PA:0x8001c102 store:0xffffff8c load:0x0000ff8c
       14227000	      7013	800007f2	ff020a03	lb	x20,-16(x4)	  x4:0x8001c1f9 x20=0xffffffea PA:0x8001c1e9 store:0xffffff9f
       14259000	      7029	800007f6	00014697	auipc	x13,0x14	 x13=0x800147f6
       14261000	      7030	800007fa	f8e68693	addi	x13,x13,-114	 x13:0x800147f6 x13=0x80014784
       14281000	      7040	800007fe	0016cb03	lbu	x22,1(x13)	 x13:0x80014784 x22=0x00000086 PA:0x80014785 store:0x0000e0e1
       14321000	      7060	80000802	ff06a203	lw	x4,-16(x13)	 x13:0x80014784  x4=0x74757677 PA:0x80014774 store:0xffffff9f
       14323000	      7061	80000806	018d0eb3	add	x29,x26,x24	 x26:0x0000acca x24:0xffffffce x29=0x0000ac98
       14379000	      7089	8000080a	fef68aa3	sb	x15,-11(x13)	 x13:0x80014784 x15:0x000000ba PA:0x80014779 store:0x000000ba load:0x000000ba
       14403000	      7101	8000080e	0066cc03	lbu	x24,6(x13)	 x13:0x80014784 x24=0x00000089 PA:0x8001478a store:0x00000000
       14415000	      7107	80000812	ffb68803	lb	x16,-5(x13)	 x13:0x80014784 x16=0x0000007c PA:0x8001477f store:0xffffff8c
       14443000	      7121	80000816	0096c483	lbu	x9,9(x13)	 x13:0x80014784  x9=0x0000008e PA:0x8001478d store:0x0000001c
       14461000	      7130	8000081a	1afe8f93	addi	x31,x29,431	 x29:0x0000ac98 x31=0x0000ae47
       14483000	      7141	8000081e	f113e113	ori	x2,x7,-239	  x7:0x0000006e  x2=0xffffff7f
       14493000	      7146	80000822	ffa6db03	lhu	x22,-6(x13)	 x13:0x80014784 x22=0x00007c7d PA:0x8001477e store:0x0000acca
       14507000	      7153	80000826	0ff0000f	fence	iorwiorwiorwiorwiorw,iorwiorwiorwiorwiorwiorw	
       14559000	      7179	8000082a	0066da03	lhu	x20,6(x13)	 x13:0x80014784 x20=0x00008889 PA:0x8001478a store:0x00000000
       14593000	      7196	8000082e	00568d83	lb	x27,5(x13)	 x13:0x80014784 x27=0xffffff8a PA:0x80014789 store:0x80021e1c
       14595000	      7197	80000832	1b0c	c.addi4spn	x11,x2,432	 x11=0x0000012f
       14621000	      7210	80000834	0076a623	sw	x7,12(x13)	 x13:0x80014784  x7:0x0000006e PA:0x80014790 store:0x0000006e load:0x0000006e
       14623000	      7211	80000838	8c45	c.or	x8,x9	  x8:0xffffffce  x9:0x0000008e  x8=0xffffffce
       14681000	      7240	8000083a	ff66c883	lbu	x17,-10(x13)	 x13:0x80014784 x17=0x00000079 PA:0x8001477a store:0x00007c7d
       14705000	      7252	8000083e	fe8689a3	sb	x8,-13(x13)	 x13:0x80014784  x8:0xffffffce PA:0x80014777 store:0xffffffce load:0x000000ce
       14753000	      7276	80000842	007687a3	sb	x7,15(x13)	 x13:0x80014784  x7:0x0000006e PA:0x80014793 store:0x0000006e load:0x0000006e
       14777000	      7288	80000846	ff56c383	lbu	x7,-11(x13)	 x13:0x80014784  x7=0x000000ba PA:0x80014779 store:0xffffffb2
       14779000	      7289	8000084a	8251	c.srli	x12,0x14	 x12:0x00000000 x12=0x00000000
       14781000	      7290	8000084c	4562bf17	auipc	x30,0x4562b	 x30=0xc562b84c
       14845000	      7322	80000850	ffe6db83	lhu	x23,-2(x13)	 x13:0x80014784 x23=0x00008081 PA:0x80014782 store:0xc562b84c
       14891000	      7345	80000854	42c0	c.lw	x8,4(x13)	 x13:0x80014784  x8=0x88898a8b PA:0x80014788 store:0x74757677
       14965000	      7382	80000856	03bdd933	divu	x18,x27,x27	 x27:0xffffff8a x27:0xffffff8a x18=0x00000001
       14985000	      7392	8000085a	ff16cc83	lbu	x25,-15(x13)	 x13:0x80014784 x25=0x00000076 PA:0x80014775 store:0x00000079
       15005000	      7402	8000085e	00e69183	lh	x3,14(x13)	 x13:0x80014784  x3=0x00006e00 PA:0x80014792 store:0x00000063
       15087000	      7443	80000862	fed68ba3	sb	x13,-9(x13)	 x13:0x80014784 x13:0x80014784 PA:0x8001477b store:0x80014784 load:0x00000084
       15111000	      7455	80000866	00a6d203	lhu	x4,10(x13)	 x13:0x80014784  x4=0x00008c8d PA:0x8001478e store:0x00000066
       15113000	      7456	8000086a	989384b7	lui	x9,0x98938	  x9=0x98938000
       15133000	      7466	8000086e	40a38a33	sub	x20,x7,x10	  x7:0x000000ba x10:0x00000066 x20=0x00000054
       15139000	      7469	80000872	ff46aa23	sw	x20,-12(x13)	 x13:0x80014784 x20:0x00000054 PA:0x80014778 store:0x00000054 load:0x00000054
       15213000	      7506	80000876	ff66dc83	lhu	x25,-10(x13)	 x13:0x80014784 x25=0x00000000 PA:0x8001477a store:0x00007c7d
       15227000	      7513	8000087a	ff168603	lb	x12,-15(x13)	 x13:0x80014784 x12=0x00000076 PA:0x80014775 store:0x00000079
       15229000	      7514	8000087e	01556e33	or	x28,x10,x21	 x10:0x00000066 x21:0xffffffb2 x28=0xfffffff6
       15243000	      7521	80000882	007683a3	sb	x7,7(x13)	 x13:0x80014784  x7:0x000000ba PA:0x8001478b store:0x000000ba load:0x000000ba
       15257000	      7528	80000886	ff368603	lb	x12,-13(x13)	 x13:0x80014784 x12=0xffffffce PA:0x80014777 store:0x80025e7c
       15259000	      7529	8000088a	8639	c.srai	x12,0xe	 x12:0xffffffce x12=0xffffffff
       15261000	      7530	8000088c	8916	c.mv	x18,x5	  x0:0x00000000  x5:0x80021e1c x18=0x80021e1c
       15345000	      7572	8000088e	0066dd83	lhu	x27,6(x13)	 x13:0x80014784 x27=0x0000ba89 PA:0x8001478a store:0x00000000
       15377000	      7588	80000892	00f6c483	lbu	x9,15(x13)	 x13:0x80014784  x9=0x0000006e PA:0x80014793 store:0x000000ba
       15379000	      7589	80000896	00014b17	auipc	x22,0x14	 x22=0x80014896
       15381000	      7590	8000089a	cd6b0b13	addi	x22,x22,-810	 x22:0x80014896 x22=0x8001456c
       15409000	      7604	8000089e	fffb0603	lb	x12,-1(x22)	 x22:0x8001456c x12=0x00000068 PA:0x8001456b store:0x0000ae47
       15427000	      7613	800008a2	00014417	auipc	x8,0x14	  x8=0x800148a2
       15429000	      7614	800008a6	a1940413	addi	x8,x8,-1511	  x8:0x800148a2  x8=0x800142bb
       15453000	      7626	800008aa	fe2b5e83	lhu	x29,-30(x22)	 x22:0x8001456c x29=0x00004c4d PA:0x8001454e store:0xffffff7f
       15481000	      7640	800008ae	03fb0c03	lb	x24,63(x22)	 x22:0x8001456c x24=0xffffffa8 PA:0x800145ab store:0x0000ae47
       15505000	      7652	800008b2	03740583	lb	x11,55(x8)	  x8:0x800142bb x11=0xfffffff1 PA:0x800142f2 store:0x00008081
       15523000	      7661	800008b6	0ea44503	lbu	x10,234(x8)	  x8:0x800142bb x10=0x000000a6 PA:0x800143a5 store:0x00000066
       15539000	      7669	800008ba	01cb4a83	lbu	x21,28(x22)	 x22:0x8001456c x21=0x0000008b PA:0x80014588 store:0xfffffff6
       15555000	      7677	800008be	07c417a3	sh	x28,111(x8)	  x8:0x800142bb x28:0xfffffff6 PA:0x8001432a store:0xfffffff6 load:0x0000fff6
       15599000	      7699	800008c2	fc8b0ea3	sb	x8,-35(x22)	 x22:0x8001456c  x8:0x800142bb PA:0x80014549 store:0x800142bb load:0x000000bb
       15621000	      7710	800008c6	01b41ca3	sh	x27,25(x8)	  x8:0x800142bb x27:0x0000ba89 PA:0x800142d4 store:0x0000ba89 load:0x0000ba89
       15635000	      7717	800008ca	01cb1d83	lh	x27,28(x22)	 x22:0x8001456c x27=0xffff8a8b PA:0x80014588 store:0xfffffff6
       15699000	      7749	800008ce	fc2b0c83	lb	x25,-62(x22)	 x22:0x8001456c x25=0x0000002d PA:0x8001452e store:0xffffff7f
       15723000	      7761	800008d2	ffab5703	lhu	x14,-6(x22)	 x22:0x8001456c x14=0x00006465 PA:0x80014566 store:0x0000acca
       15739000	      7769	800008d6	03e409a3	sb	x30,51(x8)	  x8:0x800142bb x30:0xc562b84c PA:0x800142ee store:0xc562b84c load:0x0000004c
       15789000	      7794	800008da	0001a517	auipc	x10,0x1a	 x10=0x8001a8da
       15823000	      7811	800008de	79750513	addi	x10,x10,1943	 x10:0x8001a8da x10=0x8001b071
       15829000	      7814	800008e2	031f0b33	mul	x22,x30,x17	 x30:0xc562b84c x17:0x00000079 x22=0x4ba91bec
       15851000	      7825	800008e6	01d50e23	sb	x29,28(x10)	 x10:0x8001b071 x29:0x00004c4d PA:0x8001b08d store:0x00004c4d load:0x0000004d
       15875000	      7837	800008ea	fc151f83	lh	x31,-63(x10)	 x10:0x8001b071 x31=0x00003031 PA:0x8001b032 store:0x0000e0e1
       15887000	      7843	800008ee	117ff713	andi	x14,x31,279	 x31:0x00003031 x14=0x00000011
       15943000	      7871	800008f2	00752f83	lw	x31,7(x10)	 x10:0x8001b071 x31=0x78797a7b PA:0x8001b078 store:0x000000ba
       15945000	      7872	800008f6	40afdb13	srai	x22,x31,0xa	 x31:0x78797a7b x22=0x001e1e5e
       15947000	      7873	800008fa	019edb13	srli	x22,x29,0x19	 x29:0x00004c4d x22=0x00000000
       15957000	      7878	800008fe	010b5713	srli	x14,x22,0x10	 x22:0x00000000 x14=0x00000000
       15959000	      7879	80000902	0001	c.addi	x0,0	  x0:0x00000000  x0=0x00000000
       15991000	      7895	80000904	01150e83	lb	x29,17(x10)	 x10:0x8001b071 x29=0x00000073 PA:0x8001b082 store:0x00000079
       16031000	      7915	80000908	fee504a3	sb	x14,-23(x10)	 x10:0x8001b071 x14:0x00000000 PA:0x8001b05a store:0x00000000 load:0x00000000
       16033000	      7916	8000090c	0f3a	c.slli	x30,0xe	 x30:0xc562b84c x30=0xae130000
       16041000	      7920	8000090e	fca50b03	lb	x22,-54(x10)	 x10:0x8001b071 x22=0x00000038 PA:0x8001b03b store:0x8001b071
       16045000	      7922	80000912	01854f03	lbu	x30,24(x10)	 x10:0x8001b071 x30=0x0000008a PA:0x8001b089 store:0xffffffa8
       16047000	      7923	80000916	8b3a	c.mv	x22,x14	  x0:0x00000000 x14:0x00000000 x22=0x00000000
       16111000	      7955	80000918	fef54e83	lbu	x29,-17(x10)	 x10:0x8001b071 x29=0x00000063 PA:0x8001b060 store:0x000000ba
       16131000	      7965	8000091c	03e50323	sb	x30,38(x10)	 x10:0x8001b071 x30:0x0000008a PA:0x8001b097 store:0x0000008a load:0x0000008a
       16137000	      7968	80000920	03fe8eb3	mul	x29,x29,x31	 x29:0x00000063 x31:0x78797a7b x29=0x96fa5d91
       16209000	      8004	80000924	fff527a3	sw	x31,-17(x10)	 x10:0x8001b071 x31:0x78797a7b PA:0x8001b060 store:0x78797a7b load:0x78797a7b
       16211000	      8005	80000928	9efe	c.add	x29,x31	 x29:0x96fa5d91 x31:0x78797a7b x29=0x0f73d80c
       16275000	      8037	8000092a	02650f03	lb	x30,38(x10)	 x10:0x8001b071 x30=0xffffff8a PA:0x8001b097 store:0x00000000
       16277000	      8038	8000092e	0ff0000f	fence	iorwiorwiorwiorwiorwiorwiorw,iorwiorwiorwiorwiorwiorwiorwiorw	
       16329000	      8064	80000932	03689f33	mulh	x30,x17,x22	 x17:0x00000079 x22:0x00000000 x30=0x00000000
       16331000	      8065	80000936	01eb6f33	or	x30,x22,x30	 x22:0x00000000 x30:0x00000000 x30=0x00000000
       16343000	      8071	8000093a	e43b2b13	slti	x22,x22,-445	 x22:0x00000000 x22=0x00000000
       16447000	      8123	8000093e	00f54b03	lbu	x22,15(x10)	 x10:0x8001b071 x22=0x00000083 PA:0x8001b080 store:0x000000ba
       16465000	      8132	80000942	ff250b03	lb	x22,-14(x10)	 x10:0x8001b071 x22=0x00000078 PA:0x8001b063 store:0x80021e1c
       16527000	      8163	80000946	fc554f03	lbu	x30,-59(x10)	 x10:0x8001b071 x30=0x00000035 PA:0x8001b036 store:0x80021e1c
       16547000	      8173	8000094a	01550f03	lb	x30,21(x10)	 x10:0x8001b071 x30=0xffffff85 PA:0x8001b086 store:0x0000008b
       16549000	      8174	8000094e	8b7e	c.mv	x22,x31	  x0:0x00000000 x31:0x78797a7b x22=0x78797a7b
       16597000	      8198	80000950	02150e83	lb	x29,33(x10)	 x10:0x8001b071 x29=0xffffff91 PA:0x8001b092 store:0x0000e0e1
       16607000	      8203	80000954	fdc54f03	lbu	x30,-36(x10)	 x10:0x8001b071 x30=0x0000004e PA:0x8001b04d store:0xfffffff6
       16609000	      8204	80000958	41ef5f33	sra	x30,x30,x30	 x30:0x0000004e x30:0x0000004e x30=0x00000000
       16663000	      8231	8000095c	fd054e83	lbu	x29,-48(x10)	 x10:0x8001b071 x29=0x00000042 PA:0x8001b041 store:0x0000007c
       16665000	      8232	80000960	ff600713	addi	x14,x0,-10	  x0:0x00000000 x14=0xfffffff6
       16667000	      8233	80000964	fec00793	addi	x15,x0,-20	  x0:0x00000000 x15=0xffffffec
       16741000	      8270	80000968	02f36cb3	rem	x25,x6,x15	  x6:0x00000000 x15:0xffffffec x25=0x00000000
       16743000	      8271	8000096c	1759	c.addi	x14,-10	 x14:0xfffffff6 x14=0xffffffec
       16745000	      8272	8000096e	ffb00f13	addi	x30,x0,-5	  x0:0x00000000 x30=0xfffffffb
       16747000	      8273	80000972	00b00d93	addi	x27,x0,11	  x0:0x00000000 x27=0x0000000b
       16749000	      8274	80000976	93d2	c.add	x7,x20	  x7:0x000000ba x20:0x00000054  x7=0x0000010e
       16765000	      8282	80000978	0f15	c.addi	x30,5	 x30:0xfffffffb x30=0x00000000
       16803000	      8301	8000097a	ffbf6ee3	bltu	x30,x27,80000976	 x30:0x00000000 x27:0x0000000b  x0=0x00000000
       16847000	      8323	80000976	93d2	c.add	x7,x20	  x7:0x0000010e x20:0x00000054  x7=0x00000162
       16851000	      8325	80000978	0f15	c.addi	x30,5	 x30:0x00000000 x30=0x00000005
       16855000	      8327	8000097a	ffbf6ee3	bltu	x30,x27,80000976	 x30:0x00000005 x27:0x0000000b  x0=0x00000000
       16919000	      8359	80000976	93d2	c.add	x7,x20	  x7:0x00000162 x20:0x00000054  x7=0x000001b6
       16949000	      8374	80000978	0f15	c.addi	x30,5	 x30:0x00000005 x30=0x0000000a
       16971000	      8385	8000097a	ffbf6ee3	bltu	x30,x27,80000976	 x30:0x0000000a x27:0x0000000b  x0=0x00000000
       17015000	      8407	80000976	93d2	c.add	x7,x20	  x7:0x000001b6 x20:0x00000054  x7=0x0000020a
       17017000	      8408	80000978	0f15	c.addi	x30,5	 x30:0x0000000a x30=0x0000000f
       17059000	      8429	8000097a	ffbf6ee3	bltu	x30,x27,80000976	 x30:0x0000000f x27:0x0000000b  x0=0x00000000
       17065000	      8432	8000097e	fef705e3	beq	x14,x15,80000968	 x14:0xffffffec x15:0xffffffec  x0=0x00000000
       17201000	      8500	80000968	02f36cb3	rem	x25,x6,x15	  x6:0x00000000 x15:0xffffffec x25=0x00000000
       17203000	      8501	8000096c	1759	c.addi	x14,-10	 x14:0xffffffec x14=0xffffffe2
       17205000	      8502	8000096e	ffb00f13	addi	x30,x0,-5	  x0:0x00000000 x30=0xfffffffb
       17207000	      8503	80000972	00b00d93	addi	x27,x0,11	  x0:0x00000000 x27=0x0000000b
       17209000	      8504	80000976	93d2	c.add	x7,x20	  x7:0x0000020a x20:0x00000054  x7=0x0000025e
       17257000	      8528	80000978	0f15	c.addi	x30,5	 x30:0xfffffffb x30=0x00000000
       17261000	      8530	8000097a	ffbf6ee3	bltu	x30,x27,80000976	 x30:0x00000000 x27:0x0000000b  x0=0x00000000
       17275000	      8537	80000976	93d2	c.add	x7,x20	  x7:0x0000025e x20:0x00000054  x7=0x000002b2
       17297000	      8548	80000978	0f15	c.addi	x30,5	 x30:0x00000000 x30=0x00000005
       17345000	      8572	8000097a	ffbf6ee3	bltu	x30,x27,80000976	 x30:0x00000005 x27:0x0000000b  x0=0x00000000
       17395000	      8597	80000976	93d2	c.add	x7,x20	  x7:0x000002b2 x20:0x00000054  x7=0x00000306
       17411000	      8605	80000978	0f15	c.addi	x30,5	 x30:0x00000005 x30=0x0000000a
       17415000	      8607	8000097a	ffbf6ee3	bltu	x30,x27,80000976	 x30:0x0000000a x27:0x0000000b  x0=0x00000000
       17445000	      8622	80000976	93d2	c.add	x7,x20	  x7:0x00000306 x20:0x00000054  x7=0x0000035a
       17449000	      8624	80000978	0f15	c.addi	x30,5	 x30:0x0000000a x30=0x0000000f
       17495000	      8647	8000097a	ffbf6ee3	bltu	x30,x27,80000976	 x30:0x0000000f x27:0x0000000b  x0=0x00000000
       17515000	      8657	8000097e	fef705e3	beq	x14,x15,80000968	 x14:0xffffffe2 x15:0xffffffec  x0=0x00000000
       17523000	      8661	80000982	02273ab3	mulhu	x21,x14,x2	 x14:0xffffffe2  x2:0xffffff7f x21=0xffffff61
       17629000	      8714	80000986	02fd5f33	divu	x30,x26,x15	 x26:0x0000acca x15:0xffffffec x30=0x00000000
       17631000	      8715	8000098a	00539bb3	sll	x23,x7,x5	  x7:0x0000035a  x5:0x80021e1c x23=0xa0000000
       17633000	      8716	8000098e	40955b33	sra	x22,x10,x9	 x10:0x8001b071  x9:0x0000006e x22=0xfffe0006
       17657000	      8728	80000992	41ebdbb3	sra	x23,x23,x30	 x23:0xa0000000 x30:0x00000000 x23=0xa0000000
       17681000	      8740	80000996	418b5193	srai	x3,x22,0x18	 x22:0xfffe0006  x3=0xffffffff
       17683000	      8741	8000099a	9bfd	c.andi	x15,-1	 x15:0xffffffec x15=0xffffffec
       17685000	      8742	8000099c	4b09	c.li	x22,2	 x22=0x00000002
       17687000	      8743	8000099e	0021cd33	xor	x26,x3,x2	  x3:0xffffffff  x2:0xffffff7f x26=0x00000080
       17707000	      8753	800009a2	324f3213	sltiu	x4,x30,804	 x30:0x00000000  x4=0x00000001
       17723000	      8761	800009a6	016af663	bgeu	x21,x22,800009b2	 x21:0xffffff61 x22:0x00000002  x0=0x00000000
       17793000	      8796	800009b2	0ff0000f	fence	iorwiorwiorwiorwiorwiorwiorwiorwiorw,iorwiorwiorwiorwiorwiorwiorwiorwiorwiorw	
       17837000	      8818	800009b6	02d11833	mulh	x16,x2,x13	  x2:0xffffff7f x13:0x80014784 x16=0x00000040
       17839000	      8819	800009ba	c481	c.beqz	x9,800009c2	  x9:0x0000006e
       17841000	      8820	800009bc	03d08163	beq	x1,x29,800009de	  x1:0x0000e0e1 x29:0x00000042  x0=0x00000000
       17889000	      8844	800009c0	0001	c.addi	x0,0	  x0:0x00000000  x0=0x00000000
       17907000	      8853	800009c2	00b2a533	slt	x10,x5,x11	  x5:0x80021e1c x11:0xfffffff1 x10=0x00000001
       17925000	      8862	800009c6	022993b3	mulh	x7,x19,x2	 x19:0x80025e7c  x2:0xffffff7f  x7=0x00000040
       17945000	      8872	800009ca	0191adb3	slt	x27,x3,x25	  x3:0xffffffff x25:0x00000000 x27=0x00000001
       17947000	      8873	800009ce	0001	c.addi	x0,0	  x0:0x00000000  x0=0x00000000
       17955000	      8877	800009d0	02871833	mulh	x16,x14,x8	 x14:0xffffffe2  x8:0x800142bb x16=0x0000000e
       17957000	      8878	800009d4	361f8013	addi	x0,x31,865	 x31:0x78797a7b  x0=0x00000000
       18047000	      8923	800009d8	030145b3	div	x11,x2,x16	  x2:0xffffff7f x16:0x0000000e x11=0xfffffff7
       18049000	      8924	800009dc	517d	c.li	x2,-1	  x2=0xffffffff
       18123000	      8961	800009de	03d54cb3	div	x25,x10,x29	 x10:0x00000001 x29:0x00000042 x25=0x00000000
       18127000	      8963	800009e2	03d91063	bne	x18,x29,80000a02	 x18:0x80021e1c x29:0x00000042  x0=0x00000000
       18185000	      8992	80000a02	e072be13	sltiu	x28,x5,-505	  x5:0x80021e1c x28=0x00000001
       18187000	      8993	80000a06	85bd	c.srai	x11,0xf	 x11:0xfffffff7 x11=0xffffffff
       18191000	      8995	80000a08	6a5d	c.lui	x20,0x17	 x20=0x00017000
       18193000	      8996	80000a0a	82a9	c.srli	x13,0xa	 x13:0x80014784 x13=0x00200051
       18211000	      9005	80000a0c	01bcf733	and	x14,x25,x27	 x25:0x00000000 x27:0x00000001 x14=0x00000000
       18213000	      9006	80000a10	36dcec13	ori	x24,x25,877	 x25:0x00000000 x24=0x0000036d
       18235000	      9017	80000a14	8fd1	c.or	x15,x12	 x15:0xffffffec x12:0x00000068 x15=0xffffffec
       18255000	      9027	80000a16	00879513	slli	x10,x15,0x8	 x15:0xffffffec x10=0xffffec00
       18349000	      9074	80000a1a	038bfab3	remu	x21,x23,x24	 x23:0xa0000000 x24:0x0000036d x21=0x000001ff
       18357000	      9078	80000a1e	03dbac33	mulhsu	x24,x23,x29	 x23:0xa0000000 x29:0x00000042 x24=0xffffffe7
       18359000	      9079	80000a22	e52a8193	addi	x3,x21,-430	 x21:0x000001ff  x3=0x00000051
       18361000	      9080	80000a26	cd19	c.beqz	x10,80000a44	 x10:0xffffec00
       18409000	      9104	80000a28	0152	c.slli	x2,0x14	  x2:0xffffffff  x2=0xfff00000
       18489000	      9144	80000a2a	02867233	remu	x4,x12,x8	 x12:0x00000068  x8:0x800142bb  x4=0x00000068
       18491000	      9145	80000a2e	414f5193	srai	x3,x30,0x14	 x30:0x00000000  x3=0x00000000
       18493000	      9146	80000a32	01dbcdb3	xor	x27,x23,x29	 x23:0xa0000000 x29:0x00000042 x27=0xa0000042
       18505000	      9152	80000a36	04baf163	bgeu	x21,x11,80000a78	 x21:0x000001ff x11:0xffffffff  x0=0x00000000
       18507000	      9153	80000a3a	9002	c.ebreak	
       18531000	      9165	80000a3c	0001	c.addi	x0,0	  x0:0x00000000  x0=0x00000000
       18533000	      9166	80000a3e	979e	c.add	x15,x7	 x15:0xffffffec  x7:0x00000040 x15=0x0000002c
       18549000	      9174	80000a40	da600113	addi	x2,x0,-602	  x0:0x00000000  x2=0xfffffda6
       18551000	      9175	80000a44	8db5	c.xor	x11,x13	 x11:0xffffffff x13:0x00200051 x11=0xffdfffae
       18553000	      9176	80000a46	57fd	c.li	x15,-1	 x15=0xffffffff
       18561000	      9180	80000a48	5b7d	c.li	x22,-1	 x22=0xffffffff
       18599000	      9199	80000a4a	0ff0000f	fence	iorwiorwiorwiorwiorwiorwiorwiorwiorwiorwiorw,iorwiorwiorwiorwiorwiorwiorwiorwiorwiorwiorwiorw	
       18601000	      9200	80000a4e	8db9	c.xor	x11,x14	 x11:0xffdfffae x14:0x00000000 x11=0xffdfffae
       18607000	      9203	80000a50	108c7913	andi	x18,x24,264	 x24:0xffffffe7 x18=0x00000100
       18689000	      9244	80000a54	02807833	remu	x16,x0,x8	  x0:0x00000000  x8:0x800142bb x16=0x00000000
       18763000	      9281	80000a58	021cc433	div	x8,x25,x1	 x25:0x00000000  x1:0x0000e0e1  x8=0x00000000
       18765000	      9282	80000a5c	014daab3	slt	x21,x27,x20	 x27:0xa0000042 x20:0x00017000 x21=0x00000001
       18767000	      9283	80000a60	01f68a33	add	x20,x13,x31	 x13:0x00200051 x31:0x78797a7b x20=0x78997acc
       18799000	      9299	80000a64	03851233	mulh	x4,x10,x24	 x10:0xffffec00 x24:0xffffffe7  x4=0x00000000
       18873000	      9336	80000a68	02d2c3b3	div	x7,x5,x13	  x5:0x80021e1c x13:0x00200051  x7=0xfffffc01
       18875000	      9337	80000a6c	01e44f33	xor	x30,x8,x30	  x8:0x00000000 x30:0x00000000 x30=0x00000000
       18877000	      9338	80000a70	03764263	blt	x12,x23,80000a94	 x12:0x00000068 x23:0xa0000000  x0=0x00000000
       18879000	      9339	80000a74	05da6213	ori	x4,x20,93	 x20:0x78997acc  x4=0x78997add
       18899000	      9349	80000a78	401cdf13	srai	x30,x25,0x1	 x25:0x00000000 x30=0x00000000
       18961000	      9380	80000a7c	d8cdb213	sltiu	x4,x27,-628	 x27:0xa0000042  x4=0x00000001
       18963000	      9381	80000a80	d62a7613	andi	x12,x20,-670	 x20:0x78997acc x12=0x78997840
       18981000	      9390	80000a84	0284fc33	remu	x24,x9,x8	  x9:0x0000006e  x8:0x00000000 x24=0x0000006e
       18983000	      9391	80000a88	2ae58f13	addi	x30,x11,686	 x11:0xffdfffae x30=0xffe0025c
       18989000	      9394	80000a8c	00293cb3	sltu	x25,x18,x2	 x18:0x00000100  x2:0xfffffda6 x25=0x00000001
       19001000	      9400	80000a90	dd824693	xori	x13,x4,-552	  x4:0x00000001 x13=0xfffffdd9
       19003000	      9401	80000a94	017bafb3	slt	x31,x23,x23	 x23:0xa0000000 x23:0xa0000000 x31=0x00000000
       19025000	      9412	80000a98	0001	c.addi	x0,0	  x0:0x00000000  x0=0x00000000
       19027000	      9413	80000a9a	6aa5	c.lui	x21,0x9	 x21=0x00009000
       19047000	      9423	80000a9c	6135	c.addi16sp	x2,352	  x2:0xfffffda6  x2=0xffffff06
       19055000	      9427	80000a9e	037928b3	mulhsu	x17,x18,x23	 x18:0x00000100 x23:0xa0000000 x17=0x000000a0
       19057000	      9428	80000aa2	8ce9	c.and	x9,x10	  x9:0x0000006e x10:0xffffec00  x9=0x00000000
       19059000	      9429	80000aa4	00100073	ebreak	
       19061000	      9430	80000aa8	00c097b3	sll	x15,x1,x12	  x1:0x0000e0e1 x12:0x78997840 x15=0x0000e0e1
       19093000	      9446	80000aac	678d	c.lui	x15,0x3	 x15=0x00003000
       19095000	      9447	80000aae	8f05	c.sub	x14,x9	 x14:0x00000000  x9:0x00000000 x14=0x00000000
       19097000	      9448	80000ab0	0784	c.addi4spn	x9,x2,960	  x9=0x000002c6
       19099000	      9449	80000ab2	865e	c.mv	x12,x23	  x0:0x00000000 x23:0xa0000000 x12=0xa0000000
       19157000	      9478	80000ab4	00b030b3	sltu	x1,x0,x11	  x0:0x00000000 x11:0xffdfffae  x1=0x00000001
       19159000	      9479	80000ab8	01855393	srli	x7,x10,0x18	 x10:0xffffec00  x7=0x000000ff
       19219000	      9509	80000abc	d6f54f17	auipc	x30,0xd6f54	 x30=0x56f54abc
       19221000	      9510	80000ac0	e4986a93	ori	x21,x16,-439	 x16:0x00000000 x21=0xfffffe49
       19249000	      9524	80000ac4	01cfde33	srl	x28,x31,x28	 x31:0x00000000 x28:0x00000001 x28=0x00000000
       19273000	      9536	80000ac8	4595	c.li	x11,5	 x11=0x00000005
       19371000	      9585	80000aca	03bde733	rem	x14,x27,x27	 x27:0xa0000042 x27:0xa0000042 x14=0x00000000
       19445000	      9622	80000ace	02b7d3b3	divu	x7,x15,x11	 x15:0x00003000 x11:0x00000005  x7=0x00000999
       19453000	      9626	80000ad2	03619133	mulh	x2,x3,x22	  x3:0x00000000 x22:0xffffffff  x2=0x00000000
       19543000	      9671	80000ad6	025efc33	remu	x24,x29,x5	 x29:0x00000042  x5:0x80021e1c x24=0x00000042
       19545000	      9672	80000ada	03f76663	bltu	x14,x31,80000b06	 x14:0x00000000 x31:0x00000000  x0=0x00000000
       19547000	      9673	80000ade	e966ae13	slti	x28,x13,-362	 x13:0xfffffdd9 x28=0x00000001
       19597000	      9698	80000ae2	403954b3	sra	x9,x18,x3	 x18:0x00000100  x3:0x00000000  x9=0x00000100
       19599000	      9699	80000ae6	8cf5	c.and	x9,x13	  x9:0x00000100 x13:0xfffffdd9  x9=0x00000100
       19601000	      9700	80000ae8	6f55	c.lui	x30,0x15	 x30=0x00015000
       19603000	      9701	80000aea	c491	c.beqz	x9,80000af6	  x9:0x00000100
       19605000	      9702	80000aec	01d56ab3	or	x21,x10,x29	 x10:0xffffec00 x29:0x00000042 x21=0xffffec42
       19623000	      9711	80000af0	4a75	c.li	x20,29	 x20=0x0000001d
       19653000	      9726	80000af2	00ffe1b3	or	x3,x31,x15	 x31:0x00000000 x15:0x00003000  x3=0x00003000
       19663000	      9731	80000af6	4180d7b3	sra	x15,x1,x24	  x1:0x00000001 x24:0x00000042 x15=0x00000000
       19665000	      9732	80000afa	0001	c.addi	x0,0	  x0:0x00000000  x0=0x00000000
       19671000	      9735	80000afc	41345193	srai	x3,x8,0x13	  x8:0x00000000  x3=0x00000000
       19677000	      9738	80000b00	40290bb3	sub	x23,x18,x2	 x18:0x00000100  x2:0x00000000 x23=0x00000100
       19681000	      9740	80000b04	8d49	c.or	x10,x10	 x10:0xffffec00 x10:0xffffec00 x10=0xffffec00
       19683000	      9741	80000b06	1f14	c.addi4spn	x13,x2,944	 x13=0x000003b0
       19693000	      9746	80000b08	41105a13	srai	x20,x0,0x11	  x0:0x00000000 x20=0x00000000
       19719000	      9759	80000b0c	1dce2093	slti	x1,x28,476	 x28:0x00000001  x1=0x00000001
       19735000	      9767	80000b10	984e	c.add	x16,x19	 x16:0x00000000 x19:0x80025e7c x16=0x80025e7c
       19737000	      9768	80000b12	7b983bb7	lui	x23,0x7b983	 x23=0x7b983000
       19739000	      9769	80000b16	6119	c.addi16sp	x2,384	  x2:0x00000000  x2=0x00000180
       19741000	      9770	80000b18	9a8e	c.add	x21,x3	 x21:0xffffec42  x3:0x00000000 x21=0xffffec42
       19787000	      9793	80000b1a	406a8a33	sub	x20,x21,x6	 x21:0xffffec42  x6:0x00000000 x20=0xffffec42
       19789000	      9794	80000b1e	8e95	c.sub	x13,x13	 x13:0x000003b0 x13:0x000003b0 x13=0x00000000
       19791000	      9795	80000b20	8f71	c.and	x14,x12	 x14:0x00000000 x12:0xa0000000 x14=0x00000000
       19813000	      9806	80000b22	034b20b3	mulhsu	x1,x22,x20	 x22:0xffffffff x20:0xffffec42  x1=0xffffffff
       19815000	      9807	80000b26	81d1	c.srli	x11,0x14	 x11:0x00000005 x11=0x00000000
       19833000	      9816	80000b28	02662bb3	mulhsu	x23,x12,x6	 x12:0xa0000000  x6:0x00000000 x23=0x00000000
       19875000	      9837	80000b2c	03de3833	mulhu	x16,x28,x29	 x28:0x00000001 x29:0x00000042 x16=0x00000000
       19895000	      9847	80000b30	41895913	srai	x18,x18,0x18	 x18:0x00000100 x18=0x00000000
       19897000	      9848	80000b34	0001	c.addi	x0,0	  x0:0x00000000  x0=0x00000000
       19953000	      9876	80000b36	01eaef33	or	x30,x21,x30	 x21:0xffffec42 x30:0x00015000 x30=0xfffffc42
       19955000	      9877	80000b3a	8bbd	c.andi	x15,15	 x15:0x00000000 x15=0x00000000
       19957000	      9878	80000b3c	6ccd	c.lui	x25,0x13	 x25=0x00013000
       19959000	      9879	80000b3e	00100073	ebreak	
       19963000	      9881	80000b42	03f77ab3	remu	x21,x14,x31	 x14:0x00000000 x31:0x00000000 x21=0x00000000
       19965000	      9882	80000b46	8d35	c.xor	x10,x13	 x10:0xffffec00 x13:0x00000000 x10=0xffffec00
       20019000	      9909	80000b48	039b36b3	mulhu	x13,x22,x25	 x22:0xffffffff x25:0x00013000 x13=0x00012fff
       20021000	      9910	80000b4c	390c0c13	addi	x24,x24,912	 x24:0x00000042 x24=0x000003d2
       20063000	      9931	80000b50	00b648b3	xor	x17,x12,x11	 x12:0xa0000000 x11:0x00000000 x17=0xa0000000
       20105000	      9952	80000b54	0001	c.addi	x0,0	  x0:0x00000000  x0=0x00000000
       20107000	      9953	80000b56	00440463	beq	x8,x4,80000b5e	  x8:0x00000000  x4:0x00000001  x0=0x00000000
       20147000	      9973	80000b5a	01e0fe63	bgeu	x1,x30,80000b76	  x1:0xffffffff x30:0xfffffc42  x0=0x00000000
       20199000	      9999	80000b76	022b24b3	mulhsu	x9,x22,x2	 x22:0xffffffff  x2:0x00000180  x9=0xffffffff
       20201000	     10000	80000b7a	9002	c.ebreak	
       20217000	     10008	80000b7c	0001	c.addi	x0,0	  x0:0x00000000  x0=0x00000000
       20239000	     10019	80000b7e	015ca0b3	slt	x1,x25,x21	 x25:0x00013000 x21:0x00000000  x1=0x00000000
       20255000	     10027	80000b82	02e8d133	divu	x2,x17,x14	 x17:0xa0000000 x14:0x00000000  x2=0xffffffff
       20257000	     10028	80000b86	11fd	c.addi	x3,-1	  x3:0x00000000  x3=0xffffffff
       20287000	     10043	80000b88	80aa	c.mv	x1,x10	  x0:0x00000000 x10:0xffffec00  x1=0xffffec00
       20293000	     10046	80000b8a	0375fd63	bgeu	x11,x23,80000bc4	 x11:0x00000000 x23:0x00000000  x0=0x00000000
       20331000	     10065	80000bc4	ee793013	sltiu	x0,x18,-281	 x18:0x00000000  x0=0x00000000
       20335000	     10067	80000bc8	04535663	bge	x6,x5,80000c14	  x6:0x00000000  x5:0x80021e1c  x0=0x00000000
       20355000	     10077	80000c14	e519	c.bnez	x10,80000c22	 x10:0xffffec00
       20431000	     10115	80000c22	9002	c.ebreak	
       20479000	     10139	80000c24	0001	c.addi	x0,0	  x0:0x00000000  x0=0x00000000
       20515000	     10157	80000c26	00e39d93	slli	x27,x7,0xe	  x7:0x00000999 x27=0x02664000
       20517000	     10158	80000c2a	54fd	c.li	x9,-1	  x9=0xffffffff
       20591000	     10195	80000c2c	02abe533	rem	x10,x23,x10	 x23:0x00000000 x10:0xffffec00 x10=0x00000000
       20593000	     10196	80000c30	00b5c1b3	xor	x3,x11,x11	 x11:0x00000000 x11:0x00000000  x3=0x00000000
       20595000	     10197	80000c34	9002	c.ebreak	
       20597000	     10198	80000c36	0001	c.addi	x0,0	  x0:0x00000000  x0=0x00000000
       20599000	     10199	80000c38	6141	c.addi16sp	x2,16	  x2:0xffffffff  x2=0x0000000f
       20611000	     10205	80000c3a	0059d713	srli	x14,x19,0x5	 x19:0x80025e7c x14=0x040012f3
       20613000	     10206	80000c3e	8b85	c.andi	x15,1	 x15:0x00000000 x15=0x00000000
       20651000	     10225	80000c40	6c71	c.lui	x24,0x1c	 x24=0x0001c000
       20663000	     10231	80000c42	008ad263	bge	x21,x8,80000c46	 x21:0x00000000  x8:0x00000000  x0=0x00000000
       20699000	     10249	80000c46	008ac3b3	xor	x7,x21,x8	 x21:0x00000000  x8:0x00000000  x7=0x00000000
       20713000	     10256	80000c4a	00100073	ebreak	
       20757000	     10278	80000c4e	05721163	bne	x4,x23,80000c90	  x4:0x00000001 x23:0x00000000  x0=0x00000000
       20837000	     10318	80000c90	01ef9913	slli	x18,x31,0x1e	 x31:0x00000000 x18=0x00000000
       20839000	     10319	80000c94	3372c393	xori	x7,x5,823	  x5:0x80021e1c  x7=0x80021d2b
       20861000	     10330	80000c98	1328ad93	slti	x27,x17,306	 x17:0xa0000000 x27=0x00000001
       20883000	     10341	80000c9c	0160a433	slt	x8,x1,x22	  x1:0xffffec00 x22:0xffffffff  x8=0x00000001
       20911000	     10355	80000ca0	0255bc33	mulhu	x24,x11,x5	 x11:0x00000000  x5:0x80021e1c x24=0x00000000
       20929000	     10364	80000ca4	ee11	c.bnez	x12,80000cc0	 x12:0xa0000000
       20951000	     10375	80000cc0	40d68e33	sub	x28,x13,x13	 x13:0x00012fff x13:0x00012fff x28=0x00000000
       20973000	     10386	80000cc4	02f94163	blt	x18,x15,80000ce6	 x18:0x00000000 x15:0x00000000  x0=0x00000000
       20997000	     10398	80000cc8	02451d33	mulh	x26,x10,x4	 x10:0x00000000  x4:0x00000001 x26=0x00000000
       21013000	     10406	80000ccc	40498bb3	sub	x23,x19,x4	 x19:0x80025e7c  x4:0x00000001 x23=0x80025e7b
       21047000	     10423	80000cd0	0452e013	ori	x0,x5,69	  x5:0x80021e1c  x0=0x00000000
       21049000	     10424	80000cd4	717d	c.addi16sp	x2,-16	  x2:0x0000000f  x2=0xffffffff
       21051000	     10425	80000cd6	8d09	c.sub	x10,x10	 x10:0x00000000 x10:0x00000000 x10=0x00000000
       21087000	     10443	80000cd8	61bd	c.lui	x3,0xf	  x3=0x0000f000
       21089000	     10444	80000cda	0ede	c.slli	x29,0x17	 x29:0x00000042 x29=0x21000000
       21091000	     10445	80000cdc	0001	c.addi	x0,0	  x0:0x00000000  x0=0x00000000
       21139000	     10469	80000cde	020bb4b3	mulhu	x9,x23,x0	 x23:0x80025e7b  x0:0x00000000  x9=0x00000000
       21149000	     10474	80000ce2	016caa33	slt	x20,x25,x22	 x25:0x00013000 x22:0xffffffff x20=0x00000000
       21151000	     10475	80000ce6	c748c813	xori	x16,x17,-908	 x17:0xa0000000 x16=0x5ffffc74
       21153000	     10476	80000cea	8075	c.srli	x8,0x1d	  x8:0x00000001  x8=0x00000000
       21195000	     10497	80000cec	9002	c.ebreak	
       21197000	     10498	80000cee	0001	c.addi	x0,0	  x0:0x00000000  x0=0x00000000
       21199000	     10499	80000cf0	04c54163	blt	x10,x12,80000d32	 x10:0x00000000 x12:0xa0000000  x0=0x00000000
       21239000	     10519	80000cf4	8925	c.andi	x10,9	 x10:0x00000000 x10=0x00000000
       21243000	     10521	80000cf6	0260f033	remu	x0,x1,x6	  x1:0xffffec00  x6:0x00000000  x0=0x00000000
       21245000	     10522	80000cfa	8575	c.srai	x10,0x1d	 x10:0x00000000 x10=0x00000000
       21251000	     10525	80000cfc	0345c3b3	div	x7,x11,x20	 x11:0x00000000 x20:0x00000000  x7=0xffffffff
       21271000	     10535	80000d00	00c3b133	sltu	x2,x7,x12	  x7:0xffffffff x12:0xa0000000  x2=0x00000000
       21329000	     10564	80000d04	02731763	bne	x6,x7,80000d32	  x6:0x00000000  x7:0xffffffff  x0=0x00000000
       21389000	     10594	80000d32	0001	c.addi	x0,0	  x0:0x00000000  x0=0x00000000
       21395000	     10597	80000d34	02480a93	addi	x21,x16,36	 x16:0x5ffffc74 x21=0x5ffffc98
       21399000	     10599	80000d38	e605	c.bnez	x12,80000d60	 x12:0xa0000000
       21423000	     10611	80000d60	967e	c.add	x12,x31	 x12:0xa0000000 x31:0x00000000 x12=0xa0000000
       21447000	     10623	80000d62	e6f72093	slti	x1,x14,-401	 x14:0x040012f3  x1=0x00000000
       21449000	     10624	80000d66	9732	c.add	x14,x12	 x14:0x040012f3 x12:0xa0000000 x14=0xa40012f3
       21451000	     10625	80000d68	00b26563	bltu	x4,x11,80000d72	  x4:0x00000001 x11:0x00000000  x0=0x00000000
       21477000	     10638	80000d6c	8fb9	c.xor	x15,x14	 x15:0x00000000 x14:0xa40012f3 x15=0xa40012f3
       21509000	     10654	80000d6e	033b2d33	mulhsu	x26,x22,x19	 x22:0xffffffff x19:0x80025e7c x26=0xffffffff
       21511000	     10655	80000d72	8f09	c.sub	x14,x10	 x14:0xa40012f3 x10:0x00000000 x14=0xa40012f3
       21513000	     10656	80000d74	036fcd63	blt	x31,x22,80000dae	 x31:0x00000000 x22:0xffffffff  x0=0x00000000
       21515000	     10657	80000d78	81a1	c.srli	x11,0x8	 x11:0x00000000 x11=0x00000000
       21517000	     10658	80000d7a	90e6	c.add	x1,x25	  x1:0x00000000 x25:0x00013000  x1=0x00013000
       21519000	     10659	80000d7c	8e92	c.mv	x29,x4	  x0:0x00000000  x4:0x00000001 x29=0x00000001
       21537000	     10668	80000d7e	0ff0000f	fence	iorwiorwiorwiorwiorwiorwiorwiorwiorwiorwiorwiorwiorw,iorwiorwiorwiorwiorwiorwiorwiorwiorwiorwiorwiorwiorwiorw	
       21539000	     10669	80000d82	8d01	c.sub	x10,x8	 x10:0x00000000  x8:0x00000000 x10=0x00000000
       21555000	     10677	80000d84	0000ed17	auipc	x26,0xe	 x26=0x8000ed84
       21565000	     10682	80000d88	2bed0d13	addi	x26,x26,702	 x26:0x8000ed84 x26=0x8000f042
       21619000	     10709	80000d8c	8fe9	c.and	x15,x10	 x15:0xa40012f3 x10:0x00000000 x15=0x00000000
       21621000	     10710	80000d8e	011096b3	sll	x13,x1,x17	  x1:0x00013000 x17:0xa0000000 x13=0x00013000
       21647000	     10723	80000d92	e37fe797	auipc	x15,0xe37fe	 x15=0x637fed92
       21665000	     10732	80000d96	f8ad0d13	addi	x26,x26,-118	 x26:0x8000f042 x26=0x8000efcc
       21667000	     10733	80000d9a	0da6	c.slli	x27,0x9	 x27:0x00000001 x27=0x00000200
       21669000	     10734	80000d9c	0132b0b3	sltu	x1,x5,x19	  x5:0x80021e1c x19:0x80025e7c  x1=0x00000001
       21673000	     10736	80000da0	076d0167	jalr	x2,118(x26)	 x26:0x8000efcc  x2=0x80000da4
       21785000	     10792	8000f042	03a9cd33	div	x26,x19,x26	 x19:0x80025e7c x26:0x8000efcc x26=0x00000000
       21787000	     10793	8000f046	01d97263	bgeu	x18,x29,8000f04a	 x18:0x00000000 x29:0x00000001  x0=0x00000000
       21789000	     10794	8000f04a	fc028293	addi	x5,x5,-64	  x5:0x80021e1c  x5=0x80021ddc
       21793000	     10796	8000f04e	01e8a3b3	slt	x7,x17,x30	 x17:0xa0000000 x30:0xfffffc42  x7=0x00000001
       21795000	     10797	8000f052	9002	c.ebreak	
       21815000	     10807	8000f054	0001	c.addi	x0,0	  x0:0x00000000  x0=0x00000000
       21891000	     10845	8000f056	0022a223	sw	x2,4(x5)	  x5:0x80021ddc  x2:0x80000da4 PA:0x80021de0 store:0x80000da4 load:0x80000da4
       21893000	     10846	8000f05a	0001	c.addi	x0,0	  x0:0x00000000  x0=0x00000000
       21897000	     10848	8000f05c	0342e933	rem	x18,x5,x20	  x5:0x80021ddc x20:0x00000000 x18=0x80021ddc
       21903000	     10851	8000f060	00800693	addi	x13,x0,8	  x0:0x00000000 x13=0x00000008
       21923000	     10861	8000f064	002f5e13	srli	x28,x30,0x2	 x30:0xfffffc42 x28=0x3fffff10
       21939000	     10869	8000f068	8d29	c.xor	x10,x10	 x10:0x00000000 x10:0x00000000 x10=0x00000000
       21941000	     10870	8000f06a	00129233	sll	x4,x5,x1	  x5:0x80021ddc  x1:0x00000001  x4=0x00043bb8
       21959000	     10879	8000f06e	24842d93	slti	x27,x8,584	  x8:0x00000000 x27=0x00000001
       22001000	     10900	8000f072	9a25e4b7	lui	x9,0x9a25e	  x9=0x9a25e000
       22003000	     10901	8000f076	01a97fb3	and	x31,x18,x26	 x18:0x80021ddc x26:0x00000000 x31=0x00000000
       22025000	     10912	8000f07a	01300413	addi	x8,x0,19	  x0:0x00000000  x8=0x00000013
       22027000	     10913	8000f07e	1e90	c.addi4spn	x12,x2,880	 x12=0x80001114
       22039000	     10919	8000f080	03b43cb3	mulhu	x25,x8,x27	  x8:0x00000013 x27:0x00000001 x25=0x00000000
       22041000	     10920	8000f084	717d	c.addi16sp	x2,-16	  x2:0x80000da4  x2=0x80000d94
       22055000	     10927	8000f086	1b528013	addi	x0,x5,437	  x5:0x80021ddc  x0=0x00000000
       22057000	     10928	8000f08a	8541	c.srai	x10,0x10	 x10:0x00000000 x10=0x00000000
       22059000	     10929	8000f08c	83f5	c.srli	x15,0x1d	 x15:0x637fed92 x15=0x00000003
       22099000	     10949	8000f08e	03a023b3	mulhsu	x7,x0,x26	  x0:0x00000000 x26:0x00000000  x7=0x00000000
       22101000	     10950	8000f092	241c2bb7	lui	x23,0x241c2	 x23=0x241c2000
       22103000	     10951	8000f096	00ff1e33	sll	x28,x30,x15	 x30:0xfffffc42 x15:0x00000003 x28=0xffffe210
       22105000	     10952	8000f09a	0685	c.addi	x13,1	 x13:0x00000008 x13=0x00000009
       22125000	     10962	8000f09c	99fd	c.andi	x11,-1	 x11:0x00000000 x11=0x00000000
       22127000	     10963	8000f09e	9002	c.ebreak	
       22165000	     10982	8000f0a0	0001	c.addi	x0,0	  x0:0x00000000  x0=0x00000000
       22167000	     10983	8000f0a2	8f25	c.xor	x14,x9	 x14:0xa40012f3  x9:0x9a25e000 x14=0x3e25f2f3
       22279000	     11039	8000f0a4	025d71b3	remu	x3,x26,x5	 x26:0x00000000  x5:0x80021ddc  x3=0x00000000
       22281000	     11040	8000f0a8	1dfd	c.addi	x27,-1	 x27:0x00000001 x27=0x00000000
       22283000	     11041	8000f0aa	01ff9a93	slli	x21,x31,0x1f	 x31:0x00000000 x21=0x00000000
       22299000	     11049	8000f0ae	0ff0000f	fence	iorwiorwiorwiorwiorwiorwiorwiorwiorwiorwiorwiorwiorwiorwiorw,iorwiorwiorwiorwiorwiorwiorwiorwiorwiorwiorwiorwiorwiorwiorwiorw	
       22347000	     11073	8000f0b2	027c21b3	mulhsu	x3,x24,x7	 x24:0x00000000  x7:0x00000000  x3=0x00000000
       22353000	     11076	8000f0b6	fc86cce3	blt	x13,x8,8000f08e	 x13:0x00000009  x8:0x00000013  x0=0x00000000
       22441000	     11120	8000f08e	03a023b3	mulhsu	x7,x0,x26	  x0:0x00000000 x26:0x00000000  x7=0x00000000
       22443000	     11121	8000f092	241c2bb7	lui	x23,0x241c2	 x23=0x241c2000
       22445000	     11122	8000f096	00ff1e33	sll	x28,x30,x15	 x30:0xfffffc42 x15:0x00000003 x28=0xffffe210
       22447000	     11123	8000f09a	0685	c.addi	x13,1	 x13:0x00000009 x13=0x0000000a
       22469000	     11134	8000f09c	99fd	c.andi	x11,-1	 x11:0x00000000 x11=0x00000000
       22471000	     11135	8000f09e	9002	c.ebreak	
       22477000	     11138	8000f0a0	0001	c.addi	x0,0	  x0:0x00000000  x0=0x00000000
       22479000	     11139	8000f0a2	8f25	c.xor	x14,x9	 x14:0x3e25f2f3  x9:0x9a25e000 x14=0xa40012f3
       22563000	     11181	8000f0a4	025d71b3	remu	x3,x26,x5	 x26:0x00000000  x5:0x80021ddc  x3=0x00000000
       22565000	     11182	8000f0a8	1dfd	c.addi	x27,-1	 x27:0x00000000 x27=0xffffffff
       22567000	     11183	8000f0aa	01ff9a93	slli	x21,x31,0x1f	 x31:0x00000000 x21=0x00000000
       22591000	     11195	8000f0ae	0ff0000f	fence	iorwiorwiorwiorwiorwiorwiorwiorwiorwiorwiorwiorwiorwiorwiorwiorwiorw,iorwiorwiorwiorwiorwiorwiorwiorwiorwiorwiorwiorwiorwiorwiorwiorwiorwiorw	
       22613000	     11206	8000f0b2	027c21b3	mulhsu	x3,x24,x7	 x24:0x00000000  x7:0x00000000  x3=0x00000000
       22631000	     11215	8000f0b6	fc86cce3	blt	x13,x8,8000f08e	 x13:0x0000000a  x8:0x00000013  x0=0x00000000
       22685000	     11242	8000f08e	03a023b3	mulhsu	x7,x0,x26	  x0:0x00000000 x26:0x00000000  x7=0x00000000
       22687000	     11243	8000f092	241c2bb7	lui	x23,0x241c2	 x23=0x241c2000
       22743000	     11271	8000f096	00ff1e33	sll	x28,x30,x15	 x30:0xfffffc42 x15:0x00000003 x28=0xffffe210
       22745000	     11272	8000f09a	0685	c.addi	x13,1	 x13:0x0000000a x13=0x0000000b
       22785000	     11292	8000f09c	99fd	c.andi	x11,-1	 x11:0x00000000 x11=0x00000000
       22787000	     11293	8000f09e	9002	c.ebreak	
       22789000	     11294	8000f0a0	0001	c.addi	x0,0	  x0:0x00000000  x0=0x00000000
       22791000	     11295	8000f0a2	8f25	c.xor	x14,x9	 x14:0xa40012f3  x9:0x9a25e000 x14=0x3e25f2f3
       22891000	     11345	8000f0a4	025d71b3	remu	x3,x26,x5	 x26:0x00000000  x5:0x80021ddc  x3=0x00000000
       22893000	     11346	8000f0a8	1dfd	c.addi	x27,-1	 x27:0xffffffff x27=0xfffffffe
       22895000	     11347	8000f0aa	01ff9a93	slli	x21,x31,0x1f	 x31:0x00000000 x21=0x00000000
       22905000	     11352	8000f0ae	0ff0000f	fence	iorwiorwiorwiorwiorwiorwiorwiorwiorwiorwiorwiorwiorwiorwiorwiorwiorwiorwiorw,iorwiorwiorwiorwiorwiorwiorwiorwiorwiorwiorwiorwiorwiorwiorwiorwiorwiorwiorwiorw	
       22925000	     11362	8000f0b2	027c21b3	mulhsu	x3,x24,x7	 x24:0x00000000  x7:0x00000000  x3=0x00000000
       22941000	     11370	8000f0b6	fc86cce3	blt	x13,x8,8000f08e	 x13:0x0000000b  x8:0x00000013  x0=0x00000000
       22997000	     11398	8000f08e	03a023b3	mulhsu	x7,x0,x26	  x0:0x00000000 x26:0x00000000  x7=0x00000000
       23001000	     11400	8000f092	241c2bb7	lui	x23,0x241c2	 x23=0x241c2000
       23011000	     11405	8000f096	00ff1e33	sll	x28,x30,x15	 x30:0xfffffc42 x15:0x00000003 x28=0xffffe210
       23013000	     11406	8000f09a	0685	c.addi	x13,1	 x13:0x0000000b x13=0x0000000c
       23015000	     11407	8000f09c	99fd	c.andi	x11,-1	 x11:0x00000000 x11=0x00000000
       23017000	     11408	8000f09e	9002	c.ebreak	
       23029000	     11414	8000f0a0	0001	c.addi	x0,0	  x0:0x00000000  x0=0x00000000
       23031000	     11415	8000f0a2	8f25	c.xor	x14,x9	 x14:0x3e25f2f3  x9:0x9a25e000 x14=0xa40012f3
       23105000	     11452	8000f0a4	025d71b3	remu	x3,x26,x5	 x26:0x00000000  x5:0x80021ddc  x3=0x00000000
       23107000	     11453	8000f0a8	1dfd	c.addi	x27,-1	 x27:0xfffffffe x27=0xfffffffd
       23109000	     11454	8000f0aa	01ff9a93	slli	x21,x31,0x1f	 x31:0x00000000 x21=0x00000000
       23111000	     11455	8000f0ae	0ff0000f	fence	iorwiorwiorwiorwiorwiorwiorwiorwiorwiorwiorwiorwiorwiorwiorwiorwiorwiorwiorwiorwiorw,iorwiorwiorwiorwiorwiorwiorwiorwiorwiorwiorwiorwiorwiorwiorwiorwiorwiorwiorwiorwiorwiorw	
       23155000	     11477	8000f0b2	027c21b3	mulhsu	x3,x24,x7	 x24:0x00000000  x7:0x00000000  x3=0x00000000
       23167000	     11483	8000f0b6	fc86cce3	blt	x13,x8,8000f08e	 x13:0x0000000c  x8:0x00000013  x0=0x00000000
       23223000	     11511	8000f08e	03a023b3	mulhsu	x7,x0,x26	  x0:0x00000000 x26:0x00000000  x7=0x00000000
       23231000	     11515	8000f092	241c2bb7	lui	x23,0x241c2	 x23=0x241c2000
       23253000	     11526	8000f096	00ff1e33	sll	x28,x30,x15	 x30:0xfffffc42 x15:0x00000003 x28=0xffffe210
       23255000	     11527	8000f09a	0685	c.addi	x13,1	 x13:0x0000000c x13=0x0000000d
       23303000	     11551	8000f09c	99fd	c.andi	x11,-1	 x11:0x00000000 x11=0x00000000
       23305000	     11552	8000f09e	9002	c.ebreak	
       23307000	     11553	8000f0a0	0001	c.addi	x0,0	  x0:0x00000000  x0=0x00000000
       23309000	     11554	8000f0a2	8f25	c.xor	x14,x9	 x14:0xa40012f3  x9:0x9a25e000 x14=0x3e25f2f3
       23417000	     11608	8000f0a4	025d71b3	remu	x3,x26,x5	 x26:0x00000000  x5:0x80021ddc  x3=0x00000000
       23419000	     11609	8000f0a8	1dfd	c.addi	x27,-1	 x27:0xfffffffd x27=0xfffffffc
       23421000	     11610	8000f0aa	01ff9a93	slli	x21,x31,0x1f	 x31:0x00000000 x21=0x00000000
       23423000	     11611	8000f0ae	0ff0000f	fence	iorwiorwiorwiorwiorwiorwiorwiorwiorwiorwiorwiorwiorwiorwiorwiorwiorwiorwiorwiorwiorwiorwiorw,iorwiorwiorwiorwiorwiorwiorwiorwiorwiorwiorwiorwiorwiorwiorwiorwiorwiorwiorwiorwiorwiorwiorwiorw	
       23437000	     11618	8000f0b2	027c21b3	mulhsu	x3,x24,x7	 x24:0x00000000  x7:0x00000000  x3=0x00000000
       23441000	     11620	8000f0b6	fc86cce3	blt	x13,x8,8000f08e	 x13:0x0000000d  x8:0x00000013  x0=0x00000000
       23497000	     11648	8000f08e	03a023b3	mulhsu	x7,x0,x26	  x0:0x00000000 x26:0x00000000  x7=0x00000000
       23511000	     11655	8000f092	241c2bb7	lui	x23,0x241c2	 x23=0x241c2000
       23515000	     11657	8000f096	00ff1e33	sll	x28,x30,x15	 x30:0xfffffc42 x15:0x00000003 x28=0xffffe210
       23517000	     11658	8000f09a	0685	c.addi	x13,1	 x13:0x0000000d x13=0x0000000e
       23561000	     11680	8000f09c	99fd	c.andi	x11,-1	 x11:0x00000000 x11=0x00000000
       23563000	     11681	8000f09e	9002	c.ebreak	
       23565000	     11682	8000f0a0	0001	c.addi	x0,0	  x0:0x00000000  x0=0x00000000
       23567000	     11683	8000f0a2	8f25	c.xor	x14,x9	 x14:0x3e25f2f3  x9:0x9a25e000 x14=0xa40012f3
       23685000	     11742	8000f0a4	025d71b3	remu	x3,x26,x5	 x26:0x00000000  x5:0x80021ddc  x3=0x00000000
       23687000	     11743	8000f0a8	1dfd	c.addi	x27,-1	 x27:0xfffffffc x27=0xfffffffb
       23689000	     11744	8000f0aa	01ff9a93	slli	x21,x31,0x1f	 x31:0x00000000 x21=0x00000000
       23691000	     11745	8000f0ae	0ff0000f	fence	iorwiorwiorwiorwiorwiorwiorwiorwiorwiorwiorwiorwiorwiorwiorwiorwiorwiorwiorwiorwiorwiorwiorwiorwiorw,iorwiorwiorwiorwiorwiorwiorwiorwiorwiorwiorwiorwiorwiorwiorwiorwiorwiorwiorwiorwiorwiorwiorwiorwiorwiorw	
       23761000	     11780	8000f0b2	027c21b3	mulhsu	x3,x24,x7	 x24:0x00000000  x7:0x00000000  x3=0x00000000
       23765000	     11782	8000f0b6	fc86cce3	blt	x13,x8,8000f08e	 x13:0x0000000e  x8:0x00000013  x0=0x00000000
       23813000	     11806	8000f08e	03a023b3	mulhsu	x7,x0,x26	  x0:0x00000000 x26:0x00000000  x7=0x00000000
       23829000	     11814	8000f092	241c2bb7	lui	x23,0x241c2	 x23=0x241c2000
       23835000	     11817	8000f096	00ff1e33	sll	x28,x30,x15	 x30:0xfffffc42 x15:0x00000003 x28=0xffffe210
       23837000	     11818	8000f09a	0685	c.addi	x13,1	 x13:0x0000000e x13=0x0000000f
       23839000	     11819	8000f09c	99fd	c.andi	x11,-1	 x11:0x00000000 x11=0x00000000
       23841000	     11820	8000f09e	9002	c.ebreak	
       23851000	     11825	8000f0a0	0001	c.addi	x0,0	  x0:0x00000000  x0=0x00000000
       23853000	     11826	8000f0a2	8f25	c.xor	x14,x9	 x14:0xa40012f3  x9:0x9a25e000 x14=0x3e25f2f3
       23945000	     11872	8000f0a4	025d71b3	remu	x3,x26,x5	 x26:0x00000000  x5:0x80021ddc  x3=0x00000000
       23947000	     11873	8000f0a8	1dfd	c.addi	x27,-1	 x27:0xfffffffb x27=0xfffffffa
       23949000	     11874	8000f0aa	01ff9a93	slli	x21,x31,0x1f	 x31:0x00000000 x21=0x00000000
       23951000	     11875	8000f0ae	0ff0000f	fence	iorwiorwiorwiorwiorwiorwiorwiorwiorwiorwiorwiorwiorwiorwiorwiorwiorwiorwiorwiorwiorwiorwiorwiorwiorwiorwiorw,iorwiorwiorwiorwiorwiorwiorwiorwiorwiorwiorwiorwiorwiorwiorwiorwiorwiorwiorwiorwiorwiorwiorwiorwiorwiorwiorwiorw	
       23981000	     11890	8000f0b2	027c21b3	mulhsu	x3,x24,x7	 x24:0x00000000  x7:0x00000000  x3=0x00000000
       23985000	     11892	8000f0b6	fc86cce3	blt	x13,x8,8000f08e	 x13:0x0000000f  x8:0x00000013  x0=0x00000000
       24083000	     11941	8000f08e	03a023b3	mulhsu	x7,x0,x26	  x0:0x00000000 x26:0x00000000  x7=0x00000000
       24085000	     11942	8000f092	241c2bb7	lui	x23,0x241c2	 x23=0x241c2000
       24135000	     11967	8000f096	00ff1e33	sll	x28,x30,x15	 x30:0xfffffc42 x15:0x00000003 x28=0xffffe210
       24137000	     11968	8000f09a	0685	c.addi	x13,1	 x13:0x0000000f x13=0x00000010
       24177000	     11988	8000f09c	99fd	c.andi	x11,-1	 x11:0x00000000 x11=0x00000000
       24179000	     11989	8000f09e	9002	c.ebreak	
       24181000	     11990	8000f0a0	0001	c.addi	x0,0	  x0:0x00000000  x0=0x00000000
       24183000	     11991	8000f0a2	8f25	c.xor	x14,x9	 x14:0x3e25f2f3  x9:0x9a25e000 x14=0xa40012f3
       24257000	     12028	8000f0a4	025d71b3	remu	x3,x26,x5	 x26:0x00000000  x5:0x80021ddc  x3=0x00000000
       24259000	     12029	8000f0a8	1dfd	c.addi	x27,-1	 x27:0xfffffffa x27=0xfffffff9
       24261000	     12030	8000f0aa	01ff9a93	slli	x21,x31,0x1f	 x31:0x00000000 x21=0x00000000
       24263000	     12031	8000f0ae	0ff0000f	fence	iorwiorwiorwiorwiorwiorwiorwiorwiorwiorwiorwiorwiorwiorwiorwiorwiorwiorwiorwiorwiorwiorwiorwiorwiorwiorwiorwiorwiorw,iorwiorwiorwiorwiorwiorwiorwiorwiorwiorwiorwiorwiorwiorwiorwiorwiorwiorwiorwiorwiorwiorwiorwiorwiorwiorwiorwiorwiorwiorw	
       24283000	     12041	8000f0b2	027c21b3	mulhsu	x3,x24,x7	 x24:0x00000000  x7:0x00000000  x3=0x00000000
       24287000	     12043	8000f0b6	fc86cce3	blt	x13,x8,8000f08e	 x13:0x00000010  x8:0x00000013  x0=0x00000000
       24333000	     12066	8000f08e	03a023b3	mulhsu	x7,x0,x26	  x0:0x00000000 x26:0x00000000  x7=0x00000000
       24335000	     12067	8000f092	241c2bb7	lui	x23,0x241c2	 x23=0x241c2000
       24345000	     12072	8000f096	00ff1e33	sll	x28,x30,x15	 x30:0xfffffc42 x15:0x00000003 x28=0xffffe210
       24347000	     12073	8000f09a	0685	c.addi	x13,1	 x13:0x00000010 x13=0x00000011
       24367000	     12083	8000f09c	99fd	c.andi	x11,-1	 x11:0x00000000 x11=0x00000000
       24369000	     12084	8000f09e	9002	c.ebreak	
       24389000	     12094	8000f0a0	0001	c.addi	x0,0	  x0:0x00000000  x0=0x00000000
       24391000	     12095	8000f0a2	8f25	c.xor	x14,x9	 x14:0xa40012f3  x9:0x9a25e000 x14=0x3e25f2f3
       24489000	     12144	8000f0a4	025d71b3	remu	x3,x26,x5	 x26:0x00000000  x5:0x80021ddc  x3=0x00000000
       24491000	     12145	8000f0a8	1dfd	c.addi	x27,-1	 x27:0xfffffff9 x27=0xfffffff8
       24493000	     12146	8000f0aa	01ff9a93	slli	x21,x31,0x1f	 x31:0x00000000 x21=0x00000000
       24513000	     12156	8000f0ae	0ff0000f	fence	iorwiorwiorwiorwiorwiorwiorwiorwiorwiorwiorwiorwiorwiorwiorwiorwiorwiorwiorwiorwiorwiorwiorwiorwiorwiorwiorwiorwiorwiorwiorw,iorwiorwiorwiorwiorwiorwiorwiorwiorwiorwiorwiorwiorwiorwiorwiorwiorwiorwiorwiorwiorwiorwiorwiorwiorwiorwiorwiorwiorwiorwiorwiorw	
       24521000	     12160	8000f0b2	027c21b3	mulhsu	x3,x24,x7	 x24:0x00000000  x7:0x00000000  x3=0x00000000
       24539000	     12169	8000f0b6	fc86cce3	blt	x13,x8,8000f08e	 x13:0x00000011  x8:0x00000013  x0=0x00000000
       24567000	     12183	8000f08e	03a023b3	mulhsu	x7,x0,x26	  x0:0x00000000 x26:0x00000000  x7=0x00000000
       24569000	     12184	8000f092	241c2bb7	lui	x23,0x241c2	 x23=0x241c2000
       24579000	     12189	8000f096	00ff1e33	sll	x28,x30,x15	 x30:0xfffffc42 x15:0x00000003 x28=0xffffe210
       24581000	     12190	8000f09a	0685	c.addi	x13,1	 x13:0x00000011 x13=0x00000012
       24613000	     12206	8000f09c	99fd	c.andi	x11,-1	 x11:0x00000000 x11=0x00000000
       24615000	     12207	8000f09e	9002	c.ebreak	
       24617000	     12208	8000f0a0	0001	c.addi	x0,0	  x0:0x00000000  x0=0x00000000
       24619000	     12209	8000f0a2	8f25	c.xor	x14,x9	 x14:0x3e25f2f3  x9:0x9a25e000 x14=0xa40012f3
       24719000	     12259	8000f0a4	025d71b3	remu	x3,x26,x5	 x26:0x00000000  x5:0x80021ddc  x3=0x00000000
       24721000	     12260	8000f0a8	1dfd	c.addi	x27,-1	 x27:0xfffffff8 x27=0xfffffff7
       24723000	     12261	8000f0aa	01ff9a93	slli	x21,x31,0x1f	 x31:0x00000000 x21=0x00000000
       24725000	     12262	8000f0ae	0ff0000f	fence	iorwiorwiorwiorwiorwiorwiorwiorwiorwiorwiorwiorwiorwiorwiorwiorwiorwiorwiorwiorwiorwiorwiorwiorwiorwiorwiorwiorwiorwiorwiorwiorwiorw,iorwiorwiorwiorwiorwiorwiorwiorwiorwiorwiorwiorwiorwiorwiorwiorwiorwiorwiorwiorwiorwiorwiorwiorwiorwiorwiorwiorwiorwiorwiorwiorwiorwiorw	
       24745000	     12272	8000f0b2	027c21b3	mulhsu	x3,x24,x7	 x24:0x00000000  x7:0x00000000  x3=0x00000000
       24749000	     12274	8000f0b6	fc86cce3	blt	x13,x8,8000f08e	 x13:0x00000012  x8:0x00000013  x0=0x00000000
       24807000	     12303	8000f08e	03a023b3	mulhsu	x7,x0,x26	  x0:0x00000000 x26:0x00000000  x7=0x00000000
       24825000	     12312	8000f092	241c2bb7	lui	x23,0x241c2	 x23=0x241c2000
       24839000	     12319	8000f096	00ff1e33	sll	x28,x30,x15	 x30:0xfffffc42 x15:0x00000003 x28=0xffffe210
       24841000	     12320	8000f09a	0685	c.addi	x13,1	 x13:0x00000012 x13=0x00000013
       24843000	     12321	8000f09c	99fd	c.andi	x11,-1	 x11:0x00000000 x11=0x00000000
       24845000	     12322	8000f09e	9002	c.ebreak	
       24847000	     12323	8000f0a0	0001	c.addi	x0,0	  x0:0x00000000  x0=0x00000000
       24849000	     12324	8000f0a2	8f25	c.xor	x14,x9	 x14:0xa40012f3  x9:0x9a25e000 x14=0x3e25f2f3
       24939000	     12369	8000f0a4	025d71b3	remu	x3,x26,x5	 x26:0x00000000  x5:0x80021ddc  x3=0x00000000
       24941000	     12370	8000f0a8	1dfd	c.addi	x27,-1	 x27:0xfffffff7 x27=0xfffffff6
       24943000	     12371	8000f0aa	01ff9a93	slli	x21,x31,0x1f	 x31:0x00000000 x21=0x00000000
       24945000	     12372	8000f0ae	0ff0000f	fence	iorwiorwiorwiorwiorwiorwiorwiorwiorwiorwiorwiorwiorwiorwiorwiorwiorwiorwiorwiorwiorwiorwiorwiorwiorwiorwiorwiorwiorwiorwiorwiorwiorwiorwiorw,iorwiorwiorwiorwiorwiorwiorwiorwiorwiorwiorwiorwiorwiorwiorwiorwiorwiorwiorwiorwiorwiorwiorwiorwiorwiorwiorwiorwiorwiorwiorwiorwiorwiorwiorwiorw	
       24955000	     12377	8000f0b2	027c21b3	mulhsu	x3,x24,x7	 x24:0x00000000  x7:0x00000000  x3=0x00000000
       24971000	     12385	8000f0b6	fc86cce3	blt	x13,x8,8000f08e	 x13:0x00000013  x8:0x00000013  x0=0x00000000
       24973000	     12386	8000f0ba	6875	c.lui	x16,0x1d	 x16=0x0001d000
       25015000	     12407	8000f0bc	0000c197	auipc	x3,0xc	  x3=0x8001b0bc
       25057000	     12428	8000f0c0	1ae18193	addi	x3,x3,430	  x3:0x8001b0bc  x3=0x8001b26a
       25059000	     12429	8000f0c4	00006397	auipc	x7,0x6	  x7=0x800150c4
       25081000	     12440	8000f0c8	13038393	addi	x7,x7,304	  x7:0x800150c4  x7=0x800151f4
       25085000	     12442	8000f0cc	0000c617	auipc	x12,0xc	 x12=0x8001b0cc
       25119000	     12459	8000f0d0	f4f60613	addi	x12,x12,-177	 x12:0x8001b0cc x12=0x8001b01b
       25201000	     12500	8000f0d4	4331c003	lbu	x0,1075(x3)	  x3:0x8001b26a  x0=0x00000000 PA:0x8001b69d store:0x80025e7c
       25205000	     12502	8000f0d8	0f864003	lbu	x0,248(x12)	 x12:0x8001b01b  x0=0x00000000 PA:0x8001b113 store:0x00000000
       25249000	     12524	8000f0dc	0b060d23	sb	x16,186(x12)	 x12:0x8001b01b x16:0x0001d000 PA:0x8001b0d5 store:0x0001d000 load:0x00000000
       25267000	     12533	8000f0e0	0d039b23	sh	x16,214(x7)	  x7:0x800151f4 x16:0x0001d000 PA:0x800152ca store:0x0001d000 load:0x0000d000
       25285000	     12542	8000f0e4	09e64f83	lbu	x31,158(x12)	 x12:0x8001b01b x31=0x000000ba PA:0x8001b0b9 store:0xfffffc42
       25287000	     12543	8000f0e8	00005217	auipc	x4,0x5	  x4=0x800140e8
       25289000	     12544	8000f0ec	28820213	addi	x4,x4,648	  x4:0x800140e8  x4=0x80014370
       25359000	     12579	8000f0f0	02b1ce83	lbu	x29,43(x3)	  x3:0x8001b26a x29=0x00000096 PA:0x8001b295 store:0x00000000
       25363000	     12581	8000f0f4	58f1a923	sw	x15,1426(x3)	  x3:0x8001b26a x15:0x00000003 PA:0x8001b7fc store:0x00000003 load:0x00000003
       25367000	     12583	8000f0f8	0de617a3	sh	x30,207(x12)	 x12:0x8001b01b x30:0xfffffc42 PA:0x8001b0ea store:0xfffffc42 load:0x0000fc42
       25419000	     12609	8000f0fc	0c622623	sw	x6,204(x4)	  x4:0x80014370  x6:0x00000000 PA:0x8001443c store:0x00000000 load:0x00000000
       25443000	     12621	8000f100	0fc38f83	lb	x31,252(x7)	  x7:0x800151f4 x31=0xfffffff3 PA:0x800152f0 store:0xffffe210
       25469000	     12634	8000f104	0a121023	sh	x1,160(x4)	  x4:0x80014370  x1:0x00000001 PA:0x80014410 store:0x00000001 load:0x00000001
       25475000	     12637	8000f108	59d188a3	sb	x29,1425(x3)	  x3:0x8001b26a x29:0x00000096 PA:0x8001b7fb store:0x00000096 load:0x00000096
       25511000	     12655	8000f10c	f0820483	lb	x9,-248(x4)	  x4:0x80014370  x9=0x0000007b PA:0x80014278 store:0x00000013
       25535000	     12667	8000f110	0b060e23	sb	x16,188(x12)	 x12:0x8001b01b x16:0x0001d000 PA:0x8001b0d7 store:0x0001d000 load:0x00000000
       25591000	     12695	8000f114	10060903	lb	x18,256(x12)	 x12:0x8001b01b x18=0x00000018 PA:0x8001b11b store:0x00000000
       25615000	     12707	8000f118	05724783	lbu	x15,87(x4)	  x4:0x80014370 x15=0x000000c4 PA:0x800143c7 store:0x241c2000
       25633000	     12716	8000f11c	08a38103	lb	x2,138(x7)	  x7:0x800151f4  x2=0x0000007d PA:0x8001527e store:0x00000000
       25655000	     12727	8000f120	2f11c703	lbu	x14,753(x3)	  x3:0x8001b26a x14=0x00000058 PA:0x8001b55b store:0xa0000000
       25659000	     12729	8000f124	22318e23	sb	x3,572(x3)	  x3:0x8001b26a  x3:0x8001b26a PA:0x8001b4a6 store:0x8001b26a load:0x0000006a
       25695000	     12747	8000f128	36c19783	lh	x15,876(x3)	  x3:0x8001b26a x15=0xffffd4d5 PA:0x8001b5d6 store:0x8001b01b
       25733000	     12766	8000f12c	f7d3c883	lbu	x17,-131(x7)	  x7:0x800151f4 x17=0x00000072 PA:0x80015171 store:0x00000096
       25737000	     12768	8000f130	01520aa3	sb	x21,21(x4)	  x4:0x80014370 x21:0x00000000 PA:0x80014385 store:0x00000000 load:0x00000000
       25797000	     12798	8000f134	18718523	sb	x7,394(x3)	  x3:0x8001b26a  x7:0x800151f4 PA:0x8001b3f4 store:0x800151f4 load:0x000000f4
       25841000	     12820	8000f138	0c760123	sb	x7,194(x12)	 x12:0x8001b01b  x7:0x800151f4 PA:0x8001b0dd store:0x800151f4 load:0x000000f4
       25865000	     12832	8000f13c	f5c20403	lb	x8,-164(x4)	  x4:0x80014370  x8=0xffffffcf PA:0x800142cc store:0xffffe210
       25877000	     12838	8000f140	4861d683	lhu	x13,1158(x3)	  x3:0x8001b26a x13=0x0000f2f3 PA:0x8001b6f0 store:0x00000000
       25927000	     12863	8000f144	0f338403	lb	x8,243(x7)	  x7:0x800151f4  x8=0xffffffe4 PA:0x800152e7 store:0x80025e7c
       25929000	     12864	8000f148	0000b117	auipc	x2,0xb	  x2=0x8001a148
       25931000	     12865	8000f14c	44210113	addi	x2,x2,1090	  x2:0x8001a148  x2=0x8001a58a
       25943000	     12871	8000f150	0085b8b3	sltu	x17,x11,x8	 x11:0x00000000  x8:0xffffffe4 x17=0x00000001
       25975000	     12887	8000f154	02410403	lb	x8,36(x2)	  x2:0x8001a58a  x8=0xffffffad PA:0x8001a5ae store:0x80014370
       26009000	     12904	8000f158	5e7d	c.li	x28,-1	 x28=0xffffffff
       26037000	     12918	8000f15a	fca10b23	sb	x10,-42(x2)	  x2:0x8001a58a x10:0x00000000 PA:0x8001a560 store:0x00000000 load:0x00000000
       26061000	     12930	8000f15e	ff114c83	lbu	x25,-15(x2)	  x2:0x8001a58a x25=0x00000078 PA:0x8001a57b store:0x00000001
       26085000	     12942	8000f162	fe6108a3	sb	x6,-15(x2)	  x2:0x8001a58a  x6:0x00000000 PA:0x8001a57b store:0x00000000 load:0x00000000
       26087000	     12943	8000f166	01b1f3b3	and	x7,x3,x27	  x3:0x8001b26a x27:0xfffffff6  x7=0x8001b262
       26105000	     12952	8000f16a	01198fb3	add	x31,x19,x17	 x19:0x80025e7c x17:0x00000001 x31=0x80025e7d
       26175000	     12987	8000f16e	fcd10223	sb	x13,-60(x2)	  x2:0x8001a58a x13:0x0000f2f3 PA:0x8001a54e store:0x0000f2f3 load:0x000000f3
       26199000	     12999	8000f172	fdb10003	lb	x0,-37(x2)	  x2:0x8001a58a  x0=0x00000000 PA:0x8001a565 store:0xfffffff6
       26221000	     13010	8000f176	fdb14f03	lbu	x30,-37(x2)	  x2:0x8001a58a x30=0x00000066 PA:0x8001a565 store:0xfffffff6
       26243000	     13021	8000f17a	fcd10da3	sb	x13,-37(x2)	  x2:0x8001a58a x13:0x0000f2f3 PA:0x8001a565 store:0x0000f2f3 load:0x000000f3
       26307000	     13053	8000f17e	fdb14e03	lbu	x28,-37(x2)	  x2:0x8001a58a x28=0x000000f3 PA:0x8001a565 store:0xfffffff6
       26329000	     13064	8000f182	fe810e83	lb	x29,-24(x2)	  x2:0x8001a58a x29=0x00000071 PA:0x8001a572 store:0xffffffad
       26333000	     13066	8000f186	fe814a03	lbu	x20,-24(x2)	  x2:0x8001a58a x20=0x00000071 PA:0x8001a572 store:0xffffffad
       26383000	     13091	8000f18a	02914a03	lbu	x20,41(x2)	  x2:0x8001a58a x20=0x000000b0 PA:0x8001a5b3 store:0x0000007b
       26445000	     13122	8000f18e	02910f03	lb	x30,41(x2)	  x2:0x8001a58a x30=0xffffffb0 PA:0x8001a5b3 store:0x0000007b
       26455000	     13127	8000f192	fcf105a3	sb	x15,-53(x2)	  x2:0x8001a58a x15:0xffffd4d5 PA:0x8001a555 store:0xffffd4d5 load:0x000000d5
       26469000	     13134	8000f196	03414703	lbu	x14,52(x2)	  x2:0x8001a58a x14=0x000000bd PA:0x8001a5be store:0x000000b0
       26481000	     13140	8000f19a	03411883	lh	x17,52(x2)	  x2:0x8001a58a x17=0xffffbcbd PA:0x8001a5be store:0x000000b0
       26525000	     13162	8000f19e	02210fa3	sb	x2,63(x2)	  x2:0x8001a58a  x2:0x8001a58a PA:0x8001a5c9 store:0x8001a58a load:0x0000008a
       26549000	     13174	8000f1a2	03c11883	lh	x17,60(x2)	  x2:0x8001a58a x17=0xffffc4c5 PA:0x8001a5c6 store:0x000000f3
       26613000	     13206	8000f1a6	fe014803	lbu	x16,-32(x2)	  x2:0x8001a58a x16=0x00000069 PA:0x8001a56a store:0x00000000
       26615000	     13207	8000f1aa	6915	c.lui	x18,0x5	 x18=0x00005000
       26619000	     13209	8000f1ac	03310183	lb	x3,51(x2)	  x2:0x8001a58a  x3=0xffffffbe PA:0x8001a5bd store:0x80025e7c
       26621000	     13210	8000f1b0	0000a817	auipc	x16,0xa	 x16=0x800191b0
       26629000	     13214	8000f1b4	da680813	addi	x16,x16,-602	 x16:0x800191b0 x16=0x80018f56
       26637000	     13218	8000f1b8	fad801a3	sb	x13,-93(x16)	 x16:0x80018f56 x13:0x0000f2f3 PA:0x80018ef9 store:0x0000f2f3 load:0x000000f3
       26677000	     13238	8000f1bc	00008517	auipc	x10,0x8	 x10=0x800171bc
       26679000	     13239	8000f1c0	40d50513	addi	x10,x10,1037	 x10:0x800171bc x10=0x800175c9
       26691000	     13245	8000f1c4	fb680d83	lb	x27,-74(x16)	 x16:0x80018f56 x27=0x0000000f PA:0x80018f0c store:0xffffffff
       26761000	     13280	8000f1c8	f2281b83	lh	x23,-222(x16)	 x16:0x80018f56 x23=0x00007a7b PA:0x80018e78 store:0x8001a58a
       26765000	     13282	8000f1cc	03e51aa3	sh	x30,53(x10)	 x10:0x800175c9 x30:0xffffffb0 PA:0x800175fe store:0xffffffb0 load:0x0000ffb0
       26775000	     13287	8000f1d0	f7f80903	lb	x18,-129(x16)	 x16:0x80018f56 x18=0xffffffd6 PA:0x80018ed5 store:0x80025e7d
       26819000	     13309	8000f1d4	01e50683	lb	x13,30(x10)	 x10:0x800175c9 x13=0xffffffe4 PA:0x800175e7 store:0xffffffb0
       26863000	     13331	8000f1d8	fe580403	lb	x8,-27(x16)	 x16:0x80018f56  x8=0x00000038 PA:0x80018f3b store:0x80021ddc
       26897000	     13348	8000f1dc	00780f83	lb	x31,7(x16)	 x16:0x80018f56 x31=0x0000005e PA:0x80018f5d store:0x8001b262
       26919000	     13359	8000f1e0	fcd527a3	sw	x13,-49(x10)	 x10:0x800175c9 x13:0xffffffe4 PA:0x80017598 store:0xffffffe4 load:0xffffffe4
       26943000	     13371	8000f1e4	03554a83	lbu	x21,53(x10)	 x10:0x800175c9 x21=0x000000b0 PA:0x800175fe store:0x00000000
       26983000	     13391	8000f1e8	04784183	lbu	x3,71(x16)	 x16:0x80018f56  x3=0x0000009e PA:0x80018f9d store:0x8001b262
       27047000	     13423	8000f1ec	02085583	lhu	x11,32(x16)	 x16:0x80018f56 x11=0x00007475 PA:0x80018f76 store:0x00000000
       27051000	     13425	8000f1f0	f5584883	lbu	x17,-171(x16)	 x16:0x80018f56 x17=0x000000a8 PA:0x80018eab store:0x000000b0
       27061000	     13430	8000f1f4	f4b80603	lb	x12,-181(x16)	 x16:0x80018f56 x12=0xffffffa2 PA:0x80018ea1 store:0x00007475
       27077000	     13438	8000f1f8	02a50d03	lb	x26,42(x10)	 x10:0x800175c9 x26=0xfffffff0 PA:0x800175f3 store:0x800175c9
       27081000	     13440	8000f1fc	01a0016f	jal	x2,8000f216	  x2=0x8000f200
       27149000	     13474	8000f216	ff5fff6f	jal	x30,8000f20a	 x30=0x8000f21a
       27157000	     13478	8000f20a	a029	c.j	8000f214	
       27225000	     13512	8000f214	bfe5	c.j	8000f20c	
       27229000	     13514	8000f20c	014000ef	jal	x1,8000f220	  x1=0x8000f210
       27265000	     13532	8000f220	b7dd	c.j	8000f206	
       27271000	     13535	8000f206	2811	c.jal	8000f21a	  x1=0x8000f208
       27283000	     13541	8000f21a	ff9ff0ef	jal	x1,8000f212	  x1=0x8000f21e
       27291000	     13545	8000f212	2811	c.jal	8000f226	  x1=0x8000f214
       27309000	     13554	8000f226	b7cd	c.j	8000f208	
       27317000	     13558	8000f208	2829	c.jal	8000f222	  x1=0x8000f20a
       27385000	     13592	8000f222	fdfff1ef	jal	x3,8000f200	  x3=0x8000f226
       27429000	     13614	8000f200	01e000ef	jal	x1,8000f21e	  x1=0x8000f204
       27453000	     13626	8000f21e	3fcd	c.jal	8000f210	  x1=0x8000f220
       27497000	     13648	8000f210	bfd5	c.j	8000f204	
       27531000	     13665	8000f204	2015	c.jal	8000f228	  x1=0x8000f206
       27569000	     13684	8000f228	048e	c.slli	x9,0x3	  x9:0x0000007b  x9=0x000003d8
       27629000	     13714	8000f22a	0000ca97	auipc	x21,0xc	 x21=0x8001b22a
       27671000	     13735	8000f22e	f1ea8a93	addi	x21,x21,-226	 x21:0x8001b22a x21=0x8001b148
       27745000	     13772	8000f232	025a63b3	rem	x7,x20,x5	 x20:0x000000b0  x5:0x80021ddc  x7=0x000000b0
       27749000	     13774	8000f236	028a9123	sh	x8,34(x21)	 x21:0x8001b148  x8:0x00000038 PA:0x8001b16a store:0x00000038 load:0x00000038
       27773000	     13786	8000f23a	feaa8603	lb	x12,-22(x21)	 x21:0x8001b148 x12=0x00000031 PA:0x8001b132 store:0x800175c9
       27823000	     13811	8000f23e	fcfa8583	lb	x11,-49(x21)	 x21:0x8001b148 x11=0x00000014 PA:0x8001b117 store:0xffffd4d5
       27825000	     13812	8000f242	00ea	c.slli	x1,0x1a	  x1:0x8000f206  x1=0x18000000
       27843000	     13821	8000f244	03aa84a3	sb	x26,41(x21)	 x21:0x8001b148 x26:0xfffffff0 PA:0x8001b171 store:0xfffffff0 load:0x000000f0
       27845000	     13822	8000f248	0178d533	srl	x10,x17,x23	 x17:0x000000a8 x23:0x00007a7b x10=0x00000000
       27851000	     13825	8000f24c	8ced	c.and	x9,x11	  x9:0x000003d8 x11:0x00000014  x9=0x00000010
       27875000	     13837	8000f24e	005a8783	lb	x15,5(x21)	 x21:0x8001b148 x15=0x0000004e PA:0x8001b14d store:0x80021ddc
       27949000	     13874	8000f252	fd1a8f83	lb	x31,-47(x21)	 x21:0x8001b148 x31=0x0000001a PA:0x8001b119 store:0x000000a8
       27953000	     13876	8000f256	fcdac903	lbu	x18,-51(x21)	 x21:0x8001b148 x18=0x00000016 PA:0x8001b115 store:0xffffffe4
       27963000	     13881	8000f25a	fc9a8f83	lb	x31,-55(x21)	 x21:0x8001b148 x31=0x00000012 PA:0x8001b111 store:0x00000010
       27965000	     13882	8000f25e	8d81	c.sub	x11,x8	 x11:0x00000014  x8:0x00000038 x11=0xffffffdc
       28021000	     13910	8000f260	038aaf03	lw	x30,56(x21)	 x21:0x8001b148 x30=0x80818283 PA:0x8001b180 store:0x00000000
       28075000	     13937	8000f264	00aa8603	lb	x12,10(x21)	 x21:0x8001b148 x12=0x00000051 PA:0x8001b152 store:0x00000000
       28077000	     13938	8000f268	4157d913	srai	x18,x15,0x15	 x15:0x0000004e x18=0x00000000
       28079000	     13939	8000f26c	6169	c.addi16sp	x2,208	  x2:0x8000f200  x2=0x8000f2d0
       28083000	     13941	8000f26e	ff8a9403	lh	x8,-8(x21)	 x21:0x8001b148  x8=0x00004243 PA:0x8001b140 store:0x00000000
       28085000	     13942	8000f272	4072db33	sra	x22,x5,x7	  x5:0x80021ddc  x7:0x000000b0 x22=0xffff8002
       28131000	     13965	8000f276	01ba8583	lb	x11,27(x21)	 x21:0x8001b148 x11=0x00000060 PA:0x8001b163 store:0x0000000f
       28163000	     13981	8000f27a	ff5a83a3	sb	x21,-25(x21)	 x21:0x8001b148 x21:0x8001b148 PA:0x8001b12f store:0x8001b148 load:0x00000048
       28167000	     13983	8000f27e	004a9103	lh	x2,4(x21)	 x21:0x8001b148  x2=0x00004e4f PA:0x8001b14c store:0x80014370
       28191000	     13995	8000f282	010a9e83	lh	x29,16(x21)	 x21:0x8001b148 x29=0x00005a5b PA:0x8001b158 store:0x80018f56
       28205000	     14002	8000f286	02c3b6b3	mulhu	x13,x7,x12	  x7:0x000000b0 x12:0x00000051 x13=0x00000000
       28207000	     14003	8000f28a	9002	c.ebreak	
       28209000	     14004	8000f28c	0001	c.addi	x0,0	  x0:0x00000000  x0=0x00000000
       28247000	     14023	8000f28e	039aa023	sw	x25,32(x21)	 x21:0x8001b148 x25:0x00000078 PA:0x8001b168 store:0x00000078 load:0x00000078
       28253000	     14026	8000f292	fe3ac003	lbu	x0,-29(x21)	 x21:0x8001b148  x0=0x00000000 PA:0x8001b12b store:0x8000f226
       28313000	     14056	8000f296	feda8523	sb	x13,-22(x21)	 x21:0x8001b148 x13:0x00000000 PA:0x8001b132 store:0x00000000 load:0x00000000
       28367000	     14083	8000f29a	fe4ad703	lhu	x14,-28(x21)	 x21:0x8001b148 x14=0x00002e2f PA:0x8001b12c store:0x80014370
       28369000	     14084	8000f29e	8756	c.mv	x14,x21	  x0:0x00000000 x21:0x8001b148 x14=0x8001b148
       28405000	     14102	8000f2a0	00da8483	lb	x9,13(x21)	 x21:0x8001b148  x9=0x00000056 PA:0x8001b155 store:0x00000000
       28407000	     14103	8000f2a4	2125bc13	sltiu	x24,x11,530	 x11:0x00000060 x24=0x00000001
       28461000	     14130	8000f2a8	03ca88a3	sb	x28,49(x21)	 x21:0x8001b148 x28:0x000000f3 PA:0x8001b179 store:0x000000f3 load:0x000000f3
       28463000	     14131	8000f2ac	f6a8bb93	sltiu	x23,x17,-150	 x17:0x000000a8 x23=0x00000001
       28495000	     14147	8000f2b0	019acc03	lbu	x24,25(x21)	 x21:0x8001b148 x24=0x00000062 PA:0x8001b161 store:0x00000078
       28497000	     14148	8000f2b4	717d	c.addi16sp	x2,-16	  x2:0x00004e4f  x2=0x00004e3f
       28499000	     14149	8000f2b6	826d	c.srli	x12,0x1b	 x12:0x00000051 x12=0x00000000
       28507000	     14153	8000f2b8	0001	c.addi	x0,0	  x0:0x00000000  x0=0x00000000
       28549000	     14174	8000f2ba	023f0133	mul	x2,x30,x3	 x30:0x80818283  x3:0x8000f226  x2=0x00993572
       28573000	     14186	8000f2be	03aac883	lbu	x17,58(x21)	 x21:0x8001b148 x17=0x00000081 PA:0x8001b182 store:0xfffffff0
       28575000	     14187	8000f2c2	969e	c.add	x13,x7	 x13:0x00000000  x7:0x000000b0 x13=0x000000b0
       28593000	     14196	8000f2c4	e911	c.bnez	x10,8000f2d8	 x10:0x00000000
       28605000	     14202	8000f2c6	02bd1ab3	mulh	x21,x26,x11	 x26:0xfffffff0 x11:0x00000060 x21=0xffffffff
       28607000	     14203	8000f2ca	8cdd	c.or	x9,x15	  x9:0x00000056 x15:0x0000004e  x9=0x0000005e
       28609000	     14204	8000f2cc	8ed1	c.or	x13,x12	 x13:0x000000b0 x12:0x00000000 x13=0x000000b0
       28623000	     14211	8000f2ce	002b8433	add	x8,x23,x2	 x23:0x00000001  x2:0x00993572  x8=0x00993573
       28627000	     14213	8000f2d2	f7f86f13	ori	x30,x16,-129	 x16:0x80018f56 x30=0xffffff7f
       28629000	     14214	8000f2d6	8f31	c.xor	x14,x12	 x14:0x8001b148 x12:0x00000000 x14=0x8001b148
       28631000	     14215	8000f2d8	096a	c.slli	x18,0x1a	 x18:0x00000000 x18=0x00000000
       28633000	     14216	8000f2da	4d5d	c.li	x26,23	 x26=0x00000017
       28635000	     14217	8000f2dc	034e8663	beq	x29,x20,8000f308	 x29:0x00005a5b x20:0x000000b0  x0=0x00000000
       28687000	     14243	8000f2e0	8211	c.srli	x12,0x4	 x12:0x00000000 x12=0x00000000
       28689000	     14244	8000f2e2	5e7d	c.li	x28,-1	 x28=0xffffffff
       28693000	     14246	8000f2e4	05434163	blt	x6,x20,8000f326	  x6:0x00000000 x20:0x000000b0  x0=0x00000000
       28771000	     14285	8000f326	4066d533	sra	x10,x13,x6	 x13:0x000000b0  x6:0x00000000 x10=0x000000b0
       28779000	     14289	8000f32a	025b8233	mul	x4,x23,x5	 x23:0x00000001  x5:0x80021ddc  x4=0x80021ddc
       28797000	     14298	8000f32e	00100073	ebreak	
       28799000	     14299	8000f332	8c76	c.mv	x24,x29	  x0:0x00000000 x29:0x00005a5b x24=0x00005a5b
       28823000	     14311	8000f334	9002	c.ebreak	
       28825000	     14312	8000f336	0001	c.addi	x0,0	  x0:0x00000000  x0=0x00000000
       28827000	     14313	8000f338	0ff0000f	fence	iorwiorwiorwiorwiorwiorwiorwiorwiorwiorwiorwiorwiorwiorwiorwiorwiorwiorwiorwiorwiorwiorwiorwiorwiorwiorwiorwiorwiorwiorwiorwiorwiorwiorwiorwiorwiorw,iorwiorwiorwiorwiorwiorwiorwiorwiorwiorwiorwiorwiorwiorwiorwiorwiorwiorwiorwiorwiorwiorwiorwiorwiorwiorwiorwiorwiorwiorwiorwiorwiorwiorwiorwiorwiorwiorw	
       28843000	     14321	8000f33c	8a61	c.andi	x12,24	 x12:0x00000000 x12=0x00000000
       28845000	     14322	8000f33e	614d	c.addi16sp	x2,176	  x2:0x00993572  x2=0x00993622
       28865000	     14332	8000f340	7c089d17	auipc	x26,0x7c089	 x26=0xfc098340
       28873000	     14336	8000f344	028424b3	mulhsu	x9,x8,x8	  x8:0x00993573  x8:0x00993573  x9=0x00005bb0
       28875000	     14337	8000f348	0001	c.addi	x0,0	  x0:0x00000000  x0=0x00000000
       28877000	     14338	8000f34a	9002	c.ebreak	
       28879000	     14339	8000f34c	0001	c.addi	x0,0	  x0:0x00000000  x0=0x00000000
       28881000	     14340	8000f34e	00100073	ebreak	
       28885000	     14342	8000f352	e105	c.bnez	x10,8000f372	 x10:0x000000b0
       28929000	     14364	8000f372	6a1d	c.lui	x20,0x7	 x20=0x00007000
       28951000	     14375	8000f374	f9824393	xori	x7,x4,-104	  x4:0x80021ddc  x7=0x7ffde244
       28959000	     14379	8000f378	8c35	c.xor	x8,x13	  x8:0x00993573 x13:0x000000b0  x8=0x009935c3
       28961000	     14380	8000f37a	004ff863	bgeu	x31,x4,8000f38a	 x31:0x00000012  x4:0x80021ddc  x0=0x00000000
       28963000	     14381	8000f37e	8f25	c.xor	x14,x9	 x14:0x8001b148  x9:0x00005bb0 x14=0x8001eaf8
       28983000	     14391	8000f380	52cd2017	auipc	x0,0x52cd2	  x0=0x00000000
       28993000	     14396	8000f384	cb15	c.beqz	x14,8000f3b8	 x14:0x8001eaf8
       29045000	     14422	8000f386	02ca8833	mul	x16,x21,x12	 x21:0xffffffff x12:0x00000000 x16=0x00000000
       29047000	     14423	8000f38a	e22fbb13	sltiu	x22,x31,-478	 x31:0x00000012 x22=0x00000001
       29049000	     14424	8000f38e	1b7d	c.addi	x22,-1	 x22:0x00000001 x22=0x00000000
       29065000	     14432	8000f390	14813d13	sltiu	x26,x2,328	  x2:0x00993622 x26=0x00000000
       29067000	     14433	8000f394	f9587d93	andi	x27,x16,-107	 x16:0x00000000 x27=0x00000000
       29105000	     14452	8000f398	00ebde93	srli	x29,x23,0xe	 x23:0x00000001 x29=0x00000000
       29107000	     14453	8000f39c	00682233	slt	x4,x16,x6	 x16:0x00000000  x6:0x00000000  x4=0x00000000
       29109000	     14454	8000f3a0	02f8a113	slti	x2,x17,47	 x17:0x00000081  x2=0x00000000
       29129000	     14464	8000f3a4	01a34663	blt	x6,x26,8000f3b0	  x6:0x00000000 x26:0x00000000  x0=0x00000000
       29151000	     14475	8000f3a8	022a4763	blt	x20,x2,8000f3d6	 x20:0x00007000  x2:0x00000000  x0=0x00000000
       29213000	     14506	8000f3ac	e954a413	slti	x8,x9,-363	  x9:0x00005bb0  x8=0x00000000
       29227000	     14513	8000f3b0	c103fc93	andi	x25,x7,-1008	  x7:0x7ffde244 x25=0x7ffde000
       29237000	     14518	8000f3b4	009f86b3	add	x13,x31,x9	 x31:0x00000012  x9:0x00005bb0 x13=0x00005bc2
       29279000	     14539	8000f3b8	1cfd	c.addi	x25,-1	 x25:0x7ffde000 x25=0x7ffddfff
       29281000	     14540	8000f3ba	266e2793	slti	x15,x28,614	 x28:0xffffffff x15=0x00000001
       29305000	     14552	8000f3be	40628233	sub	x4,x5,x6	  x5:0x80021ddc  x6:0x00000000  x4=0x80021ddc
       29307000	     14553	8000f3c2	717d	c.addi16sp	x2,-16	  x2:0x00000000  x2=0xfffffff0
       29317000	     14558	8000f3c4	14184e93	xori	x29,x16,321	 x16:0x00000000 x29=0x00000141
       29339000	     14569	8000f3c8	03710033	mul	x0,x2,x23	  x2:0xfffffff0 x23:0x00000001  x0=0x00000000
       29357000	     14578	8000f3cc	0001	c.addi	x0,0	  x0:0x00000000  x0=0x00000000
       29423000	     14611	8000f3ce	03698ab3	mul	x21,x19,x22	 x19:0x80025e7c x22:0x00000000 x21=0x00000000
       29425000	     14612	8000f3d2	6b95	c.lui	x23,0x5	 x23=0x00005000
       29439000	     14619	8000f3d4	8ce9	c.and	x9,x10	  x9:0x00005bb0 x10:0x000000b0  x9=0x000000b0
       29483000	     14641	8000f3d6	0193f763	bgeu	x7,x25,8000f3e4	  x7:0x7ffde244 x25:0x7ffddfff  x0=0x00000000
       29543000	     14671	8000f3e4	40565e33	sra	x28,x12,x5	 x12:0x00000000  x5:0x80021ddc x28=0x00000000
       29563000	     14681	8000f3e8	1118	c.addi4spn	x14,x2,160	 x14=0x00000090
       29605000	     14702	8000f3ea	199f2513	slti	x10,x30,409	 x30:0xffffff7f x10=0x00000001
       29607000	     14703	8000f3ee	0ff0000f	fence	iorwiorwiorwiorwiorwiorwiorwiorwiorwiorwiorwiorwiorwiorwiorwiorwiorwiorwiorwiorwiorwiorwiorwiorwiorwiorwiorwiorwiorwiorwiorwiorwiorwiorwiorwiorwiorwiorwiorw,iorwiorwiorwiorwiorwiorwiorwiorwiorwiorwiorwiorwiorwiorwiorwiorwiorwiorwiorwiorwiorwiorwiorwiorwiorwiorwiorwiorwiorwiorwiorwiorwiorwiorwiorwiorwiorwiorwiorwiorw	
       29609000	     14704	8000f3f2	9afd	c.andi	x13,-1	 x13:0x00005bc2 x13=0x00005bc2
       29701000	     14750	8000f3f4	025af033	remu	x0,x21,x5	 x21:0x00000000  x5:0x80021ddc  x0=0x00000000
       29703000	     14751	8000f3f8	de538193	addi	x3,x7,-539	  x7:0x7ffde244  x3=0x7ffde029
       29705000	     14752	8000f3fc	d9c8b913	sltiu	x18,x17,-612	 x17:0x00000081 x18=0x00000001
       29707000	     14753	8000f400	81f5	c.srli	x11,0x1d	 x11:0x00000060 x11=0x00000000
       29729000	     14764	8000f402	41ac0933	sub	x18,x24,x26	 x24:0x00005a5b x26:0x00000000 x18=0x00005a5b
       29731000	     14765	8000f406	8cc5	c.or	x9,x9	  x9:0x000000b0  x9:0x000000b0  x9=0x000000b0
       29733000	     14766	8000f408	09bcbf13	sltiu	x30,x25,155	 x25:0x7ffddfff x30=0x00000000
       29793000	     14796	8000f40c	616d	c.addi16sp	x2,240	  x2:0xfffffff0  x2=0x000000e0
       29813000	     14806	8000f40e	196b4a93	xori	x21,x22,406	 x22:0x00000000 x21=0x00000196
       29815000	     14807	8000f412	01adf833	and	x16,x27,x26	 x27:0x00000000 x26:0x00000000 x16=0x00000000
       29817000	     14808	8000f416	98fd	c.andi	x9,-1	  x9:0x000000b0  x9=0x000000b0
       29819000	     14809	8000f418	00869093	slli	x1,x13,0x8	 x13:0x00005bc2  x1=0x005bc200
       29823000	     14811	8000f41c	0d56	c.slli	x26,0x15	 x26:0x00000000 x26=0x00000000
       29845000	     14822	8000f41e	0c8bc213	xori	x4,x23,200	 x23:0x00005000  x4=0x000050c8
       29849000	     14824	8000f422	0d9ae063	bltu	x21,x25,8000f4e2	 x21:0x00000196 x25:0x7ffddfff  x0=0x00000000
       29897000	     14848	8000f4e2	0599	c.addi	x11,6	 x11:0x00000000 x11=0x00000006
       29921000	     14860	8000f4e4	cdef8f13	addi	x30,x31,-802	 x31:0x00000012 x30=0xfffffcf0
       29923000	     14861	8000f4e8	0f61	c.addi	x30,24	 x30:0xfffffcf0 x30=0xfffffd08
       29935000	     14867	8000f4ea	41a65933	sra	x18,x12,x26	 x12:0x00000000 x26:0x00000000 x18=0x00000000
       29937000	     14868	8000f4ee	8b2a	c.mv	x22,x10	  x0:0x00000000 x10:0x00000001 x22=0x00000001
       29967000	     14883	8000f4f0	00100073	ebreak	
       29981000	     14890	8000f4f4	8eb1	c.xor	x13,x12	 x13:0x00005bc2 x12:0x00000000 x13=0x00005bc2
       29983000	     14891	8000f4f6	8dfd	c.and	x11,x15	 x11:0x00000006 x15:0x00000001 x11=0x00000000
       29991000	     14895	8000f4f8	577d	c.li	x14,-1	 x14=0xffffffff
       30015000	     14907	8000f4fa	05e26063	bltu	x4,x30,8000f53a	  x4:0x000050c8 x30:0xfffffd08  x0=0x00000000
       30059000	     14929	8000f53a	01fedd63	bge	x29,x31,8000f554	 x29:0x00000141 x31:0x00000012  x0=0x00000000
       30105000	     14952	8000f554	023b0c63	beq	x22,x3,8000f58c	 x22:0x00000001  x3:0x7ffde029  x0=0x00000000
       30137000	     14968	8000f558	0001	c.addi	x0,0	  x0:0x00000000  x0=0x00000000
       30139000	     14969	8000f55a	089c	c.addi4spn	x15,x2,80	 x15=0x00000130
       30141000	     14970	8000f55c	01a8e0b3	or	x1,x17,x26	 x17:0x00000081 x26:0x00000000  x1=0x00000081
       30145000	     14972	8000f560	0ff0000f	fence	iorwiorwiorwiorwiorwiorwiorwiorwiorwiorwiorwiorwiorwiorwiorwiorwiorwiorwiorwiorwiorwiorwiorwiorwiorwiorwiorwiorwiorwiorwiorwiorwiorwiorwiorwiorwiorwiorwiorwiorwiorw,iorwiorwiorwiorwiorwiorwiorwiorwiorwiorwiorwiorwiorwiorwiorwiorwiorwiorwiorwiorwiorwiorwiorwiorwiorwiorwiorwiorwiorwiorwiorwiorwiorwiorwiorwiorwiorwiorwiorwiorwiorwiorw	
       30193000	     14996	8000f564	43ff4b37	lui	x22,0x43ff4	 x22=0x43ff4000
       30195000	     14997	8000f568	00a08e33	add	x28,x1,x10	  x1:0x00000081 x10:0x00000001 x28=0x00000082
       30219000	     15009	8000f56c	03a57763	bgeu	x10,x26,8000f59a	 x10:0x00000001 x26:0x00000000  x0=0x00000000
       30255000	     15027	8000f59a	8885	c.andi	x9,1	  x9:0x000000b0  x9=0x00000000
       30267000	     15033	8000f59c	20394713	xori	x14,x18,515	 x18:0x00000000 x14=0x00000203
       30269000	     15034	8000f5a0	8d11	c.sub	x10,x12	 x10:0x00000001 x12:0x00000000 x10=0x00000001
       30297000	     15048	8000f5a2	024cb1b3	mulhu	x3,x25,x4	 x25:0x7ffddfff  x4:0x000050c8  x3=0x00002863
       30299000	     15049	8000f5a6	00100073	ebreak	
       30341000	     15070	8000f5aa	00f6cdb3	xor	x27,x13,x15	 x13:0x00005bc2 x15:0x00000130 x27=0x00005af2
       30349000	     15074	8000f5ae	02c727b3	mulhsu	x15,x14,x12	 x14:0x00000203 x12:0x00000000 x15=0x00000000
       30351000	     15075	8000f5b2	0a2d	c.addi	x20,11	 x20:0x00007000 x20=0x0000700b
       30353000	     15076	8000f5b4	88cd	c.andi	x9,19	  x9:0x00000000  x9=0x00000000
       30355000	     15077	8000f5b6	daee4d93	xori	x27,x28,-594	 x28:0x00000082 x27=0xfffffd2c
       30359000	     15079	8000f5ba	c389	c.beqz	x15,8000f5bc	 x15:0x00000000
       30411000	     15105	8000f5bc	00100073	ebreak	
       30447000	     15123	8000f5c0	01d078b3	and	x17,x0,x29	  x0:0x00000000 x29:0x00000141 x17=0x00000000
       30449000	     15124	8000f5c4	00702933	slt	x18,x0,x7	  x0:0x00000000  x7:0x7ffde244 x18=0x00000001
       30459000	     15129	8000f5c8	0136f633	and	x12,x13,x19	 x13:0x00005bc2 x19:0x80025e7c x12=0x00005a40
       30493000	     15146	8000f5cc	527d	c.li	x4,-1	  x4=0xffffffff
       30501000	     15150	8000f5ce	029811b3	mulh	x3,x16,x9	 x16:0x00000000  x9:0x00000000  x3=0x00000000
       30503000	     15151	8000f5d2	6519	c.lui	x10,0x6	 x10=0x00006000
       30583000	     15191	8000f5d4	0279f1b3	remu	x3,x19,x7	 x19:0x80025e7c  x7:0x7ffde244  x3=0x00047c38
       30585000	     15192	8000f5d8	000defb3	or	x31,x27,x0	 x27:0xfffffd2c  x0:0x00000000 x31=0xfffffd2c
       30589000	     15194	8000f5dc	ea01	c.bnez	x12,8000f5ec	 x12:0x00005a40
       30627000	     15213	8000f5ec	019c1113	slli	x2,x24,0x19	 x24:0x00005a5b  x2=0xb6000000
       30631000	     15215	8000f5f0	00100073	ebreak	
       30651000	     15225	8000f5f4	002e7863	bgeu	x28,x2,8000f604	 x28:0x00000082  x2:0xb6000000  x0=0x00000000
       30713000	     15256	8000f5f8	dda9c013	xori	x0,x19,-550	 x19:0x80025e7c  x0=0x00000000
       30753000	     15276	8000f5fc	0ff0000f	fence	iorwiorwiorwiorwiorwiorwiorwiorwiorwiorwiorwiorwiorwiorwiorwiorwiorwiorwiorwiorwiorwiorwiorwiorwiorwiorwiorwiorwiorwiorwiorwiorwiorwiorwiorwiorwiorwiorwiorwiorwiorwiorwiorw,iorwiorwiorwiorwiorwiorwiorwiorwiorwiorwiorwiorwiorwiorwiorwiorwiorwiorwiorwiorwiorwiorwiorwiorwiorwiorwiorwiorwiorwiorwiorwiorwiorwiorwiorwiorwiorwiorwiorwiorwiorwiorwiorwiorw	
       30827000	     15313	8000f600	032ff833	remu	x16,x31,x18	 x31:0xfffffd2c x18:0x00000001 x16=0x00000000
       30829000	     15314	8000f604	fb56bf13	sltiu	x30,x13,-75	 x13:0x00005bc2 x30=0x00000001
       30831000	     15315	8000f608	41888133	sub	x2,x17,x24	 x17:0x00000000 x24:0x00005a5b  x2=0xffffa5a5
       30833000	     15316	8000f60c	9b7d	c.andi	x14,-1	 x14:0x00000203 x14=0x00000203
       30841000	     15320	8000f60e	00028e33	add	x28,x5,x0	  x5:0x80021ddc  x0:0x00000000 x28=0x80021ddc
       30843000	     15321	8000f612	01deb633	sltu	x12,x29,x29	 x29:0x00000141 x29:0x00000141 x12=0x00000000
       30885000	     15342	8000f616	018d5a33	srl	x20,x26,x24	 x26:0x00000000 x24:0x00005a5b x20=0x00000000
       30887000	     15343	8000f61a	ca807113	andi	x2,x0,-856	  x0:0x00000000  x2=0x00000000
       30989000	     15394	8000f61e	027e6b33	rem	x22,x28,x7	 x28:0x80021ddc  x7:0x7ffde244 x22=0x80021ddc
       30991000	     15395	8000f622	0001	c.addi	x0,0	  x0:0x00000000  x0=0x00000000
       30993000	     15396	8000f624	8ff5	c.and	x15,x13	 x15:0x00000000 x13:0x00005bc2 x15=0x00000000
       30997000	     15398	8000f626	03014e33	div	x28,x2,x16	  x2:0x00000000 x16:0x00000000 x28=0xffffffff
       31053000	     15426	8000f62a	00449113	slli	x2,x9,0x4	  x9:0x00000000  x2=0x00000000
       31055000	     15427	8000f62e	40dd5b33	sra	x22,x26,x13	 x26:0x00000000 x13:0x00005bc2 x22=0x00000000
       31113000	     15456	8000f632	01b25413	srli	x8,x4,0x1b	  x4:0xffffffff  x8=0x0000001f
       31115000	     15457	8000f636	0ff0000f	fence	iorwiorwiorwiorwiorwiorwiorwiorwiorwiorwiorwiorwiorwiorwiorwiorwiorwiorwiorwiorwiorwiorwiorwiorwiorwiorwiorwiorwiorwiorwiorwiorwiorwiorwiorwiorwiorwiorwiorwiorwiorwiorwiorwiorwiorw,iorwiorwiorwiorwiorwiorwiorwiorwiorwiorwiorwiorwiorwiorwiorwiorwiorwiorwiorwiorwiorwiorwiorwiorwiorwiorwiorwiorwiorwiorwiorwiorwiorwiorwiorwiorwiorwiorwiorwiorwiorwiorwiorwiorwiorwiorw	
       31157000	     15478	8000f63a	01e96fb3	or	x31,x18,x30	 x18:0x00000001 x30:0x00000001 x31=0x00000001
       31187000	     15493	8000f63e	032d2a33	mulhsu	x20,x26,x18	 x26:0x00000000 x18:0x00000001 x20=0x00000000
       31189000	     15494	8000f642	00490133	add	x2,x18,x4	 x18:0x00000001  x4:0xffffffff  x2=0x00000000
       31191000	     15495	8000f646	8fbd	c.xor	x15,x15	 x15:0x00000000 x15:0x00000000 x15=0x00000000
       31239000	     15519	8000f648	01f64e33	xor	x28,x12,x31	 x12:0x00000000 x31:0x00000001 x28=0x00000001
       31241000	     15520	8000f64c	003a5f33	srl	x30,x20,x3	 x20:0x00000000  x3:0x00047c38 x30=0x00000000
       31255000	     15527	8000f650	0120de63	bge	x1,x18,8000f66c	  x1:0x00000081 x18:0x00000001  x0=0x00000000
       31279000	     15539	8000f66c	407cd593	srai	x11,x25,0x7	 x25:0x7ffddfff x11=0x00fffbbf
       31319000	     15559	8000f670	029e4d33	div	x26,x28,x9	 x28:0x00000001  x9:0x00000000 x26=0xffffffff
       31329000	     15564	8000f674	127d	c.addi	x4,-1	  x4:0xffffffff  x4=0xfffffffe
       31331000	     15565	8000f676	8e9d	c.sub	x13,x15	 x13:0x00005bc2 x15:0x00000000 x13=0x00005bc2
       31333000	     15566	8000f678	00dac3b3	xor	x7,x21,x13	 x21:0x00000196 x13:0x00005bc2  x7=0x00005a54
       31359000	     15579	8000f67c	01156133	or	x2,x10,x17	 x10:0x00006000 x17:0x00000000  x2=0x00006000
       31371000	     15585	8000f680	01bb5213	srli	x4,x22,0x1b	 x22:0x00000000  x4=0x00000000
       31389000	     15594	8000f684	0bda	c.slli	x23,0x16	 x23:0x00005000 x23=0x00000000
       31391000	     15595	8000f686	e1f22613	slti	x12,x4,-481	  x4:0x00000000 x12=0x00000000
       31397000	     15598	8000f68a	02ae0033	mul	x0,x28,x10	 x28:0x00000001 x10:0x00006000  x0=0x00000000
       31409000	     15604	8000f68e	0374e4b3	rem	x9,x9,x23	  x9:0x00000000 x23:0x00000000  x9=0x00000000
       31411000	     15605	8000f692	88b9	c.andi	x9,14	  x9:0x00000000  x9=0x00000000
       31419000	     15609	8000f694	01ea0663	beq	x20,x30,8000f6a0	 x20:0x00000000 x30:0x00000000  x0=0x00000000
       31549000	     15674	8000f6a0	02345f33	divu	x30,x8,x3	  x8:0x0000001f  x3:0x00047c38 x30=0x00000000
       31551000	     15675	8000f6a4	01e6	c.slli	x3,0x19	  x3:0x00047c38  x3=0x70000000
       31553000	     15676	8000f6a6	8ffd	c.and	x15,x15	 x15:0x00000000 x15:0x00000000 x15=0x00000000
       31555000	     15677	8000f6a8	8141	c.srli	x10,0x10	 x10:0x00006000 x10=0x00000000
       31557000	     15678	8000f6aa	0153de93	srli	x29,x7,0x15	  x7:0x00005a54 x29=0x00000000
       31559000	     15679	8000f6ae	9002	c.ebreak	
       31587000	     15693	8000f6b0	0001	c.addi	x0,0	  x0:0x00000000  x0=0x00000000
       31629000	     15714	8000f6b2	02f90c63	beq	x18,x15,8000f6ea	 x18:0x00000001 x15:0x00000000  x0=0x00000000
       31631000	     15715	8000f6b6	014c3c33	sltu	x24,x24,x20	 x24:0x00005a5b x20:0x00000000 x24=0x00000000
       31633000	     15716	8000f6ba	1600	c.addi4spn	x8,x2,800	  x8=0x00006320
       31645000	     15722	8000f6bc	020d7e33	remu	x28,x26,x0	 x26:0xffffffff  x0:0x00000000 x28=0xffffffff
       31675000	     15737	8000f6c0	850d	c.srai	x10,0x3	 x10:0x00000000 x10=0x00000000
       31677000	     15738	8000f6c2	a0195fb7	lui	x31,0xa0195	 x31=0xa0195000
       31679000	     15739	8000f6c6	00a15133	srl	x2,x2,x10	  x2:0x00006000 x10:0x00000000  x2=0x00006000
       31697000	     15748	8000f6ca	0336b393	sltiu	x7,x13,51	 x13:0x00005bc2  x7=0x00000000
       31699000	     15749	8000f6ce	6af5	c.lui	x21,0x1d	 x21=0x0001d000
       31715000	     15757	8000f6d0	02377a63	bgeu	x14,x3,8000f704	 x14:0x00000203  x3:0x70000000  x0=0x00000000
       31721000	     15760	8000f6d4	e0c23913	sltiu	x18,x4,-500	  x4:0x00000000 x18=0x00000001
       31759000	     15779	8000f6d8	8fd1	c.or	x15,x12	 x15:0x00000000 x12:0x00000000 x15=0x00000000
       31765000	     15782	8000f6da	40955093	srai	x1,x10,0x9	 x10:0x00000000  x1=0x00000000
       31769000	     15784	8000f6de	c899	c.beqz	x9,8000f6f4	  x9:0x00000000
       31835000	     15817	8000f6f4	e499	c.bnez	x9,8000f702	  x9:0x00000000
       31837000	     15818	8000f6f6	dd9db897	auipc	x17,0xdd9db	 x17=0x5d9ea6f6
       31863000	     15831	8000f6fa	039c08b3	mul	x17,x24,x25	 x24:0x00000000 x25:0x7ffddfff x17=0x00000000
       31883000	     15841	8000f6fe	0183d563	bge	x7,x24,8000f708	  x7:0x00000000 x24:0x00000000  x0=0x00000000
       31915000	     15857	8000f708	8669	c.srai	x12,0x1a	 x12:0x00000000 x12=0x00000000
       31933000	     15866	8000f70a	e4d58b13	addi	x22,x11,-435	 x11:0x00fffbbf x22=0x00fffa0c
       31935000	     15867	8000f70e	8f59	c.or	x14,x14	 x14:0x00000203 x14:0x00000203 x14=0x00000203
       31943000	     15871	8000f710	8cf9	c.and	x9,x14	  x9:0x00000000 x14:0x00000203  x9=0x00000000
       32005000	     15902	8000f712	40190233	sub	x4,x18,x1	 x18:0x00000001  x1:0x00000000  x4=0x00000001
       32019000	     15909	8000f716	037d5c63	bge	x26,x23,8000f74e	 x26:0xffffffff x23:0x00000000  x0=0x00000000
       32021000	     15910	8000f71a	0de5	c.addi	x27,25	 x27:0xfffffd2c x27=0xfffffd45
       32023000	     15911	8000f71c	9b46	c.add	x22,x17	 x22:0x00fffa0c x17:0x00000000 x22=0x00fffa0c
       32043000	     15921	8000f71e	01cbce63	blt	x23,x28,8000f73a	 x23:0x00000000 x28:0xffffffff  x0=0x00000000
       32105000	     15952	8000f722	01179133	sll	x2,x15,x17	 x15:0x00000000 x17:0x00000000  x2=0x00000000
       32107000	     15953	8000f726	01ab4c63	blt	x22,x26,8000f73e	 x22:0x00fffa0c x26:0xffffffff  x0=0x00000000
       32109000	     15954	8000f72a	c195	c.beqz	x11,8000f74e	 x11:0x00fffbbf
       32113000	     15956	8000f72c	00d9c963	blt	x19,x13,8000f73e	 x19:0x80025e7c x13:0x00005bc2  x0=0x00000000
       32135000	     15967	8000f73e	748c4b17	auipc	x22,0x748c4	 x22=0xf48d373e
       32139000	     15969	8000f742	c9908d13	addi	x26,x1,-871	  x1:0x00000000 x26=0xfffffc99
       32143000	     15971	8000f746	029b9b63	bne	x23,x9,8000f77c	 x23:0x00000000  x9:0x00000000  x0=0x00000000
       32153000	     15976	8000f74a	03fb3db3	mulhu	x27,x22,x31	 x22:0xf48d373e x31:0xa0195000 x27=0x98f070bd
       32201000	     16000	8000f74e	41928a33	sub	x20,x5,x25	  x5:0x80021ddc x25:0x7ffddfff x20=0x00043ddd
       32211000	     16005	8000f752	40f75093	srai	x1,x14,0xf	 x14:0x00000203  x1=0x00000000
       32249000	     16024	8000f756	02508c63	beq	x1,x5,8000f78e	  x1:0x00000000  x5:0x80021ddc  x0=0x00000000
       32253000	     16026	8000f75a	e95e7193	andi	x3,x28,-363	 x28:0xffffffff  x3=0xfffffe95
       32293000	     16046	8000f75e	00045b13	srli	x22,x8,0x0	  x8:0x00006320 x22=0x00006320
       32301000	     16050	8000f762	038195b3	mulh	x11,x3,x24	  x3:0xfffffe95 x24:0x00000000 x11=0x00000000
       32303000	     16051	8000f766	404e5a13	srai	x20,x28,0x4	 x28:0xffffffff x20=0xffffffff
       32313000	     16056	8000f76a	037dae13	slti	x28,x27,55	 x27:0x98f070bd x28=0x00000001
       32315000	     16057	8000f76e	8e7d	c.and	x12,x15	 x12:0x00000000 x15:0x00000000 x12=0x00000000
       32327000	     16063	8000f770	012db3b3	sltu	x7,x27,x18	 x27:0x98f070bd x18:0x00000001  x7=0x00000000
       32329000	     16064	8000f774	cb6aca93	xori	x21,x21,-842	 x21:0x0001d000 x21=0xfffe2cb6
       32353000	     16076	8000f778	0019ff63	bgeu	x19,x1,8000f796	 x19:0x80025e7c  x1:0x00000000  x0=0x00000000
       32421000	     16110	8000f796	e87906b7	lui	x13,0xe8790	 x13=0xe8790000
       32439000	     16119	8000f79a	05984163	blt	x16,x25,8000f7dc	 x16:0x00000000 x25:0x7ffddfff  x0=0x00000000
       32509000	     16154	8000f7dc	0050ceb3	xor	x29,x1,x5	  x1:0x00000000  x5:0x80021ddc x29=0x80021ddc
       32511000	     16155	8000f7e0	8449	c.srai	x8,0x12	  x8:0x00006320  x8=0x00000000
       32559000	     16179	8000f7e2	00dc85b3	add	x11,x25,x13	 x25:0x7ffddfff x13:0xe8790000 x11=0x6876dfff
       32561000	     16180	8000f7e6	9daa	c.add	x27,x10	 x27:0x98f070bd x10:0x00000000 x27=0x98f070bd
       32569000	     16184	8000f7e8	c7540113	addi	x2,x8,-907	  x8:0x00000000  x2=0xfffffc75
       32587000	     16193	8000f7ec	0001	c.addi	x0,0	  x0:0x00000000  x0=0x00000000
       32629000	     16214	8000f7ee	0ff0000f	fence	iorwiorwiorwiorwiorwiorwiorwiorwiorwiorwiorwiorwiorwiorwiorwiorwiorwiorwiorwiorwiorwiorwiorwiorwiorwiorwiorwiorwiorwiorwiorwiorwiorwiorwiorwiorwiorwiorwiorwiorwiorwiorwiorwiorwiorwiorwiorw,iorwiorwiorwiorwiorwiorwiorwiorwiorwiorwiorwiorwiorwiorwiorwiorwiorwiorwiorwiorwiorwiorwiorwiorwiorwiorwiorwiorwiorwiorwiorwiorwiorwiorwiorwiorwiorwiorwiorwiorwiorwiorwiorwiorwiorwiorwiorwiorw	
       32631000	     16215	8000f7f2	00100073	ebreak	
       32633000	     16216	8000f7f6	0722	c.slli	x14,0x8	 x14:0x00000203 x14=0x00020300
       32643000	     16221	8000f7f8	0001	c.addi	x0,0	  x0:0x00000000  x0=0x00000000
       32675000	     16237	8000f7fa	c3c90a13	addi	x20,x18,-964	 x18:0x00000001 x20=0xfffffc3d
       32677000	     16238	8000f7fe	8c61	c.and	x8,x8	  x8:0x00000000  x8:0x00000000  x8=0x00000000
       32679000	     16239	8000f800	99fd	c.andi	x11,-1	 x11:0x6876dfff x11=0x6876dfff
       32703000	     16251	8000f802	00100073	ebreak	
       32721000	     16260	8000f806	01a40db3	add	x27,x8,x26	  x8:0x00000000 x26:0xfffffc99 x27=0xfffffc99
       32723000	     16261	8000f80a	88c9	c.andi	x9,18	  x9:0x00000000  x9=0x00000000
       32749000	     16274	8000f80c	02ce3fb3	mulhu	x31,x28,x12	 x28:0x00000001 x12:0x00000000 x31=0x00000000
       32767000	     16283	8000f810	0206ffb3	remu	x31,x13,x0	 x13:0xe8790000  x0:0x00000000 x31=0xe8790000
       32787000	     16293	8000f814	e895	c.bnez	x9,8000f848	  x9:0x00000000
       32789000	     16294	8000f816	717d	c.addi16sp	x2,-16	  x2:0xfffffc75  x2=0xfffffc65
       32801000	     16300	8000f818	557d	c.li	x10,-1	 x10=0xffffffff
       32803000	     16301	8000f81a	8e55	c.or	x12,x13	 x12:0x00000000 x13:0xe8790000 x12=0xe8790000
       32819000	     16309	8000f81c	02be1463	bne	x28,x11,8000f844	 x28:0x00000001 x11:0x6876dfff  x0=0x00000000
       32847000	     16323	8000f844	417f05b3	sub	x11,x30,x23	 x30:0x00000000 x23:0x00000000 x11=0x00000000
       32869000	     16334	8000f848	425d	c.li	x4,23	  x4=0x00000017
       32913000	     16356	8000f84a	02ce6363	bltu	x28,x12,8000f870	 x28:0x00000001 x12:0xe8790000  x0=0x00000000
       32957000	     16378	8000f870	021b2d33	mulhsu	x26,x22,x1	 x22:0x00006320  x1:0x00000000 x26=0x00000000
       32975000	     16387	8000f874	021c93b3	mulh	x7,x25,x1	 x25:0x7ffddfff  x1:0x00000000  x7=0x00000000
       33021000	     16410	8000f878	6115	c.addi16sp	x2,288	  x2:0xfffffc65  x2=0xfffffd85
       33023000	     16411	8000f87a	c235	c.beqz	x12,8000f8de	 x12:0xe8790000
       33031000	     16415	8000f87c	026c2db3	mulhsu	x27,x24,x6	 x24:0x00000000  x6:0x00000000 x27=0x00000000
       33065000	     16432	8000f880	01fad533	srl	x10,x21,x31	 x21:0xfffe2cb6 x31:0xe8790000 x10=0xfffe2cb6
       33071000	     16435	8000f884	8c45	c.or	x8,x9	  x8:0x00000000  x9:0x00000000  x8=0x00000000
       33073000	     16436	8000f886	0001	c.addi	x0,0	  x0:0x00000000  x0=0x00000000
       33099000	     16449	8000f888	0ff0000f	fence	iorwiorwiorwiorwiorwiorwiorwiorwiorwiorwiorwiorwiorwiorwiorwiorwiorwiorwiorwiorwiorwiorwiorwiorwiorwiorwiorwiorwiorwiorwiorwiorwiorwiorwiorwiorwiorwiorwiorwiorwiorwiorwiorwiorwiorwiorwiorwiorwiorw,iorwiorwiorwiorwiorwiorwiorwiorwiorwiorwiorwiorwiorwiorwiorwiorwiorwiorwiorwiorwiorwiorwiorwiorwiorwiorwiorwiorwiorwiorwiorwiorwiorwiorwiorwiorwiorwiorwiorwiorwiorwiorwiorwiorwiorwiorwiorwiorwiorwiorw	
       33121000	     16460	8000f88c	024e06b3	mul	x13,x28,x4	 x28:0x00000001  x4:0x00000017 x13=0x00000017
       33123000	     16461	8000f890	0814	c.addi4spn	x13,x2,16	 x13=0xfffffd95
       33133000	     16466	8000f892	41b005b3	sub	x11,x0,x27	  x0:0x00000000 x27:0x00000000 x11=0x00000000
       33137000	     16468	8000f896	c025	c.beqz	x8,8000f8f6	  x8:0x00000000
       33145000	     16472	8000f8f6	9002	c.ebreak	
       33185000	     16492	8000f8f8	0001	c.addi	x0,0	  x0:0x00000000  x0=0x00000000
       33197000	     16498	8000f8fa	0135e733	or	x14,x11,x19	 x11:0x00000000 x19:0x80025e7c x14=0x80025e7c
       33205000	     16502	8000f8fe	032e95b3	mulh	x11,x29,x18	 x29:0x80021ddc x18:0x00000001 x11=0xffffffff
       33223000	     16511	8000f902	0ff0000f	fence	iorwiorwiorwiorwiorwiorwiorwiorwiorwiorwiorwiorwiorwiorwiorwiorwiorwiorwiorwiorwiorwiorwiorwiorwiorwiorwiorwiorwiorwiorwiorwiorwiorwiorwiorwiorwiorwiorwiorwiorwiorwiorwiorwiorwiorwiorwiorwiorwiorwiorwiorw,iorwiorwiorwiorwiorwiorwiorwiorwiorwiorwiorwiorwiorwiorwiorwiorwiorwiorwiorwiorwiorwiorwiorwiorwiorwiorwiorwiorwiorwiorwiorwiorwiorwiorwiorwiorwiorwiorwiorwiorwiorwiorwiorwiorwiorwiorwiorwiorwiorwiorwiorwiorw	
       33225000	     16512	8000f906	0d3b8d93	addi	x27,x23,211	 x23:0x00000000 x27=0x000000d3
       33253000	     16526	8000f90a	419edf93	srai	x31,x29,0x19	 x29:0x80021ddc x31=0xffffffc0
       33255000	     16527	8000f90e	848a	c.mv	x9,x2	  x0:0x00000000  x2:0xfffffd85  x9=0xfffffd85
       33257000	     16528	8000f910	8f81	c.sub	x15,x8	 x15:0x00000000  x8:0x00000000 x15=0x00000000
       33321000	     16560	8000f912	030e8533	mul	x10,x29,x16	 x29:0x80021ddc x16:0x00000000 x10=0x00000000
       33323000	     16561	8000f916	9002	c.ebreak	
       33325000	     16562	8000f918	0001	c.addi	x0,0	  x0:0x00000000  x0=0x00000000
       33327000	     16563	8000f91a	94effd37	lui	x26,0x94eff	 x26=0x94eff000
       33351000	     16575	8000f91e	010d58b3	srl	x17,x26,x16	 x26:0x94eff000 x16:0x00000000 x17=0x94eff000
       33401000	     16600	8000f922	01e96263	bltu	x18,x30,8000f926	 x18:0x00000001 x30:0x00000000  x0=0x00000000
       33449000	     16624	8000f926	02289bb3	mulh	x23,x17,x2	 x17:0x94eff000  x2:0xfffffd85 x23=0x00000109
       33461000	     16630	8000f92a	09f26593	ori	x11,x4,159	  x4:0x00000017 x11=0x0000009f
       33463000	     16631	8000f92e	9002	c.ebreak	
       33473000	     16636	8000f930	0001	c.addi	x0,0	  x0:0x00000000  x0=0x00000000
       33475000	     16637	8000f932	009bd793	srli	x15,x23,0x9	 x23:0x00000109 x15=0x00000000
       33477000	     16638	8000f936	8d95	c.sub	x11,x13	 x11:0x0000009f x13:0xfffffd95 x11=0x0000030a
       33519000	     16659	8000f938	01814963	blt	x2,x24,8000f94a	  x2:0xfffffd85 x24:0x00000000  x0=0x00000000
       33573000	     16686	8000f94a	0088d5b3	srl	x11,x17,x8	 x17:0x94eff000  x8:0x00000000 x11=0x94eff000
       33595000	     16697	8000f94e	01e798b3	sll	x17,x15,x30	 x15:0x00000000 x30:0x00000000 x17=0x00000000
       33683000	     16741	8000f952	03dee7b3	rem	x15,x29,x29	 x29:0x80021ddc x29:0x80021ddc x15=0x00000000
       33757000	     16778	8000f956	02cb51b3	divu	x3,x22,x12	 x22:0x00006320 x12:0xe8790000  x3=0x00000000
       33759000	     16779	8000f95a	0108c633	xor	x12,x17,x16	 x17:0x00000000 x16:0x00000000 x12=0x00000000
       33761000	     16780	8000f95e	717d	c.addi16sp	x2,-16	  x2:0xfffffd85  x2=0xfffffd75
       33803000	     16801	8000f960	014a5b93	srli	x23,x20,0x14	 x20:0xfffffc3d x23=0x00000fff
       33845000	     16822	8000f964	00a41e63	bne	x8,x10,8000f980	  x8:0x00000000 x10:0x00000000  x0=0x00000000
       33881000	     16840	8000f968	f64a7e13	andi	x28,x20,-156	 x20:0xfffffc3d x28=0xfffffc24
       33885000	     16842	8000f96c	c79d	c.beqz	x15,8000f99a	 x15:0x00000000
       33925000	     16862	8000f99a	02f89263	bne	x17,x15,8000f9be	 x17:0x00000000 x15:0x00000000  x0=0x00000000
       33927000	     16863	8000f99e	0001	c.addi	x0,0	  x0:0x00000000  x0=0x00000000
       33929000	     16864	8000f9a0	86e1	c.srai	x13,0x18	 x13:0xfffffd95 x13=0xffffffff
       33945000	     16872	8000f9a2	01525533	srl	x10,x4,x21	  x4:0x00000017 x21:0xfffe2cb6 x10=0x00000000
       34079000	     16939	8000f9a6	024f5133	divu	x2,x30,x4	 x30:0x00000000  x4:0x00000017  x2=0x00000000
       34081000	     16940	8000f9aa	dcf42097	auipc	x1,0xdcf42	  x1=0x5cf519aa
       34083000	     16941	8000f9ae	01531f33	sll	x30,x6,x21	  x6:0x00000000 x21:0xfffe2cb6 x30=0x00000000
       34085000	     16942	8000f9b2	51fd	c.li	x3,-1	  x3=0xffffffff
       34109000	     16954	8000f9b4	8829	c.andi	x8,10	  x8:0x00000000  x8=0x00000000
       34119000	     16959	8000f9b6	00100073	ebreak	
       34127000	     16963	8000f9ba	0194b533	sltu	x10,x9,x25	  x9:0xfffffd85 x25:0x7ffddfff x10=0x00000000
       34129000	     16964	8000f9be	458ea417	auipc	x8,0x458ea	  x8=0xc58f99be
       34131000	     16965	8000f9c2	84d9	c.srai	x9,0x16	  x9:0xfffffd85  x9=0xffffffff
       34167000	     16983	8000f9c4	3dea0913	addi	x18,x20,990	 x20:0xfffffc3d x18=0x0000001b
       34169000	     16984	8000f9c8	014d60b3	or	x1,x26,x20	 x26:0x94eff000 x20:0xfffffc3d  x1=0xfffffc3d
       34173000	     16986	8000f9cc	35f718b7	lui	x17,0x35f71	 x17=0x35f71000
       34217000	     17008	8000f9d0	0042a103	lw	x2,4(x5)	  x5:0x80021ddc  x2=0x80000da4 PA:0x80021de0 store:0x00000017
       34219000	     17009	8000f9d4	01812733	slt	x14,x2,x24	  x2:0x80000da4 x24:0x00000000 x14=0x00000001
       34221000	     17010	8000f9d8	03f34913	xori	x18,x6,63	  x6:0x00000000 x18=0x0000003f
       34223000	     17011	8000f9dc	04028293	addi	x5,x5,64	  x5:0x80021ddc  x5=0x80021e1c
       34245000	     17022	8000f9e0	0001	c.addi	x0,0	  x0:0x00000000  x0=0x00000000
       34247000	     17023	8000f9e2	8021	c.srli	x8,0x8	  x8:0xc58f99be  x8=0x00c58f99
       34287000	     17043	8000f9e4	0001	c.addi	x0,0	  x0:0x00000000  x0=0x00000000
       34305000	     17052	8000f9e6	00110393	addi	x7,x2,1	  x2:0x80000da4  x7=0x80000da5
       34309000	     17054	8000f9ea	9382	c.jalr	x7	  x7:0x80000da5  x1=0x8000f9ec
       34337000	     17068	80000da4	039aaab3	mulhsu	x21,x21,x25	 x21:0xfffe2cb6 x25:0x7ffddfff x21=0xffff165e
       34353000	     17076	80000da8	418704b3	sub	x9,x14,x24	 x14:0x00000001 x24:0x00000000  x9=0x00000001
       34391000	     17095	80000dac	997d	c.andi	x10,-1	 x10:0x00000000 x10=0x00000000
       34429000	     17114	80000dae	01eaadb3	slt	x27,x21,x30	 x21:0xffff165e x30:0x00000000 x27=0x00000001
       34441000	     17120	80000db2	00d563b3	or	x7,x10,x13	 x10:0x00000000 x13:0xffffffff  x7=0xffffffff
       34541000	     17170	80000db6	03684d33	div	x26,x16,x22	 x16:0x00000000 x22:0x00006320 x26=0x00000000
       34543000	     17171	80000dba	4ac1	c.li	x21,16	 x21=0x00000010
       34545000	     17172	80000dbc	07b6	c.slli	x15,0xd	 x15:0x00000000 x15=0x00000000
       34547000	     17173	80000dbe	e115	c.bnez	x10,80000de2	 x10:0x00000000
       34549000	     17174	80000dc0	0ff0000f	fence	iorwiorwiorwiorwiorwiorwiorwiorwiorwiorwiorwiorwiorwiorwiorwiorwiorwiorwiorwiorwiorwiorwiorwiorwiorwiorwiorwiorwiorwiorwiorwiorwiorwiorwiorwiorwiorwiorwiorwiorwiorwiorwiorwiorwiorwiorwiorwiorwiorwiorwiorwiorwiorw,iorwiorwiorwiorwiorwiorwiorwiorwiorwiorwiorwiorwiorwiorwiorwiorwiorwiorwiorwiorwiorwiorwiorwiorwiorwiorwiorwiorwiorwiorwiorwiorwiorwiorwiorwiorwiorwiorwiorwiorwiorwiorwiorwiorwiorwiorwiorwiorwiorwiorwiorwiorwiorwiorw	
       34565000	     17182	80000dc4	8d2d	c.xor	x10,x11	 x10:0x00000000 x11:0x94eff000 x10=0x94eff000
       34567000	     17183	80000dc6	11a4cb93	xori	x23,x9,282	  x9:0x00000001 x23=0x0000011b
       34581000	     17190	80000dca	008c1b93	slli	x23,x24,0x8	 x24:0x00000000 x23=0x00000000
       34585000	     17192	80000dce	cb061ab7	lui	x21,0xcb061	 x21=0xcb061000
       34595000	     17197	80000dd2	02cc27b3	mulhsu	x15,x24,x12	 x24:0x00000000 x12:0x00000000 x15=0x00000000
       34597000	     17198	80000dd6	9002	c.ebreak	
       34599000	     17199	80000dd8	0001	c.addi	x0,0	  x0:0x00000000  x0=0x00000000
       34615000	     17207	80000dda	01154363	blt	x10,x17,80000de0	 x10:0x94eff000 x17:0x35f71000  x0=0x00000000
       34665000	     17232	80000de0	031c	c.addi4spn	x15,x2,384	 x15=0x80000f24
       34667000	     17233	80000de2	0c6a	c.slli	x24,0x1a	 x24:0x00000000 x24=0x00000000
       34673000	     17236	80000de4	02b74263	blt	x14,x11,80000e08	 x14:0x00000001 x11:0x94eff000  x0=0x00000000
       34677000	     17238	80000de8	03c35363	bge	x6,x28,80000e0e	  x6:0x00000000 x28:0xfffffc24  x0=0x00000000
       34707000	     17253	80000e0e	02a18363	beq	x3,x10,80000e34	  x3:0xffffffff x10:0x94eff000  x0=0x00000000
       34709000	     17254	80000e12	8f21	c.xor	x14,x8	 x14:0x00000001  x8:0x00c58f99 x14=0x00c58f98
       34717000	     17258	80000e14	02e59a33	mulh	x20,x11,x14	 x11:0x94eff000 x14:0x00c58f98 x20=0xffad6096
       34731000	     17265	80000e18	039c	c.addi4spn	x15,x2,448	 x15=0x80000f64
       34753000	     17276	80000e1a	0073ffb3	and	x31,x7,x7	  x7:0xffffffff  x7:0xffffffff x31=0xffffffff
       34797000	     17298	80000e1e	00100073	ebreak	
       34799000	     17299	80000e22	9a9a	c.add	x21,x6	 x21:0xcb061000  x6:0x00000000 x21=0xcb061000
       34819000	     17309	80000e24	8d79	c.and	x10,x14	 x10:0x94eff000 x14:0x00c58f98 x10=0x00c58000
       34821000	     17310	80000e26	0001	c.addi	x0,0	  x0:0x00000000  x0=0x00000000
       34829000	     17314	80000e28	ca50c613	xori	x12,x1,-859	  x1:0x8000f9ec x12=0x7fff0549
       34859000	     17329	80000e2c	010ca893	slti	x17,x25,16	 x25:0x7ffddfff x17=0x00000000
       34861000	     17330	80000e30	00500e33	add	x28,x0,x5	  x0:0x00000000  x5:0x80021e1c x28=0x80021e1c
       34885000	     17342	80000e34	01341463	bne	x8,x19,80000e3c	  x8:0x00c58f99 x19:0x80025e7c  x0=0x00000000
       34927000	     17363	80000e3c	0001	c.addi	x0,0	  x0:0x00000000  x0=0x00000000
       34955000	     17377	80000e3e	0077cc33	xor	x24,x15,x7	 x15:0x80000f64  x7:0xffffffff x24=0x7ffff09b
       34983000	     17391	80000e42	0094d113	srli	x2,x9,0x9	  x9:0x00000001  x2=0x00000000
       34993000	     17396	80000e46	417edc33	sra	x24,x29,x23	 x29:0x80021ddc x23:0x00000000 x24=0x80021ddc
       35015000	     17407	80000e4a	001808b3	add	x17,x16,x1	 x16:0x00000000  x1:0x8000f9ec x17=0x8000f9ec
       35059000	     17429	80000e4e	03b31eb3	mulh	x29,x6,x27	  x6:0x00000000 x27:0x00000001 x29=0x00000000
       35133000	     17466	80000e52	02d3e3b3	rem	x7,x7,x13	  x7:0xffffffff x13:0xffffffff  x7=0x00000000
       35135000	     17467	80000e56	001c4e63	blt	x24,x1,80000e72	 x24:0x80021ddc  x1:0x8000f9ec  x0=0x00000000
       35161000	     17480	80000e5a	030dbcb3	mulhu	x25,x27,x16	 x27:0x00000001 x16:0x00000000 x25=0x00000000
       35169000	     17484	80000e5e	02a5f963	bgeu	x11,x10,80000e90	 x11:0x94eff000 x10:0x00c58000  x0=0x00000000
       35215000	     17507	80000e90	0330ce63	blt	x1,x19,80000ecc	  x1:0x8000f9ec x19:0x80025e7c  x0=0x00000000
       35251000	     17525	80000ecc	030c6fb3	rem	x31,x24,x16	 x24:0x80021ddc x16:0x00000000 x31=0x80021ddc
       35253000	     17526	80000ed0	cd11	c.beqz	x10,80000eec	 x10:0x00c58000
       35257000	     17528	80000ed2	e209	c.bnez	x12,80000ed4	 x12:0x7fff0549
       35267000	     17533	80000ed4	01c27763	bgeu	x4,x28,80000ee2	  x4:0x00000017 x28:0x80021e1c  x0=0x00000000
       35285000	     17542	80000ed8	03248263	beq	x9,x18,80000efc	  x9:0x00000001 x18:0x0000003f  x0=0x00000000
       35397000	     17598	80000edc	02a0d633	divu	x12,x1,x10	  x1:0x8000f9ec x10:0x00c58000 x12=0x000000a5
       35399000	     17599	80000ee0	8d8d	c.sub	x11,x11	 x11:0x94eff000 x11:0x94eff000 x11=0x00000000
       35401000	     17600	80000ee2	00f7e633	or	x12,x15,x15	 x15:0x80000f64 x15:0x80000f64 x12=0x80000f64
       35477000	     17638	80000ee6	02d9ff33	remu	x30,x19,x13	 x19:0x80025e7c x13:0xffffffff x30=0x80025e7c
       35479000	     17639	80000eea	170c	c.addi4spn	x11,x2,928	 x11=0x000003a0
       35481000	     17640	80000eec	4b71	c.li	x22,28	 x22=0x0000001c
       35555000	     17677	80000eee	02d97933	remu	x18,x18,x13	 x18:0x0000003f x13:0xffffffff x18=0x0000003f
       35557000	     17678	80000ef2	0095e563	bltu	x11,x9,80000efc	 x11:0x000003a0  x9:0x00000001  x0=0x00000000
       35559000	     17679	80000ef6	00ad55b3	srl	x11,x26,x10	 x26:0x00000000 x10:0x00c58000 x11=0x00000000
       35561000	     17680	80000efa	0001	c.addi	x0,0	  x0:0x00000000  x0=0x00000000
       35651000	     17725	80000efc	032c4f33	div	x30,x24,x18	 x24:0x80021ddc x18:0x0000003f x30=0xfdf7e818
       35653000	     17726	80000f00	03da8663	beq	x21,x29,80000f2c	 x21:0xcb061000 x29:0x00000000  x0=0x00000000
       35655000	     17727	80000f04	dcb18e13	addi	x28,x3,-565	  x3:0xffffffff x28=0xfffffdca
       35657000	     17728	80000f08	35c7f713	andi	x14,x15,860	 x15:0x80000f64 x14=0x00000344
       35769000	     17784	80000f0c	03be5233	divu	x4,x28,x27	 x28:0xfffffdca x27:0x00000001  x4=0xfffffdca
       35771000	     17785	80000f10	8efa	c.mv	x29,x30	  x0:0x00000000 x30:0xfdf7e818 x29=0xfdf7e818
       35779000	     17789	80000f12	032526b3	mulhsu	x13,x10,x18	 x10:0x00c58000 x18:0x0000003f x13=0x00000000
       35781000	     17790	80000f16	d6786737	lui	x14,0xd6786	 x14=0xd6786000
       35785000	     17792	80000f1a	0138c5b3	xor	x11,x17,x19	 x17:0x8000f9ec x19:0x80025e7c x11=0x0002a790
       35807000	     17803	80000f1e	41e38a33	sub	x20,x7,x30	  x7:0x00000000 x30:0xfdf7e818 x20=0x020817e8
       35849000	     17824	80000f22	4105dd93	srai	x27,x11,0x10	 x11:0x0002a790 x27=0x00000002
       35851000	     17825	80000f26	e3d8fb93	andi	x23,x17,-451	 x17:0x8000f9ec x23=0x8000f82c
       35853000	     17826	80000f2a	717d	c.addi16sp	x2,-16	  x2:0x00000000  x2=0xfffffff0
       35909000	     17854	80000f2c	03492fb3	mulhsu	x31,x18,x20	 x18:0x0000003f x20:0x020817e8 x31=0x00000000
       35911000	     17855	80000f30	00100073	ebreak	
       35937000	     17868	80000f34	0135b8b3	sltu	x17,x11,x19	 x11:0x0002a790 x19:0x80025e7c x17=0x00000001
       35957000	     17878	80000f38	8049	c.srli	x8,0x12	  x8:0x00c58f99  x8=0x00000031
       35959000	     17879	80000f3a	34258f13	addi	x30,x11,834	 x11:0x0002a790 x30=0x0002aad2
       35961000	     17880	80000f3e	41e45d93	srai	x27,x8,0x1e	  x8:0x00000031 x27=0x00000000
       35963000	     17881	80000f42	870a	c.mv	x14,x2	  x0:0x00000000  x2:0xfffffff0 x14=0xfffffff0
       35983000	     17891	80000f44	01b2c4b3	xor	x9,x5,x27	  x5:0x80021e1c x27:0x00000000  x9=0x80021e1c
       36025000	     17912	80000f48	8065	c.srli	x8,0x19	  x8:0x00000031  x8=0x00000000
       36039000	     17919	80000f4a	40608433	sub	x8,x1,x6	  x1:0x8000f9ec  x6:0x00000000  x8=0x8000f9ec
       36041000	     17920	80000f4e	1f9c	c.addi4spn	x15,x2,1008	 x15=0x000003e0
       36049000	     17924	80000f50	36c43913	sltiu	x18,x8,876	  x8:0x8000f9ec x18=0x00000000
       36071000	     17935	80000f54	8de9	c.and	x11,x10	 x11:0x0002a790 x10:0x00c58000 x11=0x00008000
       36133000	     17966	80000f56	008a9f13	slli	x30,x21,0x8	 x21:0xcb061000 x30=0x06100000
       36135000	     17967	80000f5a	51fd	c.li	x3,-1	  x3=0xffffffff
       36165000	     17982	80000f5c	0001	c.addi	x0,0	  x0:0x00000000  x0=0x00000000
       36175000	     17987	80000f5e	00699013	slli	x0,x19,0x6	 x19:0x80025e7c  x0=0x00000000
       36221000	     18010	80000f62	02aa03b3	mul	x7,x20,x10	 x20:0x020817e8 x10:0x00c58000  x7=0x717c0000
       36223000	     18011	80000f66	6129	c.addi16sp	x2,192	  x2:0xfffffff0  x2=0x000000b0
       36257000	     18028	80000f68	0268cb33	div	x22,x17,x6	 x17:0x00000001  x6:0x00000000 x22=0xffffffff
       36259000	     18029	80000f6c	0c99	c.addi	x25,6	 x25:0x00000000 x25=0x00000006
       36277000	     18038	80000f6e	0ff0000f	fence	iorwiorwiorwiorwiorwiorwiorwiorwiorwiorwiorwiorwiorwiorwiorwiorwiorwiorwiorwiorwiorwiorwiorwiorwiorwiorwiorwiorwiorwiorwiorwiorwiorwiorwiorwiorwiorwiorwiorwiorwiorwiorwiorwiorwiorwiorwiorwiorwiorwiorwiorwiorwiorwiorwiorw,iorwiorwiorwiorwiorwiorwiorwiorwiorwiorwiorwiorwiorwiorwiorwiorwiorwiorwiorwiorwiorwiorwiorwiorwiorwiorwiorwiorwiorwiorwiorwiorwiorwiorwiorwiorwiorwiorwiorwiorwiorwiorwiorwiorwiorwiorwiorwiorwiorwiorwiorwiorwiorwiorwiorwiorw	
       36297000	     18048	80000f72	014a1ab3	sll	x21,x20,x20	 x20:0x020817e8 x20:0x020817e8 x21=0x0817e800
       36299000	     18049	80000f76	1b7d	c.addi	x22,-1	 x22:0xffffffff x22=0xfffffffe
       36331000	     18065	80000f78	67f1	c.lui	x15,0x1c	 x15=0x0001c000
       36339000	     18069	80000f7a	0ff0000f	fence	iorwiorwiorwiorwiorwiorwiorwiorwiorwiorwiorwiorwiorwiorwiorwiorwiorwiorwiorwiorwiorwiorwiorwiorwiorwiorwiorwiorwiorwiorwiorwiorwiorwiorwiorwiorwiorwiorwiorwiorwiorwiorwiorwiorwiorwiorwiorwiorwiorwiorwiorwiorwiorwiorwiorwiorwiorw,iorwiorwiorwiorwiorwiorwiorwiorwiorwiorwiorwiorwiorwiorwiorwiorwiorwiorwiorwiorwiorwiorwiorwiorwiorwiorwiorwiorwiorwiorwiorwiorwiorwiorwiorwiorwiorwiorwiorwiorwiorwiorwiorwiorwiorwiorwiorwiorwiorwiorwiorwiorwiorwiorwiorwiorwiorwiorw	
       36341000	     18070	80000f7e	67ed	c.lui	x15,0x1b	 x15=0x0001b000
       36355000	     18077	80000f80	daa37eb7	lui	x29,0xdaa37	 x29=0xdaa37000
       36361000	     18080	80000f84	8ca1	c.xor	x9,x8	  x9:0x80021e1c  x8:0x8000f9ec  x9=0x0002e7f0
       36455000	     18127	80000f86	029fe633	rem	x12,x31,x9	 x31:0x00000000  x9:0x0002e7f0 x12=0x00000000
       36457000	     18128	80000f8a	40975a13	srai	x20,x14,0x9	 x14:0xfffffff0 x20=0xffffffff
       36459000	     18129	80000f8e	cf51a393	slti	x7,x3,-779	  x3:0xffffffff  x7=0x00000000
       36483000	     18141	80000f92	40025f13	srai	x30,x4,0x0	  x4:0xfffffdca x30=0xfffffdca
       36497000	     18148	80000f96	0048dfb3	srl	x31,x17,x4	 x17:0x00000001  x4:0xfffffdca x31=0x00000000
       36519000	     18159	80000f9a	400ed693	srai	x13,x29,0x0	 x29:0xdaa37000 x13=0xdaa37000
       36521000	     18160	80000f9e	9002	c.ebreak	
       36575000	     18187	80000fa0	0001	c.addi	x0,0	  x0:0x00000000  x0=0x00000000
       36665000	     18232	80000fa2	03e56233	rem	x4,x10,x30	 x10:0x00c58000 x30:0xfffffdca  x4=0x00000048
       36667000	     18233	80000fa6	8069	c.srli	x8,0x1a	  x8:0x8000f9ec  x8=0x00000020
       36669000	     18234	80000fa8	0001	c.addi	x0,0	  x0:0x00000000  x0=0x00000000
       36671000	     18235	80000faa	03b78263	beq	x15,x27,80000fce	 x15:0x0001b000 x27:0x00000000  x0=0x00000000
       36681000	     18240	80000fae	00131093	slli	x1,x6,0x1	  x6:0x00000000  x1=0x00000000
       36683000	     18241	80000fb2	01241693	slli	x13,x8,0x12	  x8:0x00000020 x13=0x00800000
       36685000	     18242	80000fb6	01fe	c.slli	x3,0x1f	  x3:0xffffffff  x3=0x80000000
       36689000	     18244	80000fb8	cf01	c.beqz	x14,80000fd0	 x14:0xfffffff0
       36711000	     18255	80000fba	9b748717	auipc	x14,0x9b748	 x14=0x1b748fba
       36733000	     18266	80000fbe	0121b833	sltu	x16,x3,x18	  x3:0x80000000 x18:0x00000000 x16=0x00000000
       36735000	     18267	80000fc2	8cdd	c.or	x9,x15	  x9:0x0002e7f0 x15:0x0001b000  x9=0x0003f7f0
       36737000	     18268	80000fc4	0304	c.addi4spn	x9,x2,384	  x9=0x00000230
       36739000	     18269	80000fc6	193ffe93	andi	x29,x31,403	 x31:0x00000000 x29=0x00000000
       36741000	     18270	80000fca	717d	c.addi16sp	x2,-16	  x2:0x000000b0  x2=0x000000a0
       36755000	     18277	80000fcc	99fd	c.andi	x11,-1	 x11:0x00008000 x11=0x00008000
       36757000	     18278	80000fce	98da	c.add	x17,x22	 x17:0x00000001 x22:0xfffffffe x17=0xffffffff
       36771000	     18285	80000fd0	717d	c.addi16sp	x2,-16	  x2:0x000000a0  x2=0x00000090
       36773000	     18286	80000fd2	409e5d93	srai	x27,x28,0x9	 x28:0xfffffdca x27=0xfffffffe
       36801000	     18300	80000fd6	03a43f33	mulhu	x30,x8,x26	  x8:0x00000020 x26:0x00000000 x30=0x00000000
       36805000	     18302	80000fda	00751663	bne	x10,x7,80000fe6	 x10:0x00c58000  x7:0x00000000  x0=0x00000000
       36879000	     18339	80000fe6	00a89f63	bne	x17,x10,80001004	 x17:0xffffffff x10:0x00c58000  x0=0x00000000
       36941000	     18370	80001004	01ee8263	beq	x29,x30,80001008	 x29:0x00000000 x30:0x00000000  x0=0x00000000
       36967000	     18383	80001008	033d0ab3	mul	x21,x26,x19	 x26:0x00000000 x19:0x80025e7c x21=0x00000000
       36989000	     18394	8000100c	c409	c.beqz	x8,80001016	  x8:0x00000020
       37013000	     18406	8000100e	f069bd93	sltiu	x27,x19,-250	 x19:0x80025e7c x27=0x00000001
       37065000	     18432	80001012	c5502c93	slti	x25,x0,-939	  x0:0x00000000 x25=0x00000000
       37067000	     18433	80001016	80a5	c.srli	x9,0x9	  x9:0x00000230  x9=0x00000001
       37069000	     18434	80001018	01ab9533	sll	x10,x23,x26	 x23:0x8000f82c x26:0x00000000 x10=0x8000f82c
       37089000	     18444	8000101c	d6d0eb93	ori	x23,x1,-659	  x1:0x00000000 x23=0xfffffd6d
       37105000	     18452	80001020	03e62433	mulhsu	x8,x12,x30	 x12:0x00000000 x30:0x00000000  x8=0x00000000
       37121000	     18460	80001024	0001	c.addi	x0,0	  x0:0x00000000  x0=0x00000000
       37163000	     18481	80001026	64f81d37	lui	x26,0x64f81	 x26=0x64f81000
       37165000	     18482	8000102a	0001	c.addi	x0,0	  x0:0x00000000  x0=0x00000000
       37189000	     18494	8000102c	3860f213	andi	x4,x1,902	  x1:0x00000000  x4=0x00000000
       37191000	     18495	80001030	009e1fb3	sll	x31,x28,x9	 x28:0xfffffdca  x9:0x00000001 x31=0xfffffb94
       37229000	     18514	80001034	8a19	c.andi	x12,6	 x12:0x00000000 x12=0x00000000
       37245000	     18522	80001036	01ba21b3	slt	x3,x20,x27	 x20:0xffffffff x27:0x00000001  x3=0x00000001
       37247000	     18523	8000103a	8df1	c.and	x11,x12	 x11:0x00008000 x12:0x00000000 x11=0x00000000
       37251000	     18525	8000103c	03e38363	beq	x7,x30,80001062	  x7:0x00000000 x30:0x00000000  x0=0x00000000
       37287000	     18543	80001062	35997713	andi	x14,x18,857	 x18:0x00000000 x14=0x00000000
       37361000	     18580	80001066	03c2edb3	rem	x27,x5,x28	  x5:0x80021e1c x28:0xfffffdca x27=0xfffffed6
       37363000	     18581	8000106a	4149dd13	srai	x26,x19,0x14	 x19:0x80025e7c x26=0xfffff800
       37365000	     18582	8000106e	00541093	slli	x1,x8,0x5	  x8:0x00000000  x1=0x00000000
       37387000	     18593	80001072	0113b133	sltu	x2,x7,x17	  x7:0x00000000 x17:0xffffffff  x2=0x00000001
       37431000	     18615	80001076	419fd0b3	sra	x1,x31,x25	 x31:0xfffffb94 x25:0x00000000  x1=0xfffffb94
       37437000	     18618	8000107a	2ac2e013	ori	x0,x5,684	  x5:0x80021e1c  x0=0x00000000
       37439000	     18619	8000107e	0389	c.addi	x7,2	  x7:0x00000000  x7=0x00000002
       37441000	     18620	80001080	e9a86f13	ori	x30,x16,-358	 x16:0x00000000 x30=0xfffffe9a
       37461000	     18630	80001084	63e7cf97	auipc	x31,0x63e7c	 x31=0xe3e7d084
       37465000	     18632	80001088	8d4d	c.or	x10,x11	 x10:0x8000f82c x11:0x00000000 x10=0x8000f82c
       37497000	     18648	8000108a	eb9ec213	xori	x4,x29,-327	 x29:0x00000000  x4=0xfffffeb9
       37513000	     18656	8000108e	02d8a0b3	mulhsu	x1,x17,x13	 x17:0xffffffff x13:0x00800000  x1=0xffffffff
       37515000	     18657	80001092	8566	c.mv	x10,x25	  x0:0x00000000 x25:0x00000000 x10=0x00000000
       37537000	     18668	80001094	0353a3b3	mulhsu	x7,x7,x21	  x7:0x00000002 x21:0x00000000  x7=0x00000000
       37579000	     18689	80001098	0383e163	bltu	x7,x24,800010ba	  x7:0x00000000 x24:0x80021ddc  x0=0x00000000
       37661000	     18730	800010ba	870d	c.srai	x14,0x3	 x14:0x00000000 x14=0x00000000
       37663000	     18731	800010bc	06ee	c.slli	x13,0x1b	 x13:0x00800000 x13=0x00000000
       37685000	     18742	800010be	01b77b33	and	x22,x14,x27	 x14:0x00000000 x27:0xfffffed6 x22=0x00000000
       37741000	     18770	800010c2	e5ca2413	slti	x8,x20,-420	 x20:0xffffffff  x8=0x00000000
       37743000	     18771	800010c6	3d27cf13	xori	x30,x15,978	 x15:0x0001b000 x30=0x0001b3d2
       37767000	     18783	800010ca	00221663	bne	x4,x2,800010d6	  x4:0xfffffeb9  x2:0x00000001  x0=0x00000000
       37833000	     18816	800010d6	0ff0000f	fence	iorwiorwiorwiorwiorwiorwiorwiorwiorwiorwiorwiorwiorwiorwiorwiorwiorwiorwiorwiorwiorwiorwiorwiorwiorwiorwiorwiorwiorwiorwiorwiorwiorwiorwiorwiorwiorwiorwiorwiorwiorwiorwiorwiorwiorwiorwiorwiorwiorwiorwiorwiorwiorwiorwiorwiorwiorwiorwiorw,iorwiorwiorwiorwiorwiorwiorwiorwiorwiorwiorwiorwiorwiorwiorwiorwiorwiorwiorwiorwiorwiorwiorwiorwiorwiorwiorwiorwiorwiorwiorwiorwiorwiorwiorwiorwiorwiorwiorwiorwiorwiorwiorwiorwiorwiorwiorwiorwiorwiorwiorwiorwiorwiorwiorwiorwiorwiorwiorwiorw	
       37839000	     18819	800010da	411c86b3	sub	x13,x25,x17	 x25:0x00000000 x17:0xffffffff x13=0x00000001
       37841000	     18820	800010de	8dbd	c.xor	x11,x15	 x11:0x00000000 x15:0x0001b000 x11=0x0001b000
       37881000	     18840	800010e0	00100073	ebreak	
       37885000	     18842	800010e4	0ff0000f	fence	iorwiorwiorwiorwiorwiorwiorwiorwiorwiorwiorwiorwiorwiorwiorwiorwiorwiorwiorwiorwiorwiorwiorwiorwiorwiorwiorwiorwiorwiorwiorwiorwiorwiorwiorwiorwiorwiorwiorwiorwiorwiorwiorwiorwiorwiorwiorwiorwiorwiorwiorwiorwiorwiorwiorwiorwiorwiorwiorwiorwiorw,iorwiorwiorwiorwiorwiorwiorwiorwiorwiorwiorwiorwiorwiorwiorwiorwiorwiorwiorwiorwiorwiorwiorwiorwiorwiorwiorwiorwiorwiorwiorwiorwiorwiorwiorwiorwiorwiorwiorwiorwiorwiorwiorwiorwiorwiorwiorwiorwiorwiorwiorwiorwiorwiorwiorwiorwiorwiorwiorwiorwiorwiorw	
       37893000	     18846	800010e8	46e9	c.li	x13,26	 x13=0x0000001a
       37979000	     18889	800010ea	025d5c33	divu	x24,x26,x5	 x26:0xfffff800  x5:0x80021e1c x24=0x00000001
       37987000	     18893	800010ee	03c79cb3	mulh	x25,x15,x28	 x15:0x0001b000 x28:0xfffffdca x25=0xffffffff
       37989000	     18894	800010f2	009a2cb3	slt	x25,x20,x9	 x20:0xffffffff  x9:0x00000001 x25=0x00000001
       38015000	     18907	800010f6	032dfab3	remu	x21,x27,x18	 x27:0xfffffed6 x18:0x00000000 x21=0xfffffed6
       38063000	     18931	800010fa	0202c5b3	div	x11,x5,x0	  x5:0x80021e1c  x0:0x00000000 x11=0xffffffff
       38065000	     18932	800010fe	0190d013	srli	x0,x1,0x19	  x1:0xffffffff  x0=0x00000000
       38067000	     18933	80001102	8cf5	c.and	x9,x13	  x9:0x00000001 x13:0x0000001a  x9=0x00000000
       38099000	     18949	80001104	00b61b33	sll	x22,x12,x11	 x12:0x00000000 x11:0xffffffff x22=0x00000000
       38143000	     18971	80001108	0028ce63	blt	x17,x2,80001124	 x17:0xffffffff  x2:0x00000001  x0=0x00000000
       38211000	     19005	80001124	02dc0b33	mul	x22,x24,x13	 x24:0x00000001 x13:0x0000001a x22=0x0000001a
       38233000	     19016	80001128	0011d533	srl	x10,x3,x1	  x3:0x00000001  x1:0xffffffff x10=0x00000000
       38267000	     19033	8000112c	86f5	c.srai	x13,0x1d	 x13:0x0000001a x13=0x00000000
       38277000	     19038	8000112e	0569d363	bge	x19,x22,80001174	 x19:0x80025e7c x22:0x0000001a  x0=0x00000000
       38311000	     19055	80001132	005dfab3	and	x21,x27,x5	 x27:0xfffffed6  x5:0x80021e1c x21=0x80021e14
       38327000	     19063	80001136	0ff0000f	fence	iorwiorwiorwiorwiorwiorwiorwiorwiorwiorwiorwiorwiorwiorwiorwiorwiorwiorwiorwiorwiorwiorwiorwiorwiorwiorwiorwiorwiorwiorwiorwiorwiorwiorwiorwiorwiorwiorwiorwiorwiorwiorwiorwiorwiorwiorwiorwiorwiorwiorwiorwiorwiorwiorwiorwiorwiorwiorwiorwiorwiorwiorwiorw,iorwiorwiorwiorwiorwiorwiorwiorwiorwiorwiorwiorwiorwiorwiorwiorwiorwiorwiorwiorwiorwiorwiorwiorwiorwiorwiorwiorwiorwiorwiorwiorwiorwiorwiorwiorwiorwiorwiorwiorwiorwiorwiorwiorwiorwiorwiorwiorwiorwiorwiorwiorwiorwiorwiorwiorwiorwiorwiorwiorwiorwiorwiorwiorw	
       38329000	     19064	8000113a	96b2	c.add	x13,x12	 x13:0x00000000 x12:0x00000000 x13=0x00000000
       38331000	     19065	8000113c	2e0bcf17	auipc	x30,0x2e0bc	 x30=0xae0bd13c
       38349000	     19074	80001140	0004ee63	bltu	x9,x0,8000115c	  x9:0x00000000  x0:0x00000000  x0=0x00000000
       38405000	     19102	80001144	01138733	add	x14,x7,x17	  x7:0x00000000 x17:0xffffffff x14=0xffffffff
       38407000	     19103	80001148	0ff0000f	fence	iorwiorwiorwiorwiorwiorwiorwiorwiorwiorwiorwiorwiorwiorwiorwiorwiorwiorwiorwiorwiorwiorwiorwiorwiorwiorwiorwiorwiorwiorwiorwiorwiorwiorwiorwiorwiorwiorwiorwiorwiorwiorwiorwiorwiorwiorwiorwiorwiorwiorwiorwiorwiorwiorwiorwiorwiorwiorwiorwiorwiorwiorwiorwiorwiorw,iorwiorwiorwiorwiorwiorwiorwiorwiorwiorwiorwiorwiorwiorwiorwiorwiorwiorwiorwiorwiorwiorwiorwiorwiorwiorwiorwiorwiorwiorwiorwiorwiorwiorwiorwiorwiorwiorwiorwiorwiorwiorwiorwiorwiorwiorwiorwiorwiorwiorwiorwiorwiorwiorwiorwiorwiorwiorwiorwiorwiorwiorwiorwiorwiorwiorw	
       38433000	     19116	8000114c	00100073	ebreak	
       38477000	     19138	80001150	031d21b3	mulhsu	x3,x26,x17	 x26:0xfffff800 x17:0xffffffff  x3=0xfffff800
       38487000	     19143	80001154	0001	c.addi	x0,0	  x0:0x00000000  x0=0x00000000
       38489000	     19144	80001156	5efd	c.li	x29,-1	 x29=0xffffffff
       38507000	     19153	80001158	8d29	c.xor	x10,x10	 x10:0x00000000 x10:0x00000000 x10=0x00000000
       38509000	     19154	8000115a	5f7d	c.li	x30,-1	 x30=0xffffffff
       38511000	     19155	8000115c	0ff0000f	fence	iorwiorwiorwiorwiorwiorwiorwiorwiorwiorwiorwiorwiorwiorwiorwiorwiorwiorwiorwiorwiorwiorwiorwiorwiorwiorwiorwiorwiorwiorwiorwiorwiorwiorwiorwiorwiorwiorwiorwiorwiorwiorwiorwiorwiorwiorwiorwiorwiorwiorwiorwiorwiorwiorwiorwiorwiorwiorwiorwiorwiorwiorwiorwiorwiorwiorwiorw,iorwiorwiorwiorwiorwiorwiorwiorwiorwiorwiorwiorwiorwiorwiorwiorwiorwiorwiorwiorwiorwiorwiorwiorwiorwiorwiorwiorwiorwiorwiorwiorwiorwiorwiorwiorwiorwiorwiorwiorwiorwiorwiorwiorwiorwiorwiorwiorwiorwiorwiorwiorwiorwiorwiorwiorwiorwiorwiorwiorwiorwiorwiorwiorwiorwiorwiorwiorw	
       38513000	     19156	80001160	010e77b3	and	x15,x28,x16	 x28:0xfffffdca x16:0x00000000 x15=0x00000000
       38515000	     19157	80001164	01582f33	slt	x30,x16,x21	 x16:0x00000000 x21:0x80021e14 x30=0x00000000
       38547000	     19173	80001168	02021163	bne	x4,x0,8000118a	  x4:0xfffffeb9  x0:0x00000000  x0=0x00000000
       38585000	     19192	8000118a	018a1793	slli	x15,x20,0x18	 x20:0xffffffff x15=0xff000000
       38621000	     19210	8000118e	0398bab3	mulhu	x21,x17,x25	 x17:0xffffffff x25:0x00000001 x21=0x00000000
       38697000	     19248	80001192	02305533	divu	x10,x0,x3	  x0:0x00000000  x3:0xfffff800 x10=0x00000000
       38699000	     19249	80001196	0001	c.addi	x0,0	  x0:0x00000000  x0=0x00000000
       38705000	     19252	80001198	03018e33	mul	x28,x3,x16	  x3:0xfffff800 x16:0x00000000 x28=0x00000000
       38707000	     19253	8000119c	55f8cdb7	lui	x27,0x55f8c	 x27=0x55f8c000
       38725000	     19262	800011a0	03ff8263	beq	x31,x31,800011c4	 x31:0xe3e7d084 x31:0xe3e7d084  x0=0x00000000
       38761000	     19280	800011c4	ea538613	addi	x12,x7,-347	  x7:0x00000000 x12=0xfffffea5
       38803000	     19301	800011c8	717d	c.addi16sp	x2,-16	  x2:0x00000001  x2=0xfffffff1
       38805000	     19302	800011ca	8c5d	c.or	x8,x15	  x8:0x00000000 x15:0xff000000  x8=0xff000000
       38807000	     19303	800011cc	0064e5b3	or	x11,x9,x6	  x9:0x00000000  x6:0x00000000 x11=0x00000000
       38829000	     19314	800011d0	013fda33	srl	x20,x31,x19	 x31:0xe3e7d084 x19:0x80025e7c x20=0x0000000e
       38835000	     19317	800011d4	8ac1	c.andi	x13,16	 x13:0x00000000 x13=0x00000000
       38837000	     19318	800011d6	01989eb3	sll	x29,x17,x25	 x17:0xffffffff x25:0x00000001 x29=0xfffffffe
       38839000	     19319	800011da	00931193	slli	x3,x6,0x9	  x6:0x00000000  x3=0x00000000
       38863000	     19331	800011de	02777c33	remu	x24,x14,x7	 x14:0xffffffff  x7:0x00000000 x24=0xffffffff
       38865000	     19332	800011e2	e089	c.bnez	x9,800011e4	  x9:0x00000000
       38903000	     19351	800011e4	02413433	mulhu	x8,x2,x4	  x2:0xfffffff1  x4:0xfffffeb9  x8=0xfffffeaa
       38939000	     19369	800011e8	6151	c.addi16sp	x2,272	  x2:0xfffffff1  x2=0x00000101
       38941000	     19370	800011ea	01a504b3	add	x9,x10,x26	 x10:0x00000000 x26:0xfffff800  x9=0xfffff800
       38967000	     19383	800011ee	5e5fee17	auipc	x28,0x5e5fe	 x28=0xde5ff1ee
       38973000	     19386	800011f2	0ff0000f	fence	iorwiorwiorwiorwiorwiorwiorwiorwiorwiorwiorwiorwiorwiorwiorwiorwiorwiorwiorwiorwiorwiorwiorwiorwiorwiorwiorwiorwiorwiorwiorwiorwiorwiorwiorwiorwiorwiorwiorwiorwiorwiorwiorwiorwiorwiorwiorwiorwiorwiorwiorwiorwiorwiorwiorwiorwiorwiorwiorwiorwiorwiorwiorwiorwiorwiorwiorwiorwiorw,iorwiorwiorwiorwiorwiorwiorwiorwiorwiorwiorwiorwiorwiorwiorwiorwiorwiorwiorwiorwiorwiorwiorwiorwiorwiorwiorwiorwiorwiorwiorwiorwiorwiorwiorwiorwiorwiorwiorwiorwiorwiorwiorwiorwiorwiorwiorwiorwiorwiorwiorwiorwiorwiorwiorwiorwiorwiorwiorwiorwiorwiorwiorwiorwiorwiorwiorwiorwiorwiorw	
       38979000	     19389	800011f6	03dd87b3	mul	x15,x27,x29	 x27:0x55f8c000 x29:0xfffffffe x15=0x540e8000
       39037000	     19418	800011fa	ef310d13	addi	x26,x2,-269	  x2:0x00000101 x26=0xfffffff4
       39039000	     19419	800011fe	8bb5	c.andi	x15,13	 x15:0x540e8000 x15=0x00000000
       39051000	     19425	80001200	00100073	ebreak	
       39067000	     19433	80001204	40285e33	sra	x28,x16,x2	 x16:0x00000000  x2:0x00000101 x28=0x00000000
       39075000	     19437	80001208	19fd8513	addi	x10,x27,415	 x27:0x55f8c000 x10=0x55f8c19f
       39113000	     19456	8000120c	c684bf93	sltiu	x31,x9,-920	  x9:0xfffff800 x31=0x00000001
       39119000	     19459	80001210	00100073	ebreak	
       39131000	     19465	80001214	8c06	c.mv	x24,x1	  x0:0x00000000  x1:0xffffffff x24=0xffffffff
       39177000	     19488	80001216	022e5d63	bge	x28,x2,80001250	 x28:0x00000000  x2:0x00000101  x0=0x00000000
       39179000	     19489	8000121a	14fd	c.addi	x9,-1	  x9:0xfffff800  x9=0xfffff7ff
       39181000	     19490	8000121c	dc6c8f93	addi	x31,x25,-570	 x25:0x00000001 x31=0xfffffdc7
       39183000	     19491	80001220	8525	c.srai	x10,0x9	 x10:0x55f8c19f x10=0x002afc60
       39185000	     19492	80001222	1804	c.addi4spn	x9,x2,48	  x9=0x00000131
       39223000	     19511	80001224	41fa5693	srai	x13,x20,0x1f	 x20:0x0000000e x13=0x00000000
       39265000	     19532	80001228	82fd	c.srli	x13,0x1f	 x13:0x00000000 x13=0x00000000
       39277000	     19538	8000122a	41855b33	sra	x22,x10,x24	 x10:0x002afc60 x24:0xffffffff x22=0x00000000
       39279000	     19539	8000122e	8d39	c.xor	x10,x14	 x10:0x002afc60 x14:0xffffffff x10=0xffd5039f
       39281000	     19540	80001230	99fd	c.andi	x11,-1	 x11:0x00000000 x11=0x00000000
       39321000	     19560	80001232	02dc67b3	rem	x15,x24,x13	 x24:0xffffffff x13:0x00000000 x15=0xffffffff
       39395000	     19597	80001236	038255b3	divu	x11,x4,x24	  x4:0xfffffeb9 x24:0xffffffff x11=0x00000000
       39397000	     19598	8000123a	00100073	ebreak	
       39399000	     19599	8000123e	c9247693	andi	x13,x8,-878	  x8:0xfffffeaa x13=0xfffffc82
       39423000	     19611	80001242	0ff0000f	fence	iorwiorwiorwiorwiorwiorwiorwiorwiorwiorwiorwiorwiorwiorwiorwiorwiorwiorwiorwiorwiorwiorwiorwiorwiorwiorwiorwiorwiorwiorwiorwiorwiorwiorwiorwiorwiorwiorwiorwiorwiorwiorwiorwiorwiorwiorwiorwiorwiorwiorwiorwiorwiorwiorwiorwiorwiorwiorwiorwiorwiorwiorwiorwiorwiorwiorwiorwiorwiorwiorwiorw,iorwiorwiorwiorwiorwiorwiorwiorwiorwiorwiorwiorwiorwiorwiorwiorwiorwiorwiorwiorwiorwiorwiorwiorwiorwiorwiorwiorwiorwiorwiorwiorwiorwiorwiorwiorwiorwiorwiorwiorwiorwiorwiorwiorwiorwiorwiorwiorwiorwiorwiorwiorwiorwiorwiorwiorwiorwiorwiorwiorwiorwiorwiorwiorwiorwiorwiorwiorwiorwiorwiorwiorw	
       39483000	     19641	80001246	02a823b3	mulhsu	x7,x16,x10	 x16:0x00000000 x10:0xffd5039f  x7=0x00000000
       39521000	     19660	8000124a	03ea7f63	bgeu	x20,x30,80001288	 x20:0x0000000e x30:0x00000000  x0=0x00000000
       39557000	     19678	80001288	3e285937	lui	x18,0x3e285	 x18=0x3e285000
       39577000	     19688	8000128c	03a93bb3	mulhu	x23,x18,x26	 x18:0x3e285000 x26:0xfffffff4 x23=0x3e284ffd
       39585000	     19692	80001290	01b39733	sll	x14,x7,x27	  x7:0x00000000 x27:0x55f8c000 x14=0x00000000
       39587000	     19693	80001294	1e7d	c.addi	x28,-1	 x28:0x00000000 x28=0xffffffff
       39589000	     19694	80001296	5dfd	c.li	x27,-1	 x27=0xffffffff
       39595000	     19697	80001298	018274b3	and	x9,x4,x24	  x4:0xfffffeb9 x24:0xffffffff  x9=0xfffffeb9
       39617000	     19708	8000129c	0000e917	auipc	x18,0xe	 x18=0x8000f29c
       39619000	     19709	800012a0	da690913	addi	x18,x18,-602	 x18:0x8000f29c x18=0x8000f042
       39637000	     19718	800012a4	2ab24f93	xori	x31,x4,683	  x4:0xfffffeb9 x31=0xfffffc12
       39639000	     19719	800012a8	13390913	addi	x18,x18,307	 x18:0x8000f042 x18=0x8000f175
       39685000	     19742	800012ac	8e25	c.xor	x12,x9	 x12:0xfffffea5  x9:0xfffffeb9 x12=0x0000001c
       39687000	     19743	800012ae	017c9513	slli	x10,x25,0x17	 x25:0x00000001 x10=0x00800000
       39729000	     19764	800012b2	0142e463	bltu	x5,x20,800012ba	  x5:0x80021e1c x20:0x0000000e  x0=0x00000000
       39731000	     19765	800012b6	6f29	c.lui	x30,0xa	 x30=0x0000a000
       39733000	     19766	800012b8	8cbd	c.xor	x9,x15	  x9:0xfffffeb9 x15:0xffffffff  x9=0x00000146
       39743000	     19771	800012ba	ece90167	jalr	x2,-306(x18)	 x18:0x8000f175  x2=0x800012be
       39871000	     19835	8000f042	03a9cd33	div	x26,x19,x26	 x19:0x80025e7c x26:0xfffffff4 x26=0x0aaa7820
       39873000	     19836	8000f046	01d97263	bgeu	x18,x29,8000f04a	 x18:0x8000f175 x29:0xfffffffe  x0=0x00000000
       39875000	     19837	8000f04a	fc028293	addi	x5,x5,-64	  x5:0x80021e1c  x5=0x80021ddc
       39883000	     19841	8000f04e	01e8a3b3	slt	x7,x17,x30	 x17:0xffffffff x30:0x0000a000  x7=0x00000001
       39885000	     19842	8000f052	9002	c.ebreak	
       39901000	     19850	8000f054	0001	c.addi	x0,0	  x0:0x00000000  x0=0x00000000
       39925000	     19862	8000f056	0022a223	sw	x2,4(x5)	  x5:0x80021ddc  x2:0x800012be PA:0x80021de0 store:0x800012be load:0x800012be
       39927000	     19863	8000f05a	0001	c.addi	x0,0	  x0:0x00000000  x0=0x00000000
       40001000	     19900	8000f05c	0342e933	rem	x18,x5,x20	  x5:0x80021ddc x20:0x0000000e x18=0xfffffff4
       40003000	     19901	8000f060	00800693	addi	x13,x0,8	  x0:0x00000000 x13=0x00000008
       40005000	     19902	8000f064	002f5e13	srli	x28,x30,0x2	 x30:0x0000a000 x28=0x00002800
       40007000	     19903	8000f068	8d29	c.xor	x10,x10	 x10:0x00800000 x10:0x00800000 x10=0x00000000
       40029000	     19914	8000f06a	00129233	sll	x4,x5,x1	  x5:0x80021ddc  x1:0xffffffff  x4=0x00000000
       40031000	     19915	8000f06e	24842d93	slti	x27,x8,584	  x8:0xfffffeaa x27=0x00000001
       40033000	     19916	8000f072	9a25e4b7	lui	x9,0x9a25e	  x9=0x9a25e000
       40063000	     19931	8000f076	01a97fb3	and	x31,x18,x26	 x18:0xfffffff4 x26:0x0aaa7820 x31=0x0aaa7820
       40105000	     19952	8000f07a	01300413	addi	x8,x0,19	  x0:0x00000000  x8=0x00000013
       40107000	     19953	8000f07e	1e90	c.addi4spn	x12,x2,880	 x12=0x8000162e
       40153000	     19976	8000f080	03b43cb3	mulhu	x25,x8,x27	  x8:0x00000013 x27:0x00000001 x25=0x00000000
       40189000	     19994	8000f084	717d	c.addi16sp	x2,-16	  x2:0x800012be  x2=0x800012ae
       40215000	     20007	8000f086	1b528013	addi	x0,x5,437	  x5:0x80021ddc  x0=0x00000000
       40217000	     20008	8000f08a	8541	c.srai	x10,0x10	 x10:0x00000000 x10=0x00000000
       40257000	     20028	8000f08c	83f5	c.srli	x15,0x1d	 x15:0xffffffff x15=0x00000007
       40279000	     20039	8000f08e	03a023b3	mulhsu	x7,x0,x26	  x0:0x00000000 x26:0x0aaa7820  x7=0x00000000
       40315000	     20057	8000f092	241c2bb7	lui	x23,0x241c2	 x23=0x241c2000
       40325000	     20062	8000f096	00ff1e33	sll	x28,x30,x15	 x30:0x0000a000 x15:0x00000007 x28=0x00500000
       40327000	     20063	8000f09a	0685	c.addi	x13,1	 x13:0x00000008 x13=0x00000009
       40329000	     20064	8000f09c	99fd	c.andi	x11,-1	 x11:0x00000000 x11=0x00000000
       40331000	     20065	8000f09e	9002	c.ebreak	
       40349000	     20074	8000f0a0	0001	c.addi	x0,0	  x0:0x00000000  x0=0x00000000
       40351000	     20075	8000f0a2	8f25	c.xor	x14,x9	 x14:0x00000000  x9:0x9a25e000 x14=0x9a25e000
       40463000	     20131	8000f0a4	025d71b3	remu	x3,x26,x5	 x26:0x0aaa7820  x5:0x80021ddc  x3=0x0aaa7820
       40465000	     20132	8000f0a8	1dfd	c.addi	x27,-1	 x27:0x00000001 x27=0x00000000
       40467000	     20133	8000f0aa	01ff9a93	slli	x21,x31,0x1f	 x31:0x0aaa7820 x21=0x00000000
       40469000	     20134	8000f0ae	0ff0000f	fence	iorwiorwiorwiorwiorwiorwiorwiorwiorwiorwiorwiorwiorwiorwiorwiorwiorwiorwiorwiorwiorwiorwiorwiorwiorwiorwiorwiorwiorwiorwiorwiorwiorwiorwiorwiorwiorwiorwiorwiorwiorwiorwiorwiorwiorwiorwiorwiorwiorwiorwiorwiorwiorwiorwiorwiorwiorwiorwiorwiorwiorwiorwiorwiorwiorwiorwiorwiorwiorwiorwiorwiorwiorw,iorwiorwiorwiorwiorwiorwiorwiorwiorwiorwiorwiorwiorwiorwiorwiorwiorwiorwiorwiorwiorwiorwiorwiorwiorwiorwiorwiorwiorwiorwiorwiorwiorwiorwiorwiorwiorwiorwiorwiorwiorwiorwiorwiorwiorwiorwiorwiorwiorwiorwiorwiorwiorwiorwiorwiorwiorwiorwiorwiorwiorwiorwiorwiorwiorwiorwiorwiorwiorwiorwiorwiorwiorwiorw	
       40539000	     20169	8000f0b2	027c21b3	mulhsu	x3,x24,x7	 x24:0xffffffff  x7:0x00000000  x3=0x00000000
       40543000	     20171	8000f0b6	fc86cce3	blt	x13,x8,8000f08e	 x13:0x00000009  x8:0x00000013  x0=0x00000000
       40591000	     20195	8000f08e	03a023b3	mulhsu	x7,x0,x26	  x0:0x00000000 x26:0x0aaa7820  x7=0x00000000
       40619000	     20209	8000f092	241c2bb7	lui	x23,0x241c2	 x23=0x241c2000
       40653000	     20226	8000f096	00ff1e33	sll	x28,x30,x15	 x30:0x0000a000 x15:0x00000007 x28=0x00500000
       40655000	     20227	8000f09a	0685	c.addi	x13,1	 x13:0x00000009 x13=0x0000000a
       40657000	     20228	8000f09c	99fd	c.andi	x11,-1	 x11:0x00000000 x11=0x00000000
       40659000	     20229	8000f09e	9002	c.ebreak	
       40677000	     20238	8000f0a0	0001	c.addi	x0,0	  x0:0x00000000  x0=0x00000000
       40679000	     20239	8000f0a2	8f25	c.xor	x14,x9	 x14:0x9a25e000  x9:0x9a25e000 x14=0x00000000
       40765000	     20282	8000f0a4	025d71b3	remu	x3,x26,x5	 x26:0x0aaa7820  x5:0x80021ddc  x3=0x0aaa7820
       40767000	     20283	8000f0a8	1dfd	c.addi	x27,-1	 x27:0x00000000 x27=0xffffffff
       40769000	     20284	8000f0aa	01ff9a93	slli	x21,x31,0x1f	 x31:0x0aaa7820 x21=0x00000000
       40771000	     20285	8000f0ae	0ff0000f	fence	iorwiorwiorwiorwiorwiorwiorwiorwiorwiorwiorwiorwiorwiorwiorwiorwiorwiorwiorwiorwiorwiorwiorwiorwiorwiorwiorwiorwiorwiorwiorwiorwiorwiorwiorwiorwiorwiorwiorwiorwiorwiorwiorwiorwiorwiorwiorwiorwiorwiorwiorwiorwiorwiorwiorwiorwiorwiorwiorwiorwiorwiorwiorwiorwiorwiorwiorwiorwiorwiorwiorwiorwiorwiorwiorw,iorwiorwiorwiorwiorwiorwiorwiorwiorwiorwiorwiorwiorwiorwiorwiorwiorwiorwiorwiorwiorwiorwiorwiorwiorwiorwiorwiorwiorwiorwiorwiorwiorwiorwiorwiorwiorwiorwiorwiorwiorwiorwiorwiorwiorwiorwiorwiorwiorwiorwiorwiorwiorwiorwiorwiorwiorwiorwiorwiorwiorwiorwiorwiorwiorwiorwiorwiorwiorwiorwiorwiorwiorwiorwiorwiorw	
       40797000	     20298	8000f0b2	027c21b3	mulhsu	x3,x24,x7	 x24:0xffffffff  x7:0x00000000  x3=0x00000000
       40809000	     20304	8000f0b6	fc86cce3	blt	x13,x8,8000f08e	 x13:0x0000000a  x8:0x00000013  x0=0x00000000
       40857000	     20328	8000f08e	03a023b3	mulhsu	x7,x0,x26	  x0:0x00000000 x26:0x0aaa7820  x7=0x00000000
       40875000	     20337	8000f092	241c2bb7	lui	x23,0x241c2	 x23=0x241c2000
       40895000	     20347	8000f096	00ff1e33	sll	x28,x30,x15	 x30:0x0000a000 x15:0x00000007 x28=0x00500000
       40897000	     20348	8000f09a	0685	c.addi	x13,1	 x13:0x0000000a x13=0x0000000b
       40943000	     20371	8000f09c	99fd	c.andi	x11,-1	 x11:0x00000000 x11=0x00000000
       40945000	     20372	8000f09e	9002	c.ebreak	
       40947000	     20373	8000f0a0	0001	c.addi	x0,0	  x0:0x00000000  x0=0x00000000
       40949000	     20374	8000f0a2	8f25	c.xor	x14,x9	 x14:0x00000000  x9:0x9a25e000 x14=0x9a25e000
       41059000	     20429	8000f0a4	025d71b3	remu	x3,x26,x5	 x26:0x0aaa7820  x5:0x80021ddc  x3=0x0aaa7820
       41061000	     20430	8000f0a8	1dfd	c.addi	x27,-1	 x27:0xffffffff x27=0xfffffffe
       41063000	     20431	8000f0aa	01ff9a93	slli	x21,x31,0x1f	 x31:0x0aaa7820 x21=0x00000000
       41081000	     20440	8000f0ae	0ff0000f	fence	iorwiorwiorwiorwiorwiorwiorwiorwiorwiorwiorwiorwiorwiorwiorwiorwiorwiorwiorwiorwiorwiorwiorwiorwiorwiorwiorwiorwiorwiorwiorwiorwiorwiorwiorwiorwiorwiorwiorwiorwiorwiorwiorwiorwiorwiorwiorwiorwiorwiorwiorwiorwiorwiorwiorwiorwiorwiorwiorwiorwiorwiorwiorwiorwiorwiorwiorwiorwiorwiorwiorwiorwiorwiorwiorwiorwiorw,iorwiorwiorwiorwiorwiorwiorwiorwiorwiorwiorwiorwiorwiorwiorwiorwiorwiorwiorwiorwiorwiorwiorwiorwiorwiorwiorwiorwiorwiorwiorwiorwiorwiorwiorwiorwiorwiorwiorwiorwiorwiorwiorwiorwiorwiorwiorwiorwiorwiorwiorwiorwiorwiorwiorwiorwiorwiorwiorwiorwiorwiorwiorwiorwiorwiorwiorwiorwiorwiorwiorwiorwiorwiorwiorwiorwiorwiorw	
       41089000	     20444	8000f0b2	027c21b3	mulhsu	x3,x24,x7	 x24:0xffffffff  x7:0x00000000  x3=0x00000000
       41107000	     20453	8000f0b6	fc86cce3	blt	x13,x8,8000f08e	 x13:0x0000000b  x8:0x00000013  x0=0x00000000
       41235000	     20517	8000f08e	03a023b3	mulhsu	x7,x0,x26	  x0:0x00000000 x26:0x0aaa7820  x7=0x00000000
       41259000	     20529	8000f092	241c2bb7	lui	x23,0x241c2	 x23=0x241c2000
       41271000	     20535	8000f096	00ff1e33	sll	x28,x30,x15	 x30:0x0000a000 x15:0x00000007 x28=0x00500000
       41273000	     20536	8000f09a	0685	c.addi	x13,1	 x13:0x0000000b x13=0x0000000c
       41289000	     20544	8000f09c	99fd	c.andi	x11,-1	 x11:0x00000000 x11=0x00000000
       41291000	     20545	8000f09e	9002	c.ebreak	
       41295000	     20547	8000f0a0	0001	c.addi	x0,0	  x0:0x00000000  x0=0x00000000
       41297000	     20548	8000f0a2	8f25	c.xor	x14,x9	 x14:0x9a25e000  x9:0x9a25e000 x14=0x00000000
       41429000	     20614	8000f0a4	025d71b3	remu	x3,x26,x5	 x26:0x0aaa7820  x5:0x80021ddc  x3=0x0aaa7820
       41431000	     20615	8000f0a8	1dfd	c.addi	x27,-1	 x27:0xfffffffe x27=0xfffffffd
       41433000	     20616	8000f0aa	01ff9a93	slli	x21,x31,0x1f	 x31:0x0aaa7820 x21=0x00000000
       41435000	     20617	8000f0ae	0ff0000f	fence	iorwiorwiorwiorwiorwiorwiorwiorwiorwiorwiorwiorwiorwiorwiorwiorwiorwiorwiorwiorwiorwiorwiorwiorwiorwiorwiorwiorwiorwiorwiorwiorwiorwiorwiorwiorwiorwiorwiorwiorwiorwiorwiorwiorwiorwiorwiorwiorwiorwiorwiorwiorwiorwiorwiorwiorwiorwiorwiorwiorwiorwiorwiorwiorwiorwiorwiorwiorwiorwiorwiorwiorwiorwiorwiorwiorwiorwiorwiorw,iorwiorwiorwiorwiorwiorwiorwiorwiorwiorwiorwiorwiorwiorwiorwiorwiorwiorwiorwiorwiorwiorwiorwiorwiorwiorwiorwiorwiorwiorwiorwiorwiorwiorwiorwiorwiorwiorwiorwiorwiorwiorwiorwiorwiorwiorwiorwiorwiorwiorwiorwiorwiorwiorwiorwiorwiorwiorwiorwiorwiorwiorwiorwiorwiorwiorwiorwiorwiorwiorwiorwiorwiorwiorwiorwiorwiorwiorwiorwiorw	
       41457000	     20628	8000f0b2	027c21b3	mulhsu	x3,x24,x7	 x24:0xffffffff  x7:0x00000000  x3=0x00000000
       41463000	     20631	8000f0b6	fc86cce3	blt	x13,x8,8000f08e	 x13:0x0000000c  x8:0x00000013  x0=0x00000000
       41569000	     20684	8000f08e	03a023b3	mulhsu	x7,x0,x26	  x0:0x00000000 x26:0x0aaa7820  x7=0x00000000
       41571000	     20685	8000f092	241c2bb7	lui	x23,0x241c2	 x23=0x241c2000
       41585000	     20692	8000f096	00ff1e33	sll	x28,x30,x15	 x30:0x0000a000 x15:0x00000007 x28=0x00500000
       41587000	     20693	8000f09a	0685	c.addi	x13,1	 x13:0x0000000c x13=0x0000000d
       41593000	     20696	8000f09c	99fd	c.andi	x11,-1	 x11:0x00000000 x11=0x00000000
       41595000	     20697	8000f09e	9002	c.ebreak	
       41625000	     20712	8000f0a0	0001	c.addi	x0,0	  x0:0x00000000  x0=0x00000000
       41627000	     20713	8000f0a2	8f25	c.xor	x14,x9	 x14:0x00000000  x9:0x9a25e000 x14=0x9a25e000
       41703000	     20751	8000f0a4	025d71b3	remu	x3,x26,x5	 x26:0x0aaa7820  x5:0x80021ddc  x3=0x0aaa7820
       41705000	     20752	8000f0a8	1dfd	c.addi	x27,-1	 x27:0xfffffffd x27=0xfffffffc
       41707000	     20753	8000f0aa	01ff9a93	slli	x21,x31,0x1f	 x31:0x0aaa7820 x21=0x00000000
       41709000	     20754	8000f0ae	0ff0000f	fence	iorwiorwiorwiorwiorwiorwiorwiorwiorwiorwiorwiorwiorwiorwiorwiorwiorwiorwiorwiorwiorwiorwiorwiorwiorwiorwiorwiorwiorwiorwiorwiorwiorwiorwiorwiorwiorwiorwiorwiorwiorwiorwiorwiorwiorwiorwiorwiorwiorwiorwiorwiorwiorwiorwiorwiorwiorwiorwiorwiorwiorwiorwiorwiorwiorwiorwiorwiorwiorwiorwiorwiorwiorwiorwiorwiorwiorwiorwiorwiorwiorw,iorwiorwiorwiorwiorwiorwiorwiorwiorwiorwiorwiorwiorwiorwiorwiorwiorwiorwiorwiorwiorwiorwiorwiorwiorwiorwiorwiorwiorwiorwiorwiorwiorwiorwiorwiorwiorwiorwiorwiorwiorwiorwiorwiorwiorwiorwiorwiorwiorwiorwiorwiorwiorwiorwiorwiorwiorwiorwiorwiorwiorwiorwiorwiorwiorwiorwiorwiorwiorwiorwiorwiorwiorwiorwiorwiorwiorwiorwiorwiorwiorwiorw	
       41719000	     20759	8000f0b2	027c21b3	mulhsu	x3,x24,x7	 x24:0xffffffff  x7:0x00000000  x3=0x00000000
       41737000	     20768	8000f0b6	fc86cce3	blt	x13,x8,8000f08e	 x13:0x0000000d  x8:0x00000013  x0=0x00000000
       41823000	     20811	8000f08e	03a023b3	mulhsu	x7,x0,x26	  x0:0x00000000 x26:0x0aaa7820  x7=0x00000000
       41833000	     20816	8000f092	241c2bb7	lui	x23,0x241c2	 x23=0x241c2000
       41881000	     20840	8000f096	00ff1e33	sll	x28,x30,x15	 x30:0x0000a000 x15:0x00000007 x28=0x00500000
       41883000	     20841	8000f09a	0685	c.addi	x13,1	 x13:0x0000000d x13=0x0000000e
       41887000	     20843	8000f09c	99fd	c.andi	x11,-1	 x11:0x00000000 x11=0x00000000
       41889000	     20844	8000f09e	9002	c.ebreak	
       41903000	     20851	8000f0a0	0001	c.addi	x0,0	  x0:0x00000000  x0=0x00000000
       41905000	     20852	8000f0a2	8f25	c.xor	x14,x9	 x14:0x9a25e000  x9:0x9a25e000 x14=0x00000000
       41979000	     20889	8000f0a4	025d71b3	remu	x3,x26,x5	 x26:0x0aaa7820  x5:0x80021ddc  x3=0x0aaa7820
       41981000	     20890	8000f0a8	1dfd	c.addi	x27,-1	 x27:0xfffffffc x27=0xfffffffb
       41983000	     20891	8000f0aa	01ff9a93	slli	x21,x31,0x1f	 x31:0x0aaa7820 x21=0x00000000
       41985000	     20892	8000f0ae	0ff0000f	fence	iorwiorwiorwiorwiorwiorwiorwiorwiorwiorwiorwiorwiorwiorwiorwiorwiorwiorwiorwiorwiorwiorwiorwiorwiorwiorwiorwiorwiorwiorwiorwiorwiorwiorwiorwiorwiorwiorwiorwiorwiorwiorwiorwiorwiorwiorwiorwiorwiorwiorwiorwiorwiorwiorwiorwiorwiorwiorwiorwiorwiorwiorwiorwiorwiorwiorwiorwiorwiorwiorwiorwiorwiorwiorwiorwiorwiorwiorwiorwiorwiorwiorwiorw,iorwiorwiorwiorwiorwiorwiorwiorwiorwiorwiorwiorwiorwiorwiorwiorwiorwiorwiorwiorwiorwiorwiorwiorwiorwiorwiorwiorwiorwiorwiorwiorwiorwiorwiorwiorwiorwiorwiorwiorwiorwiorwiorwiorwiorwiorwiorwiorwiorwiorwiorwiorwiorwiorwiorwiorwiorwiorwiorwiorwiorwiorwiorwiorwiorwiorwiorwiorwiorwiorwiorwiorwiorwiorwiorwiorwiorwiorwiorwiorwiorwiorwiorwiorw	
       42001000	     20900	8000f0b2	027c21b3	mulhsu	x3,x24,x7	 x24:0xffffffff  x7:0x00000000  x3=0x00000000
       42037000	     20918	8000f0b6	fc86cce3	blt	x13,x8,8000f08e	 x13:0x0000000e  x8:0x00000013  x0=0x00000000
       42095000	     20947	8000f08e	03a023b3	mulhsu	x7,x0,x26	  x0:0x00000000 x26:0x0aaa7820  x7=0x00000000
       42097000	     20948	8000f092	241c2bb7	lui	x23,0x241c2	 x23=0x241c2000
       42109000	     20954	8000f096	00ff1e33	sll	x28,x30,x15	 x30:0x0000a000 x15:0x00000007 x28=0x00500000
       42111000	     20955	8000f09a	0685	c.addi	x13,1	 x13:0x0000000e x13=0x0000000f
       42113000	     20956	8000f09c	99fd	c.andi	x11,-1	 x11:0x00000000 x11=0x00000000
       42115000	     20957	8000f09e	9002	c.ebreak	
       42153000	     20976	8000f0a0	0001	c.addi	x0,0	  x0:0x00000000  x0=0x00000000
       42155000	     20977	8000f0a2	8f25	c.xor	x14,x9	 x14:0x00000000  x9:0x9a25e000 x14=0x9a25e000
       42229000	     21014	8000f0a4	025d71b3	remu	x3,x26,x5	 x26:0x0aaa7820  x5:0x80021ddc  x3=0x0aaa7820
       42231000	     21015	8000f0a8	1dfd	c.addi	x27,-1	 x27:0xfffffffb x27=0xfffffffa
       42233000	     21016	8000f0aa	01ff9a93	slli	x21,x31,0x1f	 x31:0x0aaa7820 x21=0x00000000
       42235000	     21017	8000f0ae	0ff0000f	fence	iorwiorwiorwiorwiorwiorwiorwiorwiorwiorwiorwiorwiorwiorwiorwiorwiorwiorwiorwiorwiorwiorwiorwiorwiorwiorwiorwiorwiorwiorwiorwiorwiorwiorwiorwiorwiorwiorwiorwiorwiorwiorwiorwiorwiorwiorwiorwiorwiorwiorwiorwiorwiorwiorwiorwiorwiorwiorwiorwiorwiorwiorwiorwiorwiorwiorwiorwiorwiorwiorwiorwiorwiorwiorwiorwiorwiorwiorwiorwiorwiorwiorwiorwiorwiorw,iorwiorwiorwiorwiorwiorwiorwiorwiorwiorwiorwiorwiorwiorwiorwiorwiorwiorwiorwiorwiorwiorwiorwiorwiorwiorwiorwiorwiorwiorwiorwiorwiorwiorwiorwiorwiorwiorwiorwiorwiorwiorwiorwiorwiorwiorwiorwiorwiorwiorwiorwiorwiorwiorwiorwiorwiorwiorwiorwiorwiorwiorwiorwiorwiorwiorwiorwiorwiorwiorwiorwiorwiorwiorwiorwiorwiorwiorwiorwiorwiorwiorwiorwiorwiorwiorw	
       42261000	     21030	8000f0b2	027c21b3	mulhsu	x3,x24,x7	 x24:0xffffffff  x7:0x00000000  x3=0x00000000
       42265000	     21032	8000f0b6	fc86cce3	blt	x13,x8,8000f08e	 x13:0x0000000f  x8:0x00000013  x0=0x00000000
       42289000	     21044	8000f08e	03a023b3	mulhsu	x7,x0,x26	  x0:0x00000000 x26:0x0aaa7820  x7=0x00000000
       42299000	     21049	8000f092	241c2bb7	lui	x23,0x241c2	 x23=0x241c2000
       42333000	     21066	8000f096	00ff1e33	sll	x28,x30,x15	 x30:0x0000a000 x15:0x00000007 x28=0x00500000
       42335000	     21067	8000f09a	0685	c.addi	x13,1	 x13:0x0000000f x13=0x00000010
       42383000	     21091	8000f09c	99fd	c.andi	x11,-1	 x11:0x00000000 x11=0x00000000
       42385000	     21092	8000f09e	9002	c.ebreak	
       42387000	     21093	8000f0a0	0001	c.addi	x0,0	  x0:0x00000000  x0=0x00000000
       42389000	     21094	8000f0a2	8f25	c.xor	x14,x9	 x14:0x9a25e000  x9:0x9a25e000 x14=0x00000000
       42481000	     21140	8000f0a4	025d71b3	remu	x3,x26,x5	 x26:0x0aaa7820  x5:0x80021ddc  x3=0x0aaa7820
       42483000	     21141	8000f0a8	1dfd	c.addi	x27,-1	 x27:0xfffffffa x27=0xfffffff9
       42485000	     21142	8000f0aa	01ff9a93	slli	x21,x31,0x1f	 x31:0x0aaa7820 x21=0x00000000
       42515000	     21157	8000f0ae	0ff0000f	fence	iorwiorwiorwiorwiorwiorwiorwiorwiorwiorwiorwiorwiorwiorwiorwiorwiorwiorwiorwiorwiorwiorwiorwiorwiorwiorwiorwiorwiorwiorwiorwiorwiorwiorwiorwiorwiorwiorwiorwiorwiorwiorwiorwiorwiorwiorwiorwiorwiorwiorwiorwiorwiorwiorwiorwiorwiorwiorwiorwiorwiorwiorwiorwiorwiorwiorwiorwiorwiorwiorwiorwiorwiorwiorwiorwiorwiorwiorwiorwiorwiorwiorwiorwiorwiorwiorwiorw,iorwiorwiorwiorwiorwiorwiorwiorwiorwiorwiorwiorwiorwiorwiorwiorwiorwiorwiorwiorwiorwiorwiorwiorwiorwiorwiorwiorwiorwiorwiorwiorwiorwiorwiorwiorwiorwiorwiorwiorwiorwiorwiorwiorwiorwiorwiorwiorwiorwiorwiorwiorwiorwiorwiorwiorwiorwiorwiorwiorwiorwiorwiorwiorwiorwiorwiorwiorwiorwiorwiorwiorwiorwiorwiorwiorwiorwiorwiorwiorwiorwiorwiorwiorwiorwiorwiorwiorw	
       42523000	     21161	8000f0b2	027c21b3	mulhsu	x3,x24,x7	 x24:0xffffffff  x7:0x00000000  x3=0x00000000
       42527000	     21163	8000f0b6	fc86cce3	blt	x13,x8,8000f08e	 x13:0x00000010  x8:0x00000013  x0=0x00000000
       42631000	     21215	8000f08e	03a023b3	mulhsu	x7,x0,x26	  x0:0x00000000 x26:0x0aaa7820  x7=0x00000000
       42633000	     21216	8000f092	241c2bb7	lui	x23,0x241c2	 x23=0x241c2000
       42635000	     21217	8000f096	00ff1e33	sll	x28,x30,x15	 x30:0x0000a000 x15:0x00000007 x28=0x00500000
       42637000	     21218	8000f09a	0685	c.addi	x13,1	 x13:0x00000010 x13=0x00000011
       42659000	     21229	8000f09c	99fd	c.andi	x11,-1	 x11:0x00000000 x11=0x00000000
       42661000	     21230	8000f09e	9002	c.ebreak	
       42681000	     21240	8000f0a0	0001	c.addi	x0,0	  x0:0x00000000  x0=0x00000000
       42683000	     21241	8000f0a2	8f25	c.xor	x14,x9	 x14:0x00000000  x9:0x9a25e000 x14=0x9a25e000
       42757000	     21278	8000f0a4	025d71b3	remu	x3,x26,x5	 x26:0x0aaa7820  x5:0x80021ddc  x3=0x0aaa7820
       42759000	     21279	8000f0a8	1dfd	c.addi	x27,-1	 x27:0xfffffff9 x27=0xfffffff8
       42761000	     21280	8000f0aa	01ff9a93	slli	x21,x31,0x1f	 x31:0x0aaa7820 x21=0x00000000
       42763000	     21281	8000f0ae	0ff0000f	fence	iorwiorwiorwiorwiorwiorwiorwiorwiorwiorwiorwiorwiorwiorwiorwiorwiorwiorwiorwiorwiorwiorwiorwiorwiorwiorwiorwiorwiorwiorwiorwiorwiorwiorwiorwiorwiorwiorwiorwiorwiorwiorwiorwiorwiorwiorwiorwiorwiorwiorwiorwiorwiorwiorwiorwiorwiorwiorwiorwiorwiorwiorwiorwiorwiorwiorwiorwiorwiorwiorwiorwiorwiorwiorwiorwiorwiorwiorwiorwiorwiorwiorwiorwiorwiorwiorwiorwiorwiorw,iorwiorwiorwiorwiorwiorwiorwiorwiorwiorwiorwiorwiorwiorwiorwiorwiorwiorwiorwiorwiorwiorwiorwiorwiorwiorwiorwiorwiorwiorwiorwiorwiorwiorwiorwiorwiorwiorwiorwiorwiorwiorwiorwiorwiorwiorwiorwiorwiorwiorwiorwiorwiorwiorwiorwiorwiorwiorwiorwiorwiorwiorwiorwiorwiorwiorwiorwiorwiorwiorwiorwiorwiorwiorwiorwiorwiorwiorwiorwiorwiorwiorwiorwiorwiorwiorwiorwiorwiorwiorw	
       42779000	     21289	8000f0b2	027c21b3	mulhsu	x3,x24,x7	 x24:0xffffffff  x7:0x00000000  x3=0x00000000
       42837000	     21318	8000f0b6	fc86cce3	blt	x13,x8,8000f08e	 x13:0x00000011  x8:0x00000013  x0=0x00000000
       42891000	     21345	8000f08e	03a023b3	mulhsu	x7,x0,x26	  x0:0x00000000 x26:0x0aaa7820  x7=0x00000000
       42893000	     21346	8000f092	241c2bb7	lui	x23,0x241c2	 x23=0x241c2000
       42905000	     21352	8000f096	00ff1e33	sll	x28,x30,x15	 x30:0x0000a000 x15:0x00000007 x28=0x00500000
       42907000	     21353	8000f09a	0685	c.addi	x13,1	 x13:0x00000011 x13=0x00000012
       42949000	     21374	8000f09c	99fd	c.andi	x11,-1	 x11:0x00000000 x11=0x00000000
       42951000	     21375	8000f09e	9002	c.ebreak	
       42953000	     21376	8000f0a0	0001	c.addi	x0,0	  x0:0x00000000  x0=0x00000000
       42955000	     21377	8000f0a2	8f25	c.xor	x14,x9	 x14:0x9a25e000  x9:0x9a25e000 x14=0x00000000
       43041000	     21420	8000f0a4	025d71b3	remu	x3,x26,x5	 x26:0x0aaa7820  x5:0x80021ddc  x3=0x0aaa7820
       43043000	     21421	8000f0a8	1dfd	c.addi	x27,-1	 x27:0xfffffff8 x27=0xfffffff7
       43045000	     21422	8000f0aa	01ff9a93	slli	x21,x31,0x1f	 x31:0x0aaa7820 x21=0x00000000
       43047000	     21423	8000f0ae	0ff0000f	fence	iorwiorwiorwiorwiorwiorwiorwiorwiorwiorwiorwiorwiorwiorwiorwiorwiorwiorwiorwiorwiorwiorwiorwiorwiorwiorwiorwiorwiorwiorwiorwiorwiorwiorwiorwiorwiorwiorwiorwiorwiorwiorwiorwiorwiorwiorwiorwiorwiorwiorwiorwiorwiorwiorwiorwiorwiorwiorwiorwiorwiorwiorwiorwiorwiorwiorwiorwiorwiorwiorwiorwiorwiorwiorwiorwiorwiorwiorwiorwiorwiorwiorwiorwiorwiorwiorwiorwiorwiorwiorwiorw,iorwiorwiorwiorwiorwiorwiorwiorwiorwiorwiorwiorwiorwiorwiorwiorwiorwiorwiorwiorwiorwiorwiorwiorwiorwiorwiorwiorwiorwiorwiorwiorwiorwiorwiorwiorwiorwiorwiorwiorwiorwiorwiorwiorwiorwiorwiorwiorwiorwiorwiorwiorwiorwiorwiorwiorwiorwiorwiorwiorwiorwiorwiorwiorwiorwiorwiorwiorwiorwiorwiorwiorwiorwiorwiorwiorwiorwiorwiorwiorwiorwiorwiorwiorwiorwiorwiorwiorwiorwiorwiorwiorw	
       43077000	     21438	8000f0b2	027c21b3	mulhsu	x3,x24,x7	 x24:0xffffffff  x7:0x00000000  x3=0x00000000
       43111000	     21455	8000f0b6	fc86cce3	blt	x13,x8,8000f08e	 x13:0x00000012  x8:0x00000013  x0=0x00000000
       43147000	     21473	8000f08e	03a023b3	mulhsu	x7,x0,x26	  x0:0x00000000 x26:0x0aaa7820  x7=0x00000000
       43167000	     21483	8000f092	241c2bb7	lui	x23,0x241c2	 x23=0x241c2000
       43169000	     21484	8000f096	00ff1e33	sll	x28,x30,x15	 x30:0x0000a000 x15:0x00000007 x28=0x00500000
       43171000	     21485	8000f09a	0685	c.addi	x13,1	 x13:0x00000012 x13=0x00000013
       43189000	     21494	8000f09c	99fd	c.andi	x11,-1	 x11:0x00000000 x11=0x00000000
       43191000	     21495	8000f09e	9002	c.ebreak	
       43197000	     21498	8000f0a0	0001	c.addi	x0,0	  x0:0x00000000  x0=0x00000000
       43199000	     21499	8000f0a2	8f25	c.xor	x14,x9	 x14:0x00000000  x9:0x9a25e000 x14=0x9a25e000
       43273000	     21536	8000f0a4	025d71b3	remu	x3,x26,x5	 x26:0x0aaa7820  x5:0x80021ddc  x3=0x0aaa7820
       43275000	     21537	8000f0a8	1dfd	c.addi	x27,-1	 x27:0xfffffff7 x27=0xfffffff6
       43277000	     21538	8000f0aa	01ff9a93	slli	x21,x31,0x1f	 x31:0x0aaa7820 x21=0x00000000
       43279000	     21539	8000f0ae	0ff0000f	fence	iorwiorwiorwiorwiorwiorwiorwiorwiorwiorwiorwiorwiorwiorwiorwiorwiorwiorwiorwiorwiorwiorwiorwiorwiorwiorwiorwiorwiorwiorwiorwiorwiorwiorwiorwiorwiorwiorwiorwiorwiorwiorwiorwiorwiorwiorwiorwiorwiorwiorwiorwiorwiorwiorwiorwiorwiorwiorwiorwiorwiorwiorwiorwiorwiorwiorwiorwiorwiorwiorwiorwiorwiorwiorwiorwiorwiorwiorwiorwiorwiorwiorwiorwiorwiorwiorwiorwiorwiorwiorwiorwiorwiorw,iorwiorwiorwiorwiorwiorwiorwiorwiorwiorwiorwiorwiorwiorwiorwiorwiorwiorwiorwiorwiorwiorwiorwiorwiorwiorwiorwiorwiorwiorwiorwiorwiorwiorwiorwiorwiorwiorwiorwiorwiorwiorwiorwiorwiorwiorwiorwiorwiorwiorwiorwiorwiorwiorwiorwiorwiorwiorwiorwiorwiorwiorwiorwiorwiorwiorwiorwiorwiorwiorwiorwiorwiorwiorwiorwiorwiorwiorwiorwiorwiorwiorwiorwiorwiorwiorwiorwiorwiorwiorwiorwiorwiorwiorw	
       43307000	     21553	8000f0b2	027c21b3	mulhsu	x3,x24,x7	 x24:0xffffffff  x7:0x00000000  x3=0x00000000
       43349000	     21574	8000f0b6	fc86cce3	blt	x13,x8,8000f08e	 x13:0x00000013  x8:0x00000013  x0=0x00000000
       43351000	     21575	8000f0ba	6875	c.lui	x16,0x1d	 x16=0x0001d000
       43391000	     21595	8000f0bc	0000c197	auipc	x3,0xc	  x3=0x8001b0bc
       43393000	     21596	8000f0c0	1ae18193	addi	x3,x3,430	  x3:0x8001b0bc  x3=0x8001b26a
       43415000	     21607	8000f0c4	00006397	auipc	x7,0x6	  x7=0x800150c4
       43437000	     21618	8000f0c8	13038393	addi	x7,x7,304	  x7:0x800150c4  x7=0x800151f4
       43439000	     21619	8000f0cc	0000c617	auipc	x12,0xc	 x12=0x8001b0cc
       43461000	     21630	8000f0d0	f4f60613	addi	x12,x12,-177	 x12:0x8001b0cc x12=0x8001b01b
       43515000	     21657	8000f0d4	4331c003	lbu	x0,1075(x3)	  x3:0x8001b26a  x0=0x00000000 PA:0x8001b69d store:0x80025e7c
       43541000	     21670	8000f0d8	0f864003	lbu	x0,248(x12)	 x12:0x8001b01b  x0=0x00000000 PA:0x8001b113 store:0xffffffff
       43585000	     21692	8000f0dc	0b060d23	sb	x16,186(x12)	 x12:0x8001b01b x16:0x0001d000 PA:0x8001b0d5 store:0x0001d000 load:0x00000000
       43591000	     21695	8000f0e0	0d039b23	sh	x16,214(x7)	  x7:0x800151f4 x16:0x0001d000 PA:0x800152ca store:0x0001d000 load:0x0000d000
       43605000	     21702	8000f0e4	09e64f83	lbu	x31,158(x12)	 x12:0x8001b01b x31=0x000000ba PA:0x8001b0b9 store:0x0000a000
       43607000	     21703	8000f0e8	00005217	auipc	x4,0x5	  x4=0x800140e8
       43609000	     21704	8000f0ec	28820213	addi	x4,x4,648	  x4:0x800140e8  x4=0x80014370
       43681000	     21740	8000f0f0	02b1ce83	lbu	x29,43(x3)	  x3:0x8001b26a x29=0x00000096 PA:0x8001b295 store:0x00000000
       43721000	     21760	8000f0f4	58f1a923	sw	x15,1426(x3)	  x3:0x8001b26a x15:0x00000007 PA:0x8001b7fc store:0x00000007 load:0x00000007
       43745000	     21772	8000f0f8	0de617a3	sh	x30,207(x12)	 x12:0x8001b01b x30:0x0000a000 PA:0x8001b0ea store:0x0000a000 load:0x0000a000
       43783000	     21791	8000f0fc	0c622623	sw	x6,204(x4)	  x4:0x80014370  x6:0x00000000 PA:0x8001443c store:0x00000000 load:0x00000000
       43787000	     21793	8000f100	0fc38f83	lb	x31,252(x7)	  x7:0x800151f4 x31=0xfffffff3 PA:0x800152f0 store:0x00500000
       43851000	     21825	8000f104	0a121023	sh	x1,160(x4)	  x4:0x80014370  x1:0xffffffff PA:0x80014410 store:0xffffffff load:0x0000ffff
       43915000	     21857	8000f108	59d188a3	sb	x29,1425(x3)	  x3:0x8001b26a x29:0x00000096 PA:0x8001b7fb store:0x00000096 load:0x00000096
       43951000	     21875	8000f10c	f0820483	lb	x9,-248(x4)	  x4:0x80014370  x9=0x0000007b PA:0x80014278 store:0x00000013
       43955000	     21877	8000f110	0b060e23	sb	x16,188(x12)	 x12:0x8001b01b x16:0x0001d000 PA:0x8001b0d7 store:0x0001d000 load:0x00000000
       43973000	     21886	8000f114	10060903	lb	x18,256(x12)	 x12:0x8001b01b x18=0x00000018 PA:0x8001b11b store:0x00000000
       44037000	     21918	8000f118	05724783	lbu	x15,87(x4)	  x4:0x80014370 x15=0x000000c4 PA:0x800143c7 store:0x241c2000
       44073000	     21936	8000f11c	08a38103	lb	x2,138(x7)	  x7:0x800151f4  x2=0x0000007d PA:0x8001527e store:0x00000000
       44099000	     21949	8000f120	2f11c703	lbu	x14,753(x3)	  x3:0x8001b26a x14=0x00000058 PA:0x8001b55b store:0xffffffff
       44143000	     21971	8000f124	22318e23	sb	x3,572(x3)	  x3:0x8001b26a  x3:0x8001b26a PA:0x8001b4a6 store:0x8001b26a load:0x0000006a
       44167000	     21983	8000f128	36c19783	lh	x15,876(x3)	  x3:0x8001b26a x15=0xffffd4d5 PA:0x8001b5d6 store:0x8001b01b
       44191000	     21995	8000f12c	f7d3c883	lbu	x17,-131(x7)	  x7:0x800151f4 x17=0x00000072 PA:0x80015171 store:0x00000096
       44195000	     21997	8000f130	01520aa3	sb	x21,21(x4)	  x4:0x80014370 x21:0x00000000 PA:0x80014385 store:0x00000000 load:0x00000000
       44219000	     22009	8000f134	18718523	sb	x7,394(x3)	  x3:0x8001b26a  x7:0x800151f4 PA:0x8001b3f4 store:0x800151f4 load:0x000000f4
       44257000	     22028	8000f138	0c760123	sb	x7,194(x12)	 x12:0x8001b01b  x7:0x800151f4 PA:0x8001b0dd store:0x800151f4 load:0x000000f4
       44285000	     22042	8000f13c	f5c20403	lb	x8,-164(x4)	  x4:0x80014370  x8=0xffffffcf PA:0x800142cc store:0x00500000
       44297000	     22048	8000f140	4861d683	lhu	x13,1158(x3)	  x3:0x8001b26a x13=0x0000f2f3 PA:0x8001b6f0 store:0x00000000
       44311000	     22055	8000f144	0f338403	lb	x8,243(x7)	  x7:0x800151f4  x8=0xffffffe4 PA:0x800152e7 store:0x80025e7c
       44313000	     22056	8000f148	0000b117	auipc	x2,0xb	  x2=0x8001a148
       44319000	     22059	8000f14c	44210113	addi	x2,x2,1090	  x2:0x8001a148  x2=0x8001a58a
       44337000	     22068	8000f150	0085b8b3	sltu	x17,x11,x8	 x11:0x00000000  x8:0xffffffe4 x17=0x00000001
       44347000	     22073	8000f154	02410403	lb	x8,36(x2)	  x2:0x8001a58a  x8=0xffffffad PA:0x8001a5ae store:0x80014370
       44361000	     22080	8000f158	5e7d	c.li	x28,-1	 x28=0xffffffff
       44425000	     22112	8000f15a	fca10b23	sb	x10,-42(x2)	  x2:0x8001a58a x10:0x00000000 PA:0x8001a560 store:0x00000000 load:0x00000000
       44455000	     22127	8000f15e	ff114c83	lbu	x25,-15(x2)	  x2:0x8001a58a x25=0x00000000 PA:0x8001a57b store:0x00000001
       44503000	     22151	8000f162	fe6108a3	sb	x6,-15(x2)	  x2:0x8001a58a  x6:0x00000000 PA:0x8001a57b store:0x00000000 load:0x00000000
       44505000	     22152	8000f166	01b1f3b3	and	x7,x3,x27	  x3:0x8001b26a x27:0xfffffff6  x7=0x8001b262
       44507000	     22153	8000f16a	01198fb3	add	x31,x19,x17	 x19:0x80025e7c x17:0x00000001 x31=0x80025e7d
       44579000	     22189	8000f16e	fcd10223	sb	x13,-60(x2)	  x2:0x8001a58a x13:0x0000f2f3 PA:0x8001a54e store:0x0000f2f3 load:0x000000f3
       44597000	     22198	8000f172	fdb10003	lb	x0,-37(x2)	  x2:0x8001a58a  x0=0x00000000 PA:0x8001a565 store:0xfffffff6
       44605000	     22202	8000f176	fdb14f03	lbu	x30,-37(x2)	  x2:0x8001a58a x30=0x000000f3 PA:0x8001a565 store:0xfffffff6
       44663000	     22231	8000f17a	fcd10da3	sb	x13,-37(x2)	  x2:0x8001a58a x13:0x0000f2f3 PA:0x8001a565 store:0x0000f2f3 load:0x000000f3
       44699000	     22249	8000f17e	fdb14e03	lbu	x28,-37(x2)	  x2:0x8001a58a x28=0x000000f3 PA:0x8001a565 store:0xfffffff6
       44743000	     22271	8000f182	fe810e83	lb	x29,-24(x2)	  x2:0x8001a58a x29=0x00000071 PA:0x8001a572 store:0xffffffad
       44757000	     22278	8000f186	fe814a03	lbu	x20,-24(x2)	  x2:0x8001a58a x20=0x00000071 PA:0x8001a572 store:0xffffffad
       44771000	     22285	8000f18a	02914a03	lbu	x20,41(x2)	  x2:0x8001a58a x20=0x000000b0 PA:0x8001a5b3 store:0x0000007b
       44795000	     22297	8000f18e	02910f03	lb	x30,41(x2)	  x2:0x8001a58a x30=0xffffffb0 PA:0x8001a5b3 store:0x0000007b
       44799000	     22299	8000f192	fcf105a3	sb	x15,-53(x2)	  x2:0x8001a58a x15:0xffffd4d5 PA:0x8001a555 store:0xffffd4d5 load:0x000000d5
       44823000	     22311	8000f196	03414703	lbu	x14,52(x2)	  x2:0x8001a58a x14=0x000000bd PA:0x8001a5be store:0x000000b0
       44867000	     22333	8000f19a	03411883	lh	x17,52(x2)	  x2:0x8001a58a x17=0xffffbcbd PA:0x8001a5be store:0x000000b0
       44891000	     22345	8000f19e	02210fa3	sb	x2,63(x2)	  x2:0x8001a58a  x2:0x8001a58a PA:0x8001a5c9 store:0x8001a58a load:0x0000008a
       44911000	     22355	8000f1a2	03c11883	lh	x17,60(x2)	  x2:0x8001a58a x17=0xffffc4c5 PA:0x8001a5c6 store:0x000000f3
       44915000	     22357	8000f1a6	fe014803	lbu	x16,-32(x2)	  x2:0x8001a58a x16=0x00000069 PA:0x8001a56a store:0x00000000
       44917000	     22358	8000f1aa	6915	c.lui	x18,0x5	 x18=0x00005000
       44941000	     22370	8000f1ac	03310183	lb	x3,51(x2)	  x2:0x8001a58a  x3=0xffffffbe PA:0x8001a5bd store:0x80025e7c
       44943000	     22371	8000f1b0	0000a817	auipc	x16,0xa	 x16=0x800191b0
       44945000	     22372	8000f1b4	da680813	addi	x16,x16,-602	 x16:0x800191b0 x16=0x80018f56
       44981000	     22390	8000f1b8	fad801a3	sb	x13,-93(x16)	 x16:0x80018f56 x13:0x0000f2f3 PA:0x80018ef9 store:0x0000f2f3 load:0x000000f3
       44983000	     22391	8000f1bc	00008517	auipc	x10,0x8	 x10=0x800171bc
       44985000	     22392	8000f1c0	40d50513	addi	x10,x10,1037	 x10:0x800171bc x10=0x800175c9
       45019000	     22409	8000f1c4	fb680d83	lb	x27,-74(x16)	 x16:0x80018f56 x27=0x0000000f PA:0x80018f0c store:0x00000000
       45041000	     22420	8000f1c8	f2281b83	lh	x23,-222(x16)	 x16:0x80018f56 x23=0x00007a7b PA:0x80018e78 store:0x8001a58a
       45089000	     22444	8000f1cc	03e51aa3	sh	x30,53(x10)	 x10:0x800175c9 x30:0xffffffb0 PA:0x800175fe store:0xffffffb0 load:0x0000ffb0
       45113000	     22456	8000f1d0	f7f80903	lb	x18,-129(x16)	 x16:0x80018f56 x18=0xffffffd6 PA:0x80018ed5 store:0x80025e7d
       45139000	     22469	8000f1d4	01e50683	lb	x13,30(x10)	 x10:0x800175c9 x13=0xffffffe4 PA:0x800175e7 store:0xffffffb0
       45165000	     22482	8000f1d8	fe580403	lb	x8,-27(x16)	 x16:0x80018f56  x8=0x00000038 PA:0x80018f3b store:0x80021ddc
       45217000	     22508	8000f1dc	00780f83	lb	x31,7(x16)	 x16:0x80018f56 x31=0x0000005e PA:0x80018f5d store:0x8001b262
       45239000	     22519	8000f1e0	fcd527a3	sw	x13,-49(x10)	 x10:0x800175c9 x13:0xffffffe4 PA:0x80017598 store:0xffffffe4 load:0xffffffe4
       45269000	     22534	8000f1e4	03554a83	lbu	x21,53(x10)	 x10:0x800175c9 x21=0x000000b0 PA:0x800175fe store:0x00000000
       45273000	     22536	8000f1e8	04784183	lbu	x3,71(x16)	 x16:0x80018f56  x3=0x0000009e PA:0x80018f9d store:0x8001b262
       45295000	     22547	8000f1ec	02085583	lhu	x11,32(x16)	 x16:0x80018f56 x11=0x00007475 PA:0x80018f76 store:0x00000000
       45319000	     22559	8000f1f0	f5584883	lbu	x17,-171(x16)	 x16:0x80018f56 x17=0x000000a8 PA:0x80018eab store:0x000000b0
       45337000	     22568	8000f1f4	f4b80603	lb	x12,-181(x16)	 x16:0x80018f56 x12=0xffffffa2 PA:0x80018ea1 store:0x00007475
       45377000	     22588	8000f1f8	02a50d03	lb	x26,42(x10)	 x10:0x800175c9 x26=0xfffffff0 PA:0x800175f3 store:0x800175c9
       45381000	     22590	8000f1fc	01a0016f	jal	x2,8000f216	  x2=0x8000f200
       45421000	     22610	8000f216	ff5fff6f	jal	x30,8000f20a	 x30=0x8000f21a
       45441000	     22620	8000f20a	a029	c.j	8000f214	
       45469000	     22634	8000f214	bfe5	c.j	8000f20c	
       45513000	     22656	8000f20c	014000ef	jal	x1,8000f220	  x1=0x8000f210
       45517000	     22658	8000f220	b7dd	c.j	8000f206	
       45541000	     22670	8000f206	2811	c.jal	8000f21a	  x1=0x8000f208
       45587000	     22693	8000f21a	ff9ff0ef	jal	x1,8000f212	  x1=0x8000f21e
       45631000	     22715	8000f212	2811	c.jal	8000f226	  x1=0x8000f214
       45697000	     22748	8000f226	b7cd	c.j	8000f208	
       45765000	     22782	8000f208	2829	c.jal	8000f222	  x1=0x8000f20a
       45803000	     22801	8000f222	fdfff1ef	jal	x3,8000f200	  x3=0x8000f226
       45845000	     22822	8000f200	01e000ef	jal	x1,8000f21e	  x1=0x8000f204
       45905000	     22852	8000f21e	3fcd	c.jal	8000f210	  x1=0x8000f220
       45929000	     22864	8000f210	bfd5	c.j	8000f204	
       45973000	     22886	8000f204	2015	c.jal	8000f228	  x1=0x8000f206
       45991000	     22895	8000f228	048e	c.slli	x9,0x3	  x9:0x0000007b  x9=0x000003d8
       46015000	     22907	8000f22a	0000ca97	auipc	x21,0xc	 x21=0x8001b22a
       46021000	     22910	8000f22e	f1ea8a93	addi	x21,x21,-226	 x21:0x8001b22a x21=0x8001b148
       46105000	     22952	8000f232	025a63b3	rem	x7,x20,x5	 x20:0x000000b0  x5:0x80021ddc  x7=0x000000b0
       46127000	     22963	8000f236	028a9123	sh	x8,34(x21)	 x21:0x8001b148  x8:0x00000038 PA:0x8001b16a store:0x00000038 load:0x00000038
       46139000	     22969	8000f23a	feaa8603	lb	x12,-22(x21)	 x21:0x8001b148 x12=0x00000000 PA:0x8001b132 store:0x800175c9
       46163000	     22981	8000f23e	fcfa8583	lb	x11,-49(x21)	 x21:0x8001b148 x11=0x00000014 PA:0x8001b117 store:0xffffd4d5
       46165000	     22982	8000f242	00ea	c.slli	x1,0x1a	  x1:0x8000f206  x1=0x18000000
       46177000	     22988	8000f244	03aa84a3	sb	x26,41(x21)	 x21:0x8001b148 x26:0xfffffff0 PA:0x8001b171 store:0xfffffff0 load:0x000000f0
       46189000	     22994	8000f248	0178d533	srl	x10,x17,x23	 x17:0x000000a8 x23:0x00007a7b x10=0x00000000
       46215000	     23007	8000f24c	8ced	c.and	x9,x11	  x9:0x000003d8 x11:0x00000014  x9=0x00000010
       46219000	     23009	8000f24e	005a8783	lb	x15,5(x21)	 x21:0x8001b148 x15=0x0000004e PA:0x8001b14d store:0x80021ddc
       46257000	     23028	8000f252	fd1a8f83	lb	x31,-47(x21)	 x21:0x8001b148 x31=0x0000001a PA:0x8001b119 store:0x000000a8
       46301000	     23050	8000f256	fcdac903	lbu	x18,-51(x21)	 x21:0x8001b148 x18=0x00000016 PA:0x8001b115 store:0xffffffe4
       46335000	     23067	8000f25a	fc9a8f83	lb	x31,-55(x21)	 x21:0x8001b148 x31=0x00000012 PA:0x8001b111 store:0x00000010
       46337000	     23068	8000f25e	8d81	c.sub	x11,x8	 x11:0x00000014  x8:0x00000038 x11=0xffffffdc
       46381000	     23090	8000f260	038aaf03	lw	x30,56(x21)	 x21:0x8001b148 x30=0x80818283 PA:0x8001b180 store:0xffffffff
       46387000	     23093	8000f264	00aa8603	lb	x12,10(x21)	 x21:0x8001b148 x12=0x00000051 PA:0x8001b152 store:0x00000000
       46399000	     23099	8000f268	4157d913	srai	x18,x15,0x15	 x15:0x0000004e x18=0x00000000
       46401000	     23100	8000f26c	6169	c.addi16sp	x2,208	  x2:0x8000f200  x2=0x8000f2d0
       46437000	     23118	8000f26e	ff8a9403	lh	x8,-8(x21)	 x21:0x8001b148  x8=0x00004243 PA:0x8001b140 store:0xffffffff
       46439000	     23119	8000f272	4072db33	sra	x22,x5,x7	  x5:0x80021ddc  x7:0x000000b0 x22=0xffff8002
       46447000	     23123	8000f276	01ba8583	lb	x11,27(x21)	 x21:0x8001b148 x11=0x00000060 PA:0x8001b163 store:0x0000000f
       46523000	     23161	8000f27a	ff5a83a3	sb	x21,-25(x21)	 x21:0x8001b148 x21:0x8001b148 PA:0x8001b12f store:0x8001b148 load:0x00000048
       46559000	     23179	8000f27e	004a9103	lh	x2,4(x21)	 x21:0x8001b148  x2=0x00004e4f PA:0x8001b14c store:0x80014370
       46595000	     23197	8000f282	010a9e83	lh	x29,16(x21)	 x21:0x8001b148 x29=0x00005a5b PA:0x8001b158 store:0x80018f56
       46603000	     23201	8000f286	02c3b6b3	mulhu	x13,x7,x12	  x7:0x000000b0 x12:0x00000051 x13=0x00000000
       46605000	     23202	8000f28a	9002	c.ebreak	
       46607000	     23203	8000f28c	0001	c.addi	x0,0	  x0:0x00000000  x0=0x00000000
       46659000	     23229	8000f28e	039aa023	sw	x25,32(x21)	 x21:0x8001b148 x25:0x00000000 PA:0x8001b168 store:0x00000000 load:0x00000000
       46677000	     23238	8000f292	fe3ac003	lbu	x0,-29(x21)	 x21:0x8001b148  x0=0x00000000 PA:0x8001b12b store:0x8000f226
       46683000	     23241	8000f296	feda8523	sb	x13,-22(x21)	 x21:0x8001b148 x13:0x00000000 PA:0x8001b132 store:0x00000000 load:0x00000000
       46755000	     23277	8000f29a	fe4ad703	lhu	x14,-28(x21)	 x21:0x8001b148 x14=0x00002e2f PA:0x8001b12c store:0x80014370
       46757000	     23278	8000f29e	8756	c.mv	x14,x21	  x0:0x00000000 x21:0x8001b148 x14=0x8001b148
       46801000	     23300	8000f2a0	00da8483	lb	x9,13(x21)	 x21:0x8001b148  x9=0x00000056 PA:0x8001b155 store:0x00000000
       46803000	     23301	8000f2a4	2125bc13	sltiu	x24,x11,530	 x11:0x00000060 x24=0x00000001
       46851000	     23325	8000f2a8	03ca88a3	sb	x28,49(x21)	 x21:0x8001b148 x28:0x000000f3 PA:0x8001b179 store:0x000000f3 load:0x000000f3
       46853000	     23326	8000f2ac	f6a8bb93	sltiu	x23,x17,-150	 x17:0x000000a8 x23=0x00000001
       46877000	     23338	8000f2b0	019acc03	lbu	x24,25(x21)	 x21:0x8001b148 x24=0x00000062 PA:0x8001b161 store:0x00000000
       46879000	     23339	8000f2b4	717d	c.addi16sp	x2,-16	  x2:0x00004e4f  x2=0x00004e3f
       46881000	     23340	8000f2b6	826d	c.srli	x12,0x1b	 x12:0x00000051 x12=0x00000000
       46909000	     23354	8000f2b8	0001	c.addi	x0,0	  x0:0x00000000  x0=0x00000000
       46923000	     23361	8000f2ba	023f0133	mul	x2,x30,x3	 x30:0x80818283  x3:0x8000f226  x2=0x00993572
       46927000	     23363	8000f2be	03aac883	lbu	x17,58(x21)	 x21:0x8001b148 x17=0x00000081 PA:0x8001b182 store:0xfffffff0
       46929000	     23364	8000f2c2	969e	c.add	x13,x7	 x13:0x00000000  x7:0x000000b0 x13=0x000000b0
       46931000	     23365	8000f2c4	e911	c.bnez	x10,8000f2d8	 x10:0x00000000
       46943000	     23371	8000f2c6	02bd1ab3	mulh	x21,x26,x11	 x26:0xfffffff0 x11:0x00000060 x21=0xffffffff
       46945000	     23372	8000f2ca	8cdd	c.or	x9,x15	  x9:0x00000056 x15:0x0000004e  x9=0x0000005e
       46999000	     23399	8000f2cc	8ed1	c.or	x13,x12	 x13:0x000000b0 x12:0x00000000 x13=0x000000b0
       47001000	     23400	8000f2ce	002b8433	add	x8,x23,x2	 x23:0x00000001  x2:0x00993572  x8=0x00993573
       47019000	     23409	8000f2d2	f7f86f13	ori	x30,x16,-129	 x16:0x80018f56 x30=0xffffff7f
       47021000	     23410	8000f2d6	8f31	c.xor	x14,x12	 x14:0x8001b148 x12:0x00000000 x14=0x8001b148
       47041000	     23420	8000f2d8	096a	c.slli	x18,0x1a	 x18:0x00000000 x18=0x00000000
       47043000	     23421	8000f2da	4d5d	c.li	x26,23	 x26=0x00000017
       47063000	     23431	8000f2dc	034e8663	beq	x29,x20,8000f308	 x29:0x00005a5b x20:0x000000b0  x0=0x00000000
       47095000	     23447	8000f2e0	8211	c.srli	x12,0x4	 x12:0x00000000 x12=0x00000000
       47097000	     23448	8000f2e2	5e7d	c.li	x28,-1	 x28=0xffffffff
       47101000	     23450	8000f2e4	05434163	blt	x6,x20,8000f326	  x6:0x00000000 x20:0x000000b0  x0=0x00000000
       47127000	     23463	8000f326	4066d533	sra	x10,x13,x6	 x13:0x000000b0  x6:0x00000000 x10=0x000000b0
       47153000	     23476	8000f32a	025b8233	mul	x4,x23,x5	 x23:0x00000001  x5:0x80021ddc  x4=0x80021ddc
       47171000	     23485	8000f32e	00100073	ebreak	
       47173000	     23486	8000f332	8c76	c.mv	x24,x29	  x0:0x00000000 x29:0x00005a5b x24=0x00005a5b
       47195000	     23497	8000f334	9002	c.ebreak	
       47197000	     23498	8000f336	0001	c.addi	x0,0	  x0:0x00000000  x0=0x00000000
       47213000	     23506	8000f338	0ff0000f	fence	iorwiorwiorwiorwiorwiorwiorwiorwiorwiorwiorwiorwiorwiorwiorwiorwiorwiorwiorwiorwiorwiorwiorwiorwiorwiorwiorwiorwiorwiorwiorwiorwiorwiorwiorwiorwiorwiorwiorwiorwiorwiorwiorwiorwiorwiorwiorwiorwiorwiorwiorwiorwiorwiorwiorwiorwiorwiorwiorwiorwiorwiorwiorwiorwiorwiorwiorwiorwiorwiorwiorwiorwiorwiorwiorwiorwiorwiorwiorwiorwiorwiorwiorwiorwiorwiorwiorwiorwiorwiorwiorwiorwiorwiorwiorw,iorwiorwiorwiorwiorwiorwiorwiorwiorwiorwiorwiorwiorwiorwiorwiorwiorwiorwiorwiorwiorwiorwiorwiorwiorwiorwiorwiorwiorwiorwiorwiorwiorwiorwiorwiorwiorwiorwiorwiorwiorwiorwiorwiorwiorwiorwiorwiorwiorwiorwiorwiorwiorwiorwiorwiorwiorwiorwiorwiorwiorwiorwiorwiorwiorwiorwiorwiorwiorwiorwiorwiorwiorwiorwiorwiorwiorwiorwiorwiorwiorwiorwiorwiorwiorwiorwiorwiorwiorwiorwiorwiorwiorwiorwiorwiorw	
       47217000	     23508	8000f33c	8a61	c.andi	x12,24	 x12:0x00000000 x12=0x00000000
       47219000	     23509	8000f33e	614d	c.addi16sp	x2,176	  x2:0x00993572  x2=0x00993622
       47269000	     23534	8000f340	7c089d17	auipc	x26,0x7c089	 x26=0xfc098340
       47295000	     23547	8000f344	028424b3	mulhsu	x9,x8,x8	  x8:0x00993573  x8:0x00993573  x9=0x00005bb0
       47297000	     23548	8000f348	0001	c.addi	x0,0	  x0:0x00000000  x0=0x00000000
       47299000	     23549	8000f34a	9002	c.ebreak	
       47301000	     23550	8000f34c	0001	c.addi	x0,0	  x0:0x00000000  x0=0x00000000
       47303000	     23551	8000f34e	00100073	ebreak	
       47307000	     23553	8000f352	e105	c.bnez	x10,8000f372	 x10:0x000000b0
       47379000	     23589	8000f372	6a1d	c.lui	x20,0x7	 x20=0x00007000
       47381000	     23590	8000f374	f9824393	xori	x7,x4,-104	  x4:0x80021ddc  x7=0x7ffde244
       47419000	     23609	8000f378	8c35	c.xor	x8,x13	  x8:0x00993573 x13:0x000000b0  x8=0x009935c3
       47431000	     23615	8000f37a	004ff863	bgeu	x31,x4,8000f38a	 x31:0x00000012  x4:0x80021ddc  x0=0x00000000
       47433000	     23616	8000f37e	8f25	c.xor	x14,x9	 x14:0x8001b148  x9:0x00005bb0 x14=0x8001eaf8
       47473000	     23636	8000f380	52cd2017	auipc	x0,0x52cd2	  x0=0x00000000
       47489000	     23644	8000f384	cb15	c.beqz	x14,8000f3b8	 x14:0x8001eaf8
       47535000	     23667	8000f386	02ca8833	mul	x16,x21,x12	 x21:0xffffffff x12:0x00000000 x16=0x00000000
       47537000	     23668	8000f38a	e22fbb13	sltiu	x22,x31,-478	 x31:0x00000012 x22=0x00000001
       47539000	     23669	8000f38e	1b7d	c.addi	x22,-1	 x22:0x00000001 x22=0x00000000
       47541000	     23670	8000f390	14813d13	sltiu	x26,x2,328	  x2:0x00993622 x26=0x00000000
       47545000	     23672	8000f394	f9587d93	andi	x27,x16,-107	 x16:0x00000000 x27=0x00000000
       47561000	     23680	8000f398	00ebde93	srli	x29,x23,0xe	 x23:0x00000001 x29=0x00000000
       47579000	     23689	8000f39c	00682233	slt	x4,x16,x6	 x16:0x00000000  x6:0x00000000  x4=0x00000000
       47581000	     23690	8000f3a0	02f8a113	slti	x2,x17,47	 x17:0x00000081  x2=0x00000000
       47597000	     23698	8000f3a4	01a34663	blt	x6,x26,8000f3b0	  x6:0x00000000 x26:0x00000000  x0=0x00000000
       47629000	     23714	8000f3a8	022a4763	blt	x20,x2,8000f3d6	 x20:0x00007000  x2:0x00000000  x0=0x00000000
       47631000	     23715	8000f3ac	e954a413	slti	x8,x9,-363	  x9:0x00005bb0  x8=0x00000000
       47673000	     23736	8000f3b0	c103fc93	andi	x25,x7,-1008	  x7:0x7ffde244 x25=0x7ffde000
       47715000	     23757	8000f3b4	009f86b3	add	x13,x31,x9	 x31:0x00000012  x9:0x00005bb0 x13=0x00005bc2
       47733000	     23766	8000f3b8	1cfd	c.addi	x25,-1	 x25:0x7ffde000 x25=0x7ffddfff
       47735000	     23767	8000f3ba	266e2793	slti	x15,x28,614	 x28:0xffffffff x15=0x00000001
       47739000	     23769	8000f3be	40628233	sub	x4,x5,x6	  x5:0x80021ddc  x6:0x00000000  x4=0x80021ddc
       47741000	     23770	8000f3c2	717d	c.addi16sp	x2,-16	  x2:0x00000000  x2=0xfffffff0
       47761000	     23780	8000f3c4	14184e93	xori	x29,x16,321	 x16:0x00000000 x29=0x00000141
       47771000	     23785	8000f3c8	03710033	mul	x0,x2,x23	  x2:0xfffffff0 x23:0x00000001  x0=0x00000000
       47795000	     23797	8000f3cc	0001	c.addi	x0,0	  x0:0x00000000  x0=0x00000000
       47801000	     23800	8000f3ce	03698ab3	mul	x21,x19,x22	 x19:0x80025e7c x22:0x00000000 x21=0x00000000
       47803000	     23801	8000f3d2	6b95	c.lui	x23,0x5	 x23=0x00005000
       47819000	     23809	8000f3d4	8ce9	c.and	x9,x10	  x9:0x00005bb0 x10:0x000000b0  x9=0x000000b0
       47831000	     23815	8000f3d6	0193f763	bgeu	x7,x25,8000f3e4	  x7:0x7ffde244 x25:0x7ffddfff  x0=0x00000000
       47875000	     23837	8000f3e4	40565e33	sra	x28,x12,x5	 x12:0x00000000  x5:0x80021ddc x28=0x00000000
       47883000	     23841	8000f3e8	1118	c.addi4spn	x14,x2,160	 x14=0x00000090
       47921000	     23860	8000f3ea	199f2513	slti	x10,x30,409	 x30:0xffffff7f x10=0x00000001
       47923000	     23861	8000f3ee	0ff0000f	fence	iorwiorwiorwiorwiorwiorwiorwiorwiorwiorwiorwiorwiorwiorwiorwiorwiorwiorwiorwiorwiorwiorwiorwiorwiorwiorwiorwiorwiorwiorwiorwiorwiorwiorwiorwiorwiorwiorwiorwiorwiorwiorwiorwiorwiorwiorwiorwiorwiorwiorwiorwiorwiorwiorwiorwiorwiorwiorwiorwiorwiorwiorwiorwiorwiorwiorwiorwiorwiorwiorwiorwiorwiorwiorwiorwiorwiorwiorwiorwiorwiorwiorwiorwiorwiorwiorwiorwiorwiorwiorwiorwiorwiorwiorwiorwiorwiorw,iorwiorwiorwiorwiorwiorwiorwiorwiorwiorwiorwiorwiorwiorwiorwiorwiorwiorwiorwiorwiorwiorwiorwiorwiorwiorwiorwiorwiorwiorwiorwiorwiorwiorwiorwiorwiorwiorwiorwiorwiorwiorwiorwiorwiorwiorwiorwiorwiorwiorwiorwiorwiorwiorwiorwiorwiorwiorwiorwiorwiorwiorwiorwiorwiorwiorwiorwiorwiorwiorwiorwiorwiorwiorwiorwiorwiorwiorwiorwiorwiorwiorwiorwiorwiorwiorwiorwiorwiorwiorwiorwiorwiorwiorwiorwiorwiorwiorw	
       47925000	     23862	8000f3f2	9afd	c.andi	x13,-1	 x13:0x00005bc2 x13=0x00005bc2
       48005000	     23902	8000f3f4	025af033	remu	x0,x21,x5	 x21:0x00000000  x5:0x80021ddc  x0=0x00000000
       48007000	     23903	8000f3f8	de538193	addi	x3,x7,-539	  x7:0x7ffde244  x3=0x7ffde029
       48009000	     23904	8000f3fc	d9c8b913	sltiu	x18,x17,-612	 x17:0x00000081 x18=0x00000001
       48017000	     23908	8000f400	81f5	c.srli	x11,0x1d	 x11:0x00000060 x11=0x00000000
       48027000	     23913	8000f402	41ac0933	sub	x18,x24,x26	 x24:0x00005a5b x26:0x00000000 x18=0x00005a5b
       48029000	     23914	8000f406	8cc5	c.or	x9,x9	  x9:0x000000b0  x9:0x000000b0  x9=0x000000b0
       48031000	     23915	8000f408	09bcbf13	sltiu	x30,x25,155	 x25:0x7ffddfff x30=0x00000000
       48033000	     23916	8000f40c	616d	c.addi16sp	x2,240	  x2:0xfffffff0  x2=0x000000e0
       48063000	     23931	8000f40e	196b4a93	xori	x21,x22,406	 x22:0x00000000 x21=0x00000196
       48065000	     23932	8000f412	01adf833	and	x16,x27,x26	 x27:0x00000000 x26:0x00000000 x16=0x00000000
       48067000	     23933	8000f416	98fd	c.andi	x9,-1	  x9:0x000000b0  x9=0x000000b0
       48095000	     23947	8000f418	00869093	slli	x1,x13,0x8	 x13:0x00005bc2  x1=0x005bc200
       48111000	     23955	8000f41c	0d56	c.slli	x26,0x15	 x26:0x00000000 x26=0x00000000
       48133000	     23966	8000f41e	0c8bc213	xori	x4,x23,200	 x23:0x00005000  x4=0x000050c8
       48177000	     23988	8000f422	0d9ae063	bltu	x21,x25,8000f4e2	 x21:0x00000196 x25:0x7ffddfff  x0=0x00000000
       48247000	     24023	8000f4e2	0599	c.addi	x11,6	 x11:0x00000000 x11=0x00000006
       48249000	     24024	8000f4e4	cdef8f13	addi	x30,x31,-802	 x31:0x00000012 x30=0xfffffcf0
       48275000	     24037	8000f4e8	0f61	c.addi	x30,24	 x30:0xfffffcf0 x30=0xfffffd08
       48301000	     24050	8000f4ea	41a65933	sra	x18,x12,x26	 x12:0x00000000 x26:0x00000000 x18=0x00000000
       48303000	     24051	8000f4ee	8b2a	c.mv	x22,x10	  x0:0x00000000 x10:0x00000001 x22=0x00000001
       48305000	     24052	8000f4f0	00100073	ebreak	
       48317000	     24058	8000f4f4	8eb1	c.xor	x13,x12	 x13:0x00005bc2 x12:0x00000000 x13=0x00005bc2
       48319000	     24059	8000f4f6	8dfd	c.and	x11,x15	 x11:0x00000006 x15:0x00000001 x11=0x00000000
       48321000	     24060	8000f4f8	577d	c.li	x14,-1	 x14=0xffffffff
       48343000	     24071	8000f4fa	05e26063	bltu	x4,x30,8000f53a	  x4:0x000050c8 x30:0xfffffd08  x0=0x00000000
       48385000	     24092	8000f53a	01fedd63	bge	x29,x31,8000f554	 x29:0x00000141 x31:0x00000012  x0=0x00000000
       48399000	     24099	8000f554	023b0c63	beq	x22,x3,8000f58c	 x22:0x00000001  x3:0x7ffde029  x0=0x00000000
       48421000	     24110	8000f558	0001	c.addi	x0,0	  x0:0x00000000  x0=0x00000000
       48423000	     24111	8000f55a	089c	c.addi4spn	x15,x2,80	 x15=0x00000130
       48425000	     24112	8000f55c	01a8e0b3	or	x1,x17,x26	 x17:0x00000081 x26:0x00000000  x1=0x00000081
       48479000	     24139	8000f560	0ff0000f	fence	iorwiorwiorwiorwiorwiorwiorwiorwiorwiorwiorwiorwiorwiorwiorwiorwiorwiorwiorwiorwiorwiorwiorwiorwiorwiorwiorwiorwiorwiorwiorwiorwiorwiorwiorwiorwiorwiorwiorwiorwiorwiorwiorwiorwiorwiorwiorwiorwiorwiorwiorwiorwiorwiorwiorwiorwiorwiorwiorwiorwiorwiorwiorwiorwiorwiorwiorwiorwiorwiorwiorwiorwiorwiorwiorwiorwiorwiorwiorwiorwiorwiorwiorwiorwiorwiorwiorwiorwiorwiorwiorwiorwiorwiorwiorwiorwiorwiorwiorw,iorwiorwiorwiorwiorwiorwiorwiorwiorwiorwiorwiorwiorwiorwiorwiorwiorwiorwiorwiorwiorwiorwiorwiorwiorwiorwiorwiorwiorwiorwiorwiorwiorwiorwiorwiorwiorwiorwiorwiorwiorwiorwiorwiorwiorwiorwiorwiorwiorwiorwiorwiorwiorwiorwiorwiorwiorwiorwiorwiorwiorwiorwiorwiorwiorwiorwiorwiorwiorwiorwiorwiorwiorwiorwiorwiorwiorwiorwiorwiorwiorwiorwiorwiorwiorwiorwiorwiorwiorwiorwiorwiorwiorwiorwiorwiorwiorwiorwiorwiorw	
       48481000	     24140	8000f564	43ff4b37	lui	x22,0x43ff4	 x22=0x43ff4000
       48511000	     24155	8000f568	00a08e33	add	x28,x1,x10	  x1:0x00000081 x10:0x00000001 x28=0x00000082
       48515000	     24157	8000f56c	03a57763	bgeu	x10,x26,8000f59a	 x10:0x00000001 x26:0x00000000  x0=0x00000000
       48599000	     24199	8000f59a	8885	c.andi	x9,1	  x9:0x000000b0  x9=0x00000000
       48659000	     24229	8000f59c	20394713	xori	x14,x18,515	 x18:0x00000000 x14=0x00000203
       48665000	     24232	8000f5a0	8d11	c.sub	x10,x12	 x10:0x00000001 x12:0x00000000 x10=0x00000001
       48673000	     24236	8000f5a2	024cb1b3	mulhu	x3,x25,x4	 x25:0x7ffddfff  x4:0x000050c8  x3=0x00002863
       48687000	     24243	8000f5a6	00100073	ebreak	
       48719000	     24259	8000f5aa	00f6cdb3	xor	x27,x13,x15	 x13:0x00005bc2 x15:0x00000130 x27=0x00005af2
       48741000	     24270	8000f5ae	02c727b3	mulhsu	x15,x14,x12	 x14:0x00000203 x12:0x00000000 x15=0x00000000
       48743000	     24271	8000f5b2	0a2d	c.addi	x20,11	 x20:0x00007000 x20=0x0000700b
       48745000	     24272	8000f5b4	88cd	c.andi	x9,19	  x9:0x00000000  x9=0x00000000
       48747000	     24273	8000f5b6	daee4d93	xori	x27,x28,-594	 x28:0x00000082 x27=0xfffffd2c
       48751000	     24275	8000f5ba	c389	c.beqz	x15,8000f5bc	 x15:0x00000000
       48793000	     24296	8000f5bc	00100073	ebreak	
       48835000	     24317	8000f5c0	01d078b3	and	x17,x0,x29	  x0:0x00000000 x29:0x00000141 x17=0x00000000
       48837000	     24318	8000f5c4	00702933	slt	x18,x0,x7	  x0:0x00000000  x7:0x7ffde244 x18=0x00000001
       48877000	     24338	8000f5c8	0136f633	and	x12,x13,x19	 x13:0x00005bc2 x19:0x80025e7c x12=0x00005a40
       48879000	     24339	8000f5cc	527d	c.li	x4,-1	  x4=0xffffffff
       48905000	     24352	8000f5ce	029811b3	mulh	x3,x16,x9	 x16:0x00000000  x9:0x00000000  x3=0x00000000
       48907000	     24353	8000f5d2	6519	c.lui	x10,0x6	 x10=0x00006000
       49013000	     24406	8000f5d4	0279f1b3	remu	x3,x19,x7	 x19:0x80025e7c  x7:0x7ffde244  x3=0x00047c38
       49015000	     24407	8000f5d8	000defb3	or	x31,x27,x0	 x27:0xfffffd2c  x0:0x00000000 x31=0xfffffd2c
       49019000	     24409	8000f5dc	ea01	c.bnez	x12,8000f5ec	 x12:0x00005a40
       49043000	     24421	8000f5ec	019c1113	slli	x2,x24,0x19	 x24:0x00005a5b  x2=0xb6000000
       49105000	     24452	8000f5f0	00100073	ebreak	
       49133000	     24466	8000f5f4	002e7863	bgeu	x28,x2,8000f604	 x28:0x00000082  x2:0xb6000000  x0=0x00000000
       49153000	     24476	8000f5f8	dda9c013	xori	x0,x19,-550	 x19:0x80025e7c  x0=0x00000000
       49173000	     24486	8000f5fc	0ff0000f	fence	iorwiorwiorwiorwiorwiorwiorwiorwiorwiorwiorwiorwiorwiorwiorwiorwiorwiorwiorwiorwiorwiorwiorwiorwiorwiorwiorwiorwiorwiorwiorwiorwiorwiorwiorwiorwiorwiorwiorwiorwiorwiorwiorwiorwiorwiorwiorwiorwiorwiorwiorwiorwiorwiorwiorwiorwiorwiorwiorwiorwiorwiorwiorwiorwiorwiorwiorwiorwiorwiorwiorwiorwiorwiorwiorwiorwiorwiorwiorwiorwiorwiorwiorwiorwiorwiorwiorwiorwiorwiorwiorwiorwiorwiorwiorwiorwiorwiorwiorwiorwiorw,iorwiorwiorwiorwiorwiorwiorwiorwiorwiorwiorwiorwiorwiorwiorwiorwiorwiorwiorwiorwiorwiorwiorwiorwiorwiorwiorwiorwiorwiorwiorwiorwiorwiorwiorwiorwiorwiorwiorwiorwiorwiorwiorwiorwiorwiorwiorwiorwiorwiorwiorwiorwiorwiorwiorwiorwiorwiorwiorwiorwiorwiorwiorwiorwiorwiorwiorwiorwiorwiorwiorwiorwiorwiorwiorwiorwiorwiorwiorwiorwiorwiorwiorwiorwiorwiorwiorwiorwiorwiorwiorwiorwiorwiorwiorwiorwiorwiorwiorwiorwiorwiorw	
       49249000	     24524	8000f600	032ff833	remu	x16,x31,x18	 x31:0xfffffd2c x18:0x00000001 x16=0x00000000
       49251000	     24525	8000f604	fb56bf13	sltiu	x30,x13,-75	 x13:0x00005bc2 x30=0x00000001
       49253000	     24526	8000f608	41888133	sub	x2,x17,x24	 x17:0x00000000 x24:0x00005a5b  x2=0xffffa5a5
       49255000	     24527	8000f60c	9b7d	c.andi	x14,-1	 x14:0x00000203 x14=0x00000203
       49289000	     24544	8000f60e	00028e33	add	x28,x5,x0	  x5:0x80021ddc  x0:0x00000000 x28=0x80021ddc
       49309000	     24554	8000f612	01deb633	sltu	x12,x29,x29	 x29:0x00000141 x29:0x00000141 x12=0x00000000
       49343000	     24571	8000f616	018d5a33	srl	x20,x26,x24	 x26:0x00000000 x24:0x00005a5b x20=0x00000000
       49359000	     24579	8000f61a	ca807113	andi	x2,x0,-856	  x0:0x00000000  x2=0x00000000
       49439000	     24619	8000f61e	027e6b33	rem	x22,x28,x7	 x28:0x80021ddc  x7:0x7ffde244 x22=0x80021ddc
       49441000	     24620	8000f622	0001	c.addi	x0,0	  x0:0x00000000  x0=0x00000000
       49443000	     24621	8000f624	8ff5	c.and	x15,x13	 x15:0x00000000 x13:0x00005bc2 x15=0x00000000
       49447000	     24623	8000f626	03014e33	div	x28,x2,x16	  x2:0x00000000 x16:0x00000000 x28=0xffffffff
       49451000	     24625	8000f62a	00449113	slli	x2,x9,0x4	  x9:0x00000000  x2=0x00000000
       49459000	     24629	8000f62e	40dd5b33	sra	x22,x26,x13	 x26:0x00000000 x13:0x00005bc2 x22=0x00000000
       49501000	     24650	8000f632	01b25413	srli	x8,x4,0x1b	  x4:0xffffffff  x8=0x0000001f
       49503000	     24651	8000f636	0ff0000f	fence	iorwiorwiorwiorwiorwiorwiorwiorwiorwiorwiorwiorwiorwiorwiorwiorwiorwiorwiorwiorwiorwiorwiorwiorwiorwiorwiorwiorwiorwiorwiorwiorwiorwiorwiorwiorwiorwiorwiorwiorwiorwiorwiorwiorwiorwiorwiorwiorwiorwiorwiorwiorwiorwiorwiorwiorwiorwiorwiorwiorwiorwiorwiorwiorwiorwiorwiorwiorwiorwiorwiorwiorwiorwiorwiorwiorwiorwiorwiorwiorwiorwiorwiorwiorwiorwiorwiorwiorwiorwiorwiorwiorwiorwiorwiorwiorwiorwiorwiorwiorwiorwiorwiorw,iorwiorwiorwiorwiorwiorwiorwiorwiorwiorwiorwiorwiorwiorwiorwiorwiorwiorwiorwiorwiorwiorwiorwiorwiorwiorwiorwiorwiorwiorwiorwiorwiorwiorwiorwiorwiorwiorwiorwiorwiorwiorwiorwiorwiorwiorwiorwiorwiorwiorwiorwiorwiorwiorwiorwiorwiorwiorwiorwiorwiorwiorwiorwiorwiorwiorwiorwiorwiorwiorwiorwiorwiorwiorwiorwiorwiorwiorwiorwiorwiorwiorwiorwiorwiorwiorwiorwiorwiorwiorwiorwiorwiorwiorwiorwiorwiorwiorwiorwiorwiorwiorwiorwiorw	
       49537000	     24668	8000f63a	01e96fb3	or	x31,x18,x30	 x18:0x00000001 x30:0x00000001 x31=0x00000001
       49553000	     24676	8000f63e	032d2a33	mulhsu	x20,x26,x18	 x26:0x00000000 x18:0x00000001 x20=0x00000000
       49555000	     24677	8000f642	00490133	add	x2,x18,x4	 x18:0x00000001  x4:0xffffffff  x2=0x00000000
       49557000	     24678	8000f646	8fbd	c.xor	x15,x15	 x15:0x00000000 x15:0x00000000 x15=0x00000000
       49591000	     24695	8000f648	01f64e33	xor	x28,x12,x31	 x12:0x00000000 x31:0x00000001 x28=0x00000001
       49633000	     24716	8000f64c	003a5f33	srl	x30,x20,x3	 x20:0x00000000  x3:0x00047c38 x30=0x00000000
       49665000	     24732	8000f650	0120de63	bge	x1,x18,8000f66c	  x1:0x00000081 x18:0x00000001  x0=0x00000000
       49759000	     24779	8000f66c	407cd593	srai	x11,x25,0x7	 x25:0x7ffddfff x11=0x00fffbbf
       49775000	     24787	8000f670	029e4d33	div	x26,x28,x9	 x28:0x00000001  x9:0x00000000 x26=0xffffffff
       49777000	     24788	8000f674	127d	c.addi	x4,-1	  x4:0xffffffff  x4=0xfffffffe
       49779000	     24789	8000f676	8e9d	c.sub	x13,x15	 x13:0x00005bc2 x15:0x00000000 x13=0x00005bc2
       49781000	     24790	8000f678	00dac3b3	xor	x7,x21,x13	 x21:0x00000196 x13:0x00005bc2  x7=0x00005a54
       49799000	     24799	8000f67c	01156133	or	x2,x10,x17	 x10:0x00006000 x17:0x00000000  x2=0x00006000
       49801000	     24800	8000f680	01bb5213	srli	x4,x22,0x1b	 x22:0x00000000  x4=0x00000000
       49803000	     24801	8000f684	0bda	c.slli	x23,0x16	 x23:0x00005000 x23=0x00000000
       49807000	     24803	8000f686	e1f22613	slti	x12,x4,-481	  x4:0x00000000 x12=0x00000000
       49813000	     24806	8000f68a	02ae0033	mul	x0,x28,x10	 x28:0x00000001 x10:0x00006000  x0=0x00000000
       49835000	     24817	8000f68e	0374e4b3	rem	x9,x9,x23	  x9:0x00000000 x23:0x00000000  x9=0x00000000
       49837000	     24818	8000f692	88b9	c.andi	x9,14	  x9:0x00000000  x9=0x00000000
       49841000	     24820	8000f694	01ea0663	beq	x20,x30,8000f6a0	 x20:0x00000000 x30:0x00000000  x0=0x00000000
       49953000	     24876	8000f6a0	02345f33	divu	x30,x8,x3	  x8:0x0000001f  x3:0x00047c38 x30=0x00000000
       49955000	     24877	8000f6a4	01e6	c.slli	x3,0x19	  x3:0x00047c38  x3=0x70000000
       49957000	     24878	8000f6a6	8ffd	c.and	x15,x15	 x15:0x00000000 x15:0x00000000 x15=0x00000000
       49959000	     24879	8000f6a8	8141	c.srli	x10,0x10	 x10:0x00006000 x10=0x00000000
       49965000	     24882	8000f6aa	0153de93	srli	x29,x7,0x15	  x7:0x00005a54 x29=0x00000000
       49967000	     24883	8000f6ae	9002	c.ebreak	
       49969000	     24884	8000f6b0	0001	c.addi	x0,0	  x0:0x00000000  x0=0x00000000
       49971000	     24885	8000f6b2	02f90c63	beq	x18,x15,8000f6ea	 x18:0x00000001 x15:0x00000000  x0=0x00000000
       50021000	     24910	8000f6b6	014c3c33	sltu	x24,x24,x20	 x24:0x00005a5b x20:0x00000000 x24=0x00000000
       50023000	     24911	8000f6ba	1600	c.addi4spn	x8,x2,800	  x8=0x00006320
       50027000	     24913	8000f6bc	020d7e33	remu	x28,x26,x0	 x26:0xffffffff  x0:0x00000000 x28=0xffffffff
       50029000	     24914	8000f6c0	850d	c.srai	x10,0x3	 x10:0x00000000 x10=0x00000000
       50031000	     24915	8000f6c2	a0195fb7	lui	x31,0xa0195	 x31=0xa0195000
       50033000	     24916	8000f6c6	00a15133	srl	x2,x2,x10	  x2:0x00006000 x10:0x00000000  x2=0x00006000
       50055000	     24927	8000f6ca	0336b393	sltiu	x7,x13,51	 x13:0x00005bc2  x7=0x00000000
       50057000	     24928	8000f6ce	6af5	c.lui	x21,0x1d	 x21=0x0001d000
       50059000	     24929	8000f6d0	02377a63	bgeu	x14,x3,8000f704	 x14:0x00000203  x3:0x70000000  x0=0x00000000
       50073000	     24936	8000f6d4	e0c23913	sltiu	x18,x4,-500	  x4:0x00000000 x18=0x00000001
       50081000	     24940	8000f6d8	8fd1	c.or	x15,x12	 x15:0x00000000 x12:0x00000000 x15=0x00000000
       50143000	     24971	8000f6da	40955093	srai	x1,x10,0x9	 x10:0x00000000  x1=0x00000000
       50147000	     24973	8000f6de	c899	c.beqz	x9,8000f6f4	  x9:0x00000000
       50205000	     25002	8000f6f4	e499	c.bnez	x9,8000f702	  x9:0x00000000
       50207000	     25003	8000f6f6	dd9db897	auipc	x17,0xdd9db	 x17=0x5d9ea6f6
       50213000	     25006	8000f6fa	039c08b3	mul	x17,x24,x25	 x24:0x00000000 x25:0x7ffddfff x17=0x00000000
       50245000	     25022	8000f6fe	0183d563	bge	x7,x24,8000f708	  x7:0x00000000 x24:0x00000000  x0=0x00000000
       50251000	     25025	8000f708	8669	c.srai	x12,0x1a	 x12:0x00000000 x12=0x00000000
       50313000	     25056	8000f70a	e4d58b13	addi	x22,x11,-435	 x11:0x00fffbbf x22=0x00fffa0c
       50315000	     25057	8000f70e	8f59	c.or	x14,x14	 x14:0x00000203 x14:0x00000203 x14=0x00000203
       50317000	     25058	8000f710	8cf9	c.and	x9,x14	  x9:0x00000000 x14:0x00000203  x9=0x00000000
       50327000	     25063	8000f712	40190233	sub	x4,x18,x1	 x18:0x00000001  x1:0x00000000  x4=0x00000001
       50329000	     25064	8000f716	037d5c63	bge	x26,x23,8000f74e	 x26:0xffffffff x23:0x00000000  x0=0x00000000
       50331000	     25065	8000f71a	0de5	c.addi	x27,25	 x27:0xfffffd2c x27=0xfffffd45
       50349000	     25074	8000f71c	9b46	c.add	x22,x17	 x22:0x00fffa0c x17:0x00000000 x22=0x00fffa0c
       50351000	     25075	8000f71e	01cbce63	blt	x23,x28,8000f73a	 x23:0x00000000 x28:0xffffffff  x0=0x00000000
       50373000	     25086	8000f722	01179133	sll	x2,x15,x17	 x15:0x00000000 x17:0x00000000  x2=0x00000000
       50375000	     25087	8000f726	01ab4c63	blt	x22,x26,8000f73e	 x22:0x00fffa0c x26:0xffffffff  x0=0x00000000
       50377000	     25088	8000f72a	c195	c.beqz	x11,8000f74e	 x11:0x00fffbbf
       50381000	     25090	8000f72c	00d9c963	blt	x19,x13,8000f73e	 x19:0x80025e7c x13:0x00005bc2  x0=0x00000000
       50505000	     25152	8000f73e	748c4b17	auipc	x22,0x748c4	 x22=0xf48d373e
       50507000	     25153	8000f742	c9908d13	addi	x26,x1,-871	  x1:0x00000000 x26=0xfffffc99
       50515000	     25157	8000f746	029b9b63	bne	x23,x9,8000f77c	 x23:0x00000000  x9:0x00000000  x0=0x00000000
       50529000	     25164	8000f74a	03fb3db3	mulhu	x27,x22,x31	 x22:0xf48d373e x31:0xa0195000 x27=0x98f070bd
       50569000	     25184	8000f74e	41928a33	sub	x20,x5,x25	  x5:0x80021ddc x25:0x7ffddfff x20=0x00043ddd
       50571000	     25185	8000f752	40f75093	srai	x1,x14,0xf	 x14:0x00000203  x1=0x00000000
       50593000	     25196	8000f756	02508c63	beq	x1,x5,8000f78e	  x1:0x00000000  x5:0x80021ddc  x0=0x00000000
       50625000	     25212	8000f75a	e95e7193	andi	x3,x28,-363	 x28:0xffffffff  x3=0xfffffe95
       50637000	     25218	8000f75e	00045b13	srli	x22,x8,0x0	  x8:0x00006320 x22=0x00006320
       50675000	     25237	8000f762	038195b3	mulh	x11,x3,x24	  x3:0xfffffe95 x24:0x00000000 x11=0x00000000
       50691000	     25245	8000f766	404e5a13	srai	x20,x28,0x4	 x28:0xffffffff x20=0xffffffff
       50693000	     25246	8000f76a	037dae13	slti	x28,x27,55	 x27:0x98f070bd x28=0x00000001
       50695000	     25247	8000f76e	8e7d	c.and	x12,x15	 x12:0x00000000 x15:0x00000000 x12=0x00000000
       50715000	     25257	8000f770	012db3b3	sltu	x7,x27,x18	 x27:0x98f070bd x18:0x00000001  x7=0x00000000
       50725000	     25262	8000f774	cb6aca93	xori	x21,x21,-842	 x21:0x0001d000 x21=0xfffe2cb6
       50729000	     25264	8000f778	0019ff63	bgeu	x19,x1,8000f796	 x19:0x80025e7c  x1:0x00000000  x0=0x00000000
       50797000	     25298	8000f796	e87906b7	lui	x13,0xe8790	 x13=0xe8790000
       50841000	     25320	8000f79a	05984163	blt	x16,x25,8000f7dc	 x16:0x00000000 x25:0x7ffddfff  x0=0x00000000
       50877000	     25338	8000f7dc	0050ceb3	xor	x29,x1,x5	  x1:0x00000000  x5:0x80021ddc x29=0x80021ddc
       50897000	     25348	8000f7e0	8449	c.srai	x8,0x12	  x8:0x00006320  x8=0x00000000
       50913000	     25356	8000f7e2	00dc85b3	add	x11,x25,x13	 x25:0x7ffddfff x13:0xe8790000 x11=0x6876dfff
       50915000	     25357	8000f7e6	9daa	c.add	x27,x10	 x27:0x98f070bd x10:0x00000000 x27=0x98f070bd
       50955000	     25377	8000f7e8	c7540113	addi	x2,x8,-907	  x8:0x00000000  x2=0xfffffc75
       50975000	     25387	8000f7ec	0001	c.addi	x0,0	  x0:0x00000000  x0=0x00000000
       50977000	     25388	8000f7ee	0ff0000f	fence	iorwiorwiorwiorwiorwiorwiorwiorwiorwiorwiorwiorwiorwiorwiorwiorwiorwiorwiorwiorwiorwiorwiorwiorwiorwiorwiorwiorwiorwiorwiorwiorwiorwiorwiorwiorwiorwiorwiorwiorwiorwiorwiorwiorwiorwiorwiorwiorwiorwiorwiorwiorwiorwiorwiorwiorwiorwiorwiorwiorwiorwiorwiorwiorwiorwiorwiorwiorwiorwiorwiorwiorwiorwiorwiorwiorwiorwiorwiorwiorwiorwiorwiorwiorwiorwiorwiorwiorwiorwiorwiorwiorwiorwiorwiorwiorwiorwiorwiorwiorwiorwiorwiorwiorwiorw,iorwiorwiorwiorwiorwiorwiorwiorwiorwiorwiorwiorwiorwiorwiorwiorwiorwiorwiorwiorwiorwiorwiorwiorwiorwiorwiorwiorwiorwiorwiorwiorwiorwiorwiorwiorwiorwiorwiorwiorwiorwiorwiorwiorwiorwiorwiorwiorwiorwiorwiorwiorwiorwiorwiorwiorwiorwiorwiorwiorwiorwiorwiorwiorwiorwiorwiorwiorwiorwiorwiorwiorwiorwiorwiorwiorwiorwiorwiorwiorwiorwiorwiorwiorwiorwiorwiorwiorwiorwiorwiorwiorwiorwiorwiorwiorwiorwiorwiorwiorwiorwiorwiorwiorwiorwiorw	
       50997000	     25398	8000f7f2	00100073	ebreak	
       50999000	     25399	8000f7f6	0722	c.slli	x14,0x8	 x14:0x00000203 x14=0x00020300
       51031000	     25415	8000f7f8	0001	c.addi	x0,0	  x0:0x00000000  x0=0x00000000
       51073000	     25436	8000f7fa	c3c90a13	addi	x20,x18,-964	 x18:0x00000001 x20=0xfffffc3d
       51075000	     25437	8000f7fe	8c61	c.and	x8,x8	  x8:0x00000000  x8:0x00000000  x8=0x00000000
       51077000	     25438	8000f800	99fd	c.andi	x11,-1	 x11:0x6876dfff x11=0x6876dfff
       51087000	     25443	8000f802	00100073	ebreak	
       51123000	     25461	8000f806	01a40db3	add	x27,x8,x26	  x8:0x00000000 x26:0xfffffc99 x27=0xfffffc99
       51125000	     25462	8000f80a	88c9	c.andi	x9,18	  x9:0x00000000  x9=0x00000000
       51165000	     25482	8000f80c	02ce3fb3	mulhu	x31,x28,x12	 x28:0x00000001 x12:0x00000000 x31=0x00000000
       51177000	     25488	8000f810	0206ffb3	remu	x31,x13,x0	 x13:0xe8790000  x0:0x00000000 x31=0xe8790000
       51179000	     25489	8000f814	e895	c.bnez	x9,8000f848	  x9:0x00000000
       51181000	     25490	8000f816	717d	c.addi16sp	x2,-16	  x2:0xfffffc75  x2=0xfffffc65
       51183000	     25491	8000f818	557d	c.li	x10,-1	 x10=0xffffffff
       51185000	     25492	8000f81a	8e55	c.or	x12,x13	 x12:0x00000000 x13:0xe8790000 x12=0xe8790000
       51201000	     25500	8000f81c	02be1463	bne	x28,x11,8000f844	 x28:0x00000001 x11:0x6876dfff  x0=0x00000000
       51247000	     25523	8000f844	417f05b3	sub	x11,x30,x23	 x30:0x00000000 x23:0x00000000 x11=0x00000000
       51249000	     25524	8000f848	425d	c.li	x4,23	  x4=0x00000017
       51273000	     25536	8000f84a	02ce6363	bltu	x28,x12,8000f870	 x28:0x00000001 x12:0xe8790000  x0=0x00000000
       51347000	     25573	8000f870	021b2d33	mulhsu	x26,x22,x1	 x22:0x00006320  x1:0x00000000 x26=0x00000000
       51355000	     25577	8000f874	021c93b3	mulh	x7,x25,x1	 x25:0x7ffddfff  x1:0x00000000  x7=0x00000000
       51391000	     25595	8000f878	6115	c.addi16sp	x2,288	  x2:0xfffffc65  x2=0xfffffd85
       51393000	     25596	8000f87a	c235	c.beqz	x12,8000f8de	 x12:0xe8790000
       51439000	     25619	8000f87c	026c2db3	mulhsu	x27,x24,x6	 x24:0x00000000  x6:0x00000000 x27=0x00000000
       51441000	     25620	8000f880	01fad533	srl	x10,x21,x31	 x21:0xfffe2cb6 x31:0xe8790000 x10=0xfffe2cb6
       51443000	     25621	8000f884	8c45	c.or	x8,x9	  x8:0x00000000  x9:0x00000000  x8=0x00000000
       51445000	     25622	8000f886	0001	c.addi	x0,0	  x0:0x00000000  x0=0x00000000
       51449000	     25624	8000f888	0ff0000f	fence	iorwiorwiorwiorwiorwiorwiorwiorwiorwiorwiorwiorwiorwiorwiorwiorwiorwiorwiorwiorwiorwiorwiorwiorwiorwiorwiorwiorwiorwiorwiorwiorwiorwiorwiorwiorwiorwiorwiorwiorwiorwiorwiorwiorwiorwiorwiorwiorwiorwiorwiorwiorwiorwiorwiorwiorwiorwiorwiorwiorwiorwiorwiorwiorwiorwiorwiorwiorwiorwiorwiorwiorwiorwiorwiorwiorwiorwiorwiorwiorwiorwiorwiorwiorwiorwiorwiorwiorwiorwiorwiorwiorwiorwiorwiorwiorwiorwiorwiorwiorwiorwiorwiorwiorwiorwiorwiorw,iorwiorwiorwiorwiorwiorwiorwiorwiorwiorwiorwiorwiorwiorwiorwiorwiorwiorwiorwiorwiorwiorwiorwiorwiorwiorwiorwiorwiorwiorwiorwiorwiorwiorwiorwiorwiorwiorwiorwiorwiorwiorwiorwiorwiorwiorwiorwiorwiorwiorwiorwiorwiorwiorwiorwiorwiorwiorwiorwiorwiorwiorwiorwiorwiorwiorwiorwiorwiorwiorwiorwiorwiorwiorwiorwiorwiorwiorwiorwiorwiorwiorwiorwiorwiorwiorwiorwiorwiorwiorwiorwiorwiorwiorwiorwiorwiorwiorwiorwiorwiorwiorwiorwiorwiorwiorwiorwiorw	
       51465000	     25632	8000f88c	024e06b3	mul	x13,x28,x4	 x28:0x00000001  x4:0x00000017 x13=0x00000017
       51483000	     25641	8000f890	0814	c.addi4spn	x13,x2,16	 x13=0xfffffd95
       51499000	     25649	8000f892	41b005b3	sub	x11,x0,x27	  x0:0x00000000 x27:0x00000000 x11=0x00000000
       51503000	     25651	8000f896	c025	c.beqz	x8,8000f8f6	  x8:0x00000000
       51565000	     25682	8000f8f6	9002	c.ebreak	
       51577000	     25688	8000f8f8	0001	c.addi	x0,0	  x0:0x00000000  x0=0x00000000
       51585000	     25692	8000f8fa	0135e733	or	x14,x11,x19	 x11:0x00000000 x19:0x80025e7c x14=0x80025e7c
       51621000	     25710	8000f8fe	032e95b3	mulh	x11,x29,x18	 x29:0x80021ddc x18:0x00000001 x11=0xffffffff
       51629000	     25714	8000f902	0ff0000f	fence	iorwiorwiorwiorwiorwiorwiorwiorwiorwiorwiorwiorwiorwiorwiorwiorwiorwiorwiorwiorwiorwiorwiorwiorwiorwiorwiorwiorwiorwiorwiorwiorwiorwiorwiorwiorwiorwiorwiorwiorwiorwiorwiorwiorwiorwiorwiorwiorwiorwiorwiorwiorwiorwiorwiorwiorwiorwiorwiorwiorwiorwiorwiorwiorwiorwiorwiorwiorwiorwiorwiorwiorwiorwiorwiorwiorwiorwiorwiorwiorwiorwiorwiorwiorwiorwiorwiorwiorwiorwiorwiorwiorwiorwiorwiorwiorwiorwiorwiorwiorwiorwiorwiorwiorwiorwiorwiorwiorwiorw,iorwiorwiorwiorwiorwiorwiorwiorwiorwiorwiorwiorwiorwiorwiorwiorwiorwiorwiorwiorwiorwiorwiorwiorwiorwiorwiorwiorwiorwiorwiorwiorwiorwiorwiorwiorwiorwiorwiorwiorwiorwiorwiorwiorwiorwiorwiorwiorwiorwiorwiorwiorwiorwiorwiorwiorwiorwiorwiorwiorwiorwiorwiorwiorwiorwiorwiorwiorwiorwiorwiorwiorwiorwiorwiorwiorwiorwiorwiorwiorwiorwiorwiorwiorwiorwiorwiorwiorwiorwiorwiorwiorwiorwiorwiorwiorwiorwiorwiorwiorwiorwiorwiorwiorwiorwiorwiorwiorwiorwiorw	
       51659000	     25729	8000f906	0d3b8d93	addi	x27,x23,211	 x23:0x00000000 x27=0x000000d3
       51661000	     25730	8000f90a	419edf93	srai	x31,x29,0x19	 x29:0x80021ddc x31=0xffffffc0
       51663000	     25731	8000f90e	848a	c.mv	x9,x2	  x0:0x00000000  x2:0xfffffd85  x9=0xfffffd85
       51717000	     25758	8000f910	8f81	c.sub	x15,x8	 x15:0x00000000  x8:0x00000000 x15=0x00000000
       51743000	     25771	8000f912	030e8533	mul	x10,x29,x16	 x29:0x80021ddc x16:0x00000000 x10=0x00000000
       51745000	     25772	8000f916	9002	c.ebreak	
       51747000	     25773	8000f918	0001	c.addi	x0,0	  x0:0x00000000  x0=0x00000000
       51763000	     25781	8000f91a	94effd37	lui	x26,0x94eff	 x26=0x94eff000
       51765000	     25782	8000f91e	010d58b3	srl	x17,x26,x16	 x26:0x94eff000 x16:0x00000000 x17=0x94eff000
       51783000	     25791	8000f922	01e96263	bltu	x18,x30,8000f926	 x18:0x00000001 x30:0x00000000  x0=0x00000000
       51809000	     25804	8000f926	02289bb3	mulh	x23,x17,x2	 x17:0x94eff000  x2:0xfffffd85 x23=0x00000109
       51811000	     25805	8000f92a	09f26593	ori	x11,x4,159	  x4:0x00000017 x11=0x0000009f
       51813000	     25806	8000f92e	9002	c.ebreak	
       51819000	     25809	8000f930	0001	c.addi	x0,0	  x0:0x00000000  x0=0x00000000
       51835000	     25817	8000f932	009bd793	srli	x15,x23,0x9	 x23:0x00000109 x15=0x00000000
       51837000	     25818	8000f936	8d95	c.sub	x11,x13	 x11:0x0000009f x13:0xfffffd95 x11=0x0000030a
       51853000	     25826	8000f938	01814963	blt	x2,x24,8000f94a	  x2:0xfffffd85 x24:0x00000000  x0=0x00000000
       51913000	     25856	8000f94a	0088d5b3	srl	x11,x17,x8	 x17:0x94eff000  x8:0x00000000 x11=0x94eff000
       51937000	     25868	8000f94e	01e798b3	sll	x17,x15,x30	 x15:0x00000000 x30:0x00000000 x17=0x00000000
       52011000	     25905	8000f952	03dee7b3	rem	x15,x29,x29	 x29:0x80021ddc x29:0x80021ddc x15=0x00000000
       52085000	     25942	8000f956	02cb51b3	divu	x3,x22,x12	 x22:0x00006320 x12:0xe8790000  x3=0x00000000
       52087000	     25943	8000f95a	0108c633	xor	x12,x17,x16	 x17:0x00000000 x16:0x00000000 x12=0x00000000
       52089000	     25944	8000f95e	717d	c.addi16sp	x2,-16	  x2:0xfffffd85  x2=0xfffffd75
       52091000	     25945	8000f960	014a5b93	srli	x23,x20,0x14	 x20:0xfffffc3d x23=0x00000fff
       52093000	     25946	8000f964	00a41e63	bne	x8,x10,8000f980	  x8:0x00000000 x10:0x00000000  x0=0x00000000
       52131000	     25965	8000f968	f64a7e13	andi	x28,x20,-156	 x20:0xfffffc3d x28=0xfffffc24
       52141000	     25970	8000f96c	c79d	c.beqz	x15,8000f99a	 x15:0x00000000
       52201000	     26000	8000f99a	02f89263	bne	x17,x15,8000f9be	 x17:0x00000000 x15:0x00000000  x0=0x00000000
       52203000	     26001	8000f99e	0001	c.addi	x0,0	  x0:0x00000000  x0=0x00000000
       52237000	     26018	8000f9a0	86e1	c.srai	x13,0x18	 x13:0xfffffd95 x13=0xffffffff
       52273000	     26036	8000f9a2	01525533	srl	x10,x4,x21	  x4:0x00000017 x21:0xfffe2cb6 x10=0x00000000
       52347000	     26073	8000f9a6	024f5133	divu	x2,x30,x4	 x30:0x00000000  x4:0x00000017  x2=0x00000000
       52349000	     26074	8000f9aa	dcf42097	auipc	x1,0xdcf42	  x1=0x5cf519aa
       52365000	     26082	8000f9ae	01531f33	sll	x30,x6,x21	  x6:0x00000000 x21:0xfffe2cb6 x30=0x00000000
       52367000	     26083	8000f9b2	51fd	c.li	x3,-1	  x3=0xffffffff
       52373000	     26086	8000f9b4	8829	c.andi	x8,10	  x8:0x00000000  x8=0x00000000
       52401000	     26100	8000f9b6	00100073	ebreak	
       52411000	     26105	8000f9ba	0194b533	sltu	x10,x9,x25	  x9:0xfffffd85 x25:0x7ffddfff x10=0x00000000
       52435000	     26117	8000f9be	458ea417	auipc	x8,0x458ea	  x8=0xc58f99be
       52437000	     26118	8000f9c2	84d9	c.srai	x9,0x16	  x9:0xfffffd85  x9=0xffffffff
       52439000	     26119	8000f9c4	3dea0913	addi	x18,x20,990	 x20:0xfffffc3d x18=0x0000001b
       52441000	     26120	8000f9c8	014d60b3	or	x1,x26,x20	 x26:0x94eff000 x20:0xfffffc3d  x1=0xfffffc3d
       52461000	     26130	8000f9cc	35f718b7	lui	x17,0x35f71	 x17=0x35f71000
       52487000	     26143	8000f9d0	0042a103	lw	x2,4(x5)	  x5:0x80021ddc  x2=0x800012be PA:0x80021de0 store:0x00000017
       52491000	     26145	8000f9d4	01812733	slt	x14,x2,x24	  x2:0x800012be x24:0x00000000 x14=0x00000001
       52547000	     26173	8000f9d8	03f34913	xori	x18,x6,63	  x6:0x00000000 x18=0x0000003f
       52551000	     26175	8000f9dc	04028293	addi	x5,x5,64	  x5:0x80021ddc  x5=0x80021e1c
       52601000	     26200	8000f9e0	0001	c.addi	x0,0	  x0:0x00000000  x0=0x00000000
       52603000	     26201	8000f9e2	8021	c.srli	x8,0x8	  x8:0xc58f99be  x8=0x00c58f99
       52609000	     26204	8000f9e4	0001	c.addi	x0,0	  x0:0x00000000  x0=0x00000000
       52611000	     26205	8000f9e6	00110393	addi	x7,x2,1	  x2:0x800012be  x7=0x800012bf
       52615000	     26207	8000f9ea	9382	c.jalr	x7	  x7:0x800012bf  x1=0x8000f9ec
       52685000	     26242	800012be	117d	c.addi	x2,-1	  x2:0x800012be  x2=0x800012bd
       52697000	     26248	800012c0	00c5	c.addi	x1,17	  x1:0x8000f9ec  x1=0x8000f9fd
       52699000	     26249	800012c2	6f6d	c.lui	x30,0x1b	 x30=0x0001b000
       52715000	     26257	800012c4	cca14e13	xori	x28,x2,-822	  x2:0x800012bd x28=0x7fffee77
       52717000	     26258	800012c8	8ecd	c.or	x13,x11	 x13:0xffffffff x11:0x94eff000 x13=0xffffffff
       52775000	     26287	800012ca	01acbbb3	sltu	x23,x25,x26	 x25:0x7ffddfff x26:0x94eff000 x23=0x00000001
       52779000	     26289	800012ce	000ac763	blt	x21,x0,800012dc	 x21:0xfffe2cb6  x0:0x00000000  x0=0x00000000
       52795000	     26297	800012dc	0245c263	blt	x11,x4,80001300	 x11:0x94eff000  x4:0x00000017  x0=0x00000000
       52813000	     26306	80001300	10d32093	slti	x1,x6,269	  x6:0x00000000  x1=0x00000001
       52829000	     26314	80001304	0ff0000f	fence	iorwiorwiorwiorwiorwiorwiorwiorwiorwiorwiorwiorwiorwiorwiorwiorwiorwiorwiorwiorwiorwiorwiorwiorwiorwiorwiorwiorwiorwiorwiorwiorwiorwiorwiorwiorwiorwiorwiorwiorwiorwiorwiorwiorwiorwiorwiorwiorwiorwiorwiorwiorwiorwiorwiorwiorwiorwiorwiorwiorwiorwiorwiorwiorwiorwiorwiorwiorwiorwiorwiorwiorwiorwiorwiorwiorwiorwiorwiorwiorwiorwiorwiorwiorwiorwiorwiorwiorwiorwiorwiorwiorwiorwiorwiorwiorwiorwiorwiorwiorwiorwiorwiorwiorwiorwiorwiorwiorwiorwiorwiorw,iorwiorwiorwiorwiorwiorwiorwiorwiorwiorwiorwiorwiorwiorwiorwiorwiorwiorwiorwiorwiorwiorwiorwiorwiorwiorwiorwiorwiorwiorwiorwiorwiorwiorwiorwiorwiorwiorwiorwiorwiorwiorwiorwiorwiorwiorwiorwiorwiorwiorwiorwiorwiorwiorwiorwiorwiorwiorwiorwiorwiorwiorwiorwiorwiorwiorwiorwiorwiorwiorwiorwiorwiorwiorwiorwiorwiorwiorwiorwiorwiorwiorwiorwiorwiorwiorwiorwiorwiorwiorwiorwiorwiorwiorwiorwiorwiorwiorwiorwiorwiorwiorwiorwiorwiorwiorwiorwiorwiorwiorwiorwiorw	
       52831000	     26315	80001308	c30feb93	ori	x23,x31,-976	 x31:0xffffffc0 x23=0xfffffff0
       52845000	     26322	8000130c	c56bce13	xori	x28,x23,-938	 x23:0xfffffff0 x28=0x000003a6
       52879000	     26339	80001310	9bfd	c.andi	x15,-1	 x15:0x00000000 x15=0x00000000
       52965000	     26382	80001312	03c2c3b3	div	x7,x5,x28	  x5:0x80021e1c x28:0x000003a6  x7=0xffdceb34
       52967000	     26383	80001316	0001	c.addi	x0,0	  x0:0x00000000  x0=0x00000000
       52969000	     26384	80001318	80ad	c.srli	x9,0xb	  x9:0xffffffff  x9=0x001fffff
       52971000	     26385	8000131a	82c9	c.srli	x13,0x12	 x13:0xffffffff x13=0x00003fff
       52973000	     26386	8000131c	b904f417	auipc	x8,0xb904f	  x8=0x3905031c
       53005000	     26402	80001320	c491	c.beqz	x9,8000132c	  x9:0x001fffff
       53007000	     26403	80001322	96b6	c.add	x13,x13	 x13:0x00003fff x13:0x00003fff x13=0x00007ffe
       53009000	     26404	80001324	24b8f613	andi	x12,x17,587	 x17:0x35f71000 x12=0x00000000
       53035000	     26417	80001328	0ff0000f	fence	iorwiorwiorwiorwiorwiorwiorwiorwiorwiorwiorwiorwiorwiorwiorwiorwiorwiorwiorwiorwiorwiorwiorwiorwiorwiorwiorwiorwiorwiorwiorwiorwiorwiorwiorwiorwiorwiorwiorwiorwiorwiorwiorwiorwiorwiorwiorwiorwiorwiorwiorwiorwiorwiorwiorwiorwiorwiorwiorwiorwiorwiorwiorwiorwiorwiorwiorwiorwiorwiorwiorwiorwiorwiorwiorwiorwiorwiorwiorwiorwiorwiorwiorwiorwiorwiorwiorwiorwiorwiorwiorwiorwiorwiorwiorwiorwiorwiorwiorwiorwiorwiorwiorwiorwiorwiorwiorwiorwiorwiorwiorwiorwiorw,iorwiorwiorwiorwiorwiorwiorwiorwiorwiorwiorwiorwiorwiorwiorwiorwiorwiorwiorwiorwiorwiorwiorwiorwiorwiorwiorwiorwiorwiorwiorwiorwiorwiorwiorwiorwiorwiorwiorwiorwiorwiorwiorwiorwiorwiorwiorwiorwiorwiorwiorwiorwiorwiorwiorwiorwiorwiorwiorwiorwiorwiorwiorwiorwiorwiorwiorwiorwiorwiorwiorwiorwiorwiorwiorwiorwiorwiorwiorwiorwiorwiorwiorwiorwiorwiorwiorwiorwiorwiorwiorwiorwiorwiorwiorwiorwiorwiorwiorwiorwiorwiorwiorwiorwiorwiorwiorwiorwiorwiorwiorwiorwiorwiorw	
       53055000	     26427	8000132c	00100073	ebreak	
       53059000	     26429	80001330	009a0eb3	add	x29,x20,x9	 x20:0xfffffc3d  x9:0x001fffff x29=0x001ffc3c
       53107000	     26453	80001334	0cb9	c.addi	x25,14	 x25:0x7ffddfff x25=0x7ffde00d
       53127000	     26463	80001336	03931d33	mulh	x26,x6,x25	  x6:0x00000000 x25:0x7ffde00d x26=0x00000000
       53129000	     26464	8000133a	0001	c.addi	x0,0	  x0:0x00000000  x0=0x00000000
       53133000	     26466	8000133c	030f9163	bne	x31,x16,8000135e	 x31:0xffffffc0 x16:0x00000000  x0=0x00000000
       53177000	     26488	8000135e	02b5fe93	andi	x29,x11,43	 x11:0x94eff000 x29=0x00000000
       53205000	     26502	80001362	4189dab3	sra	x21,x19,x24	 x19:0x80025e7c x24:0x00000000 x21=0x80025e7c
       53207000	     26503	80001366	6259	c.lui	x4,0x16	  x4=0x00016000
       53213000	     26506	80001368	ed09f093	andi	x1,x19,-304	 x19:0x80025e7c  x1=0x80025e50
       53215000	     26507	8000136c	0181f6b3	and	x13,x3,x24	  x3:0xffffffff x24:0x00000000 x13=0x00000000
       53271000	     26535	80001370	01a4d3b3	srl	x7,x9,x26	  x9:0x001fffff x26:0x00000000  x7=0x001fffff
       53291000	     26545	80001374	717d	c.addi16sp	x2,-16	  x2:0x800012bd  x2=0x800012ad
       53293000	     26546	80001376	05f48a13	addi	x20,x9,95	  x9:0x001fffff x20=0x0020005e
       53387000	     26593	8000137a	03c47e33	remu	x28,x8,x28	  x8:0x3905031c x28:0x000003a6 x28=0x00000344
       53389000	     26594	8000137e	0001	c.addi	x0,0	  x0:0x00000000  x0=0x00000000
       53391000	     26595	80001380	005dec33	or	x24,x27,x5	 x27:0x000000d3  x5:0x80021e1c x24=0x80021edf
       53393000	     26596	80001384	983e	c.add	x16,x15	 x16:0x00000000 x15:0x00000000 x16=0x00000000
       53403000	     26601	80001386	03ac9533	mulh	x10,x25,x26	 x25:0x7ffde00d x26:0x00000000 x10=0x00000000
       53413000	     26606	8000138a	00626863	bltu	x4,x6,8000139a	  x4:0x00016000  x6:0x00000000  x0=0x00000000
       53415000	     26607	8000138e	8ddd	c.or	x11,x15	 x11:0x94eff000 x15:0x00000000 x11=0x94eff000
       53455000	     26627	80001390	1a327213	andi	x4,x4,419	  x4:0x00016000  x4=0x00000000
       53463000	     26631	80001394	00171363	bne	x14,x1,8000139a	 x14:0x00000001  x1:0x80025e50  x0=0x00000000
       53505000	     26652	8000139a	0125bcb3	sltu	x25,x11,x18	 x11:0x94eff000 x18:0x0000003f x25=0x00000000
       53527000	     26663	8000139e	029c1463	bne	x24,x9,800013c6	 x24:0x80021edf  x9:0x001fffff  x0=0x00000000
       53627000	     26713	800013c6	00da5013	srli	x0,x20,0xd	 x20:0x0020005e  x0=0x00000000
       53633000	     26716	800013ca	03b00cb3	mul	x25,x0,x27	  x0:0x00000000 x27:0x000000d3 x25=0x00000000
       53687000	     26743	800013ce	01ee6c33	or	x24,x28,x30	 x28:0x00000344 x30:0x0001b000 x24=0x0001b344
       53689000	     26744	800013d2	0039ecb3	or	x25,x19,x3	 x19:0x80025e7c  x3:0xffffffff x25=0xffffffff
       53711000	     26755	800013d6	28ac4493	xori	x9,x24,650	 x24:0x0001b344  x9=0x0001b1ce
       53713000	     26756	800013da	804d	c.srli	x8,0x13	  x8:0x3905031c  x8=0x00000720
       53751000	     26775	800013dc	1f658f13	addi	x30,x11,502	 x11:0x94eff000 x30=0x94eff1f6
       53793000	     26796	800013e0	0fcc2093	slti	x1,x24,252	 x24:0x0001b344  x1=0x00000000
       53833000	     26816	800013e4	8a5d	c.andi	x12,23	 x12:0x00000000 x12=0x00000000
       53915000	     26857	800013e6	0391ec33	rem	x24,x3,x25	  x3:0xffffffff x25:0xffffffff x24=0x00000000
       53923000	     26861	800013ea	02c693b3	mulh	x7,x13,x12	 x13:0x00000000 x12:0x00000000  x7=0x00000000
       53997000	     26898	800013ee	025f4b33	div	x22,x30,x5	 x30:0x94eff1f6  x5:0x80021e1c x22=0x00000000
       53999000	     26899	800013f2	00216ab3	or	x21,x2,x2	  x2:0x800012ad  x2:0x800012ad x21=0x800012ad
       54005000	     26902	800013f6	01a81393	slli	x7,x16,0x1a	 x16:0x00000000  x7=0x00000000
       54029000	     26914	800013fa	009cdbb3	srl	x23,x25,x9	 x25:0xffffffff  x9:0x0001b1ce x23=0x0003ffff
       54081000	     26940	800013fe	2941a697	auipc	x13,0x2941a	 x13=0xa941b3fe
       54083000	     26941	80001402	01d8c263	blt	x17,x29,80001406	 x17:0x35f71000 x29:0x00000000  x0=0x00000000
       54089000	     26944	80001406	03ca8eb3	mul	x29,x21,x28	 x21:0x800012ad x28:0x00000344 x29=0x003cfcf4
       54091000	     26945	8000140a	4185	c.li	x3,1	  x3=0x00000001
       54105000	     26952	8000140c	00000073	ecall	
       54141000	     26970	80011000	0800006f	jal	x0,80011080	  x0=0x00000000
       54191000	     26995	80011080	f8428293	addi	x5,x5,-124	  x5:0x80021e1c  x5=0x80021da0
       54221000	     27010	80011084	0012a223	sw	x1,4(x5)	  x5:0x80021da0  x1:0x00000000 PA:0x80021da4 store:0x00000000 load:0x00000000
       54253000	     27026	80011088	0022a423	sw	x2,8(x5)	  x5:0x80021da0  x2:0x800012ad PA:0x80021da8 store:0x800012ad load:0x800012ad
       54319000	     27059	8001108c	0032a623	sw	x3,12(x5)	  x5:0x80021da0  x3:0x00000001 PA:0x80021dac store:0x00000001 load:0x00000001
       54327000	     27063	80011090	0042a823	sw	x4,16(x5)	  x5:0x80021da0  x4:0x00000000 PA:0x80021db0 store:0x00000000 load:0x00000000
       54347000	     27073	80011094	0052aa23	sw	x5,20(x5)	  x5:0x80021da0  x5:0x80021da0 PA:0x80021db4 store:0x80021da0 load:0x80021da0
       54371000	     27085	80011098	0062ac23	sw	x6,24(x5)	  x5:0x80021da0  x6:0x00000000 PA:0x80021db8 store:0x00000000 load:0x00000000
       54409000	     27104	8001109c	0072ae23	sw	x7,28(x5)	  x5:0x80021da0  x7:0x00000000 PA:0x80021dbc store:0x00000000 load:0x00000000
       54477000	     27138	800110a0	0282a023	sw	x8,32(x5)	  x5:0x80021da0  x8:0x00000720 PA:0x80021dc0 store:0x00000720 load:0x00000720
       54481000	     27140	800110a4	0292a223	sw	x9,36(x5)	  x5:0x80021da0  x9:0x0001b1ce PA:0x80021dc4 store:0x0001b1ce load:0x0001b1ce
       54485000	     27142	800110a8	02a2a423	sw	x10,40(x5)	  x5:0x80021da0 x10:0x00000000 PA:0x80021dc8 store:0x00000000 load:0x00000000
       54523000	     27161	800110ac	02b2a623	sw	x11,44(x5)	  x5:0x80021da0 x11:0x94eff000 PA:0x80021dcc store:0x94eff000 load:0x94eff000
       54547000	     27173	800110b0	02c2a823	sw	x12,48(x5)	  x5:0x80021da0 x12:0x00000000 PA:0x80021dd0 store:0x00000000 load:0x00000000
       54591000	     27195	800110b4	02d2aa23	sw	x13,52(x5)	  x5:0x80021da0 x13:0xa941b3fe PA:0x80021dd4 store:0xa941b3fe load:0xa941b3fe
       54595000	     27197	800110b8	02e2ac23	sw	x14,56(x5)	  x5:0x80021da0 x14:0x00000001 PA:0x80021dd8 store:0x00000001 load:0x00000001
       54631000	     27215	800110bc	02f2ae23	sw	x15,60(x5)	  x5:0x80021da0 x15:0x00000000 PA:0x80021ddc store:0x00000000 load:0x00000000
       54645000	     27222	800110c0	0502a023	sw	x16,64(x5)	  x5:0x80021da0 x16:0x00000000 PA:0x80021de0 store:0x00000000 load:0x00000000
       54673000	     27236	800110c4	0512a223	sw	x17,68(x5)	  x5:0x80021da0 x17:0x35f71000 PA:0x80021de4 store:0x35f71000 load:0x35f71000
       54679000	     27239	800110c8	0522a423	sw	x18,72(x5)	  x5:0x80021da0 x18:0x0000003f PA:0x80021de8 store:0x0000003f load:0x0000003f
       54691000	     27245	800110cc	0532a623	sw	x19,76(x5)	  x5:0x80021da0 x19:0x80025e7c PA:0x80021dec store:0x80025e7c load:0x80025e7c
       54715000	     27257	800110d0	0542a823	sw	x20,80(x5)	  x5:0x80021da0 x20:0x0020005e PA:0x80021df0 store:0x0020005e load:0x0020005e
       54733000	     27266	800110d4	0552aa23	sw	x21,84(x5)	  x5:0x80021da0 x21:0x800012ad PA:0x80021df4 store:0x800012ad load:0x800012ad
       54747000	     27273	800110d8	0562ac23	sw	x22,88(x5)	  x5:0x80021da0 x22:0x00000000 PA:0x80021df8 store:0x00000000 load:0x00000000
       54777000	     27288	800110dc	0572ae23	sw	x23,92(x5)	  x5:0x80021da0 x23:0x0003ffff PA:0x80021dfc store:0x0003ffff load:0x0003ffff
       54785000	     27292	800110e0	0782a023	sw	x24,96(x5)	  x5:0x80021da0 x24:0x00000000 PA:0x80021e00 store:0x00000000 load:0x00000000
       54789000	     27294	800110e4	0792a223	sw	x25,100(x5)	  x5:0x80021da0 x25:0xffffffff PA:0x80021e04 store:0xffffffff load:0xffffffff
       54837000	     27318	800110e8	07a2a423	sw	x26,104(x5)	  x5:0x80021da0 x26:0x00000000 PA:0x80021e08 store:0x00000000 load:0x00000000
       54869000	     27334	800110ec	07b2a623	sw	x27,108(x5)	  x5:0x80021da0 x27:0x000000d3 PA:0x80021e0c store:0x000000d3 load:0x000000d3
       54893000	     27346	800110f0	07c2a823	sw	x28,112(x5)	  x5:0x80021da0 x28:0x00000344 PA:0x80021e10 store:0x00000344 load:0x00000344
       54957000	     27378	800110f4	07d2aa23	sw	x29,116(x5)	  x5:0x80021da0 x29:0x003cfcf4 PA:0x80021e14 store:0x003cfcf4 load:0x003cfcf4
       54989000	     27394	800110f8	07e2ac23	sw	x30,120(x5)	  x5:0x80021da0 x30:0x94eff1f6 PA:0x80021e18 store:0x94eff1f6 load:0x94eff1f6
       55013000	     27406	800110fc	07f2ae23	sw	x31,124(x5)	  x5:0x80021da0 x31:0xffffffc0 PA:0x80021e1c store:0xffffffc0 load:0xffffffc0
       55015000	     27407	80011100	34102b73	csrrs	x22,mepc,x0	  x0:0x00000000 x22=0x8000140c
       55017000	     27408	80011104	34202b73	csrrs	x22,mcause,x0	  x0:0x00000000 x22=0x00000008
       55037000	     27418	80011108	440d	c.li	x8,3	  x8=0x00000003
       55053000	     27426	8001110a	048b0463	beq	x22,x8,80011152	 x22:0x00000008  x8:0x00000003  x0=0x00000000
       55055000	     27427	8001110e	4421	c.li	x8,8	  x8=0x00000008
       55067000	     27433	80011110	0c8b0863	beq	x22,x8,800111e0	 x22:0x00000008  x8:0x00000008  x0=0x00000000
       55091000	     27445	800111e0	fffefb17	auipc	x22,0xfffef	 x22=0x800001e0
       55103000	     27451	800111e4	ea0b0b13	addi	x22,x22,-352	 x22:0x800001e0 x22=0x80000080
       55165000	     27482	800111e8	000b2023	sw	x0,0(x22)	 x22:0x80000080  x0:0x00000000 PA:0x80000080 store:0x00000000 load:0x00000000
       55175000	     27487	800111ec	001b2223	sw	x1,4(x22)	 x22:0x80000080  x1:0x00000000 PA:0x80000084 store:0x00000000 load:0x00000000
       55205000	     27502	800111f0	002b2423	sw	x2,8(x22)	 x22:0x80000080  x2:0x800012ad PA:0x80000088 store:0x800012ad load:0x800012ad
       55245000	     27522	800111f4	003b2623	sw	x3,12(x22)	 x22:0x80000080  x3:0x00000001 PA:0x8000008c store:0x00000001 load:0x00000001
       55291000	     27545	800111f8	004b2823	sw	x4,16(x22)	 x22:0x80000080  x4:0x00000000 PA:0x80000090 store:0x00000000 load:0x00000000
       55317000	     27558	800111fc	005b2a23	sw	x5,20(x22)	 x22:0x80000080  x5:0x80021da0 PA:0x80000094 store:0x80021da0 load:0x80021da0
       55333000	     27566	80011200	006b2c23	sw	x6,24(x22)	 x22:0x80000080  x6:0x00000000 PA:0x80000098 store:0x00000000 load:0x00000000
       55357000	     27578	80011204	007b2e23	sw	x7,28(x22)	 x22:0x80000080  x7:0x00000000 PA:0x8000009c store:0x00000000 load:0x00000000
       55377000	     27588	80011208	028b2023	sw	x8,32(x22)	 x22:0x80000080  x8:0x00000008 PA:0x800000a0 store:0x00000008 load:0x00000008
       55387000	     27593	8001120c	029b2223	sw	x9,36(x22)	 x22:0x80000080  x9:0x0001b1ce PA:0x800000a4 store:0x0001b1ce load:0x0001b1ce
       55397000	     27598	80011210	02ab2423	sw	x10,40(x22)	 x22:0x80000080 x10:0x00000000 PA:0x800000a8 store:0x00000000 load:0x00000000
       55419000	     27609	80011214	02bb2623	sw	x11,44(x22)	 x22:0x80000080 x11:0x94eff000 PA:0x800000ac store:0x94eff000 load:0x94eff000
       55447000	     27623	80011218	02cb2823	sw	x12,48(x22)	 x22:0x80000080 x12:0x00000000 PA:0x800000b0 store:0x00000000 load:0x00000000
       55453000	     27626	8001121c	02db2a23	sw	x13,52(x22)	 x22:0x80000080 x13:0xa941b3fe PA:0x800000b4 store:0xa941b3fe load:0xa941b3fe
       55511000	     27655	80011220	02eb2c23	sw	x14,56(x22)	 x22:0x80000080 x14:0x00000001 PA:0x800000b8 store:0x00000001 load:0x00000001
       55553000	     27676	80011224	02fb2e23	sw	x15,60(x22)	 x22:0x80000080 x15:0x00000000 PA:0x800000bc store:0x00000000 load:0x00000000
       55571000	     27685	80011228	050b2023	sw	x16,64(x22)	 x22:0x80000080 x16:0x00000000 PA:0x800000c0 store:0x00000000 load:0x00000000
       55601000	     27700	8001122c	051b2223	sw	x17,68(x22)	 x22:0x80000080 x17:0x35f71000 PA:0x800000c4 store:0x35f71000 load:0x35f71000
       55625000	     27712	80011230	052b2423	sw	x18,72(x22)	 x22:0x80000080 x18:0x0000003f PA:0x800000c8 store:0x0000003f load:0x0000003f
       55649000	     27724	80011234	053b2623	sw	x19,76(x22)	 x22:0x80000080 x19:0x80025e7c PA:0x800000cc store:0x80025e7c load:0x80025e7c
       55693000	     27746	80011238	054b2823	sw	x20,80(x22)	 x22:0x80000080 x20:0x0020005e PA:0x800000d0 store:0x0020005e load:0x0020005e
       55719000	     27759	8001123c	055b2a23	sw	x21,84(x22)	 x22:0x80000080 x21:0x800012ad PA:0x800000d4 store:0x800012ad load:0x800012ad
       55759000	     27779	80011240	056b2c23	sw	x22,88(x22)	 x22:0x80000080 x22:0x80000080 PA:0x800000d8 store:0x80000080 load:0x80000080
       55777000	     27788	80011244	057b2e23	sw	x23,92(x22)	 x22:0x80000080 x23:0x0003ffff PA:0x800000dc store:0x0003ffff load:0x0003ffff
       55781000	     27790	80011248	078b2023	sw	x24,96(x22)	 x22:0x80000080 x24:0x00000000 PA:0x800000e0 store:0x00000000 load:0x00000000
       55805000	     27802	8001124c	079b2223	sw	x25,100(x22)	 x22:0x80000080 x25:0xffffffff PA:0x800000e4 store:0xffffffff load:0xffffffff
       55849000	     27824	80011250	07ab2423	sw	x26,104(x22)	 x22:0x80000080 x26:0x00000000 PA:0x800000e8 store:0x00000000 load:0x00000000
       55895000	     27847	80011254	07bb2623	sw	x27,108(x22)	 x22:0x80000080 x27:0x000000d3 PA:0x800000ec store:0x000000d3 load:0x000000d3
       55899000	     27849	80011258	07cb2823	sw	x28,112(x22)	 x22:0x80000080 x28:0x00000344 PA:0x800000f0 store:0x00000344 load:0x00000344
       55923000	     27861	8001125c	07db2a23	sw	x29,116(x22)	 x22:0x80000080 x29:0x003cfcf4 PA:0x800000f4 store:0x003cfcf4 load:0x003cfcf4
       55975000	     27887	80011260	07eb2c23	sw	x30,120(x22)	 x22:0x80000080 x30:0x94eff1f6 PA:0x800000f8 store:0x94eff1f6 load:0x94eff1f6
       55999000	     27899	80011264	07fb2e23	sw	x31,124(x22)	 x22:0x80000080 x31:0xffffffc0 PA:0x800000fc store:0xffffffc0 load:0xffffffc0
       56003000	     27901	80011268	f84fe06f	jal	x0,8000f9ec	  x0=0x00000000
       56039000	     27919	8000f9ec	00003f17	auipc	x30,0x3	 x30=0x800129ec
       56057000	     27928	8000f9f0	603f2a23	sw	x3,1556(x30)	 x30:0x800129ec  x3:0x00000001 PA:0x80013000 store:0x00000001 load:0x00000001
       56099000	     27949	8000f9f4	bfe5	c.j	8000f9ec	
       56175000	     27987	8000f9ec	00003f17	auipc	x30,0x3	 x30=0x800129ec
       56193000	     27996	8000f9f0	603f2a23	sw	x3,1556(x30)	 x30:0x800129ec  x3:0x00000001 PA:0x80013000 store:0x00000001 load:0x00000001
       56197000	     27998	8000f9f4	bfe5	c.j	8000f9ec	
       56223000	     28011	8000f9ec	00003f17	auipc	x30,0x3	 x30=0x800129ec
       56287000	     28043	8000f9f0	603f2a23	sw	x3,1556(x30)	 x30:0x800129ec  x3:0x00000001 PA:0x80013000 store:0x00000001 load:0x00000001
       56291000	     28045	8000f9f4	bfe5	c.j	8000f9ec	
       56329000	     28064	8000f9ec	00003f17	auipc	x30,0x3	 x30=0x800129ec
       56393000	     28096	8000f9f0	603f2a23	sw	x3,1556(x30)	 x30:0x800129ec  x3:0x00000001 PA:0x80013000 store:0x00000001 load:0x00000001
       56397000	     28098	8000f9f4	bfe5	c.j	8000f9ec	
       56439000	     28119	8000f9ec	00003f17	auipc	x30,0x3	 x30=0x800129ec
       56543000	     28171	8000f9f0	603f2a23	sw	x3,1556(x30)	 x30:0x800129ec  x3:0x00000001 PA:0x80013000 store:0x00000001 load:0x00000001
       56547000	     28173	8000f9f4	bfe5	c.j	8000f9ec	
       56569000	     28184	8000f9ec	00003f17	auipc	x30,0x3	 x30=0x800129ec
       56589000	     28194	8000f9f0	603f2a23	sw	x3,1556(x30)	 x30:0x800129ec  x3:0x00000001 PA:0x80013000 store:0x00000001 load:0x00000001
       56593000	     28196	8000f9f4	bfe5	c.j	8000f9ec	
       56615000	     28207	8000f9ec	00003f17	auipc	x30,0x3	 x30=0x800129ec
       56711000	     28255	8000f9f0	603f2a23	sw	x3,1556(x30)	 x30:0x800129ec  x3:0x00000001 PA:0x80013000 store:0x00000001 load:0x00000001
       56715000	     28257	8000f9f4	bfe5	c.j	8000f9ec	
       56717000	     28258	8000f9ec	00003f17	auipc	x30,0x3	 x30=0x800129ec
       56789000	     28294	8000f9f0	603f2a23	sw	x3,1556(x30)	 x30:0x800129ec  x3:0x00000001 PA:0x80013000 store:0x00000001 load:0x00000001
       56793000	     28296	8000f9f4	bfe5	c.j	8000f9ec	
       56847000	     28323	8000f9ec	00003f17	auipc	x30,0x3	 x30=0x800129ec
       56867000	     28333	8000f9f0	603f2a23	sw	x3,1556(x30)	 x30:0x800129ec  x3:0x00000001 PA:0x80013000 store:0x00000001 load:0x00000001
       56871000	     28335	8000f9f4	bfe5	c.j	8000f9ec	
       56921000	     28360	8000f9ec	00003f17	auipc	x30,0x3	 x30=0x800129ec
       56955000	     28377	8000f9f0	603f2a23	sw	x3,1556(x30)	 x30:0x800129ec  x3:0x00000001 PA:0x80013000 store:0x00000001 load:0x00000001
       56967000	     28383	8000f9f4	bfe5	c.j	8000f9ec	
       56971000	     28385	8000f9ec	00003f17	auipc	x30,0x3	 x30=0x800129ec
       57031000	     28415	8000f9f0	603f2a23	sw	x3,1556(x30)	 x30:0x800129ec  x3:0x00000001 PA:0x80013000 store:0x00000001 load:0x00000001
       57057000	     28428	8000f9f4	bfe5	c.j	8000f9ec	
       57095000	     28447	8000f9ec	00003f17	auipc	x30,0x3	 x30=0x800129ec
       57143000	     28471	8000f9f0	603f2a23	sw	x3,1556(x30)	 x30:0x800129ec  x3:0x00000001 PA:0x80013000 store:0x00000001 load:0x00000001
       57179000	     28489	8000f9f4	bfe5	c.j	8000f9ec	
       57181000	     28490	8000f9ec	00003f17	auipc	x30,0x3	 x30=0x800129ec
       57215000	     28507	8000f9f0	603f2a23	sw	x3,1556(x30)	 x30:0x800129ec  x3:0x00000001 PA:0x80013000 store:0x00000001 load:0x00000001
       57219000	     28509	8000f9f4	bfe5	c.j	8000f9ec	
       57299000	     28549	8000f9ec	00003f17	auipc	x30,0x3	 x30=0x800129ec
       57325000	     28562	8000f9f0	603f2a23	sw	x3,1556(x30)	 x30:0x800129ec  x3:0x00000001 PA:0x80013000 store:0x00000001 load:0x00000001
       57329000	     28564	8000f9f4	bfe5	c.j	8000f9ec	
       57393000	     28596	8000f9ec	00003f17	auipc	x30,0x3	 x30=0x800129ec
       57397000	     28598	8000f9f0	603f2a23	sw	x3,1556(x30)	 x30:0x800129ec  x3:0x00000001 PA:0x80013000 store:0x00000001 load:0x00000001
       57419000	     28609	8000f9f4	bfe5	c.j	8000f9ec	
       57521000	     28660	8000f9ec	00003f17	auipc	x30,0x3	 x30=0x800129ec
       57525000	     28662	8000f9f0	603f2a23	sw	x3,1556(x30)	 x30:0x800129ec  x3:0x00000001 PA:0x80013000 store:0x00000001 load:0x00000001
       57549000	     28674	8000f9f4	bfe5	c.j	8000f9ec	
       57601000	     28700	8000f9ec	00003f17	auipc	x30,0x3	 x30=0x800129ec
       57637000	     28718	8000f9f0	603f2a23	sw	x3,1556(x30)	 x30:0x800129ec  x3:0x00000001 PA:0x80013000 store:0x00000001 load:0x00000001
       57669000	     28734	8000f9f4	bfe5	c.j	8000f9ec	
       57689000	     28744	8000f9ec	00003f17	auipc	x30,0x3	 x30=0x800129ec
       57725000	     28762	8000f9f0	603f2a23	sw	x3,1556(x30)	 x30:0x800129ec  x3:0x00000001 PA:0x80013000 store:0x00000001 load:0x00000001
       57749000	     28774	8000f9f4	bfe5	c.j	8000f9ec	
       57793000	     28796	8000f9ec	00003f17	auipc	x30,0x3	 x30=0x800129ec
       57871000	     28835	8000f9f0	603f2a23	sw	x3,1556(x30)	 x30:0x800129ec  x3:0x00000001 PA:0x80013000 store:0x00000001 load:0x00000001
       57875000	     28837	8000f9f4	bfe5	c.j	8000f9ec	
       57899000	     28849	8000f9ec	00003f17	auipc	x30,0x3	 x30=0x800129ec
       57945000	     28872	8000f9f0	603f2a23	sw	x3,1556(x30)	 x30:0x800129ec  x3:0x00000001 PA:0x80013000 store:0x00000001 load:0x00000001
       57949000	     28874	8000f9f4	bfe5	c.j	8000f9ec	
       57955000	     28877	8000f9ec	00003f17	auipc	x30,0x3	 x30=0x800129ec
       58011000	     28905	8000f9f0	603f2a23	sw	x3,1556(x30)	 x30:0x800129ec  x3:0x00000001 PA:0x80013000 store:0x00000001 load:0x00000001
       58023000	     28911	8000f9f4	bfe5	c.j	8000f9ec	
       58057000	     28928	8000f9ec	00003f17	auipc	x30,0x3	 x30=0x800129ec
       58095000	     28947	8000f9f0	603f2a23	sw	x3,1556(x30)	 x30:0x800129ec  x3:0x00000001 PA:0x80013000 store:0x00000001 load:0x00000001
       58099000	     28949	8000f9f4	bfe5	c.j	8000f9ec	
       58127000	     28963	8000f9ec	00003f17	auipc	x30,0x3	 x30=0x800129ec
       58167000	     28983	8000f9f0	603f2a23	sw	x3,1556(x30)	 x30:0x800129ec  x3:0x00000001 PA:0x80013000 store:0x00000001 load:0x00000001
       58171000	     28985	8000f9f4	bfe5	c.j	8000f9ec	
       58235000	     29017	8000f9ec	00003f17	auipc	x30,0x3	 x30=0x800129ec
       58289000	     29044	8000f9f0	603f2a23	sw	x3,1556(x30)	 x30:0x800129ec  x3:0x00000001 PA:0x80013000 store:0x00000001 load:0x00000001
       58293000	     29046	8000f9f4	bfe5	c.j	8000f9ec	
       58295000	     29047	8000f9ec	00003f17	auipc	x30,0x3	 x30=0x800129ec
       58349000	     29074	8000f9f0	603f2a23	sw	x3,1556(x30)	 x30:0x800129ec  x3:0x00000001 PA:0x80013000 store:0x00000001 load:0x00000001
       58353000	     29076	8000f9f4	bfe5	c.j	8000f9ec	
       58373000	     29086	8000f9ec	00003f17	auipc	x30,0x3	 x30=0x800129ec
       58433000	     29116	8000f9f0	603f2a23	sw	x3,1556(x30)	 x30:0x800129ec  x3:0x00000001 PA:0x80013000 store:0x00000001 load:0x00000001
       58437000	     29118	8000f9f4	bfe5	c.j	8000f9ec	
       58477000	     29138	8000f9ec	00003f17	auipc	x30,0x3	 x30=0x800129ec
       58515000	     29157	8000f9f0	603f2a23	sw	x3,1556(x30)	 x30:0x800129ec  x3:0x00000001 PA:0x80013000 store:0x00000001 load:0x00000001
       58519000	     29159	8000f9f4	bfe5	c.j	8000f9ec	
       58535000	     29167	8000f9ec	00003f17	auipc	x30,0x3	 x30=0x800129ec
       58621000	     29210	8000f9f0	603f2a23	sw	x3,1556(x30)	 x30:0x800129ec  x3:0x00000001 PA:0x80013000 store:0x00000001 load:0x00000001
       58625000	     29212	8000f9f4	bfe5	c.j	8000f9ec	
       58669000	     29234	8000f9ec	00003f17	auipc	x30,0x3	 x30=0x800129ec
       58719000	     29259	8000f9f0	603f2a23	sw	x3,1556(x30)	 x30:0x800129ec  x3:0x00000001 PA:0x80013000 store:0x00000001 load:0x00000001
       58723000	     29261	8000f9f4	bfe5	c.j	8000f9ec	
       58799000	     29299	8000f9ec	00003f17	auipc	x30,0x3	 x30=0x800129ec
       58853000	     29326	8000f9f0	603f2a23	sw	x3,1556(x30)	 x30:0x800129ec  x3:0x00000001 PA:0x80013000 store:0x00000001 load:0x00000001
       58857000	     29328	8000f9f4	bfe5	c.j	8000f9ec	
       58879000	     29339	8000f9ec	00003f17	auipc	x30,0x3	 x30=0x800129ec
       58929000	     29364	8000f9f0	603f2a23	sw	x3,1556(x30)	 x30:0x800129ec  x3:0x00000001 PA:0x80013000 store:0x00000001 load:0x00000001
       58933000	     29366	8000f9f4	bfe5	c.j	8000f9ec	
       59001000	     29400	8000f9ec	00003f17	auipc	x30,0x3	 x30=0x800129ec
       59051000	     29425	8000f9f0	603f2a23	sw	x3,1556(x30)	 x30:0x800129ec  x3:0x00000001 PA:0x80013000 store:0x00000001 load:0x00000001
       59055000	     29427	8000f9f4	bfe5	c.j	8000f9ec	
       59095000	     29447	8000f9ec	00003f17	auipc	x30,0x3	 x30=0x800129ec
       59121000	     29460	8000f9f0	603f2a23	sw	x3,1556(x30)	 x30:0x800129ec  x3:0x00000001 PA:0x80013000 store:0x00000001 load:0x00000001
       59125000	     29462	8000f9f4	bfe5	c.j	8000f9ec	
       59141000	     29470	8000f9ec	00003f17	auipc	x30,0x3	 x30=0x800129ec
       59187000	     29493	8000f9f0	603f2a23	sw	x3,1556(x30)	 x30:0x800129ec  x3:0x00000001 PA:0x80013000 store:0x00000001 load:0x00000001
       59193000	     29496	8000f9f4	bfe5	c.j	8000f9ec	
       59197000	     29498	8000f9ec	00003f17	auipc	x30,0x3	 x30=0x800129ec
       59281000	     29540	8000f9f0	603f2a23	sw	x3,1556(x30)	 x30:0x800129ec  x3:0x00000001 PA:0x80013000 store:0x00000001 load:0x00000001
       59285000	     29542	8000f9f4	bfe5	c.j	8000f9ec	
       59319000	     29559	8000f9ec	00003f17	auipc	x30,0x3	 x30=0x800129ec
       59355000	     29577	8000f9f0	603f2a23	sw	x3,1556(x30)	 x30:0x800129ec  x3:0x00000001 PA:0x80013000 store:0x00000001 load:0x00000001
       59359000	     29579	8000f9f4	bfe5	c.j	8000f9ec	
       59365000	     29582	8000f9ec	00003f17	auipc	x30,0x3	 x30=0x800129ec
       59423000	     29611	8000f9f0	603f2a23	sw	x3,1556(x30)	 x30:0x800129ec  x3:0x00000001 PA:0x80013000 store:0x00000001 load:0x00000001
       59427000	     29613	8000f9f4	bfe5	c.j	8000f9ec	
       59477000	     29638	8000f9ec	00003f17	auipc	x30,0x3	 x30=0x800129ec
       59511000	     29655	8000f9f0	603f2a23	sw	x3,1556(x30)	 x30:0x800129ec  x3:0x00000001 PA:0x80013000 store:0x00000001 load:0x00000001
       59515000	     29657	8000f9f4	bfe5	c.j	8000f9ec	
       59571000	     29685	8000f9ec	00003f17	auipc	x30,0x3	 x30=0x800129ec
       59605000	     29702	8000f9f0	603f2a23	sw	x3,1556(x30)	 x30:0x800129ec  x3:0x00000001 PA:0x80013000 store:0x00000001 load:0x00000001
       59609000	     29704	8000f9f4	bfe5	c.j	8000f9ec	
       59631000	     29715	8000f9ec	00003f17	auipc	x30,0x3	 x30=0x800129ec
       59667000	     29733	8000f9f0	603f2a23	sw	x3,1556(x30)	 x30:0x800129ec  x3:0x00000001 PA:0x80013000 store:0x00000001 load:0x00000001
       59677000	     29738	8000f9f4	bfe5	c.j	8000f9ec	
       59707000	     29753	8000f9ec	00003f17	auipc	x30,0x3	 x30=0x800129ec
       59727000	     29763	8000f9f0	603f2a23	sw	x3,1556(x30)	 x30:0x800129ec  x3:0x00000001 PA:0x80013000 store:0x00000001 load:0x00000001
       59731000	     29765	8000f9f4	bfe5	c.j	8000f9ec	
       59813000	     29806	8000f9ec	00003f17	auipc	x30,0x3	 x30=0x800129ec
       59847000	     29823	8000f9f0	603f2a23	sw	x3,1556(x30)	 x30:0x800129ec  x3:0x00000001 PA:0x80013000 store:0x00000001 load:0x00000001
       59851000	     29825	8000f9f4	bfe5	c.j	8000f9ec	
       59877000	     29838	8000f9ec	00003f17	auipc	x30,0x3	 x30=0x800129ec
       59921000	     29860	8000f9f0	603f2a23	sw	x3,1556(x30)	 x30:0x800129ec  x3:0x00000001 PA:0x80013000 store:0x00000001 load:0x00000001
       59925000	     29862	8000f9f4	bfe5	c.j	8000f9ec	
       59967000	     29883	8000f9ec	00003f17	auipc	x30,0x3	 x30=0x800129ec
       59995000	     29897	8000f9f0	603f2a23	sw	x3,1556(x30)	 x30:0x800129ec  x3:0x00000001 PA:0x80013000 store:0x00000001 load:0x00000001
       59999000	     29899	8000f9f4	bfe5	c.j	8000f9ec	
       60019000	     29909	8000f9ec	00003f17	auipc	x30,0x3	 x30=0x800129ec
       60049000	     29924	8000f9f0	603f2a23	sw	x3,1556(x30)	 x30:0x800129ec  x3:0x00000001 PA:0x80013000 store:0x00000001 load:0x00000001
       60053000	     29926	8000f9f4	bfe5	c.j	8000f9ec	
