Time	Cycle	PC	Insn	Decoded instruction	Register and memory contents
         253000	        26	80000080	00000013	addi	x0,x0,0	  x0:0x00000000  x0=0x00000000
         255000	        27	80000084	4081	c.li	x1,0	  x1=0x00000000
         257000	        28	80000086	5296a137	lui	x2,0x5296a	  x2=0x5296a000
         279000	        39	8000008a	ec010113	addi	x2,x2,-320	  x2:0x5296a000  x2=0x52969ec0
         281000	        40	8000008e	4181	c.li	x3,0	  x3=0x00000000
         331000	        65	80000090	4201	c.li	x4,0	  x4=0x00000000
         333000	        66	80000092	f08252b7	lui	x5,0xf0825	  x5=0xf0825000
         355000	        77	80000096	d1028293	addi	x5,x5,-752	  x5:0xf0825000  x5=0xf0824d10
         357000	        78	8000009a	4301	c.li	x6,0	  x6=0x00000000
         365000	        82	8000009c	ffe243b7	lui	x7,0xffe24	  x7=0xffe24000
         367000	        83	800000a0	19038393	addi	x7,x7,400	  x7:0xffe24000  x7=0xffe24190
         369000	        84	800000a4	9e6b0437	lui	x8,0x9e6b0	  x8=0x9e6b0000
         371000	        85	800000a8	9cd40413	addi	x8,x8,-1587	  x8:0x9e6b0000  x8=0x9e6af9cd
         403000	       101	800000ac	800004b7	lui	x9,0x80000	  x9=0x80000000
         407000	       103	800000b0	ff24d537	lui	x10,0xff24d	 x10=0xff24d000
         433000	       116	800000b4	9b450513	addi	x10,x10,-1612	 x10:0xff24d000 x10=0xff24c9b4
         439000	       119	800000b8	221c65b7	lui	x11,0x221c6	 x11=0x221c6000
         445000	       122	800000bc	e0758593	addi	x11,x11,-505	 x11:0x221c6000 x11=0x221c5e07
         467000	       133	800000c0	fcb0e637	lui	x12,0xfcb0e	 x12=0xfcb0e000
         485000	       142	800000c4	e0560613	addi	x12,x12,-507	 x12:0xfcb0e000 x12=0xfcb0de05
         487000	       143	800000c8	800006b7	lui	x13,0x80000	 x13=0x80000000
         489000	       144	800000cc	4701	c.li	x14,0	 x14=0x00000000
         511000	       155	800000ce	fa1187b7	lui	x15,0xfa118	 x15=0xfa118000
         551000	       175	800000d2	12e78793	addi	x15,x15,302	 x15:0xfa118000 x15=0xfa11812e
         593000	       196	800000d6	19fae837	lui	x16,0x19fae	 x16=0x19fae000
         595000	       197	800000da	0a780813	addi	x16,x16,167	 x16:0x19fae000 x16=0x19fae0a7
         617000	       208	800000de	800008b7	lui	x17,0x80000	 x17=0x80000000
         639000	       219	800000e2	46486937	lui	x18,0x46486	 x18=0x46486000
         657000	       228	800000e6	95690913	addi	x18,x18,-1706	 x18:0x46486000 x18=0x46485956
         659000	       229	800000ea	499d	c.li	x19,7	 x19=0x00000007
         661000	       230	800000ec	f4b95a37	lui	x20,0xf4b95	 x20=0xf4b95000
         675000	       237	800000f0	f69a0a13	addi	x20,x20,-151	 x20:0xf4b95000 x20=0xf4b94f69
         685000	       242	800000f4	49648ab7	lui	x21,0x49648	 x21=0x49648000
         707000	       253	800000f8	224a8a93	addi	x21,x21,548	 x21:0x49648000 x21=0x49648224
         709000	       254	800000fc	4b15	c.li	x22,5	 x22=0x00000005
         711000	       255	800000fe	38026bb7	lui	x23,0x38026	 x23=0x38026000
         757000	       278	80000102	492b8b93	addi	x23,x23,1170	 x23:0x38026000 x23=0x38026492
         759000	       279	80000106	4c21	c.li	x24,8	 x24=0x00000008
         763000	       281	80000108	4c81	c.li	x25,0	 x25=0x00000000
         785000	       292	8000010a	80000d37	lui	x26,0x80000	 x26=0x80000000
         837000	       318	8000010e	80000db7	lui	x27,0x80000	 x27=0x80000000
         839000	       319	80000112	4e01	c.li	x28,0	 x28=0x00000000
         841000	       320	80000114	4e81	c.li	x29,0	 x29=0x00000000
         843000	       321	80000116	4f15	c.li	x30,5	 x30=0x00000005
         845000	       322	80000118	80000fb7	lui	x31,0x80000	 x31=0x80000000
         847000	       323	8000011c	40001b37	lui	x22,0x40001	 x22=0x40001000
         883000	       341	80000120	104b0b13	addi	x22,x22,260	 x22:0x40001000 x22=0x40001104
         909000	       354	80000124	301b1073	csrrw	x0,misa,x22	 x22:0x40001104  x0=0x00000000
         911000	       355	80000128	0001f997	auipc	x19,0x1f	 x19=0x8001f128
         945000	       372	8000012c	d5498993	addi	x19,x19,-684	 x19:0x8001f128 x19=0x8001ee7c
         947000	       373	80000130	0000ab17	auipc	x22,0xa	 x22=0x8000a130
         969000	       384	80000134	ed0b0b13	addi	x22,x22,-304	 x22:0x8000a130 x22=0x8000a000
         971000	       385	80000138	001b6b13	ori	x22,x22,1	 x22:0x8000a000 x22=0x8000a001
         993000	       396	8000013c	305b1073	csrrw	x0,mtvec,x22	 x22:0x8000a001  x0=0x00000000
        1015000	       407	80000140	00000b17	auipc	x22,0x0	 x22=0x80000140
        1037000	       418	80000144	010b0b13	addi	x22,x22,16	 x22:0x80000140 x22=0x80000150
        1059000	       429	80000148	341b1073	csrrw	x0,mepc,x22	 x22:0x80000150  x0=0x00000000
        1099000	       449	8000014c	35c0806f	jal	x0,800084a8	  x0=0x00000000
        1111000	       455	800084a8	4b01	c.li	x22,0	 x22=0x00000000
        1165000	       482	800084aa	300b1073	csrrw	x0,mstatus,x22	 x22:0x00000000  x0=0x00000000
        1171000	       485	800084ae	4b01	c.li	x22,0	 x22=0x00000000
        1187000	       493	800084b0	304b1073	csrrw	x0,mie,x22	 x22:0x00000000  x0=0x00000000
        1193000	       496	800084b4	30200073	mret	
        1245000	       522	80000150	0001b297	auipc	x5,0x1b	  x5=0x8001b150
        1247000	       523	80000154	ccc28293	addi	x5,x5,-820	  x5:0x8001b150  x5=0x8001ae1c
        1269000	       534	80000158	00001917	auipc	x18,0x1	 x18=0x80001158
        1321000	       560	8000015c	a6690913	addi	x18,x18,-1434	 x18:0x80001158 x18=0x80000bbe
        1323000	       561	80000160	6151	c.addi16sp	x2,272	  x2:0x52969ec0  x2=0x52969fd0
        1341000	       570	80000162	0ff0000f	fence	iorw,iorwiorw	
        1359000	       579	80000166	2a132093	slti	x1,x6,673	  x6:0x00000000  x1=0x00000001
        1373000	       586	8000016a	03c84833	div	x16,x16,x28	 x16:0x19fae0a7 x28:0x00000000 x16=0xffffffff
        1393000	       596	8000016e	38d90913	addi	x18,x18,909	 x18:0x80000bbe x18=0x80000f4b
        1395000	       597	80000172	8cc9	c.or	x9,x10	  x9:0x80000000 x10:0xff24c9b4  x9=0xff24c9b4
        1397000	       598	80000174	40eb87b3	sub	x15,x23,x14	 x23:0x38026492 x14:0x00000000 x15=0x38026492
        1401000	       600	80000178	c7490167	jalr	x2,-908(x18)	 x18:0x80000f4b  x2=0x8000017c
        1429000	       614	80000bbe	c111	c.beqz	x10,80000bc2	 x10:0xff24c9b4
        1431000	       615	80000bc0	88c2	c.mv	x17,x16	  x0:0x00000000 x16:0xffffffff x17=0xffffffff
        1433000	       616	80000bc2	12c1	c.addi	x5,-16	  x5:0x8001ae1c  x5=0x8001ae0c
        1453000	       626	80000bc4	9892	c.add	x17,x4	 x17:0xffffffff  x4:0x00000000 x17=0xffffffff
        1535000	       667	80000bc6	0022a223	sw	x2,4(x5)	  x5:0x8001ae0c  x2:0x8000017c PA:0x8001ae10 store:0x8000017c load:0x8000017c
        1609000	       704	80000bca	028ecfb3	div	x31,x29,x8	 x29:0x00000000  x8:0x9e6af9cd x31=0x00000000
        1611000	       705	80000bce	4cad	c.li	x25,11	 x25=0x0000000b
        1613000	       706	80000bd0	06b9	c.addi	x13,14	 x13:0x80000000 x13=0x8000000e
        1615000	       707	80000bd2	87e6	c.mv	x15,x25	  x0:0x00000000 x25:0x0000000b x15=0x0000000b
        1675000	       737	80000bd4	0266	c.slli	x4,0x19	  x4:0x00000000  x4=0x00000000
        1679000	       739	80000bd6	00cc00b3	add	x1,x24,x12	 x24:0x00000008 x12:0xfcb0de05  x1=0xfcb0de0d
        1681000	       740	80000bda	0ef5	c.addi	x29,29	 x29:0x00000000 x29=0x0000001d
        1699000	       749	80000bdc	030cad33	mulhsu	x26,x25,x16	 x25:0x0000000b x16:0xffffffff x26=0x0000000a
        1705000	       752	80000be0	01d92033	slt	x0,x18,x29	 x18:0x80000f4b x29:0x0000001d  x0=0x00000000
        1717000	       758	80000be4	0001	c.addi	x0,0	  x0:0x00000000  x0=0x00000000
        1719000	       759	80000be6	6139	c.addi16sp	x2,448	  x2:0x8000017c  x2=0x8000033c
        1737000	       768	80000be8	0d464793	xori	x15,x12,212	 x12:0xfcb0de05 x15=0xfcb0ded1
        1751000	       775	80000bec	0b5be593	ori	x11,x23,181	 x23:0x38026492 x11=0x380264b7
        1791000	       795	80000bf0	0042a103	lw	x2,4(x5)	  x5:0x8001ae0c  x2=0x8000017c PA:0x8001ae10 store:0x00000000
        1793000	       796	80000bf4	5b7d	c.li	x22,-1	 x22=0xffffffff
        1833000	       816	80000bf6	01025433	srl	x8,x4,x16	  x4:0x00000000 x16:0xffffffff  x8=0x00000000
        1837000	       818	80000bfa	412e5e13	srai	x28,x28,0x12	 x28:0x00000000 x28=0x00000000
        1839000	       819	80000bfe	01e94fb3	xor	x31,x18,x30	 x18:0x80000f4b x30:0x00000005 x31=0x80000f4e
        1845000	       822	80000c02	032d0a33	mul	x20,x26,x18	 x26:0x0000000a x18:0x80000f4b x20=0x000098ee
        1847000	       823	80000c06	02c1	c.addi	x5,16	  x5:0x8001ae0c  x5=0x8001ae1c
        1857000	       828	80000c08	80da	c.mv	x1,x22	  x0:0x00000000 x22:0xffffffff  x1=0xffffffff
        1951000	       875	80000c0a	02ca4eb3	div	x29,x20,x12	 x20:0x000098ee x12:0xfcb0de05 x29=0x00000000
        1953000	       876	80000c0e	00010593	addi	x11,x2,0	  x2:0x8000017c x11=0x8000017c
        1957000	       878	80000c12	9582	c.jalr	x11	 x11:0x8000017c  x1=0x80000c14
        2005000	       902	8000017c	8ad9	c.andi	x13,22	 x13:0x8000000e x13=0x00000006
        2015000	       907	8000017e	0178ccb3	xor	x25,x17,x23	 x17:0xffffffff x23:0x38026492 x25=0xc7fd9b6d
        2023000	       911	80000182	401dd693	srai	x13,x27,0x1	 x27:0x80000000 x13=0xc0000000
        2025000	       912	80000186	0001	c.addi	x0,0	  x0:0x00000000  x0=0x00000000
        2027000	       913	80000188	8e49	c.or	x12,x10	 x12:0xfcb0de05 x10:0xff24c9b4 x12=0xffb4dfb5
        2029000	       914	8000018a	0442	c.slli	x8,0x10	  x8:0x00000000  x8=0x00000000
        2085000	       942	8000018c	a121ec17	auipc	x24,0xa121e	 x24=0x2121e18c
        2125000	       962	80000190	8e2d	c.xor	x12,x11	 x12:0xffb4dfb5 x11:0x8000017c x12=0x7fb4dec9
        2127000	       963	80000192	2467ae93	slti	x29,x15,582	 x15:0xfcb0ded1 x29=0x00000001
        2129000	       964	80000196	8ddd	c.or	x11,x15	 x11:0x8000017c x15:0xfcb0ded1 x11=0xfcb0dffd
        2139000	       969	80000198	0146c3b3	xor	x7,x13,x20	 x13:0xc0000000 x20:0x000098ee  x7=0xc00098ee
        2189000	       994	8000019c	03be9563	bne	x29,x27,800001c6	 x29:0x00000001 x27:0x80000000  x0=0x00000000
        2233000	      1016	800001c6	8f91	c.sub	x15,x12	 x15:0xfcb0ded1 x12:0x7fb4dec9 x15=0x7cfc0008
        2295000	      1047	800001c8	873a	c.mv	x14,x14	  x0:0x00000000 x14:0x00000000 x14=0x00000000
        2297000	      1048	800001ca	0001	c.addi	x0,0	  x0:0x00000000  x0=0x00000000
        2313000	      1056	800001cc	01993d33	sltu	x26,x18,x25	 x18:0x80000f4b x25:0xc7fd9b6d x26=0x00000001
        2355000	      1077	800001d0	0f8e	c.slli	x31,0x3	 x31:0x80000f4e x31=0x00007a70
        2357000	      1078	800001d2	8da1	c.xor	x11,x8	 x11:0xfcb0dffd  x8:0x00000000 x11=0xfcb0dffd
        2359000	      1079	800001d4	55fd	c.li	x11,-1	 x11=0xffffffff
        2381000	      1090	800001d6	03312433	mulhsu	x8,x2,x19	  x2:0x8000017c x19:0x8001ee7c  x8=0xbfff0980
        2383000	      1091	800001da	08f6	c.slli	x17,0x1d	 x17:0xffffffff x17=0xe0000000
        2385000	      1092	800001dc	0ff0000f	fence	iorwiorwiorw,iorwiorwiorwiorw	
        2403000	      1101	800001e0	0ff0000f	fence	iorwiorwiorwiorwiorw,iorwiorwiorwiorwiorwiorw	
        2441000	      1120	800001e4	0ff0000f	fence	iorwiorwiorwiorwiorwiorwiorw,iorwiorwiorwiorwiorwiorwiorwiorw	
        2469000	      1134	800001e8	a79477b7	lui	x15,0xa7947	 x15=0xa7947000
        2471000	      1135	800001ec	0c18	c.addi4spn	x14,x2,528	 x14=0x8000038c
        2493000	      1146	800001ee	05480263	beq	x16,x20,80000232	 x16:0xffffffff x20:0x000098ee  x0=0x00000000
        2519000	      1159	800001f2	01fabcb3	sltu	x25,x21,x31	 x21:0x49648224 x31:0x00007a70 x25=0x00000000
        2547000	      1173	800001f6	db63cd93	xori	x27,x7,-586	  x7:0xc00098ee x27=0x3fff6558
        2549000	      1174	800001fa	07bd	c.addi	x15,15	 x15:0xa7947000 x15=0xa794700f
        2553000	      1176	800001fc	99fd	c.andi	x11,-1	 x11:0xffffffff x11=0xffffffff
        2573000	      1186	800001fe	15e3e713	ori	x14,x7,350	  x7:0xc00098ee x14=0xc00099fe
        2587000	      1193	80000202	03a21a33	mulh	x20,x4,x26	  x4:0x00000000 x26:0x00000001 x20=0x00000000
        2591000	      1195	80000206	045fe263	bltu	x31,x5,8000024a	 x31:0x00007a70  x5:0x8001ae1c  x0=0x00000000
        2651000	      1225	8000024a	41628a33	sub	x20,x5,x22	  x5:0x8001ae1c x22:0xffffffff x20=0x8001ae1d
        2669000	      1234	8000024e	413c5213	srai	x4,x24,0x13	 x24:0x2121e18c  x4=0x00000424
        2671000	      1235	80000252	c59d	c.beqz	x11,80000280	 x11:0xffffffff
        2673000	      1236	80000254	00308133	add	x2,x1,x3	  x1:0x80000c14  x3:0x00000000  x2=0x80000c14
        2675000	      1237	80000258	ca09	c.beqz	x12,8000026a	 x12:0x7fb4dec9
        2691000	      1245	8000025a	0133deb3	srl	x29,x7,x19	  x7:0xc00098ee x19:0x8001ee7c x29=0x0000000c
        2697000	      1248	8000025e	018b76b3	and	x13,x22,x24	 x22:0xffffffff x24:0x2121e18c x13=0x2121e18c
        2699000	      1249	80000262	01c294b3	sll	x9,x5,x28	  x5:0x8001ae1c x28:0x00000000  x9=0x8001ae1c
        2701000	      1250	80000266	56fd	c.li	x13,-1	 x13=0xffffffff
        2721000	      1260	80000268	9132	c.add	x2,x12	  x2:0x80000c14 x12:0x7fb4dec9  x2=0xffb4eadd
        2795000	      1297	8000026a	03b178b3	remu	x17,x2,x27	  x2:0xffb4eadd x27:0x3fff6558 x17=0x3fb6bad5
        2797000	      1298	8000026e	37dc3013	sltiu	x0,x24,893	 x24:0x2121e18c  x0=0x00000000
        2803000	      1301	80000272	028c8733	mul	x14,x25,x8	 x25:0x00000000  x8:0xbfff0980 x14=0x00000000
        2805000	      1302	80000276	48e0f3b7	lui	x7,0x48e0f	  x7=0x48e0f000
        2809000	      1304	8000027a	ee15	c.bnez	x12,800002b6	 x12:0x7fb4dec9
        2839000	      1319	800002b6	5e7d	c.li	x28,-1	 x28=0xffffffff
        2933000	      1366	800002b8	0312f433	remu	x8,x5,x17	  x5:0x8001ae1c x17:0x3fb6bad5  x8=0x00943872
        2935000	      1367	800002bc	00fd0863	beq	x26,x15,800002cc	 x26:0x00000001 x15:0xa794700f  x0=0x00000000
        2937000	      1368	800002c0	00e47a33	and	x20,x8,x14	  x8:0x00943872 x14:0x00000000 x20=0x00000000
        3011000	      1405	800002c4	02bf66b3	rem	x13,x30,x11	 x30:0x00000005 x11:0xffffffff x13=0x00000000
        3013000	      1406	800002c8	013c1cb3	sll	x25,x24,x19	 x24:0x2121e18c x19:0x8001ee7c x25=0xc0000000
        3015000	      1407	800002cc	01ee3733	sltu	x14,x28,x30	 x28:0xffffffff x30:0x00000005 x14=0x00000000
        3017000	      1408	800002d0	cb81	c.beqz	x15,800002e0	 x15:0xa794700f
        3101000	      1450	800002d2	0358d233	divu	x4,x17,x21	 x17:0x3fb6bad5 x21:0x49648224  x4=0x00000000
        3103000	      1451	800002d6	587d	c.li	x16,-1	 x16=0xffffffff
        3105000	      1452	800002d8	8785	c.srai	x15,0x1	 x15:0xa794700f x15=0xd3ca3807
        3107000	      1453	800002da	006388b3	add	x17,x7,x6	  x7:0x48e0f000  x6:0x00000000 x17=0x48e0f000
        3109000	      1454	800002de	97c6	c.add	x15,x17	 x15:0xd3ca3807 x17:0x48e0f000 x15=0x1cab2807
        3123000	      1461	800002e0	01b771b3	and	x3,x14,x27	 x14:0x00000000 x27:0x3fff6558  x3=0x00000000
        3145000	      1472	800002e4	41c406b3	sub	x13,x8,x28	  x8:0x00943872 x28:0xffffffff x13=0x00943873
        3183000	      1491	800002e8	0aca	c.slli	x21,0x12	 x21:0x49648224 x21=0x08900000
        3185000	      1492	800002ea	04737f13	andi	x30,x6,71	  x6:0x00000000 x30=0x00000000
        3187000	      1493	800002ee	717d	c.addi16sp	x2,-16	  x2:0xffb4eadd  x2=0xffb4eacd
        3189000	      1494	800002f0	0187d963	bge	x15,x24,80000302	 x15:0x1cab2807 x24:0x2121e18c  x0=0x00000000
        3191000	      1495	800002f4	230dac93	slti	x25,x27,560	 x27:0x3fff6558 x25=0x00000000
        3199000	      1499	800002f8	54fd	c.li	x9,-1	  x9=0xffffffff
        3223000	      1511	800002fa	0069bbb3	sltu	x23,x19,x6	 x19:0x8001ee7c  x6:0x00000000 x23=0x00000000
        3225000	      1512	800002fe	83b3c097	auipc	x1,0x83b3c	  x1=0x03b3c2fe
        3267000	      1533	80000302	008680b3	add	x1,x13,x8	 x13:0x00943873  x8:0x00943872  x1=0x012870e5
        3269000	      1534	80000306	2eb83b93	sltiu	x23,x16,747	 x16:0xffffffff x23=0x00000000
        3285000	      1542	8000030a	0374ddb3	divu	x27,x9,x23	  x9:0xffffffff x23:0x00000000 x27=0xffffffff
        3287000	      1543	8000030e	8d19	c.sub	x10,x14	 x10:0xff24c9b4 x14:0x00000000 x10=0xff24c9b4
        3289000	      1544	80000310	97ae	c.add	x15,x11	 x15:0x1cab2807 x11:0xffffffff x15=0x1cab2806
        3347000	      1573	80000312	000c9363	bne	x25,x0,80000318	 x25:0x00000000  x0:0x00000000  x0=0x00000000
        3349000	      1574	80000316	8efd	c.and	x13,x15	 x13:0x00943873 x15:0x1cab2806 x13=0x00802802
        3365000	      1582	80000318	8305	c.srli	x14,0x1	 x14:0x00000000 x14=0x00000000
        3389000	      1594	8000031a	412f0bb3	sub	x23,x30,x18	 x30:0x00000000 x18:0x80000f4b x23=0x7ffff0b5
        3391000	      1595	8000031e	7d88ebb7	lui	x23,0x7d88e	 x23=0x7d88e000
        3393000	      1596	80000322	12c23713	sltiu	x14,x4,300	  x4:0x00000000 x14=0x00000001
        3395000	      1597	80000326	8e11	c.sub	x12,x12	 x12:0x7fb4dec9 x12:0x7fb4dec9 x12=0x00000000
        3519000	      1659	80000328	03ca6533	rem	x10,x20,x28	 x20:0x00000000 x28:0xffffffff x10=0x00000000
        3521000	      1660	8000032c	11fd	c.addi	x3,-1	  x3:0x00000000  x3=0xffffffff
        3527000	      1663	8000032e	028e0e33	mul	x28,x28,x8	 x28:0xffffffff  x8:0x00943872 x28=0xff6bc78e
        3531000	      1665	80000332	006a9f63	bne	x21,x6,80000350	 x21:0x08900000  x6:0x00000000  x0=0x00000000
        3557000	      1678	80000350	00a97033	and	x0,x18,x10	 x18:0x80000f4b x10:0x00000000  x0=0x00000000
        3579000	      1689	80000354	01804833	xor	x16,x0,x24	  x0:0x00000000 x24:0x2121e18c x16=0x2121e18c
        3605000	      1702	80000358	03c00433	mul	x8,x0,x28	  x0:0x00000000 x28:0xff6bc78e  x8=0x00000000
        3613000	      1706	8000035c	02a7fbb3	remu	x23,x15,x10	 x15:0x1cab2806 x10:0x00000000 x23=0x1cab2806
        3625000	      1712	80000360	0826b413	sltiu	x8,x13,130	 x13:0x00802802  x8=0x00000000
        3699000	      1749	80000364	027c4fb3	div	x31,x24,x7	 x24:0x2121e18c  x7:0x48e0f000 x31=0x00000000
        3701000	      1750	80000368	0093d463	bge	x7,x9,80000370	  x7:0x48e0f000  x9:0xffffffff  x0=0x00000000
        3705000	      1752	8000036c	01f50663	beq	x10,x31,80000378	 x10:0x00000000 x31:0x00000000  x0=0x00000000
        3763000	      1781	80000378	02b6a533	mulhsu	x10,x13,x11	 x13:0x00802802 x11:0xffffffff x10=0x00802801
        3765000	      1782	8000037c	0133da63	bge	x7,x19,80000390	  x7:0x48e0f000 x19:0x8001ee7c  x0=0x00000000
        3787000	      1793	80000380	40a0df93	srai	x31,x1,0xa	  x1:0x012870e5 x31=0x00004a1c
        3803000	      1801	80000384	990a	c.add	x18,x2	 x18:0x80000f4b  x2:0xffb4eacd x18=0x7fb4fa18
        3805000	      1802	80000386	186acf13	xori	x30,x21,390	 x21:0x08900000 x30=0x08900186
        3807000	      1803	8000038a	019f3ab3	sltu	x21,x30,x25	 x30:0x08900186 x25:0x00000000 x21=0x00000000
        3809000	      1804	8000038e	717d	c.addi16sp	x2,-16	  x2:0xffb4eacd  x2=0xffb4eabd
        3813000	      1806	80000390	034e41b3	div	x3,x28,x20	 x28:0xff6bc78e x20:0x00000000  x3=0xffffffff
        3849000	      1824	80000394	127d	c.addi	x4,-1	  x4:0x00000000  x4=0xffffffff
        3957000	      1878	80000396	027361b3	rem	x3,x6,x7	  x6:0x00000000  x7:0x48e0f000  x3=0x00000000
        3959000	      1879	8000039a	01d9	c.addi	x3,22	  x3:0x00000000  x3=0x00000016
        3961000	      1880	8000039c	8d3d	c.xor	x10,x15	 x10:0x00802801 x15:0x1cab2806 x10=0x1c2b0007
        3963000	      1881	8000039e	17bde037	lui	x0,0x17bde	  x0=0x00000000
        4005000	      1902	800003a2	a2a81a17	auipc	x20,0xa2a81	 x20=0x22a813a2
        4009000	      1904	800003a6	02097833	remu	x16,x18,x0	 x18:0x7fb4fa18  x0:0x00000000 x16=0x7fb4fa18
        4029000	      1914	800003aa	016babb3	slt	x23,x23,x22	 x23:0x1cab2806 x22:0xffffffff x23=0x00000000
        4031000	      1915	800003ae	00710db3	add	x27,x2,x7	  x2:0xffb4eabd  x7:0x48e0f000 x27=0x4895dabd
        4033000	      1916	800003b2	006d7a33	and	x20,x26,x6	 x26:0x00000001  x6:0x00000000 x20=0x00000000
        4061000	      1930	800003b6	02e91eb3	mulh	x29,x18,x14	 x18:0x7fb4fa18 x14:0x00000001 x29=0x00000000
        4067000	      1933	800003ba	40bb07b3	sub	x15,x22,x11	 x22:0xffffffff x11:0xffffffff x15=0x00000000
        4069000	      1934	800003be	8dd5	c.or	x11,x13	 x11:0xffffffff x13:0x00802802 x11=0xffffffff
        4077000	      1938	800003c0	03e83c33	mulhu	x24,x16,x30	 x16:0x7fb4fa18 x30:0x08900186 x24=0x04457e5f
        4083000	      1941	800003c4	0163a533	slt	x10,x7,x22	  x7:0x48e0f000 x22:0xffffffff x10=0x00000000
        4105000	      1952	800003c8	cb01	c.beqz	x14,800003d8	 x14:0x00000001
        4113000	      1956	800003ca	015be1b3	or	x3,x23,x21	 x23:0x00000000 x21:0x00000000  x3=0x00000000
        4135000	      1967	800003ce	01405b93	srli	x23,x0,0x14	  x0:0x00000000 x23=0x00000000
        4157000	      1978	800003d2	287b2593	slti	x11,x22,647	 x22:0xffffffff x11=0x00000001
        4159000	      1979	800003d6	8fed	c.and	x15,x11	 x15:0x00000000 x11:0x00000001 x15=0x00000000
        4187000	      1993	800003d8	004c20b3	slt	x1,x24,x4	 x24:0x04457e5f  x4:0xffffffff  x1=0x00000000
        4223000	      2011	800003dc	81e1	c.srli	x11,0x18	 x11:0x00000001 x11=0x00000000
        4225000	      2012	800003de	00b0a233	slt	x4,x1,x11	  x1:0x00000000 x11:0x00000000  x4=0x00000000
        4229000	      2014	800003e2	e089	c.bnez	x9,800003e4	  x9:0xffffffff
        4249000	      2024	800003e4	029efe63	bgeu	x29,x9,80000420	 x29:0x00000000  x9:0xffffffff  x0=0x00000000
        4251000	      2025	800003e8	0001	c.addi	x0,0	  x0:0x00000000  x0=0x00000000
        4253000	      2026	800003ea	0001	c.addi	x0,0	  x0:0x00000000  x0=0x00000000
        4255000	      2027	800003ec	008d5db3	srl	x27,x26,x8	 x26:0x00000001  x8:0x00000000 x27=0x00000001
        4271000	      2035	800003f0	00bcacb3	slt	x25,x25,x11	 x25:0x00000000 x11:0x00000000 x25=0x00000000
        4279000	      2039	800003f4	01d5ae33	slt	x28,x11,x29	 x11:0x00000000 x29:0x00000000 x28=0x00000000
        4281000	      2040	800003f8	8831	c.andi	x8,12	  x8:0x00000000  x8=0x00000000
        4289000	      2044	800003fa	0248a833	mulhsu	x16,x17,x4	 x17:0x48e0f000  x4:0x00000000 x16=0x00000000
        4305000	      2052	800003fe	02784563	blt	x16,x7,80000428	 x16:0x00000000  x7:0x48e0f000  x0=0x00000000
        4365000	      2082	80000428	408bd413	srai	x8,x23,0x8	 x23:0x00000000  x8=0x00000000
        4369000	      2084	8000042c	717d	c.addi16sp	x2,-16	  x2:0xffb4eabd  x2=0xffb4eaad
        4417000	      2108	8000042e	01e5d193	srli	x3,x11,0x1e	 x11:0x00000000  x3=0x00000000
        4419000	      2109	80000432	8d99	c.sub	x11,x14	 x11:0x00000000 x14:0x00000001 x11=0xffffffff
        4421000	      2110	80000434	1180	c.addi4spn	x8,x2,224	  x8=0xffb4eb8d
        4437000	      2118	80000436	2fec6913	ori	x18,x24,766	 x24:0x04457e5f x18=0x04457eff
        4439000	      2119	8000043a	1700	c.addi4spn	x8,x2,928	  x8=0xffb4ee4d
        4501000	      2150	8000043c	04c37063	bgeu	x6,x12,8000047c	  x6:0x00000000 x12:0x00000000  x0=0x00000000
        4545000	      2172	8000047c	40335613	srai	x12,x6,0x3	  x6:0x00000000 x12=0x00000000
        4553000	      2176	80000480	8c79	c.and	x8,x14	  x8:0xffb4ee4d x14:0x00000001  x8=0x00000001
        4581000	      2190	80000482	e5df8a93	addi	x21,x31,-419	 x31:0x00004a1c x21=0x00004879
        4599000	      2199	80000486	00863d33	sltu	x26,x12,x8	 x12:0x00000000  x8:0x00000001 x26=0x00000001
        4603000	      2201	8000048a	e011	c.bnez	x8,8000048e	  x8:0x00000001
        4659000	      2229	8000048e	0bde	c.slli	x23,0x17	 x23:0x00000000 x23=0x00000000
        4701000	      2250	80000490	6155	c.addi16sp	x2,304	  x2:0xffb4eaad  x2=0xffb4ebdd
        4703000	      2251	80000492	00381ab3	sll	x21,x16,x3	 x16:0x00000000  x3:0x00000000 x21=0x00000000
        4707000	      2253	80000496	e28d	c.bnez	x13,800004b8	 x13:0x00802802
        4777000	      2288	800004b8	d3094693	xori	x13,x18,-720	 x18:0x04457eff x13=0xfbba83cf
        4813000	      2306	800004bc	0001	c.addi	x0,0	  x0:0x00000000  x0=0x00000000
        4815000	      2307	800004be	15b7f013	andi	x0,x15,347	 x15:0x00000000  x0=0x00000000
        4817000	      2308	800004c2	b29d8437	lui	x8,0xb29d8	  x8=0xb29d8000
        4833000	      2316	800004c6	00841493	slli	x9,x8,0x8	  x8:0xb29d8000  x9=0x9d800000
        4835000	      2317	800004ca	6c6d	c.lui	x24,0x1b	 x24=0x0001b000
        4851000	      2325	800004cc	01b3c7b3	xor	x15,x7,x27	  x7:0x48e0f000 x27:0x00000001 x15=0x48e0f001
        4873000	      2336	800004d0	41b687b3	sub	x15,x13,x27	 x13:0xfbba83cf x27:0x00000001 x15=0xfbba83ce
        4889000	      2344	800004d4	0194	c.addi4spn	x13,x2,192	 x13=0xffb4ec9d
        4915000	      2357	800004d6	f20a8093	addi	x1,x21,-224	 x21:0x00000000  x1=0xffffff20
        4959000	      2379	800004da	032d1163	bne	x26,x18,800004fc	 x26:0x00000001 x18:0x04457eff  x0=0x00000000
        5001000	      2400	800004fc	8f89	c.sub	x15,x10	 x15:0xfbba83ce x10:0x00000000 x15=0xfbba83ce
        5003000	      2401	800004fe	0486	c.slli	x9,0x1	  x9:0x9d800000  x9=0x3b000000
        5045000	      2422	80000500	01cd78b3	and	x17,x26,x28	 x26:0x00000001 x28:0x00000000 x17=0x00000000
        5139000	      2469	80000504	02f9cd33	div	x26,x19,x15	 x19:0x8001ee7c x15:0xfbba83ce x26=0x0000001d
        5141000	      2470	80000508	01d311b3	sll	x3,x6,x29	  x6:0x00000000 x29:0x00000000  x3=0x00000000
        5143000	      2471	8000050c	0001	c.addi	x0,0	  x0:0x00000000  x0=0x00000000
        5145000	      2472	8000050e	00ba9d93	slli	x27,x21,0xb	 x21:0x00000000 x27=0x00000000
        5169000	      2484	80000512	00789e93	slli	x29,x17,0x7	 x17:0x00000000 x29=0x00000000
        5171000	      2485	80000516	0506	c.slli	x10,0x1	 x10:0x00000000 x10=0x00000000
        5173000	      2486	80000518	01161d93	slli	x27,x12,0x11	 x12:0x00000000 x27=0x00000000
        5195000	      2497	8000051c	41c7d933	sra	x18,x15,x28	 x15:0xfbba83ce x28:0x00000000 x18=0xfbba83ce
        5237000	      2518	80000520	024a4063	blt	x20,x4,80000540	 x20:0x00000000  x4:0x00000000  x0=0x00000000
        5251000	      2525	80000524	2c0b8a93	addi	x21,x23,704	 x23:0x00000000 x21=0x000002c0
        5261000	      2530	80000528	00118a33	add	x20,x3,x1	  x3:0x00000000  x1:0xffffff20 x20=0xffffff20
        5275000	      2537	8000052c	8ec1	c.or	x13,x8	 x13:0xffb4ec9d  x8:0xb29d8000 x13=0xffbdec9d
        5317000	      2558	8000052e	41b751b3	sra	x3,x14,x27	 x14:0x00000001 x27:0x00000000  x3=0x00000001
        5407000	      2603	80000532	03aaf233	remu	x4,x21,x26	 x21:0x000002c0 x26:0x0000001d  x4=0x00000008
        5409000	      2604	80000536	865a	c.mv	x12,x22	  x0:0x00000000 x22:0xffffffff x12=0xffffffff
        5411000	      2605	80000538	02798b63	beq	x19,x7,8000056e	 x19:0x8001ee7c  x7:0x48e0f000  x0=0x00000000
        5419000	      2609	8000053c	8505	c.srai	x10,0x1	 x10:0x00000000 x10=0x00000000
        5421000	      2610	8000053e	8f85	c.sub	x15,x9	 x15:0xfbba83ce  x9:0x3b000000 x15=0xc0ba83ce
        5471000	      2635	80000540	50fd	c.li	x1,-1	  x1=0xffffffff
        5473000	      2636	80000542	99fd	c.andi	x11,-1	 x11:0xffffffff x11=0xffffffff
        5547000	      2673	80000544	02ddfc33	remu	x24,x27,x13	 x27:0x00000000 x13:0xffbdec9d x24=0x00000000
        5549000	      2674	80000548	898d	c.andi	x11,3	 x11:0xffffffff x11=0x00000003
        5551000	      2675	8000054a	015877b3	and	x15,x16,x21	 x16:0x00000000 x21:0x000002c0 x15=0x00000000
        5553000	      2676	8000054e	00295863	bge	x18,x2,8000055e	 x18:0xfbba83ce  x2:0xffb4ebdd  x0=0x00000000
        5577000	      2688	80000552	01ce7363	bgeu	x28,x28,80000558	 x28:0x00000000 x28:0x00000000  x0=0x00000000
        5581000	      2690	80000558	53fd	c.li	x7,-1	  x7=0xffffffff
        5599000	      2699	8000055a	4124dfb3	sra	x31,x9,x18	  x9:0x3b000000 x18:0xfbba83ce x31=0x0000ec00
        5657000	      2728	8000055e	3cb4f913	andi	x18,x9,971	  x9:0x3b000000 x18=0x00000000
        5699000	      2749	80000562	01c703b3	add	x7,x14,x28	 x14:0x00000001 x28:0x00000000  x7=0x00000001
        5703000	      2751	80000566	ce688713	addi	x14,x17,-794	 x17:0x00000000 x14=0xfffffce6
        5705000	      2752	8000056a	0001	c.addi	x0,0	  x0:0x00000000  x0=0x00000000
        5723000	      2761	8000056c	4135	c.li	x2,13	  x2=0x0000000d
        5725000	      2762	8000056e	617d	c.addi16sp	x2,496	  x2:0x0000000d  x2=0x000001fd
        5767000	      2783	80000570	8f06a017	auipc	x0,0x8f06a	  x0=0x00000000
        5775000	      2787	80000574	8e95	c.sub	x13,x13	 x13:0xffbdec9d x13:0xffbdec9d x13=0x00000000
        5777000	      2788	80000576	8e4d	c.or	x12,x11	 x12:0xffffffff x11:0x00000003 x12=0xffffffff
        5785000	      2792	80000578	8709	c.srai	x14,0x2	 x14:0xfffffce6 x14=0xffffff39
        5787000	      2793	8000057a	8f39	c.xor	x14,x14	 x14:0xffffff39 x14:0xffffff39 x14=0x00000000
        5805000	      2802	8000057c	3dce6893	ori	x17,x28,988	 x28:0x00000000 x17=0x000003dc
        5811000	      2805	80000580	6709	c.lui	x14,0x2	 x14=0x00002000
        5813000	      2806	80000582	005c9fb3	sll	x31,x25,x5	 x25:0x00000000  x5:0x8001ae1c x31=0x00000000
        5815000	      2807	80000586	612d	c.addi16sp	x2,224	  x2:0x000001fd  x2=0x000002dd
        5929000	      2864	80000588	02e4f133	remu	x2,x9,x14	  x9:0x3b000000 x14:0x00002000  x2=0x00000000
        5931000	      2865	8000058c	01a76d33	or	x26,x14,x26	 x14:0x00002000 x26:0x0000001d x26=0x0000201d
        5933000	      2866	80000590	8c95	c.sub	x9,x13	  x9:0x3b000000 x13:0x00000000  x9=0x3b000000
        5937000	      2868	80000592	eb15	c.bnez	x14,800005c6	 x14:0x00002000
        5955000	      2877	800005c6	01051c33	sll	x24,x10,x16	 x10:0x00000000 x16:0x00000000 x24=0x00000000
        5957000	      2878	800005ca	0536	c.slli	x10,0xd	 x10:0x00000000 x10=0x00000000
        5975000	      2887	800005cc	03302733	mulhsu	x14,x0,x19	  x0:0x00000000 x19:0x8001ee7c x14=0x00000000
        5977000	      2888	800005d0	8bfd	c.andi	x15,31	 x15:0x00000000 x15=0x00000000
        5979000	      2889	800005d2	9afd	c.andi	x13,-1	 x13:0x00000000 x13=0x00000000
        5997000	      2898	800005d4	032f44b3	div	x9,x30,x18	 x30:0x08900186 x18:0x00000000  x9=0xffffffff
        6049000	      2924	800005d8	41a2d233	sra	x4,x5,x26	  x5:0x8001ae1c x26:0x0000201d  x4=0xfffffffc
        6151000	      2975	800005dc	03a5d3b3	divu	x7,x11,x26	 x11:0x00000003 x26:0x0000201d  x7=0x00000000
        6153000	      2976	800005e0	0001	c.addi	x0,0	  x0:0x00000000  x0=0x00000000
        6155000	      2977	800005e2	01bf8bb3	add	x23,x31,x27	 x31:0x00000000 x27:0x00000000 x23=0x00000000
        6229000	      3014	800005e6	021af8b3	remu	x17,x21,x1	 x21:0x000002c0  x1:0xffffffff x17=0x000002c0
        6231000	      3015	800005ea	8c65	c.and	x8,x9	  x8:0xb29d8000  x9:0xffffffff  x8=0xb29d8000
        6235000	      3017	800005ec	000cf763	bgeu	x25,x0,800005fa	 x25:0x00000000  x0:0x00000000  x0=0x00000000
        6261000	      3030	800005fa	00cfe633	or	x12,x31,x12	 x31:0x00000000 x12:0xffffffff x12=0xffffffff
        6263000	      3031	800005fe	8ec1	c.or	x13,x8	 x13:0x00000000  x8:0xb29d8000 x13=0xb29d8000
        6283000	      3041	80000600	ed1d	c.bnez	x10,8000063e	 x10:0x00000000
        6301000	      3050	80000602	0109f533	and	x10,x19,x16	 x19:0x8001ee7c x16:0x00000000 x10=0x00000000
        6303000	      3051	80000606	00b0fa33	and	x20,x1,x11	  x1:0xffffffff x11:0x00000003 x20=0x00000003
        6351000	      3075	8000060a	01265963	bge	x12,x18,8000061c	 x12:0xffffffff x18:0x00000000  x0=0x00000000
        6353000	      3076	8000060e	daca6393	ori	x7,x20,-596	 x20:0x00000003  x7=0xfffffdaf
        6355000	      3077	80000612	0110	c.addi4spn	x12,x2,128	 x12=0x00000080
        6389000	      3094	80000614	fd713f93	sltiu	x31,x2,-41	  x2:0x00000000 x31=0x00000001
        6391000	      3095	80000618	0083f133	and	x2,x7,x8	  x7:0xfffffdaf  x8:0xb29d8000  x2=0xb29d8000
        6403000	      3101	8000061c	08aac617	auipc	x12,0x8aac	 x12=0x88aac61c
        6427000	      3113	80000620	022c3b33	mulhu	x22,x24,x2	 x24:0x00000000  x2:0xb29d8000 x22=0x00000000
        6443000	      3121	80000624	0150e7b3	or	x15,x1,x21	  x1:0xffffffff x21:0x000002c0 x15=0xffffffff
        6445000	      3122	80000628	e9534f37	lui	x30,0xe9534	 x30=0xe9534000
        6449000	      3124	8000062c	01205663	bge	x0,x18,80000638	  x0:0x00000000 x18:0x00000000  x0=0x00000000
        6475000	      3137	80000638	0263d433	divu	x8,x7,x6	  x7:0xfffffdaf  x6:0x00000000  x8=0xffffffff
        6507000	      3153	8000063c	03d5	c.addi	x7,21	  x7:0xfffffdaf  x7=0xfffffdc4
        6509000	      3154	8000063e	717d	c.addi16sp	x2,-16	  x2:0xb29d8000  x2=0xb29d7ff0
        6529000	      3164	80000640	032880b3	mul	x1,x17,x18	 x17:0x000002c0 x18:0x00000000  x1=0x00000000
        6549000	      3174	80000644	0001	c.addi	x0,0	  x0:0x00000000  x0=0x00000000
        6553000	      3176	80000646	41905c13	srai	x24,x0,0x19	  x0:0x00000000 x24=0x00000000
        6583000	      3191	8000064a	02659c33	mulh	x24,x11,x6	 x11:0x00000003  x6:0x00000000 x24=0x00000000
        6587000	      3193	8000064e	e79d	c.bnez	x15,8000067c	 x15:0xffffffff
        6633000	      3216	8000067c	0243d263	bge	x7,x4,800006a0	  x7:0xfffffdc4  x4:0xfffffffc  x0=0x00000000
        6643000	      3221	80000680	ec130693	addi	x13,x6,-319	  x6:0x00000000 x13=0xfffffec1
        6677000	      3238	80000684	c901	c.beqz	x10,80000694	 x10:0x00000000
        6725000	      3262	80000694	01237733	and	x14,x6,x18	  x6:0x00000000 x18:0x00000000 x14=0x00000000
        6727000	      3263	80000698	8e11	c.sub	x12,x12	 x12:0x88aac61c x12:0x88aac61c x12=0x00000000
        6729000	      3264	8000069a	01fa	c.slli	x3,0x1e	  x3:0x00000001  x3=0x40000000
        6771000	      3285	8000069c	8f29	c.xor	x14,x10	 x14:0x00000000 x10:0x00000000 x14=0x00000000
        6773000	      3286	8000069e	9576	c.add	x10,x29	 x10:0x00000000 x29:0x00000000 x10=0x00000000
        6789000	      3294	800006a0	370dcd13	xori	x26,x27,880	 x27:0x00000000 x26=0x00000370
        6793000	      3296	800006a4	4015dc13	srai	x24,x11,0x1	 x11:0x00000003 x24=0x00000001
        6801000	      3300	800006a8	03072d33	mulhsu	x26,x14,x16	 x14:0x00000000 x16:0x00000000 x26=0x00000000
        6857000	      3328	800006ac	aa7f9b97	auipc	x23,0xaa7f9	 x23=0x2a7f96ac
        6863000	      3331	800006b0	0ff0000f	fence	iorwiorwiorwiorwiorwiorwiorwiorwiorw,iorwiorwiorwiorwiorwiorwiorwiorwiorwiorw	
        6911000	      3355	800006b4	85225537	lui	x10,0x85225	 x10=0x85225000
        6919000	      3359	800006b8	619d	c.lui	x3,0x7	  x3=0x00007000
        6961000	      3380	800006ba	02675db3	divu	x27,x14,x6	 x14:0x00000000  x6:0x00000000 x27=0xffffffff
        6963000	      3381	800006be	805d	c.srli	x8,0x17	  x8:0xffffffff  x8=0x000001ff
        7037000	      3418	800006c0	029ae8b3	rem	x17,x21,x9	 x21:0x000002c0  x9:0xffffffff x17=0x00000000
        7039000	      3419	800006c4	14708013	addi	x0,x1,327	  x1:0x00000000  x0=0x00000000
        7041000	      3420	800006c8	0e98	c.addi4spn	x14,x2,848	 x14=0xb29d8340
        7043000	      3421	800006ca	017a36b3	sltu	x13,x20,x23	 x20:0x00000003 x23:0x2a7f96ac x13=0x00000001
        7045000	      3422	800006ce	0001	c.addi	x0,0	  x0:0x00000000  x0=0x00000000
        7073000	      3436	800006d0	8db1	c.xor	x11,x12	 x11:0x00000003 x12:0x00000000 x11=0x00000003
        7081000	      3440	800006d2	00a27263	bgeu	x4,x10,800006d6	  x4:0xfffffffc x10:0x85225000  x0=0x00000000
        7095000	      3447	800006d6	00648633	add	x12,x9,x6	  x9:0xffffffff  x6:0x00000000 x12=0xffffffff
        7097000	      3448	800006da	c3a1	c.beqz	x15,8000071a	 x15:0xffffffff
        7105000	      3452	800006dc	05eb1663	bne	x22,x30,80000728	 x22:0x00000000 x30:0xe9534000  x0=0x00000000
        7139000	      3469	80000728	00a95b63	bge	x18,x10,8000073e	 x18:0x00000000 x10:0x85225000  x0=0x00000000
        7165000	      3482	8000072c	031e25b3	mulhsu	x11,x28,x17	 x28:0x00000000 x17:0x00000000 x11=0x00000000
        7195000	      3497	80000730	03aa0ab3	mul	x21,x20,x26	 x20:0x00000003 x26:0x00000000 x21=0x00000000
        7197000	      3498	80000734	8745	c.srai	x14,0x11	 x14:0xb29d8340 x14=0xffffd94e
        7213000	      3506	80000736	029b2db3	mulhsu	x27,x22,x9	 x22:0x00000000  x9:0xffffffff x27=0x00000000
        7215000	      3507	8000073a	05f85063	bge	x16,x31,8000077a	 x16:0x00000000 x31:0x00000001  x0=0x00000000
        7247000	      3523	8000073e	037f3133	mulhu	x2,x30,x23	 x30:0xe9534000 x23:0x2a7f96ac  x2=0x26bbf220
        7285000	      3542	80000742	0207e233	rem	x4,x15,x0	 x15:0xffffffff  x0:0x00000000  x4=0xffffffff
        7295000	      3547	80000746	0111cfb3	xor	x31,x3,x17	  x3:0x00007000 x17:0x00000000 x31=0x00007000
        7301000	      3550	8000074a	f502f393	andi	x7,x5,-176	  x5:0x8001ae1c  x7=0x8001ae10
        7303000	      3551	8000074e	8f45	c.or	x14,x9	 x14:0xffffd94e  x9:0xffffffff x14=0xffffffff
        7319000	      3559	80000750	8d1d	c.sub	x10,x15	 x10:0x85225000 x15:0xffffffff x10=0x85225001
        7321000	      3560	80000752	8d3d	c.xor	x10,x15	 x10:0x85225001 x15:0xffffffff x10=0x7addaffe
        7335000	      3567	80000754	0001	c.addi	x0,0	  x0:0x00000000  x0=0x00000000
        7347000	      3573	80000756	c3d893b7	lui	x7,0xc3d89	  x7=0xc3d89000
        7359000	      3579	8000075a	0133d763	bge	x7,x19,80000768	  x7:0xc3d89000 x19:0x8001ee7c  x0=0x00000000
        7405000	      3602	8000075e	031dd033	divu	x0,x27,x17	 x27:0x00000000 x17:0x00000000  x0=0x00000000
        7407000	      3603	80000762	417a8c33	sub	x24,x21,x23	 x21:0x00000000 x23:0x2a7f96ac x24=0xd5806954
        7411000	      3605	80000766	e609	c.bnez	x12,80000770	 x12:0xffffffff
        7451000	      3625	80000770	03b3fd33	remu	x26,x7,x27	  x7:0xc3d89000 x27:0x00000000 x26=0xc3d89000
        7543000	      3671	80000774	027af1b3	remu	x3,x21,x7	 x21:0x00000000  x7:0xc3d89000  x3=0x00000000
        7545000	      3672	80000778	c009	c.beqz	x8,8000077a	  x8:0x000001ff
        7547000	      3673	8000077a	9f3cc1b7	lui	x3,0x9f3cc	  x3=0x9f3cc000
        7549000	      3674	8000077e	8e61	c.and	x12,x8	 x12:0xffffffff  x8:0x000001ff x12=0x000001ff
        7551000	      3675	80000780	052e	c.slli	x10,0xb	 x10:0x7addaffe x10=0xed7ff000
        7559000	      3679	80000782	03fd8d33	mul	x26,x27,x31	 x27:0x00000000 x31:0x00007000 x26=0x00000000
        7561000	      3680	80000786	80de	c.mv	x1,x23	  x0:0x00000000 x23:0x2a7f96ac  x1=0x2a7f96ac
        7595000	      3697	80000788	03b951b3	divu	x3,x18,x27	 x18:0x00000000 x27:0x00000000  x3=0xffffffff
        7627000	      3713	8000078c	0ff0000f	fence	iorwiorwiorwiorwiorwiorwiorwiorwiorwiorwiorw,iorwiorwiorwiorwiorwiorwiorwiorwiorwiorwiorwiorw	
        7631000	      3715	80000790	ea11	c.bnez	x12,800007a4	 x12:0x000001ff
        7689000	      3744	800007a4	6fb5	c.lui	x31,0xd	 x31=0x0000d000
        7691000	      3745	800007a6	8dd1	c.or	x11,x12	 x11:0x00000000 x12:0x000001ff x11=0x000001ff
        7701000	      3750	800007a8	8ef5	c.and	x13,x13	 x13:0x00000001 x13:0x00000001 x13=0x00000001
        7775000	      3787	800007aa	0270f033	remu	x0,x1,x7	  x1:0x2a7f96ac  x7:0xc3d89000  x0=0x00000000
        7777000	      3788	800007ae	9dca	c.add	x27,x18	 x27:0x00000000 x18:0x00000000 x27=0x00000000
        7783000	      3791	800007b0	037281b3	mul	x3,x5,x23	  x5:0x8001ae1c x23:0x2a7f96ac  x3=0xf50962d0
        7785000	      3792	800007b4	01b7aeb3	slt	x29,x15,x27	 x15:0xffffffff x27:0x00000000 x29=0x00000001
        7879000	      3839	800007b8	0224d4b3	divu	x9,x9,x2	  x9:0xffffffff  x2:0x26bbf220  x9=0x00000006
        7881000	      3840	800007bc	08da44b7	lui	x9,0x8da4	  x9=0x08da4000
        7883000	      3841	800007c0	00598963	beq	x19,x5,800007d2	 x19:0x8001ee7c  x5:0x8001ae1c  x0=0x00000000
        7885000	      3842	800007c4	00614f33	xor	x30,x2,x6	  x2:0x26bbf220  x6:0x00000000 x30=0x26bbf220
        7895000	      3847	800007c8	ec19	c.bnez	x8,800007e6	  x8:0x000001ff
        7961000	      3880	800007e6	1864b893	sltiu	x17,x9,390	  x9:0x08da4000 x17=0x00000000
        7963000	      3881	800007ea	8ca1	c.xor	x9,x8	  x9:0x08da4000  x8:0x000001ff  x9=0x08da41ff
        7965000	      3882	800007ec	0ff0000f	fence	iorwiorwiorwiorwiorwiorwiorwiorwiorwiorwiorwiorwiorw,iorwiorwiorwiorwiorwiorwiorwiorwiorwiorwiorwiorwiorwiorw	
        7979000	      3889	800007f0	01532eb3	slt	x29,x6,x21	  x6:0x00000000 x21:0x00000000 x29=0x00000000
        7981000	      3890	800007f4	ca09	c.beqz	x12,80000806	 x12:0x000001ff
        8005000	      3902	800007f6	03b4d233	divu	x4,x9,x27	  x9:0x08da41ff x27:0x00000000  x4=0xffffffff
        8013000	      3906	800007fa	2319ab93	slti	x23,x19,561	 x19:0x8001ee7c x23=0x00000001
        8051000	      3925	800007fe	00e75933	srl	x18,x14,x14	 x14:0xffffffff x14:0xffffffff x18=0x00000001
        8053000	      3926	80000802	817ee897	auipc	x17,0x817ee	 x17=0x017ee802
        8111000	      3955	80000806	d873af13	slti	x30,x7,-633	  x7:0xc3d89000 x30=0x00000001
        8113000	      3956	8000080a	16117893	andi	x17,x2,353	  x2:0x26bbf220 x17=0x00000020
        8115000	      3957	8000080e	4ef9	c.li	x29,30	 x29=0x0000001e
        8133000	      3966	80000810	00fc6db3	or	x27,x24,x15	 x24:0xd5806954 x15:0xffffffff x27=0xffffffff
        8145000	      3972	80000814	8d85	c.sub	x11,x9	 x11:0x000001ff  x9:0x08da41ff x11=0xf725c000
        8147000	      3973	80000816	6121	c.addi16sp	x2,64	  x2:0x26bbf220  x2=0x26bbf260
        8161000	      3980	80000818	f166ca13	xori	x20,x13,-234	 x13:0x00000001 x20=0xffffff17
        8187000	      3993	8000081c	8fc9	c.or	x15,x10	 x15:0xffffffff x10:0xed7ff000 x15=0xffffffff
        8235000	      4017	8000081e	0358c633	div	x12,x17,x21	 x17:0x00000020 x21:0x00000000 x12=0xffffffff
        8281000	      4040	80000822	02c62933	mulhsu	x18,x12,x12	 x12:0xffffffff x12:0xffffffff x18=0xffffffff
        8303000	      4051	80000826	0150b0b3	sltu	x1,x1,x21	  x1:0x2a7f96ac x21:0x00000000  x1=0x00000000
        8347000	      4073	8000082a	021265b3	rem	x11,x4,x1	  x4:0xffffffff  x1:0x00000000 x11=0xffffffff
        8349000	      4074	8000082e	8eed	c.and	x13,x11	 x13:0x00000001 x11:0xffffffff x13=0x00000001
        8361000	      4080	80000830	40f154b3	sra	x9,x2,x15	  x2:0x26bbf260 x15:0xffffffff  x9=0x00000000
        8363000	      4081	80000834	0000fc33	and	x24,x1,x0	  x1:0x00000000  x0:0x00000000 x24=0x00000000
        8389000	      4094	80000838	02f403b3	mul	x7,x8,x15	  x8:0x000001ff x15:0xffffffff  x7=0xfffffe01
        8483000	      4141	8000083c	024b73b3	remu	x7,x22,x4	 x22:0x00000000  x4:0xffffffff  x7=0x00000000
        8491000	      4145	80000840	02551c33	mulh	x24,x10,x5	 x10:0xed7ff000  x5:0x8001ae1c x24=0x093fe8ea
        8495000	      4147	80000844	03c3df63	bge	x7,x28,80000882	  x7:0x00000000 x28:0x00000000  x0=0x00000000
        8623000	      4211	80000882	03fdb633	mulhu	x12,x27,x31	 x27:0xffffffff x31:0x0000d000 x12=0x0000cfff
        8625000	      4212	80000886	40eb5db3	sra	x27,x22,x14	 x22:0x00000000 x14:0xffffffff x27=0x00000000
        8627000	      4213	8000088a	8c79	c.and	x8,x14	  x8:0x000001ff x14:0xffffffff  x8=0x000001ff
        8681000	      4240	8000088c	8485	c.srai	x9,0x1	  x9:0x00000000  x9=0x00000000
        8695000	      4247	8000088e	00007697	auipc	x13,0x7	 x13=0x8000788e
        8705000	      4252	80000892	1bc68693	addi	x13,x13,444	 x13:0x8000788e x13=0x80007a4a
        8739000	      4269	80000896	02dc9633	mulh	x12,x25,x13	 x25:0x00000000 x13:0x80007a4a x12=0x00000000
        8741000	      4270	8000089a	9b7d	c.andi	x14,-1	 x14:0xffffffff x14=0xffffffff
        8749000	      4274	8000089c	0099d493	srli	x9,x19,0x9	 x19:0x8001ee7c  x9=0x004000f7
        8805000	      4302	800008a0	9156	c.add	x2,x21	  x2:0x26bbf260 x21:0x00000000  x2=0x26bbf260
        8817000	      4308	800008a2	fd868693	addi	x13,x13,-40	 x13:0x80007a4a x13=0x80007a22
        8869000	      4334	800008a6	e0748197	auipc	x3,0xe0748	  x3=0x607488a6
        8913000	      4356	800008aa	02968167	jalr	x2,41(x13)	 x13:0x80007a22  x2=0x800008ae
        8923000	      4361	80007a4a	00186263	bltu	x16,x1,80007a4e	 x16:0x00000000  x1:0x00000000  x0=0x00000000
        8925000	      4362	80007a4e	12b1	c.addi	x5,-20	  x5:0x8001ae1c  x5=0x8001ae08
        8927000	      4363	80007a50	97be	c.add	x15,x15	 x15:0xffffffff x15:0xffffffff x15=0xfffffffe
        8929000	      4364	80007a52	9c6a	c.add	x24,x26	 x24:0x093fe8ea x26:0x00000000 x24=0x093fe8ea
        8953000	      4376	80007a54	00bc3033	sltu	x0,x24,x11	 x24:0x093fe8ea x11:0xffffffff  x0=0x00000000
        8961000	      4380	80007a58	020d1e33	mulh	x28,x26,x0	 x26:0x00000000  x0:0x00000000 x28=0x00000000
        9031000	      4415	80007a5c	0022a223	sw	x2,4(x5)	  x5:0x8001ae08  x2:0x800008ae PA:0x8001ae0c store:0x800008ae load:0x800008ae
        9063000	      4431	80007a60	03392433	mulhsu	x8,x18,x19	 x18:0xffffffff x19:0x8001ee7c  x8=0xffffffff
        9073000	      4436	80007a64	03a82e33	mulhsu	x28,x16,x26	 x16:0x00000000 x26:0x00000000 x28=0x00000000
        9095000	      4447	80007a68	008fb8b3	sltu	x17,x31,x8	 x31:0x0000d000  x8:0xffffffff x17=0x00000001
        9101000	      4450	80007a6c	22f08693	addi	x13,x1,559	  x1:0x00000000 x13=0x0000022f
        9119000	      4459	80007a70	0096bbb3	sltu	x23,x13,x9	 x13:0x0000022f  x9:0x004000f7 x23=0x00000001
        9175000	      4487	80007a74	f376e713	ori	x14,x13,-201	 x13:0x0000022f x14=0xffffff3f
        9179000	      4489	80007a78	418d0433	sub	x8,x26,x24	 x26:0x00000000 x24:0x093fe8ea  x8=0xf6c01716
        9181000	      4490	80007a7c	8d55	c.or	x10,x13	 x10:0xed7ff000 x13:0x0000022f x10=0xed7ff22f
        9203000	      4501	80007a7e	400f5033	sra	x0,x30,x0	 x30:0x00000001  x0:0x00000000  x0=0x00000000
        9239000	      4519	80007a82	992f916f	jal	x2,80000c14	  x2=0x80007a86
        9243000	      4521	80000c14	0095c563	blt	x11,x9,80000c1e	 x11:0xffffffff  x9:0x004000f7  x0=0x00000000
        9303000	      4551	80000c1e	fcc28293	addi	x5,x5,-52	  x5:0x8001ae08  x5=0x8001add4
        9367000	      4583	80000c22	0022a223	sw	x2,4(x5)	  x5:0x8001add4  x2:0x80007a86 PA:0x8001add8 store:0x80007a86 load:0x80007a86
        9375000	      4587	80000c26	02cbacb3	mulhsu	x25,x23,x12	 x23:0x00000001 x12:0x00000000 x25=0x00000000
        9377000	      4588	80000c2a	2a48cc13	xori	x24,x17,676	 x17:0x00000001 x24=0x000002a5
        9401000	      4600	80000c2e	008f2433	slt	x8,x30,x8	 x30:0x00000001  x8:0xf6c01716  x8=0x00000000
        9403000	      4601	80000c32	83d5	c.srli	x15,0x15	 x15:0xfffffffe x15=0x000007ff
        9423000	      4611	80000c34	98fd	c.andi	x9,-1	  x9:0x004000f7  x9=0x004000f7
        9425000	      4612	80000c36	1b7d	c.addi	x22,-1	 x22:0x00000000 x22=0xffffffff
        9521000	      4660	80000c38	022657b3	divu	x15,x12,x2	 x12:0x00000000  x2:0x80007a86 x15=0x00000000
        9523000	      4661	80000c3c	0e8c	c.addi4spn	x11,x2,848	 x11=0x80007dd6
        9527000	      4663	80000c3e	02f0f6b3	remu	x13,x1,x15	  x1:0x00000000 x15:0x00000000 x13=0x00000000
        9529000	      4664	80000c42	cc691bb7	lui	x23,0xcc691	 x23=0xcc691000
        9531000	      4665	80000c46	0b36	c.slli	x22,0xd	 x22:0xffffffff x22=0xffffe000
        9553000	      4676	80000c48	030cce63	blt	x25,x16,80000c84	 x25:0x00000000 x16:0x00000000  x0=0x00000000
        9561000	      4680	80000c4c	4194d413	srai	x8,x9,0x19	  x9:0x004000f7  x8=0x00000000
        9569000	      4684	80000c50	8cf9	c.and	x9,x14	  x9:0x004000f7 x14:0xffffff3f  x9=0x00400037
        9571000	      4685	80000c52	8d95	c.sub	x11,x13	 x11:0x80007dd6 x13:0x00000000 x11=0x80007dd6
        9631000	      4715	80000c54	c14fce93	xori	x29,x31,-1004	 x31:0x0000d000 x29=0xffff2c14
        9635000	      4717	80000c58	03791663	bne	x18,x23,80000c84	 x18:0xffffffff x23:0xcc691000  x0=0x00000000
        9691000	      4745	80000c84	011ac263	blt	x21,x17,80000c88	 x21:0x00000000 x17:0x00000001  x0=0x00000000
        9749000	      4774	80000c88	027d5863	bge	x26,x7,80000cb8	 x26:0x00000000  x7:0x00000000  x0=0x00000000
        9785000	      4792	80000cb8	df9ac813	xori	x16,x21,-519	 x21:0x00000000 x16=0xfffffdf9
        9825000	      4812	80000cbc	02fd3bb3	mulhu	x23,x26,x15	 x26:0x00000000 x15:0x00000000 x23=0x00000000
        9829000	      4814	80000cc0	0100ed63	bltu	x1,x16,80000cda	  x1:0x00000000 x16:0xfffffdf9  x0=0x00000000
        9885000	      4842	80000cda	40b3dc33	sra	x24,x7,x11	  x7:0x00000000 x11:0x80007dd6 x24=0x00000000
        9887000	      4843	80000cde	6535	c.lui	x10,0xd	 x10=0x0000d000
        9903000	      4851	80000ce0	02ccf7b3	remu	x15,x25,x12	 x25:0x00000000 x12:0x00000000 x15=0x00000000
        9947000	      4873	80000ce4	000be833	or	x16,x23,x0	 x23:0x00000000  x0:0x00000000 x16=0x00000000
        9949000	      4874	80000ce8	014e4ab3	xor	x21,x28,x20	 x28:0x00000000 x20:0xffffff17 x21=0xffffff17
        9997000	      4898	80000cec	2155c593	xori	x11,x11,533	 x11:0x80007dd6 x11=0x80007fc3
        9999000	      4899	80000cf0	337db193	sltiu	x3,x27,823	 x27:0x00000000  x3=0x00000001
       10049000	      4924	80000cf4	e88d	c.bnez	x9,80000d26	  x9:0x00400037
       10113000	      4956	80000d26	04cd	c.addi	x9,19	  x9:0x00400037  x9=0x0040004a
       10129000	      4964	80000d28	01aed5b3	srl	x11,x29,x26	 x29:0xffff2c14 x26:0x00000000 x11=0xffff2c14
       10245000	      5022	80000d2c	02355933	divu	x18,x10,x3	 x10:0x0000d000  x3:0x00000001 x18=0x0000d000
       10247000	      5023	80000d30	6851	c.lui	x16,0x14	 x16=0x00014000
       10249000	      5024	80000d32	5dfd	c.li	x27,-1	 x27=0xffffffff
       10251000	      5025	80000d34	01ff9a13	slli	x20,x31,0x1f	 x31:0x0000d000 x20=0x00000000
       10253000	      5026	80000d38	0140deb3	srl	x29,x1,x20	  x1:0x00000000 x20:0x00000000 x29=0x00000000
       10265000	      5032	80000d3c	53a4f237	lui	x4,0x53a4f	  x4=0x53a4f000
       10355000	      5077	80000d40	03e1fcb3	remu	x25,x3,x30	  x3:0x00000001 x30:0x00000001 x25=0x00000000
       10359000	      5079	80000d44	03ad61b3	rem	x3,x26,x26	 x26:0x00000000 x26:0x00000000  x3=0x00000000
       10361000	      5080	80000d48	0001	c.addi	x0,0	  x0:0x00000000  x0=0x00000000
       10363000	      5081	80000d4a	0001	c.addi	x0,0	  x0:0x00000000  x0=0x00000000
       10365000	      5082	80000d4c	8c7d	c.and	x8,x15	  x8:0x00000000 x15:0x00000000  x8=0x00000000
       10407000	      5103	80000d4e	e997f913	andi	x18,x15,-359	 x15:0x00000000 x18=0x00000000
       10409000	      5104	80000d52	005f0833	add	x16,x30,x5	 x30:0x00000001  x5:0x8001add4 x16=0x8001add5
       10439000	      5119	80000d56	d34d3413	sltiu	x8,x26,-716	 x26:0x00000000  x8=0x00000001
       10441000	      5120	80000d5a	8f4d	c.or	x14,x11	 x14:0xffffff3f x11:0xffff2c14 x14=0xffffff3f
       10493000	      5146	80000d5c	012a	c.slli	x2,0xa	  x2:0x80007a86  x2=0x01ea1800
       10495000	      5147	80000d5e	c58d	c.beqz	x11,80000d88	 x11:0xffff2c14
       10505000	      5152	80000d60	02d89463	bne	x17,x13,80000d88	 x17:0x00000001 x13:0x00000000  x0=0x00000000
       10539000	      5169	80000d88	15692a13	slti	x20,x18,342	 x18:0x00000000 x20=0x00000001
       10573000	      5186	80000d8c	0cba	c.slli	x25,0xe	 x25:0x00000000 x25=0x00000000
       10617000	      5208	80000d8e	02d85833	divu	x16,x16,x13	 x16:0x8001add5 x13:0x00000000 x16=0xffffffff
       10619000	      5209	80000d92	286bc393	xori	x7,x23,646	 x23:0x00000000  x7=0x00000286
       10621000	      5210	80000d96	013be3b3	or	x7,x23,x19	 x23:0x00000000 x19:0x8001ee7c  x7=0x8001ee7c
       10657000	      5228	80000d9a	e3507b93	andi	x23,x0,-459	  x0:0x00000000 x23=0x00000000
       10667000	      5233	80000d9e	41650133	sub	x2,x10,x22	 x10:0x0000d000 x22:0xffffe000  x2=0x0000f000
       10707000	      5253	80000da2	4b6c1117	auipc	x2,0x4b6c1	  x2=0xcb6c1da2
       10709000	      5254	80000da6	0001	c.addi	x0,0	  x0:0x00000000  x0=0x00000000
       10719000	      5259	80000da8	02691db3	mulh	x27,x18,x6	 x18:0x00000000  x6:0x00000000 x27=0x00000000
       10757000	      5278	80000dac	03589d63	bne	x17,x21,80000de6	 x17:0x00000001 x21:0xffffff17  x0=0x00000000
       10875000	      5337	80000de6	03455db3	divu	x27,x10,x20	 x10:0x0000d000 x20:0x00000001 x27=0x0000d000
       10877000	      5338	80000dea	dc3e3213	sltiu	x4,x28,-573	 x28:0x00000000  x4=0x00000001
       10879000	      5339	80000dee	717d	c.addi16sp	x2,-16	  x2:0xcb6c1da2  x2=0xcb6c1d92
       10881000	      5340	80000df0	d78d3513	sltiu	x10,x26,-648	 x26:0x00000000 x10=0x00000001
       11003000	      5401	80000df4	02b5c833	div	x16,x11,x11	 x11:0xffff2c14 x11:0xffff2c14 x16=0x00000001
       11005000	      5402	80000df8	0025e263	bltu	x11,x2,80000dfc	 x11:0xffff2c14  x2:0xcb6c1d92  x0=0x00000000
       11007000	      5403	80000dfc	22121e97	auipc	x29,0x22121	 x29=0xa2121dfc
       11009000	      5404	80000e00	6161	c.addi16sp	x2,80	  x2:0xcb6c1d92  x2=0xcb6c1de2
       11025000	      5412	80000e02	280d2a13	slti	x20,x26,640	 x26:0x00000000 x20=0x00000001
       11087000	      5443	80000e06	05e94363	blt	x18,x30,80000e4c	 x18:0x00000000 x30:0x00000001  x0=0x00000000
       11131000	      5465	80000e4c	99fd	c.andi	x11,-1	 x11:0xffff2c14 x11=0xffff2c14
       11145000	      5472	80000e4e	03142433	mulhsu	x8,x8,x17	  x8:0x00000001 x17:0x00000001  x8=0x00000000
       11179000	      5489	80000e52	4124d193	srai	x3,x9,0x12	  x9:0x0040004a  x3=0x00000010
       11181000	      5490	80000e56	8e11	c.sub	x12,x12	 x12:0x00000000 x12:0x00000000 x12=0x00000000
       11183000	      5491	80000e58	8fed	c.and	x15,x11	 x15:0x00000000 x11:0xffff2c14 x15=0x00000000
       11219000	      5509	80000e5a	00cf7433	and	x8,x30,x12	 x30:0x00000001 x12:0x00000000  x8=0x00000000
       11229000	      5514	80000e5e	00ee5733	srl	x14,x28,x14	 x28:0x00000000 x14:0xffffff3f x14=0x00000000
       11231000	      5515	80000e62	01bd8733	add	x14,x27,x27	 x27:0x0000d000 x27:0x0000d000 x14=0x0001a000
       11233000	      5516	80000e66	41815d13	srai	x26,x2,0x18	  x2:0xcb6c1de2 x26=0xffffffcb
       11261000	      5530	80000e6a	00ab1f93	slli	x31,x22,0xa	 x22:0xffffe000 x31=0xff800000
       11279000	      5539	80000e6e	01486533	or	x10,x16,x20	 x16:0x00000001 x20:0x00000001 x10=0x00000001
       11353000	      5576	80000e72	022dd033	divu	x0,x27,x2	 x27:0x0000d000  x2:0xcb6c1de2  x0=0x00000000
       11355000	      5577	80000e76	01621593	slli	x11,x4,0x16	  x4:0x00000001 x11=0x00400000
       11359000	      5579	80000e7a	05171663	bne	x14,x17,80000ec6	 x14:0x0001a000 x17:0x00000001  x0=0x00000000
       11389000	      5594	80000ec6	8c81	c.sub	x9,x8	  x9:0x0040004a  x8:0x00000000  x9=0x0040004a
       11393000	      5596	80000ec8	01fc1c63	bne	x24,x31,80000ee0	 x24:0x00000000 x31:0xff800000  x0=0x00000000
       11397000	      5598	80000ee0	f6bc0e93	addi	x29,x24,-149	 x24:0x00000000 x29=0xffffff6b
       11399000	      5599	80000ee4	9536	c.add	x10,x13	 x10:0x00000001 x13:0x00000000 x10=0x00000001
       11429000	      5614	80000ee6	01ede563	bltu	x27,x30,80000ef0	 x27:0x0000d000 x30:0x00000001  x0=0x00000000
       11431000	      5615	80000eea	41e106b3	sub	x13,x2,x30	  x2:0xcb6c1de2 x30:0x00000001 x13=0xcb6c1de1
       11433000	      5616	80000eee	9a7d	c.andi	x12,-1	 x12:0x00000000 x12=0x00000000
       11449000	      5624	80000ef0	037b1133	mulh	x2,x22,x23	 x22:0xffffe000 x23:0x00000000  x2=0x00000000
       11459000	      5629	80000ef4	020af563	bgeu	x21,x0,80000f1e	 x21:0xffffff17  x0:0x00000000  x0=0x00000000
       11549000	      5674	80000ef8	03114eb3	div	x29,x2,x17	  x2:0x00000000 x17:0x00000001 x29=0x00000000
       11551000	      5675	80000efc	013f4933	xor	x18,x30,x19	 x30:0x00000001 x19:0x8001ee7c x18=0x8001ee7d
       11553000	      5676	80000f00	ce292f93	slti	x31,x18,-798	 x18:0x8001ee7d x31=0x00000001
       11561000	      5680	80000f04	03232e33	mulhsu	x28,x6,x18	  x6:0x00000000 x18:0x8001ee7d x28=0x00000000
       11573000	      5686	80000f08	0809	c.addi	x16,2	 x16:0x00000001 x16=0x00000003
       11595000	      5697	80000f0a	03cc9ab3	mulh	x21,x25,x28	 x25:0x00000000 x28:0x00000000 x21=0x00000000
       11631000	      5715	80000f0e	00ca4933	xor	x18,x20,x12	 x20:0x00000001 x12:0x00000000 x18=0x00000001
       11633000	      5716	80000f12	119d2113	slti	x2,x26,281	 x26:0xffffffcb  x2=0x00000001
       11635000	      5717	80000f16	0001	c.addi	x0,0	  x0:0x00000000  x0=0x00000000
       11637000	      5718	80000f18	976a	c.add	x14,x26	 x14:0x0001a000 x26:0xffffffcb x14=0x00019fcb
       11653000	      5726	80000f1a	41530933	sub	x18,x6,x21	  x6:0x00000000 x21:0x00000000 x18=0x00000000
       11655000	      5727	80000f1e	8e7a	c.mv	x28,x30	  x0:0x00000000 x30:0x00000001 x28=0x00000001
       11659000	      5729	80000f20	4e89	c.li	x29,2	 x29=0x00000002
       11733000	      5766	80000f22	031c6133	rem	x2,x24,x17	 x24:0x00000000 x17:0x00000001  x2=0x00000000
       11737000	      5768	80000f26	ef1d	c.bnez	x14,80000f64	 x14:0x00019fcb
       11749000	      5774	80000f64	c0a64693	xori	x13,x12,-1014	 x12:0x00000000 x13=0xfffffc0a
       11769000	      5784	80000f68	8d5d	c.or	x10,x15	 x10:0x00000001 x15:0x00000000 x10=0x00000001
       11815000	      5807	80000f6a	41610a33	sub	x20,x2,x22	  x2:0x00000000 x22:0xffffe000 x20=0x00002000
       11817000	      5808	80000f6e	04477063	bgeu	x14,x4,80000fae	 x14:0x00019fcb  x4:0x00000001  x0=0x00000000
       11819000	      5809	80000f72	8d05	c.sub	x10,x9	 x10:0x00000001  x9:0x0040004a x10=0xffbfffb7
       11825000	      5812	80000f74	0001	c.addi	x0,0	  x0:0x00000000  x0=0x00000000
       11827000	      5813	80000f76	8fe5	c.and	x15,x9	 x15:0x00000000  x9:0x0040004a x15=0x00000000
       11885000	      5842	80000f78	d1804e13	xori	x28,x0,-744	  x0:0x00000000 x28=0xfffffd18
       11887000	      5843	80000f7c	0db34a13	xori	x20,x6,219	  x6:0x00000000 x20=0x000000db
       11899000	      5849	80000f80	8cf1	c.and	x9,x12	  x9:0x0040004a x12:0x00000000  x9=0x00000000
       11901000	      5850	80000f82	55fd	c.li	x11,-1	 x11=0xffffffff
       11909000	      5854	80000f84	1afd	c.addi	x21,-1	 x21:0x00000000 x21=0xffffffff
       11911000	      5855	80000f86	8eed	c.and	x13,x11	 x13:0xfffffc0a x11:0xffffffff x13=0xfffffc0a
       11971000	      5885	80000f88	017c0233	add	x4,x24,x23	 x24:0x00000000 x23:0x00000000  x4=0x00000000
       11973000	      5886	80000f8c	8f8aef97	auipc	x31,0x8f8ae	 x31=0x0f8aef8c
       11999000	      5899	80000f90	4076de13	srai	x28,x13,0x7	 x13:0xfffffc0a x28=0xfffffff8
       12021000	      5910	80000f94	01b75013	srli	x0,x14,0x1b	 x14:0x00019fcb  x0=0x00000000
       12025000	      5912	80000f98	004a9113	slli	x2,x21,0x4	 x21:0xffffffff  x2=0xfffffff0
       12063000	      5931	80000f9c	007a5633	srl	x12,x20,x7	 x20:0x000000db  x7:0x8001ee7c x12=0x00000000
       12079000	      5939	80000fa0	01995093	srli	x1,x18,0x19	 x18:0x00000000  x1=0x00000000
       12081000	      5940	80000fa4	006e5e63	bge	x28,x6,80000fc0	 x28:0xfffffff8  x6:0x00000000  x0=0x00000000
       12085000	      5942	80000fa8	027dff63	bgeu	x27,x7,80000fe6	 x27:0x0000d000  x7:0x8001ee7c  x0=0x00000000
       12103000	      5951	80000fac	858d	c.srai	x11,0x3	 x11:0xffffffff x11=0xffffffff
       12105000	      5952	80000fae	517d	c.li	x2,-1	  x2=0xffffffff
       12107000	      5953	80000fb0	717d	c.addi16sp	x2,-16	  x2:0xffffffff  x2=0xffffffef
       12109000	      5954	80000fb2	01c25ab3	srl	x21,x4,x28	  x4:0x00000000 x28:0xfffffff8 x21=0x00000000
       12111000	      5955	80000fb6	011ecbb3	xor	x23,x29,x17	 x29:0x00000002 x17:0x00000001 x23=0x00000003
       12137000	      5968	80000fba	023207b3	mul	x15,x4,x3	  x4:0x00000000  x3:0x00000010 x15=0x00000000
       12139000	      5969	80000fbe	8295	c.srli	x13,0x5	 x13:0xfffffc0a x13=0x07ffffe0
       12141000	      5970	80000fc0	83bd	c.srli	x15,0xf	 x15:0x00000000 x15=0x00000000
       12249000	      6024	80000fc2	03f6ff33	remu	x30,x13,x31	 x13:0x07ffffe0 x31:0x0f8aef8c x30=0x07ffffe0
       12251000	      6025	80000fc6	18d5cf93	xori	x31,x11,397	 x11:0xffffffff x31=0xfffffe72
       12253000	      6026	80000fca	1e18	c.addi4spn	x14,x2,816	 x14=0x0000031f
       12255000	      6027	80000fcc	40725893	srai	x17,x4,0x7	  x4:0x00000000 x17=0x00000000
       12275000	      6037	80000fd0	8c41	c.or	x8,x8	  x8:0x00000000  x8:0x00000000  x8=0x00000000
       12279000	      6039	80000fd2	02845a33	divu	x20,x8,x8	  x8:0x00000000  x8:0x00000000 x20=0xffffffff
       12303000	      6051	80000fd6	021bfa63	bgeu	x23,x1,8000100a	 x23:0x00000003  x1:0x00000000  x0=0x00000000
       12335000	      6067	80000fda	008bcb63	blt	x23,x8,80000ff0	 x23:0x00000003  x8:0x00000000  x0=0x00000000
       12345000	      6072	80000fde	ec8b6413	ori	x8,x22,-312	 x22:0xffffe000  x8=0xfffffec8
       12393000	      6096	80000fe2	56f998b7	lui	x17,0x56f99	 x17=0x56f99000
       12401000	      6100	80000fe6	0222a133	mulhsu	x2,x5,x2	  x5:0x8001add4  x2:0xffffffef  x2=0x8001addc
       12403000	      6101	80000fea	83ad	c.srli	x15,0xb	 x15:0x00000000 x15=0x00000000
       12437000	      6118	80000fec	03e22233	mulhsu	x4,x4,x30	  x4:0x00000000 x30:0x07ffffe0  x4=0x00000000
       12439000	      6119	80000ff0	87a5	c.srai	x15,0x9	 x15:0x00000000 x15=0x00000000
       12441000	      6120	80000ff2	000e7e63	bgeu	x28,x0,8000100e	 x28:0xfffffff8  x0:0x00000000  x0=0x00000000
       12453000	      6126	80000ff6	0027b833	sltu	x16,x15,x2	 x15:0x00000000  x2:0x8001addc x16=0x00000001
       12467000	      6133	80000ffa	00916a63	bltu	x2,x9,8000100e	  x2:0x8001addc  x9:0x00000000  x0=0x00000000
       12489000	      6144	80000ffe	0c3fe513	ori	x10,x31,195	 x31:0xfffffe72 x10=0xfffffef3
       12515000	      6157	80001002	013d5113	srli	x2,x26,0x13	 x26:0xffffffcb  x2=0x00001fff
       12517000	      6158	80001006	8c91	c.sub	x9,x12	  x9:0x00000000 x12:0x00000000  x9=0x00000000
       12533000	      6166	80001008	8fc9	c.or	x15,x10	 x15:0x00000000 x10:0xfffffef3 x15=0xfffffef3
       12535000	      6167	8000100a	0d4a	c.slli	x26,0x12	 x26:0xffffffcb x26=0xff2c0000
       12547000	      6173	8000100c	8d72	c.mv	x26,x28	  x0:0x00000000 x28:0xfffffff8 x26=0xfffffff8
       12575000	      6187	8000100e	0232a3b3	mulhsu	x7,x5,x3	  x5:0x8001add4  x3:0x00000010  x7=0xfffffff8
       12593000	      6196	80001012	039d10b3	mulh	x1,x26,x25	 x26:0xfffffff8 x25:0x00000000  x1=0x00000000
       12599000	      6199	80001016	27f1a113	slti	x2,x3,639	  x3:0x00000010  x2=0x00000001
       12601000	      6200	8000101a	8ed5	c.or	x13,x13	 x13:0x07ffffe0 x13:0x07ffffe0 x13=0x07ffffe0
       12643000	      6221	8000101c	83f1	c.srli	x15,0x1c	 x15:0xfffffef3 x15=0x0000000f
       12645000	      6222	8000101e	8469	c.srai	x8,0x1a	  x8:0xfffffec8  x8=0xffffffff
       12649000	      6224	80001020	01659263	bne	x11,x22,80001024	 x11:0xffffffff x22:0xffffe000  x0=0x00000000
       12677000	      6238	80001024	0001	c.addi	x0,0	  x0:0x00000000  x0=0x00000000
       12679000	      6239	80001026	8ccd	c.or	x9,x11	  x9:0x00000000 x11:0xffffffff  x9=0xffffffff
       12689000	      6244	80001028	8d61	c.and	x10,x8	 x10:0xfffffef3  x8:0xffffffff x10=0xfffffef3
       12691000	      6245	8000102a	f24ee117	auipc	x2,0xf24ee	  x2=0x724ef02a
       12735000	      6267	8000102e	01cdd6b3	srl	x13,x27,x28	 x27:0x0000d000 x28:0xfffffff8 x13=0x00000000
       12737000	      6268	80001032	00eeae33	slt	x28,x29,x14	 x29:0x00000002 x14:0x0000031f x28=0x00000001
       12747000	      6273	80001036	0ff0000f	fence	iorwiorwiorwiorwiorwiorwiorwiorwiorwiorwiorwiorwiorwiorwiorw,iorwiorwiorwiorwiorwiorwiorwiorwiorwiorwiorwiorwiorwiorwiorwiorw	
       12759000	      6279	8000103a	038833b3	mulhu	x7,x16,x24	 x16:0x00000001 x24:0x00000000  x7=0x00000000
       12761000	      6280	8000103e	9b6e	c.add	x22,x27	 x22:0xffffe000 x27:0x0000d000 x22=0x0000b000
       12811000	      6305	80001040	03f437b3	mulhu	x15,x8,x31	  x8:0xffffffff x31:0xfffffe72 x15=0xfffffe71
       12843000	      6321	80001044	01496ab3	or	x21,x18,x20	 x18:0x00000000 x20:0xffffffff x21=0xffffffff
       12845000	      6322	80001048	03e1f863	bgeu	x3,x30,80001078	  x3:0x00000010 x30:0x07ffffe0  x0=0x00000000
       12877000	      6338	8000104c	0357b033	mulhu	x0,x15,x21	 x15:0xfffffe71 x21:0xffffffff  x0=0x00000000
       12905000	      6352	80001050	035e9a63	bne	x29,x21,80001084	 x29:0x00000002 x21:0xffffffff  x0=0x00000000
       12967000	      6383	80001084	60e5	c.lui	x1,0x19	  x1=0x00019000
       12971000	      6385	80001086	02d77ab3	remu	x21,x14,x13	 x14:0x0000031f x13:0x00000000 x21=0x0000031f
       12975000	      6387	8000108a	ce09	c.beqz	x12,800010a4	 x12:0x00000000
       13007000	      6403	800010a4	0ff0000f	fence	iorwiorwiorwiorwiorwiorwiorwiorwiorwiorwiorwiorwiorwiorwiorwiorwiorw,iorwiorwiorwiorwiorwiorwiorwiorwiorwiorwiorwiorwiorwiorwiorwiorwiorwiorw	
       13017000	      6408	800010a8	cc8d	c.beqz	x9,800010e2	  x9:0xffffffff
       13019000	      6409	800010aa	01b9	c.addi	x3,14	  x3:0x00000010  x3=0x0000001e
       13077000	      6438	800010ac	3ab20c13	addi	x24,x4,939	  x4:0x00000000 x24=0x000003ab
       13097000	      6448	800010b0	009ac563	blt	x21,x9,800010ba	 x21:0x0000031f  x9:0xffffffff  x0=0x00000000
       13187000	      6493	800010b4	03f9c833	div	x16,x19,x31	 x19:0x8001ee7c x31:0xfffffe72 x16=0x005253a9
       13189000	      6494	800010b8	83fe	c.mv	x7,x31	  x0:0x00000000 x31:0xfffffe72  x7=0xfffffe72
       13191000	      6495	800010ba	cf1cfa13	andi	x20,x25,-783	 x25:0x00000000 x20=0x00000000
       13193000	      6496	800010be	8e61	c.and	x12,x8	 x12:0x00000000  x8:0xffffffff x12=0x00000000
       13195000	      6497	800010c0	403983b3	sub	x7,x19,x3	 x19:0x8001ee7c  x3:0x0000001e  x7=0x8001ee5e
       13203000	      6501	800010c4	0324a6b3	mulhsu	x13,x9,x18	  x9:0xffffffff x18:0x00000000 x13=0x00000000
       13205000	      6502	800010c8	0eb1	c.addi	x29,12	 x29:0x00000002 x29=0x0000000e
       13207000	      6503	800010ca	8ff1	c.and	x15,x12	 x15:0xfffffe71 x12:0x00000000 x15=0x00000000
       13233000	      6516	800010cc	c31d	c.beqz	x14,800010f2	 x14:0x0000031f
       13235000	      6517	800010ce	6139	c.addi16sp	x2,448	  x2:0x724ef02a  x2=0x724ef1ea
       13245000	      6522	800010d0	03f88e63	beq	x17,x31,8000110c	 x17:0x56f99000 x31:0xfffffe72  x0=0x00000000
       13247000	      6523	800010d4	8a21	c.andi	x12,8	 x12:0x00000000 x12=0x00000000
       13249000	      6524	800010d6	8c99	c.sub	x9,x14	  x9:0xffffffff x14:0x0000031f  x9=0xfffffce0
       13309000	      6554	800010d8	0001	c.addi	x0,0	  x0:0x00000000  x0=0x00000000
       13423000	      6611	800010da	0309ee33	rem	x28,x19,x16	 x19:0x8001ee7c x16:0x005253a9 x28=0xffffff3a
       13425000	      6612	800010de	0ff0000f	fence	iorwiorwiorwiorwiorwiorwiorwiorwiorwiorwiorwiorwiorwiorwiorwiorwiorwiorwiorw,iorwiorwiorwiorwiorwiorwiorwiorwiorwiorwiorwiorwiorwiorwiorwiorwiorwiorwiorwiorw	
       13427000	      6613	800010e2	9cae	c.add	x25,x11	 x25:0x00000000 x11:0xffffffff x25=0xffffffff
       13429000	      6614	800010e4	01c5e133	or	x2,x11,x28	 x11:0xffffffff x28:0xffffff3a  x2=0xffffffff
       13439000	      6619	800010e8	00b14833	xor	x16,x2,x11	  x2:0xffffffff x11:0xffffffff x16=0x00000000
       13443000	      6621	800010ec	81cd	c.srli	x11,0x13	 x11:0xffffffff x11=0x00001fff
       13477000	      6638	800010ee	b0313a97	auipc	x21,0xb0313	 x21=0x303140ee
       13481000	      6640	800010f2	c219	c.beqz	x12,800010f8	 x12:0x00000000
       13543000	      6671	800010f8	02d2f463	bgeu	x5,x13,80001120	  x5:0x8001add4 x13:0x00000000  x0=0x00000000
       13553000	      6676	800010fc	8e91	c.sub	x13,x12	 x13:0x00000000 x12:0x00000000 x13=0x00000000
       13555000	      6677	800010fe	837d	c.srli	x14,0x1f	 x14:0x0000031f x14=0x00000000
       13571000	      6685	80001100	c715	c.beqz	x14,8000112c	 x14:0x00000000
       13629000	      6714	8000112c	c405	c.beqz	x8,80001154	  x8:0xffffffff
       13637000	      6718	8000112e	cc4e4593	xori	x11,x28,-828	 x28:0xffffff3a x11=0x000003fe
       13653000	      6726	80001132	e4c465b7	lui	x11,0xe4c46	 x11=0xe4c46000
       13655000	      6727	80001136	8d61	c.and	x10,x8	 x10:0xfffffef3  x8:0xffffffff x10=0xfffffef3
       13673000	      6736	80001138	6aad	c.lui	x21,0xb	 x21=0x0000b000
       13683000	      6741	8000113a	d7a08493	addi	x9,x1,-646	  x1:0x00019000  x9=0x00018d7a
       13695000	      6747	8000113e	40d3df93	srai	x31,x7,0xd	  x7:0x8001ee5e x31=0xfffc000f
       13703000	      6751	80001142	03332f33	mulhsu	x30,x6,x19	  x6:0x00000000 x19:0x8001ee7c x30=0x00000000
       13705000	      6752	80001146	84d5	c.srai	x9,0x15	  x9:0x00018d7a  x9=0x00000000
       13743000	      6771	80001148	fbc58093	addi	x1,x11,-68	 x11:0xe4c46000  x1=0xe4c45fbc
       13745000	      6772	8000114c	00b80f33	add	x30,x16,x11	 x16:0x00000000 x11:0xe4c46000 x30=0xe4c46000
       13747000	      6773	80001150	ca5e8237	lui	x4,0xca5e8	  x4=0xca5e8000
       13765000	      6782	80001154	8331	c.srli	x14,0xc	 x14:0x00000000 x14=0x00000000
       13771000	      6785	80001156	4189d193	srai	x3,x19,0x18	 x19:0x8001ee7c  x3=0xffffff80
       13809000	      6804	8000115a	21edf413	andi	x8,x27,542	 x27:0x0000d000  x8=0x00000000
       13811000	      6805	8000115e	8df9	c.and	x11,x14	 x11:0xe4c46000 x14:0x00000000 x11=0x00000000
       13813000	      6806	80001160	02297563	bgeu	x18,x2,8000118a	 x18:0x00000000  x2:0xffffffff  x0=0x00000000
       13831000	      6815	80001164	8f89	c.sub	x15,x10	 x15:0x00000000 x10:0xfffffef3 x15=0x0000010d
       13865000	      6832	80001166	03fa1063	bne	x20,x31,80001186	 x20:0x00000000 x31:0xfffc000f  x0=0x00000000
       13941000	      6870	80001186	0036efb3	or	x31,x13,x3	 x13:0x00000000  x3:0xffffff80 x31=0xffffff80
       13943000	      6871	8000118a	1b14	c.addi4spn	x13,x2,432	 x13=0x000001af
       13959000	      6879	8000118c	8d55	c.or	x10,x13	 x10:0xfffffef3 x13:0x000001af x10=0xffffffff
       13961000	      6880	8000118e	0d95	c.addi	x27,5	 x27:0x0000d000 x27=0x0000d005
       13963000	      6881	80001190	fc950537	lui	x10,0xfc950	 x10=0xfc950000
       14011000	      6905	80001194	11fd	c.addi	x3,-1	  x3:0xffffff80  x3=0xffffff7f
       14035000	      6917	80001196	02d29033	mulh	x0,x5,x13	  x5:0x8001add4 x13:0x000001af  x0=0x00000000
       14043000	      6921	8000119a	03443cb3	mulhu	x25,x8,x20	  x8:0x00000000 x20:0x00000000 x25=0x00000000
       14045000	      6922	8000119e	02c20863	beq	x4,x12,800011ce	  x4:0xca5e8000 x12:0x00000000  x0=0x00000000
       14055000	      6927	800011a2	02c3b633	mulhu	x12,x7,x12	  x7:0x8001ee5e x12:0x00000000 x12=0x00000000
       14061000	      6930	800011a6	01de1e63	bne	x28,x29,800011c2	 x28:0xffffff3a x29:0x0000000e  x0=0x00000000
       14165000	      6982	800011c2	01084f33	xor	x30,x16,x16	 x16:0x00000000 x16:0x00000000 x30=0x00000000
       14167000	      6983	800011c6	6246a837	lui	x16,0x6246a	 x16=0x6246a000
       14169000	      6984	800011ca	5c7d	c.li	x24,-1	 x24=0xffffffff
       14189000	      6994	800011cc	953e	c.add	x10,x15	 x10:0xfc950000 x15:0x0000010d x10=0xfc95010d
       14191000	      6995	800011ce	8d8a	c.mv	x27,x2	  x0:0x00000000  x2:0xffffffff x27=0xffffffff
       14211000	      7005	800011d0	14392693	slti	x13,x18,323	 x18:0x00000000 x13=0x00000001
       14213000	      7006	800011d4	40ed5f13	srai	x30,x26,0xe	 x26:0xfffffff8 x30=0xffffffff
       14215000	      7007	800011d8	0001	c.addi	x0,0	  x0:0x00000000  x0=0x00000000
       14239000	      7019	800011da	0209f233	remu	x4,x19,x0	 x19:0x8001ee7c  x0:0x00000000  x4=0x8001ee7c
       14243000	      7021	800011de	02ed9563	bne	x27,x14,80001208	 x27:0xffffffff x14:0x00000000  x0=0x00000000
       14293000	      7046	80001208	0e40cf13	xori	x30,x1,228	  x1:0xe4c45fbc x30=0xe4c45f58
       14329000	      7064	8000120c	005cda63	bge	x25,x5,80001220	 x25:0x00000000  x5:0x8001add4  x0=0x00000000
       14351000	      7075	80001210	022c9ab3	mulh	x21,x25,x2	 x25:0x00000000  x2:0xffffffff x21=0x00000000
       14387000	      7093	80001214	414903b3	sub	x7,x18,x20	 x18:0x00000000 x20:0x00000000  x7=0x00000000
       14429000	      7114	80001218	41a1d0b3	sra	x1,x3,x26	  x3:0xffffff7f x26:0xfffffff8  x1=0xffffffff
       14431000	      7115	8000121c	34f36693	ori	x13,x6,847	  x6:0x00000000 x13=0x0000034f
       14519000	      7159	80001220	03896033	rem	x0,x18,x24	 x18:0x00000000 x24:0xffffffff  x0=0x00000000
       14523000	      7161	80001224	0272dfb3	divu	x31,x5,x7	  x5:0x8001add4  x7:0x00000000 x31=0xffffffff
       14537000	      7168	80001228	5bfd	c.li	x23,-1	 x23=0xffffffff
       14539000	      7169	8000122a	0001	c.addi	x0,0	  x0:0x00000000  x0=0x00000000
       14541000	      7170	8000122c	0001	c.addi	x0,0	  x0:0x00000000  x0=0x00000000
       14543000	      7171	8000122e	857d	c.srai	x10,0x1f	 x10:0xfc95010d x10=0xffffffff
       14545000	      7172	80001230	003d8733	add	x14,x27,x3	 x27:0xffffffff  x3:0xffffff7f x14=0xffffff7e
       14547000	      7173	80001234	01cbd033	srl	x0,x23,x28	 x23:0xffffffff x28:0xffffff3a  x0=0x00000000
       14577000	      7188	80001238	0163acb3	slt	x25,x7,x22	  x7:0x00000000 x22:0x0000b000 x25=0x00000001
       14605000	      7202	8000123c	0275be33	mulhu	x28,x11,x7	 x11:0x00000000  x7:0x00000000 x28=0x00000000
       14611000	      7205	80001240	4120d893	srai	x17,x1,0x12	  x1:0xffffffff x17=0xffffffff
       14631000	      7215	80001244	0001	c.addi	x0,0	  x0:0x00000000  x0=0x00000000
       14639000	      7219	80001246	e4584193	xori	x3,x16,-443	 x16:0x6246a000  x3=0x9db95e45
       14651000	      7225	8000124a	01c3c5b3	xor	x11,x7,x28	  x7:0x00000000 x28:0x00000000 x11=0x00000000
       14663000	      7231	8000124e	025b4763	blt	x22,x5,8000127c	 x22:0x0000b000  x5:0x8001add4  x0=0x00000000
       14665000	      7232	80001252	8de5	c.and	x11,x9	 x11:0x00000000  x9:0x00000000 x11=0x00000000
       14667000	      7233	80001254	00ad9cb3	sll	x25,x27,x10	 x27:0xffffffff x10:0xffffffff x25=0x80000000
       14689000	      7244	80001258	e3b1	c.bnez	x15,8000129c	 x15:0x0000010d
       14741000	      7270	8000129c	3e0f8b93	addi	x23,x31,992	 x31:0xffffffff x23=0x000003df
       14753000	      7276	800012a0	8d49	c.or	x10,x10	 x10:0xffffffff x10:0xffffffff x10=0xffffffff
       14755000	      7277	800012a2	40630ab3	sub	x21,x6,x6	  x6:0x00000000  x6:0x00000000 x21=0x00000000
       14881000	      7340	800012a6	03f6dd33	divu	x26,x13,x31	 x13:0x0000034f x31:0xffffffff x26=0x00000000
       14887000	      7343	800012aa	031c0733	mul	x14,x24,x17	 x24:0xffffffff x17:0xffffffff x14=0x00000001
       14889000	      7344	800012ae	0001	c.addi	x0,0	  x0:0x00000000  x0=0x00000000
       14895000	      7347	800012b0	03be00b3	mul	x1,x28,x27	 x28:0x00000000 x27:0xffffffff  x1=0x00000000
       14901000	      7350	800012b4	028b8733	mul	x14,x23,x8	 x23:0x000003df  x8:0x00000000 x14=0x00000000
       14943000	      7371	800012b8	ed09	c.bnez	x10,800012d2	 x10:0xffffffff
       15023000	      7411	800012d2	8605	c.srai	x12,0x1	 x12:0x00000000 x12=0x00000000
       15059000	      7429	800012d4	0294d563	bge	x9,x9,800012fe	  x9:0x00000000  x9:0x00000000  x0=0x00000000
       15103000	      7451	800012fe	00bfca33	xor	x20,x31,x11	 x31:0xffffffff x11:0x00000000 x20=0xffffffff
       15105000	      7452	80001302	8936	c.mv	x18,x13	  x0:0x00000000 x13:0x0000034f x18=0x0000034f
       15107000	      7453	80001304	005b0033	add	x0,x22,x5	 x22:0x0000b000  x5:0x8001add4  x0=0x00000000
       15133000	      7466	80001308	02b626b3	mulhsu	x13,x12,x11	 x12:0x00000000 x11:0x00000000 x13=0x00000000
       15149000	      7474	8000130c	004a8eb3	add	x29,x21,x4	 x21:0x00000000  x4:0x8001ee7c x29=0x8001ee7c
       15151000	      7475	80001310	0ff0000f	fence	iorwiorwiorwiorwiorwiorwiorwiorwiorwiorwiorwiorwiorwiorwiorwiorwiorwiorwiorwiorwiorw,iorwiorwiorwiorwiorwiorwiorwiorwiorwiorwiorwiorwiorwiorwiorwiorwiorwiorwiorwiorwiorwiorw	
       15153000	      7476	80001314	017a8c63	beq	x21,x23,8000132c	 x21:0x00000000 x23:0x000003df  x0=0x00000000
       15155000	      7477	80001318	4009d693	srai	x13,x19,0x0	 x19:0x8001ee7c x13=0x8001ee7c
       15237000	      7518	8000131c	03f27033	remu	x0,x4,x31	  x4:0x8001ee7c x31:0xffffffff  x0=0x00000000
       15239000	      7519	80001320	e585	c.bnez	x11,80001348	 x11:0x00000000
       15241000	      7520	80001322	01e03db3	sltu	x27,x0,x30	  x0:0x00000000 x30:0xe4c45f58 x27=0x00000001
       15243000	      7521	80001326	0001	c.addi	x0,0	  x0:0x00000000  x0=0x00000000
       15245000	      7522	80001328	d75bba93	sltiu	x21,x23,-651	 x23:0x000003df x21=0x00000001
       15263000	      7531	8000132c	8fe1	c.and	x15,x8	 x15:0x0000010d  x8:0x00000000 x15=0x00000000
       15269000	      7534	8000132e	0ff0000f	fence	iorwiorwiorwiorwiorwiorwiorwiorwiorwiorwiorwiorwiorwiorwiorwiorwiorwiorwiorwiorwiorwiorwiorw,iorwiorwiorwiorwiorwiorwiorwiorwiorwiorwiorwiorwiorwiorwiorwiorwiorwiorwiorwiorwiorwiorwiorwiorw	
       15271000	      7535	80001332	e30d	c.bnez	x14,80001354	 x14:0x00000000
       15291000	      7545	80001334	56fd	c.li	x13,-1	 x13=0xffffffff
       15295000	      7547	80001336	01794913	xori	x18,x18,23	 x18:0x0000034f x18=0x00000358
       15297000	      7548	8000133a	8c3d	c.xor	x8,x15	  x8:0x00000000 x15:0x00000000  x8=0x00000000
       15299000	      7549	8000133c	717d	c.addi16sp	x2,-16	  x2:0xffffffff  x2=0xffffffef
       15345000	      7572	8000133e	01f6c433	xor	x8,x13,x31	 x13:0xffffffff x31:0xffffffff  x8=0x00000000
       15347000	      7573	80001342	9c2a	c.add	x24,x10	 x24:0xffffffff x10:0xffffffff x24=0xfffffffe
       15363000	      7581	80001344	6111	c.addi16sp	x2,256	  x2:0xffffffef  x2=0x000000ef
       15365000	      7582	80001346	8e6d	c.and	x12,x11	 x12:0x00000000 x11:0x00000000 x12=0x00000000
       15465000	      7632	80001348	03037033	remu	x0,x6,x16	  x6:0x00000000 x16:0x6246a000  x0=0x00000000
       15467000	      7633	8000134c	05be	c.slli	x11,0xf	 x11:0x00000000 x11=0x00000000
       15469000	      7634	8000134e	87a5	c.srai	x15,0x9	 x15:0x00000000 x15=0x00000000
       15471000	      7635	80001350	0caf4593	xori	x11,x30,202	 x30:0xe4c45f58 x11=0xe4c45f92
       15473000	      7636	80001354	eb85	c.bnez	x15,80001384	 x15:0x00000000
       15499000	      7649	80001356	027f5133	divu	x2,x30,x7	 x30:0xe4c45f58  x7:0x00000000  x2=0xffffffff
       15501000	      7650	8000135a	8e09	c.sub	x12,x10	 x12:0x00000000 x10:0xffffffff x12=0x00000001
       15503000	      7651	8000135c	8e0e	c.mv	x28,x3	  x0:0x00000000  x3:0x9db95e45 x28=0x9db95e45
       15543000	      7671	8000135e	02e14db3	div	x27,x2,x14	  x2:0xffffffff x14:0x00000000 x27=0xffffffff
       15545000	      7672	80001362	0001	c.addi	x0,0	  x0:0x00000000  x0=0x00000000
       15547000	      7673	80001364	d1e10d13	addi	x26,x2,-738	  x2:0xffffffff x26=0xfffffd1d
       15587000	      7693	80001368	03a48463	beq	x9,x26,80001390	  x9:0x00000000 x26:0xfffffd1d  x0=0x00000000
       15589000	      7694	8000136c	00129c93	slli	x25,x5,0x1	  x5:0x8001add4 x25=0x00035ba8
       15611000	      7705	80001370	00560b33	add	x22,x12,x5	 x12:0x00000001  x5:0x8001add4 x22=0x8001add5
       15625000	      7712	80001374	01183bb3	sltu	x23,x16,x17	 x16:0x6246a000 x17:0xffffffff x23=0x00000001
       15637000	      7718	80001378	981e	c.add	x16,x7	 x16:0x6246a000  x7:0x00000000 x16=0x6246a000
       15657000	      7728	8000137a	41bb5813	srai	x16,x22,0x1b	 x22:0x8001add5 x16=0xfffffff0
       15659000	      7729	8000137e	8d49	c.or	x10,x10	 x10:0xffffffff x10:0xffffffff x10=0xffffffff
       15705000	      7752	80001380	41225433	sra	x8,x4,x18	  x4:0x8001ee7c x18:0x00000358  x8=0xffffff80
       15707000	      7753	80001384	8c3d	c.xor	x8,x15	  x8:0xffffff80 x15:0x00000000  x8=0xffffff80
       15721000	      7760	80001386	4088d033	sra	x0,x17,x8	 x17:0xffffffff  x8:0xffffff80  x0=0x00000000
       15729000	      7764	8000138a	02dd9cb3	mulh	x25,x27,x13	 x27:0xffffffff x13:0xffffffff x25=0x00000000
       15731000	      7765	8000138e	90e2	c.add	x1,x24	  x1:0x00000000 x24:0xfffffffe  x1=0xfffffffe
       15745000	      7772	80001390	01141633	sll	x12,x8,x17	  x8:0xffffff80 x17:0xffffffff x12=0x00000000
       15791000	      7795	80001394	af66bab7	lui	x21,0xaf66b	 x21=0xaf66b000
       15833000	      7816	80001398	01795913	srli	x18,x18,0x17	 x18:0x00000358 x18=0x00000000
       15835000	      7817	8000139c	01c5ee33	or	x28,x11,x28	 x11:0xe4c45f92 x28:0x9db95e45 x28=0xfdfd5fd7
       15843000	      7821	800013a0	03f6	c.slli	x7,0x1d	  x7:0x00000000  x7=0x00000000
       15845000	      7822	800013a2	8131	c.srli	x10,0xc	 x10:0xffffffff x10=0x000fffff
       15859000	      7829	800013a4	6fa5	c.lui	x31,0x9	 x31=0x00009000
       15861000	      7830	800013a6	9afd	c.andi	x13,-1	 x13:0xffffffff x13=0xffffffff
       15863000	      7831	800013a8	8b61	c.andi	x14,24	 x14:0x00000000 x14=0x00000000
       15883000	      7841	800013aa	0ff0000f	fence	iorwiorwiorwiorwiorwiorwiorwiorwiorwiorwiorwiorwiorwiorwiorwiorwiorwiorwiorwiorwiorwiorwiorwiorwiorw,iorwiorwiorwiorwiorwiorwiorwiorwiorwiorwiorwiorwiorwiorwiorwiorwiorwiorwiorwiorwiorwiorwiorwiorwiorwiorw	
       15895000	      7847	800013ae	02b9ce63	blt	x19,x11,800013ea	 x19:0x8001ee7c x11:0xe4c45f92  x0=0x00000000
       15965000	      7882	800013ea	02741b63	bne	x8,x7,80001420	  x8:0xffffff80  x7:0x00000000  x0=0x00000000
       16007000	      7903	80001420	8c61	c.and	x8,x8	  x8:0xffffff80  x8:0xffffff80  x8=0xffffff80
       16045000	      7922	80001422	03971cb3	mulh	x25,x14,x25	 x14:0x00000000 x25:0x00000000 x25=0x00000000
       16049000	      7924	80001426	f57cc393	xori	x7,x25,-169	 x25:0x00000000  x7=0xffffff57
       16073000	      7936	8000142a	01791533	sll	x10,x18,x23	 x18:0x00000000 x23:0x00000001 x10=0x00000000
       16075000	      7937	8000142e	8d95	c.sub	x11,x13	 x11:0xe4c45f92 x13:0xffffffff x11=0xe4c45f93
       16149000	      7974	80001430	033e4433	div	x8,x28,x19	 x28:0xfdfd5fd7 x19:0x8001ee7c  x8=0x00000000
       16151000	      7975	80001434	017c55b3	srl	x11,x24,x23	 x24:0xfffffffe x23:0x00000001 x11=0x7fffffff
       16153000	      7976	80001438	c5067793	andi	x15,x12,-944	 x12:0x00000000 x15=0x00000000
       16161000	      7980	8000143c	02481133	mulh	x2,x16,x4	 x16:0xfffffff0  x4:0x8001ee7c  x2=0x00000007
       16177000	      7988	80001440	415dd733	sra	x14,x27,x21	 x27:0xffffffff x21:0xaf66b000 x14=0xffffffff
       16237000	      8018	80001444	8639	c.srai	x12,0xe	 x12:0x00000000 x12=0x00000000
       16239000	      8019	80001446	8775	c.srai	x14,0x1d	 x14:0xffffffff x14=0xffffffff
       16241000	      8020	80001448	63fd	c.lui	x7,0x1f	  x7=0x0001f000
       16243000	      8021	8000144a	0001	c.addi	x0,0	  x0:0x00000000  x0=0x00000000
       16277000	      8038	8000144c	41ee5893	srai	x17,x28,0x1e	 x28:0xfdfd5fd7 x17=0xffffffff
       16293000	      8046	80001450	032a1bb3	mulh	x23,x20,x18	 x20:0xffffffff x18:0x00000000 x23=0x00000000
       16335000	      8067	80001454	01b19d93	slli	x27,x3,0x1b	  x3:0x9db95e45 x27=0x28000000
       16353000	      8076	80001458	41cadd93	srai	x27,x21,0x1c	 x21:0xaf66b000 x27=0xfffffffa
       16365000	      8082	8000145c	f9e26817	auipc	x16,0xf9e26	 x16=0x79e2745c
       16391000	      8095	80001460	e9282493	slti	x9,x16,-366	 x16:0x79e2745c  x9=0x00000000
       16393000	      8096	80001464	01c3ad33	slt	x26,x7,x28	  x7:0x0001f000 x28:0xfdfd5fd7 x26=0x00000000
       16399000	      8099	80001468	4785	c.li	x15,1	 x15=0x00000001
       16421000	      8110	8000146a	41dad533	sra	x10,x21,x29	 x21:0xaf66b000 x29:0x8001ee7c x10=0xfffffffa
       16423000	      8111	8000146e	10fd	c.addi	x1,-1	  x1:0xfffffffe  x1=0xfffffffd
       16431000	      8115	80001470	01289263	bne	x17,x18,80001474	 x17:0xffffffff x18:0x00000000  x0=0x00000000
       16469000	      8134	80001474	e2a1	c.bnez	x13,800014b4	 x13:0xffffffff
       16503000	      8151	800014b4	00629893	slli	x17,x5,0x6	  x5:0x8001add4 x17=0x006b7500
       16525000	      8162	800014b8	8c51	c.or	x8,x12	  x8:0x00000000 x12:0x00000000  x8=0x00000000
       16531000	      8165	800014ba	0066db63	bge	x13,x6,800014d0	 x13:0xffffffff  x6:0x00000000  x0=0x00000000
       16553000	      8176	800014be	00a99d63	bne	x19,x10,800014d8	 x19:0x8001ee7c x10:0xfffffffa  x0=0x00000000
       16595000	      8197	800014d8	1288	c.addi4spn	x10,x2,352	 x10=0x00000167
       16597000	      8198	800014da	8e11	c.sub	x12,x12	 x12:0x00000000 x12:0x00000000 x12=0x00000000
       16617000	      8208	800014dc	01b62b33	slt	x22,x12,x27	 x12:0x00000000 x27:0xfffffffa x22=0x00000000
       16621000	      8210	800014e0	01b11e63	bne	x2,x27,800014fc	  x2:0x00000007 x27:0xfffffffa  x0=0x00000000
       16673000	      8236	800014fc	3cdd8793	addi	x15,x27,973	 x27:0xfffffffa x15=0x000003c7
       16683000	      8241	80001500	005d9663	bne	x27,x5,8000150c	 x27:0xfffffffa  x5:0x8001add4  x0=0x00000000
       16701000	      8250	8000150c	0ff0000f	fence	iorwiorwiorwiorwiorwiorwiorwiorwiorwiorwiorwiorwiorwiorwiorwiorwiorwiorwiorwiorwiorwiorwiorwiorwiorwiorwiorw,iorwiorwiorwiorwiorwiorwiorwiorwiorwiorwiorwiorwiorwiorwiorwiorwiorwiorwiorwiorwiorwiorwiorwiorwiorwiorwiorwiorw	
       16707000	      8253	80001510	8139	c.srli	x10,0xe	 x10:0x00000167 x10=0x00000000
       16733000	      8266	80001512	fa039817	auipc	x16,0xfa039	 x16=0x7a03a512
       16751000	      8275	80001516	011c1733	sll	x14,x24,x17	 x24:0xfffffffe x17:0x006b7500 x14=0xfffffffe
       16753000	      8276	8000151a	878d	c.srai	x15,0x3	 x15:0x000003c7 x15=0x00000078
       16755000	      8277	8000151c	0001	c.addi	x0,0	  x0:0x00000000  x0=0x00000000
       16763000	      8281	8000151e	013cb533	sltu	x10,x25,x19	 x25:0x00000000 x19:0x8001ee7c x10=0x00000001
       16765000	      8282	80001522	807d	c.srli	x8,0x1f	  x8:0x00000000  x8=0x00000000
       16873000	      8336	80001524	0388f733	remu	x14,x17,x24	 x17:0x006b7500 x24:0xfffffffe x14=0x006b7500
       16875000	      8337	80001528	8e75	c.and	x12,x13	 x12:0x00000000 x13:0xffffffff x12=0x00000000
       16877000	      8338	8000152a	04ae0193	addi	x3,x28,74	 x28:0xfdfd5fd7  x3=0xfdfd6021
       16879000	      8339	8000152e	00430133	add	x2,x6,x4	  x6:0x00000000  x4:0x8001ee7c  x2=0x8001ee7c
       16955000	      8377	80001532	03ba5033	divu	x0,x20,x27	 x20:0xffffffff x27:0xfffffffa  x0=0x00000000
       17029000	      8414	80001536	02aac933	div	x18,x21,x10	 x21:0xaf66b000 x10:0x00000001 x18=0xaf66b000
       17031000	      8415	8000153a	8ad9	c.andi	x13,22	 x13:0xffffffff x13=0x00000016
       17033000	      8416	8000153c	8399	c.srli	x15,0x6	 x15:0x00000078 x15=0x00000001
       17035000	      8417	8000153e	0001	c.addi	x0,0	  x0:0x00000000  x0=0x00000000
       17055000	      8427	80001540	01ebeeb3	or	x29,x23,x30	 x23:0x00000000 x30:0xe4c45f58 x29=0xe4c45f58
       17097000	      8448	80001544	00eeb033	sltu	x0,x29,x14	 x29:0xe4c45f58 x14:0x006b7500  x0=0x00000000
       17099000	      8449	80001548	0049f6b3	and	x13,x19,x4	 x19:0x8001ee7c  x4:0x8001ee7c x13=0x8001ee7c
       17101000	      8450	8000154c	36b8c813	xori	x16,x17,875	 x17:0x006b7500 x16=0x006b766b
       17121000	      8460	80001550	8de9	c.and	x11,x10	 x11:0x7fffffff x10:0x00000001 x11=0x00000001
       17183000	      8491	80001552	010fda33	srl	x20,x31,x16	 x31:0x00009000 x16:0x006b766b x20=0x00000012
       17185000	      8492	80001556	412ad4b3	sra	x9,x21,x18	 x21:0xaf66b000 x18:0xaf66b000  x9=0xaf66b000
       17187000	      8493	8000155a	8b79	c.andi	x14,30	 x14:0x006b7500 x14=0x00000000
       17201000	      8500	8000155c	5dfd	c.li	x27,-1	 x27=0xffffffff
       17203000	      8501	8000155e	00939593	slli	x11,x7,0x9	  x7:0x0001f000 x11=0x03e00000
       17211000	      8505	80001562	01cbf463	bgeu	x23,x28,8000156a	 x23:0x00000000 x28:0xfdfd5fd7  x0=0x00000000
       17223000	      8511	80001566	00466133	or	x2,x12,x4	 x12:0x00000000  x4:0x8001ee7c  x2=0x8001ee7c
       17225000	      8512	8000156a	004746b3	xor	x13,x14,x4	 x14:0x00000000  x4:0x8001ee7c x13=0x8001ee7c
       17249000	      8524	8000156e	04c70163	beq	x14,x12,800015b0	 x14:0x00000000 x12:0x00000000  x0=0x00000000
       17271000	      8535	800015b0	81b9	c.srli	x11,0xe	 x11:0x03e00000 x11=0x00000f80
       17279000	      8539	800015b2	006bd733	srl	x14,x23,x6	 x23:0x00000000  x6:0x00000000 x14=0x00000000
       17281000	      8540	800015b6	8ae1	c.andi	x13,24	 x13:0x8001ee7c x13=0x00000018
       17283000	      8541	800015b8	8c91	c.sub	x9,x12	  x9:0xaf66b000 x12:0x00000000  x9=0xaf66b000
       17319000	      8559	800015ba	03680b33	mul	x22,x16,x22	 x16:0x006b766b x22:0x00000000 x22=0x00000000
       17321000	      8560	800015be	8f31	c.xor	x14,x12	 x14:0x00000000 x12:0x00000000 x14=0x00000000
       17395000	      8597	800015c0	02954e33	div	x28,x10,x9	 x10:0x00000001  x9:0xaf66b000 x28=0x00000000
       17397000	      8598	800015c4	27214593	xori	x11,x2,626	  x2:0x8001ee7c x11=0x8001ec0e
       17399000	      8599	800015c8	010c9213	slli	x4,x25,0x10	 x25:0x00000000  x4=0x00000000
       17441000	      8620	800015cc	006e9513	slli	x10,x29,0x6	 x29:0xe4c45f58 x10=0x3117d600
       17443000	      8621	800015d0	4181	c.li	x3,0	  x3=0x00000000
       17445000	      8622	800015d2	717d	c.addi16sp	x2,-16	  x2:0x8001ee7c  x2=0x8001ee6c
       17471000	      8635	800015d4	00f08263	beq	x1,x15,800015d8	  x1:0xfffffffd x15:0x00000001  x0=0x00000000
       17495000	      8647	800015d8	00e89d13	slli	x26,x17,0xe	 x17:0x006b7500 x26=0xdd400000
       17521000	      8660	800015dc	0ff0000f	fence	iorwiorwiorwiorwiorwiorwiorwiorwiorwiorwiorwiorwiorwiorwiorwiorwiorwiorwiorwiorwiorwiorwiorwiorwiorwiorwiorwiorwiorw,iorwiorwiorwiorwiorwiorwiorwiorwiorwiorwiorwiorwiorwiorwiorwiorwiorwiorwiorwiorwiorwiorwiorwiorwiorwiorwiorwiorwiorwiorw	
       17539000	      8669	800015e0	404c5d13	srai	x26,x24,0x4	 x24:0xfffffffe x26=0xffffffff
       17541000	      8670	800015e4	8ee5	c.and	x13,x9	 x13:0x00000018  x9:0xaf66b000 x13=0x00000000
       17563000	      8681	800015e6	0002d6b3	srl	x13,x5,x0	  x5:0x8001add4  x0:0x00000000 x13=0x8001add4
       17641000	      8720	800015ea	025efb33	remu	x22,x29,x5	 x29:0xe4c45f58  x5:0x8001add4 x22=0x64c2b184
       17643000	      8721	800015ee	14debf93	sltiu	x31,x29,333	 x29:0xe4c45f58 x31=0x00000000
       17645000	      8722	800015f2	0b9e	c.slli	x23,0x7	 x23:0x00000000 x23=0x00000000
       17649000	      8724	800015f4	ce15	c.beqz	x12,80001630	 x12:0x00000000
       17653000	      8726	80001630	86b5	c.srai	x13,0xd	 x13:0x8001add4 x13=0xfffc000d
       17675000	      8737	80001632	00904ab3	xor	x21,x0,x9	  x0:0x00000000  x9:0xaf66b000 x21=0xaf66b000
       17707000	      8753	80001636	02ca60b3	rem	x1,x20,x12	 x20:0x00000012 x12:0x00000000  x1=0x00000012
       17715000	      8757	8000163a	35c93d93	sltiu	x27,x18,860	 x18:0xaf66b000 x27=0x00000000
       17723000	      8761	8000163e	008e9693	slli	x13,x29,0x8	 x29:0xe4c45f58 x13=0xc45f5800
       17725000	      8762	80001642	5f7d	c.li	x30,-1	 x30=0xffffffff
       17729000	      8764	80001644	288fcb93	xori	x23,x31,648	 x31:0x00000000 x23=0x00000288
       17735000	      8767	80001648	03bde6b3	rem	x13,x27,x27	 x27:0x00000000 x27:0x00000000 x13=0x00000000
       17747000	      8773	8000164c	01314e63	blt	x2,x19,80001668	  x2:0x8001ee6c x19:0x8001ee7c  x0=0x00000000
       17789000	      8794	80001668	0188a0b3	slt	x1,x17,x24	 x17:0x006b7500 x24:0xfffffffe  x1=0x00000000
       17797000	      8798	8000166c	03d035b3	mulhu	x11,x0,x29	  x0:0x00000000 x29:0xe4c45f58 x11=0x00000000
       17841000	      8820	80001670	026f8b63	beq	x31,x6,800016a6	 x31:0x00000000  x6:0x00000000  x0=0x00000000
       17879000	      8839	800016a6	1280	c.addi4spn	x8,x2,352	  x8=0x8001efcc
       17921000	      8860	800016a8	007fac33	slt	x24,x31,x7	 x31:0x00000000  x7:0x0001f000 x24=0x00000001
       17947000	      8873	800016ac	018f6f33	or	x30,x30,x24	 x30:0xffffffff x24:0x00000001 x30=0xffffffff
       17949000	      8874	800016b0	99fd	c.andi	x11,-1	 x11:0x00000000 x11=0x00000000
       18007000	      8903	800016b2	038f4863	blt	x30,x24,800016e2	 x30:0xffffffff x24:0x00000001  x0=0x00000000
       18013000	      8906	800016e2	e819	c.bnez	x8,800016f8	  x8:0x8001efcc
       18067000	      8933	800016f8	41985f13	srai	x30,x16,0x19	 x16:0x006b766b x30=0x00000000
       18111000	      8955	800016fc	01917433	and	x8,x2,x25	  x2:0x8001ee6c x25:0x00000000  x8=0x00000000
       18157000	      8978	80001700	033a00b3	mul	x1,x20,x19	 x20:0x00000012 x19:0x8001ee7c  x1=0x0022c4b8
       18161000	      8980	80001704	c01d	c.beqz	x8,8000172a	  x8:0x00000000
       18219000	      9009	8000172a	00438433	add	x8,x7,x4	  x7:0x0001f000  x4:0x00000000  x8=0x0001f000
       18221000	      9010	8000172e	0a7a	c.slli	x20,0x1e	 x20:0x00000012 x20=0x80000000
       18241000	      9020	80001730	0143f033	and	x0,x7,x20	  x7:0x0001f000 x20:0x80000000  x0=0x00000000
       18269000	      9034	80001734	02060a33	mul	x20,x12,x0	 x12:0x00000000  x0:0x00000000 x20=0x00000000
       18287000	      9043	80001738	025d5d63	bge	x26,x5,80001772	 x26:0xffffffff  x5:0x8001add4  x0=0x00000000
       18301000	      9050	8000173c	81d5	c.srli	x11,0x15	 x11:0x00000000 x11=0x00000000
       18335000	      9067	8000173e	00bbdf63	bge	x23,x11,8000175c	 x23:0x00000288 x11:0x00000000  x0=0x00000000
       18411000	      9105	80001742	03a5f133	remu	x2,x11,x26	 x11:0x00000000 x26:0xffffffff  x2=0x00000000
       18413000	      9106	80001746	9c56	c.add	x24,x21	 x24:0x00000001 x21:0xaf66b000 x24=0xaf66b001
       18415000	      9107	80001748	00775fb3	srl	x31,x14,x7	 x14:0x00000000  x7:0x0001f000 x31=0x00000000
       18417000	      9108	8000174c	8499	c.srai	x9,0x6	  x9:0xaf66b000  x9=0xfebd9ac0
       18447000	      9123	8000174e	e4d0ff93	andi	x31,x1,-435	  x1:0x0022c4b8 x31=0x0022c408
       18449000	      9124	80001752	50dfc037	lui	x0,0x50dfc	  x0=0x00000000
       18451000	      9125	80001756	717d	c.addi16sp	x2,-16	  x2:0x00000000  x2=0xfffffff0
       18467000	      9133	80001758	82c41a97	auipc	x21,0x82c41	 x21=0x02c42758
       18469000	      9134	8000175c	006057b3	srl	x15,x0,x6	  x0:0x00000000  x6:0x00000000 x15=0x00000000
       18531000	      9165	80001760	f898c013	xori	x0,x17,-119	 x17:0x006b7500  x0=0x00000000
       18549000	      9174	80001764	008a1963	bne	x20,x8,80001776	 x20:0x00000000  x8:0x0001f000  x0=0x00000000
       18633000	      9216	80001776	018e5233	srl	x4,x28,x24	 x28:0x00000000 x24:0xaf66b001  x4=0x00000000
       18657000	      9228	8000177a	e294f713	andi	x14,x9,-471	  x9:0xfebd9ac0 x14=0xfebd9a00
       18659000	      9229	8000177e	419b5b93	srai	x23,x22,0x19	 x22:0x64c2b184 x23=0x00000032
       18661000	      9230	80001782	c109	c.beqz	x10,80001784	 x10:0x3117d600
       18691000	      9245	80001784	80ad	c.srli	x9,0xb	  x9:0xfebd9ac0  x9=0x001fd7b3
       18693000	      9246	80001786	9bfd	c.andi	x15,-1	 x15:0x00000000 x15=0x00000000
       18695000	      9247	80001788	987d	c.andi	x8,-1	  x8:0x0001f000  x8=0x0001f000
       18697000	      9248	8000178a	8272	c.mv	x4,x28	  x0:0x00000000 x28:0x00000000  x4=0x00000000
       18733000	      9266	8000178c	717d	c.addi16sp	x2,-16	  x2:0xfffffff0  x2=0xffffffe0
       18743000	      9271	8000178e	00e64433	xor	x8,x12,x14	 x12:0x00000000 x14:0xfebd9a00  x8=0xfebd9a00
       18745000	      9272	80001792	841e	c.mv	x8,x7	  x0:0x00000000  x7:0x0001f000  x8=0x0001f000
       18747000	      9273	80001794	8771	c.srai	x14,0x1c	 x14:0xfebd9a00 x14=0xffffffff
       18751000	      9275	80001796	e88d	c.bnez	x9,800017c8	  x9:0x001fd7b3
       18781000	      9290	800017c8	87c1	c.srai	x15,0x10	 x15:0x00000000 x15=0x00000000
       18783000	      9291	800017ca	0001	c.addi	x0,0	  x0:0x00000000  x0=0x00000000
       18795000	      9297	800017cc	1a426513	ori	x10,x4,420	  x4:0x00000000 x10=0x000001a4
       18837000	      9318	800017d0	01248e33	add	x28,x9,x18	  x9:0x001fd7b3 x18:0xaf66b000 x28=0xaf8687b3
       18841000	      9320	800017d4	0357e063	bltu	x15,x21,800017f4	 x15:0x00000000 x21:0x02c42758  x0=0x00000000
       18919000	      9359	800017f4	01d48563	beq	x9,x29,800017fe	  x9:0x001fd7b3 x29:0xe4c45f58  x0=0x00000000
       18921000	      9360	800017f8	0001	c.addi	x0,0	  x0:0x00000000  x0=0x00000000
       18943000	      9371	800017fa	dfb2bf13	sltiu	x30,x5,-517	  x5:0x8001add4 x30=0x00000001
       18945000	      9372	800017fe	8e69	c.and	x12,x10	 x12:0x00000000 x10:0x000001a4 x12=0x00000000
       18965000	      9382	80001800	6131	c.addi16sp	x2,320	  x2:0xffffffe0  x2=0x00000120
       18987000	      9393	80001802	051ac363	blt	x21,x17,80001848	 x21:0x02c42758 x17:0x006b7500  x0=0x00000000
       19009000	      9404	80001806	00dddc93	srli	x25,x27,0xd	 x27:0x00000000 x25=0x00000000
       19033000	      9416	8000180a	039b73b3	remu	x7,x22,x25	 x22:0x64c2b184 x25:0x00000000  x7=0x64c2b184
       19107000	      9453	8000180e	033e74b3	remu	x9,x28,x19	 x28:0xaf8687b3 x19:0x8001ee7c  x9=0x2f849937
       19109000	      9454	80001812	0483d263	bge	x7,x8,80001856	  x7:0x64c2b184  x8:0x0001f000  x0=0x00000000
       19111000	      9455	80001816	01342933	slt	x18,x8,x19	  x8:0x0001f000 x19:0x8001ee7c x18=0x00000000
       19113000	      9456	8000181a	997d	c.andi	x10,-1	 x10:0x000001a4 x10=0x000001a4
       19137000	      9468	8000181c	024a7b33	remu	x22,x20,x4	 x20:0x00000000  x4:0x00000000 x22=0x00000000
       19169000	      9484	80001820	0166cf33	xor	x30,x13,x22	 x13:0x00000000 x22:0x00000000 x30=0x00000000
       19171000	      9485	80001824	02927463	bgeu	x4,x9,8000184c	  x4:0x00000000  x9:0x2f849937  x0=0x00000000
       19209000	      9504	80001828	4e39	c.li	x28,14	 x28=0x0000000e
       19211000	      9505	8000182a	00a3b233	sltu	x4,x7,x10	  x7:0x64c2b184 x10:0x000001a4  x4=0x00000000
       19213000	      9506	8000182e	8d81	c.sub	x11,x8	 x11:0x00000000  x8:0x0001f000 x11=0xfffe1000
       19257000	      9528	80001830	026c68b3	rem	x17,x24,x6	 x24:0xaf66b001  x6:0x00000000 x17=0xaf66b001
       19271000	      9535	80001834	623d	c.lui	x4,0xf	  x4=0x0000f000
       19273000	      9536	80001836	01bd9d63	bne	x27,x27,80001850	 x27:0x00000000 x27:0x00000000  x0=0x00000000
       19317000	      9558	8000183a	02e2ff63	bgeu	x5,x14,80001878	  x5:0x8001add4 x14:0xffffffff  x0=0x00000000
       19321000	      9560	8000183e	034276b3	remu	x13,x4,x20	  x4:0x0000f000 x20:0x00000000 x13=0x0000f000
       19325000	      9562	80001842	e595	c.bnez	x11,8000186e	 x11:0xfffe1000
       19373000	      9586	8000186e	e121	c.bnez	x10,800018ae	 x10:0x000001a4
       19449000	      9624	800018ae	0001	c.addi	x0,0	  x0:0x00000000  x0=0x00000000
       19491000	      9645	800018b0	8f25	c.xor	x14,x9	 x14:0xffffffff  x9:0x2f849937 x14=0xd07b66c8
       19493000	      9646	800018b2	8d6d	c.and	x10,x11	 x10:0x000001a4 x11:0xfffe1000 x10=0x00000000
       19509000	      9654	800018b4	00978233	add	x4,x15,x9	 x15:0x00000000  x9:0x2f849937  x4=0x2f849937
       19513000	      9656	800018b8	01551d63	bne	x10,x21,800018d2	 x10:0x00000000 x21:0x02c42758  x0=0x00000000
       19613000	      9706	800018d2	021a5233	divu	x4,x20,x1	 x20:0x00000000  x1:0x0022c4b8  x4=0x00000000
       19615000	      9707	800018d6	01b70633	add	x12,x14,x27	 x14:0xd07b66c8 x27:0x00000000 x12=0xd07b66c8
       19617000	      9708	800018da	01056c33	or	x24,x10,x16	 x10:0x00000000 x16:0x006b766b x24=0x006b766b
       19621000	      9710	800018de	404658b3	sra	x17,x12,x4	 x12:0xd07b66c8  x4:0x00000000 x17=0xd07b66c8
       19649000	      9724	800018e2	003ddcb3	srl	x25,x27,x3	 x27:0x00000000  x3:0x00000000 x25=0x00000000
       19675000	      9737	800018e6	03f05b63	bge	x0,x31,8000191c	  x0:0x00000000 x31:0x0022c408  x0=0x00000000
       19679000	      9739	800018ea	01756863	bltu	x10,x23,800018fa	 x10:0x00000000 x23:0x00000032  x0=0x00000000
       19701000	      9750	800018fa	c299	c.beqz	x13,80001900	 x13:0x0000f000
       19719000	      9759	800018fc	00995893	srli	x17,x18,0x9	 x18:0x00000000 x17=0x00000000
       19729000	      9764	80001900	61812637	lui	x12,0x61812	 x12=0x61812000
       19855000	      9827	80001904	02ede133	rem	x2,x27,x14	 x27:0x00000000 x14:0xd07b66c8  x2=0x00000000
       19857000	      9828	80001908	6131	c.addi16sp	x2,320	  x2:0x00000000  x2=0x00000140
       19859000	      9829	8000190a	05bfd463	bge	x31,x27,80001952	 x31:0x0022c408 x27:0x00000000  x0=0x00000000
       19861000	      9830	8000190e	01d950b3	srl	x1,x18,x29	 x18:0x00000000 x29:0xe4c45f58  x1=0x00000000
       19865000	      9832	80001912	0069a033	slt	x0,x19,x6	 x19:0x8001ee7c  x6:0x00000000  x0=0x00000000
       19867000	      9833	80001916	8da5	c.xor	x11,x9	 x11:0xfffe1000  x9:0x2f849937 x11=0xd07a8937
       19873000	      9836	80001918	038b0eb3	mul	x29,x22,x24	 x22:0x00000000 x24:0x006b766b x29=0x00000000
       19875000	      9837	8000191c	00f08d33	add	x26,x1,x15	  x1:0x00000000 x15:0x00000000 x26=0x00000000
       19901000	      9850	80001920	034efb63	bgeu	x29,x20,80001956	 x29:0x00000000 x20:0x00000000  x0=0x00000000
       19935000	      9867	80001956	00aa1863	bne	x20,x10,80001966	 x20:0x00000000 x10:0x00000000  x0=0x00000000
       20009000	      9904	8000195a	0352cbb3	div	x23,x5,x21	  x5:0x8001add4 x21:0x02c42758 x23=0xffffffd2
       20013000	      9906	8000195e	03a95463	bge	x18,x26,80001986	 x18:0x00000000 x26:0x00000000  x0=0x00000000
       20097000	      9948	80001986	001201b3	add	x3,x4,x1	  x4:0x00000000  x1:0x00000000  x3=0x00000000
       20099000	      9949	8000198a	5d7d	c.li	x26,-1	 x26=0xffffffff
       20105000	      9952	8000198c	00ca4033	xor	x0,x20,x12	 x20:0x00000000 x12:0x61812000  x0=0x00000000
       20121000	      9960	80001990	c10b1417	auipc	x8,0xc10b1	  x8=0x410b2990
       20123000	      9961	80001994	1e90	c.addi4spn	x12,x2,880	 x12=0x000004b0
       20143000	      9971	80001996	03215e33	divu	x28,x2,x18	  x2:0x00000140 x18:0x00000000 x28=0xffffffff
       20183000	      9991	8000199a	b5a1bfb7	lui	x31,0xb5a1b	 x31=0xb5a1b000
       20187000	      9993	8000199e	03b964b3	rem	x9,x18,x27	 x18:0x00000000 x27:0x00000000  x9=0x00000000
       20207000	     10003	800019a2	fe04ca17	auipc	x20,0xfe04c	 x20=0x7e04d9a2
       20209000	     10004	800019a6	17fd	c.addi	x15,-1	 x15:0x00000000 x15=0xffffffff
       20215000	     10007	800019a8	20156e93	ori	x29,x10,513	 x10:0x00000000 x29=0x00000201
       20217000	     10008	800019ac	00cb5493	srli	x9,x22,0xc	 x22:0x00000000  x9=0x00000000
       20237000	     10018	800019b0	8fd5	c.or	x15,x13	 x15:0xffffffff x13:0x0000f000 x15=0xffffffff
       20245000	     10022	800019b2	028724b3	mulhsu	x9,x14,x8	 x14:0xd07b66c8  x8:0x410b2990  x9=0xf3ed42af
       20275000	     10037	800019b6	ddc03a93	sltiu	x21,x0,-548	  x0:0x00000000 x21=0x00000001
       20277000	     10038	800019ba	5a7d	c.li	x20,-1	 x20=0xffffffff
       20283000	     10041	800019bc	2e312613	slti	x12,x2,739	  x2:0x00000140 x12=0x00000001
       20291000	     10045	800019c0	0303a0b3	mulhsu	x1,x7,x16	  x7:0x64c2b184 x16:0x006b766b  x1=0x002a4bfc
       20307000	     10053	800019c4	53fd	c.li	x7,-1	  x7=0xffffffff
       20309000	     10054	800019c6	0001	c.addi	x0,0	  x0:0x00000000  x0=0x00000000
       20347000	     10073	800019c8	0698	c.addi4spn	x14,x2,832	 x14=0x00000480
       20389000	     10094	800019ca	34707e13	andi	x28,x0,839	  x0:0x00000000 x28=0x00000000
       20391000	     10095	800019ce	c2416013	ori	x0,x2,-988	  x2:0x00000140  x0=0x00000000
       20393000	     10096	800019d2	848d	c.srai	x9,0x3	  x9:0xf3ed42af  x9=0xfe7da855
       20455000	     10127	800019d4	03169763	bne	x13,x17,80001a02	 x13:0x0000f000 x17:0x00000000  x0=0x00000000
       20533000	     10166	80001a02	54fd	c.li	x9,-1	  x9=0xffffffff
       20577000	     10188	80001a04	9862	c.add	x16,x24	 x16:0x006b766b x24:0x006b766b x16=0x00d6ecd6
       20579000	     10189	80001a06	18fd	c.addi	x17,-1	 x17:0x00000000 x17=0xffffffff
       20581000	     10190	80001a08	e11d	c.bnez	x10,80001a2e	 x10:0x00000000
       20583000	     10191	80001a0a	8f01	c.sub	x14,x8	 x14:0x00000480  x8:0x410b2990 x14=0xbef4daf0
       20617000	     10208	80001a0c	8e41	c.or	x12,x8	 x12:0x00000001  x8:0x410b2990 x12=0x410b2991
       20619000	     10209	80001a0e	8fe9	c.and	x15,x10	 x15:0xffffffff x10:0x00000000 x15=0x00000000
       20621000	     10210	80001a10	d0e97613	andi	x12,x18,-754	 x18:0x00000000 x12=0x00000000
       20697000	     10248	80001a14	02505633	divu	x12,x0,x5	  x0:0x00000000  x5:0x8001add4 x12=0x00000000
       20699000	     10249	80001a18	1cfd	c.addi	x25,-1	 x25:0x00000000 x25=0xffffffff
       20701000	     10250	80001a1a	0399ad13	slti	x26,x19,57	 x19:0x8001ee7c x26=0x00000001
       20703000	     10251	80001a1e	00a34d33	xor	x26,x6,x10	  x6:0x00000000 x10:0x00000000 x26=0x00000000
       20705000	     10252	80001a22	0001	c.addi	x0,0	  x0:0x00000000  x0=0x00000000
       20727000	     10263	80001a24	416b8933	sub	x18,x23,x22	 x23:0xffffffd2 x22:0x00000000 x18=0xffffffd2
       20777000	     10288	80001a28	8e01	c.sub	x12,x8	 x12:0x00000000  x8:0x410b2990 x12=0xbef4d670
       20877000	     10338	80001a2a	0274dc33	divu	x24,x9,x7	  x9:0xffffffff  x7:0xffffffff x24=0x00000001
       20951000	     10375	80001a2e	028c6bb3	rem	x23,x24,x8	 x24:0x00000001  x8:0x410b2990 x23=0x00000001
       20953000	     10376	80001a32	8389	c.srli	x15,0x2	 x15:0x00000000 x15=0x00000000
       20955000	     10377	80001a34	00d850b3	srl	x1,x16,x13	 x16:0x00d6ecd6 x13:0x0000f000  x1=0x00d6ecd6
       20957000	     10378	80001a38	53fd	c.li	x7,-1	  x7=0xffffffff
       20965000	     10382	80001a3a	40be8f33	sub	x30,x29,x11	 x29:0x00000201 x11:0xd07a8937 x30=0x2f8578ca
       20967000	     10383	80001a3e	8e81	c.sub	x13,x8	 x13:0x0000f000  x8:0x410b2990 x13=0xbef5c670
       20985000	     10392	80001a40	00d91b13	slli	x22,x18,0xd	 x18:0xffffffd2 x22=0xfffa4000
       21005000	     10402	80001a44	41e95b93	srai	x23,x18,0x1e	 x18:0xffffffd2 x23=0xffffffff
       21013000	     10406	80001a48	01658263	beq	x11,x22,80001a4c	 x11:0xd07a8937 x22:0xfffa4000  x0=0x00000000
       21069000	     10434	80001a4c	01b41d33	sll	x26,x8,x27	  x8:0x410b2990 x27:0x00000000 x26=0x410b2990
       21111000	     10455	80001a50	8421	c.srai	x8,0x8	  x8:0x410b2990  x8=0x00410b29
       21113000	     10456	80001a52	8e41	c.or	x12,x8	 x12:0xbef4d670  x8:0x00410b29 x12=0xbef5df79
       21115000	     10457	80001a54	04445063	bge	x8,x4,80001a94	  x8:0x00410b29  x4:0x00000000  x0=0x00000000
       21145000	     10472	80001a58	417c5a13	srai	x20,x24,0x17	 x24:0x00000001 x20=0x00000000
       21155000	     10477	80001a5c	031cbd33	mulhu	x26,x25,x17	 x25:0xffffffff x17:0xffffffff x26=0xfffffffe
       21189000	     10494	80001a60	9d3a	c.add	x26,x14	 x26:0xfffffffe x14:0xbef4daf0 x26=0xbef4daee
       21233000	     10516	80001a62	02dc6763	bltu	x24,x13,80001a90	 x24:0x00000001 x13:0xbef5c670  x0=0x00000000
       21261000	     10530	80001a90	8649	c.srai	x12,0x12	 x12:0xbef5df79 x12=0xffffefbd
       21263000	     10531	80001a92	6179	c.addi16sp	x2,464	  x2:0x00000140  x2=0x00000310
       21303000	     10551	80001a94	012387b3	add	x15,x7,x18	  x7:0xffffffff x18:0xffffffd2 x15=0xffffffd1
       21305000	     10552	80001a98	9e26	c.add	x28,x9	 x28:0x00000000  x9:0xffffffff x28=0xffffffff
       21307000	     10553	80001a9a	63dd	c.lui	x7,0x17	  x7=0x00017000
       21315000	     10557	80001a9c	00bba033	slt	x0,x23,x11	 x23:0xffffffff x11:0xd07a8937  x0=0x00000000
       21325000	     10562	80001aa0	8e59	c.or	x12,x14	 x12:0xffffefbd x14:0xbef4daf0 x12=0xfffffffd
       21399000	     10599	80001aa2	030de933	rem	x18,x27,x16	 x27:0x00000000 x16:0x00d6ecd6 x18=0x00000000
       21401000	     10600	80001aa6	012b2c33	slt	x24,x22,x18	 x22:0xfffa4000 x18:0x00000000 x24=0x00000001
       21405000	     10602	80001aaa	0066ce63	blt	x13,x6,80001ac6	 x13:0xbef5c670  x6:0x00000000  x0=0x00000000
       21419000	     10609	80001ac6	0001	c.addi	x0,0	  x0:0x00000000  x0=0x00000000
       21447000	     10623	80001ac8	021d98b3	mulh	x17,x27,x1	 x27:0x00000000  x1:0x00d6ecd6 x17=0x00000000
       21477000	     10638	80001acc	d01a0d93	addi	x27,x20,-767	 x20:0x00000000 x27=0xfffffd01
       21493000	     10646	80001ad0	84f9	c.srai	x9,0x1e	  x9:0xffffffff  x9=0xffffffff
       21573000	     10686	80001ad2	038d5fb3	divu	x31,x26,x24	 x26:0xbef4daee x24:0x00000001 x31=0xbef4daee
       21575000	     10687	80001ad6	01c305b3	add	x11,x6,x28	  x6:0x00000000 x28:0xffffffff x11=0xffffffff
       21577000	     10688	80001ada	01a45c13	srli	x24,x8,0x1a	  x8:0x00410b29 x24=0x00000000
       21579000	     10689	80001ade	8dfd	c.and	x11,x15	 x11:0xffffffff x15:0xffffffd1 x11=0xffffffd1
       21601000	     10700	80001ae0	0ce0c793	xori	x15,x1,206	  x1:0x00d6ecd6 x15=0x00d6ec18
       21623000	     10711	80001ae4	011e8a33	add	x20,x29,x17	 x29:0x00000201 x17:0x00000000 x20=0x00000201
       21673000	     10736	80001ae8	0194dd13	srli	x26,x9,0x19	  x9:0xffffffff x26=0x0000007f
       21677000	     10738	80001aec	c115	c.beqz	x10,80001b10	 x10:0x00000000
       21717000	     10758	80001b10	0001	c.addi	x0,0	  x0:0x00000000  x0=0x00000000
       21749000	     10774	80001b12	031a6563	bltu	x20,x17,80001b3c	 x20:0x00000201 x17:0x00000000  x0=0x00000000
       21757000	     10778	80001b16	01256e63	bltu	x10,x18,80001b32	 x10:0x00000000 x18:0x00000000  x0=0x00000000
       21763000	     10781	80001b1a	03c50e63	beq	x10,x28,80001b56	 x10:0x00000000 x28:0xffffffff  x0=0x00000000
       21765000	     10782	80001b1e	00002633	slt	x12,x0,x0	  x0:0x00000000  x0:0x00000000 x12=0x00000000
       21767000	     10783	80001b22	8d21	c.xor	x10,x8	 x10:0x00000000  x8:0x00410b29 x10=0x00410b29
       21775000	     10787	80001b24	063d	c.addi	x12,15	 x12:0x00000000 x12=0x0000000f
       21777000	     10788	80001b26	8cc5	c.or	x9,x9	  x9:0xffffffff  x9:0xffffffff  x9=0xffffffff
       21805000	     10802	80001b28	0001	c.addi	x0,0	  x0:0x00000000  x0=0x00000000
       21823000	     10811	80001b2a	0167c1b3	xor	x3,x15,x22	 x15:0x00d6ec18 x22:0xfffa4000  x3=0xff2cac18
       21843000	     10821	80001b2e	41d303b3	sub	x7,x6,x29	  x6:0x00000000 x29:0x00000201  x7=0xfffffdff
       21919000	     10859	80001b32	023dfbb3	remu	x23,x27,x3	 x27:0xfffffd01  x3:0xff2cac18 x23=0x00d350e9
       21921000	     10860	80001b36	0c8e	c.slli	x25,0x3	 x25:0xffffffff x25=0xfffffff8
       21995000	     10897	80001b38	02aefb33	remu	x22,x29,x10	 x29:0x00000201 x10:0x00410b29 x22=0x00000201
       21997000	     10898	80001b3c	00c45c93	srli	x25,x8,0xc	  x8:0x00410b29 x25=0x00000410
       21999000	     10899	80001b40	8a59	c.andi	x12,22	 x12:0x0000000f x12=0x00000006
       22001000	     10900	80001b42	0001	c.addi	x0,0	  x0:0x00000000  x0=0x00000000
       22075000	     10937	80001b44	03afd233	divu	x4,x31,x26	 x31:0xbef4daee x26:0x0000007f  x4=0x0180eb8c
       22077000	     10938	80001b48	8ece	c.mv	x29,x19	  x0:0x00000000 x19:0x8001ee7c x29=0x8001ee7c
       22081000	     10940	80001b4a	e585	c.bnez	x11,80001b72	 x11:0xffffffd1
       22123000	     10961	80001b72	ca9d	c.beqz	x13,80001ba8	 x13:0xbef5c670
       22217000	     11008	80001b74	03606cb3	rem	x25,x0,x22	  x0:0x00000000 x22:0x00000201 x25=0x00000000
       22219000	     11009	80001b78	fc760a13	addi	x20,x12,-57	 x12:0x00000006 x20=0xffffffcd
       22221000	     11010	80001b7c	01a18033	add	x0,x3,x26	  x3:0xff2cac18 x26:0x0000007f  x0=0x00000000
       22223000	     11011	80001b80	74c01617	auipc	x12,0x74c01	 x12=0xf4c02b80
       22233000	     11016	80001b84	03711233	mulh	x4,x2,x23	  x2:0x00000310 x23:0x00d350e9  x4=0x00000002
       22239000	     11019	80001b88	01ecc933	xor	x18,x25,x30	 x25:0x00000000 x30:0x2f8578ca x18=0x2f8578ca
       22261000	     11030	80001b8c	00195833	srl	x16,x18,x1	 x18:0x2f8578ca  x1:0x00d6ecd6 x16=0x000000be
       22367000	     11083	80001b90	03e85233	divu	x4,x16,x30	 x16:0x000000be x30:0x2f8578ca  x4=0x00000000
       22369000	     11084	80001b94	29f3a013	slti	x0,x7,671	  x7:0xfffffdff  x0=0x00000000
       22377000	     11088	80001b98	024c2cb3	mulhsu	x25,x24,x4	 x24:0x00000000  x4:0x00000000 x25=0x00000000
       22379000	     11089	80001b9c	6f69	c.lui	x30,0x1a	 x30=0x0001a000
       22453000	     11126	80001b9e	03ec6fb3	rem	x31,x24,x30	 x24:0x00000000 x30:0x0001a000 x31=0x00000000
       22455000	     11127	80001ba2	0498	c.addi4spn	x14,x2,576	 x14=0x00000550
       22461000	     11130	80001ba4	03b001b3	mul	x3,x0,x27	  x0:0x00000000 x27:0xfffffd01  x3=0x00000000
       22463000	     11131	80001ba8	02f35763	bge	x6,x15,80001bd6	  x6:0x00000000 x15:0x00d6ec18  x0=0x00000000
       22515000	     11157	80001bac	0514	c.addi4spn	x13,x2,640	 x13=0x00000590
       22517000	     11158	80001bae	8fa1	c.xor	x15,x8	 x15:0x00d6ec18  x8:0x00410b29 x15=0x0097e731
       22519000	     11159	80001bb0	0ff0000f	fence	iorwiorwiorwiorwiorwiorwiorwiorwiorwiorwiorwiorwiorwiorwiorwiorwiorwiorwiorwiorwiorwiorwiorwiorwiorwiorwiorwiorwiorwiorwiorw,iorwiorwiorwiorwiorwiorwiorwiorwiorwiorwiorwiorwiorwiorwiorwiorwiorwiorwiorwiorwiorwiorwiorwiorwiorwiorwiorwiorwiorwiorwiorwiorw	
       22573000	     11186	80001bb4	f50cea93	ori	x21,x25,-176	 x25:0x00000000 x21=0xffffff50
       22621000	     11210	80001bb8	02feaeb3	mulhsu	x29,x29,x15	 x29:0x8001ee7c x15:0x0097e731 x29=0xffb40d8c
       22623000	     11211	80001bbc	5dfd	c.li	x27,-1	 x27=0xffffffff
       22625000	     11212	80001bbe	8db1	c.xor	x11,x12	 x11:0xffffffd1 x12:0xf4c02b80 x11=0x0b3fd451
       22627000	     11213	80001bc0	697d	c.lui	x18,0x1f	 x18=0x0001f000
       22739000	     11269	80001bc2	0378ec33	rem	x24,x17,x23	 x17:0x00000000 x23:0x00d350e9 x24=0x00000000
       22747000	     11273	80001bc6	02e51233	mulh	x4,x10,x14	 x10:0x00410b29 x14:0x00000550  x4=0x00000001
       22749000	     11274	80001bca	567d	c.li	x12,-1	 x12=0xffffffff
       22823000	     11311	80001bcc	03bb5633	divu	x12,x22,x27	 x22:0x00000201 x27:0xffffffff x12=0x00000000
       22825000	     11312	80001bd0	01b030b3	sltu	x1,x0,x27	  x0:0x00000000 x27:0xffffffff  x1=0x00000001
       22827000	     11313	80001bd4	87d5	c.srai	x15,0x15	 x15:0x0097e731 x15=0x00000004
       22829000	     11314	80001bd6	01c130b3	sltu	x1,x2,x28	  x2:0x00000310 x28:0xffffffff  x1=0x00000001
       22839000	     11319	80001bda	03449eb3	mulh	x29,x9,x20	  x9:0xffffffff x20:0xffffffcd x29=0x00000000
       22869000	     11334	80001bde	0176a933	slt	x18,x13,x23	 x13:0x00000590 x23:0x00d350e9 x18=0x00000001
       22873000	     11336	80001be2	e919	c.bnez	x10,80001bf8	 x10:0x00410b29
       22909000	     11354	80001bf8	2d212a13	slti	x20,x2,722	  x2:0x00000310 x20=0x00000000
       22931000	     11365	80001bfc	0001	c.addi	x0,0	  x0:0x00000000  x0=0x00000000
       22959000	     11379	80001bfe	ed6ba213	slti	x4,x23,-298	 x23:0x00d350e9  x4=0x00000000
       22999000	     11399	80001c02	022e0c33	mul	x24,x28,x2	 x28:0xffffffff  x2:0x00000310 x24=0xfffffcf0
       23001000	     11400	80001c06	0ff0000f	fence	iorwiorwiorwiorwiorwiorwiorwiorwiorwiorwiorwiorwiorwiorwiorwiorwiorwiorwiorwiorwiorwiorwiorwiorwiorwiorwiorwiorwiorwiorwiorwiorwiorw,iorwiorwiorwiorwiorwiorwiorwiorwiorwiorwiorwiorwiorwiorwiorwiorwiorwiorwiorwiorwiorwiorwiorwiorwiorwiorwiorwiorwiorwiorwiorwiorwiorwiorw	
       23003000	     11401	80001c0a	8855	c.andi	x8,21	  x8:0x00410b29  x8=0x00000001
       23055000	     11427	80001c0c	feebf713	andi	x14,x23,-18	 x23:0x00d350e9 x14=0x00d350e8
       23057000	     11428	80001c10	00000133	add	x2,x0,x0	  x0:0x00000000  x0:0x00000000  x2=0x00000000
       23081000	     11440	80001c14	024d7bb3	remu	x23,x26,x4	 x26:0x0000007f  x4:0x00000000 x23=0x0000007f
       23099000	     11449	80001c18	00cf9fb3	sll	x31,x31,x12	 x31:0x00000000 x12:0x00000000 x31=0x00000000
       23101000	     11450	80001c1c	016c2f33	slt	x30,x24,x22	 x24:0xfffffcf0 x22:0x00000201 x30=0x00000001
       23103000	     11451	80001c20	40758e33	sub	x28,x11,x7	 x11:0x0b3fd451  x7:0xfffffdff x28=0x0b3fd652
       23109000	     11454	80001c24	83d1	c.srli	x15,0x14	 x15:0x00000004 x15=0x00000000
       23125000	     11462	80001c26	033f8733	mul	x14,x31,x19	 x31:0x00000000 x19:0x8001ee7c x14=0x00000000
       23227000	     11513	80001c2a	02a86ab3	rem	x21,x16,x10	 x16:0x000000be x10:0x00410b29 x21=0x000000be
       23229000	     11514	80001c2e	6165	c.addi16sp	x2,112	  x2:0x00000000  x2=0x00000070
       23231000	     11515	80001c30	01c49513	slli	x10,x9,0x1c	  x9:0xffffffff x10=0xf0000000
       23239000	     11519	80001c34	020cb1b3	mulhu	x3,x25,x0	 x25:0x00000000  x0:0x00000000  x3=0x00000000
       23261000	     11530	80001c38	034f23b3	mulhsu	x7,x30,x20	 x30:0x00000001 x20:0x00000000  x7=0x00000000
       23279000	     11539	80001c3c	00705263	bge	x0,x7,80001c40	  x0:0x00000000  x7:0x00000000  x0=0x00000000
       23293000	     11546	80001c40	013f6bb3	or	x23,x30,x19	 x30:0x00000001 x19:0x8001ee7c x23=0x8001ee7d
       23295000	     11547	80001c44	0a9b8193	addi	x3,x23,169	 x23:0x8001ee7d  x3=0x8001ef26
       23323000	     11561	80001c48	02742d33	mulhsu	x26,x8,x7	  x8:0x00000001  x7:0x00000000 x26=0x00000000
       23345000	     11572	80001c4c	018d1833	sll	x16,x26,x24	 x26:0x00000000 x24:0xfffffcf0 x16=0x00000000
       23371000	     11585	80001c50	0302e4b3	rem	x9,x5,x16	  x5:0x8001add4 x16:0x00000000  x9=0x8001add4
       23385000	     11592	80001c54	03927163	bgeu	x4,x25,80001c76	  x4:0x00000000 x25:0x00000000  x0=0x00000000
       23429000	     11614	80001c76	0099d213	srli	x4,x19,0x9	 x19:0x8001ee7c  x4=0x004000f7
       23481000	     11640	80001c7a	00e41833	sll	x16,x8,x14	  x8:0x00000001 x14:0x00000000 x16=0x00000001
       23483000	     11641	80001c7e	0001	c.addi	x0,0	  x0:0x00000000  x0=0x00000000
       23485000	     11642	80001c80	00ec0a63	beq	x24,x14,80001c94	 x24:0xfffffcf0 x14:0x00000000  x0=0x00000000
       23487000	     11643	80001c84	8fd1	c.or	x15,x12	 x15:0x00000000 x12:0x00000000 x15=0x00000000
       23507000	     11653	80001c86	40458e33	sub	x28,x11,x4	 x11:0x0b3fd451  x4:0x004000f7 x28=0x0affd35a
       23551000	     11675	80001c8a	0003ccb3	xor	x25,x7,x0	  x7:0x00000000  x0:0x00000000 x25=0x00000000
       23593000	     11696	80001c8e	e3c42093	slti	x1,x8,-452	  x8:0x00000001  x1=0x00000000
       23595000	     11697	80001c92	1704	c.addi4spn	x9,x2,928	  x9=0x00000410
       23599000	     11699	80001c94	038be563	bltu	x23,x24,80001cbe	 x23:0x8001ee7d x24:0xfffffcf0  x0=0x00000000
       23621000	     11710	80001cbe	8cc9	c.or	x9,x10	  x9:0x00000410 x10:0xf0000000  x9=0xf0000410
       23655000	     11727	80001cc0	0041cd33	xor	x26,x3,x4	  x3:0x8001ef26  x4:0x004000f7 x26=0x8041efd1
       23697000	     11748	80001cc4	414480b3	sub	x1,x9,x20	  x9:0xf0000410 x20:0x00000000  x1=0xf0000410
       23699000	     11749	80001cc8	014bcf33	xor	x30,x23,x20	 x23:0x8001ee7d x20:0x00000000 x30=0x8001ee7d
       23715000	     11757	80001ccc	02449133	mulh	x2,x9,x4	  x9:0xf0000410  x4:0x004000f7  x2=0xfffbfff1
       23761000	     11780	80001cd0	00678233	add	x4,x15,x6	 x15:0x00000000  x6:0x00000000  x4=0x00000000
       23799000	     11799	80001cd4	03800b33	mul	x22,x0,x24	  x0:0x00000000 x24:0xfffffcf0 x22=0x00000000
       23801000	     11800	80001cd8	8dd5	c.or	x11,x13	 x11:0x0b3fd451 x13:0x00000590 x11=0x0b3fd5d1
       23815000	     11807	80001cda	0ff0000f	fence	iorwiorwiorwiorwiorwiorwiorwiorwiorwiorwiorwiorwiorwiorwiorwiorwiorwiorwiorwiorwiorwiorwiorwiorwiorwiorwiorwiorwiorwiorwiorwiorwiorwiorwiorw,iorwiorwiorwiorwiorwiorwiorwiorwiorwiorwiorwiorwiorwiorwiorwiorwiorwiorwiorwiorwiorwiorwiorwiorwiorwiorwiorwiorwiorwiorwiorwiorwiorwiorwiorwiorw	
       23871000	     11835	80001cde	98f2f797	auipc	x15,0x98f2f	 x15=0x18f30cde
       23889000	     11844	80001ce2	41cadb13	srai	x22,x21,0x1c	 x21:0x000000be x22=0x00000000
       23897000	     11848	80001ce6	027ef563	bgeu	x29,x7,80001d10	 x29:0x00000000  x7:0x00000000  x0=0x00000000
       23933000	     11866	80001d10	eb81	c.bnez	x15,80001d20	 x15:0x18f30cde
       23999000	     11899	80001d20	9b7d	c.andi	x14,-1	 x14:0x00000000 x14=0x00000000
       24001000	     11900	80001d22	3148c113	xori	x2,x17,788	 x17:0x00000000  x2=0x00000314
       24135000	     11967	80001d26	02a9c7b3	div	x15,x19,x10	 x19:0x8001ee7c x10:0xf0000000 x15=0x00000007
       24137000	     11968	80001d2a	8eb9	c.xor	x13,x14	 x13:0x00000590 x14:0x00000000 x13=0x00000590
       24139000	     11969	80001d2c	f1692d93	slti	x27,x18,-234	 x18:0x00000001 x27=0x00000000
       24147000	     11973	80001d30	03621ab3	mulh	x21,x4,x22	  x4:0x00000000 x22:0x00000000 x21=0x00000000
       24235000	     12017	80001d34	02144533	div	x10,x8,x1	  x8:0x00000001  x1:0xf0000410 x10=0x00000000
       24237000	     12018	80001d38	0ff0000f	fence	iorwiorwiorwiorwiorwiorwiorwiorwiorwiorwiorwiorwiorwiorwiorwiorwiorwiorwiorwiorwiorwiorwiorwiorwiorwiorwiorwiorwiorwiorwiorwiorwiorwiorwiorwiorwiorw,iorwiorwiorwiorwiorwiorwiorwiorwiorwiorwiorwiorwiorwiorwiorwiorwiorwiorwiorwiorwiorwiorwiorwiorwiorwiorwiorwiorwiorwiorwiorwiorwiorwiorwiorwiorwiorwiorw	
       24239000	     12019	80001d3c	01509a13	slli	x20,x1,0x15	  x1:0xf0000410 x20=0x82000000
       24241000	     12020	80001d40	4123db93	srai	x23,x7,0x12	  x7:0x00000000 x23=0x00000000
       24271000	     12035	80001d44	00ff8533	add	x10,x31,x15	 x31:0x00000000 x15:0x00000007 x10=0x00000007
       24313000	     12056	80001d48	6171	c.addi16sp	x2,336	  x2:0x00000314  x2=0x00000464
       24315000	     12057	80001d4a	89d9	c.andi	x11,22	 x11:0x0b3fd5d1 x11=0x00000010
       24317000	     12058	80001d4c	00e74d33	xor	x26,x14,x14	 x14:0x00000000 x14:0x00000000 x26=0x00000000
       24319000	     12059	80001d50	980e	c.add	x16,x3	 x16:0x00000001  x3:0x8001ef26 x16=0x8001ef27
       24321000	     12060	80001d52	678d	c.lui	x15,0x3	 x15=0x00003000
       24409000	     12104	80001d54	02d35433	divu	x8,x6,x13	  x6:0x00000000 x13:0x00000590  x8=0x00000000
       24411000	     12105	80001d58	01afb7b3	sltu	x15,x31,x26	 x31:0x00000000 x26:0x00000000 x15=0x00000000
       24413000	     12106	80001d5c	00ea4633	xor	x12,x20,x14	 x20:0x82000000 x14:0x00000000 x12=0x82000000
       24415000	     12107	80001d60	04067263	bgeu	x12,x0,80001da4	 x12:0x82000000  x0:0x00000000  x0=0x00000000
       24425000	     12112	80001d64	019f5f33	srl	x30,x30,x25	 x30:0x8001ee7d x25:0x00000000 x30=0x8001ee7d
       24447000	     12123	80001d68	01828d33	add	x26,x5,x24	  x5:0x8001add4 x24:0xfffffcf0 x26=0x8001aac4
       24491000	     12145	80001d6c	8de1	c.and	x11,x8	 x11:0x00000010  x8:0x00000000 x11=0x00000000
       24493000	     12146	80001d6e	90da	c.add	x1,x22	  x1:0xf0000410 x22:0x00000000  x1=0xf0000410
       24495000	     12147	80001d70	517d	c.li	x2,-1	  x2=0xffffffff
       24515000	     12157	80001d72	1af0b593	sltiu	x11,x1,431	  x1:0xf0000410 x11=0x00000000
       24523000	     12161	80001d76	01212633	slt	x12,x2,x18	  x2:0xffffffff x18:0x00000001 x12=0x00000001
       24537000	     12168	80001d7a	0054dd13	srli	x26,x9,0x5	  x9:0xf0000410 x26=0x07800020
       24553000	     12176	80001d7e	41dc0fb3	sub	x31,x24,x29	 x24:0xfffffcf0 x29:0x00000000 x31=0xfffffcf0
       24563000	     12181	80001d82	05f99163	bne	x19,x31,80001dc4	 x19:0x8001ee7c x31:0xfffffcf0  x0=0x00000000
       24611000	     12205	80001dc4	717d	c.addi16sp	x2,-16	  x2:0xffffffff  x2=0xffffffef
       24613000	     12206	80001dc6	018c9933	sll	x18,x25,x24	 x25:0x00000000 x24:0xfffffcf0 x18=0x00000000
       24621000	     12210	80001dca	02053cb3	mulhu	x25,x10,x0	 x10:0x00000007  x0:0x00000000 x25=0x00000000
       24623000	     12211	80001dce	8409	c.srai	x8,0x2	  x8:0x00000000  x8=0x00000000
       24625000	     12212	80001dd0	717d	c.addi16sp	x2,-16	  x2:0xffffffef  x2=0xffffffdf
       24715000	     12257	80001dd2	02ae7b33	remu	x22,x28,x10	 x28:0x0affd35a x10:0x00000007 x22=0x00000005
       24717000	     12258	80001dd6	8776	c.mv	x14,x29	  x0:0x00000000 x29:0x00000000 x14=0x00000000
       24719000	     12259	80001dd8	00fb9733	sll	x14,x23,x15	 x23:0x00000000 x15:0x00000000 x14=0x00000000
       24721000	     12260	80001ddc	0316d063	bge	x13,x17,80001dfc	 x13:0x00000590 x17:0x00000000  x0=0x00000000
       24743000	     12271	80001de0	0b00	c.addi4spn	x8,x2,400	  x8=0x0000016f
       24745000	     12272	80001de2	8e75	c.and	x12,x13	 x12:0x00000001 x13:0x00000590 x12=0x00000000
       24753000	     12276	80001de4	030928b3	mulhsu	x17,x18,x16	 x18:0x00000000 x16:0x8001ef27 x17=0x00000000
       24759000	     12279	80001de8	36ed2e13	slti	x28,x26,878	 x26:0x07800020 x28=0x00000000
       24761000	     12280	80001dec	02e9e663	bltu	x19,x14,80001e18	 x19:0x8001ee7c x14:0x00000000  x0=0x00000000
       24795000	     12297	80001df0	0eb5	c.addi	x29,13	 x29:0x00000000 x29=0x0000000d
       24805000	     12302	80001df2	e9364e93	xori	x29,x12,-365	 x12:0x00000000 x29=0xfffffe93
       24807000	     12303	80001df6	0c08	c.addi4spn	x10,x2,528	 x10=0x000001ef
       24811000	     12305	80001df8	4078deb3	sra	x29,x17,x7	 x17:0x00000000  x7:0x00000000 x29=0x00000000
       24813000	     12306	80001dfc	3d468b93	addi	x23,x13,980	 x13:0x00000590 x23=0x00000964
       24823000	     12311	80001e00	474d	c.li	x14,19	 x14=0x00000013
       24829000	     12314	80001e02	c892b813	sltiu	x16,x5,-887	  x5:0x8001add4 x16=0x00000001
       24943000	     12371	80001e06	0339ff33	remu	x30,x19,x19	 x19:0x8001ee7c x19:0x8001ee7c x30=0x00000000
       24945000	     12372	80001e0a	000797b3	sll	x15,x15,x0	 x15:0x00000000  x0:0x00000000 x15=0x00000000
       24949000	     12374	80001e0e	0356c1b3	div	x3,x13,x21	 x13:0x00000590 x21:0x00000000  x3=0xffffffff
       24951000	     12375	80001e12	90a2	c.add	x1,x8	  x1:0xf0000410  x8:0x0000016f  x1=0xf000057f
       24967000	     12383	80001e14	00a385b3	add	x11,x7,x10	  x7:0x00000000 x10:0x000001ef x11=0x000001ef
       25009000	     12404	80001e18	d9deae13	slti	x28,x29,-611	 x29:0x00000000 x28=0x00000000
       25011000	     12405	80001e1c	4c43d017	auipc	x0,0x4c43d	  x0=0x00000000
       25039000	     12419	80001e20	01ae0a33	add	x20,x28,x26	 x28:0x00000000 x26:0x07800020 x20=0x07800020
       25047000	     12423	80001e24	012eaeb3	slt	x29,x29,x18	 x29:0x00000000 x18:0x00000000 x29=0x00000000
       25083000	     12441	80001e28	f8820113	addi	x2,x4,-120	  x4:0x00000000  x2=0xffffff88
       25131000	     12465	80001e2c	015c9bb3	sll	x23,x25,x21	 x25:0x00000000 x21:0x00000000 x23=0x00000000
       25149000	     12474	80001e30	87f9	c.srai	x15,0x1e	 x15:0x00000000 x15=0x00000000
       25151000	     12475	80001e32	6ed5	c.lui	x29,0x15	 x29=0x00015000
       25191000	     12495	80001e34	9dc6	c.add	x27,x17	 x27:0x00000000 x17:0x00000000 x27=0x00000000
       25197000	     12498	80001e36	00cd1eb3	sll	x29,x26,x12	 x26:0x07800020 x12:0x00000000 x29=0x07800020
       25199000	     12499	80001e3a	8ef5	c.and	x13,x13	 x13:0x00000590 x13:0x00000590 x13=0x00000590
       25215000	     12507	80001e3c	0001	c.addi	x0,0	  x0:0x00000000  x0=0x00000000
       25231000	     12515	80001e3e	00a22633	slt	x12,x4,x10	  x4:0x00000000 x10:0x000001ef x12=0x00000001
       25233000	     12516	80001e42	9f16	c.add	x30,x5	 x30:0x00000000  x5:0x8001add4 x30=0x8001add4
       25247000	     12523	80001e44	403b0733	sub	x14,x22,x3	 x22:0x00000005  x3:0xffffffff x14=0x00000006
       25263000	     12531	80001e48	0367b733	mulhu	x14,x15,x22	 x15:0x00000000 x22:0x00000005 x14=0x00000000
       25311000	     12555	80001e4c	98fd	c.andi	x9,-1	  x9:0xf0000410  x9=0xf0000410
       25313000	     12556	80001e4e	062658b7	lui	x17,0x6265	 x17=0x06265000
       25327000	     12563	80001e52	f837b913	sltiu	x18,x15,-125	 x15:0x00000000 x18=0x00000001
       25333000	     12566	80001e56	cd1b8513	addi	x10,x23,-815	 x23:0x00000000 x10=0xfffffcd1
       25341000	     12570	80001e5a	02a02733	mulhsu	x14,x0,x10	  x0:0x00000000 x10:0xfffffcd1 x14=0x00000000
       25343000	     12571	80001e5e	d72d7837	lui	x16,0xd72d7	 x16=0xd72d7000
       25345000	     12572	80001e62	6211	c.lui	x4,0x4	  x4=0x00004000
       25403000	     12601	80001e64	8339	c.srli	x14,0xe	 x14:0x00000000 x14=0x00000000
       25405000	     12602	80001e66	0d45	c.addi	x26,17	 x26:0x07800020 x26=0x07800031
       25407000	     12603	80001e68	0001	c.addi	x0,0	  x0:0x00000000  x0=0x00000000
       25409000	     12604	80001e6a	d7a13793	sltiu	x15,x2,-646	  x2:0xffffff88 x15=0x00000000
       25429000	     12614	80001e6e	009ebb33	sltu	x22,x29,x9	 x29:0x07800020  x9:0xf0000410 x22=0x00000001
       25431000	     12615	80001e72	8271	c.srli	x12,0x1c	 x12:0x00000001 x12=0x00000000
       25443000	     12621	80001e74	9e8b9a97	auipc	x21,0x9e8b9	 x21=0x1e8bae74
       25447000	     12623	80001e78	8cb9	c.xor	x9,x14	  x9:0xf0000410 x14:0x00000000  x9=0xf0000410
       25449000	     12624	80001e7a	40278fb3	sub	x31,x15,x2	 x15:0x00000000  x2:0xffffff88 x31=0x00000078
       25451000	     12625	80001e7e	8d19	c.sub	x10,x14	 x10:0xfffffcd1 x14:0x00000000 x10=0xfffffcd1
       25453000	     12626	80001e80	8eb9	c.xor	x13,x14	 x13:0x00000590 x14:0x00000000 x13=0x00000590
       25455000	     12627	80001e82	cecb4893	xori	x17,x22,-788	 x22:0x00000001 x17=0xfffffced
       25457000	     12628	80001e86	0001	c.addi	x0,0	  x0:0x00000000  x0=0x00000000
       25467000	     12633	80001e88	022e35b3	mulhu	x11,x28,x2	 x28:0x00000000  x2:0xffffff88 x11=0x00000000
       25469000	     12634	80001e8c	6899	c.lui	x17,0x6	 x17=0x00006000
       25471000	     12635	80001e8e	0002ceb3	xor	x29,x5,x0	  x5:0x8001add4  x0:0x00000000 x29=0x8001add4
       25473000	     12636	80001e92	8ce9	c.and	x9,x10	  x9:0xf0000410 x10:0xfffffcd1  x9=0xf0000410
       25485000	     12642	80001e94	8ee5	c.and	x13,x9	 x13:0x00000590  x9:0xf0000410 x13=0x00000410
       25487000	     12643	80001e96	8fd5	c.or	x15,x13	 x15:0x00000000 x13:0x00000410 x15=0x00000410
       25489000	     12644	80001e98	0157bab3	sltu	x21,x15,x21	 x15:0x00000410 x21:0x1e8bae74 x21=0x00000001
       25497000	     12648	80001e9c	02678db3	mul	x27,x15,x6	 x15:0x00000410  x6:0x00000000 x27=0x00000000
       25499000	     12649	80001ea0	01639b13	slli	x22,x7,0x16	  x7:0x00000000 x22=0x00000000
       25511000	     12655	80001ea4	8e86	c.mv	x29,x1	  x0:0x00000000  x1:0xf000057f x29=0xf000057f
       25529000	     12664	80001ea6	00bd5e63	bge	x26,x11,80001ec2	 x26:0x07800031 x11:0x00000000  x0=0x00000000
       25563000	     12681	80001eaa	034e0563	beq	x28,x20,80001ed4	 x28:0x00000000 x20:0x07800020  x0=0x00000000
       25565000	     12682	80001eae	67e9	c.lui	x15,0x1a	 x15=0x0001a000
       25677000	     12738	80001eb0	032cca33	div	x20,x25,x18	 x25:0x00000000 x18:0x00000001 x20=0x00000000
       25679000	     12739	80001eb4	028cd763	bge	x25,x8,80001ee2	 x25:0x00000000  x8:0x0000016f  x0=0x00000000
       25681000	     12740	80001eb8	41cd5033	sra	x0,x26,x28	 x26:0x07800031 x28:0x00000000  x0=0x00000000
       25683000	     12741	80001ebc	8dc6	c.mv	x27,x17	  x0:0x00000000 x17:0x00006000 x27=0x00006000
       25719000	     12759	80001ebe	41e28ab3	sub	x21,x5,x30	  x5:0x8001add4 x30:0x8001add4 x21=0x00000000
       25727000	     12763	80001ec2	fa6ca893	slti	x17,x25,-90	 x25:0x00000000 x17=0x00000000
       25743000	     12771	80001ec6	872bfa97	auipc	x21,0x872bf	 x21=0x072c0ec6
       25745000	     12772	80001eca	cf85	c.beqz	x15,80001f02	 x15:0x0001a000
       25761000	     12780	80001ecc	027bea63	bltu	x23,x7,80001f00	 x23:0x00000000  x7:0x00000000  x0=0x00000000
       25783000	     12791	80001ed0	0972	c.slli	x18,0x1c	 x18:0x00000001 x18=0x10000000
       25785000	     12792	80001ed2	6ba5	c.lui	x23,0x9	 x23=0x00009000
       25801000	     12800	80001ed4	00645713	srli	x14,x8,0x6	  x8:0x0000016f x14=0x00000005
       25861000	     12830	80001ed8	ed85	c.bnez	x11,80001f10	 x11:0x00000000
       25863000	     12831	80001eda	0001	c.addi	x0,0	  x0:0x00000000  x0=0x00000000
       25903000	     12851	80001edc	8dc1	c.or	x11,x8	 x11:0x00000000  x8:0x0000016f x11=0x0000016f
       25905000	     12852	80001ede	15dd8c93	addi	x25,x27,349	 x27:0x00006000 x25=0x0000615d
       25923000	     12861	80001ee2	007dce33	xor	x28,x27,x7	 x27:0x00006000  x7:0x00000000 x28=0x00006000
       25925000	     12862	80001ee6	0001	c.addi	x0,0	  x0:0x00000000  x0=0x00000000
       25927000	     12863	80001ee8	41c75813	srai	x16,x14,0x1c	 x14:0x00000005 x16=0x00000000
       25945000	     12872	80001eec	e4d6f593	andi	x11,x13,-435	 x13:0x00000410 x11=0x00000400
       25967000	     12883	80001ef0	8c05	c.sub	x8,x9	  x8:0x0000016f  x9:0xf0000410  x8=0x0ffffd5f
       25969000	     12884	80001ef2	18fd	c.addi	x17,-1	 x17:0x00000000 x17=0xffffffff
       25989000	     12894	80001ef4	01b124b3	slt	x9,x2,x27	  x2:0xffffff88 x27:0x00006000  x9=0x00000001
       26013000	     12906	80001ef8	e795	c.bnez	x15,80001f24	 x15:0x0001a000
       26091000	     12945	80001f24	403c5133	sra	x2,x24,x3	 x24:0xfffffcf0  x3:0xffffffff  x2=0xffffffff
       26093000	     12946	80001f28	3c4efa93	andi	x21,x29,964	 x29:0xf000057f x21=0x00000144
       26137000	     12968	80001f2c	0394c463	blt	x9,x25,80001f54	  x9:0x00000001 x25:0x0000615d  x0=0x00000000
       26193000	     12996	80001f54	3b400513	addi	x10,x0,948	  x0:0x00000000 x10=0x000003b4
       26203000	     13001	80001f58	002e2fb3	slt	x31,x28,x2	 x28:0x00006000  x2:0xffffffff x31=0x00000000
       26205000	     13002	80001f5c	82d9	c.srli	x13,0x16	 x13:0x00000410 x13=0x00000000
       26207000	     13003	80001f5e	0001	c.addi	x0,0	  x0:0x00000000  x0=0x00000000
       26227000	     13013	80001f60	0001	c.addi	x0,0	  x0:0x00000000  x0=0x00000000
       26233000	     13016	80001f62	0081a233	slt	x4,x3,x8	  x3:0xffffffff  x8:0x0ffffd5f  x4=0x00000001
       26257000	     13028	80001f66	03698bb3	mul	x23,x19,x22	 x19:0x8001ee7c x22:0x00000000 x23=0x00000000
       26259000	     13029	80001f6a	4148d793	srai	x15,x17,0x14	 x17:0xffffffff x15=0xffffffff
       26261000	     13030	80001f6e	8ce5	c.and	x9,x9	  x9:0x00000001  x9:0x00000001  x9=0x00000001
       26285000	     13042	80001f70	0ab1	c.addi	x21,12	 x21:0x00000144 x21=0x00000150
       26287000	     13043	80001f72	0fa7ab93	slti	x23,x15,250	 x15:0xffffffff x23=0x00000001
       26307000	     13053	80001f76	0247b833	mulhu	x16,x15,x4	 x15:0xffffffff  x4:0x00000001 x16=0x00000000
       26311000	     13055	80001f7a	002b5033	srl	x0,x22,x2	 x22:0x00000000  x2:0xffffffff  x0=0x00000000
       26329000	     13064	80001f7e	01c87733	and	x14,x16,x28	 x16:0x00000000 x28:0x00006000 x14=0x00000000
       26335000	     13067	80001f82	00231213	slli	x4,x6,0x2	  x6:0x00000000  x4=0x00000000
       26409000	     13104	80001f86	03c4d6b3	divu	x13,x9,x28	  x9:0x00000001 x28:0x00006000 x13=0x00000000
       26411000	     13105	80001f8a	403f5633	sra	x12,x30,x3	 x30:0x8001add4  x3:0xffffffff x12=0xffffffff
       26413000	     13106	80001f8e	fa35ce13	xori	x28,x11,-93	 x11:0x00000400 x28=0xfffffba3
       26415000	     13107	80001f92	0001	c.addi	x0,0	  x0:0x00000000  x0=0x00000000
       26427000	     13113	80001f94	00c95c33	srl	x24,x18,x12	 x18:0x10000000 x12:0xffffffff x24=0x00000000
       26467000	     13133	80001f98	181c	c.addi4spn	x15,x2,48	 x15=0x0000002f
       26479000	     13139	80001f9a	030d9763	bne	x27,x16,80001fc8	 x27:0x00006000 x16:0x00000000  x0=0x00000000
       26547000	     13173	80001fc8	6145	c.addi16sp	x2,48	  x2:0xffffffff  x2=0x0000002f
       26551000	     13175	80001fca	c2a9	c.beqz	x13,8000200c	 x13:0x00000000
       26601000	     13200	8000200c	8691	c.srai	x13,0x4	 x13:0x00000000 x13=0x00000000
       26603000	     13201	8000200e	48b5	c.li	x17,13	 x17=0x0000000d
       26611000	     13205	80002010	03e2d563	bge	x5,x30,8000203a	  x5:0x8001add4 x30:0x8001add4  x0=0x00000000
       26629000	     13214	8000203a	0001	c.addi	x0,0	  x0:0x00000000  x0=0x00000000
       26631000	     13215	8000203c	c48d	c.beqz	x9,80002066	  x9:0x00000001
       26639000	     13219	8000203e	00b21c63	bne	x4,x11,80002056	  x4:0x00000000 x11:0x00000400  x0=0x00000000
       26701000	     13250	80002056	012d8863	beq	x27,x18,80002066	 x27:0x00006000 x18:0x10000000  x0=0x00000000
       26729000	     13264	8000205a	03aa8bb3	mul	x23,x21,x26	 x21:0x00000150 x26:0x07800031 x23=0xd8004050
       26771000	     13285	8000205e	1c6a8913	addi	x18,x21,454	 x21:0x00000150 x18=0x00000316
       26773000	     13286	80002062	01384f63	blt	x16,x19,80002080	 x16:0x00000000 x19:0x8001ee7c  x0=0x00000000
       26775000	     13287	80002066	8d85	c.sub	x11,x9	 x11:0x00000400  x9:0x00000001 x11=0x000003ff
       26777000	     13288	80002068	8aa5	c.andi	x13,9	 x13:0x00000000 x13=0x00000000
       26801000	     13300	8000206a	00c56563	bltu	x10,x12,80002074	 x10:0x000003b4 x12:0xffffffff  x0=0x00000000
       26827000	     13313	80002074	8ce5	c.and	x9,x9	  x9:0x00000001  x9:0x00000001  x9=0x00000001
       26829000	     13314	80002076	6469	c.lui	x8,0x1a	  x8=0x0001a000
       26917000	     13358	80002078	0396fc33	remu	x24,x13,x25	 x13:0x00000000 x25:0x0000615d x24=0x00000000
       26919000	     13359	8000207c	41545733	sra	x14,x8,x21	  x8:0x0001a000 x21:0x00000150 x14=0x00000001
       26921000	     13360	80002080	00fb1213	slli	x4,x22,0xf	 x22:0x00000000  x4=0x00000000
       26923000	     13361	80002084	41a40bb3	sub	x23,x8,x26	  x8:0x0001a000 x26:0x07800031 x23=0xf8819fcf
       26929000	     13364	80002088	8c61	c.and	x8,x8	  x8:0x0001a000  x8:0x0001a000  x8=0x0001a000
       26931000	     13365	8000208a	65b1	c.lui	x11,0xc	 x11=0x0000c000
       27007000	     13403	8000208c	021763b3	rem	x7,x14,x1	 x14:0x00000001  x1:0xf000057f  x7=0x00000001
       27009000	     13404	80002090	0d9c	c.addi4spn	x15,x2,720	 x15=0x000002ff
       27011000	     13405	80002092	0072f533	and	x10,x5,x7	  x5:0x8001add4  x7:0x00000001 x10=0x00000000
       27013000	     13406	80002096	01867d63	bgeu	x12,x24,800020b0	 x12:0xffffffff x24:0x00000000  x0=0x00000000
       27025000	     13412	8000209a	02ab7663	bgeu	x22,x10,800020c6	 x22:0x00000000 x10:0x00000000  x0=0x00000000
       27105000	     13452	800020c6	34c5b913	sltiu	x18,x11,844	 x11:0x0000c000 x18=0x00000000
       27107000	     13453	800020ca	017e	c.slli	x2,0x1f	  x2:0x0000002f  x2=0x80000000
       27181000	     13490	800020cc	037fd133	divu	x2,x31,x23	 x31:0x00000000 x23:0xf8819fcf  x2=0x00000000
       27183000	     13491	800020d0	06bdaf93	slti	x31,x27,107	 x27:0x00006000 x31=0x00000000
       27185000	     13492	800020d4	02335d63	bge	x6,x3,8000210e	  x6:0x00000000  x3:0xffffffff  x0=0x00000000
       27193000	     13496	800020d8	03b21533	mulh	x10,x4,x27	  x4:0x00000000 x27:0x00006000 x10=0x00000000
       27201000	     13500	800020dc	c48d	c.beqz	x9,80002106	  x9:0x00000001
       27203000	     13501	800020de	0fae	c.slli	x31,0xb	 x31:0x00000000 x31=0x00000000
       27205000	     13502	800020e0	013fc463	blt	x31,x19,800020e8	 x31:0x00000000 x19:0x8001ee7c  x0=0x00000000
       27223000	     13511	800020e4	40d40db3	sub	x27,x8,x13	  x8:0x0001a000 x13:0x00000000 x27=0x0001a000
       27245000	     13522	800020e8	0001	c.addi	x0,0	  x0:0x00000000  x0=0x00000000
       27313000	     13556	800020ea	03fca133	mulhsu	x2,x25,x31	 x25:0x0000615d x31:0x00000000  x2=0x00000000
       27327000	     13563	800020ee	03bc10b3	mulh	x1,x24,x27	 x24:0x00000000 x27:0x0001a000  x1=0x00000000
       27329000	     13564	800020f2	9afd	c.andi	x13,-1	 x13:0x00000000 x13=0x00000000
       27331000	     13565	800020f4	01dda1b3	slt	x3,x27,x29	 x27:0x0001a000 x29:0xf000057f  x3=0x00000000
       27373000	     13586	800020f8	0b8c	c.addi4spn	x11,x2,464	 x11=0x000001d0
       27375000	     13587	800020fa	05fc3d93	sltiu	x27,x24,95	 x24:0x00000000 x27=0x00000001
       27401000	     13600	800020fe	021e1d63	bne	x28,x1,80002138	 x28:0xfffffba3  x1:0x00000000  x0=0x00000000
       27429000	     13614	80002138	6105	c.addi16sp	x2,32	  x2:0x00000000  x2=0x00000020
       27431000	     13615	8000213a	9c4a	c.add	x24,x18	 x24:0x00000000 x18:0x00000000 x24=0x00000000
       27451000	     13625	8000213c	19704fb7	lui	x31,0x19704	 x31=0x19704000
       27513000	     13656	80002140	00c995b3	sll	x11,x19,x12	 x19:0x8001ee7c x12:0xffffffff x11=0x00000000
       27533000	     13666	80002144	0001	c.addi	x0,0	  x0:0x00000000  x0=0x00000000
       27575000	     13687	80002146	401fddb3	sra	x27,x31,x1	 x31:0x19704000  x1:0x00000000 x27=0x19704000
       27611000	     13705	8000214a	7e105cb7	lui	x25,0x7e105	 x25=0x7e105000
       27625000	     13712	8000214e	fd443613	sltiu	x12,x8,-44	  x8:0x0001a000 x12=0x00000001
       27643000	     13721	80002152	02b51eb3	mulh	x29,x10,x11	 x10:0x00000000 x11:0x00000000 x29=0x00000000
       27645000	     13722	80002156	8c51	c.or	x8,x12	  x8:0x0001a000 x12:0x00000001  x8=0x0001a001
       27657000	     13728	80002158	01aeef33	or	x30,x29,x26	 x29:0x00000000 x26:0x07800031 x30=0x07800031
       27699000	     13749	8000215c	8d9d	c.sub	x11,x15	 x11:0x00000000 x15:0x000002ff x11=0xfffffd01
       27701000	     13750	8000215e	fe073693	sltiu	x13,x14,-32	 x14:0x00000001 x13=0x00000001
       27703000	     13751	80002162	64b5	c.lui	x9,0xd	  x9=0x0000d000
       27723000	     13761	80002164	8e75	c.and	x12,x13	 x12:0x00000001 x13:0x00000001 x12=0x00000001
       27725000	     13762	80002166	4dfd	c.li	x27,31	 x27=0x0000001f
       27753000	     13776	80002168	00462893	slti	x17,x12,4	 x12:0x00000001 x17=0x00000001
       27795000	     13797	8000216c	8f12	c.mv	x30,x4	  x0:0x00000000  x4:0x00000000 x30=0x00000000
       27797000	     13798	8000216e	017b8a33	add	x20,x23,x23	 x23:0xf8819fcf x23:0xf8819fcf x20=0xf1033f9e
       27819000	     13809	80002172	2631ff93	andi	x31,x3,611	  x3:0x00000000 x31=0x00000000
       27821000	     13810	80002176	27b72613	slti	x12,x14,635	 x14:0x00000001 x12=0x00000001
       27885000	     13842	8000217a	03eccf33	div	x30,x25,x30	 x25:0x7e105000 x30:0x00000000 x30=0xffffffff
       27887000	     13843	8000217e	8cfd	c.and	x9,x15	  x9:0x0000d000 x15:0x000002ff  x9=0x00000000
       27903000	     13851	80002180	8325	c.srli	x14,0x9	 x14:0x00000001 x14=0x00000000
       27905000	     13852	80002182	00278933	add	x18,x15,x2	 x15:0x000002ff  x2:0x00000020 x18=0x0000031f
       27907000	     13853	80002186	616d	c.addi16sp	x2,240	  x2:0x00000020  x2=0x00000110
       27909000	     13854	80002188	6905	c.lui	x18,0x1	 x18=0x00001000
       27913000	     13856	8000218a	2703b813	sltiu	x16,x7,624	  x7:0x00000001 x16=0x00000001
       27935000	     13867	8000218e	017f90b3	sll	x1,x31,x23	 x31:0x00000000 x23:0xf8819fcf  x1=0x00000000
       27937000	     13868	80002192	ed09	c.bnez	x10,800021ac	 x10:0x00000000
       27939000	     13869	80002194	9e9e	c.add	x29,x7	 x29:0x00000000  x7:0x00000001 x29=0x00000001
       27987000	     13893	80002196	033c87b3	mul	x15,x25,x19	 x25:0x7e105000 x19:0x8001ee7c x15=0x8a46c000
       27989000	     13894	8000219a	02d3b413	sltiu	x8,x7,45	  x7:0x00000001  x8=0x00000001
       28011000	     13905	8000219e	200a7c13	andi	x24,x20,512	 x20:0xf1033f9e x24=0x00000200
       28085000	     13942	800021a2	035bc4b3	div	x9,x23,x21	 x23:0xf8819fcf x21:0x00000150  x9=0xfffa4a62
       28087000	     13943	800021a6	0646bb13	sltiu	x22,x13,100	 x13:0x00000001 x22=0x00000001
       28089000	     13944	800021aa	8f65	c.and	x14,x9	 x14:0x00000000  x9:0xfffa4a62 x14=0x00000000
       28091000	     13945	800021ac	01edc0b3	xor	x1,x27,x30	 x27:0x0000001f x30:0xffffffff  x1=0xffffffe0
       28115000	     13957	800021b0	01245eb3	srl	x29,x8,x18	  x8:0x00000001 x18:0x00001000 x29=0x00000001
       28125000	     13962	800021b4	8ec5	c.or	x13,x9	 x13:0x00000001  x9:0xfffa4a62 x13=0xfffa4a63
       28147000	     13973	800021b6	c1d87b13	andi	x22,x16,-995	 x16:0x00000001 x22=0x00000001
       28149000	     13974	800021ba	8231	c.srli	x12,0xc	 x12:0x00000001 x12=0x00000000
       28167000	     13983	800021bc	01199913	slli	x18,x19,0x11	 x19:0x8001ee7c x18=0xdcf80000
       28187000	     13993	800021c0	27e5cf93	xori	x31,x11,638	 x11:0xfffffd01 x31=0xffffff7f
       28191000	     13995	800021c4	022ff763	bgeu	x31,x2,800021f2	 x31:0xffffff7f  x2:0x00000110  x0=0x00000000
       28237000	     14018	800021c8	0126e5b3	or	x11,x13,x18	 x13:0xfffa4a63 x18:0xdcf80000 x11=0xfffa4a63
       28245000	     14022	800021cc	02091fb3	mulh	x31,x18,x0	 x18:0xdcf80000  x0:0x00000000 x31=0x00000000
       28271000	     14035	800021d0	2312c593	xori	x11,x5,561	  x5:0x8001add4 x11=0x8001afe5
       28273000	     14036	800021d4	01797263	bgeu	x18,x23,800021d8	 x18:0xdcf80000 x23:0xf8819fcf  x0=0x00000000
       28279000	     14039	800021d8	d2826a93	ori	x21,x4,-728	  x4:0x00000000 x21=0xfffffd28
       28327000	     14063	800021dc	0016b733	sltu	x14,x13,x1	 x13:0xfffa4a63  x1:0xffffffe0 x14=0x00000001
       28335000	     14067	800021e0	02681cb3	mulh	x25,x16,x6	 x16:0x00000001  x6:0x00000000 x25=0x00000000
       28351000	     14075	800021e4	c0a9	c.beqz	x9,80002226	  x9:0xfffa4a62
       28383000	     14091	800021e6	014608b3	add	x17,x12,x20	 x12:0x00000000 x20:0xf1033f9e x17=0xf1033f9e
       28389000	     14094	800021ea	e0a56797	auipc	x15,0xe0a56	 x15=0x60a581ea
       28401000	     14100	800021ee	0ff0000f	fence	iorwiorwiorwiorwiorwiorwiorwiorwiorwiorwiorwiorwiorwiorwiorwiorwiorwiorwiorwiorwiorwiorwiorwiorwiorwiorwiorwiorwiorwiorwiorwiorwiorwiorwiorwiorwiorwiorwiorw,iorwiorwiorwiorwiorwiorwiorwiorwiorwiorwiorwiorwiorwiorwiorwiorwiorwiorwiorwiorwiorwiorwiorwiorwiorwiorwiorwiorwiorwiorwiorwiorwiorwiorwiorwiorwiorwiorwiorwiorw	
       28403000	     14101	800021f2	4069d193	srai	x3,x19,0x6	 x19:0x8001ee7c  x3=0xfe0007b9
       28405000	     14102	800021f6	8ead	c.xor	x13,x11	 x13:0xfffa4a63 x11:0x8001afe5 x13=0x7ffbe586
       28425000	     14112	800021f8	717d	c.addi16sp	x2,-16	  x2:0x00000110  x2=0x00000100
       28501000	     14150	800021fa	03284633	div	x12,x16,x18	 x16:0x00000001 x18:0xdcf80000 x12=0x00000000
       28503000	     14151	800021fe	6149	c.addi16sp	x2,144	  x2:0x00000100  x2=0x00000190
       28507000	     14153	80002200	01a79663	bne	x15,x26,8000220c	 x15:0x60a581ea x26:0x07800031  x0=0x00000000
       28517000	     14158	8000220c	02af6633	rem	x12,x30,x10	 x30:0xffffffff x10:0x00000000 x12=0xffffffff
       28559000	     14179	80002210	014c5933	srl	x18,x24,x20	 x24:0x00000200 x20:0xf1033f9e x18=0x00000000
       28569000	     14184	80002214	426f21b7	lui	x3,0x426f2	  x3=0x426f2000
       28607000	     14203	80002218	c90d	c.beqz	x10,8000224a	 x10:0x00000000
       28651000	     14225	8000224a	979a	c.add	x15,x6	 x15:0x60a581ea  x6:0x00000000 x15=0x60a581ea
       28653000	     14226	8000224c	8456	c.mv	x8,x21	  x0:0x00000000 x21:0xfffffd28  x8=0xfffffd28
       28655000	     14227	8000224e	cb09	c.beqz	x14,80002260	 x14:0x00000001
       28741000	     14270	80002250	029e6bb3	rem	x23,x28,x9	 x28:0xfffffba3  x9:0xfffa4a62 x23=0xfffffba3
       28743000	     14271	80002254	3b3f7b93	andi	x23,x30,947	 x30:0xffffffff x23=0x000003b3
       28817000	     14308	80002258	028bcdb3	div	x27,x23,x8	 x23:0x000003b3  x8:0xfffffd28 x27=0xffffffff
       28819000	     14309	8000225c	974e	c.add	x14,x19	 x14:0x00000001 x19:0x8001ee7c x14=0x8001ee7d
       28821000	     14310	8000225e	009e	c.slli	x1,0x7	  x1:0xffffffe0  x1=0xfffff000
       28823000	     14311	80002260	e0cb8b93	addi	x23,x23,-500	 x23:0x000003b3 x23=0x000001bf
       28827000	     14313	80002264	02381263	bne	x16,x3,80002288	 x16:0x00000001  x3:0x426f2000  x0=0x00000000
       28909000	     14354	80002288	015e70b3	and	x1,x28,x21	 x28:0xfffffba3 x21:0xfffffd28  x1=0xfffff920
       28949000	     14374	8000228c	86a6	c.mv	x13,x9	  x0:0x00000000  x9:0xfffa4a62 x13=0xfffa4a62
       28951000	     14375	8000228e	00277733	and	x14,x14,x2	 x14:0x8001ee7d  x2:0x00000190 x14=0x00000010
       28953000	     14376	80002292	587d	c.li	x16,-1	 x16=0xffffffff
       28983000	     14391	80002294	cbde0013	addi	x0,x28,-835	 x28:0xfffffba3  x0=0x00000000
       28987000	     14393	80002298	04495663	bge	x18,x4,800022e4	 x18:0x00000000  x4:0x00000000  x0=0x00000000
       28997000	     14398	800022e4	940a	c.add	x8,x2	  x8:0xfffffd28  x2:0x00000190  x8=0xfffffeb8
       29041000	     14420	800022e6	02264d63	blt	x12,x2,80002320	 x12:0xffffffff  x2:0x00000190  x0=0x00000000
       29109000	     14454	80002320	419d0fb3	sub	x31,x26,x25	 x26:0x07800031 x25:0x00000000 x31=0x07800031
       29111000	     14455	80002324	e7ee3a93	sltiu	x21,x28,-386	 x28:0xfffffba3 x21=0x00000001
       29167000	     14483	80002328	8e4d	c.or	x12,x11	 x12:0xffffffff x11:0x8001afe5 x12=0xffffffff
       29171000	     14485	8000232a	00579b63	bne	x15,x5,80002340	 x15:0x60a581ea  x5:0x8001add4  x0=0x00000000
       29229000	     14514	80002340	011b53b3	srl	x7,x22,x17	 x22:0x00000001 x17:0xf1033f9e  x7=0x00000000
       29277000	     14538	80002344	03802733	mulhsu	x14,x0,x24	  x0:0x00000000 x24:0x00000200 x14=0x00000000
       29295000	     14547	80002348	0ff0000f	fence	iorwiorwiorwiorwiorwiorwiorwiorwiorwiorwiorwiorwiorwiorwiorwiorwiorwiorwiorwiorwiorwiorwiorwiorwiorwiorwiorwiorwiorwiorwiorwiorwiorwiorwiorwiorwiorwiorwiorwiorwiorw,iorwiorwiorwiorwiorwiorwiorwiorwiorwiorwiorwiorwiorwiorwiorwiorwiorwiorwiorwiorwiorwiorwiorwiorwiorwiorwiorwiorwiorwiorwiorwiorwiorwiorwiorwiorwiorwiorwiorwiorwiorwiorw	
       29301000	     14550	8000234c	020f8233	mul	x4,x31,x0	 x31:0x07800031  x0:0x00000000  x4=0x00000000
       29353000	     14576	80002350	01c3b933	sltu	x18,x7,x28	  x7:0x00000000 x28:0xfffffba3 x18=0x00000001
       29355000	     14577	80002354	00bdc533	xor	x10,x27,x11	 x27:0xffffffff x11:0x8001afe5 x10=0x7ffe501a
       29373000	     14586	80002358	02593b33	mulhu	x22,x18,x5	 x18:0x00000001  x5:0x8001add4 x22=0x00000000
       29381000	     14590	8000235c	8ff9	c.and	x15,x14	 x15:0x60a581ea x14:0x00000000 x15=0x00000000
       29383000	     14591	8000235e	0ccfc093	xori	x1,x31,204	 x31:0x07800031  x1=0x078000fd
       29385000	     14592	80002362	9422	c.add	x8,x8	  x8:0xfffffeb8  x8:0xfffffeb8  x8=0xfffffd70
       29465000	     14632	80002364	02325eb3	divu	x29,x4,x3	  x4:0x00000000  x3:0x426f2000 x29=0x00000000
       29467000	     14633	80002368	84a2	c.mv	x9,x8	  x0:0x00000000  x8:0xfffffd70  x9=0xfffffd70
       29469000	     14634	8000236a	00235fb3	srl	x31,x6,x2	  x6:0x00000000  x2:0x00000190 x31=0x00000000
       29471000	     14635	8000236e	8fd1	c.or	x15,x12	 x15:0x00000000 x12:0xffffffff x15=0xffffffff
       29479000	     14639	80002370	02f79033	mulh	x0,x15,x15	 x15:0xffffffff x15:0xffffffff  x0=0x00000000
       29501000	     14650	80002374	41ec0db3	sub	x27,x24,x30	 x24:0x00000200 x30:0xffffffff x27=0x00000201
       29513000	     14656	80002378	8d2d	c.xor	x10,x11	 x10:0x7ffe501a x11:0x8001afe5 x10=0xffffffff
       29531000	     14665	8000237a	00e21733	sll	x14,x4,x14	  x4:0x00000000 x14:0x00000000 x14=0x00000000
       29535000	     14667	8000237e	02151963	bne	x10,x1,800023b0	 x10:0xffffffff  x1:0x078000fd  x0=0x00000000
       29563000	     14681	800023b0	02780ab3	mul	x21,x16,x7	 x16:0xffffffff  x7:0x00000000 x21=0x00000000
       29601000	     14700	800023b4	11d6e813	ori	x16,x13,285	 x13:0xfffa4a62 x16=0xfffa4b7f
       29617000	     14708	800023b8	693d	c.lui	x18,0xf	 x18=0x0000f000
       29619000	     14709	800023ba	01eadab3	srl	x21,x21,x30	 x21:0x00000000 x30:0xffffffff x21=0x00000000
       29669000	     14734	800023be	02708663	beq	x1,x7,800023ea	  x1:0x078000fd  x7:0x00000000  x0=0x00000000
       29671000	     14735	800023c2	8fa1	c.xor	x15,x8	 x15:0xffffffff  x8:0xfffffd70 x15=0x0000028f
       29675000	     14737	800023c4	036fe8b3	rem	x17,x31,x22	 x31:0x00000000 x22:0x00000000 x17=0x00000000
       29683000	     14741	800023c8	033133b3	mulhu	x7,x2,x19	  x2:0x00000190 x19:0x8001ee7c  x7=0x000000c8
       29705000	     14752	800023cc	02457d33	remu	x26,x10,x4	 x10:0xffffffff  x4:0x00000000 x26=0xffffffff
       29745000	     14772	800023d0	005d9c13	slli	x24,x27,0x5	 x27:0x00000201 x24=0x00004020
       29747000	     14773	800023d4	f4520013	addi	x0,x4,-187	  x4:0x00000000  x0=0x00000000
       29761000	     14780	800023d8	0318d763	bge	x17,x17,80002406	 x17:0x00000000 x17:0x00000000  x0=0x00000000
       29797000	     14798	80002406	00196263	bltu	x18,x1,8000240a	 x18:0x0000f000  x1:0x078000fd  x0=0x00000000
       29837000	     14818	8000240a	00388463	beq	x17,x3,80002412	 x17:0x00000000  x3:0x426f2000  x0=0x00000000
       29839000	     14819	8000240e	8d6d	c.and	x10,x11	 x10:0xffffffff x11:0x8001afe5 x10=0x8001afe5
       29877000	     14838	80002410	c70d	c.beqz	x14,8000243a	 x14:0x00000000
       29907000	     14853	8000243a	9d0e	c.add	x26,x3	 x26:0xffffffff  x3:0x426f2000 x26=0x426f1fff
       29909000	     14854	8000243c	03ecf063	bgeu	x25,x30,8000245c	 x25:0x00000000 x30:0xffffffff  x0=0x00000000
       29951000	     14875	80002440	dcfec713	xori	x14,x29,-561	 x29:0x00000000 x14=0xfffffdcf
       30025000	     14912	80002444	033e57b3	divu	x15,x28,x19	 x28:0xfffffba3 x19:0x8001ee7c x15=0x00000001
       30027000	     14913	80002448	8b0d	c.andi	x14,3	 x14:0xfffffdcf x14=0x00000003
       30029000	     14914	8000244a	87cd	c.srai	x15,0x13	 x15:0x00000001 x15=0x00000000
       30031000	     14915	8000244c	01d866b3	or	x13,x16,x29	 x16:0xfffa4b7f x29:0x00000000 x13=0xfffa4b7f
       30105000	     14952	80002450	0332e133	rem	x2,x5,x19	  x5:0x8001add4 x19:0x8001ee7c  x2=0xffffbf58
       30107000	     14953	80002454	02558563	beq	x11,x5,8000247e	 x11:0x8001afe5  x5:0x8001add4  x0=0x00000000
       30181000	     14990	80002458	03ed5bb3	divu	x23,x26,x30	 x26:0x426f1fff x30:0xffffffff x23=0x00000000
       30183000	     14991	8000245c	843d	c.srai	x8,0xf	  x8:0xfffffd70  x8=0xffffffff
       30185000	     14992	8000245e	0d9d	c.addi	x27,7	 x27:0x00000201 x27=0x00000208
       30187000	     14993	80002460	986a	c.add	x16,x26	 x16:0xfffa4b7f x26:0x426f1fff x16=0x42696b7e
       30189000	     14994	80002462	04a97263	bgeu	x18,x10,800024a6	 x18:0x0000f000 x10:0x8001afe5  x0=0x00000000
       30191000	     14995	80002466	00af3ab3	sltu	x21,x30,x10	 x30:0xffffffff x10:0x8001afe5 x21=0x00000000
       30213000	     15006	8000246a	0038e8b3	or	x17,x17,x3	 x17:0x00000000  x3:0x426f2000 x17=0x426f2000
       30277000	     15038	8000246e	0354feb3	remu	x29,x9,x21	  x9:0xfffffd70 x21:0x00000000 x29=0xfffffd70
       30351000	     15075	80002472	038a60b3	rem	x1,x20,x24	 x20:0xf1033f9e x24:0x00004020  x1=0xfffffa3e
       30353000	     15076	80002476	1e8c	c.addi4spn	x11,x2,880	 x11=0xffffc2c8
       30357000	     15078	80002478	04430063	beq	x6,x4,800024b8	  x6:0x00000000  x4:0x00000000  x0=0x00000000
       30373000	     15086	800024b8	02455133	divu	x2,x10,x4	 x10:0x8001afe5  x4:0x00000000  x2=0xffffffff
       30453000	     15126	800024bc	0234cd33	div	x26,x9,x3	  x9:0xfffffd70  x3:0x426f2000 x26=0x00000000
       30455000	     15127	800024c0	00b29e33	sll	x28,x5,x11	  x5:0x8001add4 x11:0xffffc2c8 x28=0x01add400
       30457000	     15128	800024c4	ca01	c.beqz	x12,800024d4	 x12:0xffffffff
       30459000	     15129	800024c6	8d4d	c.or	x10,x11	 x10:0x8001afe5 x11:0xffffc2c8 x10=0xffffefed
       30461000	     15130	800024c8	00f81213	slli	x4,x16,0xf	 x16:0x42696b7e  x4=0xb5bf0000
       30515000	     15157	800024cc	0ff0000f	fence	iorwiorwiorwiorwiorwiorwiorwiorwiorwiorwiorwiorwiorwiorwiorwiorwiorwiorwiorwiorwiorwiorwiorwiorwiorwiorwiorwiorwiorwiorwiorwiorwiorwiorwiorwiorwiorwiorwiorwiorwiorwiorwiorw,iorwiorwiorwiorwiorwiorwiorwiorwiorwiorwiorwiorwiorwiorwiorwiorwiorwiorwiorwiorwiorwiorwiorwiorwiorwiorwiorwiorwiorwiorwiorwiorwiorwiorwiorwiorwiorwiorwiorwiorwiorwiorwiorwiorw	
       30525000	     15162	800024d0	3fc57793	andi	x15,x10,1020	 x10:0xffffefed x15=0x000003ec
       30563000	     15181	800024d4	4124d893	srai	x17,x9,0x12	  x9:0xfffffd70 x17=0xffffffff
       30573000	     15186	800024d8	021eadb3	mulhsu	x27,x29,x1	 x29:0xfffffd70  x1:0xfffffa3e x27=0xfffffd70
       30609000	     15204	800024dc	0399de33	divu	x28,x19,x25	 x19:0x8001ee7c x25:0x00000000 x28=0xffffffff
       30611000	     15205	800024e0	0001	c.addi	x0,0	  x0:0x00000000  x0=0x00000000
       30613000	     15206	800024e2	015a9e33	sll	x28,x21,x21	 x21:0x00000000 x21:0x00000000 x28=0x00000000
       30627000	     15213	800024e6	247d3c13	sltiu	x24,x26,583	 x26:0x00000000 x24=0x00000001
       30639000	     15219	800024ea	037fd863	bge	x31,x23,8000251a	 x31:0x00000000 x23:0x00000000  x0=0x00000000
       30709000	     15254	8000251a	0001	c.addi	x0,0	  x0:0x00000000  x0=0x00000000
       30711000	     15255	8000251c	12afac93	slti	x25,x31,298	 x31:0x00000000 x25=0x00000001
       30737000	     15268	80002520	02cb3133	mulhu	x2,x22,x12	 x22:0x00000000 x12:0xffffffff  x2=0x00000000
       30747000	     15273	80002524	012f5eb3	srl	x29,x30,x18	 x30:0xffffffff x18:0x0000f000 x29=0xffffffff
       30779000	     15289	80002528	9f06	c.add	x30,x1	 x30:0xffffffff  x1:0xfffffa3e x30=0xfffffa3d
       30781000	     15290	8000252a	8e59	c.or	x12,x14	 x12:0xffffffff x14:0x00000003 x12=0xffffffff
       30819000	     15309	8000252c	016494b3	sll	x9,x9,x22	  x9:0xfffffd70 x22:0x00000000  x9=0xfffffd70
       30821000	     15310	80002530	1487fe93	andi	x29,x15,328	 x15:0x000003ec x29=0x00000148
       30869000	     15334	80002534	01526cb3	or	x25,x4,x21	  x4:0xb5bf0000 x21:0x00000000 x25=0xb5bf0000
       30879000	     15339	80002538	01040263	beq	x8,x16,8000253c	  x8:0xffffffff x16:0x42696b7e  x0=0x00000000
       30897000	     15348	8000253c	987d	c.andi	x8,-1	  x8:0xffffffff  x8=0xffffffff
       30945000	     15372	8000253e	02e936b3	mulhu	x13,x18,x14	 x18:0x0000f000 x14:0x00000003 x13=0x00000000
       30947000	     15373	80002542	f1cb2e13	slti	x28,x22,-228	 x22:0x00000000 x28=0x00000000
       30949000	     15374	80002546	459d	c.li	x11,7	 x11=0x00000007
       30959000	     15379	80002548	02652733	mulhsu	x14,x10,x6	 x10:0xffffefed  x6:0x00000000 x14=0x00000000
       30985000	     15392	8000254c	033e8b63	beq	x29,x19,80002582	 x29:0x00000148 x19:0x8001ee7c  x0=0x00000000
       30987000	     15393	80002550	41e55fb3	sra	x31,x10,x30	 x10:0xffffefed x30:0xfffffa3d x31=0xffffffff
       31013000	     15406	80002554	01083b33	sltu	x22,x16,x16	 x16:0x42696b7e x16:0x42696b7e x22=0x00000000
       31031000	     15415	80002558	006a5113	srli	x2,x20,0x6	 x20:0xf1033f9e  x2=0x03c40cfe
       31053000	     15426	8000255c	41c05a33	sra	x20,x0,x28	  x0:0x00000000 x28:0x00000000 x20=0x00000000
       31075000	     15437	80002560	024d0663	beq	x26,x4,8000258c	 x26:0x00000000  x4:0xb5bf0000  x0=0x00000000
       31097000	     15448	80002564	40a9dd13	srai	x26,x19,0xa	 x19:0x8001ee7c x26=0xffe0007b
       31111000	     15455	80002568	8f35	c.xor	x14,x13	 x14:0x00000000 x13:0x00000000 x14=0x00000000
       31127000	     15463	8000256a	0ff0000f	fence	iorwiorwiorwiorwiorwiorwiorwiorwiorwiorwiorwiorwiorwiorwiorwiorwiorwiorwiorwiorwiorwiorwiorwiorwiorwiorwiorwiorwiorwiorwiorwiorwiorwiorwiorwiorwiorwiorwiorwiorwiorwiorwiorwiorwiorw,iorwiorwiorwiorwiorwiorwiorwiorwiorwiorwiorwiorwiorwiorwiorwiorwiorwiorwiorwiorwiorwiorwiorwiorwiorwiorwiorwiorwiorwiorwiorwiorwiorwiorwiorwiorwiorwiorwiorwiorwiorwiorwiorwiorwiorwiorw	
       31137000	     15468	8000256e	009a9d63	bne	x21,x9,80002588	 x21:0x00000000  x9:0xfffffd70  x0=0x00000000
       31179000	     15489	80002588	02550c63	beq	x10,x5,800025c0	 x10:0xffffefed  x5:0x8001add4  x0=0x00000000
       31221000	     15510	8000258c	8761	c.srai	x14,0x18	 x14:0x00000000 x14=0x00000000
       31229000	     15514	8000258e	02beaf33	mulhsu	x30,x29,x11	 x29:0x00000148 x11:0x00000007 x30=0x00000000
       31247000	     15523	80002592	00485a13	srli	x20,x16,0x4	 x16:0x42696b7e x20=0x042696b7
       31333000	     15566	80002596	03b95ab3	divu	x21,x18,x27	 x18:0x0000f000 x27:0xfffffd70 x21=0x00000000
       31335000	     15567	8000259a	000c1733	sll	x14,x24,x0	 x24:0x00000001  x0:0x00000000 x14=0x00000001
       31337000	     15568	8000259e	c40d	c.beqz	x8,800025c8	  x8:0xffffffff
       31339000	     15569	800025a0	01d2a433	slt	x8,x5,x29	  x5:0x8001add4 x29:0x00000148  x8=0x00000001
       31361000	     15580	800025a4	6159	c.addi16sp	x2,400	  x2:0x03c40cfe  x2=0x03c40e8e
       31363000	     15581	800025a6	0eda	c.slli	x29,0x16	 x29:0x00000148 x29=0x52000000
       31403000	     15601	800025a8	00f9f833	and	x16,x19,x15	 x19:0x8001ee7c x15:0x000003ec x16=0x0000026c
       31409000	     15604	800025ac	00739233	sll	x4,x7,x7	  x7:0x000000c8  x7:0x000000c8  x4=0x0000c800
       31437000	     15618	800025b0	d97dea93	ori	x21,x27,-617	 x27:0xfffffd70 x21=0xfffffdf7
       31455000	     15627	800025b4	8cc9	c.or	x9,x10	  x9:0xfffffd70 x10:0xffffefed  x9=0xfffffffd
       31457000	     15628	800025b6	8df9	c.and	x11,x14	 x11:0x00000007 x14:0x00000001 x11=0x00000001
       31459000	     15629	800025b8	00f16c33	or	x24,x2,x15	  x2:0x03c40e8e x15:0x000003ec x24=0x03c40fee
       31471000	     15635	800025bc	405d0fb3	sub	x31,x26,x5	 x26:0xffe0007b  x5:0x8001add4 x31=0x7fde52a7
       31483000	     15641	800025c0	01494863	blt	x18,x20,800025d0	 x18:0x0000f000 x20:0x042696b7  x0=0x00000000
       31541000	     15670	800025d0	0206b833	mulhu	x16,x13,x0	 x13:0x00000000  x0:0x00000000 x16=0x00000000
       31543000	     15671	800025d4	d9d42a93	slti	x21,x8,-611	  x8:0x00000001 x21=0x00000000
       31633000	     15716	800025d8	02a271b3	remu	x3,x4,x10	  x4:0x0000c800 x10:0xffffefed  x3=0x0000c800
       31637000	     15718	800025dc	035bf733	remu	x14,x23,x21	 x23:0x00000000 x21:0x00000000 x14=0x00000000
       31641000	     15720	800025e0	02d3c5b3	div	x11,x7,x13	  x7:0x000000c8 x13:0x00000000 x11=0xffffffff
       31643000	     15721	800025e4	0078eab3	or	x21,x17,x7	 x17:0xffffffff  x7:0x000000c8 x21=0xffffffff
       31709000	     15754	800025e8	03699133	mulh	x2,x19,x22	 x19:0x8001ee7c x22:0x00000000  x2=0x00000000
       31711000	     15755	800025ec	237ff113	andi	x2,x31,567	 x31:0x7fde52a7  x2=0x00000227
       31715000	     15757	800025f0	03d51063	bne	x10,x29,80002610	 x10:0xffffefed x29:0x52000000  x0=0x00000000
       31781000	     15790	80002610	02b16763	bltu	x2,x11,8000263e	  x2:0x00000227 x11:0xffffffff  x0=0x00000000
       31853000	     15826	8000263e	40370b33	sub	x22,x14,x3	 x14:0x00000000  x3:0x0000c800 x22=0xffff3800
       31855000	     15827	80002642	717d	c.addi16sp	x2,-16	  x2:0x00000227  x2=0x00000217
       31895000	     15847	80002644	fc64b593	sltiu	x11,x9,-58	  x9:0xfffffffd x11=0x00000000
       31903000	     15851	80002648	19be6413	ori	x8,x28,411	 x28:0x00000000  x8=0x0000019b
       31947000	     15873	8000264c	0001	c.addi	x0,0	  x0:0x00000000  x0=0x00000000
       31949000	     15874	8000264e	958e	c.add	x11,x3	 x11:0x00000000  x3:0x0000c800 x11=0x0000c800
       31957000	     15878	80002650	02ef96b3	mulh	x13,x31,x14	 x31:0x7fde52a7 x14:0x00000000 x13=0x00000000
       31965000	     15882	80002654	032f3eb3	mulhu	x29,x30,x18	 x30:0x00000000 x18:0x0000f000 x29=0x00000000
       32045000	     15922	80002658	0343d5b3	divu	x11,x7,x20	  x7:0x000000c8 x20:0x042696b7 x11=0x00000000
       32119000	     15959	8000265c	02c86b33	rem	x22,x16,x12	 x16:0x00000000 x12:0xffffffff x22=0x00000000
       32121000	     15960	80002660	004f3b33	sltu	x22,x30,x4	 x30:0x00000000  x4:0x0000c800 x22=0x00000001
       32127000	     15963	80002664	02130d33	mul	x26,x6,x1	  x6:0x00000000  x1:0xfffffa3e x26=0x00000000
       32165000	     15982	80002668	01c59263	bne	x11,x28,8000266c	 x11:0x00000000 x28:0x00000000  x0=0x00000000
       32207000	     16003	8000266c	022d8e63	beq	x27,x2,800026a8	 x27:0xfffffd70  x2:0x00000217  x0=0x00000000
       32243000	     16021	80002670	67fef917	auipc	x18,0x67fef	 x18=0xe7ff1670
       32245000	     16022	80002674	8ca1	c.xor	x9,x8	  x9:0xfffffffd  x8:0x0000019b  x9=0xfffffe66
       32247000	     16023	80002676	fc6fe213	ori	x4,x31,-58	 x31:0x7fde52a7  x4=0xffffffe7
       32249000	     16024	8000267a	05c5	c.addi	x11,17	 x11:0x00000000 x11=0x00000011
       32273000	     16036	8000267c	ce85	c.beqz	x13,800026b4	 x13:0x00000000
       32289000	     16044	800026b4	2a613093	sltiu	x1,x2,678	  x2:0x00000217  x1=0x00000001
       32307000	     16053	800026b8	01c7fe33	and	x28,x15,x28	 x15:0x000003ec x28:0x00000000 x28=0x00000000
       32371000	     16085	800026bc	ea19	c.bnez	x12,800026d2	 x12:0xffffffff
       32449000	     16124	800026d2	02111663	bne	x2,x1,800026fe	  x2:0x00000217  x1:0x00000001  x0=0x00000000
       32457000	     16128	800026fe	8c3d	c.xor	x8,x15	  x8:0x0000019b x15:0x000003ec  x8=0x00000277
       32495000	     16147	80002700	8de5	c.and	x11,x9	 x11:0x00000011  x9:0xfffffe66 x11=0x00000000
       32497000	     16148	80002702	0002e3b3	or	x7,x5,x0	  x5:0x8001add4  x0:0x00000000  x7=0x8001add4
       32503000	     16151	80002706	05449163	bne	x9,x20,80002748	  x9:0xfffffe66 x20:0x042696b7  x0=0x00000000
       32527000	     16163	80002748	41ffdab3	sra	x21,x31,x31	 x31:0x7fde52a7 x31:0x7fde52a7 x21=0x00ffbca5
       32529000	     16164	8000274c	4105dab3	sra	x21,x11,x16	 x11:0x00000000 x16:0x00000000 x21=0x00000000
       32551000	     16175	80002750	131c	c.addi4spn	x15,x2,416	 x15=0x000003b7
       32593000	     16196	80002752	00841463	bne	x8,x8,8000275a	  x8:0x00000277  x8:0x00000277  x0=0x00000000
       32611000	     16205	80002756	3391a713	slti	x14,x3,825	  x3:0x0000c800 x14=0x00000000
       32613000	     16206	8000275a	03338763	beq	x7,x19,80002788	  x7:0x8001add4 x19:0x8001ee7c  x0=0x00000000
       32635000	     16217	8000275e	01d125b3	slt	x11,x2,x29	  x2:0x00000217 x29:0x00000000 x11=0x00000000
       32637000	     16218	80002762	8efd	c.and	x13,x15	 x13:0x00000000 x15:0x000003b7 x13=0x00000000
       32639000	     16219	80002764	0a6fcc13	xori	x24,x31,166	 x31:0x7fde52a7 x24=0x7fde5201
       32661000	     16230	80002768	0590e163	bltu	x1,x25,800027aa	  x1:0x00000001 x25:0xb5bf0000  x0=0x00000000
       32747000	     16273	800027aa	97f2	c.add	x15,x28	 x15:0x000003b7 x28:0x00000000 x15=0x000003b7
       32775000	     16287	800027ac	9bfd	c.andi	x15,-1	 x15:0x000003b7 x15=0x000003b7
       32777000	     16288	800027ae	682ea137	lui	x2,0x682ea	  x2=0x682ea000
       32779000	     16289	800027b2	8dd1	c.or	x11,x12	 x11:0x00000000 x12:0xffffffff x11=0xffffffff
       32891000	     16345	800027b4	032a60b3	rem	x1,x20,x18	 x20:0x042696b7 x18:0xe7ff1670  x1=0x042696b7
       32897000	     16348	800027b8	02d70db3	mul	x27,x14,x13	 x14:0x00000000 x13:0x00000000 x27=0x00000000
       32905000	     16352	800027bc	0310a3b3	mulhsu	x7,x1,x17	  x1:0x042696b7 x17:0xffffffff  x7=0x042696b6
       32907000	     16353	800027c0	60e1	c.lui	x1,0x18	  x1=0x00018000
       32915000	     16357	800027c2	009fea33	or	x20,x31,x9	 x31:0x7fde52a7  x9:0xfffffe66 x20=0xfffffee7
       32925000	     16362	800027c6	022f9433	mulh	x8,x31,x2	 x31:0x7fde52a7  x2:0x682ea000  x8=0x34099b71
       32927000	     16363	800027ca	03877563	bgeu	x14,x24,800027f4	 x14:0x00000000 x24:0x7fde5201  x0=0x00000000
       32943000	     16371	800027ce	41a60433	sub	x8,x12,x26	 x12:0xffffffff x26:0x00000000  x8=0xffffffff
       32965000	     16382	800027d2	039ee963	bltu	x29,x25,80002804	 x29:0x00000000 x25:0xb5bf0000  x0=0x00000000
       33003000	     16401	80002804	8899	c.andi	x9,6	  x9:0xfffffe66  x9=0x00000006
       33011000	     16405	80002806	0237abb3	mulhsu	x23,x15,x3	 x15:0x000003b7  x3:0x0000c800 x23=0x00000000
       33095000	     16447	8000280a	02acef33	rem	x30,x25,x10	 x25:0xb5bf0000 x10:0xffffefed x30=0xfffff4e9
       33097000	     16448	8000280e	01782fb3	slt	x31,x16,x23	 x16:0x00000000 x23:0x00000000 x31=0x00000000
       33101000	     16450	80002812	02244963	blt	x8,x2,80002844	  x8:0xffffffff  x2:0x682ea000  x0=0x00000000
       33127000	     16463	80002844	00460cb3	add	x25,x12,x4	 x12:0xffffffff  x4:0xffffffe7 x25=0xffffffe6
       33149000	     16474	80002848	1b7a9437	lui	x8,0x1b7a9	  x8=0x1b7a9000
       33193000	     16496	8000284c	f7c1f493	andi	x9,x3,-132	  x3:0x0000c800  x9=0x0000c800
       33287000	     16543	80002850	032f54b3	divu	x9,x30,x18	 x30:0xfffff4e9 x18:0xe7ff1670  x9=0x00000001
       33289000	     16544	80002854	8d85	c.sub	x11,x9	 x11:0xffffffff  x9:0x00000001 x11=0xfffffffe
       33291000	     16545	80002856	00ae0933	add	x18,x28,x10	 x28:0x00000000 x10:0xffffefed x18=0xffffefed
       33293000	     16546	8000285a	016b8ab3	add	x21,x23,x22	 x23:0x00000000 x22:0x00000001 x21=0x00000001
       33321000	     16560	8000285e	02bd0b33	mul	x22,x26,x11	 x26:0x00000000 x11:0xfffffffe x22=0x00000000
       33323000	     16561	80002862	8409	c.srai	x8,0x2	  x8:0x1b7a9000  x8=0x06dea400
       33339000	     16569	80002864	0102a833	slt	x16,x5,x16	  x5:0x8001add4 x16:0x00000000 x16=0x00000001
       33361000	     16580	80002868	413386b3	sub	x13,x7,x19	  x7:0x042696b6 x19:0x8001ee7c x13=0x8424a83a
       33389000	     16594	8000286c	0126d5b3	srl	x11,x13,x18	 x13:0x8424a83a x18:0xffffefed x11=0x00042125
       33417000	     16608	80002870	01e4b533	sltu	x10,x9,x30	  x9:0x00000001 x30:0xfffff4e9 x10=0x00000001
       33433000	     16616	80002874	03889c33	mulh	x24,x17,x24	 x17:0xffffffff x24:0x7fde5201 x24=0xffffffff
       33449000	     16624	80002878	03b6dc63	bge	x13,x27,800028b0	 x13:0x8424a83a x27:0x00000000  x0=0x00000000
       33487000	     16643	8000287c	85b9	c.srai	x11,0xe	 x11:0x00042125 x11=0x00000010
       33491000	     16645	8000287e	00899b63	bne	x19,x8,80002894	 x19:0x8001ee7c  x8:0x06dea400  x0=0x00000000
       33523000	     16661	80002894	00afd733	srl	x14,x31,x10	 x31:0x00000000 x10:0x00000001 x14=0x00000000
       33573000	     16686	80002898	0240b0b3	mulhu	x1,x1,x4	  x1:0x00018000  x4:0xffffffe7  x1=0x00017fff
       33575000	     16687	8000289c	009b5e93	srli	x29,x22,0x9	 x22:0x00000000 x29=0x00000000
       33603000	     16701	800028a0	c011	c.beqz	x8,800028a4	  x8:0x06dea400
       33605000	     16702	800028a2	0a31	c.addi	x20,12	 x20:0xfffffee7 x20=0xfffffef3
       33607000	     16703	800028a4	6e65	c.lui	x28,0x19	 x28=0x00019000
       33609000	     16704	800028a6	41585433	sra	x8,x16,x21	 x16:0x00000001 x21:0x00000001  x8=0x00000000
       33611000	     16705	800028aa	647d	c.lui	x8,0x1f	  x8=0x0001f000
       33621000	     16710	800028ac	192e3c13	sltiu	x24,x28,402	 x28:0x00019000 x24=0x00000000
       33695000	     16747	800028b0	0257c033	div	x0,x15,x5	 x15:0x000003b7  x5:0x8001add4  x0=0x00000000
       33703000	     16751	800028b4	03a59933	mulh	x18,x11,x26	 x11:0x00000010 x26:0x00000000 x18=0x00000000
       33705000	     16752	800028b8	0001	c.addi	x0,0	  x0:0x00000000  x0=0x00000000
       33707000	     16753	800028ba	06e9	c.addi	x13,26	 x13:0x8424a83a x13=0x8424a854
       33711000	     16755	800028bc	00e24663	blt	x4,x14,800028c8	  x4:0xffffffe7 x14:0x00000000  x0=0x00000000
       33777000	     16788	800028c8	008aceb3	xor	x29,x21,x8	 x21:0x00000001  x8:0x0001f000 x29=0x0001f001
       33891000	     16845	800028cc	033f55b3	divu	x11,x30,x19	 x30:0xfffff4e9 x19:0x8001ee7c x11=0x00000001
       33893000	     16846	800028d0	41925233	sra	x4,x4,x25	  x4:0xffffffe7 x25:0xffffffe6  x4=0xffffffff
       33895000	     16847	800028d4	007d9633	sll	x12,x27,x7	 x27:0x00000000  x7:0x042696b6 x12=0x00000000
       33897000	     16848	800028d8	006ed513	srli	x10,x29,0x6	 x29:0x0001f001 x10=0x000007c0
       33915000	     16857	800028dc	8e31	c.xor	x12,x12	 x12:0x00000000 x12:0x00000000 x12=0x00000000
       33919000	     16859	800028de	e19d	c.bnez	x11,80002904	 x11:0x00000001
       33965000	     16882	80002904	0001	c.addi	x0,0	  x0:0x00000000  x0=0x00000000
       34073000	     16936	80002906	02ba5c33	divu	x24,x20,x11	 x20:0xfffffef3 x11:0x00000001 x24=0xfffffef3
       34075000	     16937	8000290a	9bfd	c.andi	x15,-1	 x15:0x000003b7 x15=0x000003b7
       34077000	     16938	8000290c	3fd47813	andi	x16,x8,1021	  x8:0x0001f000 x16=0x00000000
       34085000	     16942	80002910	02cea3b3	mulhsu	x7,x29,x12	 x29:0x0001f001 x12:0x00000000  x7=0x00000000
       34089000	     16944	80002914	8325	c.srli	x14,0x9	 x14:0x00000000 x14=0x00000000
       34091000	     16945	80002916	0115bfb3	sltu	x31,x11,x17	 x11:0x00000001 x17:0xffffffff x31=0x00000001
       34113000	     16956	8000291a	c5ed35b7	lui	x11,0xc5ed3	 x11=0xc5ed3000
       34161000	     16980	8000291e	0222b8b3	mulhu	x17,x5,x2	  x5:0x8001add4  x2:0x682ea000 x17=0x3417feec
       34163000	     16981	80002922	0089	c.addi	x1,2	  x1:0x00017fff  x1=0x00018001
       34165000	     16982	80002924	41f0dfb3	sra	x31,x1,x31	  x1:0x00018001 x31:0x00000001 x31=0x0000c000
       34209000	     17004	80002928	8e95	c.sub	x13,x13	 x13:0x8424a854 x13:0x8424a854 x13=0x00000000
       34211000	     17005	8000292a	40745433	sra	x8,x8,x7	  x8:0x0001f000  x7:0x00000000  x8=0x0001f000
       34243000	     17021	8000292e	00b0d193	srli	x3,x1,0xb	  x1:0x00018001  x3=0x00000030
       34263000	     17031	80002932	40fcd693	srai	x13,x25,0xf	 x25:0xffffffe6 x13=0xffffffff
       34265000	     17032	80002936	8651	c.srai	x12,0x14	 x12:0x00000000 x12=0x00000000
       34269000	     17034	80002938	0378c7b3	div	x15,x17,x23	 x17:0x3417feec x23:0x00000000 x15=0xffffffff
       34271000	     17035	8000293c	0001	c.addi	x0,0	  x0:0x00000000  x0=0x00000000
       34295000	     17047	8000293e	03acb033	mulhu	x0,x25,x26	 x25:0xffffffe6 x26:0x00000000  x0=0x00000000
       34403000	     17101	80002942	033b4c33	div	x24,x22,x19	 x22:0x00000000 x19:0x8001ee7c x24=0x00000000
       34405000	     17102	80002946	01c2f433	and	x8,x5,x28	  x5:0x8001add4 x28:0x00019000  x8=0x00018000
       34407000	     17103	8000294a	2d2cee13	ori	x28,x25,722	 x25:0xffffffe6 x28=0xfffffff6
       34437000	     17118	8000294e	0238b833	mulhu	x16,x17,x3	 x17:0x3417feec  x3:0x00000030 x16=0x00000009
       34493000	     17146	80002952	f7b94493	xori	x9,x18,-133	 x18:0x00000000  x9=0xffffff7b
       34529000	     17164	80002956	02378633	mul	x12,x15,x3	 x15:0xffffffff  x3:0x00000030 x12=0xffffffd0
       34535000	     17167	8000295a	e2b53c93	sltiu	x25,x10,-469	 x10:0x000007c0 x25=0x00000001
       34649000	     17224	8000295e	03475933	divu	x18,x14,x20	 x14:0x00000000 x20:0xfffffef3 x18=0x00000000
       34651000	     17225	80002962	003af663	bgeu	x21,x3,8000296e	 x21:0x00000001  x3:0x00000030  x0=0x00000000
       34653000	     17226	80002966	ef0e3f13	sltiu	x30,x28,-272	 x28:0xfffffff6 x30=0x00000000
       34675000	     17237	8000296a	01c4eeb3	or	x29,x9,x28	  x9:0xffffff7b x28:0xfffffff6 x29=0xffffffff
       34695000	     17247	8000296e	018bbf33	sltu	x30,x23,x24	 x23:0x00000000 x24:0x00000000 x30=0x00000000
       34801000	     17300	80002972	025cc4b3	div	x9,x25,x5	 x25:0x00000001  x5:0x8001add4  x9=0x00000000
       34803000	     17301	80002976	41760eb3	sub	x29,x12,x23	 x12:0xffffffd0 x23:0x00000000 x29=0xffffffd0
       34805000	     17302	8000297a	0f868f93	addi	x31,x13,248	 x13:0xffffffff x31=0x000000f7
       34807000	     17303	8000297e	611d	c.addi16sp	x2,416	  x2:0x682ea000  x2=0x682ea1a0
       34827000	     17313	80002980	00d7bab3	sltu	x21,x15,x13	 x15:0xffffffff x13:0xffffffff x21=0x00000000
       34849000	     17324	80002984	dad98893	addi	x17,x19,-595	 x19:0x8001ee7c x17=0x8001ec29
       34875000	     17337	80002988	003b9133	sll	x2,x23,x3	 x23:0x00000000  x3:0x00000030  x2=0x00000000
       34889000	     17344	8000298c	c819	c.beqz	x8,800029a2	  x8:0x00018000
       34891000	     17345	8000298e	9d1e	c.add	x26,x7	 x26:0x00000000  x7:0x00000000 x26=0x00000000
       34911000	     17355	80002990	0001	c.addi	x0,0	  x0:0x00000000  x0=0x00000000
       34913000	     17356	80002992	c11d	c.beqz	x10,800029b8	 x10:0x000007c0
       34925000	     17362	80002994	6161	c.addi16sp	x2,80	  x2:0x00000000  x2=0x00000050
       34927000	     17363	80002996	0ab5	c.addi	x21,13	 x21:0x00000000 x21=0x0000000d
       34947000	     17373	80002998	41985a33	sra	x20,x16,x25	 x16:0x00000009 x25:0x00000001 x20=0x00000004
       35003000	     17401	8000299c	1b0dc913	xori	x18,x27,432	 x27:0x00000000 x18=0x000001b0
       35021000	     17410	800029a0	8dc5	c.or	x11,x9	 x11:0xc5ed3000  x9:0x00000000 x11=0xc5ed3000
       35061000	     17430	800029a2	00786633	or	x12,x16,x7	 x16:0x00000009  x7:0x00000000 x12=0x00000009
       35065000	     17432	800029a6	02776db3	rem	x27,x14,x7	 x14:0x00000000  x7:0x00000000 x27=0x00000000
       35067000	     17433	800029aa	8e42	c.mv	x28,x16	  x0:0x00000000 x16:0x00000009 x28=0x00000009
       35071000	     17435	800029ac	0001	c.addi	x0,0	  x0:0x00000000  x0=0x00000000
       35073000	     17436	800029ae	4098d913	srai	x18,x17,0x9	 x17:0x8001ec29 x18=0xffc000f6
       35075000	     17437	800029b2	8ccd	c.or	x9,x11	  x9:0x00000000 x11:0xc5ed3000  x9=0xc5ed3000
       35079000	     17439	800029b4	00622c33	slt	x24,x4,x6	  x4:0xffffffff  x6:0x00000000 x24=0x00000001
       35101000	     17450	800029b8	c49d	c.beqz	x9,800029e6	  x9:0xc5ed3000
       35123000	     17461	800029ba	e9627d93	andi	x27,x4,-362	  x4:0xffffffff x27=0xfffffe96
       35125000	     17462	800029be	02eb9263	bne	x23,x14,800029e2	 x23:0x00000000 x14:0x00000000  x0=0x00000000
       35127000	     17463	800029c2	410c5b33	sra	x22,x24,x16	 x24:0x00000001 x16:0x00000009 x22=0x00000000
       35129000	     17464	800029c6	15fd	c.addi	x11,-1	 x11:0xc5ed3000 x11=0xc5ed2fff
       35145000	     17472	800029c8	c811e713	ori	x14,x3,-895	  x3:0x00000030 x14=0xfffffcb1
       35161000	     17480	800029cc	01c504b3	add	x9,x10,x28	 x10:0x000007c0 x28:0x00000009  x9=0x000007c9
       35163000	     17481	800029d0	01149d33	sll	x26,x9,x17	  x9:0x000007c9 x17:0x8001ec29 x26=0x000f9200
       35191000	     17495	800029d4	02423933	mulhu	x18,x4,x4	  x4:0xffffffff  x4:0xffffffff x18=0xfffffffe
       35193000	     17496	800029d8	8fa1	c.xor	x15,x8	 x15:0xffffffff  x8:0x00018000 x15=0xfffe7fff
       35211000	     17505	800029da	05085163	bge	x16,x16,80002a1c	 x16:0x00000009 x16:0x00000009  x0=0x00000000
       35267000	     17533	80002a1c	00dc1413	slli	x8,x24,0xd	 x24:0x00000001  x8=0x00002000
       35285000	     17542	80002a20	01e09493	slli	x9,x1,0x1e	  x1:0x00018001  x9=0x40000000
       35327000	     17563	80002a24	0001	c.addi	x0,0	  x0:0x00000000  x0=0x00000000
       35329000	     17564	80002a26	8f8d	c.sub	x15,x11	 x15:0xfffe7fff x11:0xc5ed2fff x15=0x3a115000
       35331000	     17565	80002a28	8059	c.srli	x8,0x16	  x8:0x00002000  x8=0x00000000
       35353000	     17576	80002a2a	00210f63	beq	x2,x2,80002a48	  x2:0x00000050  x2:0x00000050  x0=0x00000000
       35403000	     17601	80002a48	404ddd93	srai	x27,x27,0x4	 x27:0xfffffe96 x27=0xffffffe9
       35455000	     17627	80002a4c	8cd9	c.or	x9,x14	  x9:0x40000000 x14:0xfffffcb1  x9=0xfffffcb1
       35457000	     17628	80002a4e	00a21733	sll	x14,x4,x10	  x4:0xffffffff x10:0x000007c0 x14=0xffffffff
       35459000	     17629	80002a52	0001	c.addi	x0,0	  x0:0x00000000  x0=0x00000000
       35479000	     17639	80002a54	0c49	c.addi	x24,18	 x24:0x00000001 x24=0x00000013
       35489000	     17644	80002a56	01d55913	srli	x18,x10,0x1d	 x10:0x000007c0 x18=0x00000000
       35511000	     17655	80002a5a	40485d33	sra	x26,x16,x4	 x16:0x00000009  x4:0xffffffff x26=0x00000000
       35513000	     17656	80002a5e	0001	c.addi	x0,0	  x0:0x00000000  x0=0x00000000
       35553000	     17676	80002a60	e809	c.bnez	x8,80002a72	  x8:0x00000000
       35579000	     17689	80002a62	40c98833	sub	x16,x19,x12	 x19:0x8001ee7c x12:0x00000009 x16=0x8001ee73
       35581000	     17690	80002a66	e1794793	xori	x15,x18,-489	 x18:0x00000000 x15=0xfffffe17
       35583000	     17691	80002a6a	8eb5	c.xor	x13,x13	 x13:0xffffffff x13:0xffffffff x13=0x00000000
       35619000	     17709	80002a6c	0171f133	and	x2,x3,x23	  x3:0x00000030 x23:0x00000000  x2=0x00000000
       35635000	     17717	80002a70	1694	c.addi4spn	x13,x2,864	 x13=0x00000360
       35637000	     17718	80002a72	008c2a33	slt	x20,x24,x8	 x24:0x00000013  x8:0x00000000 x20=0x00000000
       35639000	     17719	80002a76	1345bc93	sltiu	x25,x11,308	 x11:0xc5ed2fff x25=0x00000000
       35659000	     17729	80002a7a	0ff0000f	fence	iorwiorwiorwiorwiorwiorwiorwiorwiorwiorwiorwiorwiorwiorwiorwiorwiorwiorwiorwiorwiorwiorwiorwiorwiorwiorwiorwiorwiorwiorwiorwiorwiorwiorwiorwiorwiorwiorwiorwiorwiorwiorwiorwiorwiorwiorwiorw,iorwiorwiorwiorwiorwiorwiorwiorwiorwiorwiorwiorwiorwiorwiorwiorwiorwiorwiorwiorwiorwiorwiorwiorwiorwiorwiorwiorwiorwiorwiorwiorwiorwiorwiorwiorwiorwiorwiorwiorwiorwiorwiorwiorwiorwiorwiorwiorw	
       35665000	     17732	80002a7e	02ac03b3	mul	x7,x24,x10	 x24:0x00000013 x10:0x000007c0  x7=0x00009340
       35679000	     17739	80002a82	02178cb3	mul	x25,x15,x1	 x15:0xfffffe17  x1:0x00018001 x25=0xfd227e17
       35681000	     17740	80002a86	0ff0000f	fence	iorwiorwiorwiorwiorwiorwiorwiorwiorwiorwiorwiorwiorwiorwiorwiorwiorwiorwiorwiorwiorwiorwiorwiorwiorwiorwiorwiorwiorwiorwiorwiorwiorwiorwiorwiorwiorwiorwiorwiorwiorwiorwiorwiorwiorwiorwiorwiorwiorw,iorwiorwiorwiorwiorwiorwiorwiorwiorwiorwiorwiorwiorwiorwiorwiorwiorwiorwiorwiorwiorwiorwiorwiorwiorwiorwiorwiorwiorwiorwiorwiorwiorwiorwiorwiorwiorwiorwiorwiorwiorwiorwiorwiorwiorwiorwiorwiorwiorwiorw	
       35683000	     17741	80002a8a	ffcff593	andi	x11,x31,-4	 x31:0x000000f7 x11=0x000000f4
       35685000	     17742	80002a8e	947a	c.add	x8,x30	  x8:0x00000000 x30:0x00000000  x8=0x00000000
       35727000	     17763	80002a90	597d	c.li	x18,-1	 x18=0xffffffff
       35729000	     17764	80002a92	005756b3	srl	x13,x14,x5	 x14:0xffffffff  x5:0x8001add4 x13=0x00000fff
       35749000	     17774	80002a96	01e9dd33	srl	x26,x19,x30	 x19:0x8001ee7c x30:0x00000000 x26=0x8001ee7c
       35793000	     17796	80002a9a	0012fe33	and	x28,x5,x1	  x5:0x8001add4  x1:0x00018001 x28=0x00018000
       35795000	     17797	80002a9e	6131	c.addi16sp	x2,320	  x2:0x00000000  x2=0x00000140
       35799000	     17799	80002aa0	01c9d963	bge	x19,x28,80002ab2	 x19:0x8001ee7c x28:0x00018000  x0=0x00000000
       35807000	     17803	80002aa4	02872933	mulhsu	x18,x14,x8	 x14:0xffffffff  x8:0x00000000 x18=0x00000000
       35829000	     17814	80002aa8	03f7b233	mulhu	x4,x15,x31	 x15:0xfffffe17 x31:0x000000f7  x4=0x000000f6
       35831000	     17815	80002aac	0c14	c.addi4spn	x13,x2,528	 x13=0x00000350
       35859000	     17829	80002aae	e8044813	xori	x16,x8,-384	  x8:0x00000000 x16=0xfffffe80
       35861000	     17830	80002ab2	0001	c.addi	x0,0	  x0:0x00000000  x0=0x00000000
       35869000	     17834	80002ab4	01a066b3	or	x13,x0,x26	  x0:0x00000000 x26:0x8001ee7c x13=0x8001ee7c
       35893000	     17846	80002ab8	016bb6b3	sltu	x13,x23,x22	 x23:0x00000000 x22:0x00000000 x13=0x00000000
       35943000	     17871	80002abc	03178033	mul	x0,x15,x17	 x15:0xfffffe17 x17:0x8001ec29  x0=0x00000000
       35945000	     17872	80002ac0	006a1793	slli	x15,x20,0x6	 x20:0x00000000 x15=0x00000000
       35961000	     17880	80002ac4	010345b3	xor	x11,x6,x16	  x6:0x00000000 x16:0xfffffe80 x11=0xfffffe80
       36023000	     17911	80002ac8	010e8b33	add	x22,x29,x16	 x29:0xffffffd0 x16:0xfffffe80 x22=0xfffffe50
       36031000	     17915	80002acc	025293b3	mulh	x7,x5,x5	  x5:0x8001add4  x5:0x8001add4  x7=0x3ffe522e
       36047000	     17923	80002ad0	43d9	c.li	x7,22	  x7=0x00000016
       36103000	     17951	80002ad2	0ff0000f	fence	iorwiorwiorwiorwiorwiorwiorwiorwiorwiorwiorwiorwiorwiorwiorwiorwiorwiorwiorwiorwiorwiorwiorwiorwiorwiorwiorwiorwiorwiorwiorwiorwiorwiorwiorwiorwiorwiorwiorwiorwiorwiorwiorwiorwiorwiorwiorwiorwiorwiorwiorw,iorwiorwiorwiorwiorwiorwiorwiorwiorwiorwiorwiorwiorwiorwiorwiorwiorwiorwiorwiorwiorwiorwiorwiorwiorwiorwiorwiorwiorwiorwiorwiorwiorwiorwiorwiorwiorwiorwiorwiorwiorwiorwiorwiorwiorwiorwiorwiorwiorwiorwiorwiorw	
       36105000	     17952	80002ad6	0a29	c.addi	x20,10	 x20:0x00000000 x20=0x0000000a
       36107000	     17953	80002ad8	1a1c	c.addi4spn	x15,x2,304	 x15=0x00000270
       36199000	     17999	80002ada	03d7cb33	div	x22,x15,x29	 x15:0x00000270 x29:0xffffffd0 x22=0xfffffff3
       36201000	     18000	80002ade	01881913	slli	x18,x16,0x18	 x16:0xfffffe80 x18=0x80000000
       36203000	     18001	80002ae2	0273c863	blt	x7,x7,80002b12	  x7:0x00000016  x7:0x00000016  x0=0x00000000
       36241000	     18020	80002ae6	01422b33	slt	x22,x4,x20	  x4:0x000000f6 x20:0x0000000a x22=0x00000000
       36265000	     18032	80002aea	013f1433	sll	x8,x30,x19	 x30:0x00000000 x19:0x8001ee7c  x8=0x00000000
       36271000	     18035	80002aee	01b627b3	slt	x15,x12,x27	 x12:0x00000009 x27:0xffffffe9 x15=0x00000000
       36273000	     18036	80002af2	00ad	c.addi	x1,11	  x1:0x00018001  x1=0x0001800c
       36319000	     18059	80002af4	0252ab33	mulhsu	x22,x5,x5	  x5:0x8001add4  x5:0x8001add4 x22=0xc0000002
       36321000	     18060	80002af8	40a4db13	srai	x22,x9,0xa	  x9:0xfffffcb1 x22=0xffffffff
       36325000	     18062	80002afc	edafba37	lui	x20,0xedafb	 x20=0xedafb000
       36339000	     18069	80002b00	1d26ae97	auipc	x29,0x1d26a	 x29=0x9d26cb00
       36355000	     18077	80002b04	e9b06813	ori	x16,x0,-357	  x0:0x00000000 x16=0xfffffe9b
       36361000	     18080	80002b08	1e18	c.addi4spn	x14,x2,816	 x14=0x00000470
       36383000	     18091	80002b0a	00ada4b3	slt	x9,x27,x10	 x27:0xffffffe9 x10:0x000007c0  x9=0x00000001
       36431000	     18115	80002b0e	31344a93	xori	x21,x8,787	  x8:0x00000000 x21=0x00000313
       36433000	     18116	80002b12	393b0e13	addi	x28,x22,915	 x22:0xffffffff x28=0x00000392
       36469000	     18134	80002b16	b6bc8917	auipc	x18,0xb6bc8	 x18=0x36bcab16
       36583000	     18191	80002b1a	0388efb3	rem	x31,x17,x24	 x17:0x8001ec29 x24:0x00000013 x31=0xffffffee
       36585000	     18192	80002b1e	018c9113	slli	x2,x25,0x18	 x25:0xfd227e17  x2=0x17000000
       36587000	     18193	80002b22	01e321b3	slt	x3,x6,x30	  x6:0x00000000 x30:0x00000000  x3=0x00000000
       36589000	     18194	80002b26	0ad2	c.slli	x21,0x14	 x21:0x00000313 x21=0x31300000
       36591000	     18195	80002b28	ef9d	c.bnez	x15,80002b66	 x15:0x00000000
       36593000	     18196	80002b2a	85cd	c.srai	x11,0x13	 x11:0xfffffe80 x11=0xffffffff
       36617000	     18208	80002b2c	03d40763	beq	x8,x29,80002b5a	  x8:0x00000000 x29:0x9d26cb00  x0=0x00000000
       36651000	     18225	80002b30	1d053493	sltiu	x9,x10,464	 x10:0x000007c0  x9=0x00000000
       36661000	     18230	80002b34	0ff0000f	fence	iorwiorwiorwiorwiorwiorwiorwiorwiorwiorwiorwiorwiorwiorwiorwiorwiorwiorwiorwiorwiorwiorwiorwiorwiorwiorwiorwiorwiorwiorwiorwiorwiorwiorwiorwiorwiorwiorwiorwiorwiorwiorwiorwiorwiorwiorwiorwiorwiorwiorwiorwiorwiorw,iorwiorwiorwiorwiorwiorwiorwiorwiorwiorwiorwiorwiorwiorwiorwiorwiorwiorwiorwiorwiorwiorwiorwiorwiorwiorwiorwiorwiorwiorwiorwiorwiorwiorwiorwiorwiorwiorwiorwiorwiorwiorwiorwiorwiorwiorwiorwiorwiorwiorwiorwiorwiorwiorw	
       36695000	     18247	80002b38	1004	c.addi4spn	x9,x2,32	  x9=0x17000020
       36713000	     18256	80002b3a	03d41c63	bne	x8,x29,80002b72	  x8:0x00000000 x29:0x9d26cb00  x0=0x00000000
       36789000	     18294	80002b72	6ad1	c.lui	x21,0x14	 x21=0x00014000
       36863000	     18331	80002b74	0352c0b3	div	x1,x5,x21	  x5:0x8001add4 x21:0x00014000  x1=0xffff999b
       36865000	     18332	80002b78	398a8517	auipc	x10,0x398a8	 x10=0xb98aab78
       36867000	     18333	80002b7c	2d21b613	sltiu	x12,x3,722	  x3:0x00000000 x12=0x00000001
       36871000	     18335	80002b80	1bfd	c.addi	x23,-1	 x23:0x00000000 x23=0xffffffff
       36969000	     18384	80002b82	0215e0b3	rem	x1,x11,x1	 x11:0xffffffff  x1:0xffff999b  x1=0xffffffff
       36971000	     18385	80002b86	e009	c.bnez	x8,80002b88	  x8:0x00000000
       36973000	     18386	80002b88	6135	c.addi16sp	x2,352	  x2:0x17000000  x2=0x17000160
       36975000	     18387	80002b8a	02b18263	beq	x3,x11,80002bae	  x3:0x00000000 x11:0xffffffff  x0=0x00000000
       36979000	     18389	80002b8e	003ae863	bltu	x21,x3,80002b9e	 x21:0x00014000  x3:0x00000000  x0=0x00000000
       36981000	     18390	80002b92	845d	c.srai	x8,0x17	  x8:0x00000000  x8=0x00000000
       37009000	     18404	80002b94	6145	c.addi16sp	x2,48	  x2:0x17000160  x2=0x17000190
       37011000	     18405	80002b96	8c69	c.and	x8,x10	  x8:0x00000000 x10:0xb98aab78  x8=0x00000000
       37021000	     18410	80002b98	e0a9	c.bnez	x9,80002bda	  x9:0x17000020
       37079000	     18439	80002bda	0386	c.slli	x7,0x1	  x7:0x00000016  x7=0x0000002c
       37089000	     18444	80002bdc	2b7c3513	sltiu	x10,x24,695	 x24:0x00000013 x10=0x00000001
       37093000	     18446	80002be0	007db7b3	sltu	x15,x27,x7	 x27:0xffffffe9  x7:0x0000002c x15=0x00000000
       37121000	     18460	80002be4	016e88b3	add	x17,x29,x22	 x29:0x9d26cb00 x22:0xffffffff x17=0x9d26caff
       37129000	     18464	80002be8	07ba6793	ori	x15,x20,123	 x20:0xedafb000 x15=0xedafb07b
       37161000	     18480	80002bec	67e1	c.lui	x15,0x18	 x15=0x00018000
       37167000	     18483	80002bee	c2d82f93	slti	x31,x16,-979	 x16:0xfffffe9b x31=0x00000000
       37169000	     18484	80002bf2	1600	c.addi4spn	x8,x2,800	  x8=0x170004b0
       37209000	     18504	80002bf4	40f15213	srai	x4,x2,0xf	  x2:0x17000190  x4=0x00002e00
       37211000	     18505	80002bf8	8c71	c.and	x8,x12	  x8:0x170004b0 x12:0x00000001  x8=0x00000000
       37213000	     18506	80002bfa	8aae	c.mv	x21,x11	  x0:0x00000000 x11:0xffffffff x21=0xffffffff
       37235000	     18517	80002bfc	79764cb7	lui	x25,0x79764	 x25=0x79764000
       37241000	     18520	80002c00	00654c63	blt	x10,x6,80002c18	 x10:0x00000001  x6:0x00000000  x0=0x00000000
       37249000	     18524	80002c04	023f1e33	mulh	x28,x30,x3	 x30:0x00000000  x3:0x00000000 x28=0x00000000
       37251000	     18525	80002c08	008a63b3	or	x7,x20,x8	 x20:0xedafb000  x8:0x00000000  x7=0xedafb000
       37267000	     18533	80002c0c	8005	c.srli	x8,0x1	  x8:0x00000000  x8=0x00000000
       37303000	     18551	80002c0e	01dd5db3	srl	x27,x26,x29	 x26:0x8001ee7c x29:0x9d26cb00 x27=0x8001ee7c
       37305000	     18552	80002c12	8cb5	c.xor	x9,x13	  x9:0x17000020 x13:0x00000000  x9=0x17000020
       37345000	     18572	80002c14	350f8c93	addi	x25,x31,848	 x31:0x00000000 x25=0x00000350
       37347000	     18573	80002c18	25806197	auipc	x3,0x25806	  x3=0xa5808c18
       37373000	     18586	80002c1c	ef216913	ori	x18,x2,-270	  x2:0x17000190 x18=0xfffffff2
       37451000	     18625	80002c20	029b5e33	divu	x28,x22,x9	 x22:0xffffffff  x9:0x17000020 x28=0x0000000b
       37453000	     18626	80002c24	4190d113	srai	x2,x1,0x19	  x1:0xffffffff  x2=0xffffffff
       37457000	     18628	80002c28	eb05	c.bnez	x14,80002c58	 x14:0x00000470
       37491000	     18645	80002c58	0001	c.addi	x0,0	  x0:0x00000000  x0=0x00000000
       37529000	     18664	80002c5a	04f4f163	bgeu	x9,x15,80002c9c	  x9:0x17000020 x15:0x00018000  x0=0x00000000
       37535000	     18667	80002c5e	56ae7cb7	lui	x25,0x56ae7	 x25=0x56ae7000
       37547000	     18673	80002c62	016603b3	add	x7,x12,x22	 x12:0x00000001 x22:0xffffffff  x7=0x00000000
       37593000	     18696	80002c66	0175a233	slt	x4,x11,x23	 x11:0xffffffff x23:0xffffffff  x4=0x00000000
       37595000	     18697	80002c6a	00f98863	beq	x19,x15,80002c7a	 x19:0x8001ee7c x15:0x00018000  x0=0x00000000
       37597000	     18698	80002c6e	c2448893	addi	x17,x9,-988	  x9:0x17000020 x17=0x16fffc44
       37639000	     18719	80002c72	8f5f6fb7	lui	x31,0x8f5f6	 x31=0x8f5f6000
       37753000	     18776	80002c76	033dc3b3	div	x7,x27,x19	 x27:0x8001ee7c x19:0x8001ee7c  x7=0x00000001
       37755000	     18777	80002c7a	02b0e863	bltu	x1,x11,80002caa	  x1:0xffffffff x11:0xffffffff  x0=0x00000000
       37757000	     18778	80002c7e	b3b7fb17	auipc	x22,0xb3b7f	 x22=0x33b81c7e
       37871000	     18835	80002c82	03774bb3	div	x23,x14,x23	 x14:0x00000470 x23:0xffffffff x23=0xfffffb90
       37875000	     18837	80002c86	05219363	bne	x3,x18,80002ccc	  x3:0xa5808c18 x18:0xfffffff2  x0=0x00000000
       37915000	     18857	80002ccc	414ed133	sra	x2,x29,x20	 x29:0x9d26cb00 x20:0xedafb000  x2=0x9d26cb00
       37923000	     18861	80002cd0	031e2c33	mulhsu	x24,x28,x17	 x28:0x0000000b x17:0x16fffc44 x24=0x00000000
       37971000	     18885	80002cd4	0001	c.addi	x0,0	  x0:0x00000000  x0=0x00000000
       37973000	     18886	80002cd6	0001	c.addi	x0,0	  x0:0x00000000  x0=0x00000000
       38013000	     18906	80002cd8	83a5	c.srli	x15,0x9	 x15:0x00018000 x15=0x000000c0
       38015000	     18907	80002cda	847d	c.srai	x8,0x1f	  x8:0x00000000  x8=0x00000000
       38023000	     18911	80002cdc	03ac3433	mulhu	x8,x24,x26	 x24:0x00000000 x26:0x8001ee7c  x8=0x00000000
       38097000	     18948	80002ce0	0211c7b3	div	x15,x3,x1	  x3:0xa5808c18  x1:0xffffffff x15=0x5a7f73e8
       38171000	     18985	80002ce4	03af4b33	div	x22,x30,x26	 x30:0x00000000 x26:0x8001ee7c x22=0x00000000
       38179000	     18989	80002ce8	03e21c33	mulh	x24,x4,x30	  x4:0x00000000 x30:0x00000000 x24=0x00000000
       38181000	     18990	80002cec	0001	c.addi	x0,0	  x0:0x00000000  x0=0x00000000
       38187000	     18993	80002cee	034281b3	mul	x3,x5,x20	  x5:0x8001add4 x20:0xedafb000  x3=0x3f6dc000
       38189000	     18994	80002cf2	019c9033	sll	x0,x25,x25	 x25:0x56ae7000 x25:0x56ae7000  x0=0x00000000
       38207000	     19003	80002cf6	0a57a493	slti	x9,x15,165	 x15:0x5a7f73e8  x9=0x00000000
       38209000	     19004	80002cfa	1a7d	c.addi	x20,-1	 x20:0xedafb000 x20=0xedafafff
       38211000	     19005	80002cfc	c311	c.beqz	x14,80002d00	 x14:0x00000470
       38213000	     19006	80002cfe	0001	c.addi	x0,0	  x0:0x00000000  x0=0x00000000
       38227000	     19013	80002d00	0001	c.addi	x0,0	  x0:0x00000000  x0=0x00000000
       38229000	     19014	80002d02	0001	c.addi	x0,0	  x0:0x00000000  x0=0x00000000
       38231000	     19015	80002d04	0145abb3	slt	x23,x11,x20	 x11:0xffffffff x20:0xedafafff x23=0x00000000
       38277000	     19038	80002d08	03331063	bne	x6,x19,80002d28	  x6:0x00000000 x19:0x8001ee7c  x0=0x00000000
       38323000	     19061	80002d28	038e60b3	rem	x1,x28,x24	 x28:0x0000000b x24:0x00000000  x1=0x0000000b
       38331000	     19065	80002d2c	00182933	slt	x18,x16,x1	 x16:0xfffffe9b  x1:0x0000000b x18=0x00000001
       38333000	     19066	80002d30	01992633	slt	x12,x18,x25	 x18:0x00000001 x25:0x56ae7000 x12=0x00000001
       38375000	     19087	80002d34	01d07f63	bgeu	x0,x29,80002d52	  x0:0x00000000 x29:0x9d26cb00  x0=0x00000000
       38389000	     19094	80002d38	0586	c.slli	x11,0x1	 x11:0xffffffff x11=0xfffffffe
       38417000	     19108	80002d3a	027d1eb3	mulh	x29,x26,x7	 x26:0x8001ee7c  x7:0x00000001 x29=0xffffffff
       38437000	     19118	80002d3e	107e6d93	ori	x27,x28,263	 x28:0x0000000b x27=0x0000010f
       38439000	     19119	80002d42	8ad2	c.mv	x21,x20	  x0:0x00000000 x20:0xedafafff x21=0xedafafff
       38443000	     19121	80002d44	006f1e13	slli	x28,x30,0x6	 x30:0x00000000 x28=0x00000000
       38461000	     19130	80002d48	007f45b3	xor	x11,x30,x7	 x30:0x00000000  x7:0x00000001 x11=0x00000001
       38483000	     19141	80002d4c	8f1d	c.sub	x14,x15	 x14:0x00000470 x15:0x5a7f73e8 x14=0xa5809088
       38489000	     19144	80002d4e	03ebc933	div	x18,x23,x30	 x23:0x00000000 x30:0x00000000 x18=0xffffffff
       38491000	     19145	80002d52	01bb8733	add	x14,x23,x27	 x23:0x00000000 x27:0x0000010f x14=0x0000010f
       38493000	     19146	80002d56	014a	c.slli	x2,0x12	  x2:0x9d26cb00  x2=0x2c000000
       38533000	     19166	80002d58	eb95	c.bnez	x15,80002d8c	 x15:0x5a7f73e8
       38559000	     19179	80002d8c	05807063	bgeu	x0,x24,80002dcc	  x0:0x00000000 x24:0x00000000  x0=0x00000000
       38631000	     19215	80002dcc	1d36ac93	slti	x25,x13,467	 x13:0x00000000 x25=0x00000001
       38675000	     19237	80002dd0	0359ca63	blt	x19,x21,80002e04	 x19:0x8001ee7c x21:0xedafafff  x0=0x00000000
       38783000	     19291	80002e04	d9118893	addi	x17,x3,-623	  x3:0x3f6dc000 x17=0x3f6dbd91
       38799000	     19299	80002e08	0105afb3	slt	x31,x11,x16	 x11:0x00000001 x16:0xfffffe9b x31=0x00000000
       38841000	     19320	80002e0c	012d5413	srli	x8,x26,0x12	 x26:0x8001ee7c  x8=0x00002000
       38923000	     19361	80002e10	0399c5b3	div	x11,x19,x25	 x19:0x8001ee7c x25:0x00000001 x11=0x8001ee7c
       38925000	     19362	80002e14	009e01b3	add	x3,x28,x9	 x28:0x00000000  x9:0x00000000  x3=0x00000000
       38927000	     19363	80002e18	384dc513	xori	x10,x27,900	 x27:0x0000010f x10=0x0000028b
       38929000	     19364	80002e1c	006b5193	srli	x3,x22,0x6	 x22:0x00000000  x3=0x00000000
       38947000	     19373	80002e20	16e18113	addi	x2,x3,366	  x3:0x00000000  x2=0x0000016e
       38949000	     19374	80002e24	8f8d	c.sub	x15,x11	 x15:0x5a7f73e8 x11:0x8001ee7c x15=0xda7d856c
       38951000	     19375	80002e26	0232e663	bltu	x5,x3,80002e52	  x5:0x8001add4  x3:0x00000000  x0=0x00000000
       39019000	     19409	80002e2a	032113b3	mulh	x7,x2,x18	  x2:0x0000016e x18:0xffffffff  x7=0xffffffff
       39021000	     19410	80002e2e	0ff0000f	fence	iorwiorwiorwiorwiorwiorwiorwiorwiorwiorwiorwiorwiorwiorwiorwiorwiorwiorwiorwiorwiorwiorwiorwiorwiorwiorwiorwiorwiorwiorwiorwiorwiorwiorwiorwiorwiorwiorwiorwiorwiorwiorwiorwiorwiorwiorwiorwiorwiorwiorwiorwiorwiorwiorwiorw,iorwiorwiorwiorwiorwiorwiorwiorwiorwiorwiorwiorwiorwiorwiorwiorwiorwiorwiorwiorwiorwiorwiorwiorwiorwiorwiorwiorwiorwiorwiorwiorwiorwiorwiorwiorwiorwiorwiorwiorwiorwiorwiorwiorwiorwiorwiorwiorwiorwiorwiorwiorwiorwiorwiorwiorw	
       39023000	     19411	80002e32	50fd	c.li	x1,-1	  x1=0xffffffff
       39033000	     19416	80002e34	d2156d93	ori	x27,x10,-735	 x10:0x0000028b x27=0xffffffab
       39041000	     19420	80002e38	87be	c.mv	x15,x15	  x0:0x00000000 x15:0xda7d856c x15=0xda7d856c
       39043000	     19421	80002e3a	0490	c.addi4spn	x12,x2,576	 x12=0x000003ae
       39063000	     19431	80002e3c	717d	c.addi16sp	x2,-16	  x2:0x0000016e  x2=0x0000015e
       39067000	     19433	80002e3e	038bc933	div	x18,x23,x24	 x23:0x00000000 x24:0x00000000 x18=0xffffffff
       39099000	     19449	80002e42	010a8933	add	x18,x21,x16	 x21:0xedafafff x16:0xfffffe9b x18=0xedafae9a
       39205000	     19502	80002e46	0271cd33	div	x26,x3,x7	  x3:0x00000000  x7:0xffffffff x26=0x00000000
       39207000	     19503	80002e4a	a7ec2d17	auipc	x26,0xa7ec2	 x26=0x27ec4e4a
       39209000	     19504	80002e4e	951873b7	lui	x7,0x95187	  x7=0x95187000
       39227000	     19513	80002e52	c78aa013	slti	x0,x21,-904	 x21:0xedafafff  x0=0x00000000
       39229000	     19514	80002e56	717d	c.addi16sp	x2,-16	  x2:0x0000015e  x2=0x0000014e
       39235000	     19517	80002e58	009e	c.slli	x1,0x7	  x1:0xffffffff  x1=0xffffff80
       39251000	     19525	80002e5a	03200a33	mul	x20,x0,x18	  x0:0x00000000 x18:0xedafae9a x20=0x00000000
       39253000	     19526	80002e5e	01fd4563	blt	x26,x31,80002e68	 x26:0x27ec4e4a x31:0x00000000  x0=0x00000000
       39255000	     19527	80002e62	6169	c.addi16sp	x2,208	  x2:0x0000014e  x2=0x0000021e
       39269000	     19534	80002e64	009fdd33	srl	x26,x31,x9	 x31:0x00000000  x9:0x00000000 x26=0x00000000
       39287000	     19543	80002e68	0001	c.addi	x0,0	  x0:0x00000000  x0=0x00000000
       39291000	     19545	80002e6a	cc85	c.beqz	x9,80002ea2	  x9:0x00000000
       39317000	     19558	80002ea2	4bbd	c.li	x23,15	 x23=0x0000000f
       39331000	     19565	80002ea4	00168733	add	x14,x13,x1	 x13:0x00000000  x1:0xffffff80 x14=0xffffff80
       39355000	     19577	80002ea8	0026d833	srl	x16,x13,x2	 x13:0x00000000  x2:0x0000021e x16=0x00000000
       39375000	     19587	80002eac	00821813	slli	x16,x4,0x8	  x4:0x00000000 x16=0x00000000
       39423000	     19611	80002eb0	ea1a4b13	xori	x22,x20,-351	 x20:0x00000000 x22=0xfffffea1
       39425000	     19612	80002eb4	01f7d933	srl	x18,x15,x31	 x15:0xda7d856c x31:0x00000000 x18=0xda7d856c
       39473000	     19636	80002eb8	030b28b3	mulhsu	x17,x22,x16	 x22:0xfffffea1 x16:0x00000000 x17=0x00000000
       39479000	     19639	80002ebc	021e0d33	mul	x26,x28,x1	 x28:0x00000000  x1:0xffffff80 x26=0x00000000
       39519000	     19659	80002ec0	6dc48d97	auipc	x27,0x6dc48	 x27=0xedc4aec0
       39561000	     19680	80002ec4	006da1b3	slt	x3,x27,x6	 x27:0xedc4aec0  x6:0x00000000  x3=0x00000001
       39563000	     19681	80002ec8	197d	c.addi	x18,-1	 x18:0xda7d856c x18=0xda7d856b
       39591000	     19695	80002eca	03da37b3	mulhu	x15,x20,x29	 x20:0x00000000 x29:0xffffffff x15=0x00000000
       39627000	     19713	80002ece	33c06f13	ori	x30,x0,828	  x0:0x00000000 x30=0x0000033c
       39629000	     19714	80002ed2	0001	c.addi	x0,0	  x0:0x00000000  x0=0x00000000
       39645000	     19722	80002ed4	67b9	c.lui	x15,0xe	 x15=0x0000e000
       39647000	     19723	80002ed6	00a98263	beq	x19,x10,80002eda	 x19:0x8001ee7c x10:0x0000028b  x0=0x00000000
       39649000	     19724	80002eda	8c91	c.sub	x9,x12	  x9:0x00000000 x12:0x000003ae  x9=0xfffffc52
       39709000	     19754	80002edc	021c5363	bge	x24,x1,80002f02	 x24:0x00000000  x1:0xffffff80  x0=0x00000000
       39739000	     19769	80002ee0	8c0d	c.sub	x8,x11	  x8:0x00002000 x11:0x8001ee7c  x8=0x7ffe3184
       39755000	     19777	80002ee2	03598533	mul	x10,x19,x21	 x19:0x8001ee7c x21:0xedafafff x10=0xa6b75184
       39757000	     19778	80002ee6	68b9	c.lui	x17,0xe	 x17=0x0000e000
       39775000	     19787	80002ee8	02bdb833	mulhu	x16,x27,x11	 x27:0xedc4aec0 x11:0x8001ee7c x16=0x76e422a4
       39777000	     19788	80002eec	0001	c.addi	x0,0	  x0:0x00000000  x0=0x00000000
       39837000	     19818	80002eee	01608763	beq	x1,x22,80002efc	  x1:0xffffff80 x22:0xfffffea1  x0=0x00000000
       39839000	     19819	80002ef2	8db9	c.xor	x11,x14	 x11:0x8001ee7c x14:0xffffff80 x11=0x7ffe11fc
       39841000	     19820	80002ef4	002bf633	and	x12,x23,x2	 x23:0x0000000f  x2:0x0000021e x12=0x0000000e
       39869000	     19834	80002ef8	00b79093	slli	x1,x15,0xb	 x15:0x0000e000  x1=0x07000000
       39903000	     19851	80002efc	40b08833	sub	x16,x1,x11	  x1:0x07000000 x11:0x7ffe11fc x16=0x8701ee04
       39917000	     19858	80002f00	9736	c.add	x14,x13	 x14:0xffffff80 x13:0x00000000 x14=0xffffff80
       39927000	     19863	80002f02	01be8863	beq	x29,x27,80002f12	 x29:0xffffffff x27:0xedc4aec0  x0=0x00000000
       39929000	     19864	80002f06	914e	c.add	x2,x19	  x2:0x0000021e x19:0x8001ee7c  x2=0x8001f09a
       39969000	     19884	80002f08	0195af33	slt	x30,x11,x25	 x11:0x7ffe11fc x25:0x00000001 x30=0x00000000
       39971000	     19885	80002f0c	00369c13	slli	x24,x13,0x3	 x13:0x00000000 x24=0x00000000
       39993000	     19896	80002f10	0001	c.addi	x0,0	  x0:0x00000000  x0=0x00000000
       39995000	     19897	80002f12	c805	c.beqz	x8,80002f42	  x8:0x7ffe3184
       40029000	     19914	80002f14	8cfd	c.and	x9,x15	  x9:0xfffffc52 x15:0x0000e000  x9=0x0000e000
       40031000	     19915	80002f16	8fd9	c.or	x15,x14	 x15:0x0000e000 x14:0xffffff80 x15=0xffffff80
       40037000	     19918	80002f18	8b8a	c.mv	x23,x2	  x0:0x00000000  x2:0x8001f09a x23=0x8001f09a
       40039000	     19919	80002f1a	717d	c.addi16sp	x2,-16	  x2:0x8001f09a  x2=0x8001f08a
       40051000	     19925	80002f1c	0320ff63	bgeu	x1,x18,80002f5a	  x1:0x07000000 x18:0xda7d856b  x0=0x00000000
       40059000	     19929	80002f20	03821b63	bne	x4,x24,80002f56	  x4:0x00000000 x24:0x00000000  x0=0x00000000
       40091000	     19945	80002f24	1d77c693	xori	x13,x15,471	 x15:0xffffff80 x13=0xfffffe57
       40097000	     19948	80002f28	a73ea617	auipc	x12,0xa73ea	 x12=0x273ecf28
       40121000	     19960	80002f2c	00225133	srl	x2,x4,x2	  x4:0x00000000  x2:0x8001f08a  x2=0x00000000
       40159000	     19979	80002f30	0318a733	mulhsu	x14,x17,x17	 x17:0x0000e000 x17:0x0000e000 x14=0x00000000
       40173000	     19986	80002f34	03c4aeb3	mulhsu	x29,x9,x28	  x9:0x0000e000 x28:0x00000000 x29=0x00000000
       40175000	     19987	80002f38	0186d4b3	srl	x9,x13,x24	 x13:0xfffffe57 x24:0x00000000  x9=0xfffffe57
       40263000	     20031	80002f3c	0294d4b3	divu	x9,x9,x9	  x9:0xfffffe57  x9:0xfffffe57  x9=0x00000001
       40265000	     20032	80002f40	8522	c.mv	x10,x8	  x0:0x00000000  x8:0x7ffe3184 x10=0x7ffe3184
       40267000	     20033	80002f42	409e01b3	sub	x3,x28,x9	 x28:0x00000000  x9:0x00000001  x3=0xffffffff
       40269000	     20034	80002f46	006aa733	slt	x14,x21,x6	 x21:0xedafafff  x6:0x00000000 x14=0x00000001
       40325000	     20062	80002f4a	007a7eb3	and	x29,x20,x7	 x20:0x00000000  x7:0x95187000 x29=0x00000000
       40413000	     20106	80002f4e	02d4db33	divu	x22,x9,x13	  x9:0x00000001 x13:0xfffffe57 x22=0x00000000
       40415000	     20107	80002f52	8d99	c.sub	x11,x14	 x11:0x7ffe11fc x14:0x00000001 x11=0x7ffe11fb
       40417000	     20108	80002f54	0e14	c.addi4spn	x13,x2,784	 x13=0x00000310
       40419000	     20109	80002f56	400a0133	sub	x2,x20,x0	 x20:0x00000000  x0:0x00000000  x2=0x00000000
       40437000	     20118	80002f5a	0f076193	ori	x3,x14,240	 x14:0x00000001  x3=0x000000f1
       40441000	     20120	80002f5e	03e47733	remu	x14,x8,x30	  x8:0x7ffe3184 x30:0x00000000 x14=0x7ffe3184
       40443000	     20121	80002f62	98fa	c.add	x17,x30	 x17:0x0000e000 x30:0x00000000 x17=0x0000e000
       40485000	     20142	80002f64	4609	c.li	x12,2	 x12=0x00000002
       40559000	     20179	80002f66	02875433	divu	x8,x14,x8	 x14:0x7ffe3184  x8:0x7ffe3184  x8=0x00000001
       40561000	     20180	80002f6a	6d0d	c.lui	x26,0x3	 x26=0x00003000
       40563000	     20181	80002f6c	8e35	c.xor	x12,x13	 x12:0x00000002 x13:0x00000310 x12=0x00000312
       40571000	     20185	80002f6e	029720b3	mulhsu	x1,x14,x9	 x14:0x7ffe3184  x9:0x00000001  x1=0x00000000
       40573000	     20186	80002f72	64e1	c.lui	x9,0x18	  x9=0x00018000
       40607000	     20203	80002f74	0691	c.addi	x13,4	 x13:0x00000310 x13=0x00000314
       40609000	     20204	80002f76	01835e33	srl	x28,x6,x24	  x6:0x00000000 x24:0x00000000 x28=0x00000000
       40703000	     20251	80002f7a	0333d8b3	divu	x17,x7,x19	  x7:0x95187000 x19:0x8001ee7c x17=0x00000001
       40705000	     20252	80002f7e	6141	c.addi16sp	x2,16	  x2:0x00000000  x2=0x00000010
       40779000	     20289	80002f80	02b46fb3	rem	x31,x8,x11	  x8:0x00000001 x11:0x7ffe11fb x31=0x00000001
       40781000	     20290	80002f84	000b0cb3	add	x25,x22,x0	 x22:0x00000000  x0:0x00000000 x25=0x00000000
       40783000	     20291	80002f88	01f10a63	beq	x2,x31,80002f9c	  x2:0x00000010 x31:0x00000001  x0=0x00000000
       40785000	     20292	80002f8c	8429	c.srai	x8,0xa	  x8:0x00000001  x8=0x00000000
       40793000	     20296	80002f8e	02dbbcb3	mulhu	x25,x23,x13	 x23:0x8001f09a x13:0x00000314 x25=0x0000018a
       40829000	     20314	80002f92	419c5213	srai	x4,x24,0x19	 x24:0x00000000  x4=0x00000000
       40831000	     20315	80002f96	408f8d33	sub	x26,x31,x8	 x31:0x00000001  x8:0x00000000 x26=0x00000001
       40833000	     20316	80002f9a	98fd	c.andi	x9,-1	  x9:0x00018000  x9=0x00018000
       40847000	     20323	80002f9c	40c3d433	sra	x8,x7,x12	  x7:0x95187000 x12:0x00000312  x8=0xffffe546
       40857000	     20328	80002fa0	006cdc13	srli	x24,x25,0x6	 x25:0x0000018a x24=0x00000006
       40899000	     20349	80002fa4	c76bfa93	andi	x21,x23,-906	 x23:0x8001f09a x21=0x8001f012
       40917000	     20358	80002fa8	8e81	c.sub	x13,x8	 x13:0x00000314  x8:0xffffe546 x13=0x00001dce
       40921000	     20360	80002faa	01b49413	slli	x8,x9,0x1b	  x9:0x00018000  x8=0x00000000
       40925000	     20362	80002fae	e1a42713	slti	x14,x8,-486	  x8:0x00000000 x14=0x00000000
       40927000	     20363	80002fb2	00a31d93	slli	x27,x6,0xa	  x6:0x00000000 x27=0x00000000
       40941000	     20370	80002fb6	40628933	sub	x18,x5,x6	  x5:0x8001add4  x6:0x00000000 x18=0x8001add4
       40943000	     20371	80002fba	9676	c.add	x12,x29	 x12:0x00000312 x29:0x00000000 x12=0x00000312
       40957000	     20378	80002fbc	1114	c.addi4spn	x13,x2,160	 x13=0x000000b0
       40959000	     20379	80002fbe	0001	c.addi	x0,0	  x0:0x00000000  x0=0x00000000
       40991000	     20395	80002fc0	9246	c.add	x4,x17	  x4:0x00000000 x17:0x00000001  x4=0x00000001
       41041000	     20420	80002fc2	694a3737	lui	x14,0x694a3	 x14=0x694a3000
       41045000	     20422	80002fc6	048e5163	bge	x28,x8,80003008	 x28:0x00000000  x8:0x00000000  x0=0x00000000
       41117000	     20458	80003008	0111ae33	slt	x28,x3,x17	  x3:0x000000f1 x17:0x00000001 x28=0x00000000
       41125000	     20462	8000300c	03bb3633	mulhu	x12,x22,x27	 x22:0x00000000 x27:0x00000000 x12=0x00000000
       41173000	     20486	80003010	41ce5693	srai	x13,x28,0x1c	 x28:0x00000000 x13=0x00000000
       41175000	     20487	80003014	0187edb3	or	x27,x15,x24	 x15:0xffffff80 x24:0x00000006 x27=0xffffff86
       41177000	     20488	80003018	40cdd1b3	sra	x3,x27,x12	 x27:0xffffff86 x12:0x00000000  x3=0xffffff86
       41199000	     20499	8000301c	8e91	c.sub	x13,x12	 x13:0x00000000 x12:0x00000000 x13=0x00000000
       41235000	     20517	8000301e	03d24263	blt	x4,x29,80003042	  x4:0x00000001 x29:0x00000000  x0=0x00000000
       41237000	     20518	80003022	c10d	c.beqz	x10,80003044	 x10:0x7ffe3184
       41283000	     20541	80003024	d7937f93	andi	x31,x6,-647	  x6:0x00000000 x31=0x00000000
       41285000	     20542	80003028	0072f033	and	x0,x5,x7	  x5:0x8001add4  x7:0x95187000  x0=0x00000000
       41287000	     20543	8000302c	587d	c.li	x16,-1	 x16=0xffffffff
       41289000	     20544	8000302e	0510	c.addi4spn	x12,x2,640	 x12=0x00000290
       41309000	     20554	80003030	9e6a	c.add	x28,x26	 x28:0x00000000 x26:0x00000001 x28=0x00000001
       41311000	     20555	80003032	86aa	c.mv	x13,x10	  x0:0x00000000 x10:0x7ffe3184 x13=0x7ffe3184
       41331000	     20565	80003034	4175d093	srai	x1,x11,0x17	 x11:0x7ffe11fb  x1=0x000000ff
       41333000	     20566	80003038	0076beb3	sltu	x29,x13,x7	 x13:0x7ffe3184  x7:0x95187000 x29=0x00000001
       41373000	     20586	8000303c	0001	c.addi	x0,0	  x0:0x00000000  x0=0x00000000
       41375000	     20587	8000303e	1f7d	c.addi	x30,-1	 x30:0x00000000 x30=0xffffffff
       41379000	     20589	80003040	ed15	c.bnez	x10,8000307c	 x10:0x7ffe3184
       41531000	     20665	8000307c	02177f33	remu	x30,x14,x1	 x14:0x694a3000  x1:0x000000ff x30=0x000000e3
       41533000	     20666	80003080	6b59	c.lui	x22,0x16	 x22=0x00016000
       41535000	     20667	80003082	32c7e493	ori	x9,x15,812	 x15:0xffffff80  x9=0xffffffac
       41539000	     20669	80003086	04ff9163	bne	x31,x15,800030c8	 x31:0x00000000 x15:0xffffff80  x0=0x00000000
       41551000	     20675	800030c8	005ec463	blt	x29,x5,800030d0	 x29:0x00000001  x5:0x8001add4  x0=0x00000000
       41569000	     20684	800030cc	ff7c8e93	addi	x29,x25,-9	 x25:0x0000018a x29=0x00000181
       41613000	     20706	800030d0	002f9bb3	sll	x23,x31,x2	 x31:0x00000000  x2:0x00000010 x23=0x00000000
       41615000	     20707	800030d4	8bba	c.mv	x23,x14	  x0:0x00000000 x14:0x694a3000 x23=0x694a3000
       41617000	     20708	800030d6	0001	c.addi	x0,0	  x0:0x00000000  x0=0x00000000
       41633000	     20716	800030d8	011add33	srl	x26,x21,x17	 x21:0x8001f012 x17:0x00000001 x26=0x4000f809
       41665000	     20732	800030dc	017d0733	add	x14,x26,x23	 x26:0x4000f809 x23:0x694a3000 x14=0xa94b2809
       41669000	     20734	800030e0	0ff0000f	fence	iorwiorwiorwiorwiorwiorwiorwiorwiorwiorwiorwiorwiorwiorwiorwiorwiorwiorwiorwiorwiorwiorwiorwiorwiorwiorwiorwiorwiorwiorwiorwiorwiorwiorwiorwiorwiorwiorwiorwiorwiorwiorwiorwiorwiorwiorwiorwiorwiorwiorwiorwiorwiorwiorwiorwiorwiorw,iorwiorwiorwiorwiorwiorwiorwiorwiorwiorwiorwiorwiorwiorwiorwiorwiorwiorwiorwiorwiorwiorwiorwiorwiorwiorwiorwiorwiorwiorwiorwiorwiorwiorwiorwiorwiorwiorwiorwiorwiorwiorwiorwiorwiorwiorwiorwiorwiorwiorwiorwiorwiorwiorwiorwiorwiorwiorw	
       41689000	     20744	800030e4	026e0463	beq	x28,x6,8000310c	 x28:0x00000001  x6:0x00000000  x0=0x00000000
       41711000	     20755	800030e8	8ddd	c.or	x11,x15	 x11:0x7ffe11fb x15:0xffffff80 x11=0xfffffffb
       41749000	     20774	800030ea	e541f913	andi	x18,x3,-428	  x3:0xffffff86 x18=0xfffffe04
       41751000	     20775	800030ee	1efd	c.addi	x29,-1	 x29:0x00000181 x29=0x00000180
       41753000	     20776	800030f0	9e0e	c.add	x28,x3	 x28:0x00000001  x3:0xffffff86 x28=0xffffff87
       41755000	     20777	800030f2	717d	c.addi16sp	x2,-16	  x2:0x00000010  x2=0x00000000
       41759000	     20779	800030f4	01d36863	bltu	x6,x29,80003104	  x6:0x00000000 x29:0x00000180  x0=0x00000000
       41807000	     20803	80003104	0142d093	srli	x1,x5,0x14	  x5:0x8001add4  x1=0x00000800
       41811000	     20805	80003108	020d4233	div	x4,x26,x0	 x26:0x4000f809  x0:0x00000000  x4=0xffffffff
       41829000	     20814	8000310c	0e1b3f13	sltiu	x30,x22,225	 x22:0x00016000 x30=0x00000000
       41837000	     20818	80003110	4049d733	sra	x14,x19,x4	 x19:0x8001ee7c  x4:0xffffffff x14=0xffffffff
       41841000	     20820	80003114	ed81	c.bnez	x11,8000312c	 x11:0xfffffffb
       41865000	     20832	8000312c	c7838013	addi	x0,x7,-904	  x7:0x95187000  x0=0x00000000
       41867000	     20833	80003130	40e25593	srai	x11,x4,0xe	  x4:0xffffffff x11=0xffffffff
       41887000	     20843	80003134	8e11	c.sub	x12,x12	 x12:0x00000290 x12:0x00000290 x12=0x00000000
       41935000	     20867	80003136	cb813513	sltiu	x10,x2,-840	  x2:0x00000000 x10=0x00000001
       41979000	     20889	8000313a	0350e763	bltu	x1,x21,80003168	  x1:0x00000800 x21:0x8001f012  x0=0x00000000
       42023000	     20911	80003168	035fd363	bge	x31,x21,8000318e	 x31:0x00000000 x21:0x8001f012  x0=0x00000000
       42025000	     20912	8000316c	0001	c.addi	x0,0	  x0:0x00000000  x0=0x00000000
       42047000	     20923	8000316e	0269f563	bgeu	x19,x6,80003198	 x19:0x8001ee7c  x6:0x00000000  x0=0x00000000
       42049000	     20924	80003172	9f1e	c.add	x30,x7	 x30:0x00000000  x7:0x95187000 x30=0x95187000
       42051000	     20925	80003174	01cf1eb3	sll	x29,x30,x28	 x30:0x95187000 x28:0xffffff87 x29=0x8c380000
       42101000	     20950	80003178	00bd0133	add	x2,x26,x11	 x26:0x4000f809 x11:0xffffffff  x2=0x4000f808
       42115000	     20957	8000317c	01a35033	srl	x0,x6,x26	  x6:0x00000000 x26:0x4000f809  x0=0x00000000
       42127000	     20963	80003180	8da5	c.xor	x11,x9	 x11:0xffffffff  x9:0xffffffac x11=0x00000053
       42129000	     20964	80003182	0518	c.addi4spn	x14,x2,640	 x14=0x4000fa88
       42241000	     21020	80003184	0212e3b3	rem	x7,x5,x1	  x5:0x8001add4  x1:0x00000800  x7=0xfffffdd4
       42243000	     21021	80003188	4130d913	srai	x18,x1,0x13	  x1:0x00000800 x18=0x00000000
       42245000	     21022	8000318c	85cd	c.srai	x11,0x13	 x11:0x00000053 x11=0x00000000
       42247000	     21023	8000318e	0b08	c.addi4spn	x10,x2,400	 x10=0x4000f998
       42249000	     21024	80003190	25dc6e13	ori	x28,x24,605	 x24:0x00000006 x28=0x0000025f
       42293000	     21046	80003194	0ff0000f	fence	iorwiorwiorwiorwiorwiorwiorwiorwiorwiorwiorwiorwiorwiorwiorwiorwiorwiorwiorwiorwiorwiorwiorwiorwiorwiorwiorwiorwiorwiorwiorwiorwiorwiorwiorwiorwiorwiorwiorwiorwiorwiorwiorwiorwiorwiorwiorwiorwiorwiorwiorwiorwiorwiorwiorwiorwiorwiorwiorw,iorwiorwiorwiorwiorwiorwiorwiorwiorwiorwiorwiorwiorwiorwiorwiorwiorwiorwiorwiorwiorwiorwiorwiorwiorwiorwiorwiorwiorwiorwiorwiorwiorwiorwiorwiorwiorwiorwiorwiorwiorwiorwiorwiorwiorwiorwiorwiorwiorwiorwiorwiorwiorwiorwiorwiorwiorwiorwiorwiorw	
       42295000	     21047	80003198	8e15	c.sub	x12,x13	 x12:0x00000000 x13:0x7ffe3184 x12=0x8001ce7c
       42297000	     21048	8000319a	40fd	c.li	x1,31	  x1=0x0000001f
       42299000	     21049	8000319c	8df9	c.and	x11,x14	 x11:0x00000000 x14:0x4000fa88 x11=0x00000000
       42303000	     21051	8000319e	c195	c.beqz	x11,800031c2	 x11:0x00000000
       42329000	     21064	800031c2	8549	c.srai	x10,0x12	 x10:0x4000f998 x10=0x00001000
       42331000	     21065	800031c4	8e29	c.xor	x12,x10	 x12:0x8001ce7c x10:0x00001000 x12=0x8001de7c
       42345000	     21072	800031c6	01b91263	bne	x18,x27,800031ca	 x18:0x00000000 x27:0xffffff86  x0=0x00000000
       42447000	     21123	800031ca	8f1d	c.sub	x14,x15	 x14:0x4000fa88 x15:0xffffff80 x14=0x4000fb08
       42467000	     21133	800031cc	8d95	c.sub	x11,x13	 x11:0x00000000 x13:0x7ffe3184 x11=0x8001ce7c
       42481000	     21140	800031ce	00f44c63	blt	x8,x15,800031e6	  x8:0x00000000 x15:0xffffff80  x0=0x00000000
       42561000	     21180	800031d2	02d2edb3	rem	x27,x5,x13	  x5:0x8001add4 x13:0x7ffe3184 x27=0xffffdf58
       42563000	     21181	800031d6	02cb4f63	blt	x22,x12,80003214	 x22:0x00016000 x12:0x8001de7c  x0=0x00000000
       42637000	     21218	800031da	0314ccb3	div	x25,x9,x17	  x9:0xffffffac x17:0x00000001 x25=0xffffffac
       42641000	     21220	800031de	ef09	c.bnez	x14,800031f8	 x14:0x4000fb08
       42729000	     21264	800031f8	03c677b3	remu	x15,x12,x28	 x12:0x8001de7c x28:0x0000025f x15=0x0000004e
       42731000	     21265	800031fc	96d6	c.add	x13,x21	 x13:0x7ffe3184 x21:0x8001f012 x13=0x00002196
       42805000	     21302	800031fe	03e8ca33	div	x20,x17,x30	 x17:0x00000001 x30:0x95187000 x20=0x00000000
       42807000	     21303	80003202	8d51	c.or	x10,x12	 x10:0x00001000 x12:0x8001de7c x10=0x8001de7c
       42809000	     21304	80003204	9c3a	c.add	x24,x14	 x24:0x00000006 x14:0x4000fb08 x24=0x4000fb0e
       42813000	     21306	80003206	0ff0000f	fence	iorwiorwiorwiorwiorwiorwiorwiorwiorwiorwiorwiorwiorwiorwiorwiorwiorwiorwiorwiorwiorwiorwiorwiorwiorwiorwiorwiorwiorwiorwiorwiorwiorwiorwiorwiorwiorwiorwiorwiorwiorwiorwiorwiorwiorwiorwiorwiorwiorwiorwiorwiorwiorwiorwiorwiorwiorwiorwiorwiorwiorw,iorwiorwiorwiorwiorwiorwiorwiorwiorwiorwiorwiorwiorwiorwiorwiorwiorwiorwiorwiorwiorwiorwiorwiorwiorwiorwiorwiorwiorwiorwiorwiorwiorwiorwiorwiorwiorwiorwiorwiorwiorwiorwiorwiorwiorwiorwiorwiorwiorwiorwiorwiorwiorwiorwiorwiorwiorwiorwiorwiorwiorwiorw	
       42835000	     21317	8000320a	00d75133	srl	x2,x14,x13	 x14:0x4000fb08 x13:0x00002196  x2=0x00000100
       42837000	     21318	8000320e	81d5	c.srli	x11,0x15	 x11:0x8001ce7c x11=0x00000400
       42849000	     21324	80003210	026915b3	mulh	x11,x18,x6	 x18:0x00000000  x6:0x00000000 x11=0x00000000
       42861000	     21330	80003214	0ff0000f	fence	iorwiorwiorwiorwiorwiorwiorwiorwiorwiorwiorwiorwiorwiorwiorwiorwiorwiorwiorwiorwiorwiorwiorwiorwiorwiorwiorwiorwiorwiorwiorwiorwiorwiorwiorwiorwiorwiorwiorwiorwiorwiorwiorwiorwiorwiorwiorwiorwiorwiorwiorwiorwiorwiorwiorwiorwiorwiorwiorwiorwiorwiorwiorw,iorwiorwiorwiorwiorwiorwiorwiorwiorwiorwiorwiorwiorwiorwiorwiorwiorwiorwiorwiorwiorwiorwiorwiorwiorwiorwiorwiorwiorwiorwiorwiorwiorwiorwiorwiorwiorwiorwiorwiorwiorwiorwiorwiorwiorwiorwiorwiorwiorwiorwiorwiorwiorwiorwiorwiorwiorwiorwiorwiorwiorwiorwiorwiorw	
       42863000	     21331	80003218	0031d0b3	srl	x1,x3,x3	  x3:0xffffff86  x3:0xffffff86  x1=0x03fffffe
       42885000	     21342	8000321c	41540db3	sub	x27,x8,x21	  x8:0x00000000 x21:0x8001f012 x27=0x7ffe0fee
       42897000	     21348	80003220	de7a4113	xori	x2,x20,-537	 x20:0x00000000  x2=0xfffffde7
       42915000	     21357	80003224	001d0563	beq	x26,x1,8000322e	 x26:0x4000f809  x1:0x03fffffe  x0=0x00000000
       42939000	     21369	80003228	00028963	beq	x5,x0,8000323a	  x5:0x8001add4  x0:0x00000000  x0=0x00000000
       42947000	     21373	8000322c	c491	c.beqz	x9,80003238	  x9:0xffffffac
       42949000	     21374	8000322e	0598	c.addi4spn	x14,x2,704	 x14=0x000000a7
       42957000	     21378	80003230	2352f437	lui	x8,0x2352f	  x8=0x2352f000
       42991000	     21395	80003234	01207e63	bgeu	x0,x18,80003250	  x0:0x00000000 x18:0x00000000  x0=0x00000000
       43059000	     21429	80003250	0001	c.addi	x0,0	  x0:0x00000000  x0=0x00000000
       43061000	     21430	80003252	0436	c.slli	x8,0xd	  x8:0x2352f000  x8=0x5e000000
       43063000	     21431	80003254	359c4a93	xori	x21,x24,857	 x24:0x4000fb0e x21=0x4000f857
       43115000	     21457	80003258	98fd	c.andi	x9,-1	  x9:0xffffffac  x9=0xffffffac
       43145000	     21472	8000325a	05530063	beq	x6,x21,8000329a	  x6:0x00000000 x21:0x4000f857  x0=0x00000000
       43149000	     21474	8000325e	02b04633	div	x12,x0,x11	  x0:0x00000000 x11:0x00000000 x12=0xffffffff
       43165000	     21482	80003262	034294b3	mulh	x9,x5,x20	  x5:0x8001add4 x20:0x00000000  x9=0x00000000
       43167000	     21483	80003266	c321	c.beqz	x14,800032a6	 x14:0x000000a7
       43169000	     21484	80003268	0ff0000f	fence	iorwiorwiorwiorwiorwiorwiorwiorwiorwiorwiorwiorwiorwiorwiorwiorwiorwiorwiorwiorwiorwiorwiorwiorwiorwiorwiorwiorwiorwiorwiorwiorwiorwiorwiorwiorwiorwiorwiorwiorwiorwiorwiorwiorwiorwiorwiorwiorwiorwiorwiorwiorwiorwiorwiorwiorwiorwiorwiorwiorwiorwiorwiorwiorwiorw,iorwiorwiorwiorwiorwiorwiorwiorwiorwiorwiorwiorwiorwiorwiorwiorwiorwiorwiorwiorwiorwiorwiorwiorwiorwiorwiorwiorwiorwiorwiorwiorwiorwiorwiorwiorwiorwiorwiorwiorwiorwiorwiorwiorwiorwiorwiorwiorwiorwiorwiorwiorwiorwiorwiorwiorwiorwiorwiorwiorwiorwiorwiorwiorwiorwiorw	
       43197000	     21498	8000326c	410ada33	sra	x20,x21,x16	 x21:0x4000f857 x16:0xffffffff x20=0x00000000
       43311000	     21555	80003270	025eca33	div	x20,x29,x5	 x29:0x8c380000  x5:0x8001add4 x20=0x00000000
       43313000	     21556	80003274	717d	c.addi16sp	x2,-16	  x2:0xfffffde7  x2=0xfffffdd7
       43315000	     21557	80003276	0001	c.addi	x0,0	  x0:0x00000000  x0=0x00000000
       43317000	     21558	80003278	40698eb3	sub	x29,x19,x6	 x19:0x8001ee7c  x6:0x00000000 x29=0x8001ee7c
       43319000	     21559	8000327c	fff28437	lui	x8,0xfff28	  x8=0xfff28000
       43413000	     21606	80003280	037ed5b3	divu	x11,x29,x23	 x29:0x8001ee7c x23:0x694a3000 x11=0x00000001
       43415000	     21607	80003284	e1e20113	addi	x2,x4,-482	  x4:0xffffffff  x2=0xfffffe1d
       43489000	     21644	80003288	03d05b33	divu	x22,x0,x29	  x0:0x00000000 x29:0x8001ee7c x22=0x00000000
       43491000	     21645	8000328c	40d25cb3	sra	x25,x4,x13	  x4:0xffffffff x13:0x00002196 x25=0xffffffff
       43565000	     21682	80003290	03e278b3	remu	x17,x4,x30	  x4:0xffffffff x30:0x95187000 x17=0x6ae78fff
       43567000	     21683	80003294	8c9d	c.sub	x9,x15	  x9:0x00000000 x15:0x0000004e  x9=0xffffffb2
       43571000	     21685	80003296	047d1363	bne	x26,x7,800032dc	 x26:0x4000f809  x7:0xfffffdd4  x0=0x00000000
       43611000	     21705	800032dc	0d56	c.slli	x26,0x15	 x26:0x4000f809 x26=0x01200000
       43659000	     21729	800032de	02bc3fb3	mulhu	x31,x24,x11	 x24:0x4000fb0e x11:0x00000001 x31=0x00000000
       43661000	     21730	800032e2	ca95	c.beqz	x13,80003316	 x13:0x00002196
       43695000	     21747	800032e4	9112	c.add	x2,x4	  x2:0xfffffe1d  x4:0xffffffff  x2=0xfffffe1c
       43697000	     21748	800032e6	101c	c.addi4spn	x15,x2,32	 x15=0xfffffe3c
       43699000	     21749	800032e8	8cfe	c.mv	x25,x31	  x0:0x00000000 x31:0x00000000 x25=0x00000000
       43765000	     21782	800032ea	038a1cb3	mulh	x25,x20,x24	 x20:0x00000000 x24:0x4000fb0e x25=0x00000000
       43767000	     21783	800032ee	8d31	c.xor	x10,x12	 x10:0x8001de7c x12:0xffffffff x10=0x7ffe2183
       43771000	     21785	800032f0	e79fe5b7	lui	x11,0xe79fe	 x11=0xe79fe000
       43783000	     21791	800032f4	0ff0000f	fence	iorwiorwiorwiorwiorwiorwiorwiorwiorwiorwiorwiorwiorwiorwiorwiorwiorwiorwiorwiorwiorwiorwiorwiorwiorwiorwiorwiorwiorwiorwiorwiorwiorwiorwiorwiorwiorwiorwiorwiorwiorwiorwiorwiorwiorwiorwiorwiorwiorwiorwiorwiorwiorwiorwiorwiorwiorwiorwiorwiorwiorwiorwiorwiorwiorwiorwiorw,iorwiorwiorwiorwiorwiorwiorwiorwiorwiorwiorwiorwiorwiorwiorwiorwiorwiorwiorwiorwiorwiorwiorwiorwiorwiorwiorwiorwiorwiorwiorwiorwiorwiorwiorwiorwiorwiorwiorwiorwiorwiorwiorwiorwiorwiorwiorwiorwiorwiorwiorwiorwiorwiorwiorwiorwiorwiorwiorwiorwiorwiorwiorwiorwiorwiorwiorwiorw	
       43791000	     21795	800032f8	00f45db3	srl	x27,x8,x15	  x8:0xfff28000 x15:0xfffffe3c x27=0x0000000f
       43793000	     21796	800032fc	0efe	c.slli	x29,0x1f	 x29:0x8001ee7c x29=0x00000000
       43809000	     21804	800032fe	e46c1a97	auipc	x21,0xe46c1	 x21=0x646c42fe
       43817000	     21808	80003302	ce6af493	andi	x9,x21,-794	 x21:0x646c42fe  x9=0x646c40e6
       43821000	     21810	80003306	cb167593	andi	x11,x12,-847	 x12:0xffffffff x11=0xfffffcb1
       43823000	     21811	8000330a	82fd	c.srli	x13,0x1f	 x13:0x00002196 x13=0x00000000
       43905000	     21852	8000330c	02abdab3	divu	x21,x23,x10	 x23:0x694a3000 x10:0x7ffe2183 x21=0x00000000
       43907000	     21853	80003310	8ed1	c.or	x13,x12	 x13:0x00000000 x12:0xffffffff x13=0xffffffff
       43909000	     21854	80003312	82f5	c.srli	x13,0x1d	 x13:0xffffffff x13=0x00000007
       43911000	     21855	80003314	8ec5	c.or	x13,x9	 x13:0x00000007  x9:0x646c40e6 x13=0x646c40e7
       43913000	     21856	80003316	41180e33	sub	x28,x16,x17	 x16:0xffffffff x17:0x6ae78fff x28=0x95187000
       43939000	     21869	8000331a	03d69f63	bne	x13,x29,80003358	 x13:0x646c40e7 x29:0x00000000  x0=0x00000000
       43957000	     21878	80003358	8131	c.srli	x10,0xc	 x10:0x7ffe2183 x10=0x0007ffe2
       43977000	     21888	8000335a	01c50e63	beq	x10,x28,80003376	 x10:0x0007ffe2 x28:0x95187000  x0=0x00000000
       43985000	     21892	8000335e	013def33	or	x30,x27,x19	 x27:0x0000000f x19:0x8001ee7c x30=0x8001ee7f
       44027000	     21913	80003362	41b480b3	sub	x1,x9,x27	  x9:0x646c40e6 x27:0x0000000f  x1=0x646c40d7
       44029000	     21914	80003366	8aee	c.mv	x21,x27	  x0:0x00000000 x27:0x0000000f x21=0x0000000f
       44031000	     21915	80003368	d82e4693	xori	x13,x28,-638	 x28:0x95187000 x13=0x6ae78d82
       44033000	     21916	8000336c	e67aa113	slti	x2,x21,-409	 x21:0x0000000f  x2=0x00000000
       44035000	     21917	80003370	6121	c.addi16sp	x2,64	  x2:0x00000000  x2=0x00000040
       44037000	     21918	80003372	8e6d	c.and	x12,x11	 x12:0xffffffff x11:0xfffffcb1 x12=0xfffffcb1
       44055000	     21927	80003374	517d	c.li	x2,-1	  x2=0xffffffff
       44057000	     21928	80003376	01fe9e13	slli	x28,x29,0x1f	 x29:0x00000000 x28=0x00000000
       44059000	     21929	8000337a	0043a533	slt	x10,x7,x4	  x7:0xfffffdd4  x4:0xffffffff x10=0x00000001
       44061000	     21930	8000337e	8c55	c.or	x8,x13	  x8:0xfff28000 x13:0x6ae78d82  x8=0xfff78d82
       44063000	     21931	80003380	8a89	c.andi	x13,2	 x13:0x6ae78d82 x13=0x00000002
       44175000	     21987	80003382	02d3c933	div	x18,x7,x13	  x7:0xfffffdd4 x13:0x00000002 x18=0xfffffeea
       44177000	     21988	80003386	01045463	bge	x8,x16,8000338e	  x8:0xfff78d82 x16:0xffffffff  x0=0x00000000
       44179000	     21989	8000338a	003a5c13	srli	x24,x20,0x3	 x20:0x00000000 x24=0x00000000
       44209000	     22004	8000338e	00750a63	beq	x10,x7,800033a2	 x10:0x00000001  x7:0xfffffdd4  x0=0x00000000
       44257000	     22028	80003392	03cb9033	mulh	x0,x23,x28	 x23:0x694a3000 x28:0x00000000  x0=0x00000000
       44259000	     22029	80003396	4f55	c.li	x30,21	 x30=0x00000015
       44293000	     22046	80003398	03517263	bgeu	x2,x21,800033bc	  x2:0xffffffff x21:0x0000000f  x0=0x00000000
       44319000	     22059	8000339c	0141fd63	bgeu	x3,x20,800033b6	  x3:0xffffff86 x20:0x00000000  x0=0x00000000
       44321000	     22060	800033a0	6445	c.lui	x8,0x11	  x8=0x00011000
       44415000	     22107	800033a2	037ed1b3	divu	x3,x29,x23	 x29:0x00000000 x23:0x694a3000  x3=0x00000000
       44417000	     22108	800033a6	0ff0000f	fence	iorwiorwiorwiorwiorwiorwiorwiorwiorwiorwiorwiorwiorwiorwiorwiorwiorwiorwiorwiorwiorwiorwiorwiorwiorwiorwiorwiorwiorwiorwiorwiorwiorwiorwiorwiorwiorwiorwiorwiorwiorwiorwiorwiorwiorwiorwiorwiorwiorwiorwiorwiorwiorwiorwiorwiorwiorwiorwiorwiorwiorwiorwiorwiorwiorwiorwiorwiorwiorw,iorwiorwiorwiorwiorwiorwiorwiorwiorwiorwiorwiorwiorwiorwiorwiorwiorwiorwiorwiorwiorwiorwiorwiorwiorwiorwiorwiorwiorwiorwiorwiorwiorwiorwiorwiorwiorwiorwiorwiorwiorwiorwiorwiorwiorwiorwiorwiorwiorwiorwiorwiorwiorwiorwiorwiorwiorwiorwiorwiorwiorwiorwiorwiorwiorwiorwiorwiorwiorwiorw	
       44425000	     22112	800033aa	02beb533	mulhu	x10,x29,x11	 x29:0x00000000 x11:0xfffffcb1 x10=0x00000000
       44445000	     22122	800033ae	015c4e63	blt	x24,x21,800033ca	 x24:0x00000000 x21:0x0000000f  x0=0x00000000
       44525000	     22162	800033ca	00e01833	sll	x16,x0,x14	  x0:0x00000000 x14:0x000000a7 x16=0x00000000
       44527000	     22163	800033ce	01951d63	bne	x10,x25,800033e8	 x10:0x00000000 x25:0x00000000  x0=0x00000000
       44551000	     22175	800033d2	00708133	add	x2,x1,x7	  x1:0x646c40d7  x7:0xfffffdd4  x2=0x646c3eab
       44571000	     22185	800033d6	63aeab17	auipc	x22,0x63aea	 x22=0xe3aed3d6
       44573000	     22186	800033da	4c49	c.li	x24,18	 x24=0x00000012
       44589000	     22194	800033dc	01e4d433	srl	x8,x9,x30	  x9:0x646c40e6 x30:0x00000015  x8=0x00000323
       44591000	     22195	800033e0	01a47e33	and	x28,x8,x26	  x8:0x00000323 x26:0x01200000 x28=0x00000000
       44615000	     22207	800033e4	03e17a93	andi	x21,x2,62	  x2:0x646c3eab x21=0x0000002a
       44621000	     22210	800033e8	e905	c.bnez	x10,80003418	 x10:0x00000000
       44623000	     22211	800033ea	8d19	c.sub	x10,x14	 x10:0x00000000 x14:0x000000a7 x10=0xffffff59
       44633000	     22216	800033ec	00368c33	add	x24,x13,x3	 x13:0x00000002  x3:0x00000000 x24=0x00000002
       44643000	     22221	800033f0	5c7d	c.li	x24,-1	 x24=0xffffffff
       44663000	     22231	800033f2	01c56933	or	x18,x10,x28	 x10:0xffffff59 x28:0x00000000 x18=0xffffff59
       44665000	     22232	800033f6	6755	c.lui	x14,0x15	 x14=0x00015000
       44667000	     22233	800033f8	64a9	c.lui	x9,0xa	  x9=0x0000a000
       44707000	     22253	800033fa	0ff0000f	fence	iorwiorwiorwiorwiorwiorwiorwiorwiorwiorwiorwiorwiorwiorwiorwiorwiorwiorwiorwiorwiorwiorwiorwiorwiorwiorwiorwiorwiorwiorwiorwiorwiorwiorwiorwiorwiorwiorwiorwiorwiorwiorwiorwiorwiorwiorwiorwiorwiorwiorwiorwiorwiorwiorwiorwiorwiorwiorwiorwiorwiorwiorwiorwiorwiorwiorwiorwiorwiorwiorwiorw,iorwiorwiorwiorwiorwiorwiorwiorwiorwiorwiorwiorwiorwiorwiorwiorwiorwiorwiorwiorwiorwiorwiorwiorwiorwiorwiorwiorwiorwiorwiorwiorwiorwiorwiorwiorwiorwiorwiorwiorwiorwiorwiorwiorwiorwiorwiorwiorwiorwiorwiorwiorwiorwiorwiorwiorwiorwiorwiorwiorwiorwiorwiorwiorwiorwiorwiorwiorwiorwiorwiorwiorw	
       44723000	     22261	800033fe	020adab3	divu	x21,x21,x0	 x21:0x0000002a  x0:0x00000000 x21=0xffffffff
       44749000	     22274	80003402	00936663	bltu	x6,x9,8000340e	  x6:0x00000000  x9:0x0000a000  x0=0x00000000
       44855000	     22327	8000340e	264c4893	xori	x17,x24,612	 x24:0xffffffff x17=0xfffffd9b
       44871000	     22335	80003412	03ef0663	beq	x30,x30,8000343e	 x30:0x00000015 x30:0x00000015  x0=0x00000000
       44933000	     22366	8000343e	00a6ddb3	srl	x27,x13,x10	 x13:0x00000002 x10:0xffffff59 x27=0x00000000
       44935000	     22367	80003442	01615db3	srl	x27,x2,x22	  x2:0x646c3eab x22:0xe3aed3d6 x27=0x00000191
       44971000	     22385	80003446	00e55933	srl	x18,x10,x14	 x10:0xffffff59 x14:0x00015000 x18=0xffffff59
       44973000	     22386	8000344a	0001	c.addi	x0,0	  x0:0x00000000  x0=0x00000000
       44977000	     22388	8000344c	40f6d033	sra	x0,x13,x15	 x13:0x00000002 x15:0xfffffe3c  x0=0x00000000
       44995000	     22397	80003450	02335933	divu	x18,x6,x3	  x6:0x00000000  x3:0x00000000 x18=0xffffffff
       45015000	     22407	80003454	9bc6	c.add	x23,x17	 x23:0x694a3000 x17:0xfffffd9b x23=0x694a2d9b
       45037000	     22418	80003456	40e65813	srai	x16,x12,0xe	 x12:0xfffffcb1 x16=0xffffffff
       45039000	     22419	8000345a	0001	c.addi	x0,0	  x0:0x00000000  x0=0x00000000
       45041000	     22420	8000345c	0ff0000f	fence	iorwiorwiorwiorwiorwiorwiorwiorwiorwiorwiorwiorwiorwiorwiorwiorwiorwiorwiorwiorwiorwiorwiorwiorwiorwiorwiorwiorwiorwiorwiorwiorwiorwiorwiorwiorwiorwiorwiorwiorwiorwiorwiorwiorwiorwiorwiorwiorwiorwiorwiorwiorwiorwiorwiorwiorwiorwiorwiorwiorwiorwiorwiorwiorwiorwiorwiorwiorwiorwiorwiorwiorwiorw,iorwiorwiorwiorwiorwiorwiorwiorwiorwiorwiorwiorwiorwiorwiorwiorwiorwiorwiorwiorwiorwiorwiorwiorwiorwiorwiorwiorwiorwiorwiorwiorwiorwiorwiorwiorwiorwiorwiorwiorwiorwiorwiorwiorwiorwiorwiorwiorwiorwiorwiorwiorwiorwiorwiorwiorwiorwiorwiorwiorwiorwiorwiorwiorwiorwiorwiorwiorwiorwiorwiorwiorwiorwiorw	
       45063000	     22431	80003460	05b1c263	blt	x3,x27,800034a4	  x3:0x00000000 x27:0x00000191  x0=0x00000000
       45131000	     22465	800034a4	e09d	c.bnez	x9,800034ca	  x9:0x0000a000
       45233000	     22516	800034ca	104c7113	andi	x2,x24,260	 x24:0xffffffff  x2=0x00000104
       45237000	     22518	800034ce	e2b1	c.bnez	x13,80003512	 x13:0x00000002
       45277000	     22538	80003512	058af463	bgeu	x21,x24,8000355a	 x21:0xffffffff x24:0xffffffff  x0=0x00000000
       45339000	     22569	8000355a	0000db93	srli	x23,x1,0x0	  x1:0x646c40d7 x23=0x646c40d7
       45341000	     22570	8000355e	012a2633	slt	x12,x20,x18	 x20:0x00000000 x18:0xffffffff x12=0x00000000
       45349000	     22574	80003562	01381c63	bne	x16,x19,8000357a	 x16:0xffffffff x19:0x8001ee7c  x0=0x00000000
       45411000	     22605	8000357a	622d	c.lui	x4,0xb	  x4=0x0000b000
       45429000	     22614	8000357c	00d40a33	add	x20,x8,x13	  x8:0x00000323 x13:0x00000002 x20=0x00000325
       45451000	     22625	80003580	01519233	sll	x4,x3,x21	  x3:0x00000000 x21:0xffffffff  x4=0x00000000
       45473000	     22636	80003584	297f7213	andi	x4,x30,663	 x30:0x00000015  x4=0x00000015
       45505000	     22652	80003588	d9308093	addi	x1,x1,-621	  x1:0x646c40d7  x1=0x646c3e6a
       45507000	     22653	8000358c	56fd	c.li	x13,-1	 x13=0xffffffff
       45515000	     22657	8000358e	0196f3b3	and	x7,x13,x25	 x13:0xffffffff x25:0x00000000  x7=0x00000000
       45527000	     22663	80003592	03e394b3	mulh	x9,x7,x30	  x7:0x00000000 x30:0x00000015  x9=0x00000000
       45537000	     22668	80003596	013a25b3	slt	x11,x20,x19	 x20:0x00000325 x19:0x8001ee7c x11=0x00000000
       45539000	     22669	8000359a	717d	c.addi16sp	x2,-16	  x2:0x00000104  x2=0x000000f4
       45561000	     22680	8000359c	034ace63	blt	x21,x20,800035d8	 x21:0xffffffff x20:0x00000325  x0=0x00000000
       45605000	     22702	800035d8	4087da13	srai	x20,x15,0x8	 x15:0xfffffe3c x20=0xfffffffe
       45623000	     22711	800035dc	8276	c.mv	x4,x29	  x0:0x00000000 x29:0x00000000  x4=0x00000000
       45627000	     22713	800035de	00572bb3	slt	x23,x14,x5	 x14:0x00015000  x5:0x8001add4 x23=0x00000000
       45629000	     22714	800035e2	8309	c.srli	x14,0x2	 x14:0x00015000 x14=0x00005400
       45679000	     22739	800035e4	09c34513	xori	x10,x6,156	  x6:0x00000000 x10=0x0000009c
       45699000	     22749	800035e8	717d	c.addi16sp	x2,-16	  x2:0x000000f4  x2=0x000000e4
       45705000	     22752	800035ea	02be5633	divu	x12,x28,x11	 x28:0x00000000 x11:0x00000000 x12=0xffffffff
       45707000	     22753	800035ee	006c33b3	sltu	x7,x24,x6	 x24:0xffffffff  x6:0x00000000  x7=0x00000000
       45709000	     22754	800035f2	00491833	sll	x16,x18,x4	 x18:0xffffffff  x4:0x00000000 x16=0xffffffff
       45733000	     22766	800035f6	41a9d413	srai	x8,x19,0x1a	 x19:0x8001ee7c  x8=0xffffffe0
       45785000	     22792	800035fa	23e83213	sltiu	x4,x16,574	 x16:0xffffffff  x4=0x00000000
       45787000	     22793	800035fe	89d1	c.andi	x11,20	 x11:0x00000000 x11=0x00000000
       45791000	     22795	80003600	00aa9f63	bne	x21,x10,8000361e	 x21:0xffffffff x10:0x0000009c  x0=0x00000000
       45879000	     22839	8000361e	faede113	ori	x2,x27,-82	 x27:0x00000191  x2=0xffffffbf
       45895000	     22847	80003622	0177ea63	bltu	x15,x23,80003636	 x15:0xfffffe3c x23:0x00000000  x0=0x00000000
       45937000	     22868	80003626	00dec5b3	xor	x11,x29,x13	 x29:0x00000000 x13:0xffffffff x11=0xffffffff
       45939000	     22869	8000362a	05d6f163	bgeu	x13,x29,8000366c	 x13:0xffffffff x29:0x00000000  x0=0x00000000
       46013000	     22906	8000362e	02eace33	div	x28,x21,x14	 x21:0xffffffff x14:0x00005400 x28=0x00000000
       46015000	     22907	80003632	00f30bb3	add	x23,x6,x15	  x6:0x00000000 x15:0xfffffe3c x23=0xfffffe3c
       46017000	     22908	80003636	00015b33	srl	x22,x2,x0	  x2:0xffffffbf  x0:0x00000000 x22=0xffffffbf
       46045000	     22922	8000363a	008e1f63	bne	x28,x8,80003658	 x28:0x00000000  x8:0xffffffe0  x0=0x00000000
       46099000	     22949	80003658	02fc2c33	mulhsu	x24,x24,x15	 x24:0xffffffff x15:0xfffffe3c x24=0xffffffff
       46103000	     22951	8000365c	01be6463	bltu	x28,x27,80003664	 x28:0x00000000 x27:0x00000191  x0=0x00000000
       46197000	     22998	80003664	00fda433	slt	x8,x27,x15	 x27:0x00000191 x15:0xfffffe3c  x8=0x00000000
       46199000	     22999	80003668	0002b933	sltu	x18,x5,x0	  x5:0x8001add4  x0:0x00000000 x18=0x00000000
       46203000	     23001	8000366c	01b18833	add	x16,x3,x27	  x3:0x00000000 x27:0x00000191 x16=0x00000191
       46225000	     23012	80003670	d9b52d13	slti	x26,x10,-613	 x10:0x0000009c x26=0x00000000
       46231000	     23015	80003674	29ea0a17	auipc	x20,0x29ea0	 x20=0xa9ea3674
       46259000	     23029	80003678	0f7e	c.slli	x30,0x1f	 x30:0x00000015 x30=0x80000000
       46261000	     23030	8000367a	5e7d	c.li	x28,-1	 x28=0xffffffff
       46263000	     23031	8000367c	0c2a	c.slli	x24,0xa	 x24:0xffffffff x24=0xfffffc00
       46265000	     23032	8000367e	1e18	c.addi4spn	x14,x2,816	 x14=0x000002ef
       46283000	     23041	80003680	01e99113	slli	x2,x19,0x1e	 x19:0x8001ee7c  x2=0x00000000
       46293000	     23046	80003684	66edf497	auipc	x9,0x66edf	  x9=0xe6ee2684
       46295000	     23047	80003688	05f34163	blt	x6,x31,800036ca	  x6:0x00000000 x31:0x00000000  x0=0x00000000
       46337000	     23068	8000368c	19d2e613	ori	x12,x5,413	  x5:0x8001add4 x12=0x8001addd
       46339000	     23069	80003690	96ba	c.add	x13,x14	 x13:0xffffffff x14:0x000002ef x13=0x000002ee
       46347000	     23073	80003692	40f5dbb3	sra	x23,x11,x15	 x11:0xffffffff x15:0xfffffe3c x23=0xffffffff
       46457000	     23128	80003696	038057b3	divu	x15,x0,x24	  x0:0x00000000 x24:0xfffffc00 x15=0x00000000
       46459000	     23129	8000369a	00a23ab3	sltu	x21,x4,x10	  x4:0x00000000 x10:0x0000009c x21=0x00000001
       46461000	     23130	8000369e	a6c9e497	auipc	x9,0xa6c9e	  x9=0x26ca169e
       46523000	     23161	800036a2	ec218b13	addi	x22,x3,-318	  x3:0x00000000 x22=0xfffffec2
       46597000	     23198	800036a6	0382cab3	div	x21,x5,x24	  x5:0x8001add4 x24:0xfffffc00 x21=0x001fff94
       46599000	     23199	800036aa	d9033793	sltiu	x15,x6,-624	  x6:0x00000000 x15=0x00000001
       46601000	     23200	800036ae	0001	c.addi	x0,0	  x0:0x00000000  x0=0x00000000
       46605000	     23202	800036b0	050df463	bgeu	x27,x16,800036f8	 x27:0x00000191 x16:0x00000191  x0=0x00000000
       46639000	     23219	800036f8	02d30d63	beq	x6,x13,80003732	  x6:0x00000000 x13:0x000002ee  x0=0x00000000
       46641000	     23220	800036fc	01886a33	or	x20,x16,x24	 x16:0x00000191 x24:0xfffffc00 x20=0xfffffd91
       46677000	     23238	80003700	02b725b3	mulhsu	x11,x14,x11	 x14:0x000002ef x11:0xffffffff x11=0x000002ee
       46687000	     23243	80003704	9426	c.add	x8,x9	  x8:0x00000000  x9:0x26ca169e  x8=0x26ca169e
       46715000	     23257	80003706	02dc1a33	mulh	x20,x24,x13	 x24:0xfffffc00 x13:0x000002ee x20=0xffffffff
       46751000	     23275	8000370a	03b6d263	bge	x13,x27,8000372e	 x13:0x000002ee x27:0x00000191  x0=0x00000000
       46753000	     23276	8000370e	86e2	c.mv	x13,x24	  x0:0x00000000 x24:0xfffffc00 x13=0xfffffc00
       46757000	     23278	80003710	ea85	c.bnez	x13,80003740	 x13:0xfffffc00
       46823000	     23311	80003740	f3c6a093	slti	x1,x13,-196	 x13:0xfffffc00  x1=0x00000001
       46825000	     23312	80003744	8d8d	c.sub	x11,x11	 x11:0x000002ee x11:0x000002ee x11=0x00000000
       46853000	     23326	80003746	02da9b63	bne	x21,x13,8000377c	 x21:0x001fff94 x13:0xfffffc00  x0=0x00000000
       46899000	     23349	8000377c	02c03f33	mulhu	x30,x0,x12	  x0:0x00000000 x12:0x8001addd x30=0x00000000
       46901000	     23350	80003780	411b5a33	sra	x20,x22,x17	 x22:0xfffffec2 x17:0xfffffd9b x20=0xffffffff
       46917000	     23358	80003784	8f2d	c.xor	x14,x11	 x14:0x000002ef x11:0x00000000 x14=0x000002ef
       46925000	     23362	80003786	41a38133	sub	x2,x7,x26	  x7:0x00000000 x26:0x00000000  x2=0x00000000
       46957000	     23378	8000378a	01749f13	slli	x30,x9,0x17	  x9:0x26ca169e x30=0x4f000000
       46959000	     23379	8000378e	41060a33	sub	x20,x12,x16	 x12:0x8001addd x16:0x00000191 x20=0x8001ac4c
       46963000	     23381	80003792	01ca8633	add	x12,x21,x28	 x21:0x001fff94 x28:0xffffffff x12=0x001fff93
       46965000	     23382	80003796	8f45	c.or	x14,x9	 x14:0x000002ef  x9:0x26ca169e x14=0x26ca16ff
       46975000	     23387	80003798	0ff0000f	fence	iorwiorwiorwiorwiorwiorwiorwiorwiorwiorwiorwiorwiorwiorwiorwiorwiorwiorwiorwiorwiorwiorwiorwiorwiorwiorwiorwiorwiorwiorwiorwiorwiorwiorwiorwiorwiorwiorwiorwiorwiorwiorwiorwiorwiorwiorwiorwiorwiorwiorwiorwiorwiorwiorwiorwiorwiorwiorwiorwiorwiorwiorwiorwiorwiorwiorwiorwiorwiorwiorwiorwiorwiorwiorwiorw,iorwiorwiorwiorwiorwiorwiorwiorwiorwiorwiorwiorwiorwiorwiorwiorwiorwiorwiorwiorwiorwiorwiorwiorwiorwiorwiorwiorwiorwiorwiorwiorwiorwiorwiorwiorwiorwiorwiorwiorwiorwiorwiorwiorwiorwiorwiorwiorwiorwiorwiorwiorwiorwiorwiorwiorwiorwiorwiorwiorwiorwiorwiorwiorwiorwiorwiorwiorwiorwiorwiorwiorwiorwiorwiorwiorw	
       46997000	     23398	8000379c	04d2d063	bge	x5,x13,800037dc	  x5:0x8001add4 x13:0xfffffc00  x0=0x00000000
       46999000	     23399	800037a0	8389	c.srli	x15,0x2	 x15:0x00000001 x15=0x00000000
       47055000	     23427	800037a2	017154b3	srl	x9,x2,x23	  x2:0x00000000 x23:0xffffffff  x9=0x00000000
       47057000	     23428	800037a6	40755933	sra	x18,x10,x7	 x10:0x0000009c  x7:0x00000000 x18=0x0000009c
       47087000	     23443	800037aa	40870033	sub	x0,x14,x8	 x14:0x26ca16ff  x8:0x26ca169e  x0=0x00000000
       47089000	     23444	800037ae	cd11	c.beqz	x10,800037ca	 x10:0x0000009c
       47091000	     23445	800037b0	717d	c.addi16sp	x2,-16	  x2:0x00000000  x2=0xfffffff0
       47131000	     23465	800037b2	ee440913	addi	x18,x8,-284	  x8:0x26ca169e x18=0x26ca1582
       47133000	     23466	800037b6	0f66	c.slli	x30,0x19	 x30:0x4f000000 x30=0x00000000
       47173000	     23486	800037b8	8fd1	c.or	x15,x12	 x15:0x00000000 x12:0x001fff93 x15=0x001fff93
       47175000	     23487	800037ba	40998b33	sub	x22,x19,x9	 x19:0x8001ee7c  x9:0x00000000 x22=0x8001ee7c
       47177000	     23488	800037be	0a16	c.slli	x20,0x5	 x20:0x8001ac4c x20=0x00358980
       47235000	     23517	800037c0	8ff9	c.and	x15,x14	 x15:0x001fff93 x14:0x26ca16ff x15=0x000a1693
       47313000	     23556	800037c2	03205ab3	divu	x21,x0,x18	  x0:0x00000000 x18:0x26ca1582 x21=0x00000000
       47315000	     23557	800037c6	01be5d63	bge	x28,x27,800037e0	 x28:0xffffffff x27:0x00000191  x0=0x00000000
       47317000	     23558	800037ca	05b70063	beq	x14,x27,8000380a	 x14:0x26ca16ff x27:0x00000191  x0=0x00000000
       47319000	     23559	800037ce	8cb5	c.xor	x9,x13	  x9:0x00000000 x13:0xfffffc00  x9=0xfffffc00
       47355000	     23577	800037d0	008abb33	sltu	x22,x21,x8	 x21:0x00000000  x8:0x26ca169e x22=0x00000001
       47371000	     23585	800037d4	391cf913	andi	x18,x25,913	 x25:0x00000000 x18=0x00000000
       47381000	     23590	800037d8	01209463	bne	x1,x18,800037e0	  x1:0x00000001 x18:0x00000000  x0=0x00000000
       47387000	     23593	800037e0	cd01	c.beqz	x10,800037f8	 x10:0x0000009c
       47389000	     23594	800037e2	8129	c.srli	x10,0xa	 x10:0x0000009c x10=0x00000000
       47425000	     23612	800037e4	0001	c.addi	x0,0	  x0:0x00000000  x0=0x00000000
       47467000	     23633	800037e6	01bf8d33	add	x26,x31,x27	 x31:0x00000000 x27:0x00000191 x26=0x00000191
       47471000	     23635	800037ea	020cc4b3	div	x9,x25,x0	 x25:0x00000000  x0:0x00000000  x9=0xffffffff
       47473000	     23636	800037ee	17fd	c.addi	x15,-1	 x15:0x000a1693 x15=0x000a1692
       47581000	     23690	800037f0	02e26433	rem	x8,x4,x14	  x4:0x00000000 x14:0x26ca16ff  x8=0x00000000
       47583000	     23691	800037f4	8fb9	c.xor	x15,x14	 x15:0x000a1692 x14:0x26ca16ff x15=0x26c0006d
       47585000	     23692	800037f6	48d9	c.li	x17,22	 x17=0x00000016
       47659000	     23729	800037f8	037ad0b3	divu	x1,x21,x23	 x21:0x00000000 x23:0xffffffff  x1=0x00000000
       47661000	     23730	800037fc	8dc5	c.or	x11,x9	 x11:0x00000000  x9:0xffffffff x11=0xffffffff
       47663000	     23731	800037fe	3158f193	andi	x3,x17,789	 x17:0x00000016  x3=0x00000014
       47665000	     23732	80003802	004ed6b3	srl	x13,x29,x4	 x29:0x00000000  x4:0x00000000 x13=0x00000000
       47729000	     23764	80003806	03e8cb33	div	x22,x17,x30	 x17:0x00000016 x30:0x00000000 x22=0xffffffff
       47731000	     23765	8000380a	6165	c.addi16sp	x2,112	  x2:0xfffffff0  x2=0x00000060
       47733000	     23766	8000380c	40605893	srai	x17,x0,0x6	  x0:0x00000000 x17=0x00000000
       47791000	     23795	80003810	010280b3	add	x1,x5,x16	  x5:0x8001add4 x16:0x00000191  x1=0x8001af65
       47819000	     23809	80003814	d4fee493	ori	x9,x29,-689	 x29:0x00000000  x9=0xfffffd4f
       47839000	     23819	80003818	08ee	c.slli	x17,0x1b	 x17:0x00000000 x17=0x00000000
       47859000	     23829	8000381a	ede10e97	auipc	x29,0xede10	 x29=0x6de1381a
       47861000	     23830	8000381e	8422	c.mv	x8,x8	  x0:0x00000000  x8:0x00000000  x8=0x00000000
       47863000	     23831	80003820	01c39b33	sll	x22,x7,x28	  x7:0x00000000 x28:0xffffffff x22=0x00000000
       47919000	     23859	80003824	0078f763	bgeu	x17,x7,80003832	 x17:0x00000000  x7:0x00000000  x0=0x00000000
       47955000	     23877	80003832	0b9a	c.slli	x23,0x6	 x23:0xffffffff x23=0xffffffc0
       47981000	     23890	80003834	03f5b433	mulhu	x8,x11,x31	 x11:0xffffffff x31:0x00000000  x8=0x00000000
       48011000	     23905	80003838	02c14e63	blt	x2,x12,80003874	  x2:0x00000060 x12:0x001fff93  x0=0x00000000
       48041000	     23920	80003874	04a90563	beq	x18,x10,800038be	 x18:0x00000000 x10:0x00000000  x0=0x00000000
       48067000	     23933	800038be	40fa8433	sub	x8,x21,x15	 x21:0x00000000 x15:0x26c0006d  x8=0xd93fff93
       48069000	     23934	800038c2	0001	c.addi	x0,0	  x0:0x00000000  x0=0x00000000
       48109000	     23954	800038c4	8bbd	c.andi	x15,15	 x15:0x26c0006d x15=0x0000000d
       48111000	     23955	800038c6	8089	c.srli	x9,0x2	  x9:0xfffffd4f  x9=0x3fffff53
       48119000	     23959	800038c8	038c1a33	mulh	x20,x24,x24	 x24:0xfffffc00 x24:0xfffffc00 x20=0x00000000
       48145000	     23972	800038cc	c01d3a13	sltiu	x20,x26,-1023	 x26:0x00000191 x20=0x00000001
       48155000	     23977	800038d0	8eb5	c.xor	x13,x13	 x13:0x00000000 x13:0x00000000 x13=0x00000000
       48157000	     23978	800038d2	cf1de513	ori	x10,x27,-783	 x27:0x00000191 x10=0xfffffdf1
       48199000	     23999	800038d6	01600eb3	add	x29,x0,x22	  x0:0x00000000 x22:0x00000000 x29=0x00000000
       48241000	     24020	800038da	033ed663	bge	x29,x19,80003906	 x29:0x00000000 x19:0x8001ee7c  x0=0x00000000
       48271000	     24035	800038de	0ff0000f	fence	iorwiorwiorwiorwiorwiorwiorwiorwiorwiorwiorwiorwiorwiorwiorwiorwiorwiorwiorwiorwiorwiorwiorwiorwiorwiorwiorwiorwiorwiorwiorwiorwiorwiorwiorwiorwiorwiorwiorwiorwiorwiorwiorwiorwiorwiorwiorwiorwiorwiorwiorwiorwiorwiorwiorwiorwiorwiorwiorwiorwiorwiorwiorwiorwiorwiorwiorwiorwiorwiorwiorwiorwiorwiorwiorwiorwiorw,iorwiorwiorwiorwiorwiorwiorwiorwiorwiorwiorwiorwiorwiorwiorwiorwiorwiorwiorwiorwiorwiorwiorwiorwiorwiorwiorwiorwiorwiorwiorwiorwiorwiorwiorwiorwiorwiorwiorwiorwiorwiorwiorwiorwiorwiorwiorwiorwiorwiorwiorwiorwiorwiorwiorwiorwiorwiorwiorwiorwiorwiorwiorwiorwiorwiorwiorwiorwiorwiorwiorwiorwiorwiorwiorwiorwiorwiorw	
       48313000	     24056	800038e2	2a933693	sltiu	x13,x6,681	  x6:0x00000000 x13=0x00000001
       48315000	     24057	800038e6	8fdd	c.or	x15,x15	 x15:0x0000000d x15:0x0000000d x15=0x0000000d
       48319000	     24059	800038e8	e0a1	c.bnez	x9,80003928	  x9:0x3fffff53
       48381000	     24090	80003928	0001	c.addi	x0,0	  x0:0x00000000  x0=0x00000000
       48383000	     24091	8000392a	85c2	c.mv	x11,x16	  x0:0x00000000 x16:0x00000191 x11=0x00000191
       48385000	     24092	8000392c	0009b133	sltu	x2,x19,x0	 x19:0x8001ee7c  x0:0x00000000  x2=0x00000000
       48387000	     24093	80003930	862e	c.mv	x12,x11	  x0:0x00000000 x11:0x00000191 x12=0x00000191
       48407000	     24103	80003932	2ec8fc13	andi	x24,x17,748	 x17:0x00000000 x24=0x00000000
       48409000	     24104	80003936	03a05f63	bge	x0,x26,80003974	  x0:0x00000000 x26:0x00000191  x0=0x00000000
       48411000	     24105	8000393a	8cf1	c.and	x9,x12	  x9:0x3fffff53 x12:0x00000191  x9=0x00000111
       48413000	     24106	8000393c	db073713	sltiu	x14,x14,-592	 x14:0x26ca16ff x14=0x00000001
       48415000	     24107	80003940	855d	c.srai	x10,0x17	 x10:0xfffffdf1 x10=0xffffffff
       48417000	     24108	80003942	09273893	sltiu	x17,x14,146	 x14:0x00000001 x17=0x00000001
       48441000	     24120	80003946	0185de13	srli	x28,x11,0x18	 x11:0x00000191 x28=0x00000000
       48443000	     24121	8000394a	018f2a33	slt	x20,x30,x24	 x30:0x00000000 x24:0x00000000 x20=0x00000000
       48445000	     24122	8000394e	8e35	c.xor	x12,x13	 x12:0x00000191 x13:0x00000001 x12=0x00000190
       48485000	     24142	80003950	610d	c.addi16sp	x2,160	  x2:0x00000000  x2=0x000000a0
       48487000	     24143	80003952	20ee3793	sltiu	x15,x28,526	 x28:0x00000000 x15=0x00000001
       48489000	     24144	80003956	8dc1	c.or	x11,x8	 x11:0x00000191  x8:0xd93fff93 x11=0xd93fff93
       48491000	     24145	80003958	01c14cb3	xor	x25,x2,x28	  x2:0x000000a0 x28:0x00000000 x25=0x000000a0
       48509000	     24154	8000395c	0ff0000f	fence	iorwiorwiorwiorwiorwiorwiorwiorwiorwiorwiorwiorwiorwiorwiorwiorwiorwiorwiorwiorwiorwiorwiorwiorwiorwiorwiorwiorwiorwiorwiorwiorwiorwiorwiorwiorwiorwiorwiorwiorwiorwiorwiorwiorwiorwiorwiorwiorwiorwiorwiorwiorwiorwiorwiorwiorwiorwiorwiorwiorwiorwiorwiorwiorwiorwiorwiorwiorwiorwiorwiorwiorwiorwiorwiorwiorwiorwiorwiorw,iorwiorwiorwiorwiorwiorwiorwiorwiorwiorwiorwiorwiorwiorwiorwiorwiorwiorwiorwiorwiorwiorwiorwiorwiorwiorwiorwiorwiorwiorwiorwiorwiorwiorwiorwiorwiorwiorwiorwiorwiorwiorwiorwiorwiorwiorwiorwiorwiorwiorwiorwiorwiorwiorwiorwiorwiorwiorwiorwiorwiorwiorwiorwiorwiorwiorwiorwiorwiorwiorwiorwiorwiorwiorwiorwiorwiorwiorwiorwiorw	
       48513000	     24156	80003960	006d8a33	add	x20,x27,x6	 x27:0x00000191  x6:0x00000000 x20=0x00000191
       48573000	     24186	80003964	d5c2fc93	andi	x25,x5,-676	  x5:0x8001add4 x25=0x8001ad54
       48579000	     24189	80003968	023004b3	mul	x9,x0,x3	  x0:0x00000000  x3:0x00000014  x9=0x00000000
       48581000	     24190	8000396c	0b52	c.slli	x22,0x14	 x22:0x00000000 x22=0x00000000
       48629000	     24214	8000396e	01e16563	bltu	x2,x30,80003978	  x2:0x000000a0 x30:0x00000000  x0=0x00000000
       48631000	     24215	80003972	8e2d	c.xor	x12,x11	 x12:0x00000190 x11:0xd93fff93 x12=0xd93ffe03
       48633000	     24216	80003974	01a42db3	slt	x27,x8,x26	  x8:0xd93fff93 x26:0x00000191 x27=0x00000001
       48637000	     24218	80003978	6105	c.addi16sp	x2,32	  x2:0x000000a0  x2=0x000000c0
       48639000	     24219	8000397a	2f986537	lui	x10,0x2f986	 x10=0x2f986000
       48641000	     24220	8000397e	0137d033	srl	x0,x15,x19	 x15:0x00000001 x19:0x8001ee7c  x0=0x00000000
       48663000	     24231	80003982	001aa833	slt	x16,x21,x1	 x21:0x00000000  x1:0x8001af65 x16=0x00000000
       48665000	     24232	80003986	00a49a93	slli	x21,x9,0xa	  x9:0x00000000 x21=0x00000000
       48681000	     24240	8000398a	408b5033	sra	x0,x22,x8	 x22:0x00000000  x8:0xd93fff93  x0=0x00000000
       48683000	     24241	8000398e	8f01	c.sub	x14,x8	 x14:0x00000001  x8:0xd93fff93 x14=0x26c0006e
       48689000	     24244	80003990	6139	c.addi16sp	x2,448	  x2:0x000000c0  x2=0x00000280
       48751000	     24275	80003992	4171dd33	sra	x26,x3,x23	  x3:0x00000014 x23:0xffffffc0 x26=0x00000014
       48753000	     24276	80003996	0676	c.slli	x12,0x1d	 x12:0xd93ffe03 x12=0x60000000
       48757000	     24278	80003998	0064f263	bgeu	x9,x6,8000399c	  x9:0x00000000  x6:0x00000000  x0=0x00000000
       48813000	     24306	8000399c	015dd433	srl	x8,x27,x21	 x27:0x00000001 x21:0x00000000  x8=0x00000001
       48815000	     24307	800039a0	00705033	srl	x0,x0,x7	  x0:0x00000000  x7:0x00000000  x0=0x00000000
       48817000	     24308	800039a4	01557a33	and	x20,x10,x21	 x10:0x2f986000 x21:0x00000000 x20=0x00000000
       48851000	     24325	800039a8	01d1f833	and	x16,x3,x29	  x3:0x00000014 x29:0x00000000 x16=0x00000000
       48859000	     24329	800039ac	01336263	bltu	x6,x19,800039b0	  x6:0x00000000 x19:0x8001ee7c  x0=0x00000000
       48923000	     24361	800039b0	00931593	slli	x11,x6,0x9	  x6:0x00000000 x11=0x00000000
       48935000	     24367	800039b4	0825	c.addi	x16,9	 x16:0x00000000 x16=0x00000009
       48939000	     24369	800039b6	024544b3	div	x9,x10,x4	 x10:0x2f986000  x4:0x00000000  x9=0xffffffff
       48941000	     24370	800039ba	8549	c.srai	x10,0x12	 x10:0x2f986000 x10=0x00000be6
       48957000	     24378	800039bc	013d33b3	sltu	x7,x26,x19	 x26:0x00000014 x19:0x8001ee7c  x7=0x00000001
       48959000	     24379	800039c0	0177ecb3	or	x25,x15,x23	 x15:0x00000001 x23:0xffffffc0 x25=0xffffffc1
       48981000	     24390	800039c4	004d0e63	beq	x26,x4,800039e0	 x26:0x00000014  x4:0x00000000  x0=0x00000000
       48983000	     24391	800039c8	013aa633	slt	x12,x21,x19	 x21:0x00000000 x19:0x8001ee7c x12=0x00000000
       48985000	     24392	800039cc	9cca	c.add	x25,x18	 x25:0xffffffc1 x18:0x00000000 x25=0xffffffc1
       48987000	     24393	800039ce	717d	c.addi16sp	x2,-16	  x2:0x00000280  x2=0x00000270
       48995000	     24397	800039d0	02bf3533	mulhu	x10,x30,x11	 x30:0x00000000 x11:0x00000000 x10=0x00000000
       49041000	     24420	800039d4	8299	c.srli	x13,0x6	 x13:0x00000001 x13=0x00000000
       49071000	     24435	800039d6	02c64d63	blt	x12,x12,80003a10	 x12:0x00000000 x12:0x00000000  x0=0x00000000
       49073000	     24436	800039da	8c76	c.mv	x24,x29	  x0:0x00000000 x29:0x00000000 x24=0x00000000
       49113000	     24456	800039dc	012e1bb3	sll	x23,x28,x18	 x28:0x00000000 x18:0x00000000 x23=0x00000000
       49117000	     24458	800039e0	02dec433	div	x8,x29,x13	 x29:0x00000000 x13:0x00000000  x8=0xffffffff
       49123000	     24461	800039e4	8289	c.srli	x13,0x2	 x13:0x00000000 x13=0x00000000
       49131000	     24465	800039e6	3c2dc093	xori	x1,x27,962	 x27:0x00000001  x1=0x000003c3
       49177000	     24488	800039ea	201d8793	addi	x15,x27,513	 x27:0x00000001 x15=0x00000202
       49179000	     24489	800039ee	090e	c.slli	x18,0x3	 x18:0x00000000 x18=0x00000000
       49181000	     24490	800039f0	01c151b3	srl	x3,x2,x28	  x2:0x00000270 x28:0x00000000  x3=0x00000270
       49201000	     24500	800039f4	0510	c.addi4spn	x12,x2,640	 x12=0x000004f0
       49233000	     24516	800039f6	22ff3a13	sltiu	x20,x30,559	 x30:0x00000000 x20=0x00000001
       49245000	     24522	800039fa	04a6e163	bltu	x13,x10,80003a3c	 x13:0x00000000 x10:0x00000000  x0=0x00000000
       49277000	     24538	800039fe	002ed833	srl	x16,x29,x2	 x29:0x00000000  x2:0x00000270 x16=0x00000000
       49305000	     24552	80003a02	03322433	mulhsu	x8,x4,x19	  x4:0x00000000 x19:0x8001ee7c  x8=0x00000000
       49307000	     24553	80003a06	41e057b3	sra	x15,x0,x30	  x0:0x00000000 x30:0x00000000 x15=0x00000000
       49323000	     24561	80003a0a	001d3a33	sltu	x20,x26,x1	 x26:0x00000014  x1:0x000003c3 x20=0x00000001
       49325000	     24562	80003a0e	0001	c.addi	x0,0	  x0:0x00000000  x0=0x00000000
       49333000	     24566	80003a10	e38d0f13	addi	x30,x26,-456	 x26:0x00000014 x30=0xfffffe4c
       49335000	     24567	80003a14	8db9	c.xor	x11,x14	 x11:0x00000000 x14:0x26c0006e x11=0x26c0006e
       49337000	     24568	80003a16	fed75fb7	lui	x31,0xfed75	 x31=0xfed75000
       49359000	     24579	80003a1a	ce0ee613	ori	x12,x29,-800	 x29:0x00000000 x12=0xfffffce0
       49361000	     24580	80003a1e	6161	c.addi16sp	x2,80	  x2:0x00000270  x2=0x000002c0
       49373000	     24586	80003a20	013b1b93	slli	x23,x22,0x13	 x22:0x00000000 x23=0x00000000
       49405000	     24602	80003a24	8c89	c.sub	x9,x10	  x9:0xffffffff x10:0x00000000  x9=0xffffffff
       49447000	     24623	80003a26	0668cbb7	lui	x23,0x668c	 x23=0x0668c000
       49479000	     24639	80003a2a	025e2933	mulhsu	x18,x28,x5	 x28:0x00000000  x5:0x8001add4 x18=0x00000000
       49481000	     24640	80003a2e	0550c163	blt	x1,x21,80003a70	  x1:0x000003c3 x21:0x00000000  x0=0x00000000
       49483000	     24641	80003a32	988e	c.add	x17,x3	 x17:0x00000001  x3:0x00000270 x17=0x00000271
       49485000	     24642	80003a34	00039e33	sll	x28,x7,x0	  x7:0x00000001  x0:0x00000000 x28=0x00000001
       49511000	     24655	80003a38	01edd493	srli	x9,x27,0x1e	 x27:0x00000001  x9=0x00000000
       49527000	     24663	80003a3c	012bceb3	xor	x29,x23,x18	 x23:0x0668c000 x18:0x00000000 x29=0x0668c000
       49569000	     24684	80003a40	00799213	slli	x4,x19,0x7	 x19:0x8001ee7c  x4=0x00f73e00
       49589000	     24694	80003a44	0018d113	srli	x2,x17,0x1	 x17:0x00000271  x2=0x00000138
       49595000	     24697	80003a48	03340bb3	mul	x23,x8,x19	  x8:0x00000000 x19:0x8001ee7c x23=0x00000000
       49611000	     24705	80003a4c	4014db33	sra	x22,x9,x1	  x9:0x00000000  x1:0x000003c3 x22=0x00000000
       49645000	     24722	80003a50	9c23ffb7	lui	x31,0x9c23f	 x31=0x9c23f000
       49687000	     24743	80003a54	e289	c.bnez	x13,80003a56	 x13:0x00000000
       49695000	     24747	80003a56	03432b33	mulhsu	x22,x6,x20	  x6:0x00000000 x20:0x00000001 x22=0x00000000
       49697000	     24748	80003a5a	0001	c.addi	x0,0	  x0:0x00000000  x0=0x00000000
       49701000	     24750	80003a5c	0ff0000f	fence	iorwiorwiorwiorwiorwiorwiorwiorwiorwiorwiorwiorwiorwiorwiorwiorwiorwiorwiorwiorwiorwiorwiorwiorwiorwiorwiorwiorwiorwiorwiorwiorwiorwiorwiorwiorwiorwiorwiorwiorwiorwiorwiorwiorwiorwiorwiorwiorwiorwiorwiorwiorwiorwiorwiorwiorwiorwiorwiorwiorwiorwiorwiorwiorwiorwiorwiorwiorwiorwiorwiorwiorwiorwiorwiorwiorwiorwiorwiorwiorwiorw,iorwiorwiorwiorwiorwiorwiorwiorwiorwiorwiorwiorwiorwiorwiorwiorwiorwiorwiorwiorwiorwiorwiorwiorwiorwiorwiorwiorwiorwiorwiorwiorwiorwiorwiorwiorwiorwiorwiorwiorwiorwiorwiorwiorwiorwiorwiorwiorwiorwiorwiorwiorwiorwiorwiorwiorwiorwiorwiorwiorwiorwiorwiorwiorwiorwiorwiorwiorwiorwiorwiorwiorwiorwiorwiorwiorwiorwiorwiorwiorwiorwiorw	
       49739000	     24769	80003a60	04331263	bne	x6,x3,80003aa4	  x6:0x00000000  x3:0x00000270  x0=0x00000000
       49791000	     24795	80003aa4	e300cc93	xori	x25,x1,-464	  x1:0x000003c3 x25=0xfffffdf3
       49793000	     24796	80003aa8	13fd	c.addi	x7,-1	  x7:0x00000001  x7=0x00000000
       49885000	     24842	80003aaa	039c4bb3	div	x23,x24,x25	 x24:0x00000000 x25:0xfffffdf3 x23=0x00000000
       49887000	     24843	80003aae	01a3dcb3	srl	x25,x7,x26	  x7:0x00000000 x26:0x00000014 x25=0x00000000
       49889000	     24844	80003ab2	25307d17	auipc	x26,0x25307	 x26=0xa530aab2
       49893000	     24846	80003ab6	01101833	sll	x16,x0,x17	  x0:0x00000000 x17:0x00000271 x16=0x00000000
       49915000	     24857	80003aba	01f22c33	slt	x24,x4,x31	  x4:0x00f73e00 x31:0x9c23f000 x24=0x00000000
       49917000	     24858	80003abe	8fe5	c.and	x15,x9	 x15:0x00000000  x9:0x00000000 x15=0x00000000
       49943000	     24871	80003ac0	01215c33	srl	x24,x2,x18	  x2:0x00000138 x18:0x00000000 x24=0x00000138
       49987000	     24893	80003ac4	01a31f63	bne	x6,x26,80003ae2	  x6:0x00000000 x26:0xa530aab2  x0=0x00000000
       50083000	     24941	80003ae2	03297833	remu	x16,x18,x18	 x18:0x00000000 x18:0x00000000 x16=0x00000000
       50085000	     24942	80003ae6	dab5ad13	slti	x26,x11,-597	 x11:0x26c0006e x26=0x00000000
       50093000	     24946	80003aea	0ff0000f	fence	iorwiorwiorwiorwiorwiorwiorwiorwiorwiorwiorwiorwiorwiorwiorwiorwiorwiorwiorwiorwiorwiorwiorwiorwiorwiorwiorwiorwiorwiorwiorwiorwiorwiorwiorwiorwiorwiorwiorwiorwiorwiorwiorwiorwiorwiorwiorwiorwiorwiorwiorwiorwiorwiorwiorwiorwiorwiorwiorwiorwiorwiorwiorwiorwiorwiorwiorwiorwiorwiorwiorwiorwiorwiorwiorwiorwiorwiorwiorwiorwiorwiorwiorw,iorwiorwiorwiorwiorwiorwiorwiorwiorwiorwiorwiorwiorwiorwiorwiorwiorwiorwiorwiorwiorwiorwiorwiorwiorwiorwiorwiorwiorwiorwiorwiorwiorwiorwiorwiorwiorwiorwiorwiorwiorwiorwiorwiorwiorwiorwiorwiorwiorwiorwiorwiorwiorwiorwiorwiorwiorwiorwiorwiorwiorwiorwiorwiorwiorwiorwiorwiorwiorwiorwiorwiorwiorwiorwiorwiorwiorwiorwiorwiorwiorwiorwiorwiorw	
       50095000	     24947	80003aee	8155	c.srli	x10,0x15	 x10:0x00000000 x10=0x00000000
       50105000	     24952	80003af0	34440393	addi	x7,x8,836	  x8:0x00000000  x7=0x00000344
       50127000	     24963	80003af4	8c35	c.xor	x8,x13	  x8:0x00000000 x13:0x00000000  x8=0x00000000
       50143000	     24971	80003af6	037f5463	bge	x30,x23,80003b1e	 x30:0xfffffe4c x23:0x00000000  x0=0x00000000
       50145000	     24972	80003afa	0001	c.addi	x0,0	  x0:0x00000000  x0=0x00000000
       50171000	     24985	80003afc	f1e28793	addi	x15,x5,-226	  x5:0x8001add4 x15=0x8001acf2
       50215000	     25007	80003b00	03091bb3	mulh	x23,x18,x16	 x18:0x00000000 x16:0x00000000 x23=0x00000000
       50221000	     25010	80003b04	8f79	c.and	x14,x14	 x14:0x26c0006e x14:0x26c0006e x14=0x26c0006e
       50229000	     25014	80003b06	030a9f63	bne	x21,x16,80003b44	 x21:0x00000000 x16:0x00000000  x0=0x00000000
       50231000	     25015	80003b0a	0bba	c.slli	x23,0xe	 x23:0x00000000 x23=0x00000000
       50265000	     25032	80003b0c	0383a833	mulhsu	x16,x7,x24	  x7:0x00000344 x24:0x00000138 x16=0x00000000
       50273000	     25036	80003b10	01369393	slli	x7,x13,0x13	 x13:0x00000000  x7=0x00000000
       50303000	     25051	80003b14	5a7d	c.li	x20,-1	 x20=0xffffffff
       50305000	     25052	80003b16	01f928b3	slt	x17,x18,x31	 x18:0x00000000 x31:0x9c23f000 x17=0x00000000
       50307000	     25053	80003b1a	81e1	c.srli	x11,0x18	 x11:0x26c0006e x11=0x00000026
       50361000	     25080	80003b1c	8de1	c.and	x11,x8	 x11:0x00000026  x8:0x00000000 x11=0x00000000
       50363000	     25081	80003b1e	83d9	c.srli	x15,0x16	 x15:0x8001acf2 x15=0x00000200
       50383000	     25091	80003b20	17a0ed93	ori	x27,x1,378	  x1:0x000003c3 x27=0x000003fb
       50385000	     25092	80003b24	97b2	c.add	x15,x12	 x15:0x00000200 x12:0xfffffce0 x15=0xfffffee0
       50479000	     25139	80003b26	0238dcb3	divu	x25,x17,x3	 x17:0x00000000  x3:0x00000270 x25=0x00000000
       50481000	     25140	80003b2a	1beea893	slti	x17,x29,446	 x29:0x0668c000 x17=0x00000000
       50483000	     25141	80003b2e	00d496b3	sll	x13,x9,x13	  x9:0x00000000 x13:0x00000000 x13=0x00000000
       50485000	     25142	80003b32	858d	c.srai	x11,0x3	 x11:0x00000000 x11=0x00000000
       50511000	     25155	80003b34	03a03db3	mulhu	x27,x0,x26	  x0:0x00000000 x26:0x00000000 x27=0x00000000
       50513000	     25156	80003b38	86d2	c.mv	x13,x20	  x0:0x00000000 x20:0xffffffff x13=0xffffffff
       50521000	     25160	80003b3a	024f7f63	bgeu	x30,x4,80003b78	 x30:0xfffffe4c  x4:0x00f73e00  x0=0x00000000
       50531000	     25165	80003b3e	f062bc93	sltiu	x25,x5,-250	  x5:0x8001add4 x25=0x00000001
       50535000	     25167	80003b42	eb91	c.bnez	x15,80003b56	 x15:0xfffffee0
       50591000	     25195	80003b56	0aeef513	andi	x10,x29,174	 x29:0x0668c000 x10=0x00000000
       50593000	     25196	80003b5a	00390663	beq	x18,x3,80003b66	 x18:0x00000000  x3:0x00000270  x0=0x00000000
       50611000	     25205	80003b5e	0377fb33	remu	x22,x15,x23	 x15:0xfffffee0 x23:0x00000000 x22=0xfffffee0
       50633000	     25216	80003b62	01f4e1b3	or	x3,x9,x31	  x9:0x00000000 x31:0x9c23f000  x3=0x9c23f000
       50635000	     25217	80003b66	9246	c.add	x4,x17	  x4:0x00f73e00 x17:0x00000000  x4=0x00f73e00
       50637000	     25218	80003b68	0097dd13	srli	x26,x15,0x9	 x15:0xfffffee0 x26=0x007fffff
       50645000	     25222	80003b6c	02cb9833	mulh	x16,x23,x12	 x23:0x00000000 x12:0xfffffce0 x16=0x00000000
       50653000	     25226	80003b70	027096b3	mulh	x13,x1,x7	  x1:0x000003c3  x7:0x00000000 x13=0x00000000
       50657000	     25228	80003b74	0262d1b3	divu	x3,x5,x6	  x5:0x8001add4  x6:0x00000000  x3=0xffffffff
       50659000	     25229	80003b78	0186	c.slli	x3,0x1	  x3:0xffffffff  x3=0xfffffffe
       50661000	     25230	80003b7a	e59d	c.bnez	x11,80003ba8	 x11:0x00000000
       50689000	     25244	80003b7c	005e5b93	srli	x23,x28,0x5	 x28:0x00000001 x23=0x00000000
       50697000	     25248	80003b80	005f8733	add	x14,x31,x5	 x31:0x9c23f000  x5:0x8001add4 x14=0x1c259dd4
       50729000	     25264	80003b84	036895b3	mulh	x11,x17,x22	 x17:0x00000000 x22:0xfffffee0 x11=0x00000000
       50731000	     25265	80003b88	83d6	c.mv	x7,x21	  x0:0x00000000 x21:0x00000000  x7=0x00000000
       50759000	     25279	80003b8a	0ff0000f	fence	iorwiorwiorwiorwiorwiorwiorwiorwiorwiorwiorwiorwiorwiorwiorwiorwiorwiorwiorwiorwiorwiorwiorwiorwiorwiorwiorwiorwiorwiorwiorwiorwiorwiorwiorwiorwiorwiorwiorwiorwiorwiorwiorwiorwiorwiorwiorwiorwiorwiorwiorwiorwiorwiorwiorwiorwiorwiorwiorwiorwiorwiorwiorwiorwiorwiorwiorwiorwiorwiorwiorwiorwiorwiorwiorwiorwiorwiorwiorwiorwiorwiorwiorwiorwiorw,iorwiorwiorwiorwiorwiorwiorwiorwiorwiorwiorwiorwiorwiorwiorwiorwiorwiorwiorwiorwiorwiorwiorwiorwiorwiorwiorwiorwiorwiorwiorwiorwiorwiorwiorwiorwiorwiorwiorwiorwiorwiorwiorwiorwiorwiorwiorwiorwiorwiorwiorwiorwiorwiorwiorwiorwiorwiorwiorwiorwiorwiorwiorwiorwiorwiorwiorwiorwiorwiorwiorwiorwiorwiorwiorwiorwiorwiorwiorwiorwiorwiorwiorwiorwiorwiorw	
       50797000	     25298	80003b8e	0119cb63	blt	x19,x17,80003ba4	 x19:0x8001ee7c x17:0x00000000  x0=0x00000000
       50881000	     25340	80003ba4	c3a60f17	auipc	x30,0xc3a60	 x30=0x43a63ba4
       50923000	     25361	80003ba8	8db1	c.xor	x11,x12	 x11:0x00000000 x12:0xfffffce0 x11=0xfffffce0
       50925000	     25362	80003baa	002ec1b3	xor	x3,x29,x2	 x29:0x0668c000  x2:0x00000138  x3=0x0668c138
       50927000	     25363	80003bae	e109	c.bnez	x10,80003bb0	 x10:0x00000000
       50953000	     25376	80003bb0	071c	c.addi4spn	x15,x2,896	 x15=0x000004b8
       50969000	     25384	80003bb2	03b315b3	mulh	x11,x6,x27	  x6:0x00000000 x27:0x00000000 x11=0x00000000
       50987000	     25393	80003bb6	400bd213	srai	x4,x23,0x0	 x23:0x00000000  x4=0x00000000
       50989000	     25394	80003bba	3a8dcf93	xori	x31,x27,936	 x27:0x00000000 x31=0x000003a8
       50991000	     25395	80003bbe	8099	c.srli	x9,0x6	  x9:0x00000000  x9=0x00000000
       50993000	     25396	80003bc0	6e21	c.lui	x28,0x8	 x28=0x00008000
       51013000	     25406	80003bc2	018f41b3	xor	x3,x30,x24	 x30:0x43a63ba4 x24:0x00000138  x3=0x43a63a9c
       51015000	     25407	80003bc6	8b29	c.andi	x14,10	 x14:0x1c259dd4 x14=0x00000000
       51035000	     25417	80003bc8	024a	c.slli	x4,0x12	  x4:0x00000000  x4=0x00000000
       51037000	     25418	80003bca	9bc6	c.add	x23,x17	 x23:0x00000000 x17:0x00000000 x23=0x00000000
       51043000	     25421	80003bcc	0001	c.addi	x0,0	  x0:0x00000000  x0=0x00000000
       51045000	     25422	80003bce	8d66	c.mv	x26,x25	  x0:0x00000000 x25:0x00000001 x26=0x00000001
       51099000	     25449	80003bd0	2c32f813	andi	x16,x5,707	  x5:0x8001add4 x16=0x000000c0
       51103000	     25451	80003bd4	0079cbb3	xor	x23,x19,x7	 x19:0x8001ee7c  x7:0x00000000 x23=0x8001ee7c
       51153000	     25476	80003bd8	6db1	c.lui	x27,0xc	 x27=0x0000c000
       51155000	     25477	80003bda	81a1	c.srli	x11,0x8	 x11:0x00000000 x11=0x00000000
       51161000	     25480	80003bdc	1a00	c.addi4spn	x8,x2,304	  x8=0x00000268
       51163000	     25481	80003bde	91da	c.add	x3,x22	  x3:0x43a63a9c x22:0xfffffee0  x3=0x43a6397c
       51237000	     25518	80003be0	0331ca33	div	x20,x3,x19	  x3:0x43a6397c x19:0x8001ee7c x20=0x00000000
       51239000	     25519	80003be4	8e4d	c.or	x12,x11	 x12:0xfffffce0 x11:0x00000000 x12=0xfffffce0
       51241000	     25520	80003be6	018001b3	add	x3,x0,x24	  x0:0x00000000 x24:0x00000138  x3=0x00000138
       51243000	     25521	80003bea	6b99	c.lui	x23,0x6	 x23=0x00006000
       51249000	     25524	80003bec	d4a04493	xori	x9,x0,-694	  x0:0x00000000  x9=0xfffffd4a
       51339000	     25569	80003bf0	023ae0b3	rem	x1,x21,x3	 x21:0x00000000  x3:0x00000138  x1=0x00000000
       51347000	     25573	80003bf4	03472f33	mulhsu	x30,x14,x20	 x14:0x00000000 x20:0x00000000 x30=0x00000000
       51355000	     25577	80003bf8	02831633	mulh	x12,x6,x8	  x6:0x00000000  x8:0x00000268 x12=0x00000000
       51357000	     25578	80003bfc	0504	c.addi4spn	x9,x2,640	  x9=0x000003b8
       51365000	     25582	80003bfe	00b7d833	srl	x16,x15,x11	 x15:0x000004b8 x11:0x00000000 x16=0x000004b8
       51367000	     25583	80003c02	0842	c.slli	x16,0x10	 x16:0x000004b8 x16=0x04b80000
       51369000	     25584	80003c04	8df9	c.and	x11,x14	 x11:0x00000000 x14:0x00000000 x11=0x00000000
       51379000	     25589	80003c06	04509363	bne	x1,x5,80003c4c	  x1:0x00000000  x5:0x8001add4  x0=0x00000000
       51405000	     25602	80003c4c	f917eb13	ori	x22,x15,-111	 x15:0x000004b8 x22=0xffffffb9
       51419000	     25609	80003c50	dcb3ef93	ori	x31,x7,-565	  x7:0x00000000 x31=0xfffffdcb
       51453000	     25626	80003c54	86fd	c.srai	x13,0x1f	 x13:0x00000000 x13=0x00000000
       51467000	     25633	80003c56	016207b3	add	x15,x4,x22	  x4:0x00000000 x22:0xffffffb9 x15=0xffffffb9
       51473000	     25636	80003c5a	02318b33	mul	x22,x3,x3	  x3:0x00000138  x3:0x00000138 x22=0x00017c40
       51491000	     25645	80003c5e	01f59213	slli	x4,x11,0x1f	 x11:0x00000000  x4=0x00000000
       51525000	     25662	80003c62	026adf33	divu	x30,x21,x6	 x21:0x00000000  x6:0x00000000 x30=0xffffffff
       51527000	     25663	80003c66	008485b3	add	x11,x9,x8	  x9:0x000003b8  x8:0x00000268 x11=0x00000620
       51553000	     25676	80003c6a	02e9d663	bge	x19,x14,80003c96	 x19:0x8001ee7c x14:0x00000000  x0=0x00000000
       51555000	     25677	80003c6e	e615	c.bnez	x12,80003c9a	 x12:0x00000000
       51573000	     25686	80003c70	8c4d	c.or	x8,x11	  x8:0x00000268 x11:0x00000620  x8=0x00000668
       51575000	     25687	80003c72	8f4d	c.or	x14,x11	 x14:0x00000000 x11:0x00000620 x14=0x00000620
       51649000	     25724	80003c74	03f2c8b3	div	x17,x5,x31	  x5:0x8001add4 x31:0xfffffdcb x17=0x0039fe55
       51651000	     25725	80003c78	00bc9033	sll	x0,x25,x11	 x25:0x00000001 x11:0x00000620  x0=0x00000000
       51653000	     25726	80003c7c	01bf26b3	slt	x13,x30,x27	 x30:0xffffffff x27:0x0000c000 x13=0x00000001
       51661000	     25730	80003c80	02e79db3	mulh	x27,x15,x14	 x15:0xffffffb9 x14:0x00000620 x27=0xffffffff
       51673000	     25736	80003c84	02f136b3	mulhu	x13,x2,x15	  x2:0x00000138 x15:0xffffffb9 x13=0x00000137
       51679000	     25739	80003c88	0001	c.addi	x0,0	  x0:0x00000000  x0=0x00000000
       51711000	     25755	80003c8a	020265b3	rem	x11,x4,x0	  x4:0x00000000  x0:0x00000000 x11=0x00000000
       51737000	     25768	80003c8e	00e41513	slli	x10,x8,0xe	  x8:0x00000668 x10=0x019a0000
       51745000	     25772	80003c92	0d582b93	slti	x23,x16,213	 x16:0x04b80000 x23=0x00000000
       51747000	     25773	80003c96	00f5e1b3	or	x3,x11,x15	 x11:0x00000000 x15:0xffffffb9  x3=0xffffffb9
       51807000	     25803	80003c9a	035e8133	mul	x2,x29,x21	 x29:0x0668c000 x21:0x00000000  x2=0x00000000
       51823000	     25811	80003c9e	9cb0c7b7	lui	x15,0x9cb0c	 x15=0x9cb0c000
       51825000	     25812	80003ca2	2e654e97	auipc	x29,0x2e654	 x29=0xae657ca2
       51847000	     25823	80003ca6	0071d0b3	srl	x1,x3,x7	  x3:0xffffffb9  x7:0x00000000  x1=0xffffffb9
       51903000	     25851	80003caa	0339c563	blt	x19,x19,80003cd4	 x19:0x8001ee7c x19:0x8001ee7c  x0=0x00000000
       51905000	     25852	80003cae	3c797b93	andi	x23,x18,967	 x18:0x00000000 x23=0x00000000
       51909000	     25854	80003cb2	d6070893	addi	x17,x14,-672	 x14:0x00000620 x17=0x00000380
       51911000	     25855	80003cb6	616d	c.addi16sp	x2,240	  x2:0x00000000  x2=0x000000f0
       51925000	     25862	80003cb8	1e80	c.addi4spn	x8,x2,880	  x8=0x00000460
       51967000	     25883	80003cba	e4c12413	slti	x8,x2,-436	  x2:0x000000f0  x8=0x00000000
       51973000	     25886	80003cbe	0578a393	slti	x7,x17,87	 x17:0x00000380  x7=0x00000000
       52071000	     25935	80003cc2	0383f633	remu	x12,x7,x24	  x7:0x00000000 x24:0x00000138 x12=0x00000000
       52073000	     25936	80003cc6	3d85ce93	xori	x29,x11,984	 x11:0x00000000 x29=0x000003d8
       52079000	     25939	80003cca	02768db3	mul	x27,x13,x7	 x13:0x00000137  x7:0x00000000 x27=0x00000000
       52081000	     25940	80003cce	717d	c.addi16sp	x2,-16	  x2:0x000000f0  x2=0x000000e0
       52097000	     25948	80003cd0	c2c96713	ori	x14,x18,-980	 x18:0x00000000 x14=0xfffffc2c
       52227000	     26013	80003cd4	03025f33	divu	x30,x4,x16	  x4:0x00000000 x16:0x04b80000 x30=0x00000000
       52229000	     26014	80003cd8	40ec8f33	sub	x30,x25,x14	 x25:0x00000001 x14:0xfffffc2c x30=0x000003d5
       52231000	     26015	80003cdc	0317f663	bgeu	x15,x17,80003d08	 x15:0x9cb0c000 x17:0x00000380  x0=0x00000000
       52233000	     26016	80003ce0	00933fb3	sltu	x31,x6,x9	  x6:0x00000000  x9:0x000003b8 x31=0x00000001
       52291000	     26045	80003ce4	356aa413	slti	x8,x21,854	 x21:0x00000000  x8=0x00000001
       52293000	     26046	80003ce8	d07c0437	lui	x8,0xd07c0	  x8=0xd07c0000
       52387000	     26093	80003cec	02ed6033	rem	x0,x26,x14	 x26:0x00000001 x14:0xfffffc2c  x0=0x00000000
       52389000	     26094	80003cf0	197d	c.addi	x18,-1	 x18:0x00000000 x18=0xffffffff
       52397000	     26098	80003cf2	0171ccb3	xor	x25,x3,x23	  x3:0xffffffb9 x23:0x00000000 x25=0xffffffb9
       52437000	     26118	80003cf6	03a38a63	beq	x7,x26,80003d2a	  x7:0x00000000 x26:0x00000001  x0=0x00000000
       52439000	     26119	80003cfa	8f51	c.or	x14,x12	 x14:0xfffffc2c x12:0x00000000 x14=0xfffffc2c
       52447000	     26123	80003cfc	0ff0000f	fence	iorwiorwiorwiorwiorwiorwiorwiorwiorwiorwiorwiorwiorwiorwiorwiorwiorwiorwiorwiorwiorwiorwiorwiorwiorwiorwiorwiorwiorwiorwiorwiorwiorwiorwiorwiorwiorwiorwiorwiorwiorwiorwiorwiorwiorwiorwiorwiorwiorwiorwiorwiorwiorwiorwiorwiorwiorwiorwiorwiorwiorwiorwiorwiorwiorwiorwiorwiorwiorwiorwiorwiorwiorwiorwiorwiorwiorwiorwiorwiorwiorwiorwiorwiorwiorwiorwiorw,iorwiorwiorwiorwiorwiorwiorwiorwiorwiorwiorwiorwiorwiorwiorwiorwiorwiorwiorwiorwiorwiorwiorwiorwiorwiorwiorwiorwiorwiorwiorwiorwiorwiorwiorwiorwiorwiorwiorwiorwiorwiorwiorwiorwiorwiorwiorwiorwiorwiorwiorwiorwiorwiorwiorwiorwiorwiorwiorwiorwiorwiorwiorwiorwiorwiorwiorwiorwiorwiorwiorwiorwiorwiorwiorwiorwiorwiorwiorwiorwiorwiorwiorwiorwiorwiorwiorwiorw	
       52461000	     26130	80003d00	01a6df63	bge	x13,x26,80003d1e	 x13:0x00000137 x26:0x00000001  x0=0x00000000
       52495000	     26147	80003d04	03a46663	bltu	x8,x26,80003d30	  x8:0xd07c0000 x26:0x00000001  x0=0x00000000
       52507000	     26153	80003d08	0001	c.addi	x0,0	  x0:0x00000000  x0=0x00000000
       52553000	     26176	80003d0a	00520463	beq	x4,x5,80003d12	  x4:0x00000000  x5:0x8001add4  x0=0x00000000
       52561000	     26180	80003d0e	0123aab3	slt	x21,x7,x18	  x7:0x00000000 x18:0xffffffff x21=0x00000000
       52613000	     26206	80003d12	013c0d33	add	x26,x24,x19	 x24:0x00000138 x19:0x8001ee7c x26=0x8001efb4
       52687000	     26243	80003d16	03e1e3b3	rem	x7,x3,x30	  x3:0xffffffb9 x30:0x000003d5  x7=0xffffffb9
       52689000	     26244	80003d1a	01985b93	srli	x23,x16,0x19	 x16:0x04b80000 x23=0x00000002
       52691000	     26245	80003d1e	8525	c.srai	x10,0x9	 x10:0x019a0000 x10=0x0000cd00
       52693000	     26246	80003d20	01f84433	xor	x8,x16,x31	 x16:0x04b80000 x31:0x00000001  x8=0x04b80001
       52713000	     26256	80003d24	0354c763	blt	x9,x21,80003d52	  x9:0x000003b8 x21:0x00000000  x0=0x00000000
       52725000	     26262	80003d28	0001	c.addi	x0,0	  x0:0x00000000  x0=0x00000000
       52727000	     26263	80003d2a	8a09	c.andi	x12,2	 x12:0x00000000 x12=0x00000000
       52729000	     26264	80003d2c	2d976217	auipc	x4,0x2d976	  x4=0xad979d2c
       52731000	     26265	80003d30	6171	c.addi16sp	x2,336	  x2:0x000000e0  x2=0x00000230
       52779000	     26289	80003d32	0ff0000f	fence	iorwiorwiorwiorwiorwiorwiorwiorwiorwiorwiorwiorwiorwiorwiorwiorwiorwiorwiorwiorwiorwiorwiorwiorwiorwiorwiorwiorwiorwiorwiorwiorwiorwiorwiorwiorwiorwiorwiorwiorwiorwiorwiorwiorwiorwiorwiorwiorwiorwiorwiorwiorwiorwiorwiorwiorwiorwiorwiorwiorwiorwiorwiorwiorwiorwiorwiorwiorwiorwiorwiorwiorwiorwiorwiorwiorwiorwiorwiorwiorwiorwiorwiorwiorwiorwiorwiorwiorwiorw,iorwiorwiorwiorwiorwiorwiorwiorwiorwiorwiorwiorwiorwiorwiorwiorwiorwiorwiorwiorwiorwiorwiorwiorwiorwiorwiorwiorwiorwiorwiorwiorwiorwiorwiorwiorwiorwiorwiorwiorwiorwiorwiorwiorwiorwiorwiorwiorwiorwiorwiorwiorwiorwiorwiorwiorwiorwiorwiorwiorwiorwiorwiorwiorwiorwiorwiorwiorwiorwiorwiorwiorwiorwiorwiorwiorwiorwiorwiorwiorwiorwiorwiorwiorwiorwiorwiorwiorwiorwiorw	
       52781000	     26290	80003d36	8d09	c.sub	x10,x10	 x10:0x0000cd00 x10:0x0000cd00 x10=0x00000000
       52783000	     26291	80003d38	004b40b3	xor	x1,x22,x4	 x22:0x00017c40  x4:0xad979d2c  x1=0xad96e16c
       52811000	     26305	80003d3c	885d	c.andi	x8,23	  x8:0x04b80001  x8=0x00000001
       52813000	     26306	80003d3e	8e79	c.and	x12,x14	 x12:0x00000000 x14:0xfffffc2c x12=0x00000000
       52853000	     26326	80003d40	8e81	c.sub	x13,x8	 x13:0x00000137  x8:0x00000001 x13=0x00000136
       52855000	     26327	80003d42	805d	c.srli	x8,0x17	  x8:0x00000001  x8=0x00000000
       52865000	     26332	80003d44	013bd093	srli	x1,x23,0x13	 x23:0x00000002  x1=0x00000000
       52941000	     26370	80003d48	03c04db3	div	x27,x0,x28	  x0:0x00000000 x28:0x00008000 x27=0x00000000
       52943000	     26371	80003d4c	66bd	c.lui	x13,0xf	 x13=0x0000f000
       52945000	     26372	80003d4e	8211	c.srli	x12,0x4	 x12:0x00000000 x12=0x00000000
       52947000	     26373	80003d50	8f41	c.or	x14,x8	 x14:0xfffffc2c  x8:0x00000000 x14=0xfffffc2c
       52975000	     26387	80003d52	0177db33	srl	x22,x15,x23	 x15:0x9cb0c000 x23:0x00000002 x22=0x272c3000
       52985000	     26392	80003d56	014b05b3	add	x11,x22,x20	 x22:0x272c3000 x20:0x00000000 x11=0x272c3000
       52987000	     26393	80003d5a	e07ef913	andi	x18,x29,-505	 x29:0x000003d8 x18=0x00000200
       53049000	     26424	80003d5e	03cf0863	beq	x30,x28,80003d8e	 x30:0x000003d5 x28:0x00008000  x0=0x00000000
       53051000	     26425	80003d62	00c14bb3	xor	x23,x2,x12	  x2:0x00000230 x12:0x00000000 x23=0x00000230
       53183000	     26491	80003d66	02e876b3	remu	x13,x16,x14	 x16:0x04b80000 x14:0xfffffc2c x13=0x04b80000
       53191000	     26495	80003d6a	03142a33	mulhsu	x20,x8,x17	  x8:0x00000000 x17:0x00000380 x20=0x00000000
       53199000	     26499	80003d6e	03899133	mulh	x2,x19,x24	 x19:0x8001ee7c x24:0x00000138  x2=0xffffff64
       53201000	     26500	80003d72	cb09	c.beqz	x14,80003d84	 x14:0xfffffc2c
       53217000	     26508	80003d74	8599	c.srai	x11,0x6	 x11:0x272c3000 x11=0x009cb0c0
       53219000	     26509	80003d76	0001	c.addi	x0,0	  x0:0x00000000  x0=0x00000000
       53227000	     26513	80003d78	882e	c.mv	x16,x11	  x0:0x00000000 x11:0x009cb0c0 x16=0x009cb0c0
       53263000	     26531	80003d7a	01db5013	srli	x0,x22,0x1d	 x22:0x272c3000  x0=0x00000000
       53271000	     26535	80003d7e	1c666193	ori	x3,x12,454	 x12:0x00000000  x3=0x000001c6
       53273000	     26536	80003d82	6115	c.addi16sp	x2,288	  x2:0xffffff64  x2=0x00000084
       53291000	     26545	80003d84	0ff0000f	fence	iorwiorwiorwiorwiorwiorwiorwiorwiorwiorwiorwiorwiorwiorwiorwiorwiorwiorwiorwiorwiorwiorwiorwiorwiorwiorwiorwiorwiorwiorwiorwiorwiorwiorwiorwiorwiorwiorwiorwiorwiorwiorwiorwiorwiorwiorwiorwiorwiorwiorwiorwiorwiorwiorwiorwiorwiorwiorwiorwiorwiorwiorwiorwiorwiorwiorwiorwiorwiorwiorwiorwiorwiorwiorwiorwiorwiorwiorwiorwiorwiorwiorwiorwiorwiorwiorwiorwiorwiorwiorwiorw,iorwiorwiorwiorwiorwiorwiorwiorwiorwiorwiorwiorwiorwiorwiorwiorwiorwiorwiorwiorwiorwiorwiorwiorwiorwiorwiorwiorwiorwiorwiorwiorwiorwiorwiorwiorwiorwiorwiorwiorwiorwiorwiorwiorwiorwiorwiorwiorwiorwiorwiorwiorwiorwiorwiorwiorwiorwiorwiorwiorwiorwiorwiorwiorwiorwiorwiorwiorwiorwiorwiorwiorwiorwiorwiorwiorwiorwiorwiorwiorwiorwiorwiorwiorwiorwiorwiorwiorwiorwiorwiorwiorw	
       53295000	     26547	80003d88	8f41	c.or	x14,x8	 x14:0xfffffc2c  x8:0x00000000 x14=0xfffffc2c
       53319000	     26559	80003d8a	c49eb413	sltiu	x8,x29,-951	 x29:0x000003d8  x8=0x00000001
       53361000	     26580	80003d8e	30043493	sltiu	x9,x8,768	  x8:0x00000001  x9=0x00000001
       53373000	     26586	80003d92	00f4dc93	srli	x25,x9,0xf	  x9:0x00000001 x25=0x00000000
       53385000	     26592	80003d96	c627e193	ori	x3,x15,-926	 x15:0x9cb0c000  x3=0xfffffc62
       53401000	     26600	80003d9a	4144d093	srai	x1,x9,0x14	  x9:0x00000001  x1=0x00000000
       53481000	     26640	80003d9e	03027e33	remu	x28,x4,x16	  x4:0xad979d2c x16:0x009cb0c0 x28=0x006038ec
       53483000	     26641	80003da2	009c1413	slli	x8,x24,0x9	 x24:0x00000138  x8=0x00027000
       53485000	     26642	80003da6	9b7d	c.andi	x14,-1	 x14:0xfffffc2c x14=0xfffffc2c
       53487000	     26643	80003da8	01ad8963	beq	x27,x26,80003dba	 x27:0x00000000 x26:0x8001efb4  x0=0x00000000
       53509000	     26654	80003dac	94be	c.add	x9,x15	  x9:0x00000001 x15:0x9cb0c000  x9=0x9cb0c001
       53535000	     26667	80003dae	08148b93	addi	x23,x9,129	  x9:0x9cb0c001 x23=0x9cb0c082
       53559000	     26679	80003db2	01e6b433	sltu	x8,x13,x30	 x13:0x04b80000 x30:0x000003d5  x8=0x00000000
       53645000	     26722	80003db6	02727133	remu	x2,x4,x7	  x4:0xad979d2c  x7:0xffffffb9  x2=0xad979d2c
       53647000	     26723	80003dba	00e3ec33	or	x24,x7,x14	  x7:0xffffffb9 x14:0xfffffc2c x24=0xffffffbd
       53649000	     26724	80003dbe	03eb0163	beq	x22,x30,80003de0	 x22:0x272c3000 x30:0x000003d5  x0=0x00000000
       53651000	     26725	80003dc2	6141	c.addi16sp	x2,16	  x2:0xad979d2c  x2=0xad979d3c
       53677000	     26738	80003dc4	014513b3	sll	x7,x10,x20	 x10:0x00000000 x20:0x00000000  x7=0x00000000
       53689000	     26744	80003dc8	00e24433	xor	x8,x4,x14	  x4:0xad979d2c x14:0xfffffc2c  x8=0x52686100
       53693000	     26746	80003dcc	ef81	c.bnez	x15,80003de4	 x15:0x9cb0c000
       53719000	     26759	80003de4	023a8cb3	mul	x25,x21,x3	 x21:0x00000000  x3:0xfffffc62 x25=0x00000000
       53767000	     26783	80003de8	127d	c.addi	x4,-1	  x4:0xad979d2c  x4=0xad979d2b
       53769000	     26784	80003dea	d8d84a13	xori	x20,x16,-627	 x16:0x009cb0c0 x20=0xff634d4d
       53775000	     26787	80003dee	0191c0b3	xor	x1,x3,x25	  x3:0xfffffc62 x25:0x00000000  x1=0xfffffc62
       53797000	     26798	80003df2	00b0f1b3	and	x3,x1,x11	  x1:0xfffffc62 x11:0x009cb0c0  x3=0x009cb040
       53807000	     26803	80003df6	e91aee13	ori	x28,x21,-367	 x21:0x00000000 x28=0xfffffe91
       53821000	     26810	80003dfa	08e16893	ori	x17,x2,142	  x2:0xad979d3c x17=0xad979dbe
       53823000	     26811	80003dfe	363cce13	xori	x28,x25,867	 x25:0x00000000 x28=0x00000363
       53825000	     26812	80003e02	cc15	c.beqz	x8,80003e3e	  x8:0x52686100
       53865000	     26832	80003e04	09c18513	addi	x10,x3,156	  x3:0x009cb040 x10=0x009cb0dc
       53867000	     26833	80003e08	41da8e33	sub	x28,x21,x29	 x21:0x00000000 x29:0x000003d8 x28=0xfffffc28
       53869000	     26834	80003e0c	41d40ab3	sub	x21,x8,x29	  x8:0x52686100 x29:0x000003d8 x21=0x52685d28
       53879000	     26839	80003e10	01ca9513	slli	x10,x21,0x1c	 x21:0x52685d28 x10=0x80000000
       53915000	     26857	80003e14	1f163c93	sltiu	x25,x12,497	 x12:0x00000000 x25=0x00000001
       53917000	     26858	80003e18	0001	c.addi	x0,0	  x0:0x00000000  x0=0x00000000
       53943000	     26871	80003e1a	dddea913	slti	x18,x29,-547	 x29:0x000003d8 x18=0x00000000
       53989000	     26894	80003e1e	0278cf63	blt	x17,x7,80003e5c	 x17:0xad979dbe  x7:0x00000000  x0=0x00000000
       54055000	     26927	80003e5c	02901363	bne	x0,x9,80003e82	  x0:0x00000000  x9:0x9cb0c001  x0=0x00000000
       54101000	     26950	80003e82	14fd	c.addi	x9,-1	  x9:0x9cb0c001  x9=0x9cb0c000
       54117000	     26958	80003e84	717d	c.addi16sp	x2,-16	  x2:0xad979d3c  x2=0xad979d2c
       54147000	     26973	80003e86	032c2eb3	mulhsu	x29,x24,x18	 x24:0xffffffbd x18:0x00000000 x29=0x00000000
       54151000	     26975	80003e8a	dd0aa513	slti	x10,x21,-560	 x21:0x52685d28 x10=0x00000000
       54153000	     26976	80003e8e	6aad	c.lui	x21,0xb	 x21=0x0000b000
       54155000	     26977	80003e90	40c9d713	srai	x14,x19,0xc	 x19:0x8001ee7c x14=0xfff8001e
       54189000	     26994	80003e94	40450fb3	sub	x31,x10,x4	 x10:0x00000000  x4:0xad979d2b x31=0x526862d5
       54231000	     27015	80003e98	40bad933	sra	x18,x21,x11	 x21:0x0000b000 x11:0x009cb0c0 x18=0x0000b000
       54233000	     27016	80003e9c	8136	c.mv	x2,x13	  x0:0x00000000 x13:0x04b80000  x2=0x04b80000
       54255000	     27027	80003e9e	005d6263	bltu	x26,x5,80003ea2	 x26:0x8001efb4  x5:0x8001add4  x0=0x00000000
       54277000	     27038	80003ea2	01dd1013	slli	x0,x26,0x1d	 x26:0x8001efb4  x0=0x00000000
       54283000	     27041	80003ea6	0343c663	blt	x7,x20,80003ed2	  x7:0x00000000 x20:0xff634d4d  x0=0x00000000
       54345000	     27072	80003eaa	003a1f63	bne	x20,x3,80003ec8	 x20:0xff634d4d  x3:0x009cb040  x0=0x00000000
       54405000	     27102	80003ec8	001aac33	slt	x24,x21,x1	 x21:0x0000b000  x1:0xfffffc62 x24=0x00000000
       54419000	     27109	80003ecc	0001	c.addi	x0,0	  x0:0x00000000  x0=0x00000000
       54435000	     27117	80003ece	17c17893	andi	x17,x2,380	  x2:0x04b80000 x17=0x00000000
       54437000	     27118	80003ed2	82e5	c.srli	x13,0x19	 x13:0x04b80000 x13=0x00000002
       54477000	     27138	80003ed4	0001	c.addi	x0,0	  x0:0x00000000  x0=0x00000000
       54521000	     27160	80003ed6	038dfd63	bgeu	x27,x24,80003f10	 x27:0x00000000 x24:0x00000000  x0=0x00000000
       54571000	     27185	80003f10	0313b433	mulhu	x8,x7,x17	  x7:0x00000000 x17:0x00000000  x8=0x00000000
       54573000	     27186	80003f14	40c15b13	srai	x22,x2,0xc	  x2:0x04b80000 x22=0x00004b80
       54601000	     27200	80003f18	81ad	c.srli	x11,0xb	 x11:0x009cb0c0 x11=0x00001396
       54603000	     27201	80003f1a	41a251b3	sra	x3,x4,x26	  x4:0xad979d2b x26:0x8001efb4  x3=0xfffffad9
       54605000	     27202	80003f1e	c981	c.beqz	x11,80003f2e	 x11:0x00001396
       54627000	     27213	80003f20	03bbfb33	remu	x22,x23,x27	 x23:0x9cb0c082 x27:0x00000000 x22=0x9cb0c082
       54719000	     27259	80003f24	025564b3	rem	x9,x10,x5	 x10:0x00000000  x5:0x8001add4  x9=0x00000000
       54721000	     27260	80003f28	84b6	c.mv	x9,x13	  x0:0x00000000 x13:0x00000002  x9=0x00000002
       54729000	     27264	80003f2a	03832633	mulhsu	x12,x6,x24	  x6:0x00000000 x24:0x00000000 x12=0x00000000
       54731000	     27265	80003f2e	00270c33	add	x24,x14,x2	 x14:0xfff8001e  x2:0x04b80000 x24=0x04b0001e
       54781000	     27290	80003f32	0224beb3	mulhu	x29,x9,x2	  x9:0x00000002  x2:0x04b80000 x29=0x00000000
       54787000	     27293	80003f36	03a081b3	mul	x3,x1,x26	  x1:0xfffffc62 x26:0x8001efb4  x3=0xf8fef2e8
       54795000	     27297	80003f3a	03223533	mulhu	x10,x4,x18	  x4:0xad979d2b x18:0x0000b000 x10=0x00007758
       54871000	     27335	80003f3e	0349f6b3	remu	x13,x19,x20	 x19:0x8001ee7c x20:0xff634d4d x13=0x8001ee7c
       54873000	     27336	80003f42	01d2	c.slli	x3,0x14	  x3:0xf8fef2e8  x3=0x2e800000
       54875000	     27337	80003f44	88f5	c.andi	x9,29	  x9:0x00000002  x9=0x00000000
       54885000	     27342	80003f46	02647963	bgeu	x8,x6,80003f78	  x8:0x00000000  x6:0x00000000  x0=0x00000000
       54929000	     27364	80003f78	6135	c.addi16sp	x2,352	  x2:0x04b80000  x2=0x04b80160
       54931000	     27365	80003f7a	8c31	c.xor	x8,x12	  x8:0x00000000 x12:0x00000000  x8=0x00000000
       54951000	     27375	80003f7c	02961a63	bne	x12,x9,80003fb0	 x12:0x00000000  x9:0x00000000  x0=0x00000000
       54959000	     27379	80003f80	02d9acb3	mulhsu	x25,x19,x13	 x19:0x8001ee7c x13:0x8001ee7c x25=0xc0000003
       54969000	     27384	80003f84	717d	c.addi16sp	x2,-16	  x2:0x04b80160  x2=0x04b80150
       54971000	     27385	80003f86	9bfd	c.andi	x15,-1	 x15:0x9cb0c000 x15=0x9cb0c000
       54991000	     27395	80003f88	00213c33	sltu	x24,x2,x2	  x2:0x04b80150  x2:0x04b80150 x24=0x00000000
       54997000	     27398	80003f8c	8395	c.srli	x15,0x5	 x15:0x9cb0c000 x15=0x04e58600
       55055000	     27427	80003f8e	007e1593	slli	x11,x28,0x7	 x28:0xfffffc28 x11=0xfffe1400
       55059000	     27429	80003f92	cc09	c.beqz	x8,80003fac	  x8:0x00000000
       55081000	     27440	80003fac	e8333113	sltiu	x2,x6,-381	  x6:0x00000000  x2=0x00000001
       55133000	     27466	80003fb0	02eda3b3	mulhsu	x7,x27,x14	 x27:0x00000000 x14:0xfff8001e  x7=0x00000000
       55135000	     27467	80003fb4	012cfc33	and	x24,x25,x18	 x25:0xc0000003 x18:0x0000b000 x24=0x00000000
       55157000	     27478	80003fb8	00181ab3	sll	x21,x16,x1	 x16:0x009cb0c0  x1:0xfffffc62 x21=0x0272c300
       55263000	     27531	80003fbc	025cd533	divu	x10,x25,x5	 x25:0xc0000003  x5:0x8001add4 x10=0x00000001
       55271000	     27535	80003fc0	03ad1e33	mulh	x28,x26,x26	 x26:0x8001efb4 x26:0x8001efb4 x28=0x3ffe104f
       55275000	     27537	80003fc4	e595	c.bnez	x11,80003ff0	 x11:0xfffe1400
       55339000	     27569	80003ff0	9c8e	c.add	x25,x3	 x25:0xc0000003  x3:0x2e800000 x25=0xee800003
       55341000	     27570	80003ff2	0012f0b3	and	x1,x5,x1	  x5:0x8001add4  x1:0xfffffc62  x1=0x8001ac40
       55343000	     27571	80003ff6	8e35	c.xor	x12,x13	 x12:0x00000000 x13:0x8001ee7c x12=0x8001ee7c
       55367000	     27583	80003ff8	8fd1	c.or	x15,x12	 x15:0x04e58600 x12:0x8001ee7c x15=0x84e5ee7c
       55385000	     27592	80003ffa	417c5c93	srai	x25,x24,0x17	 x24:0x00000000 x25=0x00000000
       55389000	     27594	80003ffe	0ff0000f	fence	iorwiorwiorwiorwiorwiorwiorwiorwiorwiorwiorwiorwiorwiorwiorwiorwiorwiorwiorwiorwiorwiorwiorwiorwiorwiorwiorwiorwiorwiorwiorwiorwiorwiorwiorwiorwiorwiorwiorwiorwiorwiorwiorwiorwiorwiorwiorwiorwiorwiorwiorwiorwiorwiorwiorwiorwiorwiorwiorwiorwiorwiorwiorwiorwiorwiorwiorwiorwiorwiorwiorwiorwiorwiorwiorwiorwiorwiorwiorwiorwiorwiorwiorwiorwiorwiorwiorwiorwiorwiorwiorwiorwiorw,iorwiorwiorwiorwiorwiorwiorwiorwiorwiorwiorwiorwiorwiorwiorwiorwiorwiorwiorwiorwiorwiorwiorwiorwiorwiorwiorwiorwiorwiorwiorwiorwiorwiorwiorwiorwiorwiorwiorwiorwiorwiorwiorwiorwiorwiorwiorwiorwiorwiorwiorwiorwiorwiorwiorwiorwiorwiorwiorwiorwiorwiorwiorwiorwiorwiorwiorwiorwiorwiorwiorwiorwiorwiorwiorwiorwiorwiorwiorwiorwiorwiorwiorwiorwiorwiorwiorwiorwiorwiorwiorwiorwiorwiorw	
       55391000	     27595	80004002	06b2	c.slli	x13,0xc	 x13:0x8001ee7c x13=0x1ee7c000
       55393000	     27596	80004004	40eb0a33	sub	x20,x22,x14	 x22:0x9cb0c082 x14:0xfff8001e x20=0x9cb8c064
       55447000	     27623	80004008	6bf5	c.lui	x23,0x1d	 x23=0x0001d000
       55477000	     27638	8000400a	02dcc663	blt	x25,x13,80004036	 x25:0x00000000 x13:0x1ee7c000  x0=0x00000000
       55555000	     27677	80004036	577d	c.li	x14,-1	 x14=0xffffffff
       55597000	     27698	80004038	9cbe	c.add	x25,x15	 x25:0x00000000 x15:0x84e5ee7c x25=0x84e5ee7c
       55599000	     27699	8000403a	b62cf937	lui	x18,0xb62cf	 x18=0xb62cf000
       55603000	     27701	8000403e	021e1563	bne	x28,x1,80004068	 x28:0x3ffe104f  x1:0x8001ac40  x0=0x00000000
       55661000	     27730	80004068	0001	c.addi	x0,0	  x0:0x00000000  x0=0x00000000
       55719000	     27759	8000406a	019258b3	srl	x17,x4,x25	  x4:0xad979d2b x25:0x84e5ee7c x17=0x0000000a
       55741000	     27770	8000406e	031aae33	mulhsu	x28,x21,x17	 x21:0x0272c300 x17:0x0000000a x28=0x00000000
       55745000	     27772	80004072	01461563	bne	x12,x20,8000407c	 x12:0x8001ee7c x20:0x9cb8c064  x0=0x00000000
       55813000	     27806	8000407c	00db5c13	srli	x24,x22,0xd	 x22:0x9cb0c082 x24=0x0004e586
       55815000	     27807	80004080	9162	c.add	x2,x24	  x2:0x00000001 x24:0x0004e586  x2=0x0004e587
       55817000	     27808	80004082	8031	c.srli	x8,0xc	  x8:0x00000000  x8=0x00000000
       55837000	     27818	80004084	9236	c.add	x4,x13	  x4:0xad979d2b x13:0x1ee7c000  x4=0xcc7f5d2b
       55899000	     27849	80004086	0fdfed13	ori	x26,x31,253	 x31:0x526862d5 x26=0x526862fd
       55901000	     27850	8000408a	8005	c.srli	x8,0x1	  x8:0x00000000  x8=0x00000000
       56013000	     27906	8000408c	03924a33	div	x20,x4,x25	  x4:0xcc7f5d2b x25:0x84e5ee7c x20=0x00000000
       56087000	     27943	80004090	0304dab3	divu	x21,x9,x16	  x9:0x00000000 x16:0x009cb0c0 x21=0x00000000
       56089000	     27944	80004094	5f7d	c.li	x30,-1	 x30=0xffffffff
       56093000	     27946	80004096	0348f733	remu	x14,x17,x20	 x17:0x0000000a x20:0x00000000 x14=0x0000000a
       56095000	     27947	8000409a	8fb1	c.xor	x15,x12	 x15:0x84e5ee7c x12:0x8001ee7c x15=0x04e40000
       56097000	     27948	8000409c	0152	c.slli	x2,0x14	  x2:0x0004e587  x2=0x58700000
       56101000	     27950	8000409e	ee0d	c.bnez	x12,800040d8	 x12:0x8001ee7c
       56169000	     27984	800040d8	029d3cb3	mulhu	x25,x26,x9	 x26:0x526862fd  x9:0x00000000 x25=0x00000000
       56183000	     27991	800040dc	0416	c.slli	x8,0x5	  x8:0x00000000  x8=0x00000000
       56185000	     27992	800040de	0048e433	or	x8,x17,x4	 x17:0x0000000a  x4:0xcc7f5d2b  x8=0xcc7f5d2b
       56187000	     27993	800040e2	95be	c.add	x11,x15	 x11:0xfffe1400 x15:0x04e40000 x11=0x04e21400
       56209000	     28004	800040e4	ec19	c.bnez	x8,80004102	  x8:0xcc7f5d2b
       56289000	     28044	80004102	c3c46d93	ori	x27,x8,-964	  x8:0xcc7f5d2b x27=0xfffffd3f
       56291000	     28045	80004106	0001	c.addi	x0,0	  x0:0x00000000  x0=0x00000000
       56331000	     28065	80004108	02180133	mul	x2,x16,x1	 x16:0x009cb0c0  x1:0x8001ac40  x2=0x1ead3000
       56343000	     28071	8000410c	f1b01537	lui	x10,0xf1b01	 x10=0xf1b01000
       56349000	     28074	80004110	ec95	c.bnez	x9,8000414c	  x9:0x00000000
       56385000	     28092	80004112	ce45e693	ori	x13,x11,-796	 x11:0x04e21400 x13=0xfffffce4
       56387000	     28093	80004116	0e0e	c.slli	x28,0x3	 x28:0x00000000 x28=0x00000000
       56395000	     28097	80004118	0008d533	srl	x10,x17,x0	 x17:0x0000000a  x0:0x00000000 x10=0x0000000a
       56399000	     28099	8000411c	ce7c8013	addi	x0,x25,-793	 x25:0x00000000  x0=0x00000000
       56405000	     28102	80004120	00fe5733	srl	x14,x28,x15	 x28:0x00000000 x15:0x04e40000 x14=0x00000000
       56407000	     28103	80004124	717d	c.addi16sp	x2,-16	  x2:0x1ead3000  x2=0x1ead2ff0
       56409000	     28104	80004126	8409	c.srai	x8,0x2	  x8:0xcc7f5d2b  x8=0xf31fd74a
       56483000	     28141	80004128	02db4c33	div	x24,x22,x13	 x22:0x9cb0c082 x13:0xfffffce4 x24=0x001ff052
       56487000	     28143	8000412c	0303e963	bltu	x7,x16,8000415e	  x7:0x00000000 x16:0x009cb0c0  x0=0x00000000
       56529000	     28164	8000415e	3ec97493	andi	x9,x18,1004	 x18:0xb62cf000  x9=0x00000000
       56531000	     28165	80004162	4a0d	c.li	x20,3	 x20=0x00000003
       56545000	     28172	80004164	0bf6	c.slli	x23,0x1d	 x23:0x0001d000 x23=0x00000000
       56547000	     28173	80004166	008060b3	or	x1,x0,x8	  x0:0x00000000  x8:0xf31fd74a  x1=0xf31fd74a
       56569000	     28184	8000416a	01e38b33	add	x22,x7,x30	  x7:0x00000000 x30:0xffffffff x22=0xffffffff
       56587000	     28193	8000416e	03ebb433	mulhu	x8,x23,x30	 x23:0x00000000 x30:0xffffffff  x8=0x00000000
       56589000	     28194	80004172	67a9	c.lui	x15,0xa	 x15=0x0000a000
       56599000	     28199	80004174	03b84663	blt	x16,x27,800041a0	 x16:0x009cb0c0 x27:0xfffffd3f  x0=0x00000000
       56615000	     28207	80004178	863e	c.mv	x12,x15	  x0:0x00000000 x15:0x0000a000 x12=0x0000a000
       56617000	     28208	8000417a	6145	c.addi16sp	x2,48	  x2:0x1ead2ff0  x2=0x1ead3020
       56625000	     28212	8000417c	90fe	c.add	x1,x31	  x1:0xf31fd74a x31:0x526862d5  x1=0x45883a1f
       56669000	     28234	8000417e	45f1bb17	auipc	x22,0x45f1b	 x22=0xc5f1f17e
       56705000	     28252	80004182	227f4193	xori	x3,x30,551	 x30:0xffffffff  x3=0xfffffdd8
       56707000	     28253	80004186	00648d33	add	x26,x9,x6	  x9:0x00000000  x6:0x00000000 x26=0x00000000
       56739000	     28269	8000418a	0140a633	slt	x12,x1,x20	  x1:0x45883a1f x20:0x00000003 x12=0x00000000
       56741000	     28270	8000418e	9152	c.add	x2,x20	  x2:0x1ead3020 x20:0x00000003  x2=0x1ead3023
       56743000	     28271	80004190	251e0613	addi	x12,x28,593	 x28:0x00000000 x12=0x00000251
       56749000	     28274	80004194	41330cb3	sub	x25,x6,x19	  x6:0x00000000 x19:0x8001ee7c x25=0x7ffe1184
       56759000	     28279	80004198	02b9be33	mulhu	x28,x19,x11	 x19:0x8001ee7c x11:0x04e21400 x28=0x0271136e
       56761000	     28280	8000419c	0af9f397	auipc	x7,0xaf9f	  x7=0x8afa319c
       56781000	     28290	800041a0	01de5533	srl	x10,x28,x29	 x28:0x0271136e x29:0x00000000 x10=0x0271136e
       56799000	     28299	800041a4	fbc68513	addi	x10,x13,-68	 x13:0xfffffce4 x10=0xfffffca0
       56801000	     28300	800041a8	033f5763	bge	x30,x19,800041d6	 x30:0xffffffff x19:0x8001ee7c  x0=0x00000000
       56897000	     28348	800041ac	031afdb3	remu	x27,x21,x17	 x21:0x00000000 x17:0x0000000a x27=0x00000000
       56899000	     28349	800041b0	01c6f6b3	and	x13,x13,x28	 x13:0xfffffce4 x28:0x0271136e x13=0x02711064
       56901000	     28350	800041b4	3c35a7b7	lui	x15,0x3c35a	 x15=0x3c35a000
       56905000	     28352	800041b8	05691063	bne	x18,x22,800041f8	 x18:0xb62cf000 x22:0xc5f1f17e  x0=0x00000000
       56965000	     28382	800041f8	03690d63	beq	x18,x22,80004232	 x18:0xb62cf000 x22:0xc5f1f17e  x0=0x00000000
       56973000	     28386	800041fc	02548133	mul	x2,x9,x5	  x9:0x00000000  x5:0x8001add4  x2=0x00000000
       56985000	     28392	80004200	98fd	c.andi	x9,-1	  x9:0x00000000  x9=0x00000000
       56987000	     28393	80004202	140c	c.addi4spn	x11,x2,544	 x11=0x00000220
       57005000	     28402	80004204	03a4cbb3	div	x23,x9,x26	  x9:0x00000000 x26:0x00000000 x23=0xffffffff
       57025000	     28412	80004208	c189	c.beqz	x11,8000420a	 x11:0x00000220
       57027000	     28413	8000420a	cbdbb093	sltiu	x1,x23,-835	 x23:0xffffffff  x1=0x00000000
       57029000	     28414	8000420e	18fd	c.addi	x17,-1	 x17:0x0000000a x17=0x00000009
       57051000	     28425	80004210	84ad	c.srai	x9,0xb	  x9:0x00000000  x9=0x00000000
       57095000	     28447	80004212	03949963	bne	x9,x25,80004244	  x9:0x00000000 x25:0x7ffe1184  x0=0x00000000
       57159000	     28479	80004244	01eb25b3	slt	x11,x22,x30	 x22:0xc5f1f17e x30:0xffffffff x11=0x00000001
       57193000	     28496	80004248	01926463	bltu	x4,x25,80004250	  x4:0xcc7f5d2b x25:0x7ffe1184  x0=0x00000000
       57281000	     28540	8000424c	030aea33	rem	x20,x21,x16	 x21:0x00000000 x16:0x009cb0c0 x20=0x00000000
       57285000	     28542	80004250	0380e663	bltu	x1,x24,8000427c	  x1:0x00000000 x24:0x001ff052  x0=0x00000000
       57345000	     28572	8000427c	8a6e	c.mv	x20,x27	  x0:0x00000000 x27:0x00000000 x20=0x00000000
       57347000	     28573	8000427e	c18d	c.beqz	x11,800042a0	 x11:0x00000001
       57349000	     28574	80004280	01908133	add	x2,x1,x25	  x1:0x00000000 x25:0x7ffe1184  x2=0x7ffe1184
       57369000	     28584	80004284	717d	c.addi16sp	x2,-16	  x2:0x7ffe1184  x2=0x7ffe1174
       57403000	     28601	80004286	f3ca4913	xori	x18,x20,-196	 x20:0x00000000 x18=0xffffff3c
       57405000	     28602	8000428a	8dc1	c.or	x11,x8	 x11:0x00000001  x8:0x00000000 x11=0x00000001
       57417000	     28608	8000428c	407dda33	sra	x20,x27,x7	 x27:0x00000000  x7:0x8afa319c x20=0x00000000
       57459000	     28629	80004290	6dd5	c.lui	x27,0x15	 x27=0x00015000
       57461000	     28630	80004292	0001	c.addi	x0,0	  x0:0x00000000  x0=0x00000000
       57479000	     28639	80004294	ec05	c.bnez	x8,800042cc	  x8:0x00000000
       57481000	     28640	80004296	0894	c.addi4spn	x13,x2,80	 x13=0x7ffe11c4
       57491000	     28645	80004298	eb4e3393	sltiu	x7,x28,-332	 x28:0x0271136e  x7=0x00000001
       57565000	     28682	8000429c	02fbea33	rem	x20,x23,x15	 x23:0xffffffff x15:0x3c35a000 x20=0xffffffff
       57567000	     28683	800042a0	047d	c.addi	x8,31	  x8:0x00000000  x8=0x0000001f
       57569000	     28684	800042a2	03b98763	beq	x19,x27,800042d0	 x19:0x8001ee7c x27:0x00015000  x0=0x00000000
       57573000	     28686	800042a6	05f5e063	bltu	x11,x31,800042e6	 x11:0x00000001 x31:0x526862d5  x0=0x00000000
       57603000	     28701	800042e6	08fa	c.slli	x17,0x1e	 x17:0x00000009 x17=0x40000000
       57623000	     28711	800042e8	00907c63	bgeu	x0,x9,80004300	  x0:0x00000000  x9:0x00000000  x0=0x00000000
       57651000	     28725	80004300	0366b933	mulhu	x18,x13,x22	 x13:0x7ffe11c4 x22:0xc5f1f17e x18=0x62f77a97
       57665000	     28732	80004304	020accb3	div	x25,x21,x0	 x21:0x00000000  x0:0x00000000 x25=0xffffffff
       57697000	     28748	80004308	015cc263	blt	x25,x21,8000430c	 x25:0xffffffff x21:0x00000000  x0=0x00000000
       57763000	     28781	8000430c	8f0d	c.sub	x14,x11	 x14:0x00000000 x11:0x00000001 x14=0xffffffff
       57765000	     28782	8000430e	0001	c.addi	x0,0	  x0:0x00000000  x0=0x00000000
       57787000	     28793	80004310	031604b3	mul	x9,x12,x17	 x12:0x00000251 x17:0x40000000  x9=0x40000000
       57861000	     28830	80004314	031c4733	div	x14,x24,x17	 x24:0x001ff052 x17:0x40000000 x14=0x00000000
       57863000	     28831	80004318	0ff0000f	fence	iorwiorwiorwiorwiorwiorwiorwiorwiorwiorwiorwiorwiorwiorwiorwiorwiorwiorwiorwiorwiorwiorwiorwiorwiorwiorwiorwiorwiorwiorwiorwiorwiorwiorwiorwiorwiorwiorwiorwiorwiorwiorwiorwiorwiorwiorwiorwiorwiorwiorwiorwiorwiorwiorwiorwiorwiorwiorwiorwiorwiorwiorwiorwiorwiorwiorwiorwiorwiorwiorwiorwiorwiorwiorwiorwiorwiorwiorwiorwiorwiorwiorwiorwiorwiorwiorwiorwiorwiorwiorwiorwiorwiorwiorwiorw,iorwiorwiorwiorwiorwiorwiorwiorwiorwiorwiorwiorwiorwiorwiorwiorwiorwiorwiorwiorwiorwiorwiorwiorwiorwiorwiorwiorwiorwiorwiorwiorwiorwiorwiorwiorwiorwiorwiorwiorwiorwiorwiorwiorwiorwiorwiorwiorwiorwiorwiorwiorwiorwiorwiorwiorwiorwiorwiorwiorwiorwiorwiorwiorwiorwiorwiorwiorwiorwiorwiorwiorwiorwiorwiorwiorwiorwiorwiorwiorwiorwiorwiorwiorwiorwiorwiorwiorwiorwiorwiorwiorwiorwiorwiorwiorw	
       57865000	     28832	8000431c	018e6db3	or	x27,x28,x24	 x28:0x0271136e x24:0x001ff052 x27=0x027ff37e
       57867000	     28833	80004320	cf700113	addi	x2,x0,-777	  x0:0x00000000  x2=0xfffffcf7
       57885000	     28842	80004324	8611	c.srai	x12,0x4	 x12:0x00000251 x12=0x00000025
       57887000	     28843	80004326	6a29	c.lui	x20,0xa	 x20=0x0000a000
       57963000	     28881	80004328	031ee4b3	rem	x9,x29,x17	 x29:0x00000000 x17:0x40000000  x9=0x00000000
       58037000	     28918	8000432c	02fbee33	rem	x28,x23,x15	 x23:0xffffffff x15:0x3c35a000 x28=0xffffffff
       58039000	     28919	80004330	01cb43b3	xor	x7,x22,x28	 x22:0xc5f1f17e x28:0xffffffff  x7=0x3a0e0e81
       58041000	     28920	80004334	810d	c.srli	x10,0x3	 x10:0xfffffca0 x10=0x1fffff94
       58077000	     28938	80004336	03361eb3	mulh	x29,x12,x19	 x12:0x00000025 x19:0x8001ee7c x29=0xffffffed
       58079000	     28939	8000433a	0001	c.addi	x0,0	  x0:0x00000000  x0=0x00000000
       58089000	     28944	8000433c	c7ff3413	sltiu	x8,x30,-897	 x30:0xffffffff  x8=0x00000000
       58129000	     28964	80004340	c70d	c.beqz	x14,8000436a	 x14:0x00000000
       58195000	     28997	8000436a	411e0833	sub	x16,x28,x17	 x28:0xffffffff x17:0x40000000 x16=0xbfffffff
       58197000	     28998	8000436e	089e	c.slli	x17,0x7	 x17:0x40000000 x17=0x00000000
       58221000	     29010	80004370	01ced263	bge	x29,x28,80004374	 x29:0xffffffed x28:0xffffffff  x0=0x00000000
       58297000	     29048	80004374	0247c5b3	div	x11,x15,x4	 x15:0x3c35a000  x4:0xcc7f5d2b x11=0xffffffff
       58299000	     29049	80004378	0ff0000f	fence	iorwiorwiorwiorwiorwiorwiorwiorwiorwiorwiorwiorwiorwiorwiorwiorwiorwiorwiorwiorwiorwiorwiorwiorwiorwiorwiorwiorwiorwiorwiorwiorwiorwiorwiorwiorwiorwiorwiorwiorwiorwiorwiorwiorwiorwiorwiorwiorwiorwiorwiorwiorwiorwiorwiorwiorwiorwiorwiorwiorwiorwiorwiorwiorwiorwiorwiorwiorwiorwiorwiorwiorwiorwiorwiorwiorwiorwiorwiorwiorwiorwiorwiorwiorwiorwiorwiorwiorwiorwiorwiorwiorwiorwiorwiorwiorwiorw,iorwiorwiorwiorwiorwiorwiorwiorwiorwiorwiorwiorwiorwiorwiorwiorwiorwiorwiorwiorwiorwiorwiorwiorwiorwiorwiorwiorwiorwiorwiorwiorwiorwiorwiorwiorwiorwiorwiorwiorwiorwiorwiorwiorwiorwiorwiorwiorwiorwiorwiorwiorwiorwiorwiorwiorwiorwiorwiorwiorwiorwiorwiorwiorwiorwiorwiorwiorwiorwiorwiorwiorwiorwiorwiorwiorwiorwiorwiorwiorwiorwiorwiorwiorwiorwiorwiorwiorwiorwiorwiorwiorwiorwiorwiorwiorwiorwiorw	
       58301000	     29050	8000437c	015dc033	xor	x0,x27,x21	 x27:0x027ff37e x21:0x00000000  x0=0x00000000
       58303000	     29051	80004380	96c2	c.add	x13,x16	 x13:0x7ffe11c4 x16:0xbfffffff x13=0x3ffe11c3
       58305000	     29052	80004382	8fed	c.and	x15,x11	 x15:0x3c35a000 x11:0xffffffff x15=0x3c35a000
       58325000	     29062	80004384	8ee5	c.and	x13,x9	 x13:0x3ffe11c3  x9:0x00000000 x13=0x00000000
       58327000	     29063	80004386	84ea	c.mv	x9,x26	  x0:0x00000000 x26:0x00000000  x9=0x00000000
       58359000	     29079	80004388	0032cdb3	xor	x27,x5,x3	  x5:0x8001add4  x3:0xfffffdd8 x27=0x7ffe500c
       58369000	     29084	8000438c	4087d5b3	sra	x11,x15,x8	 x15:0x3c35a000  x8:0x00000000 x11=0x3c35a000
       58399000	     29099	80004390	892a	c.mv	x18,x10	  x0:0x00000000 x10:0x1fffff94 x18=0x1fffff94
       58401000	     29100	80004392	1014	c.addi4spn	x13,x2,32	 x13=0xfffffd17
       58403000	     29101	80004394	8367ae17	auipc	x28,0x8367a	 x28=0x0367e394
       58419000	     29109	80004398	8ce9	c.and	x9,x10	  x9:0x00000000 x10:0x1fffff94  x9=0x00000000
       58421000	     29110	8000439a	0a18	c.addi4spn	x14,x2,272	 x14=0xfffffe07
       58423000	     29111	8000439c	40278233	sub	x4,x15,x2	 x15:0x3c35a000  x2:0xfffffcf7  x4=0x3c35a309
       58489000	     29144	800043a0	03183cb3	mulhu	x25,x16,x17	 x16:0xbfffffff x17:0x00000000 x25=0x00000000
       58507000	     29153	800043a4	83bd	c.srli	x15,0xf	 x15:0x3c35a000 x15=0x0000786b
       58509000	     29154	800043a6	0001	c.addi	x0,0	  x0:0x00000000  x0=0x00000000
       58519000	     29159	800043a8	4429	c.li	x8,10	  x8=0x0000000a
       58521000	     29160	800043aa	00fa2033	slt	x0,x20,x15	 x20:0x0000a000 x15:0x0000786b  x0=0x00000000
       58523000	     29161	800043ae	1d14	c.addi4spn	x13,x2,688	 x13=0xffffffa7
       58533000	     29166	800043b0	02079ab3	mulh	x21,x15,x0	 x15:0x0000786b  x0:0x00000000 x21=0x00000000
       58559000	     29179	800043b4	e981	c.bnez	x11,800043c4	 x11:0x3c35a000
       58573000	     29186	800043c4	8eb5	c.xor	x13,x13	 x13:0xffffffa7 x13:0xffffffa7 x13=0x00000000
       58589000	     29194	800043c6	39990613	addi	x12,x18,921	 x18:0x1fffff94 x12=0x2000032d
       58631000	     29215	800043ca	04c81063	bne	x16,x12,8000440a	 x16:0xbfffffff x12:0x2000032d  x0=0x00000000
       58663000	     29231	8000440a	0880	c.addi4spn	x8,x2,80	  x8=0xfffffd47
       58665000	     29232	8000440c	80b1	c.srli	x9,0xc	  x9:0x00000000  x9=0x00000000
       58667000	     29233	8000440e	8565	c.srai	x10,0x19	 x10:0x1fffff94 x10=0x0000000f
       58687000	     29243	80004410	1554f6b7	lui	x13,0x1554f	 x13=0x1554f000
       58689000	     29244	80004414	17fd	c.addi	x15,-1	 x15:0x0000786b x15=0x0000786a
       58709000	     29254	80004416	41138733	sub	x14,x7,x17	  x7:0x3a0e0e81 x17:0x00000000 x14=0x3a0e0e81
       58737000	     29268	8000441a	f2a36413	ori	x8,x6,-214	  x6:0x00000000  x8=0xffffff2a
       58741000	     29270	8000441e	01e6ec33	or	x24,x13,x30	 x13:0x1554f000 x30:0xffffffff x24=0xffffffff
       58805000	     29302	80004422	0292c663	blt	x5,x9,8000444e	  x5:0x8001add4  x9:0x00000000  x0=0x00000000
       58851000	     29325	8000444e	8f31	c.xor	x14,x12	 x14:0x3a0e0e81 x12:0x2000032d x14=0x1a0e0dac
       58859000	     29329	80004450	869d	c.srai	x13,0x7	 x13:0x1554f000 x13=0x002aa9e0
       58861000	     29330	80004452	8e05	c.sub	x12,x9	 x12:0x2000032d  x9:0x00000000 x12=0x2000032d
       58879000	     29339	80004454	e3bc7013	andi	x0,x24,-453	 x24:0xffffffff  x0=0x00000000
       58893000	     29346	80004458	056b9163	bne	x23,x22,8000449a	 x23:0xffffffff x22:0xc5f1f17e  x0=0x00000000
       58961000	     29380	8000449a	01098db3	add	x27,x19,x16	 x19:0x8001ee7c x16:0xbfffffff x27=0x4001ee7b
       58963000	     29381	8000449e	863d	c.srai	x12,0xf	 x12:0x2000032d x12=0x00004000
       59001000	     29400	800044a0	6175	c.addi16sp	x2,368	  x2:0xfffffcf7  x2=0xfffffe67
       59003000	     29401	800044a2	cb11	c.beqz	x14,800044b6	 x14:0x1a0e0dac
       59005000	     29402	800044a4	47c1	c.li	x15,16	 x15=0x00000010
       59031000	     29415	800044a6	03bef063	bgeu	x29,x27,800044c6	 x29:0xffffffed x27:0x4001ee7b  x0=0x00000000
       59033000	     29416	800044aa	88bd	c.andi	x9,15	  x9:0x00000000  x9=0x00000000
       59057000	     29428	800044ac	0ff0000f	fence	iorwiorwiorwiorwiorwiorwiorwiorwiorwiorwiorwiorwiorwiorwiorwiorwiorwiorwiorwiorwiorwiorwiorwiorwiorwiorwiorwiorwiorwiorwiorwiorwiorwiorwiorwiorwiorwiorwiorwiorwiorwiorwiorwiorwiorwiorwiorwiorwiorwiorwiorwiorwiorwiorwiorwiorwiorwiorwiorwiorwiorwiorwiorwiorwiorwiorwiorwiorwiorwiorwiorwiorwiorwiorwiorwiorwiorwiorwiorwiorwiorwiorwiorwiorwiorwiorwiorwiorwiorwiorwiorwiorwiorwiorwiorwiorwiorwiorwiorw,iorwiorwiorwiorwiorwiorwiorwiorwiorwiorwiorwiorwiorwiorwiorwiorwiorwiorwiorwiorwiorwiorwiorwiorwiorwiorwiorwiorwiorwiorwiorwiorwiorwiorwiorwiorwiorwiorwiorwiorwiorwiorwiorwiorwiorwiorwiorwiorwiorwiorwiorwiorwiorwiorwiorwiorwiorwiorwiorwiorwiorwiorwiorwiorwiorwiorwiorwiorwiorwiorwiorwiorwiorwiorwiorwiorwiorwiorwiorwiorwiorwiorwiorwiorwiorwiorwiorwiorwiorwiorwiorwiorwiorwiorwiorwiorwiorwiorwiorwiorw	
       59071000	     29435	800044b0	02999cb3	mulh	x25,x19,x9	 x19:0x8001ee7c  x9:0x00000000 x25=0x00000000
       59073000	     29436	800044b4	8ea5	c.xor	x13,x9	 x13:0x002aa9e0  x9:0x00000000 x13=0x002aa9e0
       59083000	     29441	800044b6	03fc7463	bgeu	x24,x31,800044de	 x24:0xffffffff x31:0x526862d5  x0=0x00000000
       59129000	     29464	800044ba	01133fb3	sltu	x31,x6,x17	  x6:0x00000000 x17:0x00000000 x31=0x00000000
       59131000	     29465	800044be	411cdf13	srai	x30,x25,0x11	 x25:0x00000000 x30=0x00000000
       59155000	     29477	800044c2	03ffd463	bge	x31,x31,800044ea	 x31:0x00000000 x31:0x00000000  x0=0x00000000
       59199000	     29499	800044ea	4188d493	srai	x9,x17,0x18	 x17:0x00000000  x9=0x00000000
       59227000	     29513	800044ee	02eb1833	mulh	x16,x22,x14	 x22:0xc5f1f17e x14:0x1a0e0dac x16=0xfa1762a8
       59229000	     29514	800044f2	05f2	c.slli	x11,0x1c	 x11:0x3c35a000 x11=0x00000000
       59269000	     29534	800044f4	8bf5	c.andi	x15,29	 x15:0x00000010 x15=0x00000010
       59271000	     29535	800044f6	1b8c	c.addi4spn	x11,x2,496	 x11=0x00000057
       59273000	     29536	800044f8	0ff0000f	fence	iorwiorwiorwiorwiorwiorwiorwiorwiorwiorwiorwiorwiorwiorwiorwiorwiorwiorwiorwiorwiorwiorwiorwiorwiorwiorwiorwiorwiorwiorwiorwiorwiorwiorwiorwiorwiorwiorwiorwiorwiorwiorwiorwiorwiorwiorwiorwiorwiorwiorwiorwiorwiorwiorwiorwiorwiorwiorwiorwiorwiorwiorwiorwiorwiorwiorwiorwiorwiorwiorwiorwiorwiorwiorwiorwiorwiorwiorwiorwiorwiorwiorwiorwiorwiorwiorwiorwiorwiorwiorwiorwiorwiorwiorwiorwiorwiorwiorwiorwiorwiorw,iorwiorwiorwiorwiorwiorwiorwiorwiorwiorwiorwiorwiorwiorwiorwiorwiorwiorwiorwiorwiorwiorwiorwiorwiorwiorwiorwiorwiorwiorwiorwiorwiorwiorwiorwiorwiorwiorwiorwiorwiorwiorwiorwiorwiorwiorwiorwiorwiorwiorwiorwiorwiorwiorwiorwiorwiorwiorwiorwiorwiorwiorwiorwiorwiorwiorwiorwiorwiorwiorwiorwiorwiorwiorwiorwiorwiorwiorwiorwiorwiorwiorwiorwiorwiorwiorwiorwiorwiorwiorwiorwiorwiorwiorwiorwiorwiorwiorwiorwiorwiorwiorw	
       59287000	     29543	800044fc	82c5	c.srli	x13,0x11	 x13:0x002aa9e0 x13=0x00000015
       59403000	     29601	800044fe	02597433	remu	x8,x18,x5	 x18:0x1fffff94  x5:0x8001add4  x8=0x1fffff94
       59477000	     29638	80004502	037d4933	div	x18,x26,x23	 x26:0x00000000 x23:0xffffffff x18=0x00000000
       59479000	     29639	80004506	8ef5	c.and	x13,x13	 x13:0x00000015 x13:0x00000015 x13=0x00000015
       59481000	     29640	80004508	00855263	bge	x10,x8,8000450c	 x10:0x0000000f  x8:0x1fffff94  x0=0x00000000
       59517000	     29658	8000450c	051d5263	bge	x26,x17,80004550	 x26:0x00000000 x17:0x00000000  x0=0x00000000
       59577000	     29688	80004550	08a0d197	auipc	x3,0x8a0d	  x3=0x88a11550
       59579000	     29689	80004554	23930213	addi	x4,x6,569	  x6:0x00000000  x4=0x00000239
       59605000	     29702	80004558	02c10bb3	mul	x23,x2,x12	  x2:0xfffffe67 x12:0x00004000 x23=0xff99c000
       59607000	     29703	8000455c	8065	c.srli	x8,0x19	  x8:0x1fffff94  x8=0x0000000f
       59613000	     29706	8000455e	4016d0b3	sra	x1,x13,x1	 x13:0x00000015  x1:0x00000000  x1=0x00000015
       59655000	     29727	80004562	f3e93693	sltiu	x13,x18,-194	 x18:0x00000000 x13=0x00000001
       59657000	     29728	80004566	034b6563	bltu	x22,x20,80004590	 x22:0xc5f1f17e x20:0x0000a000  x0=0x00000000
       59671000	     29735	8000456a	dab26113	ori	x2,x4,-597	  x4:0x00000239  x2=0xffffffbb
       59699000	     29749	8000456e	02489bb3	mulh	x23,x17,x4	 x17:0x00000000  x4:0x00000239 x23=0x00000000
       59701000	     29750	80004572	503efd97	auipc	x27,0x503ef	 x27=0xd03f3572
       59743000	     29771	80004576	001c61b3	or	x3,x24,x1	 x24:0xffffffff  x1:0x00000015  x3=0xffffffff
       59745000	     29772	8000457a	0001	c.addi	x0,0	  x0:0x00000000  x0=0x00000000
       59747000	     29773	8000457c	139b7c13	andi	x24,x22,313	 x22:0xc5f1f17e x24=0x00000138
       59755000	     29777	80004580	8e75	c.and	x12,x13	 x12:0x00004000 x13:0x00000001 x12=0x00000000
       59771000	     29785	80004582	0c984693	xori	x13,x16,201	 x16:0xfa1762a8 x13=0xfa176261
       59773000	     29786	80004586	41e2d393	srai	x7,x5,0x1e	  x5:0x8001add4  x7=0xfffffffe
       59793000	     29796	8000458a	00591f93	slli	x31,x18,0x5	 x18:0x00000000 x31=0x00000000
       59795000	     29797	8000458e	e215	c.bnez	x12,800045b2	 x12:0x00000000
       59797000	     29798	80004590	08a1	c.addi	x17,8	 x17:0x00000000 x17=0x00000008
       59799000	     29799	80004592	60c1	c.lui	x1,0x10	  x1=0x00010000
       59831000	     29815	80004594	012393b3	sll	x7,x7,x18	  x7:0xfffffffe x18:0x00000000  x7=0xfffffffe
       59833000	     29816	80004598	8eed	c.and	x13,x11	 x13:0xfa176261 x11:0x00000057 x13=0x00000041
       59849000	     29824	8000459a	017acfb3	xor	x31,x21,x23	 x21:0x00000000 x23:0x00000000 x31=0x00000000
       59851000	     29825	8000459e	86f2	c.mv	x13,x28	  x0:0x00000000 x28:0x0367e394 x13=0x0367e394
       59861000	     29830	800045a0	6205	c.lui	x4,0x1	  x4=0x00001000
       59881000	     29840	800045a2	023b6f63	bltu	x22,x3,800045e0	 x22:0xc5f1f17e  x3:0xffffffff  x0=0x00000000
       59889000	     29844	800045e0	031c	c.addi4spn	x15,x2,384	 x15=0x0000013b
       59899000	     29849	800045e2	40b85213	srai	x4,x16,0xb	 x16:0xfa1762a8  x4=0xffff42ec
       59959000	     29879	800045e6	03ed76b3	remu	x13,x26,x30	 x26:0x00000000 x30:0x00000000 x13=0x00000000
       59961000	     29880	800045ea	02e2e663	bltu	x5,x14,80004616	  x5:0x8001add4 x14:0x1a0e0dac  x0=0x00000000
       59963000	     29881	800045ee	01b63a33	sltu	x20,x12,x27	 x12:0x00000000 x27:0xd03f3572 x20=0x00000001
       59989000	     29894	800045f2	1ed8b013	sltiu	x0,x17,493	 x17:0x00000008  x0=0x00000000
       59991000	     29895	800045f6	08fe	c.slli	x17,0x1f	 x17:0x00000008 x17=0x00000000
       60001000	     29900	800045f8	038b8e33	mul	x28,x23,x24	 x23:0x00000000 x24:0x00000138 x28=0x00000000
       60003000	     29901	800045fc	0193b7b3	sltu	x15,x7,x25	  x7:0xfffffffe x25:0x00000000 x15=0x00000000
       60021000	     29910	80004600	02e00663	beq	x0,x14,8000462c	  x0:0x00000000 x14:0x1a0e0dac  x0=0x00000000
       60033000	     29916	80004604	00df75b3	and	x11,x30,x13	 x30:0x00000000 x13:0x00000000 x11=0x00000000
       60061000	     29930	80004608	0001	c.addi	x0,0	  x0:0x00000000  x0=0x00000000
       60065000	     29932	8000460a	02b47d33	remu	x26,x8,x11	  x8:0x0000000f x11:0x00000000 x26=0x0000000f
       60085000	     29942	8000460e	ebb93e93	sltiu	x29,x18,-325	 x18:0x00000000 x29=0x00000001
       60087000	     29943	80004612	c009	c.beqz	x8,80004614	  x8:0x0000000f
       60123000	     29961	80004614	8109	c.srli	x10,0x2	 x10:0x0000000f x10=0x00000003
       60125000	     29962	80004616	8499	c.srai	x9,0x6	  x9:0x00000000  x9=0x00000000
       60169000	     29984	80004618	9bfd	c.andi	x15,-1	 x15:0x00000000 x15=0x00000000
       60209000	     30004	8000461a	008ccc63	blt	x25,x8,80004632	 x25:0x00000000  x8:0x0000000f  x0=0x00000000
       60297000	     30048	80004632	05ad7163	bgeu	x26,x26,80004674	 x26:0x0000000f x26:0x0000000f  x0=0x00000000
       60339000	     30069	80004674	96ba	c.add	x13,x14	 x13:0x00000000 x14:0x1a0e0dac x13=0x1a0e0dac
       60383000	     30091	80004676	008ea3b3	slt	x7,x29,x8	 x29:0x00000001  x8:0x0000000f  x7=0x00000001
       60385000	     30092	8000467a	0001	c.addi	x0,0	  x0:0x00000000  x0=0x00000000
       60475000	     30137	8000467c	025ff633	remu	x12,x31,x5	 x31:0x00000000  x5:0x8001add4 x12=0x00000000
       60477000	     30138	80004680	98be	c.add	x17,x15	 x17:0x00000000 x15:0x00000000 x17=0x00000000
       60479000	     30139	80004682	0001	c.addi	x0,0	  x0:0x00000000  x0=0x00000000
       60483000	     30141	80004684	0291c733	div	x14,x3,x9	  x3:0xffffffff  x9:0x00000000 x14=0xffffffff
       60485000	     30142	80004688	8ce9	c.and	x9,x10	  x9:0x00000000 x10:0x00000003  x9=0x00000000
       60487000	     30143	8000468a	01600a33	add	x20,x0,x22	  x0:0x00000000 x22:0xc5f1f17e x20=0xc5f1f17e
       60489000	     30144	8000468e	c10d	c.beqz	x10,800046b0	 x10:0x00000003
       60491000	     30145	80004690	9a7d	c.andi	x12,-1	 x12:0x00000000 x12=0x00000000
       60493000	     30146	80004692	1380	c.addi4spn	x8,x2,480	  x8=0x0000019b
       60505000	     30152	80004694	03e91363	bne	x18,x30,800046ba	 x18:0x00000000 x30:0x00000000  x0=0x00000000
       60541000	     30170	80004698	0195de63	bge	x11,x25,800046b4	 x11:0x00000000 x25:0x00000000  x0=0x00000000
       60565000	     30182	800046b4	019744b3	xor	x9,x14,x25	 x14:0xffffffff x25:0x00000000  x9=0xffffffff
       60583000	     30191	800046b8	0001	c.addi	x0,0	  x0:0x00000000  x0=0x00000000
       60601000	     30200	800046ba	0ff0000f	fence	iorwiorwiorwiorwiorwiorwiorwiorwiorwiorwiorwiorwiorwiorwiorwiorwiorwiorwiorwiorwiorwiorwiorwiorwiorwiorwiorwiorwiorwiorwiorwiorwiorwiorwiorwiorwiorwiorwiorwiorwiorwiorwiorwiorwiorwiorwiorwiorwiorwiorwiorwiorwiorwiorwiorwiorwiorwiorwiorwiorwiorwiorwiorwiorwiorwiorwiorwiorwiorwiorwiorwiorwiorwiorwiorwiorwiorwiorwiorwiorwiorwiorwiorwiorwiorwiorwiorwiorwiorwiorwiorwiorwiorwiorwiorwiorwiorwiorwiorwiorwiorwiorwiorw,iorwiorwiorwiorwiorwiorwiorwiorwiorwiorwiorwiorwiorwiorwiorwiorwiorwiorwiorwiorwiorwiorwiorwiorwiorwiorwiorwiorwiorwiorwiorwiorwiorwiorwiorwiorwiorwiorwiorwiorwiorwiorwiorwiorwiorwiorwiorwiorwiorwiorwiorwiorwiorwiorwiorwiorwiorwiorwiorwiorwiorwiorwiorwiorwiorwiorwiorwiorwiorwiorwiorwiorwiorwiorwiorwiorwiorwiorwiorwiorwiorwiorwiorwiorwiorwiorwiorwiorwiorwiorwiorwiorwiorwiorwiorwiorwiorwiorwiorwiorwiorwiorwiorwiorw	
       60603000	     30201	800046be	8d69	c.and	x10,x10	 x10:0x00000003 x10:0x00000003 x10=0x00000003
       60643000	     30221	800046c0	0d91	c.addi	x27,4	 x27:0xd03f3572 x27=0xd03f3576
       60649000	     30224	800046c2	003e5963	bge	x28,x3,800046d4	 x28:0x00000000  x3:0xffffffff  x0=0x00000000
       60667000	     30233	800046c6	01b0d133	srl	x2,x1,x27	  x1:0x00010000 x27:0xd03f3576  x2=0x00000000
       60689000	     30244	800046ca	005df433	and	x8,x27,x5	 x27:0xd03f3576  x5:0x8001add4  x8=0x80012554
       60691000	     30245	800046ce	0001	c.addi	x0,0	  x0:0x00000000  x0=0x00000000
       60693000	     30246	800046d0	01f90cb3	add	x25,x18,x31	 x18:0x00000000 x31:0x00000000 x25=0x00000000
       60753000	     30276	800046d4	817d	c.srli	x10,0x1f	 x10:0x00000003 x10=0x00000000
       60767000	     30283	800046d6	00d4a233	slt	x4,x9,x13	  x9:0xffffffff x13:0x1a0e0dac  x4=0x00000001
       60769000	     30284	800046da	8311	c.srli	x14,0x4	 x14:0xffffffff x14=0x0fffffff
       60777000	     30288	800046dc	c57cbf13	sltiu	x30,x25,-937	 x25:0x00000000 x30=0x00000001
       60793000	     30296	800046e0	01923c33	sltu	x24,x4,x25	  x4:0x00000001 x25:0x00000000 x24=0x00000000
       60829000	     30314	800046e4	ea99	c.bnez	x13,800046fa	 x13:0x1a0e0dac
       60967000	     30383	800046fa	021f4833	div	x16,x30,x1	 x30:0x00000001  x1:0x00010000 x16=0x00000000
       60969000	     30384	800046fe	ffd92913	slti	x18,x18,-3	 x18:0x00000000 x18=0x00000000
       60971000	     30385	80004702	0ffa	c.slli	x31,0x1e	 x31:0x00000000 x31=0x00000000
       60973000	     30386	80004704	0001	c.addi	x0,0	  x0:0x00000000  x0=0x00000000
       60975000	     30387	80004706	8c01	c.sub	x8,x8	  x8:0x80012554  x8:0x80012554  x8=0x00000000
       61011000	     30405	80004708	02fcc6b3	div	x13,x25,x15	 x25:0x00000000 x15:0x00000000 x13=0xffffffff
       61019000	     30409	8000470c	8721	c.srai	x14,0x8	 x14:0x0fffffff x14=0x000fffff
       61023000	     30411	8000470e	0379dc33	divu	x24,x19,x23	 x19:0x8001ee7c x23:0x00000000 x24=0xffffffff
       61025000	     30412	80004712	055ee163	bltu	x29,x21,80004754	 x29:0x00000001 x21:0x00000000  x0=0x00000000
       61063000	     30431	80004716	01209893	slli	x17,x1,0x12	  x1:0x00010000 x17=0x00000000
       61137000	     30468	8000471a	03d6d033	divu	x0,x13,x29	 x13:0xffffffff x29:0x00000001  x0=0x00000000
       61139000	     30469	8000471e	40655b13	srai	x22,x10,0x6	 x10:0x00000000 x22=0x00000000
       61147000	     30473	80004722	02273733	mulhu	x14,x14,x2	 x14:0x000fffff  x2:0x00000000 x14=0x00000000
       61149000	     30474	80004726	0001	c.addi	x0,0	  x0:0x00000000  x0=0x00000000
       61151000	     30475	80004728	001f1113	slli	x2,x30,0x1	 x30:0x00000001  x2=0x00000002
       61153000	     30476	8000472c	0207c663	blt	x15,x0,80004758	 x15:0x00000000  x0:0x00000000  x0=0x00000000
       61191000	     30495	80004730	cf91bb93	sltiu	x23,x3,-775	  x3:0xffffffff x23=0x00000000
       61193000	     30496	80004734	419a8eb3	sub	x29,x21,x25	 x21:0x00000000 x25:0x00000000 x29=0x00000000
       61215000	     30507	80004738	8231	c.srli	x12,0xc	 x12:0x00000000 x12=0x00000000
       61237000	     30518	8000473a	f734ad93	slti	x27,x9,-141	  x9:0xffffffff x27=0x00000000
       61247000	     30523	8000473e	01b9fb63	bgeu	x19,x27,80004754	 x19:0x8001ee7c x27:0x00000000  x0=0x00000000
       61249000	     30524	80004742	318a8417	auipc	x8,0x318a8	  x8=0xb18ac742
       61263000	     30531	80004746	03657b33	remu	x22,x10,x22	 x10:0x00000000 x22:0x00000000 x22=0x00000000
       61287000	     30543	8000474a	03dac713	xori	x14,x21,61	 x21:0x00000000 x14=0x0000003d
       61289000	     30544	8000474e	8369	c.srli	x14,0x1a	 x14:0x0000003d x14=0x00000000
       61329000	     30564	80004750	00bf5663	bge	x30,x11,8000475c	 x30:0x00000001 x11:0x00000000  x0=0x00000000
       61347000	     30573	80004754	dc70f793	andi	x15,x1,-569	  x1:0x00010000 x15=0x00010000
       61393000	     30596	80004758	9f9a	c.add	x31,x6	 x31:0x00000000  x6:0x00000000 x31=0x00000000
       61395000	     30597	8000475a	08de	c.slli	x17,0x17	 x17:0x00000000 x17=0x00000000
       61403000	     30601	8000475c	02f22933	mulhsu	x18,x4,x15	  x4:0x00000001 x15:0x00010000 x18=0x00000000
       61413000	     30606	80004760	020035b3	mulhu	x11,x0,x0	  x0:0x00000000  x0:0x00000000 x11=0x00000000
       61501000	     30650	80004764	02787733	remu	x14,x16,x7	 x16:0x00000000  x7:0x00000001 x14=0x00000000
       61509000	     30654	80004768	02829933	mulh	x18,x5,x8	  x5:0x8001add4  x8:0xb18ac742 x18=0x273a18a3
       61511000	     30655	8000476c	1f08	c.addi4spn	x10,x2,944	 x10=0x000003b2
       61513000	     30656	8000476e	38b2ae13	slti	x28,x5,907	  x5:0x8001add4 x28=0x00000001
       61535000	     30667	80004772	cdd4ff93	andi	x31,x9,-803	  x9:0xffffffff x31=0xfffffcdd
       61537000	     30668	80004776	005b77b3	and	x15,x22,x5	 x22:0x00000000  x5:0x8001add4 x15=0x00000000
       61563000	     30681	8000477a	02679463	bne	x15,x6,800047a2	 x15:0x00000000  x6:0x00000000  x0=0x00000000
       61565000	     30682	8000477e	8e59	c.or	x12,x14	 x12:0x00000000 x14:0x00000000 x12=0x00000000
       61569000	     30684	80004780	8eed	c.and	x13,x11	 x13:0xffffffff x11:0x00000000 x13=0x00000000
       61663000	     30731	80004782	0282e433	rem	x8,x5,x8	  x5:0x8001add4  x8:0xb18ac742  x8=0xce76e692
       61665000	     30732	80004786	0aba	c.slli	x21,0xe	 x21:0x00000000 x21=0x00000000
       61667000	     30733	80004788	14922493	slti	x9,x4,329	  x4:0x00000001  x9=0x00000001
       61675000	     30737	8000478c	03581933	mulh	x18,x16,x21	 x16:0x00000000 x21:0x00000000 x18=0x00000000
       61703000	     30751	80004790	009400b3	add	x1,x8,x9	  x8:0xce76e692  x9:0x00000001  x1=0xce76e693
       61705000	     30752	80004794	8ee9	c.and	x13,x10	 x13:0x00000000 x10:0x000003b2 x13=0x00000000
       61779000	     30789	80004796	03fcd833	divu	x16,x25,x31	 x25:0x00000000 x31:0xfffffcdd x16=0x00000000
       61781000	     30790	8000479a	8c4d	c.or	x8,x11	  x8:0xce76e692 x11:0x00000000  x8=0xce76e692
       61785000	     30792	8000479c	0376ddb3	divu	x27,x13,x23	 x13:0x00000000 x23:0x00000000 x27=0xffffffff
       61787000	     30793	800047a0	610d	c.addi16sp	x2,160	  x2:0x00000002  x2=0x000000a2
       61789000	     30794	800047a2	86b1	c.srai	x13,0xc	 x13:0x00000000 x13=0x00000000
       61809000	     30804	800047a4	001d1a93	slli	x21,x26,0x1	 x26:0x0000000f x21=0x0000001e
       61851000	     30825	800047a8	8e99	c.sub	x13,x14	 x13:0x00000000 x14:0x00000000 x13=0x00000000
       61853000	     30826	800047aa	6441	c.lui	x8,0x10	  x8=0x00010000
       61857000	     30828	800047ac	0327f0b3	remu	x1,x15,x18	 x15:0x00000000 x18:0x00000000  x1=0x00000000
       61891000	     30845	800047b0	033cf263	bgeu	x25,x19,800047d4	 x25:0x00000000 x19:0x8001ee7c  x0=0x00000000
       61893000	     30846	800047b4	9a16	c.add	x20,x5	 x20:0xc5f1f17e  x5:0x8001add4 x20=0x45f39f52
       61895000	     30847	800047b6	8ff5	c.and	x15,x13	 x15:0x00000000 x13:0x00000000 x15=0x00000000
       61917000	     30858	800047b8	00121f63	bne	x4,x1,800047d6	  x4:0x00000001  x1:0x00000000  x0=0x00000000
       61927000	     30863	800047d6	0829	c.addi	x16,10	 x16:0x00000000 x16=0x0000000a
       61979000	     30889	800047d8	03962b33	mulhsu	x22,x12,x25	 x12:0x00000000 x25:0x00000000 x22=0x00000000
       61981000	     30890	800047dc	80cd	c.srli	x9,0x13	  x9:0x00000001  x9=0x00000000
       62003000	     30901	800047de	02e35533	divu	x10,x6,x14	  x6:0x00000000 x14:0x00000000 x10=0xffffffff
       62013000	     30906	800047e2	01869a93	slli	x21,x13,0x18	 x13:0x00000000 x21=0x00000000
       62043000	     30921	800047e6	02e80e63	beq	x16,x14,80004822	 x16:0x0000000a x14:0x00000000  x0=0x00000000
       62045000	     30922	800047ea	0916	c.slli	x18,0x5	 x18:0x00000000 x18=0x00000000
       62047000	     30923	800047ec	002a95b3	sll	x11,x21,x2	 x21:0x00000000  x2:0x000000a2 x11=0x00000000
       62055000	     30927	800047f0	40b90733	sub	x14,x18,x11	 x18:0x00000000 x11:0x00000000 x14=0x00000000
       62075000	     30937	800047f4	012c8ab3	add	x21,x25,x18	 x25:0x00000000 x18:0x00000000 x21=0x00000000
       62099000	     30949	800047f8	41c28fb3	sub	x31,x5,x28	  x5:0x8001add4 x28:0x00000001 x31=0x8001add3
       62101000	     30950	800047fc	8ff1	c.and	x15,x12	 x15:0x00000000 x12:0x00000000 x15=0x00000000
       62103000	     30951	800047fe	1900	c.addi4spn	x8,x2,176	  x8=0x00000152
       62135000	     30967	80004800	717d	c.addi16sp	x2,-16	  x2:0x000000a2  x2=0x00000092
       62137000	     30968	80004802	0001	c.addi	x0,0	  x0:0x00000000  x0=0x00000000
       62139000	     30969	80004804	0042de93	srli	x29,x5,0x4	  x5:0x8001add4 x29=0x08001add
       62159000	     30979	80004808	021acb63	blt	x21,x1,8000483e	 x21:0x00000000  x1:0x00000000  x0=0x00000000
       62193000	     30996	8000480c	01e27633	and	x12,x4,x30	  x4:0x00000001 x30:0x00000001 x12=0x00000001
       62221000	     31010	80004810	01c6a133	slt	x2,x13,x28	 x13:0x00000000 x28:0x00000001  x2=0x00000001
       62223000	     31011	80004814	88dd	c.andi	x9,23	  x9:0x00000000  x9=0x00000000
       62233000	     31016	80004816	02749233	mulh	x4,x9,x7	  x9:0x00000000  x7:0x00000001  x4=0x00000000
       62249000	     31024	8000481a	e008aa37	lui	x20,0xe008a	 x20=0xe008a000
       62335000	     31067	8000481e	038efe33	remu	x28,x29,x24	 x29:0x08001add x24:0xffffffff x28=0x08001add
       62337000	     31068	80004822	9446	c.add	x8,x17	  x8:0x00000152 x17:0x00000000  x8=0x00000152
       62339000	     31069	80004824	0137d393	srli	x7,x15,0x13	 x15:0x00000000  x7=0x00000000
       62341000	     31070	80004828	956a	c.add	x10,x26	 x10:0xffffffff x26:0x0000000f x10=0x0000000e
       62383000	     31091	8000482a	cf692793	slti	x15,x18,-778	 x18:0x00000000 x15=0x00000000
       62385000	     31092	8000482e	8e7d	c.and	x12,x15	 x12:0x00000001 x15:0x00000000 x12=0x00000000
       62387000	     31093	80004830	8df1	c.and	x11,x12	 x11:0x00000000 x12:0x00000000 x11=0x00000000
       62437000	     31118	80004832	02d740b3	div	x1,x14,x13	 x14:0x00000000 x13:0x00000000  x1=0xffffffff
       62439000	     31119	80004836	00b91c33	sll	x24,x18,x11	 x18:0x00000000 x11:0x00000000 x24=0x00000000
       62441000	     31120	8000483a	8f45	c.or	x14,x9	 x14:0x00000000  x9:0x00000000 x14=0x00000000
       62465000	     31132	8000483c	8de9	c.and	x11,x10	 x11:0x00000000 x10:0x0000000e x11=0x00000000
       62467000	     31133	8000483e	6535	c.lui	x10,0xd	 x10=0x0000d000
       62471000	     31135	80004840	419c0c33	sub	x24,x24,x25	 x24:0x00000000 x25:0x00000000 x24=0x00000000
       62473000	     31136	80004844	01d300b3	add	x1,x6,x29	  x6:0x00000000 x29:0x08001add  x1=0x08001add
       62495000	     31147	80004848	5e7d	c.li	x28,-1	 x28=0xffffffff
       62505000	     31152	8000484a	1d40ce93	xori	x29,x1,468	  x1:0x08001add x29=0x08001b09
       62519000	     31159	8000484e	03231d33	mulh	x26,x6,x18	  x6:0x00000000 x18:0x00000000 x26=0x00000000
       62521000	     31160	80004852	64b5	c.lui	x9,0xd	  x9=0x0000d000
       62531000	     31165	80004854	ec0d	c.bnez	x8,8000488e	  x8:0x00000152
       62591000	     31195	8000488e	037cdbb3	divu	x23,x25,x23	 x25:0x00000000 x23:0x00000000 x23=0xffffffff
       62647000	     31223	80004892	dd965837	lui	x16,0xdd965	 x16=0xdd965000
       62649000	     31224	80004896	0001	c.addi	x0,0	  x0:0x00000000  x0=0x00000000
       62665000	     31232	80004898	f419e793	ori	x15,x19,-191	 x19:0x8001ee7c x15=0xffffff7d
       62667000	     31233	8000489c	91f5b5b7	lui	x11,0x91f5b	 x11=0x91f5b000
       62685000	     31242	800048a0	0001	c.addi	x0,0	  x0:0x00000000  x0=0x00000000
       62713000	     31256	800048a2	00725813	srli	x16,x4,0x7	  x4:0x00000000 x16=0x00000000
       62741000	     31270	800048a6	00b67763	bgeu	x12,x11,800048b4	 x12:0x00000000 x11:0x91f5b000  x0=0x00000000
       62753000	     31276	800048aa	17036593	ori	x11,x6,368	  x6:0x00000000 x11=0x00000170
       62773000	     31286	800048ae	01bf9193	slli	x3,x31,0x1b	 x31:0x8001add3  x3=0x98000000
       62775000	     31287	800048b2	cc0d	c.beqz	x8,800048ec	  x8:0x00000152
       62835000	     31317	800048b4	018e4263	blt	x28,x24,800048b8	 x28:0xffffffff x24:0x00000000  x0=0x00000000
       62869000	     31334	800048b8	1c1c	c.addi4spn	x15,x2,560	 x15=0x00000231
       62877000	     31338	800048ba	016c2cb3	slt	x25,x24,x22	 x24:0x00000000 x22:0x00000000 x25=0x00000000
       62879000	     31339	800048be	825a	c.mv	x4,x22	  x0:0x00000000 x22:0x00000000  x4=0x00000000
       62933000	     31366	800048c0	0e5e	c.slli	x28,0x17	 x28:0xffffffff x28=0xff800000
       62935000	     31367	800048c2	8f41	c.or	x14,x8	 x14:0x00000000  x8:0x00000152 x14=0x00000152
       62975000	     31387	800048c4	9162	c.add	x2,x24	  x2:0x00000001 x24:0x00000000  x2=0x00000001
       62977000	     31388	800048c6	9380f717	auipc	x14,0x9380f	 x14=0x138138c6
       62983000	     31391	800048ca	02e96d63	bltu	x18,x14,80004904	 x18:0x00000000 x14:0x138138c6  x0=0x00000000
       63079000	     31439	80004904	011adc33	srl	x24,x21,x17	 x21:0x00000000 x17:0x00000000 x24=0x00000000
       63123000	     31461	80004908	0363ebb3	rem	x23,x7,x22	  x7:0x00000000 x22:0x00000000 x23=0x00000000
       63153000	     31476	8000490c	0001	c.addi	x0,0	  x0:0x00000000  x0=0x00000000
       63185000	     31492	8000490e	40ea5133	sra	x2,x20,x14	 x20:0xe008a000 x14:0x138138c6  x2=0xff802280
       63209000	     31504	80004912	03513133	mulhu	x2,x2,x21	  x2:0xff802280 x21:0x00000000  x2=0x00000000
       63211000	     31505	80004916	1d94	c.addi4spn	x13,x2,752	 x13=0x000002f0
       63213000	     31506	80004918	58fd	c.li	x17,-1	 x17=0xffffffff
       63249000	     31524	8000491a	05bfc163	blt	x31,x27,8000495c	 x31:0x8001add3 x27:0xffffffff  x0=0x00000000
       63293000	     31546	8000495c	013f5ab3	srl	x21,x30,x19	 x30:0x00000001 x19:0x8001ee7c x21=0x00000000
       63295000	     31547	80004960	c881	c.beqz	x9,80004970	  x9:0x0000d000
       63321000	     31560	80004962	03a55eb3	divu	x29,x10,x26	 x10:0x0000d000 x26:0x00000000 x29=0xffffffff
       63323000	     31561	80004966	8d21	c.xor	x10,x8	 x10:0x0000d000  x8:0x00000152 x10=0x0000d152
       63327000	     31563	80004968	01989733	sll	x14,x17,x25	 x17:0xffffffff x25:0x00000000 x14=0xffffffff
       63357000	     31578	8000496c	00bb1b63	bne	x22,x11,80004982	 x22:0x00000000 x11:0x00000170  x0=0x00000000
       63461000	     31630	80004982	02e4cfb3	div	x31,x9,x14	  x9:0x0000d000 x14:0xffffffff x31=0xffff3000
       63463000	     31631	80004986	4f11	c.li	x30,4	 x30=0x00000004
       63465000	     31632	80004988	018dce33	xor	x28,x27,x24	 x27:0xffffffff x24:0x00000000 x28=0xffffffff
       63467000	     31633	8000498c	000f1233	sll	x4,x30,x0	 x30:0x00000004  x0:0x00000000  x4=0x00000004
       63507000	     31653	80004990	01af3a33	sltu	x20,x30,x26	 x30:0x00000004 x26:0x00000000 x20=0x00000000
       63517000	     31658	80004994	40f50033	sub	x0,x10,x15	 x10:0x0000d152 x15:0x00000231  x0=0x00000000
       63535000	     31667	80004998	0178f0b3	and	x1,x17,x23	 x17:0xffffffff x23:0x00000000  x1=0x00000000
       63537000	     31668	8000499c	0b4a	c.slli	x22,0x12	 x22:0x00000000 x22=0x00000000
       63543000	     31671	8000499e	039b6663	bltu	x22,x25,800049ca	 x22:0x00000000 x25:0x00000000  x0=0x00000000
       63637000	     31718	800049a2	024cebb3	rem	x23,x25,x4	 x25:0x00000000  x4:0x00000004 x23=0x00000000
       63639000	     31719	800049a6	01c79633	sll	x12,x15,x28	 x15:0x00000231 x28:0xffffffff x12=0x80000000
       63643000	     31721	800049aa	e19d	c.bnez	x11,800049d0	 x11:0x00000170
       63695000	     31747	800049d0	81f1	c.srli	x11,0x1c	 x11:0x00000170 x11=0x00000000
       63697000	     31748	800049d2	8c3d	c.xor	x8,x15	  x8:0x00000152 x15:0x00000231  x8=0x00000363
       63771000	     31785	800049d4	02806b33	rem	x22,x0,x8	  x0:0x00000000  x8:0x00000363 x22=0x00000000
       63773000	     31786	800049d8	00f3b1b3	sltu	x3,x7,x15	  x7:0x00000000 x15:0x00000231  x3=0x00000001
       63775000	     31787	800049dc	0ff0000f	fence	iorwiorwiorwiorwiorwiorwiorwiorwiorwiorwiorwiorwiorwiorwiorwiorwiorwiorwiorwiorwiorwiorwiorwiorwiorwiorwiorwiorwiorwiorwiorwiorwiorwiorwiorwiorwiorwiorwiorwiorwiorwiorwiorwiorwiorwiorwiorwiorwiorwiorwiorwiorwiorwiorwiorwiorwiorwiorwiorwiorwiorwiorwiorwiorwiorwiorwiorwiorwiorwiorwiorwiorwiorwiorwiorwiorwiorwiorwiorwiorwiorwiorwiorwiorwiorwiorwiorwiorwiorwiorwiorwiorwiorwiorwiorwiorwiorwiorwiorwiorwiorwiorwiorwiorwiorw,iorwiorwiorwiorwiorwiorwiorwiorwiorwiorwiorwiorwiorwiorwiorwiorwiorwiorwiorwiorwiorwiorwiorwiorwiorwiorwiorwiorwiorwiorwiorwiorwiorwiorwiorwiorwiorwiorwiorwiorwiorwiorwiorwiorwiorwiorwiorwiorwiorwiorwiorwiorwiorwiorwiorwiorwiorwiorwiorwiorwiorwiorwiorwiorwiorwiorwiorwiorwiorwiorwiorwiorwiorwiorwiorwiorwiorwiorwiorwiorwiorwiorwiorwiorwiorwiorwiorwiorwiorwiorwiorwiorwiorwiorwiorwiorwiorwiorwiorwiorwiorwiorwiorwiorwiorwiorw	
       63777000	     31788	800049e0	120ce593	ori	x11,x25,288	 x25:0x00000000 x11=0x00000120
       63779000	     31789	800049e4	c6174d13	xori	x26,x14,-927	 x14:0xffffffff x26=0x0000039e
       63781000	     31790	800049e8	02636c63	bltu	x6,x6,80004a20	  x6:0x00000000  x6:0x00000000  x0=0x00000000
       63801000	     31800	800049ec	e988bc93	sltiu	x25,x17,-360	 x17:0xffffffff x25=0x00000000
       63805000	     31802	800049f0	01bb1263	bne	x22,x27,800049f4	 x22:0x00000000 x27:0xffffffff  x0=0x00000000
       63893000	     31846	800049f4	0ff0000f	fence	iorwiorwiorwiorwiorwiorwiorwiorwiorwiorwiorwiorwiorwiorwiorwiorwiorwiorwiorwiorwiorwiorwiorwiorwiorwiorwiorwiorwiorwiorwiorwiorwiorwiorwiorwiorwiorwiorwiorwiorwiorwiorwiorwiorwiorwiorwiorwiorwiorwiorwiorwiorwiorwiorwiorwiorwiorwiorwiorwiorwiorwiorwiorwiorwiorwiorwiorwiorwiorwiorwiorwiorwiorwiorwiorwiorwiorwiorwiorwiorwiorwiorwiorwiorwiorwiorwiorwiorwiorwiorwiorwiorwiorwiorwiorwiorwiorwiorwiorwiorwiorwiorwiorwiorwiorwiorwiorw,iorwiorwiorwiorwiorwiorwiorwiorwiorwiorwiorwiorwiorwiorwiorwiorwiorwiorwiorwiorwiorwiorwiorwiorwiorwiorwiorwiorwiorwiorwiorwiorwiorwiorwiorwiorwiorwiorwiorwiorwiorwiorwiorwiorwiorwiorwiorwiorwiorwiorwiorwiorwiorwiorwiorwiorwiorwiorwiorwiorwiorwiorwiorwiorwiorwiorwiorwiorwiorwiorwiorwiorwiorwiorwiorwiorwiorwiorwiorwiorwiorwiorwiorwiorwiorwiorwiorwiorwiorwiorwiorwiorwiorwiorwiorwiorwiorwiorwiorwiorwiorwiorwiorwiorwiorwiorwiorwiorw	
       63897000	     31848	800049f8	01f26c63	bltu	x4,x31,80004a10	  x4:0x00000004 x31:0xffff3000  x0=0x00000000
       63941000	     31870	80004a10	017ca733	slt	x14,x25,x23	 x25:0x00000000 x23:0x00000000 x14=0x00000000
       63947000	     31873	80004a14	00608a63	beq	x1,x6,80004a28	  x1:0x00000000  x6:0x00000000  x0=0x00000000
       64011000	     31905	80004a28	07e2	c.slli	x15,0x18	 x15:0x00000231 x15=0x31000000
       64013000	     31906	80004a2a	019e9d33	sll	x26,x29,x25	 x29:0xffffffff x25:0x00000000 x26=0xffffffff
       64033000	     31916	80004a2e	02870033	mul	x0,x14,x8	 x14:0x00000000  x8:0x00000363  x0=0x00000000
       64035000	     31917	80004a32	81aa	c.mv	x3,x10	  x0:0x00000000 x10:0x0000d152  x3=0x0000d152
       64037000	     31918	80004a34	39980c13	addi	x24,x16,921	 x16:0x00000000 x24=0x00000399
       64053000	     31926	80004a38	800d	c.srli	x8,0x3	  x8:0x00000363  x8=0x0000006c
       64055000	     31927	80004a3a	8579	c.srai	x10,0x1e	 x10:0x0000d152 x10=0x00000000
       64103000	     31951	80004a3c	05c8c893	xori	x17,x17,92	 x17:0xffffffff x17=0xffffffa3
       64105000	     31952	80004a40	400e0fb3	sub	x31,x28,x0	 x28:0xffffffff  x0:0x00000000 x31=0xffffffff
       64113000	     31956	80004a44	02a9f1b3	remu	x3,x19,x10	 x19:0x8001ee7c x10:0x00000000  x3=0x8001ee7c
       64129000	     31964	80004a48	418d8433	sub	x8,x27,x24	 x27:0xffffffff x24:0x00000399  x8=0xfffffc66
       64153000	     31976	80004a4c	0173d613	srli	x12,x7,0x17	  x7:0x00000000 x12=0x00000000
       64215000	     32007	80004a50	02df88b3	mul	x17,x31,x13	 x31:0xffffffff x13:0x000002f0 x17=0xfffffd10
       64251000	     32025	80004a54	001db833	sltu	x16,x27,x1	 x27:0xffffffff  x1:0x00000000 x16=0x00000000
       64253000	     32026	80004a58	8eed	c.and	x13,x11	 x13:0x000002f0 x11:0x00000120 x13=0x00000020
       64299000	     32049	80004a5a	f416a393	slti	x7,x13,-191	 x13:0x00000020  x7=0x00000000
       64301000	     32050	80004a5e	4005d0b3	sra	x1,x11,x0	 x11:0x00000120  x0:0x00000000  x1=0x00000120
       64351000	     32075	80004a62	03df2b33	mulhsu	x22,x30,x29	 x30:0x00000004 x29:0xffffffff x22=0x00000003
       64353000	     32076	80004a66	61d5	c.lui	x3,0x15	  x3=0x00015000
       64365000	     32082	80004a68	0ff0000f	fence	iorwiorwiorwiorwiorwiorwiorwiorwiorwiorwiorwiorwiorwiorwiorwiorwiorwiorwiorwiorwiorwiorwiorwiorwiorwiorwiorwiorwiorwiorwiorwiorwiorwiorwiorwiorwiorwiorwiorwiorwiorwiorwiorwiorwiorwiorwiorwiorwiorwiorwiorwiorwiorwiorwiorwiorwiorwiorwiorwiorwiorwiorwiorwiorwiorwiorwiorwiorwiorwiorwiorwiorwiorwiorwiorwiorwiorwiorwiorwiorwiorwiorwiorwiorwiorwiorwiorwiorwiorwiorwiorwiorwiorwiorwiorwiorwiorwiorwiorwiorwiorwiorwiorwiorwiorwiorwiorwiorwiorw,iorwiorwiorwiorwiorwiorwiorwiorwiorwiorwiorwiorwiorwiorwiorwiorwiorwiorwiorwiorwiorwiorwiorwiorwiorwiorwiorwiorwiorwiorwiorwiorwiorwiorwiorwiorwiorwiorwiorwiorwiorwiorwiorwiorwiorwiorwiorwiorwiorwiorwiorwiorwiorwiorwiorwiorwiorwiorwiorwiorwiorwiorwiorwiorwiorwiorwiorwiorwiorwiorwiorwiorwiorwiorwiorwiorwiorwiorwiorwiorwiorwiorwiorwiorwiorwiorwiorwiorwiorwiorwiorwiorwiorwiorwiorwiorwiorwiorwiorwiorwiorwiorwiorwiorwiorwiorwiorwiorwiorwiorw	
       64367000	     32083	80004a6c	0751	c.addi	x14,20	 x14:0x00000000 x14=0x00000014
       64417000	     32108	80004a6e	02210d63	beq	x2,x2,80004aa8	  x2:0x00000000  x2:0x00000000  x0=0x00000000
       64455000	     32127	80004aa8	40958bb3	sub	x23,x11,x9	 x11:0x00000120  x9:0x0000d000 x23=0xffff3120
       64457000	     32128	80004aac	84c5	c.srai	x9,0x11	  x9:0x0000d000  x9=0x00000000
       64459000	     32129	80004aae	8c32	c.mv	x24,x12	  x0:0x00000000 x12:0x00000000 x24=0x00000000
       64479000	     32139	80004ab0	547d	c.li	x8,-1	  x8=0xffffffff
       64481000	     32140	80004ab2	0576	c.slli	x10,0x1d	 x10:0x00000000 x10=0x00000000
       64501000	     32150	80004ab4	e901	c.bnez	x10,80004ac4	 x10:0x00000000
       64503000	     32151	80004ab6	17fd	c.addi	x15,-1	 x15:0x31000000 x15=0x30ffffff
       64519000	     32159	80004ab8	014eb933	sltu	x18,x29,x20	 x29:0xffffffff x20:0x00000000 x18=0x00000000
       64531000	     32165	80004abc	02422db3	mulhsu	x27,x4,x4	  x4:0x00000004  x4:0x00000004 x27=0x00000000
       64549000	     32174	80004ac0	1af9e493	ori	x9,x19,431	 x19:0x8001ee7c  x9=0x8001efff
       64611000	     32205	80004ac4	04436163	bltu	x6,x4,80004b06	  x6:0x00000000  x4:0x00000004  x0=0x00000000
       64615000	     32207	80004b06	6f75	c.lui	x30,0x1d	 x30=0x0001d000
       64629000	     32214	80004b08	029ab233	mulhu	x4,x21,x9	 x21:0x00000000  x9:0x8001efff  x4=0x00000000
       64645000	     32222	80004b0c	03f59a33	mulh	x20,x11,x31	 x11:0x00000120 x31:0xffffffff x20=0xffffffff
       64671000	     32235	80004b10	34e2e193	ori	x3,x5,846	  x5:0x8001add4  x3=0x8001afde
       64685000	     32242	80004b14	40285733	sra	x14,x16,x2	 x16:0x00000000  x2:0x00000000 x14=0x00000000
       64687000	     32243	80004b18	888e	c.mv	x17,x3	  x0:0x00000000  x3:0x8001afde x17=0x8001afde
       64699000	     32249	80004b1a	f9c1b493	sltiu	x9,x3,-100	  x3:0x8001afde  x9=0x00000001
       64741000	     32270	80004b1e	2318b193	sltiu	x3,x17,561	 x17:0x8001afde  x3=0x00000000
       64743000	     32271	80004b22	6129	c.addi16sp	x2,192	  x2:0x00000000  x2=0x000000c0
       64745000	     32272	80004b24	8d05	c.sub	x10,x9	 x10:0x00000000  x9:0x00000001 x10=0xffffffff
       64757000	     32278	80004b26	0374f663	bgeu	x9,x23,80004b52	  x9:0x00000001 x23:0xffff3120  x0=0x00000000
       64759000	     32279	80004b2a	082d	c.addi	x16,11	 x16:0x00000000 x16=0x0000000b
       64777000	     32288	80004b2c	05806163	bltu	x0,x24,80004b6e	  x0:0x00000000 x24:0x00000000  x0=0x00000000
       64797000	     32298	80004b30	6175	c.addi16sp	x2,368	  x2:0x000000c0  x2=0x00000230
       64799000	     32299	80004b32	611d	c.addi16sp	x2,416	  x2:0x00000230  x2=0x000003d0
       64801000	     32300	80004b34	01c1ab33	slt	x22,x3,x28	  x3:0x00000000 x28:0xffffffff x22=0x00000000
       64823000	     32311	80004b38	0e30cd93	xori	x27,x1,227	  x1:0x00000120 x27=0x000001c3
       64873000	     32336	80004b3c	003f1693	slli	x13,x30,0x3	 x30:0x0001d000 x13=0x000e8000
       64875000	     32337	80004b40	57fd	c.li	x15,-1	 x15=0xffffffff
       64891000	     32345	80004b42	032e7d63	bgeu	x28,x18,80004b7c	 x28:0xffffffff x18:0x00000000  x0=0x00000000
       64921000	     32360	80004b46	032783b3	mul	x7,x15,x18	 x15:0xffffffff x18:0x00000000  x7=0x00000000
       65007000	     32403	80004b4a	028a5a33	divu	x20,x20,x8	 x20:0xffffffff  x8:0xffffffff x20=0x00000001
       65009000	     32404	80004b4e	ecb8ac93	slti	x25,x17,-309	 x17:0x8001afde x25=0x00000001
       65011000	     32405	80004b52	01761393	slli	x7,x12,0x17	 x12:0x00000000  x7=0x00000000
       65017000	     32408	80004b56	02302113	slti	x2,x0,35	  x0:0x00000000  x2=0x00000001
       65039000	     32419	80004b5a	01f6aeb3	slt	x29,x13,x31	 x13:0x000e8000 x31:0xffffffff x29=0x00000000
       65077000	     32438	80004b5e	02e321b3	mulhsu	x3,x6,x14	  x6:0x00000000 x14:0x00000000  x3=0x00000000
       65151000	     32475	80004b62	0255cc33	div	x24,x11,x5	 x11:0x00000120  x5:0x8001add4 x24=0x00000000
       65157000	     32478	80004b66	027a0133	mul	x2,x20,x7	 x20:0x00000001  x7:0x00000000  x2=0x00000000
       65217000	     32508	80004b6a	ee8e1fb7	lui	x31,0xee8e1	 x31=0xee8e1000
       65219000	     32509	80004b6e	0adfb193	sltiu	x3,x31,173	 x31:0xee8e1000  x3=0x00000000
       65249000	     32524	80004b72	02cd4833	div	x16,x26,x12	 x26:0xffffffff x12:0x00000000 x16=0xffffffff
       65251000	     32525	80004b76	01795733	srl	x14,x18,x23	 x18:0x00000000 x23:0xffff3120 x14=0x00000000
       65253000	     32526	80004b7a	00ce	c.slli	x1,0x13	  x1:0x00000120  x1=0x09000000
       65267000	     32533	80004b7c	0001	c.addi	x0,0	  x0:0x00000000  x0=0x00000000
       65271000	     32535	80004b7e	03234a33	div	x20,x6,x18	  x6:0x00000000 x18:0x00000000 x20=0xffffffff
       65273000	     32536	80004b82	216bc393	xori	x7,x23,534	 x23:0xffff3120  x7=0xffff3336
       65321000	     32560	80004b86	02181bb3	mulh	x23,x16,x1	 x16:0xffffffff  x1:0x09000000 x23=0xffffffff
       65323000	     32561	80004b8a	98ea	c.add	x17,x26	 x17:0x8001afde x26:0xffffffff x17=0x8001afdd
       65325000	     32562	80004b8c	01269133	sll	x2,x13,x18	 x13:0x000e8000 x18:0x00000000  x2=0x000e8000
       65341000	     32570	80004b90	00720c33	add	x24,x4,x7	  x4:0x00000000  x7:0xffff3336 x24=0xffff3336
       65359000	     32579	80004b94	8e0d	c.sub	x12,x11	 x12:0x00000000 x11:0x00000120 x12=0xfffffee0
       65361000	     32580	80004b96	c491	c.beqz	x9,80004ba2	  x9:0x00000001
       65379000	     32589	80004b98	88c1	c.andi	x9,16	  x9:0x00000001  x9=0x00000000
       65383000	     32591	80004b9a	e585	c.bnez	x11,80004bc2	 x11:0x00000120
       65451000	     32625	80004bc2	00665f13	srli	x30,x12,0x6	 x12:0xfffffee0 x30=0x03fffffb
       65453000	     32626	80004bc6	84a5	c.srai	x9,0x9	  x9:0x00000000  x9=0x00000000
       65481000	     32640	80004bc8	717d	c.addi16sp	x2,-16	  x2:0x000e8000  x2=0x000e7ff0
       65483000	     32641	80004bca	00fbd5b3	srl	x11,x23,x15	 x23:0xffffffff x15:0xffffffff x11=0x00000001
       65485000	     32642	80004bce	8a91	c.andi	x13,4	 x13:0x000e8000 x13=0x00000000
       65505000	     32652	80004bd0	8fd9	c.or	x15,x14	 x15:0xffffffff x14:0x00000000 x15=0xffffffff
       65509000	     32654	80004bd2	e401	c.bnez	x8,80004bda	  x8:0xffffffff
       65553000	     32676	80004bda	02c0bf33	mulhu	x30,x1,x12	  x1:0x09000000 x12:0xfffffee0 x30=0x08fffff5
       65555000	     32677	80004bde	60b1	c.lui	x1,0xc	  x1=0x0000c000
       65557000	     32678	80004be0	0443e063	bltu	x7,x4,80004c20	  x7:0xffff3336  x4:0x00000000  x0=0x00000000
       65571000	     32685	80004be4	0001	c.addi	x0,0	  x0:0x00000000  x0=0x00000000
       65573000	     32686	80004be6	98fd	c.andi	x9,-1	  x9:0x00000000  x9=0x00000000
       65599000	     32699	80004be8	037586b3	mul	x13,x11,x23	 x11:0x00000001 x23:0xffffffff x13=0xffffffff
       65653000	     32726	80004bec	0001	c.addi	x0,0	  x0:0x00000000  x0=0x00000000
       65655000	     32727	80004bee	40ca54b3	sra	x9,x20,x12	 x20:0xffffffff x12:0xfffffee0  x9=0xffffffff
       65657000	     32728	80004bf2	0001	c.addi	x0,0	  x0:0x00000000  x0=0x00000000
       65683000	     32741	80004bf4	8ebd	c.xor	x13,x15	 x13:0xffffffff x15:0xffffffff x13=0x00000000
       65687000	     32743	80004bf6	03675bb3	divu	x23,x14,x22	 x14:0x00000000 x22:0x00000000 x23=0xffffffff
       65695000	     32747	80004bfa	04d3f263	bgeu	x7,x13,80004c3e	  x7:0xffff3336 x13:0x00000000  x0=0x00000000
       65731000	     32765	80004bfe	020a6433	rem	x8,x20,x0	 x20:0xffffffff  x0:0x00000000  x8=0xffffffff
       65733000	     32766	80004c02	01b4a1b3	slt	x3,x9,x27	  x9:0xffffffff x27:0x000001c3  x3=0x00000001
       65745000	     32772	80004c06	0162b0b3	sltu	x1,x5,x22	  x5:0x8001add4 x22:0x00000000  x1=0x00000000
       65765000	     32782	80004c0a	0369c933	div	x18,x19,x22	 x19:0x8001ee7c x22:0x00000000 x18=0xffffffff
       65767000	     32783	80004c0e	81b9	c.srli	x11,0xe	 x11:0x00000001 x11=0x00000000
       65775000	     32787	80004c10	01b2	c.slli	x3,0xc	  x3:0x00000001  x3=0x00001000
       65777000	     32788	80004c12	01fbda93	srli	x21,x23,0x1f	 x23:0xffffffff x21=0x00000001
       65779000	     32789	80004c16	4149	c.li	x2,18	  x2=0x00000012
       65791000	     32795	80004c18	0ff0000f	fence	iorwiorwiorwiorwiorwiorwiorwiorwiorwiorwiorwiorwiorwiorwiorwiorwiorwiorwiorwiorwiorwiorwiorwiorwiorwiorwiorwiorwiorwiorwiorwiorwiorwiorwiorwiorwiorwiorwiorwiorwiorwiorwiorwiorwiorwiorwiorwiorwiorwiorwiorwiorwiorwiorwiorwiorwiorwiorwiorwiorwiorwiorwiorwiorwiorwiorwiorwiorwiorwiorwiorwiorwiorwiorwiorwiorwiorwiorwiorwiorwiorwiorwiorwiorwiorwiorwiorwiorwiorwiorwiorwiorwiorwiorwiorwiorwiorwiorwiorwiorwiorwiorwiorwiorwiorwiorwiorwiorwiorwiorwiorw,iorwiorwiorwiorwiorwiorwiorwiorwiorwiorwiorwiorwiorwiorwiorwiorwiorwiorwiorwiorwiorwiorwiorwiorwiorwiorwiorwiorwiorwiorwiorwiorwiorwiorwiorwiorwiorwiorwiorwiorwiorwiorwiorwiorwiorwiorwiorwiorwiorwiorwiorwiorwiorwiorwiorwiorwiorwiorwiorwiorwiorwiorwiorwiorwiorwiorwiorwiorwiorwiorwiorwiorwiorwiorwiorwiorwiorwiorwiorwiorwiorwiorwiorwiorwiorwiorwiorwiorwiorwiorwiorwiorwiorwiorwiorwiorwiorwiorwiorwiorwiorwiorwiorwiorwiorwiorwiorwiorwiorwiorwiorwiorw	
       65813000	     32806	80004c1c	0ff0000f	fence	iorwiorwiorwiorwiorwiorwiorwiorwiorwiorwiorwiorwiorwiorwiorwiorwiorwiorwiorwiorwiorwiorwiorwiorwiorwiorwiorwiorwiorwiorwiorwiorwiorwiorwiorwiorwiorwiorwiorwiorwiorwiorwiorwiorwiorwiorwiorwiorwiorwiorwiorwiorwiorwiorwiorwiorwiorwiorwiorwiorwiorwiorwiorwiorwiorwiorwiorwiorwiorwiorwiorwiorwiorwiorwiorwiorwiorwiorwiorwiorwiorwiorwiorwiorwiorwiorwiorwiorwiorwiorwiorwiorwiorwiorwiorwiorwiorwiorwiorwiorwiorwiorwiorwiorwiorwiorwiorwiorwiorwiorwiorwiorwiorw,iorwiorwiorwiorwiorwiorwiorwiorwiorwiorwiorwiorwiorwiorwiorwiorwiorwiorwiorwiorwiorwiorwiorwiorwiorwiorwiorwiorwiorwiorwiorwiorwiorwiorwiorwiorwiorwiorwiorwiorwiorwiorwiorwiorwiorwiorwiorwiorwiorwiorwiorwiorwiorwiorwiorwiorwiorwiorwiorwiorwiorwiorwiorwiorwiorwiorwiorwiorwiorwiorwiorwiorwiorwiorwiorwiorwiorwiorwiorwiorwiorwiorwiorwiorwiorwiorwiorwiorwiorwiorwiorwiorwiorwiorwiorwiorwiorwiorwiorwiorwiorwiorwiorwiorwiorwiorwiorwiorwiorwiorwiorwiorwiorwiorw	
       65837000	     32818	80004c20	9c2a	c.add	x24,x10	 x24:0xffff3336 x10:0xffffffff x24=0xffff3335
       65857000	     32828	80004c22	00305ab3	srl	x21,x0,x3	  x0:0x00000000  x3:0x00001000 x21=0x00000000
       65883000	     32841	80004c26	00a040b3	xor	x1,x0,x10	  x0:0x00000000 x10:0xffffffff  x1=0xffffffff
       65885000	     32842	80004c2a	717d	c.addi16sp	x2,-16	  x2:0x00000012  x2=0x00000002
       65903000	     32851	80004c2c	024d5a33	divu	x20,x26,x4	 x26:0xffffffff  x4:0x00000000 x20=0xffffffff
       65907000	     32853	80004c30	019b1c63	bne	x22,x25,80004c48	 x22:0x00000000 x25:0x00000001  x0=0x00000000
       65969000	     32884	80004c48	85cd	c.srai	x11,0x13	 x11:0x00000000 x11=0x00000000
       65973000	     32886	80004c4a	25535db7	lui	x27,0x25535	 x27=0x25535000
       65981000	     32890	80004c4e	03a51933	mulh	x18,x10,x26	 x10:0xffffffff x26:0xffffffff x18=0x00000000
       65983000	     32891	80004c52	9b7d	c.andi	x14,-1	 x14:0x00000000 x14=0x00000000
       65985000	     32892	80004c54	00389033	sll	x0,x17,x3	 x17:0x8001afdd  x3:0x00001000  x0=0x00000000
       65999000	     32899	80004c58	e18d	c.bnez	x11,80004c7a	 x11:0x00000000
       66037000	     32918	80004c5a	02231433	mulh	x8,x6,x2	  x6:0x00000000  x2:0x00000002  x8=0x00000000
       66083000	     32941	80004c5e	012185b3	add	x11,x3,x18	  x3:0x00001000 x18:0x00000000 x11=0x00001000
       66085000	     32942	80004c62	0942	c.slli	x18,0x10	 x18:0x00000000 x18=0x00000000
       66099000	     32949	80004c64	f0226793	ori	x15,x4,-254	  x4:0x00000000 x15=0xffffff02
       66117000	     32958	80004c68	01de7763	bgeu	x28,x29,80004c76	 x28:0xffffffff x29:0x00000000  x0=0x00000000
       66119000	     32959	80004c6c	8f91	c.sub	x15,x12	 x15:0xffffff02 x12:0xfffffee0 x15=0x00000022
       66141000	     32970	80004c6e	cad1c013	xori	x0,x3,-851	  x3:0x00001000  x0=0x00000000
       66189000	     32994	80004c72	02116363	bltu	x2,x1,80004c98	  x2:0x00000002  x1:0xffffffff  x0=0x00000000
       66253000	     33026	80004c98	016356b3	srl	x13,x6,x22	  x6:0x00000000 x22:0x00000000 x13=0x00000000
       66255000	     33027	80004c9c	8295	c.srli	x13,0x5	 x13:0x00000000 x13=0x00000000
       66275000	     33037	80004c9e	00629193	slli	x3,x5,0x6	  x5:0x8001add4  x3=0x006b7500
       66277000	     33038	80004ca2	8ce9	c.and	x9,x10	  x9:0xffffffff x10:0xffffffff  x9=0xffffffff
       66285000	     33042	80004ca4	0c16	c.slli	x24,0x5	 x24:0xffff3335 x24=0xffe666a0
       66287000	     33043	80004ca6	40248033	sub	x0,x9,x2	  x9:0xffffffff  x2:0x00000002  x0=0x00000000
       66295000	     33047	80004caa	d55bca13	xori	x20,x23,-683	 x23:0xffffffff x20=0x000002aa
       66351000	     33075	80004cae	00b69b93	slli	x23,x13,0xb	 x13:0x00000000 x23=0x00000000
       66359000	     33079	80004cb2	02901a33	mulh	x20,x0,x9	  x0:0x00000000  x9:0xffffffff x20=0x00000000
       66361000	     33080	80004cb6	0e42	c.slli	x28,0x10	 x28:0xffffffff x28=0xffff0000
       66387000	     33093	80004cb8	4117db93	srai	x23,x15,0x11	 x15:0x00000022 x23=0x00000000
       66397000	     33098	80004cbc	4f2d	c.li	x30,11	 x30=0x0000000b
       66439000	     33119	80004cbe	009db5b3	sltu	x11,x27,x9	 x27:0x25535000  x9:0xffffffff x11=0x00000001
       66441000	     33120	80004cc2	0a80	c.addi4spn	x8,x2,336	  x8=0x00000152
       66445000	     33122	80004cc4	8375	c.srli	x14,0x1d	 x14:0x00000000 x14=0x00000000
       66463000	     33131	80004cc6	fec62a93	slti	x21,x12,-20	 x12:0xfffffee0 x21=0x00000001
       66477000	     33138	80004cca	c9830e13	addi	x28,x6,-872	  x6:0x00000000 x28=0xfffffc98
       66481000	     33140	80004cce	01720263	beq	x4,x23,80004cd2	  x4:0x00000000 x23:0x00000000  x0=0x00000000
       66519000	     33159	80004cd2	40c0d233	sra	x4,x1,x12	  x1:0xffffffff x12:0xfffffee0  x4=0xffffffff
       66521000	     33160	80004cd6	667d	c.lui	x12,0x1f	 x12=0x0001f000
       66569000	     33184	80004cd8	52f07597	auipc	x11,0x52f07	 x11=0xd2f0bcd8
       66611000	     33205	80004cdc	0ff0000f	fence	iorwiorwiorwiorwiorwiorwiorwiorwiorwiorwiorwiorwiorwiorwiorwiorwiorwiorwiorwiorwiorwiorwiorwiorwiorwiorwiorwiorwiorwiorwiorwiorwiorwiorwiorwiorwiorwiorwiorwiorwiorwiorwiorwiorwiorwiorwiorwiorwiorwiorwiorwiorwiorwiorwiorwiorwiorwiorwiorwiorwiorwiorwiorwiorwiorwiorwiorwiorwiorwiorwiorwiorwiorwiorwiorwiorwiorwiorwiorwiorwiorwiorwiorwiorwiorwiorwiorwiorwiorwiorwiorwiorwiorwiorwiorwiorwiorwiorwiorwiorwiorwiorwiorwiorwiorwiorwiorwiorwiorwiorwiorwiorwiorwiorwiorw,iorwiorwiorwiorwiorwiorwiorwiorwiorwiorwiorwiorwiorwiorwiorwiorwiorwiorwiorwiorwiorwiorwiorwiorwiorwiorwiorwiorwiorwiorwiorwiorwiorwiorwiorwiorwiorwiorwiorwiorwiorwiorwiorwiorwiorwiorwiorwiorwiorwiorwiorwiorwiorwiorwiorwiorwiorwiorwiorwiorwiorwiorwiorwiorwiorwiorwiorwiorwiorwiorwiorwiorwiorwiorwiorwiorwiorwiorwiorwiorwiorwiorwiorwiorwiorwiorwiorwiorwiorwiorwiorwiorwiorwiorwiorwiorwiorwiorwiorwiorwiorwiorwiorwiorwiorwiorwiorwiorwiorwiorwiorwiorwiorwiorwiorwiorw	
       66623000	     33211	80004ce0	0011bfb3	sltu	x31,x3,x1	  x3:0x006b7500  x1:0xffffffff x31=0x00000001
       66635000	     33217	80004ce4	0033ce33	xor	x28,x7,x3	  x7:0xffff3336  x3:0x006b7500 x28=0xff944636
       66655000	     33227	80004ce8	2ee6ae93	slti	x29,x13,750	 x13:0x00000000 x29=0x00000001
       66689000	     33244	80004cec	717d	c.addi16sp	x2,-16	  x2:0x00000002  x2=0xfffffff2
       66691000	     33245	80004cee	81e9	c.srli	x11,0x1a	 x11:0xd2f0bcd8 x11=0x00000034
       66693000	     33246	80004cf0	018c9513	slli	x10,x25,0x18	 x25:0x00000001 x10=0x01000000
       66713000	     33256	80004cf4	01725593	srli	x11,x4,0x17	  x4:0xffffffff x11=0x000001ff
       66721000	     33260	80004cf8	f75e2793	slti	x15,x28,-139	 x28:0xff944636 x15=0x00000001
       66749000	     33274	80004cfc	030a31b3	mulhu	x3,x20,x16	 x20:0x00000000 x16:0xffffffff  x3=0x00000000
       66765000	     33282	80004d00	016d3033	sltu	x0,x26,x22	 x26:0xffffffff x22:0x00000000  x0=0x00000000
       66771000	     33285	80004d04	40395513	srai	x10,x18,0x3	 x18:0x00000000 x10=0x00000000
       66801000	     33300	80004d08	0622	c.slli	x12,0x8	 x12:0x0001f000 x12=0x01f00000
       66845000	     33322	80004d0a	03000133	mul	x2,x0,x16	  x0:0x00000000 x16:0xffffffff  x2=0x00000000
       66855000	     33327	80004d0e	0097d013	srli	x0,x15,0x9	 x15:0x00000001  x0=0x00000000
       66857000	     33328	80004d12	1afd	c.addi	x21,-1	 x21:0x00000001 x21=0x00000000
       66879000	     33339	80004d14	ed09	c.bnez	x10,80004d2e	 x10:0x00000000
       66881000	     33340	80004d16	0188a133	slt	x2,x17,x24	 x17:0x8001afdd x24:0xffe666a0  x2=0x00000001
       66903000	     33351	80004d1a	011a0e33	add	x28,x20,x17	 x20:0x00000000 x17:0x8001afdd x28=0x8001afdd
       66905000	     33352	80004d1e	0001	c.addi	x0,0	  x0:0x00000000  x0=0x00000000
       66907000	     33353	80004d20	0a1a	c.slli	x20,0x6	 x20:0x00000000 x20=0x00000000
       66911000	     33355	80004d22	ea1d	c.bnez	x12,80004d58	 x12:0x01f00000
       66959000	     33379	80004d58	8621	c.srai	x12,0x8	 x12:0x01f00000 x12=0x0001f000
       66985000	     33392	80004d5a	01589b93	slli	x23,x17,0x15	 x17:0x8001afdd x23=0xfba00000
       66987000	     33393	80004d5e	2aad8913	addi	x18,x27,682	 x27:0x25535000 x18=0x255352aa
       67003000	     33401	80004d62	03036893	ori	x17,x6,48	  x6:0x00000000 x17=0x00000030
       67031000	     33415	80004d66	01f12433	slt	x8,x2,x31	  x2:0x00000001 x31:0x00000001  x8=0x00000000
       67033000	     33416	80004d6a	2738bb13	sltiu	x22,x17,627	 x17:0x00000030 x22=0x00000001
       67059000	     33429	80004d6e	000c7eb3	and	x29,x24,x0	 x24:0xffe666a0  x0:0x00000000 x29=0x00000000
       67077000	     33438	80004d72	c99d7b13	andi	x22,x26,-871	 x26:0xffffffff x22=0xfffffc99
       67201000	     33500	80004d76	03e8e133	rem	x2,x17,x30	 x17:0x00000030 x30:0x0000000b  x2=0x00000004
       67205000	     33502	80004d7a	02ec5e33	divu	x28,x24,x14	 x24:0xffe666a0 x14:0x00000000 x28=0xffffffff
       67207000	     33503	80004d7e	00279913	slli	x18,x15,0x2	 x15:0x00000001 x18=0x00000004
       67227000	     33513	80004d82	01e0e263	bltu	x1,x30,80004d86	  x1:0xffffffff x30:0x0000000b  x0=0x00000000
       67229000	     33514	80004d86	717d	c.addi16sp	x2,-16	  x2:0x00000004  x2=0xfffffff4
       67233000	     33516	80004d88	fbbfab97	auipc	x23,0xfbbfa	 x23=0x7bbfed88
       67243000	     33521	80004d8c	8e41	c.or	x12,x8	 x12:0x0001f000  x8:0x00000000 x12=0x0001f000
       67245000	     33522	80004d8e	8da5	c.xor	x11,x9	 x11:0x000001ff  x9:0xffffffff x11=0xfffffe00
       67279000	     33539	80004d90	6fdd	c.lui	x31,0x17	 x31=0x00017000
       67287000	     33543	80004d92	010eaeb3	slt	x29,x29,x16	 x29:0x00000000 x16:0xffffffff x29=0x00000000
       67311000	     33555	80004d96	0344f633	remu	x12,x9,x20	  x9:0xffffffff x20:0x00000000 x12=0xffffffff
       67351000	     33575	80004d9a	030fc663	blt	x31,x16,80004dc6	 x31:0x00017000 x16:0xffffffff  x0=0x00000000
       67357000	     33578	80004d9e	003b6d33	or	x26,x22,x3	 x22:0xfffffc99  x3:0x00000000 x26=0xfffffc99
       67443000	     33621	80004da2	03c6f0b3	remu	x1,x13,x28	 x13:0x00000000 x28:0xffffffff  x1=0x00000000
       67445000	     33622	80004da6	00855893	srli	x17,x10,0x8	 x10:0x00000000 x17=0x00000000
       67519000	     33659	80004daa	03fef233	remu	x4,x29,x31	 x29:0x00000000 x31:0x00017000  x4=0x00000000
       67521000	     33660	80004dae	1a08	c.addi4spn	x10,x2,304	 x10=0x00000124
       67523000	     33661	80004db0	0001	c.addi	x0,0	  x0:0x00000000  x0=0x00000000
       67525000	     33662	80004db2	c7132537	lui	x10,0xc7132	 x10=0xc7132000
       67553000	     33676	80004db6	015a9e13	slli	x28,x21,0x15	 x21:0x00000000 x28=0x00000000
       67555000	     33677	80004dba	00a4d433	srl	x8,x9,x10	  x9:0xffffffff x10:0xc7132000  x8=0xffffffff
       67557000	     33678	80004dbe	8c1d	c.sub	x8,x15	  x8:0xffffffff x15:0x00000001  x8=0xfffffffe
       67577000	     33688	80004dc0	0148a5b3	slt	x11,x17,x20	 x17:0x00000000 x20:0x00000000 x11=0x00000000
       67639000	     33719	80004dc4	014a	c.slli	x2,0x12	  x2:0xfffffff4  x2=0xffd00000
       67657000	     33728	80004dc6	374e8093	addi	x1,x29,884	 x29:0x00000000  x1=0x00000374
       67661000	     33730	80004dca	770cc537	lui	x10,0x770cc	 x10=0x770cc000
       67681000	     33740	80004dce	0ff0000f	fence	iorwiorwiorwiorwiorwiorwiorwiorwiorwiorwiorwiorwiorwiorwiorwiorwiorwiorwiorwiorwiorwiorwiorwiorwiorwiorwiorwiorwiorwiorwiorwiorwiorwiorwiorwiorwiorwiorwiorwiorwiorwiorwiorwiorwiorwiorwiorwiorwiorwiorwiorwiorwiorwiorwiorwiorwiorwiorwiorwiorwiorwiorwiorwiorwiorwiorwiorwiorwiorwiorwiorwiorwiorwiorwiorwiorwiorwiorwiorwiorwiorwiorwiorwiorwiorwiorwiorwiorwiorwiorwiorwiorwiorwiorwiorwiorwiorwiorwiorwiorwiorwiorwiorwiorwiorwiorwiorwiorwiorwiorwiorwiorwiorwiorwiorwiorwiorw,iorwiorwiorwiorwiorwiorwiorwiorwiorwiorwiorwiorwiorwiorwiorwiorwiorwiorwiorwiorwiorwiorwiorwiorwiorwiorwiorwiorwiorwiorwiorwiorwiorwiorwiorwiorwiorwiorwiorwiorwiorwiorwiorwiorwiorwiorwiorwiorwiorwiorwiorwiorwiorwiorwiorwiorwiorwiorwiorwiorwiorwiorwiorwiorwiorwiorwiorwiorwiorwiorwiorwiorwiorwiorwiorwiorwiorwiorwiorwiorwiorwiorwiorwiorwiorwiorwiorwiorwiorwiorwiorwiorwiorwiorwiorwiorwiorwiorwiorwiorwiorwiorwiorwiorwiorwiorwiorwiorwiorwiorwiorwiorwiorwiorwiorwiorwiorwiorw	
       67703000	     33751	80004dd2	0198c733	xor	x14,x17,x25	 x17:0x00000000 x25:0x00000001 x14=0x00000001
       67723000	     33761	80004dd6	14e8e813	ori	x16,x17,334	 x17:0x00000000 x16=0x0000014e
       67763000	     33781	80004dda	015283b3	add	x7,x5,x21	  x5:0x8001add4 x21:0x00000000  x7=0x8001add4
       67765000	     33782	80004dde	408c5b93	srai	x23,x24,0x8	 x24:0xffe666a0 x23=0xffffe666
       67767000	     33783	80004de2	0001	c.addi	x0,0	  x0:0x00000000  x0=0x00000000
       67787000	     33793	80004de4	41bed633	sra	x12,x29,x27	 x29:0x00000000 x27:0x25535000 x12=0x00000000
       67813000	     33806	80004de8	9afd	c.andi	x13,-1	 x13:0x00000000 x13=0x00000000
       67815000	     33807	80004dea	f732b217	auipc	x4,0xf732b	  x4=0x7732fdea
       67823000	     33811	80004dee	023b3733	mulhu	x14,x22,x3	 x22:0xfffffc99  x3:0x00000000 x14=0x00000000
       67831000	     33815	80004df2	3357e113	ori	x2,x15,821	 x15:0x00000001  x2=0x00000335
       67833000	     33816	80004df6	1e0c7213	andi	x4,x24,480	 x24:0xffe666a0  x4=0x000000a0
       67845000	     33822	80004dfa	003c9593	slli	x11,x25,0x3	 x25:0x00000001 x11=0x00000008
       67929000	     33864	80004dfe	033b6833	rem	x16,x22,x19	 x22:0xfffffc99 x19:0x8001ee7c x16=0xfffffc99
       67931000	     33865	80004e02	018e5f33	srl	x30,x28,x24	 x28:0x00000000 x24:0xffe666a0 x30=0x00000000
       67933000	     33866	80004e06	0068fab3	and	x21,x17,x6	 x17:0x00000000  x6:0x00000000 x21=0x00000000
       67989000	     33894	80004e0a	00a99593	slli	x11,x19,0xa	 x19:0x8001ee7c x11=0x07b9f000
       68003000	     33901	80004e0e	c28fb793	sltiu	x15,x31,-984	 x31:0x00017000 x15=0x00000001
       68045000	     33922	80004e12	000f4a63	blt	x30,x0,80004e26	 x30:0x00000000  x0:0x00000000  x0=0x00000000
       68049000	     33924	80004e16	03e9c8b3	div	x17,x19,x30	 x19:0x8001ee7c x30:0x00000000 x17=0xffffffff
       68071000	     33935	80004e1a	031c2933	mulhsu	x18,x24,x17	 x24:0xffe666a0 x17:0xffffffff x18=0xffe666a0
       68101000	     33950	80004e1e	008bb3b3	sltu	x7,x23,x8	 x23:0xffffe666  x8:0xfffffffe  x7=0x00000001
       68145000	     33972	80004e22	025fc563	blt	x31,x5,80004e4c	 x31:0x00017000  x5:0x8001add4  x0=0x00000000
       68147000	     33973	80004e26	0a5e	c.slli	x20,0x17	 x20:0x00000000 x20=0x00000000
       68187000	     33993	80004e28	0001	c.addi	x0,0	  x0:0x00000000  x0=0x00000000
       68191000	     33995	80004e2a	40ba0233	sub	x4,x20,x11	 x20:0x00000000 x11:0x07b9f000  x4=0xf8461000
       68193000	     33996	80004e2e	c8828a13	addi	x20,x5,-888	  x5:0x8001add4 x20=0x8001aa5c
       68195000	     33997	80004e32	1598	c.addi4spn	x14,x2,736	 x14=0x00000615
       68235000	     34017	80004e34	0001	c.addi	x0,0	  x0:0x00000000  x0=0x00000000
       68237000	     34018	80004e36	03138563	beq	x7,x17,80004e60	  x7:0x00000001 x17:0xffffffff  x0=0x00000000
       68239000	     34019	80004e3a	8476	c.mv	x8,x29	  x0:0x00000000 x29:0x00000000  x8=0x00000000
       68283000	     34041	80004e3c	0349b0b3	mulhu	x1,x19,x20	 x19:0x8001ee7c x20:0x8001aa5c  x1=0x4001cc6f
       68307000	     34053	80004e40	0080ef63	bltu	x1,x8,80004e5e	  x1:0x4001cc6f  x8:0x00000000  x0=0x00000000
       68313000	     34056	80004e44	03b55663	bge	x10,x27,80004e70	 x10:0x770cc000 x27:0x25535000  x0=0x00000000
       68349000	     34074	80004e48	0002a233	slt	x4,x5,x0	  x5:0x8001add4  x0:0x00000000  x4=0x00000001
       68357000	     34078	80004e4c	c89f7c13	andi	x24,x30,-887	 x30:0x00000000 x24=0x00000000
       68367000	     34083	80004e50	02672233	mulhsu	x4,x14,x6	 x14:0x00000615  x6:0x00000000  x4=0x00000000
       68383000	     34091	80004e54	9c66	c.add	x24,x25	 x24:0x00000000 x25:0x00000001 x24=0x00000001
       68419000	     34109	80004e56	00d8acb3	slt	x25,x17,x13	 x17:0xffffffff x13:0x00000000 x25=0x00000001
       68421000	     34110	80004e5a	8cfd	c.and	x9,x15	  x9:0xffffffff x15:0x00000001  x9=0x00000001
       68451000	     34125	80004e5c	ed01	c.bnez	x10,80004e74	 x10:0x770cc000
       68485000	     34142	80004e74	02c44733	div	x14,x8,x12	  x8:0x00000000 x12:0x00000000 x14=0xffffffff
       68499000	     34149	80004e78	01476133	or	x2,x14,x20	 x14:0xffffffff x20:0x8001aa5c  x2=0xffffffff
       68531000	     34165	80004e7c	00b0d633	srl	x12,x1,x11	  x1:0x4001cc6f x11:0x07b9f000 x12=0x4001cc6f
       68535000	     34167	80004e80	25dac793	xori	x15,x21,605	 x21:0x00000000 x15=0x0000025d
       68595000	     34197	80004e84	efc245b7	lui	x11,0xefc24	 x11=0xefc24000
       68597000	     34198	80004e88	c5b9fc13	andi	x24,x19,-933	 x19:0x8001ee7c x24=0x8001ec58
       68621000	     34210	80004e8c	02a31063	bne	x6,x10,80004eac	  x6:0x00000000 x10:0x770cc000  x0=0x00000000
       68695000	     34247	80004eac	e319	c.bnez	x14,80004eb2	 x14:0xffffffff
       68753000	     34276	80004eb2	0b7e	c.slli	x22,0x1f	 x22:0xfffffc99 x22=0x80000000
       68767000	     34283	80004eb4	019f9d13	slli	x26,x31,0x19	 x31:0x00017000 x26=0x00000000
       68819000	     34309	80004eb8	0855	c.addi	x16,21	 x16:0xfffffc99 x16=0xfffffcae
       68861000	     34330	80004eba	04d88063	beq	x17,x13,80004efa	 x17:0xffffffff x13:0x00000000  x0=0x00000000
       68863000	     34331	80004ebe	86fd	c.srai	x13,0x1f	 x13:0x00000000 x13=0x00000000
       68891000	     34345	80004ec0	0352e7b3	rem	x15,x5,x21	  x5:0x8001add4 x21:0x00000000 x15=0x8001add4
       68893000	     34346	80004ec4	01df58b3	srl	x17,x30,x29	 x30:0x00000000 x29:0x00000000 x17=0x00000000
       68923000	     34361	80004ec8	096a4413	xori	x8,x20,150	 x20:0x8001aa5c  x8=0x8001aaca
       68925000	     34362	80004ecc	9a7d	c.andi	x12,-1	 x12:0x4001cc6f x12=0x4001cc6f
       68927000	     34363	80004ece	0001	c.addi	x0,0	  x0:0x00000000  x0=0x00000000
       68941000	     34370	80004ed0	00ce4433	xor	x8,x28,x12	 x28:0x00000000 x12:0x4001cc6f  x8=0x4001cc6f
       68949000	     34374	80004ed4	0030acb3	slt	x25,x1,x3	  x1:0x4001cc6f  x3:0x00000000 x25=0x00000000
       69001000	     34400	80004ed8	01f45b13	srli	x22,x8,0x1f	  x8:0x4001cc6f x22=0x00000000
       69003000	     34401	80004edc	5ffd	c.li	x31,-1	 x31=0xffffffff
       69017000	     34408	80004ede	39a3eb93	ori	x23,x7,922	  x7:0x00000001 x23=0x0000039b
       69019000	     34409	80004ee2	d68b2a93	slti	x21,x22,-664	 x22:0x00000000 x21=0x00000000
       69021000	     34410	80004ee6	0590	c.addi4spn	x12,x2,704	 x12=0x000002bf
       69057000	     34428	80004ee8	00ebe5b3	or	x11,x23,x14	 x23:0x0000039b x14:0xffffffff x11=0xffffffff
       69099000	     34449	80004eec	e8216693	ori	x13,x2,-382	  x2:0xffffffff x13=0xffffffff
       69101000	     34450	80004ef0	0ff0000f	fence	iorwiorwiorwiorwiorwiorwiorwiorwiorwiorwiorwiorwiorwiorwiorwiorwiorwiorwiorwiorwiorwiorwiorwiorwiorwiorwiorwiorwiorwiorwiorwiorwiorwiorwiorwiorwiorwiorwiorwiorwiorwiorwiorwiorwiorwiorwiorwiorwiorwiorwiorwiorwiorwiorwiorwiorwiorwiorwiorwiorwiorwiorwiorwiorwiorwiorwiorwiorwiorwiorwiorwiorwiorwiorwiorwiorwiorwiorwiorwiorwiorwiorwiorwiorwiorwiorwiorwiorwiorwiorwiorwiorwiorwiorwiorwiorwiorwiorwiorwiorwiorwiorwiorwiorwiorwiorwiorwiorwiorwiorwiorwiorwiorwiorwiorwiorwiorwiorwiorw,iorwiorwiorwiorwiorwiorwiorwiorwiorwiorwiorwiorwiorwiorwiorwiorwiorwiorwiorwiorwiorwiorwiorwiorwiorwiorwiorwiorwiorwiorwiorwiorwiorwiorwiorwiorwiorwiorwiorwiorwiorwiorwiorwiorwiorwiorwiorwiorwiorwiorwiorwiorwiorwiorwiorwiorwiorwiorwiorwiorwiorwiorwiorwiorwiorwiorwiorwiorwiorwiorwiorwiorwiorwiorwiorwiorwiorwiorwiorwiorwiorwiorwiorwiorwiorwiorwiorwiorwiorwiorwiorwiorwiorwiorwiorwiorwiorwiorwiorwiorwiorwiorwiorwiorwiorwiorwiorwiorwiorwiorwiorwiorwiorwiorwiorwiorwiorwiorwiorwiorw	
       69123000	     34461	80004ef4	02736e63	bltu	x6,x7,80004f30	  x6:0x00000000  x7:0x00000001  x0=0x00000000
       69137000	     34468	80004f30	015a5613	srli	x12,x20,0x15	 x20:0x8001aa5c x12=0x00000400
       69153000	     34476	80004f34	01210b33	add	x22,x2,x18	  x2:0xffffffff x18:0xffe666a0 x22=0xffe6669f
       69187000	     34493	80004f38	002bd913	srli	x18,x23,0x2	 x23:0x0000039b x18=0x000000e6
       69203000	     34501	80004f3c	fa480693	addi	x13,x16,-92	 x16:0xfffffcae x13=0xfffffc52
       69229000	     34514	80004f40	6b8d	c.lui	x23,0x3	 x23=0x00003000
       69231000	     34515	80004f42	0556f363	bgeu	x13,x21,80004f88	 x13:0xfffffc52 x21:0x00000000  x0=0x00000000
       69235000	     34517	80004f46	01100d63	beq	x0,x17,80004f60	  x0:0x00000000 x17:0x00000000  x0=0x00000000
       69277000	     34538	80004f60	8d59	c.or	x10,x14	 x10:0x770cc000 x14:0xffffffff x10=0xffffffff
       69279000	     34539	80004f62	452d	c.li	x10,11	 x10=0x0000000b
       69299000	     34549	80004f64	41af0bb3	sub	x23,x30,x26	 x30:0x00000000 x26:0x00000000 x23=0x00000000
       69341000	     34570	80004f68	41f2d933	sra	x18,x5,x31	  x5:0x8001add4 x31:0xffffffff x18=0xffffffff
       69389000	     34594	80004f6c	0340a033	mulhsu	x0,x1,x20	  x1:0x4001cc6f x20:0x8001aa5c  x0=0x00000000
       69391000	     34595	80004f70	015547b3	xor	x15,x10,x21	 x10:0x0000000b x21:0x00000000 x15=0x0000000b
       69393000	     34596	80004f74	41b5dcb3	sra	x25,x11,x27	 x11:0xffffffff x27:0x25535000 x25=0xffffffff
       69417000	     34608	80004f78	022da433	mulhsu	x8,x27,x2	 x27:0x25535000  x2:0xffffffff  x8=0x25534fff
       69427000	     34613	80004f7c	8ca9	c.xor	x9,x10	  x9:0x00000001 x10:0x0000000b  x9=0x0000000a
       69431000	     34615	80004f7e	004f1093	slli	x1,x30,0x4	 x30:0x00000000  x1=0x00000000
       69453000	     34626	80004f82	009526b3	slt	x13,x10,x9	 x10:0x0000000b  x9:0x0000000a x13=0x00000000
       69457000	     34628	80004f86	e415	c.bnez	x8,80004fb2	  x8:0x25534fff
       69483000	     34641	80004fb2	0099df93	srli	x31,x19,0x9	 x19:0x8001ee7c x31=0x004000f7
       69513000	     34656	80004fb6	01ade963	bltu	x27,x26,80004fc8	 x27:0x25535000 x26:0x00000000  x0=0x00000000
       69515000	     34657	80004fba	8c19	c.sub	x8,x14	  x8:0x25534fff x14:0xffffffff  x8=0x25535000
       69517000	     34658	80004fbc	0001	c.addi	x0,0	  x0:0x00000000  x0=0x00000000
       69519000	     34659	80004fbe	8c41	c.or	x8,x8	  x8:0x25535000  x8:0x25535000  x8=0x25535000
       69577000	     34688	80004fc0	00be26b3	slt	x13,x28,x11	 x28:0x00000000 x11:0xffffffff x13=0x00000000
       69579000	     34689	80004fc4	019b18b3	sll	x17,x22,x25	 x22:0xffe6669f x25:0xffffffff x17=0x80000000
       69581000	     34690	80004fc8	0001	c.addi	x0,0	  x0:0x00000000  x0=0x00000000
       69589000	     34694	80004fca	03262bb3	mulhsu	x23,x12,x18	 x12:0x00000400 x18:0xffffffff x23=0x000003ff
       69591000	     34695	80004fce	cb8d	c.beqz	x15,80005000	 x15:0x0000000b
       69625000	     34712	80004fd0	00b353b3	srl	x7,x6,x11	  x6:0x00000000 x11:0xffffffff  x7=0x00000000
       69633000	     34716	80004fd4	84ba	c.mv	x9,x14	  x0:0x00000000 x14:0xffffffff  x9=0xffffffff
       69687000	     34743	80004fd6	15106113	ori	x2,x0,337	  x0:0x00000000  x2=0x00000151
       69705000	     34752	80004fda	011cebb3	or	x23,x25,x17	 x25:0xffffffff x17:0x80000000 x23=0xffffffff
       69727000	     34763	80004fde	00bd9d63	bne	x27,x11,80004ff8	 x27:0x25535000 x11:0xffffffff  x0=0x00000000
       69755000	     34777	80004ff8	01a4f8b3	and	x17,x9,x26	  x9:0xffffffff x26:0x00000000 x17=0x00000000
       69757000	     34778	80004ffc	0001	c.addi	x0,0	  x0:0x00000000  x0=0x00000000
       69759000	     34779	80004ffe	5c7d	c.li	x24,-1	 x24=0xffffffff
       69781000	     34790	80005000	4052db13	srai	x22,x5,0x5	  x5:0x8001add4 x22=0xfc000d6e
       69801000	     34800	80005004	8ca9	c.xor	x9,x10	  x9:0xffffffff x10:0x0000000b  x9=0xfffffff4
       69823000	     34811	80005006	000715b3	sll	x11,x14,x0	 x14:0xffffffff  x0:0x00000000 x11=0xffffffff
       69841000	     34820	8000500a	01089c13	slli	x24,x17,0x10	 x17:0x00000000 x24=0x00000000
       69849000	     34824	8000500e	00499db3	sll	x27,x19,x4	 x19:0x8001ee7c  x4:0x00000000 x27=0x8001ee7c
       69871000	     34835	80005012	01acd3b3	srl	x7,x25,x26	 x25:0xffffffff x26:0x00000000  x7=0xffffffff
       69893000	     34846	80005016	02856b63	bltu	x10,x8,8000504c	 x10:0x0000000b  x8:0x25535000  x0=0x00000000
       69931000	     34865	8000504c	0007e4b3	or	x9,x15,x0	 x15:0x0000000b  x0:0x00000000  x9=0x0000000b
       70019000	     34909	80005050	02c3d133	divu	x2,x7,x12	  x7:0xffffffff x12:0x00000400  x2=0x003fffff
       70021000	     34910	80005054	00f19f13	slli	x30,x3,0xf	  x3:0x00000000 x30=0x00000000
       70023000	     34911	80005058	e6673593	sltiu	x11,x14,-410	 x14:0xffffffff x11=0x00000000
       70031000	     34915	8000505c	03903db3	mulhu	x27,x0,x25	  x0:0x00000000 x25:0xffffffff x27=0x00000000
       70079000	     34939	80005060	00dee1b3	or	x3,x29,x13	 x29:0x00000000 x13:0x00000000  x3=0x00000000
       70081000	     34940	80005064	997d	c.andi	x10,-1	 x10:0x0000000b x10=0x0000000b
       70119000	     34959	80005066	04b58563	beq	x11,x11,800050b0	 x11:0x00000000 x11:0x00000000  x0=0x00000000
       70183000	     34991	800050b0	8619	c.srai	x12,0x6	 x12:0x00000400 x12=0x00000010
       70185000	     34992	800050b2	4d21	c.li	x26,8	 x26=0x00000008
       70225000	     35012	800050b4	865d	c.srai	x12,0x17	 x12:0x00000010 x12=0x00000000
       70233000	     35016	800050b6	021faeb3	mulhsu	x29,x31,x1	 x31:0x004000f7  x1:0x00000000 x29=0x00000000
       70235000	     35017	800050ba	0162ec33	or	x24,x5,x22	  x5:0x8001add4 x22:0xfc000d6e x24=0xfc01adfe
       70267000	     35033	800050be	1a412a93	slti	x21,x2,420	  x2:0x003fffff x21=0x00000000
       70275000	     35037	800050c2	3c164c13	xori	x24,x12,961	 x12:0x00000000 x24=0x000003c1
       70393000	     35096	800050c6	02a04bb3	div	x23,x0,x10	  x0:0x00000000 x10:0x0000000b x23=0x00000000
       70395000	     35097	800050ca	8669	c.srai	x12,0x1a	 x12:0x00000000 x12=0x00000000
       70397000	     35098	800050cc	84d9	c.srai	x9,0x16	  x9:0x0000000b  x9=0x00000000
       70399000	     35099	800050ce	41acdd93	srai	x27,x25,0x1a	 x25:0xffffffff x27=0xffffffff
       70425000	     35112	800050d2	3fc93c93	sltiu	x25,x18,1020	 x18:0xffffffff x25=0x00000000
       70427000	     35113	800050d6	1fc62193	slti	x3,x12,508	 x12:0x00000000  x3=0x00000001
       70429000	     35114	800050da	157d	c.addi	x10,-1	 x10:0x0000000b x10=0x0000000a
       70457000	     35128	800050dc	0138dc33	srl	x24,x17,x19	 x17:0x00000000 x19:0x8001ee7c x24=0x00000000
       70467000	     35133	800050e0	00eabbb3	sltu	x23,x21,x14	 x21:0x00000000 x14:0xffffffff x23=0x00000001
       70469000	     35134	800050e4	24457793	andi	x15,x10,580	 x10:0x0000000a x15=0x00000000
       70511000	     35155	800050e8	1406fc13	andi	x24,x13,320	 x13:0x00000000 x24=0x00000000
       70553000	     35176	800050ec	140a0813	addi	x16,x20,320	 x20:0x8001aa5c x16=0x8001ab9c
       70585000	     35192	800050f0	2ed2b693	sltiu	x13,x5,749	  x5:0x8001add4 x13=0x00000000
       70587000	     35193	800050f4	8ef1	c.and	x13,x12	 x13:0x00000000 x12:0x00000000 x13=0x00000000
       70589000	     35194	800050f6	8da1	c.xor	x11,x8	 x11:0x00000000  x8:0x25535000 x11=0x25535000
       70629000	     35214	800050f8	9d7e	c.add	x26,x31	 x26:0x00000008 x31:0x004000f7 x26=0x004000ff
       70631000	     35215	800050fa	1ecfe093	ori	x1,x31,492	 x31:0x004000f7  x1=0x004001ff
       70653000	     35226	800050fe	31e83413	sltiu	x8,x16,798	 x16:0x8001ab9c  x8=0x00000000
       70671000	     35235	80005102	4b02ab37	lui	x22,0x4b02a	 x22=0x4b02a000
       70677000	     35238	80005106	03190f33	mul	x30,x18,x17	 x18:0xffffffff x17:0x00000000 x30=0x00000000
       70687000	     35243	8000510a	00344833	xor	x16,x8,x3	  x8:0x00000000  x3:0x00000001 x16=0x00000001
       70709000	     35254	8000510e	01a59433	sll	x8,x11,x26	 x11:0x25535000 x26:0x004000ff  x8=0x00000000
       70711000	     35255	80005112	418f0b33	sub	x22,x30,x24	 x30:0x00000000 x24:0x00000000 x22=0x00000000
       70713000	     35256	80005116	064f1eb7	lui	x29,0x64f1	 x29=0x064f1000
       70715000	     35257	8000511a	860d	c.srai	x12,0x3	 x12:0x00000000 x12=0x00000000
       70725000	     35262	8000511c	0e52	c.slli	x28,0x14	 x28:0x00000000 x28=0x00000000
       70753000	     35276	8000511e	038d2db3	mulhsu	x27,x26,x24	 x26:0x004000ff x24:0x00000000 x27=0x00000000
       70755000	     35277	80005122	00ccbdb3	sltu	x27,x25,x12	 x25:0x00000000 x12:0x00000000 x27=0x00000000
       70757000	     35278	80005126	611d	c.addi16sp	x2,416	  x2:0x003fffff  x2=0x0040019f
       70765000	     35282	80005128	014c13b3	sll	x7,x24,x20	 x24:0x00000000 x20:0x8001aa5c  x7=0x00000000
       70805000	     35302	8000512c	8ee2	c.mv	x29,x24	  x0:0x00000000 x24:0x00000000 x29=0x00000000
       70807000	     35303	8000512e	1198	c.addi4spn	x14,x2,224	 x14=0x0040027f
       70809000	     35304	80005130	94be	c.add	x9,x15	  x9:0x00000000 x15:0x00000000  x9=0x00000000
       70811000	     35305	80005132	8fc5	c.or	x15,x9	 x15:0x00000000  x9:0x00000000 x15=0x00000000
       70837000	     35318	80005134	0194aa33	slt	x20,x9,x25	  x9:0x00000000 x25:0x00000000 x20=0x00000000
       70841000	     35320	80005138	c719	c.beqz	x14,80005146	 x14:0x0040027f
       70881000	     35340	8000513a	3ffeea93	ori	x21,x29,1023	 x29:0x00000000 x21=0x000003ff
       70903000	     35351	8000513e	014550b3	srl	x1,x10,x20	 x10:0x0000000a x20:0x00000000  x1=0x0000000a
       70913000	     35356	80005142	033d9f33	mulh	x30,x27,x19	 x27:0x00000000 x19:0x8001ee7c x30=0x00000000
       70915000	     35357	80005146	8d99	c.sub	x11,x14	 x11:0x25535000 x14:0x0040027f x11=0x25134d81
       70917000	     35358	80005148	00276d33	or	x26,x14,x2	 x14:0x0040027f  x2:0x0040019f x26=0x004003ff
       70919000	     35359	8000514c	661d	c.lui	x12,0x7	 x12=0x00007000
       71019000	     35409	8000514e	02cc7e33	remu	x28,x24,x12	 x24:0x00000000 x12:0x00007000 x28=0x00000000
       71021000	     35410	80005152	016c03b3	add	x7,x24,x22	 x24:0x00000000 x22:0x00000000  x7=0x00000000
       71023000	     35411	80005156	0332f763	bgeu	x5,x19,80005184	  x5:0x8001add4 x19:0x8001ee7c  x0=0x00000000
       71155000	     35477	8000515a	025e4cb3	div	x25,x28,x5	 x28:0x00000000  x5:0x8001add4 x25=0x00000000
       71157000	     35478	8000515e	0293e063	bltu	x7,x9,8000517e	  x7:0x00000000  x9:0x00000000  x0=0x00000000
       71159000	     35479	80005162	870d	c.srai	x14,0x3	 x14:0x0040027f x14=0x0008004f
       71161000	     35480	80005164	d7090097	auipc	x1,0xd7090	  x1=0x57095164
       71261000	     35530	80005168	03f0ea33	rem	x20,x1,x31	  x1:0x57095164 x31:0x004000f7 x20=0x000801a0
       71263000	     35531	8000516c	8d19	c.sub	x10,x14	 x10:0x0000000a x14:0x0008004f x10=0xfff7ffbb
       71265000	     35532	8000516e	01229713	slli	x14,x5,0x12	  x5:0x8001add4 x14=0xb7500000
       71269000	     35534	80005172	01f39b63	bne	x7,x31,80005188	  x7:0x00000000 x31:0x004000f7  x0=0x00000000
       71301000	     35550	80005188	01fe75b3	and	x11,x28,x31	 x28:0x00000000 x31:0x004000f7 x11=0x00000000
       71323000	     35561	8000518c	46ac3f97	auipc	x31,0x46ac3	 x31=0xc6ac818c
       71335000	     35567	80005190	8fb1	c.xor	x15,x12	 x15:0x00000000 x12:0x00007000 x15=0x00007000
       71337000	     35568	80005192	5efd	c.li	x29,-1	 x29=0xffffffff
       71377000	     35588	80005194	40515c13	srai	x24,x2,0x5	  x2:0x0040019f x24=0x0002000c
       71383000	     35591	80005198	02b18233	mul	x4,x3,x11	  x3:0x00000001 x11:0x00000000  x4=0x00000000
       71409000	     35604	8000519c	0358af33	mulhsu	x30,x17,x21	 x17:0x00000000 x21:0x000003ff x30=0x00000000
       71411000	     35605	800051a0	0012c4b3	xor	x9,x5,x1	  x5:0x8001add4  x1:0x57095164  x9=0xd708fcb0
       71433000	     35616	800051a4	03c975b3	remu	x11,x18,x28	 x18:0xffffffff x28:0x00000000 x11=0xffffffff
       71481000	     35640	800051a8	ce9d	c.beqz	x13,800051e6	 x13:0x00000000
       71601000	     35700	800051e6	02c25a33	divu	x20,x4,x12	  x4:0x00000000 x12:0x00007000 x20=0x00000000
       71603000	     35701	800051ea	40c95d13	srai	x26,x18,0xc	 x18:0xffffffff x26=0xffffffff
       71605000	     35702	800051ee	00806b33	or	x22,x0,x8	  x0:0x00000000  x8:0x00000000 x22=0x00000000
       71651000	     35725	800051f2	00de4f33	xor	x30,x28,x13	 x28:0x00000000 x13:0x00000000 x30=0x00000000
       71659000	     35729	800051f6	0314b0b3	mulhu	x1,x9,x17	  x9:0xd708fcb0 x17:0x00000000  x1=0x00000000
       71661000	     35730	800051fa	c485	c.beqz	x9,80005222	  x9:0xd708fcb0
       71671000	     35735	800051fc	407150b3	sra	x1,x2,x7	  x2:0x0040019f  x7:0x00000000  x1=0x0040019f
       71697000	     35748	80005200	03926463	bltu	x4,x25,80005228	  x4:0x00000000 x25:0x00000000  x0=0x00000000
       71757000	     35778	80005204	03971d33	mulh	x26,x14,x25	 x14:0xb7500000 x25:0x00000000 x26=0x00000000
       71759000	     35779	80005208	0001	c.addi	x0,0	  x0:0x00000000  x0=0x00000000
       71761000	     35780	8000520a	8f95	c.sub	x15,x13	 x15:0x00007000 x13:0x00000000 x15=0x00007000
       71795000	     35797	8000520c	025b0433	mul	x8,x22,x5	 x22:0x00000000  x5:0x8001add4  x8=0x00000000
       71797000	     35798	80005210	41cad1b3	sra	x3,x21,x28	 x21:0x000003ff x28:0x00000000  x3=0x000003ff
       71815000	     35807	80005214	2b21bc93	sltiu	x25,x3,690	  x3:0x000003ff x25=0x00000000
       71821000	     35810	80005218	9bfd	c.andi	x15,-1	 x15:0x00007000 x15=0x00007000
       71837000	     35818	8000521a	01fb3f33	sltu	x30,x22,x31	 x22:0x00000000 x31:0xc6ac818c x30=0x00000001
       71839000	     35819	8000521e	86a5	c.srai	x13,0x9	 x13:0x00000000 x13=0x00000000
       71879000	     35839	80005220	5cfd	c.li	x25,-1	 x25=0xffffffff
       71885000	     35842	80005222	3b67e737	lui	x14,0x3b67e	 x14=0x3b67e000
       71887000	     35843	80005226	6159	c.addi16sp	x2,400	  x2:0x0040019f  x2=0x0040032f
       71975000	     35887	80005228	025f46b3	div	x13,x30,x5	 x30:0x00000001  x5:0x8001add4 x13=0x00000000
       71977000	     35888	8000522c	0001	c.addi	x0,0	  x0:0x00000000  x0=0x00000000
       71979000	     35889	8000522e	daec8a13	addi	x20,x25,-594	 x25:0xffffffff x20=0xfffffdad
       71981000	     35890	80005232	1efd	c.addi	x29,-1	 x29:0xffffffff x29=0xfffffffe
       71983000	     35891	80005234	01628fb3	add	x31,x5,x22	  x5:0x8001add4 x22:0x00000000 x31=0x8001add4
       71985000	     35892	80005238	00348eb3	add	x29,x9,x3	  x9:0xd708fcb0  x3:0x000003ff x29=0xd70900af
       72013000	     35906	8000523c	02a731b3	mulhu	x3,x14,x10	 x14:0x3b67e000 x10:0xfff7ffbb  x3=0x3b6604b0
       72015000	     35907	80005240	8cdd	c.or	x9,x15	  x9:0xd708fcb0 x15:0x00007000  x9=0xd708fcb0
       72021000	     35910	80005242	031e0e33	mul	x28,x28,x17	 x28:0x00000000 x17:0x00000000 x28=0x00000000
       72059000	     35929	80005246	00badb33	srl	x22,x21,x11	 x21:0x000003ff x11:0xffffffff x22=0x00000000
       72063000	     35931	8000524a	03804b63	blt	x0,x24,80005280	  x0:0x00000000 x24:0x0002000c  x0=0x00000000
       72083000	     35941	80005280	00a3ee33	or	x28,x7,x10	  x7:0x00000000 x10:0xfff7ffbb x28=0xfff7ffbb
       72099000	     35949	80005284	00654833	xor	x16,x10,x6	 x10:0xfff7ffbb  x6:0x00000000 x16=0xfff7ffbb
       72101000	     35950	80005288	04ac8163	beq	x25,x10,800052ca	 x25:0xffffffff x10:0xfff7ffbb  x0=0x00000000
       72109000	     35954	8000528c	036d3ab3	mulhu	x21,x26,x22	 x26:0x00000000 x22:0x00000000 x21=0x00000000
       72125000	     35962	80005290	04ee	c.slli	x9,0x1b	  x9:0xd708fcb0  x9=0x80000000
       72161000	     35980	80005292	01803e33	sltu	x28,x0,x24	  x0:0x00000000 x24:0x0002000c x28=0x00000001
       72181000	     35990	80005296	00fe83b3	add	x7,x29,x15	 x29:0xd70900af x15:0x00007000  x7=0xd70970af
       72183000	     35991	8000529a	17ef8013	addi	x0,x31,382	 x31:0x8001add4  x0=0x00000000
       72185000	     35992	8000529e	032f8a63	beq	x31,x18,800052d2	 x31:0x8001add4 x18:0xffffffff  x0=0x00000000
       72189000	     35994	800052a2	02c34663	blt	x6,x12,800052ce	  x6:0x00000000 x12:0x00007000  x0=0x00000000
       72233000	     36016	800052ce	02eb1db3	mulh	x27,x22,x14	 x22:0x00000000 x14:0x3b67e000 x27=0x00000000
       72235000	     36017	800052d2	9a7d	c.andi	x12,-1	 x12:0x00007000 x12=0x00007000
       72237000	     36018	800052d4	68cd	c.lui	x17,0x13	 x17=0x00013000
       72251000	     36025	800052d6	032c9863	bne	x25,x18,80005306	 x25:0xffffffff x18:0xffffffff  x0=0x00000000
       72253000	     36026	800052da	8475	c.srai	x8,0x1d	  x8:0x00000000  x8=0x00000000
       72263000	     36031	800052dc	0001	c.addi	x0,0	  x0:0x00000000  x0=0x00000000
       72275000	     36037	800052de	41285f33	sra	x30,x16,x18	 x16:0xfff7ffbb x18:0xffffffff x30=0xffffffff
       72381000	     36090	800052e2	038e56b3	divu	x13,x28,x24	 x28:0x00000001 x24:0x0002000c x13=0x00000000
       72455000	     36127	800052e6	03075f33	divu	x30,x14,x16	 x14:0x3b67e000 x16:0xfff7ffbb x30=0x00000000
       72457000	     36128	800052ea	0001	c.addi	x0,0	  x0:0x00000000  x0=0x00000000
       72459000	     36129	800052ec	01fffdb3	and	x27,x31,x31	 x31:0x8001add4 x31:0x8001add4 x27=0x8001add4
       72475000	     36137	800052f0	c8f1ca37	lui	x20,0xc8f1c	 x20=0xc8f1c000
       72485000	     36142	800052f4	87f1	c.srai	x15,0x1c	 x15:0x00007000 x15=0x00000000
       72499000	     36149	800052f6	ebffe213	ori	x4,x31,-321	 x31:0x8001add4  x4=0xffffffff
       72501000	     36150	800052fa	5bfd	c.li	x23,-1	 x23=0xffffffff
       72549000	     36174	800052fc	8259	c.srli	x12,0x16	 x12:0x00007000 x12=0x00000000
       72561000	     36180	800052fe	15e50b37	lui	x22,0x15e50	 x22=0x15e50000
       72563000	     36181	80005302	403f54b3	sra	x9,x30,x3	 x30:0x00000000  x3:0x3b6604b0  x9=0x00000000
       72651000	     36225	80005306	03b87f33	remu	x30,x16,x27	 x16:0xfff7ffbb x27:0x8001add4 x30=0x7ff651e7
       72659000	     36229	8000530a	03babfb3	mulhu	x31,x21,x27	 x21:0x00000000 x27:0x8001add4 x31=0x00000000
       72661000	     36230	8000530e	01d10e63	beq	x2,x29,8000532a	  x2:0x0040032f x29:0xd70900af  x0=0x00000000
       72677000	     36238	80005312	3200b593	sltiu	x11,x1,800	  x1:0x0040019f x11=0x00000000
       72683000	     36241	80005316	00dfdeb3	srl	x29,x31,x13	 x31:0x00000000 x13:0x00000000 x29=0x00000000
       72685000	     36242	8000531a	93a6	c.add	x7,x9	  x7:0xd70970af  x9:0x00000000  x7=0xd70970af
       72687000	     36243	8000531c	30550013	addi	x0,x10,773	 x10:0xfff7ffbb  x0=0x00000000
       72713000	     36256	80005320	8aba	c.mv	x21,x14	  x0:0x00000000 x14:0x3b67e000 x21=0x3b67e000
       72763000	     36281	80005322	41478d33	sub	x26,x15,x20	 x15:0x00000000 x20:0xc8f1c000 x26=0x370e4000
       72787000	     36293	80005326	03df26b3	mulhsu	x13,x30,x29	 x30:0x7ff651e7 x29:0x00000000 x13=0x00000000
       72789000	     36294	8000532a	0e72	c.slli	x28,0x1c	 x28:0x00000001 x28=0x10000000
       72863000	     36331	8000532c	03a6c5b3	div	x11,x13,x26	 x13:0x00000000 x26:0x370e4000 x11=0x00000000
       72865000	     36332	80005330	8d8d	c.sub	x11,x11	 x11:0x00000000 x11:0x00000000 x11=0x00000000
       72867000	     36333	80005332	8f49	c.or	x14,x10	 x14:0x3b67e000 x10:0xfff7ffbb x14=0xfff7ffbb
       72869000	     36334	80005334	80652d97	auipc	x27,0x80652	 x27=0x00657334
       72871000	     36335	80005338	884d	c.andi	x8,19	  x8:0x00000000  x8=0x00000000
       72873000	     36336	8000533a	6169	c.addi16sp	x2,208	  x2:0x0040032f  x2=0x004003ff
       72879000	     36339	8000533c	8946	c.mv	x18,x17	  x0:0x00000000 x17:0x00013000 x18=0x00013000
       72929000	     36364	8000533e	030294b3	mulh	x9,x5,x16	  x5:0x8001add4 x16:0xfff7ffbb  x9=0x00040015
       72931000	     36365	80005342	0001	c.addi	x0,0	  x0:0x00000000  x0=0x00000000
       72965000	     36382	80005344	8c41	c.or	x8,x8	  x8:0x00000000  x8:0x00000000  x8=0x00000000
       72967000	     36383	80005346	00a41a13	slli	x20,x8,0xa	  x8:0x00000000 x20=0x00000000
       72969000	     36384	8000534a	c319	c.beqz	x14,80005350	 x14:0xfff7ffbb
       72989000	     36394	8000534c	0070d413	srli	x8,x1,0x7	  x1:0x0040019f  x8=0x00008003
       72995000	     36397	80005350	95e6	c.add	x11,x25	 x11:0x00000000 x25:0xffffffff x11=0xffffffff
       73085000	     36442	80005352	03334b33	div	x22,x6,x19	  x6:0x00000000 x19:0x8001ee7c x22=0x00000000
       73087000	     36443	80005356	30a64917	auipc	x18,0x30a64	 x18=0xb0a69356
       73089000	     36444	8000535a	8455	c.srai	x8,0x15	  x8:0x00008003  x8=0x00000000
       73091000	     36445	8000535c	014d7933	and	x18,x26,x20	 x26:0x370e4000 x20:0x00000000 x18=0x00000000
       73095000	     36447	80005360	01b9edb3	or	x27,x19,x27	 x19:0x8001ee7c x27:0x00657334 x27=0x8065ff7c
       73117000	     36458	80005364	00cef8b3	and	x17,x29,x12	 x29:0x00000000 x12:0x00000000 x17=0x00000000
       73119000	     36459	80005368	ef354393	xori	x7,x10,-269	 x10:0xfff7ffbb  x7=0x00080148
       73137000	     36468	8000536c	1914	c.addi4spn	x13,x2,176	 x13=0x004004af
       73139000	     36469	8000536e	6155	c.addi16sp	x2,304	  x2:0x004003ff  x2=0x0040052f
       73147000	     36473	80005370	0001	c.addi	x0,0	  x0:0x00000000  x0=0x00000000
       73199000	     36499	80005372	022f14b3	mulh	x9,x30,x2	 x30:0x7ff651e7  x2:0x0040052f  x9=0x0020002b
       73231000	     36515	80005376	02f9b533	mulhu	x10,x19,x15	 x19:0x8001ee7c x15:0x00000000 x10=0x00000000
       73233000	     36516	8000537a	0001	c.addi	x0,0	  x0:0x00000000  x0=0x00000000
       73239000	     36519	8000537c	00414463	blt	x2,x4,80005384	  x2:0x0040052f  x4:0xffffffff  x0=0x00000000
       73249000	     36524	80005380	6165	c.addi16sp	x2,112	  x2:0x0040052f  x2=0x0040059f
       73251000	     36525	80005382	0769	c.addi	x14,26	 x14:0xfff7ffbb x14=0xfff7ffd5
       73255000	     36527	80005384	0001	c.addi	x0,0	  x0:0x00000000  x0=0x00000000
       73295000	     36547	80005386	d0f93a93	sltiu	x21,x18,-753	 x18:0x00000000 x21=0x00000001
       73305000	     36552	8000538a	56bdcf17	auipc	x30,0x56bdc	 x30=0xd6be138a
       73307000	     36553	8000538e	6e21	c.lui	x28,0x8	 x28=0x00008000
       73317000	     36558	80005390	8e81	c.sub	x13,x8	 x13:0x004004af  x8:0x00000000 x13=0x004004af
       73405000	     36602	80005392	024d4a33	div	x20,x26,x4	 x26:0x370e4000  x4:0xffffffff x20=0xc8f1c000
       73407000	     36603	80005396	01a4f933	and	x18,x9,x26	  x9:0x0020002b x26:0x370e4000 x18=0x00000000
       73411000	     36605	8000539a	e485	c.bnez	x9,800053c2	  x9:0x0020002b
       73443000	     36621	800053c2	6115	c.addi16sp	x2,288	  x2:0x0040059f  x2=0x004006bf
       73451000	     36625	800053c4	c058a793	slti	x15,x17,-1019	 x17:0x00000000 x15=0x00000000
       73513000	     36656	800053c8	8c0d	c.sub	x8,x11	  x8:0x00000000 x11:0xffffffff  x8=0x00000001
       73515000	     36657	800053ca	832d	c.srli	x14,0xb	 x14:0xfff7ffd5 x14=0x001ffeff
       73517000	     36658	800053cc	9f46	c.add	x30,x17	 x30:0xd6be138a x17:0x00000000 x30=0xd6be138a
       73537000	     36668	800053ce	df99fb93	andi	x23,x19,-519	 x19:0x8001ee7c x23=0x8001ec78
       73539000	     36669	800053d2	6131	c.addi16sp	x2,320	  x2:0x004006bf  x2=0x004007ff
       73555000	     36677	800053d4	4e59	c.li	x28,22	 x28=0x00000016
       73573000	     36686	800053d6	022b9233	mulh	x4,x23,x2	 x23:0x8001ec78  x2:0x004007ff  x4=0xffdffc7b
       73575000	     36687	800053da	6151	c.addi16sp	x2,272	  x2:0x004007ff  x2=0x0040090f
       73583000	     36691	800053dc	023393b3	mulh	x7,x7,x3	  x7:0x00080148  x3:0x3b6604b0  x7=0x0001db7c
       73585000	     36692	800053e0	8d71	c.and	x10,x12	 x10:0x00000000 x12:0x00000000 x10=0x00000000
       73601000	     36700	800053e2	02a2f863	bgeu	x5,x10,80005412	  x5:0x8001add4 x10:0x00000000  x0=0x00000000
       73639000	     36719	800053e6	0187a8b3	slt	x17,x15,x24	 x15:0x00000000 x24:0x0002000c x17=0x00000001
       73657000	     36728	800053ea	020d0433	mul	x8,x26,x0	 x26:0x370e4000  x0:0x00000000  x8=0x00000000
       73663000	     36731	800053ee	36607113	andi	x2,x0,870	  x0:0x00000000  x2=0x00000000
       73685000	     36742	800053f2	2722ac17	auipc	x24,0x2722a	 x24=0xa722f3f2
       73701000	     36750	800053f6	0ff0000f	fence	iorwiorwiorwiorwiorwiorwiorwiorwiorwiorwiorwiorwiorwiorwiorwiorwiorwiorwiorwiorwiorwiorwiorwiorwiorwiorwiorwiorwiorwiorwiorwiorwiorwiorwiorwiorwiorwiorwiorwiorwiorwiorwiorwiorwiorwiorwiorwiorwiorwiorwiorwiorwiorwiorwiorwiorwiorwiorwiorwiorwiorwiorwiorwiorwiorwiorwiorwiorwiorwiorwiorwiorwiorwiorwiorwiorwiorwiorwiorwiorwiorwiorwiorwiorwiorwiorwiorwiorwiorwiorwiorwiorwiorwiorwiorwiorwiorwiorwiorwiorwiorwiorwiorwiorwiorwiorwiorwiorwiorwiorwiorwiorwiorwiorwiorwiorwiorwiorwiorwiorwiorw,iorwiorwiorwiorwiorwiorwiorwiorwiorwiorwiorwiorwiorwiorwiorwiorwiorwiorwiorwiorwiorwiorwiorwiorwiorwiorwiorwiorwiorwiorwiorwiorwiorwiorwiorwiorwiorwiorwiorwiorwiorwiorwiorwiorwiorwiorwiorwiorwiorwiorwiorwiorwiorwiorwiorwiorwiorwiorwiorwiorwiorwiorwiorwiorwiorwiorwiorwiorwiorwiorwiorwiorwiorwiorwiorwiorwiorwiorwiorwiorwiorwiorwiorwiorwiorwiorwiorwiorwiorwiorwiorwiorwiorwiorwiorwiorwiorwiorwiorwiorwiorwiorwiorwiorwiorwiorwiorwiorwiorwiorwiorwiorwiorwiorwiorwiorwiorwiorwiorwiorwiorwiorw	
       73703000	     36751	800053fa	8842	c.mv	x16,x16	  x0:0x00000000 x16:0xfff7ffbb x16=0xfff7ffbb
       73725000	     36762	800053fc	03b94c63	blt	x18,x27,80005434	 x18:0x00000000 x27:0x8065ff7c  x0=0x00000000
       73803000	     36801	80005400	021c7bb3	remu	x23,x24,x1	 x24:0xa722f3f2  x1:0x0040019f x23=0x001eb90e
       73805000	     36802	80005404	0816	c.slli	x16,0x5	 x16:0xfff7ffbb x16=0xfefff760
       73807000	     36803	80005406	0083f1b3	and	x3,x7,x8	  x7:0x0001db7c  x8:0x00000000  x3=0x00000000
       73809000	     36804	8000540a	1211f4b7	lui	x9,0x1211f	  x9=0x1211f000
       73829000	     36814	8000540e	04aef063	bgeu	x29,x10,8000544e	 x29:0x00000000 x10:0x00000000  x0=0x00000000
       73867000	     36833	8000544e	0ff0000f	fence	iorwiorwiorwiorwiorwiorwiorwiorwiorwiorwiorwiorwiorwiorwiorwiorwiorwiorwiorwiorwiorwiorwiorwiorwiorwiorwiorwiorwiorwiorwiorwiorwiorwiorwiorwiorwiorwiorwiorwiorwiorwiorwiorwiorwiorwiorwiorwiorwiorwiorwiorwiorwiorwiorwiorwiorwiorwiorwiorwiorwiorwiorwiorwiorwiorwiorwiorwiorwiorwiorwiorwiorwiorwiorwiorwiorwiorwiorwiorwiorwiorwiorwiorwiorwiorwiorwiorwiorwiorwiorwiorwiorwiorwiorwiorwiorwiorwiorwiorwiorwiorwiorwiorwiorwiorwiorwiorwiorwiorwiorwiorwiorwiorwiorwiorwiorwiorwiorwiorwiorwiorwiorwiorw,iorwiorwiorwiorwiorwiorwiorwiorwiorwiorwiorwiorwiorwiorwiorwiorwiorwiorwiorwiorwiorwiorwiorwiorwiorwiorwiorwiorwiorwiorwiorwiorwiorwiorwiorwiorwiorwiorwiorwiorwiorwiorwiorwiorwiorwiorwiorwiorwiorwiorwiorwiorwiorwiorwiorwiorwiorwiorwiorwiorwiorwiorwiorwiorwiorwiorwiorwiorwiorwiorwiorwiorwiorwiorwiorwiorwiorwiorwiorwiorwiorwiorwiorwiorwiorwiorwiorwiorwiorwiorwiorwiorwiorwiorwiorwiorwiorwiorwiorwiorwiorwiorwiorwiorwiorwiorwiorwiorwiorwiorwiorwiorwiorwiorwiorwiorwiorwiorwiorwiorwiorwiorwiorwiorw	
       73875000	     36837	80005452	419e5f13	srai	x30,x28,0x19	 x28:0x00000016 x30=0x00000000
       73877000	     36838	80005456	0ff0000f	fence	iorwiorwiorwiorwiorwiorwiorwiorwiorwiorwiorwiorwiorwiorwiorwiorwiorwiorwiorwiorwiorwiorwiorwiorwiorwiorwiorwiorwiorwiorwiorwiorwiorwiorwiorwiorwiorwiorwiorwiorwiorwiorwiorwiorwiorwiorwiorwiorwiorwiorwiorwiorwiorwiorwiorwiorwiorwiorwiorwiorwiorwiorwiorwiorwiorwiorwiorwiorwiorwiorwiorwiorwiorwiorwiorwiorwiorwiorwiorwiorwiorwiorwiorwiorwiorwiorwiorwiorwiorwiorwiorwiorwiorwiorwiorwiorwiorwiorwiorwiorwiorwiorwiorwiorwiorwiorwiorwiorwiorwiorwiorwiorwiorwiorwiorwiorwiorwiorwiorwiorwiorwiorwiorwiorwiorw,iorwiorwiorwiorwiorwiorwiorwiorwiorwiorwiorwiorwiorwiorwiorwiorwiorwiorwiorwiorwiorwiorwiorwiorwiorwiorwiorwiorwiorwiorwiorwiorwiorwiorwiorwiorwiorwiorwiorwiorwiorwiorwiorwiorwiorwiorwiorwiorwiorwiorwiorwiorwiorwiorwiorwiorwiorwiorwiorwiorwiorwiorwiorwiorwiorwiorwiorwiorwiorwiorwiorwiorwiorwiorwiorwiorwiorwiorwiorwiorwiorwiorwiorwiorwiorwiorwiorwiorwiorwiorwiorwiorwiorwiorwiorwiorwiorwiorwiorwiorwiorwiorwiorwiorwiorwiorwiorwiorwiorwiorwiorwiorwiorwiorwiorwiorwiorwiorwiorwiorwiorwiorwiorwiorwiorwiorw	
       73899000	     36849	8000545a	008bcfb3	xor	x31,x23,x8	 x23:0x001eb90e  x8:0x00000000 x31=0x001eb90e
       73901000	     36850	8000545e	0dfa	c.slli	x27,0x1e	 x27:0x8065ff7c x27=0x00000000
       73961000	     36880	80005460	00ae6b33	or	x22,x28,x10	 x28:0x00000016 x10:0x00000000 x22=0x00000016
       73969000	     36884	80005464	03f19163	bne	x3,x31,80005486	  x3:0x00000000 x31:0x001eb90e  x0=0x00000000
       74077000	     36938	80005486	40f1dc93	srai	x25,x3,0xf	  x3:0x00000000 x25=0x00000000
       74079000	     36939	8000548a	046b3393	sltiu	x7,x22,70	 x22:0x00000016  x7=0x00000001
       74081000	     36940	8000548e	8e31	c.xor	x12,x12	 x12:0x00000000 x12:0x00000000 x12=0x00000000
       74105000	     36952	80005490	40ff00b3	sub	x1,x30,x15	 x30:0x00000000 x15:0x00000000  x1=0x00000000
       74191000	     36995	80005494	02535c33	divu	x24,x6,x5	  x6:0x00000000  x5:0x8001add4 x24=0x00000000
       74193000	     36996	80005498	08fef393	andi	x7,x29,143	 x29:0x00000000  x7=0x00000000
       74195000	     36997	8000549c	1704	c.addi4spn	x9,x2,928	  x9=0x000003a0
       74197000	     36998	8000549e	01c8c0b3	xor	x1,x17,x28	 x17:0x00000001 x28:0x00000016  x1=0x00000017
       74223000	     37011	800054a2	0236efb3	rem	x31,x13,x3	 x13:0x004004af  x3:0x00000000 x31=0x004004af
       74241000	     37020	800054a6	00bc0433	add	x8,x24,x11	 x24:0x00000000 x11:0xffffffff  x8=0xffffffff
       74243000	     37021	800054aa	4629	c.li	x12,10	 x12=0x0000000a
       74247000	     37023	800054ac	023f4533	div	x10,x30,x3	 x30:0x00000000  x3:0x00000000 x10=0xffffffff
       74257000	     37028	800054b0	843e	c.mv	x8,x15	  x0:0x00000000 x15:0x00000000  x8=0x00000000
       74269000	     37034	800054b2	d2307013	andi	x0,x0,-733	  x0:0x00000000  x0=0x00000000
       74271000	     37035	800054b6	01c00d33	add	x26,x0,x28	  x0:0x00000000 x28:0x00000016 x26=0x00000016
       74311000	     37055	800054ba	02ecdf63	bge	x25,x14,800054f8	 x25:0x00000000 x14:0x001ffeff  x0=0x00000000
       74313000	     37056	800054be	8e41	c.or	x12,x8	 x12:0x0000000a  x8:0x00000000 x12=0x0000000a
       74315000	     37057	800054c0	567d	c.li	x12,-1	 x12=0xffffffff
       74317000	     37058	800054c2	0104	c.addi4spn	x9,x2,128	  x9=0x00000080
       74375000	     37087	800054c4	011b2633	slt	x12,x22,x17	 x22:0x00000016 x17:0x00000001 x12=0x00000000
       74377000	     37088	800054c8	0ff0000f	fence	iorwiorwiorwiorwiorwiorwiorwiorwiorwiorwiorwiorwiorwiorwiorwiorwiorwiorwiorwiorwiorwiorwiorwiorwiorwiorwiorwiorwiorwiorwiorwiorwiorwiorwiorwiorwiorwiorwiorwiorwiorwiorwiorwiorwiorwiorwiorwiorwiorwiorwiorwiorwiorwiorwiorwiorwiorwiorwiorwiorwiorwiorwiorwiorwiorwiorwiorwiorwiorwiorwiorwiorwiorwiorwiorwiorwiorwiorwiorwiorwiorwiorwiorwiorwiorwiorwiorwiorwiorwiorwiorwiorwiorwiorwiorwiorwiorwiorwiorwiorwiorwiorwiorwiorwiorwiorwiorwiorwiorwiorwiorwiorwiorwiorwiorwiorwiorwiorwiorwiorwiorwiorwiorwiorwiorwiorwiorw,iorwiorwiorwiorwiorwiorwiorwiorwiorwiorwiorwiorwiorwiorwiorwiorwiorwiorwiorwiorwiorwiorwiorwiorwiorwiorwiorwiorwiorwiorwiorwiorwiorwiorwiorwiorwiorwiorwiorwiorwiorwiorwiorwiorwiorwiorwiorwiorwiorwiorwiorwiorwiorwiorwiorwiorwiorwiorwiorwiorwiorwiorwiorwiorwiorwiorwiorwiorwiorwiorwiorwiorwiorwiorwiorwiorwiorwiorwiorwiorwiorwiorwiorwiorwiorwiorwiorwiorwiorwiorwiorwiorwiorwiorwiorwiorwiorwiorwiorwiorwiorwiorwiorwiorwiorwiorwiorwiorwiorwiorwiorwiorwiorwiorwiorwiorwiorwiorwiorwiorwiorwiorwiorwiorwiorwiorwiorwiorw	
       74403000	     37101	800054cc	08dd	c.addi	x17,23	 x17:0x00000001 x17=0x00000018
       74439000	     37119	800054ce	4138d4b3	sra	x9,x17,x19	 x17:0x00000018 x19:0x8001ee7c  x9=0x00000000
       74473000	     37136	800054d2	00fc7833	and	x16,x24,x15	 x24:0x00000000 x15:0x00000000 x16=0x00000000
       74513000	     37156	800054d6	04ee7163	bgeu	x28,x14,80005518	 x28:0x00000016 x14:0x001ffeff  x0=0x00000000
       74519000	     37159	800054da	02b40d33	mul	x26,x8,x11	  x8:0x00000000 x11:0xffffffff x26=0x00000000
       74599000	     37199	800054de	02dafc33	remu	x24,x21,x13	 x21:0x00000001 x13:0x004004af x24=0x00000001
       74601000	     37200	800054e2	0001	c.addi	x0,0	  x0:0x00000000  x0=0x00000000
       74603000	     37201	800054e4	005b1093	slli	x1,x22,0x5	 x22:0x00000016  x1=0x000002c0
       74605000	     37202	800054e8	012bf7b3	and	x15,x23,x18	 x23:0x001eb90e x18:0x00000000 x15=0x00000000
       74651000	     37225	800054ec	3e032f13	slti	x30,x6,992	  x6:0x00000000 x30=0x00000001
       74695000	     37247	800054f0	031f1463	bne	x30,x17,80005518	 x30:0x00000001 x17:0x00000018  x0=0x00000000
       74735000	     37267	80005518	166dc413	xori	x8,x27,358	 x27:0x00000000  x8=0x00000166
       74761000	     37280	8000551c	0001	c.addi	x0,0	  x0:0x00000000  x0=0x00000000
       74791000	     37295	8000551e	d0f32093	slti	x1,x6,-753	  x6:0x00000000  x1=0x00000000
       74797000	     37298	80005522	23762c93	slti	x25,x12,567	 x12:0x00000000 x25=0x00000001
       74799000	     37299	80005526	8749	c.srai	x14,0x12	 x14:0x001ffeff x14=0x00000007
       74819000	     37309	80005528	0472	c.slli	x8,0x1c	  x8:0x00000166  x8=0x60000000
       74843000	     37321	8000552a	03b67d33	remu	x26,x12,x27	 x12:0x00000000 x27:0x00000000 x26=0x00000000
       74845000	     37322	8000552e	6cd5	c.lui	x25,0x15	 x25=0x00015000
       74847000	     37323	80005530	cb604093	xori	x1,x0,-842	  x0:0x00000000  x1=0xfffffcb6
       74875000	     37337	80005534	0001	c.addi	x0,0	  x0:0x00000000  x0=0x00000000
       74883000	     37341	80005536	f57ac213	xori	x4,x21,-169	 x21:0x00000001  x4=0xffffff56
       74885000	     37342	8000553a	99fd	c.andi	x11,-1	 x11:0xffffffff x11=0xffffffff
       74959000	     37379	8000553c	0244e033	rem	x0,x9,x4	  x9:0x00000000  x4:0xffffff56  x0=0x00000000
       74961000	     37380	80005540	f2694d93	xori	x27,x18,-218	 x18:0x00000000 x27=0xffffff26
       74963000	     37381	80005544	c7f80e93	addi	x29,x16,-897	 x16:0x00000000 x29=0xfffffc7f
       74973000	     37386	80005548	8d71	c.and	x10,x12	 x10:0xffffffff x12:0x00000000 x10=0x00000000
       74991000	     37395	8000554a	00210863	beq	x2,x2,8000555a	  x2:0x00000000  x2:0x00000000  x0=0x00000000
       75023000	     37411	8000555a	8261	c.srli	x12,0x18	 x12:0x00000000 x12=0x00000000
       75027000	     37413	8000555c	00095a63	bge	x18,x0,80005570	 x18:0x00000000  x0:0x00000000  x0=0x00000000
       75069000	     37434	80005570	41fed693	srai	x13,x29,0x1f	 x29:0xfffffc7f x13=0xffffffff
       75093000	     37446	80005574	052c1463	bne	x24,x18,800055bc	 x24:0x00000001 x18:0x00000000  x0=0x00000000
       75167000	     37483	800055bc	8f95	c.sub	x15,x13	 x15:0x00000000 x13:0xffffffff x15=0x00000001
       75171000	     37485	800055be	c901	c.beqz	x10,800055ce	 x10:0x00000000
       75273000	     37536	800055ce	03639ab3	mulh	x21,x7,x22	  x7:0x00000000 x22:0x00000016 x21=0x00000000
       75275000	     37537	800055d2	8445	c.srai	x8,0x11	  x8:0x60000000  x8=0x00003000
       75277000	     37538	800055d4	00dbabb3	slt	x23,x23,x13	 x23:0x001eb90e x13:0xffffffff x23=0x00000000
       75297000	     37548	800055d8	025a3733	mulhu	x14,x20,x5	 x20:0xc8f1c000  x5:0x8001add4 x14=0x647a3163
       75315000	     37557	800055dc	012cd4b3	srl	x9,x25,x18	 x25:0x00015000 x18:0x00000000  x9=0x00015000
       75331000	     37565	800055e0	ffbb0a13	addi	x20,x22,-5	 x22:0x00000016 x20=0x00000011
       75333000	     37566	800055e4	64cd	c.lui	x9,0x13	  x9=0x00013000
       75335000	     37567	800055e6	0d1d	c.addi	x26,7	 x26:0x00000000 x26=0x00000007
       75357000	     37578	800055e8	04a2d363	bge	x5,x10,8000562e	  x5:0x8001add4 x10:0x00000000  x0=0x00000000
       75375000	     37587	800055ec	e366fe93	andi	x29,x13,-458	 x13:0xffffffff x29=0xfffffe36
       75377000	     37588	800055f0	01a47a93	andi	x21,x8,26	  x8:0x00003000 x21=0x00000000
       75409000	     37604	800055f4	e995	c.bnez	x11,80005628	 x11:0xffffffff
       75447000	     37623	80005628	06ca	c.slli	x13,0x12	 x13:0xffffffff x13=0xfffc0000
       75449000	     37624	8000562a	00d0db93	srli	x23,x1,0xd	  x1:0xfffffcb6 x23=0x0007ffff
       75451000	     37625	8000562e	080e	c.slli	x16,0x3	 x16:0x00000000 x16=0x00000000
       75473000	     37636	80005630	03ded463	bge	x29,x29,80005658	 x29:0xfffffe36 x29:0xfffffe36  x0=0x00000000
       75515000	     37657	80005658	e90d	c.bnez	x10,8000568a	 x10:0x00000000
       75517000	     37658	8000565a	8f11	c.sub	x14,x12	 x14:0x647a3163 x12:0x00000000 x14=0x647a3163
       75551000	     37675	8000565c	81b1	c.srli	x11,0xc	 x11:0xffffffff x11=0x000fffff
       75567000	     37683	8000565e	e9c27a93	andi	x21,x4,-356	  x4:0xffffff56 x21=0xfffffe14
       75575000	     37687	80005662	3632f393	andi	x7,x5,867	  x5:0x8001add4  x7=0x00000140
       75591000	     37695	80005666	03286bb3	rem	x23,x16,x18	 x16:0x00000000 x18:0x00000000 x23=0x00000000
       75601000	     37700	8000566a	02004633	div	x12,x0,x0	  x0:0x00000000  x0:0x00000000 x12=0xffffffff
       75643000	     37721	8000566e	02b638b3	mulhu	x17,x12,x11	 x12:0xffffffff x11:0x000fffff x17=0x000ffffe
       75655000	     37727	80005672	0236f7b3	remu	x15,x13,x3	 x13:0xfffc0000  x3:0x00000000 x15=0xfffc0000
       75657000	     37728	80005676	0001	c.addi	x0,0	  x0:0x00000000  x0=0x00000000
       75701000	     37750	80005678	00a53533	sltu	x10,x10,x10	 x10:0x00000000 x10:0x00000000 x10=0x00000000
       75717000	     37758	8000567c	0201eb33	rem	x22,x3,x0	  x3:0x00000000  x0:0x00000000 x22=0x00000000
       75757000	     37778	80005680	926e	c.add	x4,x27	  x4:0xffffff56 x27:0xffffff26  x4=0xfffffe7c
       75831000	     37815	80005682	02db7b33	remu	x22,x22,x13	 x22:0x00000000 x13:0xfffc0000 x22=0x00000000
       75833000	     37816	80005686	01651913	slli	x18,x10,0x16	 x10:0x00000000 x18=0x00000000
       75835000	     37817	8000568a	011131b3	sltu	x3,x2,x17	  x2:0x00000000 x17:0x000ffffe  x3=0x00000001
       75881000	     37840	8000568e	014e46b3	xor	x13,x28,x20	 x28:0x00000016 x20:0x00000011 x13=0x00000007
       75891000	     37845	80005692	34ca0c93	addi	x25,x20,844	 x20:0x00000011 x25=0x0000035d
       75907000	     37853	80005696	037e6f33	rem	x30,x28,x23	 x28:0x00000016 x23:0x00000000 x30=0x00000016
       75909000	     37854	8000569a	85a9	c.srai	x11,0xa	 x11:0x000fffff x11=0x000003ff
       75919000	     37859	8000569c	81c6	c.mv	x3,x17	  x0:0x00000000 x17:0x000ffffe  x3=0x000ffffe
       75975000	     37887	8000569e	01722f33	slt	x30,x4,x23	  x4:0xfffffe7c x23:0x00000000 x30=0x00000001
       75977000	     37888	800056a2	1442bb13	sltiu	x22,x5,324	  x5:0x8001add4 x22=0x00000000
       75997000	     37898	800056a6	030351b3	divu	x3,x6,x16	  x6:0x00000000 x16:0x00000000  x3=0xffffffff
       76009000	     37904	800056aa	4023d413	srai	x8,x7,0x2	  x7:0x00000140  x8=0x00000050
       76011000	     37905	800056ae	02eb5063	bge	x22,x14,800056ce	 x22:0x00000000 x14:0x647a3163  x0=0x00000000
       76013000	     37906	800056b2	6d4d	c.lui	x26,0x13	 x26=0x00013000
       76019000	     37909	800056b4	02c50e33	mul	x28,x10,x12	 x10:0x00000000 x12:0xffffffff x28=0x00000000
       76075000	     37937	800056b8	0ff0000f	fence	iorwiorwiorwiorwiorwiorwiorwiorwiorwiorwiorwiorwiorwiorwiorwiorwiorwiorwiorwiorwiorwiorwiorwiorwiorwiorwiorwiorwiorwiorwiorwiorwiorwiorwiorwiorwiorwiorwiorwiorwiorwiorwiorwiorwiorwiorwiorwiorwiorwiorwiorwiorwiorwiorwiorwiorwiorwiorwiorwiorwiorwiorwiorwiorwiorwiorwiorwiorwiorwiorwiorwiorwiorwiorwiorwiorwiorwiorwiorwiorwiorwiorwiorwiorwiorwiorwiorwiorwiorwiorwiorwiorwiorwiorwiorwiorwiorwiorwiorwiorwiorwiorwiorwiorwiorwiorwiorwiorwiorwiorwiorwiorwiorwiorwiorwiorwiorwiorwiorwiorwiorwiorwiorwiorwiorwiorwiorwiorwiorw,iorwiorwiorwiorwiorwiorwiorwiorwiorwiorwiorwiorwiorwiorwiorwiorwiorwiorwiorwiorwiorwiorwiorwiorwiorwiorwiorwiorwiorwiorwiorwiorwiorwiorwiorwiorwiorwiorwiorwiorwiorwiorwiorwiorwiorwiorwiorwiorwiorwiorwiorwiorwiorwiorwiorwiorwiorwiorwiorwiorwiorwiorwiorwiorwiorwiorwiorwiorwiorwiorwiorwiorwiorwiorwiorwiorwiorwiorwiorwiorwiorwiorwiorwiorwiorwiorwiorwiorwiorwiorwiorwiorwiorwiorwiorwiorwiorwiorwiorwiorwiorwiorwiorwiorwiorwiorwiorwiorwiorwiorwiorwiorwiorwiorwiorwiorwiorwiorwiorwiorwiorwiorwiorwiorwiorwiorwiorwiorwiorwiorw	
       76117000	     37958	800056bc	0af6	c.slli	x21,0x1d	 x21:0xfffffe14 x21=0x80000000
       76119000	     37959	800056be	00ecdfb3	srl	x31,x25,x14	 x25:0x0000035d x14:0x647a3163 x31=0x0000006b
       76177000	     37988	800056c2	03d7beb3	mulhu	x29,x15,x29	 x15:0xfffc0000 x29:0xfffffe36 x29=0xfffbfe36
       76179000	     37989	800056c6	af663397	auipc	x7,0xaf663	  x7=0x2f6686c6
       76191000	     37995	800056ca	02a9dfb3	divu	x31,x19,x10	 x19:0x8001ee7c x10:0x00000000 x31=0xffffffff
       76195000	     37997	800056ce	021e9563	bne	x29,x1,800056f8	 x29:0xfffbfe36  x1:0xfffffcb6  x0=0x00000000
       76223000	     38011	800056f8	03260833	mul	x16,x12,x18	 x12:0xffffffff x18:0x00000000 x16=0x00000000
       76227000	     38013	800056fc	e289	c.bnez	x13,800056fe	 x13:0x00000007
       76277000	     38038	800056fe	f238a493	slti	x9,x17,-221	 x17:0x000ffffe  x9=0x00000000
       76317000	     38058	80005702	00025c13	srli	x24,x4,0x0	  x4:0xfffffe7c x24=0xfffffe7c
       76325000	     38062	80005706	03e690b3	mulh	x1,x13,x30	 x13:0x00000007 x30:0x00000001  x1=0x00000000
       76337000	     38068	8000570a	40705933	sra	x18,x0,x7	  x0:0x00000000  x7:0x2f6686c6 x18=0x00000000
       76425000	     38112	8000570e	0354d733	divu	x14,x9,x21	  x9:0x00000000 x21:0x80000000 x14=0x00000000
       76427000	     38113	80005712	1bfd	c.addi	x23,-1	 x23:0x00000000 x23=0xffffffff
       76429000	     38114	80005714	00fb3e33	sltu	x28,x22,x15	 x22:0x00000000 x15:0xfffc0000 x28=0x00000001
       76431000	     38115	80005718	85fd	c.srai	x11,0x1f	 x11:0x000003ff x11=0x00000000
       76441000	     38120	8000571a	017f9b13	slli	x22,x31,0x17	 x31:0xffffffff x22=0xff800000
       76443000	     38121	8000571e	1e00	c.addi4spn	x8,x2,816	  x8=0x00000330
       76483000	     38141	80005720	c486ec13	ori	x24,x13,-952	 x13:0x00000007 x24=0xfffffc4f
       76497000	     38148	80005724	01122133	slt	x2,x4,x17	  x4:0xfffffe7c x17:0x000ffffe  x2=0x00000001
       76517000	     38158	80005728	8d19	c.sub	x10,x14	 x10:0x00000000 x14:0x00000000 x10=0x00000000
       76521000	     38160	8000572a	c515	c.beqz	x10,80005756	 x10:0x00000000
       76567000	     38183	80005756	031fa033	mulhsu	x0,x31,x17	 x31:0xffffffff x17:0x000ffffe  x0=0x00000000
       76569000	     38184	8000575a	011c1f13	slli	x30,x24,0x11	 x24:0xfffffc4f x30=0xf89e0000
       76571000	     38185	8000575e	8fe9	c.and	x15,x10	 x15:0xfffc0000 x10:0x00000000 x15=0x00000000
       76573000	     38186	80005760	24be6913	ori	x18,x28,587	 x28:0x00000001 x18=0x0000024b
       76575000	     38187	80005764	00a99433	sll	x8,x19,x10	 x19:0x8001ee7c x10:0x00000000  x8=0x8001ee7c
       76597000	     38198	80005768	2e30a693	slti	x13,x1,739	  x1:0x00000000 x13=0x00000001
       76639000	     38219	8000576c	29d0ec13	ori	x24,x1,669	  x1:0x00000000 x24=0x0000029d
       76641000	     38220	80005770	099e6913	ori	x18,x28,153	 x28:0x00000001 x18=0x00000099
       76671000	     38235	80005774	021785b3	mul	x11,x15,x1	 x15:0x00000000  x1:0x00000000 x11=0x00000000
       76673000	     38236	80005778	0001	c.addi	x0,0	  x0:0x00000000  x0=0x00000000
       76675000	     38237	8000577a	003ea833	slt	x16,x29,x3	 x29:0xfffbfe36  x3:0xffffffff x16=0x00000001
       76695000	     38247	8000577e	03433ab3	mulhu	x21,x6,x20	  x6:0x00000000 x20:0x00000011 x21=0x00000000
       76751000	     38275	80005782	234e47b7	lui	x15,0x234e4	 x15=0x234e4000
       76753000	     38276	80005786	0001	c.addi	x0,0	  x0:0x00000000  x0=0x00000000
       76759000	     38279	80005788	0fda	c.slli	x31,0x16	 x31:0xffffffff x31=0xffc00000
       76761000	     38280	8000578a	615d	c.addi16sp	x2,432	  x2:0x00000001  x2=0x000001b1
       76775000	     38287	8000578c	00697233	and	x4,x18,x6	 x18:0x00000099  x6:0x00000000  x4=0x00000000
       76905000	     38352	80005790	02d6d6b3	divu	x13,x13,x13	 x13:0x00000001 x13:0x00000001 x13=0x00000001
       76907000	     38353	80005794	0176db63	bge	x13,x23,800057aa	 x13:0x00000001 x23:0xffffffff  x0=0x00000000
       76909000	     38354	80005798	07c2	c.slli	x15,0x10	 x15:0x234e4000 x15=0x40000000
       76911000	     38355	8000579a	50fd	c.li	x1,-1	  x1=0xffffffff
       76913000	     38356	8000579c	0001	c.addi	x0,0	  x0:0x00000000  x0=0x00000000
       76939000	     38369	8000579e	020684b3	mul	x9,x13,x0	 x13:0x00000001  x0:0x00000000  x9=0x00000000
       77049000	     38424	800057a2	02c26633	rem	x12,x4,x12	  x4:0x00000000 x12:0xffffffff x12=0x00000000
       77057000	     38428	800057a6	027a2a33	mulhsu	x20,x20,x7	 x20:0x00000011  x7:0x2f6686c6 x20=0x00000003
       77059000	     38429	800057aa	22f3e793	ori	x15,x7,559	  x7:0x2f6686c6 x15=0x2f6686ef
       77119000	     38459	800057ae	02cbb733	mulhu	x14,x23,x12	 x23:0xffffffff x12:0x00000000 x14=0x00000000
       77121000	     38460	800057b2	1c3bba13	sltiu	x20,x23,451	 x23:0xffffffff x20=0x00000000
       77147000	     38473	800057b6	00e86263	bltu	x16,x14,800057ba	 x16:0x00000001 x14:0x00000000  x0=0x00000000
       77151000	     38475	800057ba	03194f63	blt	x18,x17,800057f8	 x18:0x00000099 x17:0x000ffffe  x0=0x00000000
       77191000	     38495	800057f8	41e55233	sra	x4,x10,x30	 x10:0x00000000 x30:0xf89e0000  x4=0x00000000
       77205000	     38502	800057fc	40eb5db3	sra	x27,x22,x14	 x22:0xff800000 x14:0x00000000 x27=0xff800000
       77229000	     38514	80005800	01b31e63	bne	x6,x27,8000581c	  x6:0x00000000 x27:0xff800000  x0=0x00000000
       77283000	     38541	8000581c	029a6033	rem	x0,x20,x9	 x20:0x00000000  x9:0x00000000  x0=0x00000000
       77313000	     38556	80005820	6a25	c.lui	x20,0x9	 x20=0x00009000
       77315000	     38557	80005822	009d10b3	sll	x1,x26,x9	 x26:0x00013000  x9:0x00000000  x1=0x00013000
       77317000	     38558	80005826	818d	c.srli	x11,0x3	 x11:0x00000000 x11=0x00000000
       77337000	     38568	80005828	57fd	c.li	x15,-1	 x15=0xffffffff
       77441000	     38620	8000582a	028b5533	divu	x10,x22,x8	 x22:0xff800000  x8:0x8001ee7c x10=0x00000001
       77443000	     38621	8000582e	0119ceb3	xor	x29,x19,x17	 x19:0x8001ee7c x17:0x000ffffe x29=0x800e1182
       77451000	     38625	80005832	0276bf33	mulhu	x30,x13,x7	 x13:0x00000001  x7:0x2f6686c6 x30=0x00000000
       77467000	     38633	80005836	03e09b63	bne	x1,x30,8000586c	  x1:0x00013000 x30:0x00000000  x0=0x00000000
       77505000	     38652	8000586c	01b4e3b3	or	x7,x9,x27	  x9:0x00000000 x27:0xff800000  x7=0xff800000
       77507000	     38653	80005870	02fd7563	bgeu	x26,x15,8000589a	 x26:0x00013000 x15:0xffffffff  x0=0x00000000
       77529000	     38664	80005874	6c1d	c.lui	x24,0x7	 x24=0x00007000
       77531000	     38665	80005876	9d7e	c.add	x26,x31	 x26:0x00013000 x31:0xffc00000 x26=0xffc13000
       77551000	     38675	80005878	00c7ba33	sltu	x20,x15,x12	 x15:0xffffffff x12:0x00000000 x20=0x00000000
       77573000	     38686	8000587c	008cd093	srli	x1,x25,0x8	 x25:0x0000035d  x1=0x00000003
       77575000	     38687	80005880	8d0e	c.mv	x26,x3	  x0:0x00000000  x3:0xffffffff x26=0xffffffff
       77577000	     38688	80005882	e991	c.bnez	x11,80005896	 x11:0x00000000
       77579000	     38689	80005884	00fd2fb3	slt	x31,x26,x15	 x26:0xffffffff x15:0xffffffff x31=0x00000000
       77599000	     38699	80005888	0001	c.addi	x0,0	  x0:0x00000000  x0=0x00000000
       77635000	     38717	8000588a	017401b3	add	x3,x8,x23	  x8:0x8001ee7c x23:0xffffffff  x3=0x8001ee7b
       77637000	     38718	8000588e	4055db93	srai	x23,x11,0x5	 x11:0x00000000 x23=0x00000000
       77651000	     38725	80005892	012c8263	beq	x25,x18,80005896	 x25:0x0000035d x18:0x00000099  x0=0x00000000
       77663000	     38731	80005896	007a2c33	slt	x24,x20,x7	 x20:0x00000000  x7:0xff800000 x24=0x00000000
       77685000	     38742	8000589a	011c9e33	sll	x28,x25,x17	 x25:0x0000035d x17:0x000ffffe x28=0x40000000
       77727000	     38763	8000589e	00ba9213	slli	x4,x21,0xb	 x21:0x00000000  x4=0x00000000
       77729000	     38764	800058a2	0001	c.addi	x0,0	  x0:0x00000000  x0=0x00000000
       77733000	     38766	800058a4	6eb1	c.lui	x29,0xc	 x29=0x0000c000
       77735000	     38767	800058a6	0ff0000f	fence	iorwiorwiorwiorwiorwiorwiorwiorwiorwiorwiorwiorwiorwiorwiorwiorwiorwiorwiorwiorwiorwiorwiorwiorwiorwiorwiorwiorwiorwiorwiorwiorwiorwiorwiorwiorwiorwiorwiorwiorwiorwiorwiorwiorwiorwiorwiorwiorwiorwiorwiorwiorwiorwiorwiorwiorwiorwiorwiorwiorwiorwiorwiorwiorwiorwiorwiorwiorwiorwiorwiorwiorwiorwiorwiorwiorwiorwiorwiorwiorwiorwiorwiorwiorwiorwiorwiorwiorwiorwiorwiorwiorwiorwiorwiorwiorwiorwiorwiorwiorwiorwiorwiorwiorwiorwiorwiorwiorwiorwiorwiorwiorwiorwiorwiorwiorwiorwiorwiorwiorwiorwiorwiorwiorwiorwiorwiorwiorwiorwiorwiorw,iorwiorwiorwiorwiorwiorwiorwiorwiorwiorwiorwiorwiorwiorwiorwiorwiorwiorwiorwiorwiorwiorwiorwiorwiorwiorwiorwiorwiorwiorwiorwiorwiorwiorwiorwiorwiorwiorwiorwiorwiorwiorwiorwiorwiorwiorwiorwiorwiorwiorwiorwiorwiorwiorwiorwiorwiorwiorwiorwiorwiorwiorwiorwiorwiorwiorwiorwiorwiorwiorwiorwiorwiorwiorwiorwiorwiorwiorwiorwiorwiorwiorwiorwiorwiorwiorwiorwiorwiorwiorwiorwiorwiorwiorwiorwiorwiorwiorwiorwiorwiorwiorwiorwiorwiorwiorwiorwiorwiorwiorwiorwiorwiorwiorwiorwiorwiorwiorwiorwiorwiorwiorwiorwiorwiorwiorwiorwiorwiorwiorwiorwiorw	
       77737000	     38768	800058aa	81b1	c.srli	x11,0xc	 x11:0x00000000 x11=0x00000000
       77757000	     38778	800058ac	5c7d	c.li	x24,-1	 x24=0xffffffff
       77761000	     38780	800058ae	019e6863	bltu	x28,x25,800058be	 x28:0x40000000 x25:0x0000035d  x0=0x00000000
       77781000	     38790	800058b2	0055deb3	srl	x29,x11,x5	 x11:0x00000000  x5:0x8001add4 x29=0x00000000
       77783000	     38791	800058b6	8d45	c.or	x10,x9	 x10:0x00000001  x9:0x00000000 x10=0x00000001
       77787000	     38793	800058b8	0b11	c.addi	x22,4	 x22:0xff800000 x22=0xff800004
       77865000	     38832	800058ba	0236ec33	rem	x24,x13,x3	 x13:0x00000001  x3:0x8001ee7b x24=0x00000001
       77867000	     38833	800058be	8c8d	c.sub	x9,x11	  x9:0x00000000 x11:0x00000000  x9=0x00000000
       77869000	     38834	800058c0	6a1d	c.lui	x20,0x7	 x20=0x00007000
       77871000	     38835	800058c2	ebabff93	andi	x31,x23,-326	 x23:0x00000000 x31=0x00000000
       77895000	     38847	800058c6	00ce0b63	beq	x28,x12,800058dc	 x28:0x40000000 x12:0x00000000  x0=0x00000000
       77897000	     38848	800058ca	6b11	c.lui	x22,0x4	 x22=0x00004000
       77911000	     38855	800058cc	014d21b3	slt	x3,x26,x20	 x26:0xffffffff x20:0x00007000  x3=0x00000001
       77929000	     38864	800058d0	02841cb3	mulh	x25,x8,x8	  x8:0x8001ee7c  x8:0x8001ee7c x25=0x3ffe1187
       77977000	     38888	800058d4	8e3d	c.xor	x12,x15	 x12:0x00000000 x15:0xffffffff x12=0xffffffff
       78017000	     38908	800058d6	003a5d33	srl	x26,x20,x3	 x20:0x00007000  x3:0x00000001 x26=0x00003800
       78021000	     38910	800058da	e2a1	c.bnez	x13,8000591a	 x13:0x00000001
       78103000	     38951	8000591a	03f196b3	mulh	x13,x3,x31	  x3:0x00000001 x31:0x00000000 x13=0x00000000
       78123000	     38961	8000591e	413d8d33	sub	x26,x27,x19	 x27:0xff800000 x19:0x8001ee7c x26=0x7f7e1184
       78125000	     38962	80005922	8920b237	lui	x4,0x8920b	  x4=0x8920b000
       78147000	     38973	80005926	0ff0000f	fence	iorwiorwiorwiorwiorwiorwiorwiorwiorwiorwiorwiorwiorwiorwiorwiorwiorwiorwiorwiorwiorwiorwiorwiorwiorwiorwiorwiorwiorwiorwiorwiorwiorwiorwiorwiorwiorwiorwiorwiorwiorwiorwiorwiorwiorwiorwiorwiorwiorwiorwiorwiorwiorwiorwiorwiorwiorwiorwiorwiorwiorwiorwiorwiorwiorwiorwiorwiorwiorwiorwiorwiorwiorwiorwiorwiorwiorwiorwiorwiorwiorwiorwiorwiorwiorwiorwiorwiorwiorwiorwiorwiorwiorwiorwiorwiorwiorwiorwiorwiorwiorwiorwiorwiorwiorwiorwiorwiorwiorwiorwiorwiorwiorwiorwiorwiorwiorwiorwiorwiorwiorwiorwiorwiorwiorwiorwiorwiorwiorwiorwiorwiorwiorw,iorwiorwiorwiorwiorwiorwiorwiorwiorwiorwiorwiorwiorwiorwiorwiorwiorwiorwiorwiorwiorwiorwiorwiorwiorwiorwiorwiorwiorwiorwiorwiorwiorwiorwiorwiorwiorwiorwiorwiorwiorwiorwiorwiorwiorwiorwiorwiorwiorwiorwiorwiorwiorwiorwiorwiorwiorwiorwiorwiorwiorwiorwiorwiorwiorwiorwiorwiorwiorwiorwiorwiorwiorwiorwiorwiorwiorwiorwiorwiorwiorwiorwiorwiorwiorwiorwiorwiorwiorwiorwiorwiorwiorwiorwiorwiorwiorwiorwiorwiorwiorwiorwiorwiorwiorwiorwiorwiorwiorwiorwiorwiorwiorwiorwiorwiorwiorwiorwiorwiorwiorwiorwiorwiorwiorwiorwiorwiorwiorwiorwiorwiorwiorwiorw	
       78149000	     38974	8000592a	6109	c.addi16sp	x2,128	  x2:0x000001b1  x2=0x00000231
       78197000	     38998	8000592c	8df1	c.and	x11,x12	 x11:0x00000000 x12:0xffffffff x11=0x00000000
       78199000	     38999	8000592e	038b6863	bltu	x22,x24,8000595e	 x22:0x00004000 x24:0x00000001  x0=0x00000000
       78251000	     39025	80005932	01178563	beq	x15,x17,8000593c	 x15:0xffffffff x17:0x000ffffe  x0=0x00000000
       78253000	     39026	80005936	0001	c.addi	x0,0	  x0:0x00000000  x0=0x00000000
       78293000	     39046	80005938	01691233	sll	x4,x18,x22	 x18:0x00000099 x22:0x00004000  x4=0x00000099
       78295000	     39047	8000593c	717d	c.addi16sp	x2,-16	  x2:0x00000231  x2=0x00000221
       78297000	     39048	8000593e	8d71	c.and	x10,x12	 x10:0x00000001 x12:0xffffffff x10=0x00000001
       78317000	     39058	80005940	c8eee193	ori	x3,x29,-882	 x29:0x00000000  x3=0xfffffc8e
       78327000	     39063	80005944	001d5d93	srli	x27,x26,0x1	 x26:0x7f7e1184 x27=0x3fbf08c2
       78329000	     39064	80005948	3ddeeb93	ori	x23,x29,989	 x29:0x00000000 x23=0x000003dd
       78345000	     39072	8000594c	0262fd63	bgeu	x5,x6,80005986	  x5:0x8001add4  x6:0x00000000  x0=0x00000000
       78385000	     39092	80005950	00b54ab3	xor	x21,x10,x11	 x10:0x00000001 x11:0x00000000 x21=0x00000001
       78387000	     39093	80005954	682d	c.lui	x16,0xb	 x16=0x0000b000
       78389000	     39094	80005956	8d22	c.mv	x26,x8	  x0:0x00000000  x8:0x8001ee7c x26=0x8001ee7c
       78391000	     39095	80005958	6f21	c.lui	x30,0x8	 x30=0x00008000
       78411000	     39105	8000595a	00755233	srl	x4,x10,x7	 x10:0x00000001  x7:0xff800000  x4=0x00000001
       78473000	     39136	8000595e	028f4263	blt	x30,x8,80005982	 x30:0x00008000  x8:0x8001ee7c  x0=0x00000000
       78475000	     39137	80005962	cb687493	andi	x9,x16,-842	 x16:0x0000b000  x9=0x0000b000
       78497000	     39148	80005966	018c0a33	add	x20,x24,x24	 x24:0x00000001 x24:0x00000001 x20=0x00000002
       78499000	     39149	8000596a	87c9	c.srai	x15,0x12	 x15:0xffffffff x15=0xffffffff
       78537000	     39168	8000596c	6639	c.lui	x12,0xe	 x12=0x0000e000
       78549000	     39174	8000596e	035c9663	bne	x25,x21,8000599a	 x25:0x3ffe1187 x21:0x00000001  x0=0x00000000
       78643000	     39221	8000599a	03ae9cb3	mulh	x25,x29,x26	 x29:0x00000000 x26:0x8001ee7c x25=0x00000000
       78657000	     39228	8000599e	01a15813	srli	x16,x2,0x1a	  x2:0x00000221 x16=0x00000000
       78659000	     39229	800059a2	8ef5	c.and	x13,x13	 x13:0x00000000 x13:0x00000000 x13=0x00000000
       78663000	     39231	800059a4	00dd1e63	bne	x26,x13,800059c0	 x26:0x8001ee7c x13:0x00000000  x0=0x00000000
       78713000	     39256	800059c0	02a7a8b3	mulhsu	x17,x15,x10	 x15:0xffffffff x10:0x00000001 x17=0xffffffff
       78749000	     39274	800059c4	20627a93	andi	x21,x4,518	  x4:0x00000001 x21=0x00000000
       78751000	     39275	800059c8	02ddf863	bgeu	x27,x13,800059f8	 x27:0x3fbf08c2 x13:0x00000000  x0=0x00000000
       78805000	     39302	800059cc	6cc9	c.lui	x25,0x12	 x25=0x00012000
       78807000	     39303	800059ce	8b21	c.andi	x14,8	 x14:0x00000000 x14=0x00000000
       78827000	     39313	800059d0	25457793	andi	x15,x10,596	 x10:0x00000001 x15=0x00000000
       78829000	     39314	800059d4	3920b037	lui	x0,0x3920b	  x0=0x00000000
       78851000	     39325	800059d8	004f6233	or	x4,x30,x4	 x30:0x00008000  x4:0x00000001  x4=0x00008001
       78857000	     39328	800059dc	011e6e63	bltu	x28,x17,800059f8	 x28:0x40000000 x17:0xffffffff  x0=0x00000000
       78881000	     39340	800059f8	862e	c.mv	x12,x11	  x0:0x00000000 x11:0x00000000 x12=0x00000000
       78921000	     39360	800059fa	d625a813	slti	x16,x11,-670	 x11:0x00000000 x16=0x00000000
       78923000	     39361	800059fe	007a37b3	sltu	x15,x20,x7	 x20:0x00000002  x7:0xff800000 x15=0x00000001
       78927000	     39363	80005a02	03634d63	blt	x6,x22,80005a3c	  x6:0x00000000 x22:0x00004000  x0=0x00000000
       78951000	     39375	80005a3c	0001	c.addi	x0,0	  x0:0x00000000  x0=0x00000000
       78973000	     39386	80005a3e	19c4bb13	sltiu	x22,x9,412	  x9:0x0000b000 x22=0x00000000
       78975000	     39387	80005a42	4499	c.li	x9,6	  x9=0x00000006
       79013000	     39406	80005a44	030a2b33	mulhsu	x22,x20,x16	 x20:0x00000002 x16:0x00000000 x22=0x00000000
       79017000	     39408	80005a48	02e8c463	blt	x17,x14,80005a70	 x17:0xffffffff x14:0x00000000  x0=0x00000000
       79077000	     39438	80005a70	6b91	c.lui	x23,0x4	 x23=0x00004000
       79079000	     39439	80005a72	8fdd	c.or	x15,x15	 x15:0x00000001 x15:0x00000001 x15=0x00000001
       79101000	     39450	80005a74	0105b733	sltu	x14,x11,x16	 x11:0x00000000 x16:0x00000000 x14=0x00000000
       79181000	     39490	80005a78	033bc3b3	div	x7,x23,x19	 x23:0x00004000 x19:0x8001ee7c  x7=0x00000000
       79183000	     39491	80005a7c	02116c63	bltu	x2,x1,80005ab4	  x2:0x00000221  x1:0x00000003  x0=0x00000000
       79185000	     39492	80005a80	84b1	c.srai	x9,0xc	  x9:0x00000006  x9=0x00000000
       79187000	     39493	80005a82	006d3b33	sltu	x22,x26,x6	 x26:0x8001ee7c  x6:0x00000000 x22=0x00000000
       79189000	     39494	80005a86	8289	c.srli	x13,0x2	 x13:0x00000000 x13=0x00000000
       79231000	     39515	80005a88	8625	c.srai	x12,0x9	 x12:0x00000000 x12=0x00000000
       79233000	     39516	80005a8a	0001	c.addi	x0,0	  x0:0x00000000  x0=0x00000000
       79239000	     39519	80005a8c	03ba86b3	mul	x13,x21,x27	 x21:0x00000000 x27:0x3fbf08c2 x13=0x00000000
       79275000	     39537	80005a90	156b2893	slti	x17,x22,342	 x22:0x00000000 x17=0x00000001
       79277000	     39538	80005a94	4919	c.li	x18,6	 x18=0x00000006
       79289000	     39544	80005a96	036e8bb3	mul	x23,x29,x22	 x29:0x00000000 x22:0x00000000 x23=0x00000000
       79299000	     39549	80005a9a	eb8a4613	xori	x12,x20,-328	 x20:0x00000002 x12=0xfffffeba
       79329000	     39564	80005a9e	05906263	bltu	x0,x25,80005ae2	  x0:0x00000000 x25:0x00012000  x0=0x00000000
       79373000	     39586	80005ae2	0af9	c.addi	x21,30	 x21:0x00000000 x21=0x0000001e
       79381000	     39590	80005ae4	01789113	slli	x2,x17,0x17	 x17:0x00000001  x2=0x00800000
       79401000	     39600	80005ae8	12e00593	addi	x11,x0,302	  x0:0x00000000 x11=0x0000012e
       79443000	     39621	80005aec	8cd5	c.or	x9,x13	  x9:0x00000000 x13:0x00000000  x9=0x00000000
       79445000	     39622	80005aee	4008d733	sra	x14,x17,x0	 x17:0x00000001  x0:0x00000000 x14=0x00000001
       79455000	     39627	80005af2	00701763	bne	x0,x7,80005b00	  x0:0x00000000  x7:0x00000000  x0=0x00000000
       79457000	     39628	80005af6	9a7d	c.andi	x12,-1	 x12:0xfffffeba x12=0xfffffeba
       79509000	     39654	80005af8	0001	c.addi	x0,0	  x0:0x00000000  x0=0x00000000
       79511000	     39655	80005afa	002d21b3	slt	x3,x26,x2	 x26:0x8001ee7c  x2:0x00800000  x3=0x00000001
       79513000	     39656	80005afe	8ca1	c.xor	x9,x8	  x9:0x00000000  x8:0x8001ee7c  x9=0x8001ee7c
       79533000	     39666	80005b00	e29d	c.bnez	x13,80005b26	 x13:0x00000000
       79535000	     39667	80005b02	ee85	c.bnez	x13,80005b3a	 x13:0x00000000
       79555000	     39677	80005b04	0001	c.addi	x0,0	  x0:0x00000000  x0=0x00000000
       79637000	     39718	80005b06	022c7733	remu	x14,x24,x2	 x24:0x00000001  x2:0x00800000 x14=0x00000001
       79639000	     39719	80005b0a	8f51	c.or	x14,x12	 x14:0x00000001 x12:0xfffffeba x14=0xfffffebb
       79641000	     39720	80005b0c	009e3eb3	sltu	x29,x28,x9	 x28:0x40000000  x9:0x8001ee7c x29=0x00000001
       79643000	     39721	80005b10	8d31	c.xor	x10,x12	 x10:0x00000001 x12:0xfffffeba x10=0xfffffebb
       79665000	     39732	80005b12	00d81913	slli	x18,x16,0xd	 x16:0x00000000 x18=0x00000000
       79745000	     39772	80005b16	02b74fb3	div	x31,x14,x11	 x14:0xfffffebb x11:0x0000012e x31=0xffffffff
       79747000	     39773	80005b1a	003bec33	or	x24,x23,x3	 x23:0x00000000  x3:0x00000001 x24=0x00000001
       79749000	     39774	80005b1e	9afd	c.andi	x13,-1	 x13:0x00000000 x13=0x00000000
       79751000	     39775	80005b20	c872f013	andi	x0,x5,-889	  x5:0x8001add4  x0=0x00000000
       79757000	     39778	80005b24	875d	c.srai	x14,0x17	 x14:0xfffffebb x14=0xffffffff
       79759000	     39779	80005b26	55fd	c.li	x11,-1	 x11=0xffffffff
       79835000	     39817	80005b28	0246e4b3	rem	x9,x13,x4	 x13:0x00000000  x4:0x00008001  x9=0x00000000
       79843000	     39821	80005b2c	021fa433	mulhsu	x8,x31,x1	 x31:0xffffffff  x1:0x00000003  x8=0xffffffff
       79845000	     39822	80005b30	001388b3	add	x17,x7,x1	  x7:0x00000000  x1:0x00000003 x17=0x00000003
       79853000	     39826	80005b34	03ed3bb3	mulhu	x23,x26,x30	 x26:0x8001ee7c x30:0x00008000 x23=0x00004000
       79855000	     39827	80005b38	0001	c.addi	x0,0	  x0:0x00000000  x0=0x00000000
       79857000	     39828	80005b3a	c189	c.beqz	x11,80005b3c	 x11:0xffffffff
       79891000	     39845	80005b3c	01f4ca33	xor	x20,x9,x31	  x9:0x00000000 x31:0xffffffff x20=0xffffffff
       79893000	     39846	80005b40	2c54ff37	lui	x30,0x2c54f	 x30=0x2c54f000
       79911000	     39855	80005b44	8e19	c.sub	x12,x14	 x12:0xfffffeba x14:0xffffffff x12=0xfffffebb
       79921000	     39860	80005b46	00b99c63	bne	x19,x11,80005b5e	 x19:0x8001ee7c x11:0xffffffff  x0=0x00000000
       79981000	     39890	80005b5e	41865593	srai	x11,x12,0x18	 x12:0xfffffebb x11=0xffffffff
       79983000	     39891	80005b62	8c49	c.or	x8,x10	  x8:0xffffffff x10:0xfffffebb  x8=0xffffffff
       79991000	     39895	80005b64	03eab7b3	mulhu	x15,x21,x30	 x21:0x0000001e x30:0x2c54f000 x15=0x00000005
       80065000	     39932	80005b68	025578b3	remu	x17,x10,x5	 x10:0xfffffebb  x5:0x8001add4 x17=0x7ffe50e7
       80139000	     39969	80005b6c	0285e233	rem	x4,x11,x8	 x11:0xffffffff  x8:0xffffffff  x4=0x00000000
       80141000	     39970	80005b70	40efd093	srai	x1,x31,0xe	 x31:0xffffffff  x1=0xffffffff
       80143000	     39971	80005b74	8de5	c.and	x11,x9	 x11:0xffffffff  x9:0x00000000 x11=0x00000000
       80151000	     39975	80005b76	021d2433	mulhsu	x8,x26,x1	 x26:0x8001ee7c  x1:0xffffffff  x8=0x8001ee7c
       80155000	     39977	80005b7a	0049d6b3	srl	x13,x19,x4	 x19:0x8001ee7c  x4:0x00000000 x13=0x8001ee7c
       80157000	     39978	80005b7e	6631	c.lui	x12,0xc	 x12=0x0000c000
       80161000	     39980	80005b80	c2a30193	addi	x3,x6,-982	  x6:0x00000000  x3=0xfffffc2a
       80215000	     40007	80005b84	8d92	c.mv	x27,x4	  x0:0x00000000  x4:0x00000000 x27=0x00000000
       80223000	     40011	80005b86	0341a533	mulhsu	x10,x3,x20	  x3:0xfffffc2a x20:0xffffffff x10=0xfffffc2a
       80227000	     40013	80005b8a	e109	c.bnez	x10,80005b8c	 x10:0xfffffc2a
       80273000	     40036	80005b8c	717d	c.addi16sp	x2,-16	  x2:0x00800000  x2=0x007ffff0
       80295000	     40047	80005b8e	01b50433	add	x8,x10,x27	 x10:0xfffffc2a x27:0x00000000  x8=0xfffffc2a
       80297000	     40048	80005b92	6151	c.addi16sp	x2,272	  x2:0x007ffff0  x2=0x00800100
       80315000	     40057	80005b94	0ef82593	slti	x11,x16,239	 x16:0x00000000 x11=0x00000001
       80349000	     40074	80005b98	007c9233	sll	x4,x25,x7	 x25:0x00012000  x7:0x00000000  x4=0x00012000
       80351000	     40075	80005b9c	41205093	srai	x1,x0,0x12	  x0:0x00000000  x1=0x00000000
       80359000	     40079	80005ba0	2d39be93	sltiu	x29,x19,723	 x19:0x8001ee7c x29=0x00000000
       80371000	     40085	80005ba4	16fd	c.addi	x13,-1	 x13:0x8001ee7c x13=0x8001ee7b
       80373000	     40086	80005ba6	9b1a	c.add	x22,x6	 x22:0x00000000  x6:0x00000000 x22=0x00000000
       80375000	     40087	80005ba8	8055	c.srli	x8,0x15	  x8:0xfffffc2a  x8=0x000007ff
       80381000	     40090	80005baa	4193dd93	srai	x27,x7,0x19	  x7:0x00000000 x27=0x00000000
       80383000	     40091	80005bae	4119	c.li	x2,6	  x2=0x00000006
       80413000	     40106	80005bb0	0001	c.addi	x0,0	  x0:0x00000000  x0=0x00000000
       80459000	     40129	80005bb2	40205113	srai	x2,x0,0x2	  x0:0x00000000  x2=0x00000000
       80473000	     40136	80005bb6	01ed63b3	or	x7,x26,x30	 x26:0x8001ee7c x30:0x2c54f000  x7=0xac55fe7c
       80507000	     40153	80005bba	290b4193	xori	x3,x22,656	 x22:0x00000000  x3=0x00000290
       80509000	     40154	80005bbe	8bc6	c.mv	x23,x17	  x0:0x00000000 x17:0x7ffe50e7 x23=0x7ffe50e7
       80549000	     40174	80005bc0	00ae1033	sll	x0,x28,x10	 x28:0x40000000 x10:0xfffffc2a  x0=0x00000000
       80569000	     40184	80005bc4	00e455b3	srl	x11,x8,x14	  x8:0x000007ff x14:0xffffffff x11=0x00000000
       80571000	     40185	80005bc8	01949433	sll	x8,x9,x25	  x9:0x00000000 x25:0x00012000  x8=0x00000000
       80615000	     40207	80005bcc	c8157f93	andi	x31,x10,-895	 x10:0xfffffc2a x31=0xfffffc00
       80621000	     40210	80005bd0	e315	c.bnez	x14,80005bf4	 x14:0xffffffff
       80693000	     40246	80005bf4	04268063	beq	x13,x2,80005c34	 x13:0x8001ee7b  x2:0x00000000  x0=0x00000000
       80755000	     40277	80005bf8	0001	c.addi	x0,0	  x0:0x00000000  x0=0x00000000
       80757000	     40278	80005bfa	ed81	c.bnez	x11,80005c12	 x11:0x00000000
       80759000	     40279	80005bfc	0ff0000f	fence	iorwiorwiorwiorwiorwiorwiorwiorwiorwiorwiorwiorwiorwiorwiorwiorwiorwiorwiorwiorwiorwiorwiorwiorwiorwiorwiorwiorwiorwiorwiorwiorwiorwiorwiorwiorwiorwiorwiorwiorwiorwiorwiorwiorwiorwiorwiorwiorwiorwiorwiorwiorwiorwiorwiorwiorwiorwiorwiorwiorwiorwiorwiorwiorwiorwiorwiorwiorwiorwiorwiorwiorwiorwiorwiorwiorwiorwiorwiorwiorwiorwiorwiorwiorwiorwiorwiorwiorwiorwiorwiorwiorwiorwiorwiorwiorwiorwiorwiorwiorwiorwiorwiorwiorwiorwiorwiorwiorwiorwiorwiorwiorwiorwiorwiorwiorwiorwiorwiorwiorwiorwiorwiorwiorwiorwiorwiorwiorwiorwiorwiorwiorwiorwiorwiorw,iorwiorwiorwiorwiorwiorwiorwiorwiorwiorwiorwiorwiorwiorwiorwiorwiorwiorwiorwiorwiorwiorwiorwiorwiorwiorwiorwiorwiorwiorwiorwiorwiorwiorwiorwiorwiorwiorwiorwiorwiorwiorwiorwiorwiorwiorwiorwiorwiorwiorwiorwiorwiorwiorwiorwiorwiorwiorwiorwiorwiorwiorwiorwiorwiorwiorwiorwiorwiorwiorwiorwiorwiorwiorwiorwiorwiorwiorwiorwiorwiorwiorwiorwiorwiorwiorwiorwiorwiorwiorwiorwiorwiorwiorwiorwiorwiorwiorwiorwiorwiorwiorwiorwiorwiorwiorwiorwiorwiorwiorwiorwiorwiorwiorwiorwiorwiorwiorwiorwiorwiorwiorwiorwiorwiorwiorwiorwiorwiorwiorwiorwiorwiorwiorwiorwiorw	
       80761000	     40280	80005c00	40330eb3	sub	x29,x6,x3	  x6:0x00000000  x3:0x00000290 x29=0xfffffd70
       80821000	     40310	80005c04	00a90c33	add	x24,x18,x10	 x18:0x00000000 x10:0xfffffc2a x24=0xfffffc2a
       80823000	     40311	80005c08	8f85	c.sub	x15,x9	 x15:0x00000005  x9:0x00000000 x15=0x00000005
       80859000	     40329	80005c0a	0186d813	srli	x16,x13,0x18	 x13:0x8001ee7b x16=0x00000080
       80899000	     40349	80005c0e	35ebc193	xori	x3,x23,862	 x23:0x7ffe50e7  x3=0x7ffe53b9
       80901000	     40350	80005c12	53582ab7	lui	x21,0x53582	 x21=0x53582000
       80935000	     40367	80005c16	037fa3b3	mulhsu	x7,x31,x23	 x31:0xfffffc00 x23:0x7ffe50e7  x7=0xfffffe00
       80937000	     40368	80005c1a	9b7d	c.andi	x14,-1	 x14:0xffffffff x14=0xffffffff
       80945000	     40372	80005c1c	01062db3	slt	x27,x12,x16	 x12:0x0000c000 x16:0x00000080 x27=0x00000000
       80957000	     40378	80005c20	6461	c.lui	x8,0x18	  x8=0x00018000
       80959000	     40379	80005c22	8c8d	c.sub	x9,x11	  x9:0x00000000 x11:0x00000000  x9=0x00000000
       80965000	     40382	80005c24	61b5	c.lui	x3,0xd	  x3=0x0000d000
       81045000	     40422	80005c26	02a46133	rem	x2,x8,x10	  x8:0x00018000 x10:0xfffffc2a  x2=0x00000068
       81119000	     40459	80005c2a	02db6f33	rem	x30,x22,x13	 x22:0x00000000 x13:0x8001ee7b x30=0x00000000
       81121000	     40460	80005c2e	6465	c.lui	x8,0x19	  x8=0x00019000
       81123000	     40461	80005c30	00eff1b3	and	x3,x31,x14	 x31:0xfffffc00 x14:0xffffffff  x3=0xfffffc00
       81125000	     40462	80005c34	535d6eb7	lui	x29,0x535d6	 x29=0x535d6000
       81151000	     40475	80005c38	0173d513	srli	x10,x7,0x17	  x7:0xfffffe00 x10=0x000001ff
       81155000	     40477	80005c3c	03676bb3	rem	x23,x14,x22	 x14:0xffffffff x22:0x00000000 x23=0xffffffff
       81157000	     40478	80005c40	ec95	c.bnez	x9,80005c7c	  x9:0x00000000
       81159000	     40479	80005c42	cd0d	c.beqz	x10,80005c7c	 x10:0x000001ff
       81197000	     40498	80005c44	03342113	slti	x2,x8,51	  x8:0x00019000  x2=0x00000000
       81225000	     40512	80005c48	5afd	c.li	x21,-1	 x21=0xffffffff
       81227000	     40513	80005c4a	01b7ca63	blt	x15,x27,80005c5e	 x15:0x00000005 x27:0x00000000  x0=0x00000000
       81229000	     40514	80005c4e	57fd	c.li	x15,-1	 x15=0xffffffff
       81231000	     40515	80005c50	557d	c.li	x10,-1	 x10=0xffffffff
       81271000	     40535	80005c52	0361f763	bgeu	x3,x22,80005c80	  x3:0xfffffc00 x22:0x00000000  x0=0x00000000
       81307000	     40553	80005c56	40f35e93	srai	x29,x6,0xf	  x6:0x00000000 x29=0x00000000
       81319000	     40559	80005c5a	02495a63	bge	x18,x4,80005c8e	 x18:0x00000000  x4:0x00012000  x0=0x00000000
       81321000	     40560	80005c5e	c309	c.beqz	x14,80005c60	 x14:0xffffffff
       81329000	     40564	80005c60	03a3b1b3	mulhu	x3,x7,x26	  x7:0xfffffe00 x26:0x8001ee7c  x3=0x8001ed7b
       81337000	     40568	80005c64	87c1	c.srai	x15,0x10	 x15:0xffffffff x15=0xffffffff
       81355000	     40577	80005c66	d5e6b6b7	lui	x13,0xd5e6b	 x13=0xd5e6b000
       81377000	     40588	80005c6a	00789ab3	sll	x21,x17,x7	 x17:0x7ffe50e7  x7:0xfffffe00 x21=0x7ffe50e7
       81379000	     40589	80005c6e	e89d	c.bnez	x9,80005ca4	  x9:0x00000000
       81381000	     40590	80005c70	074e4a93	xori	x21,x28,116	 x28:0x40000000 x21=0x40000074
       81403000	     40601	80005c74	0ff0000f	fence	iorwiorwiorwiorwiorwiorwiorwiorwiorwiorwiorwiorwiorwiorwiorwiorwiorwiorwiorwiorwiorwiorwiorwiorwiorwiorwiorwiorwiorwiorwiorwiorwiorwiorwiorwiorwiorwiorwiorwiorwiorwiorwiorwiorwiorwiorwiorwiorwiorwiorwiorwiorwiorwiorwiorwiorwiorwiorwiorwiorwiorwiorwiorwiorwiorwiorwiorwiorwiorwiorwiorwiorwiorwiorwiorwiorwiorwiorwiorwiorwiorwiorwiorwiorwiorwiorwiorwiorwiorwiorwiorwiorwiorwiorwiorwiorwiorwiorwiorwiorwiorwiorwiorwiorwiorwiorwiorwiorwiorwiorwiorwiorwiorwiorwiorwiorwiorwiorwiorwiorwiorwiorwiorwiorwiorwiorwiorwiorwiorwiorwiorwiorwiorwiorwiorwiorwiorw,iorwiorwiorwiorwiorwiorwiorwiorwiorwiorwiorwiorwiorwiorwiorwiorwiorwiorwiorwiorwiorwiorwiorwiorwiorwiorwiorwiorwiorwiorwiorwiorwiorwiorwiorwiorwiorwiorwiorwiorwiorwiorwiorwiorwiorwiorwiorwiorwiorwiorwiorwiorwiorwiorwiorwiorwiorwiorwiorwiorwiorwiorwiorwiorwiorwiorwiorwiorwiorwiorwiorwiorwiorwiorwiorwiorwiorwiorwiorwiorwiorwiorwiorwiorwiorwiorwiorwiorwiorwiorwiorwiorwiorwiorwiorwiorwiorwiorwiorwiorwiorwiorwiorwiorwiorwiorwiorwiorwiorwiorwiorwiorwiorwiorwiorwiorwiorwiorwiorwiorwiorwiorwiorwiorwiorwiorwiorwiorwiorwiorwiorwiorwiorwiorwiorwiorwiorwiorw	
       81463000	     40631	80005c78	007125b3	slt	x11,x2,x7	  x2:0x00000000  x7:0xfffffe00 x11=0x00000000
       81465000	     40632	80005c7c	cf417493	andi	x9,x2,-780	  x2:0x00000000  x9=0x00000000
       81487000	     40643	80005c80	004747b3	xor	x15,x14,x4	 x14:0xffffffff  x4:0x00012000 x15=0xfffedfff
       81499000	     40649	80005c84	0441d263	bge	x3,x4,80005cc8	  x3:0x8001ed7b  x4:0x00012000  x0=0x00000000
       81519000	     40659	80005c88	0001	c.addi	x0,0	  x0:0x00000000  x0=0x00000000
       81539000	     40669	80005c8a	32266413	ori	x8,x12,802	 x12:0x0000c000  x8=0x0000c322
       81563000	     40681	80005c8e	018f6733	or	x14,x30,x24	 x30:0x00000000 x24:0xfffffc2a x14=0xfffffc2a
       81565000	     40682	80005c92	8525	c.srai	x10,0x9	 x10:0xffffffff x10=0xffffffff
       81571000	     40685	80005c94	03eb0fb3	mul	x31,x22,x30	 x22:0x00000000 x30:0x00000000 x31=0x00000000
       81595000	     40697	80005c98	a56b9117	auipc	x2,0xa56b9	  x2=0x256bec98
       81615000	     40707	80005c9c	011d0c33	add	x24,x26,x17	 x26:0x8001ee7c x17:0x7ffe50e7 x24=0x00003f63
       81617000	     40708	80005ca0	3a947a13	andi	x20,x8,937	  x8:0x0000c322 x20=0x00000320
       81633000	     40716	80005ca4	02e56863	bltu	x10,x14,80005cd4	 x10:0xffffffff x14:0xfffffc2a  x0=0x00000000
       81641000	     40720	80005ca8	410407b3	sub	x15,x8,x16	  x8:0x0000c322 x16:0x00000080 x15=0x0000c2a2
       81643000	     40721	80005cac	00068f33	add	x30,x13,x0	 x13:0xd5e6b000  x0:0x00000000 x30=0xd5e6b000
       81723000	     40761	80005cb0	02e358b3	divu	x17,x6,x14	  x6:0x00000000 x14:0xfffffc2a x17=0x00000000
       81725000	     40762	80005cb4	e1ddaa93	slti	x21,x27,-483	 x27:0x00000000 x21=0x00000000
       81727000	     40763	80005cb8	8c5d	c.or	x8,x15	  x8:0x0000c322 x15:0x0000c2a2  x8=0x0000c3a2
       81729000	     40764	80005cba	04f3f463	bgeu	x7,x15,80005d02	  x7:0xfffffe00 x15:0x0000c2a2  x0=0x00000000
       81775000	     40787	80005cbe	371f6193	ori	x3,x30,881	 x30:0xd5e6b000  x3=0xd5e6b371
       81777000	     40788	80005cc2	98fd	c.andi	x9,-1	  x9:0x00000000  x9=0x00000000
       81787000	     40793	80005cc4	0ff0000f	fence	iorwiorwiorwiorwiorwiorwiorwiorwiorwiorwiorwiorwiorwiorwiorwiorwiorwiorwiorwiorwiorwiorwiorwiorwiorwiorwiorwiorwiorwiorwiorwiorwiorwiorwiorwiorwiorwiorwiorwiorwiorwiorwiorwiorwiorwiorwiorwiorwiorwiorwiorwiorwiorwiorwiorwiorwiorwiorwiorwiorwiorwiorwiorwiorwiorwiorwiorwiorwiorwiorwiorwiorwiorwiorwiorwiorwiorwiorwiorwiorwiorwiorwiorwiorwiorwiorwiorwiorwiorwiorwiorwiorwiorwiorwiorwiorwiorwiorwiorwiorwiorwiorwiorwiorwiorwiorwiorwiorwiorwiorwiorwiorwiorwiorwiorwiorwiorwiorwiorwiorwiorwiorwiorwiorwiorwiorwiorwiorwiorwiorwiorwiorwiorwiorwiorwiorwiorwiorwiorw,iorwiorwiorwiorwiorwiorwiorwiorwiorwiorwiorwiorwiorwiorwiorwiorwiorwiorwiorwiorwiorwiorwiorwiorwiorwiorwiorwiorwiorwiorwiorwiorwiorwiorwiorwiorwiorwiorwiorwiorwiorwiorwiorwiorwiorwiorwiorwiorwiorwiorwiorwiorwiorwiorwiorwiorwiorwiorwiorwiorwiorwiorwiorwiorwiorwiorwiorwiorwiorwiorwiorwiorwiorwiorwiorwiorwiorwiorwiorwiorwiorwiorwiorwiorwiorwiorwiorwiorwiorwiorwiorwiorwiorwiorwiorwiorwiorwiorwiorwiorwiorwiorwiorwiorwiorwiorwiorwiorwiorwiorwiorwiorwiorwiorwiorwiorwiorwiorwiorwiorwiorwiorwiorwiorwiorwiorwiorwiorwiorwiorwiorwiorwiorwiorwiorwiorwiorwiorwiorwiorw	
       81829000	     40814	80005cc8	c92fc493	xori	x9,x31,-878	 x31:0x00000000  x9=0xfffffc92
       81831000	     40815	80005ccc	0001e133	or	x2,x3,x0	  x3:0xd5e6b371  x0:0x00000000  x2=0xd5e6b371
       81847000	     40823	80005cd0	0402e393	ori	x7,x5,64	  x5:0x8001add4  x7=0x8001add4
       81869000	     40834	80005cd4	00b2b633	sltu	x12,x5,x11	  x5:0x8001add4 x11:0x00000000 x12=0x00000000
       81911000	     40855	80005cd8	99fd	c.andi	x11,-1	 x11:0x00000000 x11=0x00000000
       81915000	     40857	80005cda	03aee763	bltu	x29,x26,80005d08	 x29:0x00000000 x26:0x8001ee7c  x0=0x00000000
       81947000	     40873	80005d08	8975	c.andi	x10,29	 x10:0xffffffff x10=0x0000001d
       81951000	     40875	80005d0a	285eea13	ori	x20,x29,645	 x29:0x00000000 x20=0x00000285
       82013000	     40906	80005d0e	00112833	slt	x16,x2,x1	  x2:0xd5e6b371  x1:0x00000000 x16=0x00000001
       82055000	     40927	80005d12	40b3d833	sra	x16,x7,x11	  x7:0x8001add4 x11:0x00000000 x16=0x8001add4
       82081000	     40940	80005d16	3dbd93b7	lui	x7,0x3dbd9	  x7=0x3dbd9000
       82083000	     40941	80005d1a	0001	c.addi	x0,0	  x0:0x00000000  x0=0x00000000
       82085000	     40942	80005d1c	0001	c.addi	x0,0	  x0:0x00000000  x0=0x00000000
       82087000	     40943	80005d1e	8cf9	c.and	x9,x14	  x9:0xfffffc92 x14:0xfffffc2a  x9=0xfffffc02
       82105000	     40952	80005d20	6fd1	c.lui	x31,0x14	 x31=0x00014000
       82109000	     40954	80005d22	04998893	addi	x17,x19,73	 x19:0x8001ee7c x17=0x8001eec5
       82131000	     40965	80005d26	00f297b3	sll	x15,x5,x15	  x5:0x8001add4 x15:0x0000c2a2 x15=0x0006b750
       82153000	     40976	80005d2a	1b707413	andi	x8,x0,439	  x0:0x00000000  x8=0x00000000
       82159000	     40979	80005d2e	d1d1fe93	andi	x29,x3,-739	  x3:0xd5e6b371 x29=0xd5e6b111
       82161000	     40980	80005d32	cb09	c.beqz	x14,80005d44	 x14:0xfffffc2a
       82191000	     40995	80005d34	0083adb3	slt	x27,x7,x8	  x7:0x3dbd9000  x8:0x00000000 x27=0x00000000
       82193000	     40996	80005d38	e5f67217	auipc	x4,0xe5f67	  x4=0x65f6cd38
       82225000	     41012	80005d3c	cadbb113	sltiu	x2,x23,-851	 x23:0xffffffff  x2=0x00000000
       82237000	     41018	80005d40	f03af113	andi	x2,x21,-253	 x21:0x00000000  x2=0x00000000
       82259000	     41029	80005d44	0001	c.addi	x0,0	  x0:0x00000000  x0=0x00000000
       82319000	     41059	80005d46	03283133	mulhu	x2,x16,x18	 x16:0x8001add4 x18:0x00000000  x2=0x00000000
       82321000	     41060	80005d4a	40835913	srai	x18,x6,0x8	  x6:0x00000000 x18=0x00000000
       82337000	     41068	80005d4e	015347b3	xor	x15,x6,x21	  x6:0x00000000 x21:0x00000000 x15=0x00000000
       82339000	     41069	80005d52	08287513	andi	x10,x16,130	 x16:0x8001add4 x10=0x00000080
       82341000	     41070	80005d56	2628f893	andi	x17,x17,610	 x17:0x8001eec5 x17=0x00000240
       82343000	     41071	80005d5a	694d	c.lui	x18,0x13	 x18=0x00013000
       82395000	     41097	80005d5c	0340e463	bltu	x1,x20,80005d84	  x1:0x00000000 x20:0x00000285  x0=0x00000000
       82429000	     41114	80005d84	b9f53e17	auipc	x28,0xb9f53	 x28=0x39f58d84
       82431000	     41115	80005d88	0136c3b3	xor	x7,x13,x19	 x13:0xd5e6b000 x19:0x8001ee7c  x7=0x55e75e7c
       82493000	     41146	80005d8c	9b7d	c.andi	x14,-1	 x14:0xfffffc2a x14=0xfffffc2a
       82527000	     41163	80005d8e	dd28c813	xori	x16,x17,-558	 x17:0x00000240 x16=0xffffff92
       82539000	     41169	80005d92	021ca833	mulhsu	x16,x25,x1	 x25:0x00012000  x1:0x00000000 x16=0x00000000
       82541000	     41170	80005d96	fc092693	slti	x13,x18,-64	 x18:0x00013000 x13=0x00000000
       82557000	     41178	80005d9a	3aec8113	addi	x2,x25,942	 x25:0x00012000  x2=0x000123ae
       82585000	     41192	80005d9e	01d6d093	srli	x1,x13,0x1d	 x13:0x00000000  x1=0x00000000
       82659000	     41229	80005da2	03c4fbb3	remu	x23,x9,x28	  x9:0xfffffc02 x28:0x39f58d84 x23=0x1829c5f2
       82661000	     41230	80005da6	2aa5a593	slti	x11,x11,682	 x11:0x00000000 x11=0x00000001
       82663000	     41231	80005daa	29458e13	addi	x28,x11,660	 x11:0x00000001 x28=0x00000295
       82727000	     41263	80005dae	07374393	xori	x7,x14,115	 x14:0xfffffc2a  x7=0xfffffc59
       82739000	     41269	80005db2	0c77c613	xori	x12,x15,199	 x15:0x00000000 x12=0x000000c7
       82749000	     41274	80005db6	00bd3a33	sltu	x20,x26,x11	 x26:0x8001ee7c x11:0x00000001 x20=0x00000000
       82751000	     41275	80005dba	717d	c.addi16sp	x2,-16	  x2:0x000123ae  x2=0x0001239e
       82773000	     41286	80005dbc	04ee7463	bgeu	x28,x14,80005e04	 x28:0x00000295 x14:0xfffffc2a  x0=0x00000000
       82781000	     41290	80005dc0	0240a0b3	mulhsu	x1,x1,x4	  x1:0x00000000  x4:0x65f6cd38  x1=0x00000000
       82811000	     41305	80005dc4	e941e093	ori	x1,x3,-364	  x3:0xd5e6b371  x1=0xfffffff5
       82855000	     41327	80005dc8	045c9163	bne	x25,x5,80005e0a	 x25:0x00012000  x5:0x8001add4  x0=0x00000000
       82901000	     41350	80005e0a	8da1	c.xor	x11,x8	 x11:0x00000001  x8:0x00000000 x11=0x00000001
       82975000	     41387	80005e0c	02a0ebb3	rem	x23,x1,x10	  x1:0xfffffff5 x10:0x00000080 x23=0xfffffff5
       82977000	     41388	80005e10	33808093	addi	x1,x1,824	  x1:0xfffffff5  x1=0x0000032d
       82979000	     41389	80005e14	01d65a13	srli	x20,x12,0x1d	 x12:0x000000c7 x20=0x00000000
       82995000	     41397	80005e18	0bc6	c.slli	x23,0x11	 x23:0xfffffff5 x23=0xffea0000
       82997000	     41398	80005e1a	00a6	c.slli	x1,0x9	  x1:0x0000032d  x1=0x00065a00
       83071000	     41435	80005e1c	03fa48b3	div	x17,x20,x31	 x20:0x00000000 x31:0x00014000 x17=0x00000000
       83073000	     41436	80005e20	2d310213	addi	x4,x2,723	  x2:0x0001239e  x4=0x00012671
       83075000	     41437	80005e24	9b7d	c.andi	x14,-1	 x14:0xfffffc2a x14=0xfffffc2a
       83077000	     41438	80005e26	00cb3cb3	sltu	x25,x22,x12	 x22:0x00000000 x12:0x000000c7 x25=0x00000001
       83079000	     41439	80005e2a	910a	c.add	x2,x2	  x2:0x0001239e  x2:0x0001239e  x2=0x0002473c
       83101000	     41450	80005e2c	8651	c.srai	x12,0x14	 x12:0x000000c7 x12=0x00000000
       83123000	     41461	80005e2e	40588733	sub	x14,x17,x5	 x17:0x00000000  x5:0x8001add4 x14=0x7ffe522c
       83145000	     41472	80005e32	00b25263	bge	x4,x11,80005e36	  x4:0x00012671 x11:0x00000001  x0=0x00000000
       83165000	     41482	80005e36	0124b233	sltu	x4,x9,x18	  x9:0xfffffc02 x18:0x00013000  x4=0x00000000
       83167000	     41483	80005e3a	0a5d	c.addi	x20,23	 x20:0x00000000 x20=0x00000017
       83175000	     41487	80005e3c	01379513	slli	x10,x15,0x13	 x15:0x00000000 x10=0x00000000
       83217000	     41508	80005e40	8ed5	c.or	x13,x13	 x13:0x00000000 x13:0x00000000 x13=0x00000000
       83221000	     41510	80005e42	0204e6b3	rem	x13,x9,x0	  x9:0xfffffc02  x0:0x00000000 x13=0xfffffc02
       83223000	     41511	80005e46	00e2bf33	sltu	x30,x5,x14	  x5:0x8001add4 x14:0x7ffe522c x30=0x00000000
       83243000	     41521	80005e4a	d61df893	andi	x17,x27,-671	 x27:0x00000000 x17=0x00000000
       83265000	     41532	80005e4e	0396bcb3	mulhu	x25,x13,x25	 x13:0xfffffc02 x25:0x00000001 x25=0x00000000
       83267000	     41533	80005e52	9afd	c.andi	x13,-1	 x13:0xfffffc02 x13=0xfffffc02
       83341000	     41570	80005e54	0213eab3	rem	x21,x7,x1	  x7:0xfffffc59  x1:0x00065a00 x21=0xfffffc59
       83343000	     41571	80005e58	01b56b33	or	x22,x10,x27	 x10:0x00000000 x27:0x00000000 x22=0x00000000
       83345000	     41572	80005e5c	02877563	bgeu	x14,x8,80005e86	 x14:0x7ffe522c  x8:0x00000000  x0=0x00000000
       83351000	     41575	80005e60	039100b3	mul	x1,x2,x25	  x2:0x0002473c x25:0x00000000  x1=0x00000000
       83377000	     41588	80005e64	9bfd	c.andi	x15,-1	 x15:0x00000000 x15=0x00000000
       83381000	     41590	80005e66	03b2feb3	remu	x29,x5,x27	  x5:0x8001add4 x27:0x00000000 x29=0x8001add4
       83383000	     41591	80005e6a	00a86e33	or	x28,x16,x10	 x16:0x00000000 x10:0x00000000 x28=0x00000000
       83385000	     41592	80005e6e	5b7d	c.li	x22,-1	 x22=0xffffffff
       83407000	     41603	80005e70	032d27b3	mulhsu	x15,x26,x18	 x26:0x8001ee7c x18:0x00013000 x15=0xffff6802
       83409000	     41604	80005e74	43a5	c.li	x7,9	  x7=0x00000009
       83443000	     41621	80005e76	007ccbb3	xor	x23,x25,x7	 x25:0x00000000  x7:0x00000009 x23=0x00000009
       83447000	     41623	80005e7a	415853b3	sra	x7,x16,x21	 x16:0x00000000 x21:0xfffffc59  x7=0x00000000
       83481000	     41640	80005e7e	03fbf563	bgeu	x23,x31,80005ea8	 x23:0x00000009 x31:0x00014000  x0=0x00000000
       83497000	     41648	80005e82	006c1863	bne	x24,x6,80005e92	 x24:0x00003f63  x6:0x00000000  x0=0x00000000
       83561000	     41680	80005e92	01d74d33	xor	x26,x14,x29	 x14:0x7ffe522c x29:0x8001add4 x26=0xfffffff8
       83563000	     41681	80005e96	0ff0000f	fence	iorwiorwiorwiorwiorwiorwiorwiorwiorwiorwiorwiorwiorwiorwiorwiorwiorwiorwiorwiorwiorwiorwiorwiorwiorwiorwiorwiorwiorwiorwiorwiorwiorwiorwiorwiorwiorwiorwiorwiorwiorwiorwiorwiorwiorwiorwiorwiorwiorwiorwiorwiorwiorwiorwiorwiorwiorwiorwiorwiorwiorwiorwiorwiorwiorwiorwiorwiorwiorwiorwiorwiorwiorwiorwiorwiorwiorwiorwiorwiorwiorwiorwiorwiorwiorwiorwiorwiorwiorwiorwiorwiorwiorwiorwiorwiorwiorwiorwiorwiorwiorwiorwiorwiorwiorwiorwiorwiorwiorwiorwiorwiorwiorwiorwiorwiorwiorwiorwiorwiorwiorwiorwiorwiorwiorwiorwiorwiorwiorwiorwiorwiorwiorwiorwiorwiorwiorwiorwiorwiorwiorw,iorwiorwiorwiorwiorwiorwiorwiorwiorwiorwiorwiorwiorwiorwiorwiorwiorwiorwiorwiorwiorwiorwiorwiorwiorwiorwiorwiorwiorwiorwiorwiorwiorwiorwiorwiorwiorwiorwiorwiorwiorwiorwiorwiorwiorwiorwiorwiorwiorwiorwiorwiorwiorwiorwiorwiorwiorwiorwiorwiorwiorwiorwiorwiorwiorwiorwiorwiorwiorwiorwiorwiorwiorwiorwiorwiorwiorwiorwiorwiorwiorwiorwiorwiorwiorwiorwiorwiorwiorwiorwiorwiorwiorwiorwiorwiorwiorwiorwiorwiorwiorwiorwiorwiorwiorwiorwiorwiorwiorwiorwiorwiorwiorwiorwiorwiorwiorwiorwiorwiorwiorwiorwiorwiorwiorwiorwiorwiorwiorwiorwiorwiorwiorwiorwiorwiorwiorwiorwiorwiorwiorwiorw	
       83565000	     41682	80005e9a	0001	c.addi	x0,0	  x0:0x00000000  x0=0x00000000
       83639000	     41719	80005e9c	036743b3	div	x7,x14,x22	 x14:0x7ffe522c x22:0xffffffff  x7=0x8001add4
       83641000	     41720	80005ea0	004cf833	and	x16,x25,x4	 x25:0x00000000  x4:0x00000000 x16=0x00000000
       83643000	     41721	80005ea4	8535	c.srai	x10,0xd	 x10:0x00000000 x10=0x00000000
       83645000	     41722	80005ea6	0001	c.addi	x0,0	  x0:0x00000000  x0=0x00000000
       83647000	     41723	80005ea8	00e11533	sll	x10,x2,x14	  x2:0x0002473c x14:0x7ffe522c x10=0x2473c000
       83691000	     41745	80005eac	48d5	c.li	x17,21	 x17=0x00000015
       83707000	     41753	80005eae	0257a8b3	mulhsu	x17,x15,x5	 x15:0xffff6802  x5:0x8001add4 x17=0xffffb400
       83709000	     41754	80005eb2	86aa	c.mv	x13,x10	  x0:0x00000000 x10:0x2473c000 x13=0x2473c000
       83711000	     41755	80005eb4	8e01	c.sub	x12,x8	 x12:0x00000000  x8:0x00000000 x12=0x00000000
       83725000	     41762	80005eb6	00b15b93	srli	x23,x2,0xb	  x2:0x0002473c x23=0x00000048
       83727000	     41763	80005eba	8169	c.srli	x10,0x1a	 x10:0x2473c000 x10=0x00000009
       83753000	     41776	80005ebc	04847163	bgeu	x8,x8,80005efe	  x8:0x00000000  x8:0x00000000  x0=0x00000000
       83781000	     41790	80005efe	01084c63	blt	x16,x16,80005f16	 x16:0x00000000 x16:0x00000000  x0=0x00000000
       83823000	     41811	80005f02	410d01b3	sub	x3,x26,x16	 x26:0xfffffff8 x16:0x00000000  x3=0xfffffff8
       83825000	     41812	80005f06	0001	c.addi	x0,0	  x0:0x00000000  x0=0x00000000
       83827000	     41813	80005f08	6fb1	c.lui	x31,0xc	 x31=0x0000c000
       83829000	     41814	80005f0a	ee1d	c.bnez	x12,80005f48	 x12:0x00000000
       83831000	     41815	80005f0c	012fdd63	bge	x31,x18,80005f26	 x31:0x0000c000 x18:0x00013000  x0=0x00000000
       83833000	     41816	80005f10	4cf1	c.li	x25,28	 x25=0x0000001c
       83853000	     41826	80005f12	de576b13	ori	x22,x14,-539	 x14:0x7ffe522c x22=0xffffffed
       83865000	     41832	80005f16	01d1e6b3	or	x13,x3,x29	  x3:0xfffffff8 x29:0x8001add4 x13=0xfffffffc
       83869000	     41834	80005f1a	016e9663	bne	x29,x22,80005f26	 x29:0x8001add4 x22:0xffffffed  x0=0x00000000
       83989000	     41894	80005f26	ca0f8413	addi	x8,x31,-864	 x31:0x0000c000  x8=0x0000bca0
       83997000	     41898	80005f2a	02ea2d33	mulhsu	x26,x20,x14	 x20:0x00000017 x14:0x7ffe522c x26=0x0000000b
       84005000	     41902	80005f2e	01eba6b3	slt	x13,x23,x30	 x23:0x00000048 x30:0x00000000 x13=0x00000000
       84007000	     41903	80005f32	3d7eac93	slti	x25,x29,983	 x29:0x8001add4 x25=0x00000001
       84033000	     41916	80005f36	00b800b3	add	x1,x16,x11	 x16:0x00000000 x11:0x00000001  x1=0x00000001
       84035000	     41917	80005f3a	6435	c.lui	x8,0xd	  x8=0x0000d000
       84037000	     41918	80005f3c	0f85c713	xori	x14,x11,248	 x11:0x00000001 x14=0x000000f9
       84039000	     41919	80005f40	004df733	and	x14,x27,x4	 x27:0x00000000  x4:0x00000000 x14=0x00000000
       84059000	     41929	80005f44	8fe5	c.and	x15,x9	 x15:0xffff6802  x9:0xfffffc02 x15=0xffff6802
       84061000	     41930	80005f46	84d9	c.srai	x9,0x16	  x9:0xfffffc02  x9=0xffffffff
       84083000	     41941	80005f48	008dc763	blt	x27,x8,80005f56	 x27:0x00000000  x8:0x0000d000  x0=0x00000000
       84157000	     41978	80005f56	218d8c13	addi	x24,x27,536	 x27:0x00000000 x24=0x00000218
       84159000	     41979	80005f5a	ca88cc17	auipc	x24,0xca88c	 x24=0x4a891f5a
       84161000	     41980	80005f5e	8e39	c.xor	x12,x14	 x12:0x00000000 x14:0x00000000 x12=0x00000000
       84183000	     41991	80005f60	020047b3	div	x15,x0,x0	  x0:0x00000000  x0:0x00000000 x15=0xffffffff
       84185000	     41992	80005f64	f589ac93	slti	x25,x19,-168	 x19:0x8001ee7c x25=0x00000001
       84225000	     42012	80005f68	8cc1	c.or	x9,x8	  x9:0xffffffff  x8:0x0000d000  x9=0xffffffff
       84229000	     42014	80005f6a	03b4d733	divu	x14,x9,x27	  x9:0xffffffff x27:0x00000000 x14=0xffffffff
       84245000	     42022	80005f6e	320ec217	auipc	x4,0x320ec	  x4=0xb20f1f6e
       84247000	     42023	80005f72	8ee1	c.and	x13,x8	 x13:0x00000000  x8:0x0000d000 x13=0x00000000
       84257000	     42028	80005f74	f5ef3393	sltiu	x7,x30,-162	 x30:0x00000000  x7=0x00000001
       84271000	     42035	80005f78	0ff0000f	fence	iorwiorwiorwiorwiorwiorwiorwiorwiorwiorwiorwiorwiorwiorwiorwiorwiorwiorwiorwiorwiorwiorwiorwiorwiorwiorwiorwiorwiorwiorwiorwiorwiorwiorwiorwiorwiorwiorwiorwiorwiorwiorwiorwiorwiorwiorwiorwiorwiorwiorwiorwiorwiorwiorwiorwiorwiorwiorwiorwiorwiorwiorwiorwiorwiorwiorwiorwiorwiorwiorwiorwiorwiorwiorwiorwiorwiorwiorwiorwiorwiorwiorwiorwiorwiorwiorwiorwiorwiorwiorwiorwiorwiorwiorwiorwiorwiorwiorwiorwiorwiorwiorwiorwiorwiorwiorwiorwiorwiorwiorwiorwiorwiorwiorwiorwiorwiorwiorwiorwiorwiorwiorwiorwiorwiorwiorwiorwiorwiorwiorwiorwiorwiorwiorwiorwiorwiorwiorwiorwiorwiorwiorwiorw,iorwiorwiorwiorwiorwiorwiorwiorwiorwiorwiorwiorwiorwiorwiorwiorwiorwiorwiorwiorwiorwiorwiorwiorwiorwiorwiorwiorwiorwiorwiorwiorwiorwiorwiorwiorwiorwiorwiorwiorwiorwiorwiorwiorwiorwiorwiorwiorwiorwiorwiorwiorwiorwiorwiorwiorwiorwiorwiorwiorwiorwiorwiorwiorwiorwiorwiorwiorwiorwiorwiorwiorwiorwiorwiorwiorwiorwiorwiorwiorwiorwiorwiorwiorwiorwiorwiorwiorwiorwiorwiorwiorwiorwiorwiorwiorwiorwiorwiorwiorwiorwiorwiorwiorwiorwiorwiorwiorwiorwiorwiorwiorwiorwiorwiorwiorwiorwiorwiorwiorwiorwiorwiorwiorwiorwiorwiorwiorwiorwiorwiorwiorwiorwiorwiorwiorwiorwiorwiorwiorwiorwiorwiorwiorw	
       84291000	     42045	80005f7c	8d5d	c.or	x10,x15	 x10:0x00000009 x15:0xffffffff x10=0xffffffff
       84297000	     42048	80005f7e	016573b3	and	x7,x10,x22	 x10:0xffffffff x22:0xffffffed  x7=0xffffffed
       84301000	     42050	80005f82	016630b3	sltu	x1,x12,x22	 x12:0x00000000 x22:0xffffffed  x1=0x00000001
       84329000	     42064	80005f86	0423c063	blt	x7,x2,80005fc6	  x7:0xffffffed  x2:0x0002473c  x0=0x00000000
       84497000	     42148	80005fc6	0382e833	rem	x16,x5,x24	  x5:0x8001add4 x24:0x4a891f5a x16=0xca8acd2e
       84499000	     42149	80005fca	c885	c.beqz	x9,80005ffa	  x9:0xffffffff
       84507000	     42153	80005fcc	03111933	mulh	x18,x2,x17	  x2:0x0002473c x17:0xffffb400 x18=0xffffffff
       84509000	     42154	80005fd0	1efd	c.addi	x29,-1	 x29:0x8001add4 x29=0x8001add3
       84513000	     42156	80005fd2	03d89063	bne	x17,x29,80005ff2	 x17:0xffffb400 x29:0x8001add3  x0=0x00000000
       84579000	     42189	80005ff2	009e9a63	bne	x29,x9,80006006	 x29:0x8001add3  x9:0xffffffff  x0=0x00000000
       84641000	     42220	80006006	02458663	beq	x11,x4,80006032	 x11:0x00000001  x4:0xb20f1f6e  x0=0x00000000
       84643000	     42221	8000600a	8e81	c.sub	x13,x8	 x13:0x00000000  x8:0x0000d000 x13=0xffff3000
       84653000	     42226	8000600c	8941	c.andi	x10,16	 x10:0xffffffff x10=0x00000010
       84685000	     42242	8000600e	0216e763	bltu	x13,x1,8000603c	 x13:0xffff3000  x1:0x00000001  x0=0x00000000
       84691000	     42245	80006012	0095c263	blt	x11,x9,80006016	 x11:0x00000001  x9:0xffffffff  x0=0x00000000
       84693000	     42246	80006016	8fc5	c.or	x15,x9	 x15:0xffffffff  x9:0xffffffff x15=0xffffffff
       84727000	     42263	80006018	02b08163	beq	x1,x11,8000603a	  x1:0x00000001 x11:0x00000001  x0=0x00000000
       84755000	     42277	8000603a	8456	c.mv	x8,x21	  x0:0x00000000 x21:0xfffffc59  x8=0xfffffc59
       84785000	     42292	8000603c	02124163	blt	x4,x1,8000605e	  x4:0xb20f1f6e  x1:0x00000001  x0=0x00000000
       84883000	     42341	8000605e	400fd913	srai	x18,x31,0x0	 x31:0x0000c000 x18=0x0000c000
       84885000	     42342	80006062	8e95	c.sub	x13,x13	 x13:0xffff3000 x13:0xffff3000 x13=0x00000000
       84887000	     42343	80006064	0001	c.addi	x0,0	  x0:0x00000000  x0=0x00000000
       84889000	     42344	80006066	8c61	c.and	x8,x8	  x8:0xfffffc59  x8:0xfffffc59  x8=0xfffffc59
       84891000	     42345	80006068	8225	c.srli	x12,0x9	 x12:0x00000000 x12=0x00000000
       84909000	     42354	8000606a	0062f363	bgeu	x5,x6,80006070	  x5:0x8001add4  x6:0x00000000  x0=0x00000000
       84911000	     42355	8000606e	8cc2	c.mv	x25,x16	  x0:0x00000000 x16:0xca8acd2e x25=0xca8acd2e
       85001000	     42400	80006070	02325f33	divu	x30,x4,x3	  x4:0xb20f1f6e  x3:0xfffffff8 x30=0x00000000
       85003000	     42401	80006074	8a3e	c.mv	x20,x15	  x0:0x00000000 x15:0xffffffff x20=0xffffffff
       85005000	     42402	80006076	03140c63	beq	x8,x17,800060ae	  x8:0xfffffc59 x17:0xffffb400  x0=0x00000000
       85007000	     42403	8000607a	0001	c.addi	x0,0	  x0:0x00000000  x0=0x00000000
       85009000	     42404	8000607c	0ff0000f	fence	iorwiorwiorwiorwiorwiorwiorwiorwiorwiorwiorwiorwiorwiorwiorwiorwiorwiorwiorwiorwiorwiorwiorwiorwiorwiorwiorwiorwiorwiorwiorwiorwiorwiorwiorwiorwiorwiorwiorwiorwiorwiorwiorwiorwiorwiorwiorwiorwiorwiorwiorwiorwiorwiorwiorwiorwiorwiorwiorwiorwiorwiorwiorwiorwiorwiorwiorwiorwiorwiorwiorwiorwiorwiorwiorwiorwiorwiorwiorwiorwiorwiorwiorwiorwiorwiorwiorwiorwiorwiorwiorwiorwiorwiorwiorwiorwiorwiorwiorwiorwiorwiorwiorwiorwiorwiorwiorwiorwiorwiorwiorwiorwiorwiorwiorwiorwiorwiorwiorwiorwiorwiorwiorwiorwiorwiorwiorwiorwiorwiorwiorwiorwiorwiorwiorwiorwiorwiorwiorwiorwiorwiorwiorwiorwiorw,iorwiorwiorwiorwiorwiorwiorwiorwiorwiorwiorwiorwiorwiorwiorwiorwiorwiorwiorwiorwiorwiorwiorwiorwiorwiorwiorwiorwiorwiorwiorwiorwiorwiorwiorwiorwiorwiorwiorwiorwiorwiorwiorwiorwiorwiorwiorwiorwiorwiorwiorwiorwiorwiorwiorwiorwiorwiorwiorwiorwiorwiorwiorwiorwiorwiorwiorwiorwiorwiorwiorwiorwiorwiorwiorwiorwiorwiorwiorwiorwiorwiorwiorwiorwiorwiorwiorwiorwiorwiorwiorwiorwiorwiorwiorwiorwiorwiorwiorwiorwiorwiorwiorwiorwiorwiorwiorwiorwiorwiorwiorwiorwiorwiorwiorwiorwiorwiorwiorwiorwiorwiorwiorwiorwiorwiorwiorwiorwiorwiorwiorwiorwiorwiorwiorwiorwiorwiorwiorwiorwiorwiorwiorwiorwiorwiorw	
       85011000	     42405	80006080	04bd	c.addi	x9,15	  x9:0xffffffff  x9=0x0000000e
       85027000	     42413	80006082	0392df63	bge	x5,x25,800060c0	  x5:0x8001add4 x25:0xca8acd2e  x0=0x00000000
       85069000	     42434	80006086	40635a33	sra	x20,x6,x6	  x6:0x00000000  x6:0x00000000 x20=0x00000000
       85071000	     42435	8000608a	0060bf33	sltu	x30,x1,x6	  x1:0x00000001  x6:0x00000000 x30=0x00000000
       85091000	     42445	8000608e	ef00cb93	xori	x23,x1,-272	  x1:0x00000001 x23=0xfffffef1
       85113000	     42456	80006092	01e87b63	bgeu	x16,x30,800060a8	 x16:0xca8acd2e x30:0x00000000  x0=0x00000000
       85115000	     42457	80006096	6f3d	c.lui	x30,0xf	 x30=0x0000f000
       85127000	     42463	80006098	0181e233	or	x4,x3,x24	  x3:0xfffffff8 x24:0x4a891f5a  x4=0xfffffffa
       85149000	     42474	8000609c	00c29a93	slli	x21,x5,0xc	  x5:0x8001add4 x21=0x1add4000
       85181000	     42490	800060a0	0001	c.addi	x0,0	  x0:0x00000000  x0=0x00000000
       85195000	     42497	800060a2	02f69433	mulh	x8,x13,x15	 x13:0x00000000 x15:0xffffffff  x8=0x00000000
       85197000	     42498	800060a6	1dfd	c.addi	x27,-1	 x27:0x00000000 x27=0xffffffff
       85277000	     42538	800060a8	03065fb3	divu	x31,x12,x16	 x12:0x00000000 x16:0xca8acd2e x31=0x00000000
       85279000	     42539	800060ac	8205	c.srli	x12,0x1	 x12:0x00000000 x12=0x00000000
       85281000	     42540	800060ae	0001	c.addi	x0,0	  x0:0x00000000  x0=0x00000000
       85293000	     42546	800060b0	40b95413	srai	x8,x18,0xb	 x18:0x0000c000  x8=0x00000018
       85295000	     42547	800060b4	00945b93	srli	x23,x8,0x9	  x8:0x00000018 x23=0x00000000
       85299000	     42549	800060b8	0335fd63	bgeu	x11,x19,800060f2	 x11:0x00000001 x19:0x8001ee7c  x0=0x00000000
       85325000	     42562	800060bc	03fda0b3	mulhsu	x1,x27,x31	 x27:0xffffffff x31:0x00000000  x1=0x00000000
       85329000	     42564	800060c0	03cc9763	bne	x25,x28,800060ee	 x25:0xca8acd2e x28:0x00000000  x0=0x00000000
       85395000	     42597	800060ee	010305b3	add	x11,x6,x16	  x6:0x00000000 x16:0xca8acd2e x11=0xca8acd2e
       85397000	     42598	800060f2	827d	c.srli	x12,0x1f	 x12:0x00000000 x12=0x00000000
       85415000	     42607	800060f4	c746e013	ori	x0,x13,-908	 x13:0x00000000  x0=0x00000000
       85417000	     42608	800060f8	8295	c.srli	x13,0x5	 x13:0x00000000 x13=0x00000000
       85419000	     42609	800060fa	8cd1	c.or	x9,x12	  x9:0x0000000e x12:0x00000000  x9=0x0000000e
       85433000	     42616	800060fc	029ea533	mulhsu	x10,x29,x9	 x29:0x8001add3  x9:0x0000000e x10=0xfffffff9
       85435000	     42617	80006100	cc1d	c.beqz	x8,8000613e	  x8:0x00000018
       85437000	     42618	80006102	0c1a	c.slli	x24,0x6	 x24:0x4a891f5a x24=0xa247d680
       85447000	     42623	80006104	8c91	c.sub	x9,x12	  x9:0x0000000e x12:0x00000000  x9=0x0000000e
       85449000	     42624	80006106	05ea	c.slli	x11,0x1a	 x11:0xca8acd2e x11=0xb8000000
       85457000	     42628	80006108	0361b833	mulhu	x16,x3,x22	  x3:0xfffffff8 x22:0xffffffed x16=0xffffffe5
       85545000	     42672	8000610c	028957b3	divu	x15,x18,x8	 x18:0x0000c000  x8:0x00000018 x15=0x00000800
       85547000	     42673	80006110	406c08b3	sub	x17,x24,x6	 x24:0xa247d680  x6:0x00000000 x17=0xa247d680
       85549000	     42674	80006114	879a	c.mv	x15,x6	  x0:0x00000000  x6:0x00000000 x15=0x00000000
       85551000	     42675	80006116	149c	c.addi4spn	x15,x2,608	 x15=0x0002499c
       85553000	     42676	80006118	1900	c.addi4spn	x8,x2,176	  x8=0x000247ec
       85579000	     42689	8000611a	132cc493	xori	x9,x25,306	 x25:0xca8acd2e  x9=0xca8acc1c
       85581000	     42690	8000611e	0716	c.slli	x14,0x5	 x14:0xffffffff x14=0xffffffe0
       85583000	     42691	80006120	02265b63	bge	x12,x2,80006156	 x12:0x00000000  x2:0x0002473c  x0=0x00000000
       85599000	     42699	80006124	81f1	c.srli	x11,0x1c	 x11:0xb8000000 x11=0x0000000b
       85659000	     42729	80006126	0199b5b3	sltu	x11,x19,x25	 x19:0x8001ee7c x25:0xca8acd2e x11=0x00000001
       85661000	     42730	8000612a	007d9593	slli	x11,x27,0x7	 x27:0xffffffff x11=0xffffff80
       85675000	     42737	8000612e	01e87d63	bgeu	x16,x30,80006148	 x16:0xffffffe5 x30:0x0000f000  x0=0x00000000
       85719000	     42759	80006132	0565c363	blt	x11,x22,80006178	 x11:0xffffff80 x22:0xffffffed  x0=0x00000000
       85747000	     42773	80006178	0389	c.addi	x7,2	  x7:0xffffffed  x7=0xffffffef
       85767000	     42783	8000617a	1570b693	sltiu	x13,x1,343	  x1:0x00000000 x13=0x00000001
       85795000	     42797	8000617e	2cd5bc13	sltiu	x24,x11,717	 x11:0xffffff80 x24=0x00000000
       85803000	     42801	80006182	03abce63	blt	x23,x26,800061be	 x23:0x00000000 x26:0x0000000b  x0=0x00000000
       85875000	     42837	800061be	01959f63	bne	x11,x25,800061dc	 x11:0xffffff80 x25:0xca8acd2e  x0=0x00000000
       85879000	     42839	800061dc	5dfd	c.li	x27,-1	 x27=0xffffffff
       85901000	     42850	800061de	3bf58913	addi	x18,x11,959	 x11:0xffffff80 x18=0x0000033f
       85937000	     42868	800061e2	0104a1b3	slt	x3,x9,x16	  x9:0xca8acc1c x16:0xffffffe5  x3=0x00000001
       85939000	     42869	800061e6	14f6be13	sltiu	x28,x13,335	 x13:0x00000001 x28=0x00000001
       85957000	     42878	800061ea	415886b3	sub	x13,x17,x21	 x17:0xa247d680 x21:0x1add4000 x13=0x876a9680
       85995000	     42897	800061ee	025a2733	mulhsu	x14,x20,x5	 x20:0x00000000  x5:0x8001add4 x14=0x00000000
       85997000	     42898	800061f2	008bde13	srli	x28,x23,0x8	 x23:0x00000000 x28=0x00000000
       85999000	     42899	800061f6	03fd5663	bge	x26,x31,80006222	 x26:0x0000000b x31:0x00000000  x0=0x00000000
       86041000	     42920	800061fa	012f8633	add	x12,x31,x18	 x31:0x00000000 x18:0x0000033f x12=0x0000033f
       86043000	     42921	800061fe	001507b3	add	x15,x10,x1	 x10:0xfffffff9  x1:0x00000000 x15=0xfffffff9
       86047000	     42923	80006202	02c4c463	blt	x9,x12,8000622a	  x9:0xca8acc1c x12:0x0000033f  x0=0x00000000
       86113000	     42956	8000622a	03807d63	bgeu	x0,x24,80006264	  x0:0x00000000 x24:0x00000000  x0=0x00000000
       86175000	     42987	80006264	84c6	c.mv	x9,x17	  x0:0x00000000 x17:0xa247d680  x9=0xa247d680
       86229000	     43014	80006266	03949563	bne	x9,x25,80006290	  x9:0xa247d680 x25:0xca8acd2e  x0=0x00000000
       86265000	     43032	80006290	f3d9adb7	lui	x27,0xf3d9a	 x27=0xf3d9a000
       86287000	     43043	80006294	fb810713	addi	x14,x2,-72	  x2:0x0002473c x14=0x000246f4
       86301000	     43050	80006298	d4bf3eb7	lui	x29,0xd4bf3	 x29=0xd4bf3000
       86345000	     43072	8000629c	02ff6363	bltu	x30,x15,800062c2	 x30:0x0000f000 x15:0xfffffff9  x0=0x00000000
       86413000	     43106	800062c2	006f1c33	sll	x24,x30,x6	 x30:0x0000f000  x6:0x00000000 x24=0x0000f000
       86415000	     43107	800062c6	007e0bb3	add	x23,x28,x7	 x28:0x00000000  x7:0xffffffef x23=0xffffffef
       86455000	     43127	800062ca	00d645b3	xor	x11,x12,x13	 x12:0x0000033f x13:0x876a9680 x11=0x876a95bf
       86457000	     43128	800062ce	8d69	c.and	x10,x10	 x10:0xfffffff9 x10:0xfffffff9 x10=0xfffffff9
       86487000	     43143	800062d0	127d	c.addi	x4,-1	  x4:0xfffffffa  x4=0xfffffff9
       86489000	     43144	800062d2	8d6d	c.and	x10,x11	 x10:0xfffffff9 x11:0x876a95bf x10=0x876a95b9
       86497000	     43148	800062d4	0253a933	mulhsu	x18,x7,x5	  x7:0xffffffef  x5:0x8001add4 x18=0xfffffff7
       86521000	     43160	800062d8	03fa2ab3	mulhsu	x21,x20,x31	 x20:0x00000000 x31:0x00000000 x21=0x00000000
       86523000	     43161	800062dc	ef89e637	lui	x12,0xef89e	 x12=0xef89e000
       86525000	     43162	800062e0	9bde	c.add	x23,x23	 x23:0xffffffef x23:0xffffffef x23=0xffffffde
       86527000	     43163	800062e2	01075213	srli	x4,x14,0x10	 x14:0x000246f4  x4=0x00000002
       86603000	     43201	800062e6	0383f833	remu	x16,x7,x24	  x7:0xffffffef x24:0x0000f000 x16=0x00000fef
       86605000	     43202	800062ea	6451	c.lui	x8,0x14	  x8=0x00014000
       86607000	     43203	800062ec	01bbfcb3	and	x25,x23,x27	 x23:0xffffffde x27:0xf3d9a000 x25=0xf3d9a000
       86615000	     43207	800062f0	0322b733	mulhu	x14,x5,x18	  x5:0x8001add4 x18:0xfffffff7 x14=0x8001adcf
       86617000	     43208	800062f4	5f7d	c.li	x30,-1	 x30=0xffffffff
       86621000	     43210	800062f6	e689	c.bnez	x13,80006300	 x13:0x876a9680
       86655000	     43227	80006300	01950c33	add	x24,x10,x25	 x10:0x876a95b9 x25:0xf3d9a000 x24=0x7b4435b9
       86663000	     43231	80006304	031a1fb3	mulh	x31,x20,x17	 x20:0x00000000 x17:0xa247d680 x31=0x00000000
       86679000	     43239	80006308	0055da13	srli	x20,x11,0x5	 x11:0x876a95bf x20=0x043b54ad
       86707000	     43253	8000630c	e02e7d13	andi	x26,x28,-510	 x28:0x00000000 x26=0x00000000
       86709000	     43254	80006310	01e588b3	add	x17,x11,x30	 x11:0x876a95bf x30:0xffffffff x17=0x876a95be
       86761000	     43280	80006314	3f0b6793	ori	x15,x22,1008	 x22:0xffffffed x15=0xfffffffd
       86771000	     43285	80006318	0055ecb3	or	x25,x11,x5	 x11:0x876a95bf  x5:0x8001add4 x25=0x876bbdff
       86773000	     43286	8000631c	8f55	c.or	x14,x13	 x14:0x8001adcf x13:0x876a9680 x14=0x876bbfcf
       86823000	     43311	8000631e	f13ba593	slti	x11,x23,-237	 x23:0xffffffde x11=0x00000000
       86825000	     43312	80006322	81b9	c.srli	x11,0xe	 x11:0x00000000 x11=0x00000000
       86829000	     43314	80006324	03c06133	rem	x2,x0,x28	  x0:0x00000000 x28:0x00000000  x2=0x00000000
       86835000	     43317	80006328	0632	c.slli	x12,0xc	 x12:0xef89e000 x12=0x9e000000
       86837000	     43318	8000632a	9666	c.add	x12,x25	 x12:0x9e000000 x25:0x876bbdff x12=0x256bbdff
       86895000	     43347	8000632c	8f95	c.sub	x15,x13	 x15:0xfffffffd x13:0x876a9680 x15=0x7895697d
       86915000	     43357	8000632e	02a03e33	mulhu	x28,x0,x10	  x0:0x00000000 x10:0x876a95b9 x28=0x00000000
       86917000	     43358	80006332	0122fd63	bgeu	x5,x18,8000634c	  x5:0x8001add4 x18:0xfffffff7  x0=0x00000000
       86959000	     43379	80006336	37db4793	xori	x15,x22,893	 x22:0xffffffed x15=0xfffffc90
       86961000	     43380	8000633a	8509	c.srai	x10,0x2	 x10:0x876a95b9 x10=0xe1daa56e
       87041000	     43420	8000633c	0271f733	remu	x14,x3,x7	  x3:0x00000001  x7:0xffffffef x14=0x00000001
       87047000	     43423	80006340	03bc80b3	mul	x1,x25,x27	 x25:0x876bbdff x27:0xf3d9a000  x1=0x70e66000
       87051000	     43425	80006344	03f56e33	rem	x28,x10,x31	 x10:0xe1daa56e x31:0x00000000 x28=0xe1daa56e
       87053000	     43426	80006348	01980b63	beq	x16,x25,8000635e	 x16:0x00000fef x25:0x876bbdff  x0=0x00000000
       87065000	     43432	8000634c	127d	c.addi	x4,-1	  x4:0x00000002  x4=0x00000001
       87067000	     43433	8000634e	0095dd13	srli	x26,x11,0x9	 x11:0x00000000 x26=0x00000000
       87071000	     43435	80006352	e619	c.bnez	x12,80006360	 x12:0x256bbdff
       87089000	     43444	80006360	027a1933	mulh	x18,x20,x7	 x20:0x043b54ad  x7:0xffffffef x18=0xffffffff
       87105000	     43452	80006364	0001	c.addi	x0,0	  x0:0x00000000  x0=0x00000000
       87107000	     43453	80006366	57fd	c.li	x15,-1	 x15=0xffffffff
       87213000	     43506	80006368	02545f33	divu	x30,x8,x5	  x8:0x00014000  x5:0x8001add4 x30=0x00000000
       87215000	     43507	8000636c	0fb6	c.slli	x31,0xd	 x31:0x00000000 x31=0x00000000
       87217000	     43508	8000636e	e5693893	sltiu	x17,x18,-426	 x18:0xffffffff x17=0x00000000
       87219000	     43509	80006372	e0748513	addi	x10,x9,-505	  x9:0xa247d680 x10=0xa247d487
       87221000	     43510	80006376	8f49	c.or	x14,x10	 x14:0x00000001 x10:0xa247d487 x14=0xa247d487
       87279000	     43539	80006378	00c43933	sltu	x18,x8,x12	  x8:0x00014000 x12:0x256bbdff x18=0x00000001
       87313000	     43556	8000637c	c889	c.beqz	x9,8000638e	  x9:0xa247d680
       87315000	     43557	8000637e	03e6	c.slli	x7,0x19	  x7:0xffffffef  x7=0xde000000
       87319000	     43559	80006380	03495563	bge	x18,x20,800063aa	 x18:0x00000001 x20:0x043b54ad  x0=0x00000000
       87337000	     43568	80006384	4dc5	c.li	x27,17	 x27=0x00000011
       87355000	     43577	80006386	7ddfd7b7	lui	x15,0x7ddfd	 x15=0x7ddfd000
       87381000	     43590	8000638a	173ea393	slti	x7,x29,371	 x29:0xd4bf3000  x7=0x00000001
       87391000	     43595	8000638e	0ff0000f	fence	iorwiorwiorwiorwiorwiorwiorwiorwiorwiorwiorwiorwiorwiorwiorwiorwiorwiorwiorwiorwiorwiorwiorwiorwiorwiorwiorwiorwiorwiorwiorwiorwiorwiorwiorwiorwiorwiorwiorwiorwiorwiorwiorwiorwiorwiorwiorwiorwiorwiorwiorwiorwiorwiorwiorwiorwiorwiorwiorwiorwiorwiorwiorwiorwiorwiorwiorwiorwiorwiorwiorwiorwiorwiorwiorwiorwiorwiorwiorwiorwiorwiorwiorwiorwiorwiorwiorwiorwiorwiorwiorwiorwiorwiorwiorwiorwiorwiorwiorwiorwiorwiorwiorwiorwiorwiorwiorwiorwiorwiorwiorwiorwiorwiorwiorwiorwiorwiorwiorwiorwiorwiorwiorwiorwiorwiorwiorwiorwiorwiorwiorwiorwiorwiorwiorwiorwiorwiorwiorwiorwiorwiorwiorwiorwiorwiorwiorw,iorwiorwiorwiorwiorwiorwiorwiorwiorwiorwiorwiorwiorwiorwiorwiorwiorwiorwiorwiorwiorwiorwiorwiorwiorwiorwiorwiorwiorwiorwiorwiorwiorwiorwiorwiorwiorwiorwiorwiorwiorwiorwiorwiorwiorwiorwiorwiorwiorwiorwiorwiorwiorwiorwiorwiorwiorwiorwiorwiorwiorwiorwiorwiorwiorwiorwiorwiorwiorwiorwiorwiorwiorwiorwiorwiorwiorwiorwiorwiorwiorwiorwiorwiorwiorwiorwiorwiorwiorwiorwiorwiorwiorwiorwiorwiorwiorwiorwiorwiorwiorwiorwiorwiorwiorwiorwiorwiorwiorwiorwiorwiorwiorwiorwiorwiorwiorwiorwiorwiorwiorwiorwiorwiorwiorwiorwiorwiorwiorwiorwiorwiorwiorwiorwiorwiorwiorwiorwiorwiorwiorwiorwiorwiorwiorwiorwiorwiorw	
       87393000	     43596	80006392	0001	c.addi	x0,0	  x0:0x00000000  x0=0x00000000
       87409000	     43604	80006394	01a93933	sltu	x18,x18,x26	 x18:0x00000001 x26:0x00000000 x18=0x00000000
       87411000	     43605	80006398	01283c33	sltu	x24,x16,x18	 x16:0x00000fef x18:0x00000000 x24=0x00000000
       87419000	     43609	8000639c	03fdc1b3	div	x3,x27,x31	 x27:0x00000011 x31:0x00000000  x3=0xffffffff
       87433000	     43616	800063a0	0f7e	c.slli	x30,0x1f	 x30:0x00000000 x30=0x00000000
       87437000	     43618	800063a2	00a46263	bltu	x8,x10,800063a6	  x8:0x00014000 x10:0xa247d487  x0=0x00000000
       87499000	     43649	800063a6	8cad	c.xor	x9,x11	  x9:0xa247d680 x11:0x00000000  x9=0xa247d680
       87523000	     43661	800063a8	cd81	c.beqz	x11,800063c0	 x11:0x00000000
       87565000	     43682	800063c0	85ad	c.srai	x11,0xb	 x11:0x00000000 x11=0x00000000
       87567000	     43683	800063c2	8c79	c.and	x8,x14	  x8:0x00014000 x14:0xa247d487  x8=0x00014000
       87613000	     43706	800063c4	d82f6b13	ori	x22,x30,-638	 x30:0x00000000 x22=0xfffffd82
       87615000	     43707	800063c8	0001	c.addi	x0,0	  x0:0x00000000  x0=0x00000000
       87625000	     43712	800063ca	cc153213	sltiu	x4,x10,-831	 x10:0xa247d487  x4=0x00000001
       87627000	     43713	800063ce	9bc2	c.add	x23,x16	 x23:0xffffffde x16:0x00000fef x23=0x00000fcd
       87629000	     43714	800063d0	0a10	c.addi4spn	x12,x2,272	 x12=0x00000110
       87631000	     43715	800063d2	8ca9	c.xor	x9,x10	  x9:0xa247d680 x10:0xa247d487  x9=0x00000207
       87755000	     43777	800063d4	030963b3	rem	x7,x18,x16	 x18:0x00000000 x16:0x00000fef  x7=0x00000000
       87757000	     43778	800063d8	00c72533	slt	x10,x14,x12	 x14:0xa247d487 x12:0x00000110 x10=0x00000001
       87759000	     43779	800063dc	ca09	c.beqz	x12,800063ee	 x12:0x00000110
       87761000	     43780	800063de	717d	c.addi16sp	x2,-16	  x2:0x00000000  x2=0xfffffff0
       87763000	     43781	800063e0	d43c8b93	addi	x23,x25,-701	 x25:0x876bbdff x23=0x876bbb42
       87787000	     43793	800063e4	00e29b93	slli	x23,x5,0xe	  x5:0x8001add4 x23=0x6b750000
       87825000	     43812	800063e8	0d84	c.addi4spn	x9,x2,720	  x9=0x000002c0
       87851000	     43825	800063ea	03fc9533	mulh	x10,x25,x31	 x25:0x876bbdff x31:0x00000000 x10=0x00000000
       87855000	     43827	800063ee	03a1c4b3	div	x9,x3,x26	  x3:0xffffffff x26:0x00000000  x9=0xffffffff
       87873000	     43836	800063f2	03b19933	mulh	x18,x3,x27	  x3:0xffffffff x27:0x00000011 x18=0xffffffff
       87875000	     43837	800063f6	83f5	c.srli	x15,0x1d	 x15:0x7ddfd000 x15=0x00000003
       87883000	     43841	800063f8	031b94b3	mulh	x9,x23,x17	 x23:0x6b750000 x17:0x00000000  x9=0x00000000
       87907000	     43853	800063fc	01c39f13	slli	x30,x7,0x1c	  x7:0x00000000 x30=0x00000000
       87909000	     43854	80006400	0c04ab93	slti	x23,x9,192	  x9:0x00000000 x23=0x00000001
       87931000	     43865	80006404	8c05	c.sub	x8,x9	  x8:0x00014000  x9:0x00000000  x8=0x00014000
       87933000	     43866	80006406	1bfd	c.addi	x23,-1	 x23:0x00000001 x23=0x00000000
       87977000	     43888	80006408	037616b3	mulh	x13,x12,x23	 x12:0x00000110 x23:0x00000000 x13=0x00000000
       87979000	     43889	8000640c	8d07b497	auipc	x9,0x8d07b	  x9=0x0d08140c
       88029000	     43914	80006410	8572	c.mv	x10,x28	  x0:0x00000000 x28:0xe1daa56e x10=0xe1daa56e
       88143000	     43971	80006412	02ea4db3	div	x27,x20,x14	 x20:0x043b54ad x14:0xa247d487 x27=0x00000000
       88145000	     43972	80006416	008f5413	srli	x8,x30,0x8	 x30:0x00000000  x8=0x00000000
       88147000	     43973	8000641a	819a	c.mv	x3,x6	  x0:0x00000000  x6:0x00000000  x3=0x00000000
       88149000	     43974	8000641c	03817263	bgeu	x2,x24,80006440	  x2:0xfffffff0 x24:0x00000000  x0=0x00000000
       88177000	     43988	80006420	e385	c.bnez	x15,80006440	 x15:0x00000003
       88215000	     44007	80006440	c109	c.beqz	x10,80006442	 x10:0xe1daa56e
       88257000	     44028	80006442	01007733	and	x14,x0,x16	  x0:0x00000000 x16:0x00000fef x14=0x00000000
       88259000	     44029	80006446	0001	c.addi	x0,0	  x0:0x00000000  x0=0x00000000
       88261000	     44030	80006448	006b31b3	sltu	x3,x22,x6	 x22:0xfffffd82  x6:0x00000000  x3=0x00000000
       88287000	     44043	8000644c	00afc033	xor	x0,x31,x10	 x31:0x00000000 x10:0xe1daa56e  x0=0x00000000
       88307000	     44053	80006450	0103de13	srli	x28,x7,0x10	  x7:0x00000000 x28=0x00000000
       88323000	     44061	80006454	017ed5b3	srl	x11,x29,x23	 x29:0xd4bf3000 x23:0x00000000 x11=0xd4bf3000
       88325000	     44062	80006458	011e9db3	sll	x27,x29,x17	 x29:0xd4bf3000 x17:0x00000000 x27=0xd4bf3000
       88337000	     44068	8000645c	01105f33	srl	x30,x0,x17	  x0:0x00000000 x17:0x00000000 x30=0x00000000
       88355000	     44077	80006460	8e9d	c.sub	x13,x15	 x13:0x00000000 x15:0x00000003 x13=0xfffffffd
       88363000	     44081	80006462	03083bb3	mulhu	x23,x16,x16	 x16:0x00000fef x16:0x00000fef x23=0x00000000
       88383000	     44091	80006466	032c0eb3	mul	x29,x24,x18	 x24:0x00000000 x18:0xffffffff x29=0x00000000
       88403000	     44101	8000646a	0e9fdbb7	lui	x23,0xe9fd	 x23=0x0e9fd000
       88405000	     44102	8000646e	8019	c.srli	x8,0x6	  x8:0x00000000  x8=0x00000000
       88447000	     44123	80006470	02e97fb3	remu	x31,x18,x14	 x18:0xffffffff x14:0x00000000 x31=0xffffffff
       88463000	     44131	80006474	03303833	mulhu	x16,x0,x19	  x0:0x00000000 x19:0x8001ee7c x16=0x00000000
       88465000	     44132	80006478	9be2	c.add	x23,x24	 x23:0x0e9fd000 x24:0x00000000 x23=0x0e9fd000
       88481000	     44140	8000647a	4111df13	srai	x30,x3,0x11	  x3:0x00000000 x30=0x00000000
       88509000	     44154	8000647e	02d81663	bne	x16,x13,800064aa	 x16:0x00000000 x13:0xfffffffd  x0=0x00000000
       88543000	     44171	800064aa	01a89613	slli	x12,x17,0x1a	 x17:0x00000000 x12=0x00000000
       88571000	     44185	800064ae	03ad1ab3	mulh	x21,x26,x26	 x26:0x00000000 x26:0x00000000 x21=0x00000000
       88607000	     44203	800064b2	bfc16917	auipc	x18,0xbfc16	 x18=0x3fc1c4b2
       88609000	     44204	800064b6	8fa5	c.xor	x15,x9	 x15:0x00000003  x9:0x0d08140c x15=0x0d08140f
       88627000	     44213	800064b8	8f21	c.xor	x14,x8	 x14:0x00000000  x8:0x00000000 x14=0x00000000
       88635000	     44217	800064ba	02daa8b3	mulhsu	x17,x21,x13	 x21:0x00000000 x13:0xfffffffd x17=0x00000000
       88637000	     44218	800064be	41050933	sub	x18,x10,x16	 x10:0xe1daa56e x16:0x00000000 x18=0xe1daa56e
       88673000	     44236	800064c2	0381e263	bltu	x3,x24,800064e6	  x3:0x00000000 x24:0x00000000  x0=0x00000000
       88683000	     44241	800064c6	053c1363	bne	x24,x19,8000650c	 x24:0x00000000 x19:0x8001ee7c  x0=0x00000000
       88709000	     44254	8000650c	04be	c.slli	x9,0xf	  x9:0x0d08140c  x9=0x0a060000
       88753000	     44276	8000650e	403355b3	sra	x11,x6,x3	  x6:0x00000000  x3:0x00000000 x11=0x00000000
       88801000	     44300	80006512	03f9b7b3	mulhu	x15,x19,x31	 x19:0x8001ee7c x31:0xffffffff x15=0x8001ee7b
       88875000	     44337	80006516	0324eab3	rem	x21,x9,x18	  x9:0x0a060000 x18:0xe1daa56e x21=0x0a060000
       88877000	     44338	8000651a	8d11	c.sub	x10,x12	 x10:0xe1daa56e x12:0x00000000 x10=0xe1daa56e
       88879000	     44339	8000651c	01828433	add	x8,x5,x24	  x5:0x8001add4 x24:0x00000000  x8=0x8001add4
       88881000	     44340	80006520	8e79	c.and	x12,x14	 x12:0x00000000 x14:0x00000000 x12=0x00000000
       88883000	     44341	80006522	c48d	c.beqz	x9,8000654c	  x9:0x0a060000
       88913000	     44356	80006524	efb1fe93	andi	x29,x3,-261	  x3:0x00000000 x29=0x00000000
       88915000	     44357	80006528	8d25	c.xor	x10,x9	 x10:0xe1daa56e  x9:0x0a060000 x10=0xebdca56e
       88957000	     44378	8000652a	18298513	addi	x10,x19,386	 x19:0x8001ee7c x10=0x8001effe
       88959000	     44379	8000652e	155c3f13	sltiu	x30,x24,341	 x24:0x00000000 x30=0x00000001
       88975000	     44387	80006532	613181b7	lui	x3,0x61318	  x3=0x61318000
       88977000	     44388	80006536	53fd	c.li	x7,-1	  x7=0xffffffff
       88989000	     44394	80006538	0165f933	and	x18,x11,x22	 x11:0x00000000 x22:0xfffffd82 x18=0x00000000
       89001000	     44400	8000653c	a5ebebb7	lui	x23,0xa5ebe	 x23=0xa5ebe000
       89007000	     44403	80006540	1814	c.addi4spn	x13,x2,48	 x13=0x00000020
       89011000	     44405	80006542	0279e663	bltu	x19,x7,8000656e	 x19:0x8001ee7c  x7:0xffffffff  x0=0x00000000
       89123000	     44461	8000656e	01195e93	srli	x29,x18,0x11	 x18:0x00000000 x29=0x00000000
       89135000	     44467	80006572	02a24263	blt	x4,x10,80006596	  x4:0x00000001 x10:0x8001effe  x0=0x00000000
       89137000	     44468	80006576	8315	c.srli	x14,0x5	 x14:0x00000000 x14=0x00000000
       89181000	     44490	80006578	00485d63	bge	x16,x4,80006592	 x16:0x00000000  x4:0x00000001  x0=0x00000000
       89183000	     44491	8000657c	602f8f17	auipc	x30,0x602f8	 x30=0xe02fe57c
       89205000	     44502	80006580	00845793	srli	x15,x8,0x8	  x8:0x8001add4 x15=0x008001ad
       89217000	     44508	80006584	1b7d	c.addi	x22,-1	 x22:0xfffffd82 x22=0xfffffd81
       89279000	     44539	80006586	e4bf6b13	ori	x22,x30,-437	 x30:0xe02fe57c x22=0xffffff7f
       89291000	     44545	8000658a	03fae563	bltu	x21,x31,800065b4	 x21:0x0a060000 x31:0xffffffff  x0=0x00000000
       89327000	     44563	800065b4	21b48213	addi	x4,x9,539	  x9:0x0a060000  x4=0x0a06021b
       89363000	     44581	800065b8	002a3cb3	sltu	x25,x20,x2	 x20:0x043b54ad  x2:0xfffffff0 x25=0x00000001
       89365000	     44582	800065bc	6e1d	c.lui	x28,0x7	 x28=0x00007000
       89367000	     44583	800065be	180c	c.addi4spn	x11,x2,48	 x11=0x00000020
       89409000	     44604	800065c0	02b01033	mulh	x0,x0,x11	  x0:0x00000000 x11:0x00000020  x0=0x00000000
       89411000	     44605	800065c4	0001	c.addi	x0,0	  x0:0x00000000  x0=0x00000000
       89413000	     44606	800065c6	29d10f93	addi	x31,x2,669	  x2:0xfffffff0 x31=0x0000028d
       89415000	     44607	800065ca	0001	c.addi	x0,0	  x0:0x00000000  x0=0x00000000
       89417000	     44608	800065cc	25526193	ori	x3,x4,597	  x4:0x0a06021b  x3=0x0a06025f
       89441000	     44620	800065d0	01f34a33	xor	x20,x6,x31	  x6:0x00000000 x31:0x0000028d x20=0x0000028d
       89447000	     44623	800065d4	00eb5933	srl	x18,x22,x14	 x22:0xffffff7f x14:0x00000000 x18=0xffffff7f
       89499000	     44649	800065d8	01cf6a63	bltu	x30,x28,800065ec	 x30:0xe02fe57c x28:0x00007000  x0=0x00000000
       89503000	     44651	800065dc	017865b3	or	x11,x16,x23	 x16:0x00000000 x23:0xa5ebe000 x11=0xa5ebe000
       89547000	     44673	800065e0	ecae3d93	sltiu	x27,x28,-310	 x28:0x00007000 x27=0x00000001
       89549000	     44674	800065e4	0710fa93	andi	x21,x1,113	  x1:0x70e66000 x21=0x00000000
       89573000	     44686	800065e8	03099463	bne	x19,x16,80006610	 x19:0x8001ee7c x16:0x00000000  x0=0x00000000
       89649000	     44724	80006610	6d9d	c.lui	x27,0x7	 x27=0x00007000
       89677000	     44738	80006612	012d1213	slli	x4,x26,0x12	 x26:0x00000000  x4=0x00000000
       89679000	     44739	80006616	40f3dd93	srai	x27,x7,0xf	  x7:0xffffffff x27=0xffffffff
       89707000	     44753	8000661a	01c9dd33	srl	x26,x19,x28	 x19:0x8001ee7c x28:0x00007000 x26=0x8001ee7c
       89795000	     44797	8000661e	029a53b3	divu	x7,x20,x9	 x20:0x0000028d  x9:0x0a060000  x7=0x00000000
       89797000	     44798	80006622	0001	c.addi	x0,0	  x0:0x00000000  x0=0x00000000
       89799000	     44799	80006624	567d	c.li	x12,-1	 x12=0xffffffff
       89801000	     44800	80006626	18fd	c.addi	x17,-1	 x17:0x00000000 x17=0xffffffff
       89803000	     44801	80006628	117f8813	addi	x16,x31,279	 x31:0x0000028d x16=0x000003a4
       89865000	     44832	8000662c	0093a933	slt	x18,x7,x9	  x7:0x00000000  x9:0x0a060000 x18=0x00000001
       89867000	     44833	80006630	03667a63	bgeu	x12,x22,80006664	 x12:0xffffffff x22:0xffffff7f  x0=0x00000000
       89917000	     44858	80006634	0001	c.addi	x0,0	  x0:0x00000000  x0=0x00000000
       89919000	     44859	80006636	0a04	c.addi4spn	x9,x2,272	  x9=0x00000100
       89959000	     44879	80006638	01349393	slli	x7,x9,0x13	  x9:0x00000100  x7=0x08000000
       89979000	     44889	8000663c	8e6d	c.and	x12,x11	 x12:0xffffffff x11:0xa5ebe000 x12=0xa5ebe000
       89985000	     44892	8000663e	f2606c93	ori	x25,x0,-218	  x0:0x00000000 x25=0xffffff26
       89987000	     44893	80006642	8d4d	c.or	x10,x11	 x10:0x8001effe x11:0xa5ebe000 x10=0xa5ebeffe
       90005000	     44902	80006644	00299c33	sll	x24,x19,x2	 x19:0x8001ee7c  x2:0xfffffff0 x24=0xee7c0000
       90023000	     44911	80006648	6e91	c.lui	x29,0x4	 x29=0x00004000
       90025000	     44912	8000664a	01ab6d33	or	x26,x22,x26	 x22:0xffffff7f x26:0x8001ee7c x26=0xffffff7f
       90027000	     44913	8000664e	0105f8b3	and	x17,x11,x16	 x11:0xa5ebe000 x16:0x000003a4 x17=0x00000000
       90029000	     44914	80006652	ca15	c.beqz	x12,80006686	 x12:0xa5ebe000
       90031000	     44915	80006654	8e2d	c.xor	x12,x11	 x12:0xa5ebe000 x11:0xa5ebe000 x12=0x00000000
       90065000	     44932	80006656	01fea133	slt	x2,x29,x31	 x29:0x00004000 x31:0x0000028d  x2=0x00000000
       90067000	     44933	8000665a	eb9b5e97	auipc	x29,0xeb9b5	 x29=0x6b9bb65a
       90095000	     44947	8000665e	03b38db3	mul	x27,x7,x27	  x7:0x08000000 x27:0xffffffff x27=0xf8000000
       90097000	     44948	80006662	8cbd	c.xor	x9,x15	  x9:0x00000100 x15:0x008001ad  x9=0x008000ad
       90099000	     44949	80006664	015684b3	add	x9,x13,x21	 x13:0x00000020 x21:0x00000000  x9=0x00000020
       90115000	     44957	80006668	01134d63	blt	x6,x17,80006682	  x6:0x00000000 x17:0x00000000  x0=0x00000000
       90145000	     44972	8000666c	407e8d33	sub	x26,x29,x7	 x29:0x6b9bb65a  x7:0x08000000 x26=0x639bb65a
       90153000	     44976	80006670	8e71	c.and	x12,x12	 x12:0x00000000 x12:0x00000000 x12=0x00000000
       90155000	     44977	80006672	03f38a63	beq	x7,x31,800066a6	  x7:0x08000000 x31:0x0000028d  x0=0x00000000
       90191000	     44995	80006676	0ff0000f	fence	iorwiorwiorwiorwiorwiorwiorwiorwiorwiorwiorwiorwiorwiorwiorwiorwiorwiorwiorwiorwiorwiorwiorwiorwiorwiorwiorwiorwiorwiorwiorwiorwiorwiorwiorwiorwiorwiorwiorwiorwiorwiorwiorwiorwiorwiorwiorwiorwiorwiorwiorwiorwiorwiorwiorwiorwiorwiorwiorwiorwiorwiorwiorwiorwiorwiorwiorwiorwiorwiorwiorwiorwiorwiorwiorwiorwiorwiorwiorwiorwiorwiorwiorwiorwiorwiorwiorwiorwiorwiorwiorwiorwiorwiorwiorwiorwiorwiorwiorwiorwiorwiorwiorwiorwiorwiorwiorwiorwiorwiorwiorwiorwiorwiorwiorwiorwiorwiorwiorwiorwiorwiorwiorwiorwiorwiorwiorwiorwiorwiorwiorwiorwiorwiorwiorwiorwiorwiorwiorwiorwiorwiorwiorwiorwiorwiorwiorwiorwiorw,iorwiorwiorwiorwiorwiorwiorwiorwiorwiorwiorwiorwiorwiorwiorwiorwiorwiorwiorwiorwiorwiorwiorwiorwiorwiorwiorwiorwiorwiorwiorwiorwiorwiorwiorwiorwiorwiorwiorwiorwiorwiorwiorwiorwiorwiorwiorwiorwiorwiorwiorwiorwiorwiorwiorwiorwiorwiorwiorwiorwiorwiorwiorwiorwiorwiorwiorwiorwiorwiorwiorwiorwiorwiorwiorwiorwiorwiorwiorwiorwiorwiorwiorwiorwiorwiorwiorwiorwiorwiorwiorwiorwiorwiorwiorwiorwiorwiorwiorwiorwiorwiorwiorwiorwiorwiorwiorwiorwiorwiorwiorwiorwiorwiorwiorwiorwiorwiorwiorwiorwiorwiorwiorwiorwiorwiorwiorwiorwiorwiorwiorwiorwiorwiorwiorwiorwiorwiorwiorwiorwiorwiorwiorwiorwiorwiorwiorwiorwiorwiorw	
       90199000	     44999	8000667a	034926b3	mulhsu	x13,x18,x20	 x18:0x00000001 x20:0x0000028d x13=0x00000000
       90205000	     45002	8000667e	02dd5f33	divu	x30,x26,x13	 x26:0x639bb65a x13:0x00000000 x30=0xffffffff
       90251000	     45025	80006682	02831733	mulh	x14,x6,x8	  x6:0x00000000  x8:0x8001add4 x14=0x00000000
       90253000	     45026	80006686	03184063	blt	x16,x17,800066a6	 x16:0x000003a4 x17:0x00000000  x0=0x00000000
       90289000	     45044	8000668a	0341f363	bgeu	x3,x20,800066b0	  x3:0x0a06025f x20:0x0000028d  x0=0x00000000
       90291000	     45045	8000668e	86c2	c.mv	x13,x16	  x0:0x00000000 x16:0x000003a4 x13=0x000003a4
       90325000	     45062	80006690	80c9	c.srli	x9,0x12	  x9:0x00000020  x9=0x00000000
       90345000	     45072	80006692	0ff0000f	fence	iorwiorwiorwiorwiorwiorwiorwiorwiorwiorwiorwiorwiorwiorwiorwiorwiorwiorwiorwiorwiorwiorwiorwiorwiorwiorwiorwiorwiorwiorwiorwiorwiorwiorwiorwiorwiorwiorwiorwiorwiorwiorwiorwiorwiorwiorwiorwiorwiorwiorwiorwiorwiorwiorwiorwiorwiorwiorwiorwiorwiorwiorwiorwiorwiorwiorwiorwiorwiorwiorwiorwiorwiorwiorwiorwiorwiorwiorwiorwiorwiorwiorwiorwiorwiorwiorwiorwiorwiorwiorwiorwiorwiorwiorwiorwiorwiorwiorwiorwiorwiorwiorwiorwiorwiorwiorwiorwiorwiorwiorwiorwiorwiorwiorwiorwiorwiorwiorwiorwiorwiorwiorwiorwiorwiorwiorwiorwiorwiorwiorwiorwiorwiorwiorwiorwiorwiorwiorwiorwiorwiorwiorwiorwiorwiorwiorwiorwiorwiorwiorwiorw,iorwiorwiorwiorwiorwiorwiorwiorwiorwiorwiorwiorwiorwiorwiorwiorwiorwiorwiorwiorwiorwiorwiorwiorwiorwiorwiorwiorwiorwiorwiorwiorwiorwiorwiorwiorwiorwiorwiorwiorwiorwiorwiorwiorwiorwiorwiorwiorwiorwiorwiorwiorwiorwiorwiorwiorwiorwiorwiorwiorwiorwiorwiorwiorwiorwiorwiorwiorwiorwiorwiorwiorwiorwiorwiorwiorwiorwiorwiorwiorwiorwiorwiorwiorwiorwiorwiorwiorwiorwiorwiorwiorwiorwiorwiorwiorwiorwiorwiorwiorwiorwiorwiorwiorwiorwiorwiorwiorwiorwiorwiorwiorwiorwiorwiorwiorwiorwiorwiorwiorwiorwiorwiorwiorwiorwiorwiorwiorwiorwiorwiorwiorwiorwiorwiorwiorwiorwiorwiorwiorwiorwiorwiorwiorwiorwiorwiorwiorwiorwiorwiorwiorw	
       90355000	     45077	80006696	0ff0000f	fence	iorwiorwiorwiorwiorwiorwiorwiorwiorwiorwiorwiorwiorwiorwiorwiorwiorwiorwiorwiorwiorwiorwiorwiorwiorwiorwiorwiorwiorwiorwiorwiorwiorwiorwiorwiorwiorwiorwiorwiorwiorwiorwiorwiorwiorwiorwiorwiorwiorwiorwiorwiorwiorwiorwiorwiorwiorwiorwiorwiorwiorwiorwiorwiorwiorwiorwiorwiorwiorwiorwiorwiorwiorwiorwiorwiorwiorwiorwiorwiorwiorwiorwiorwiorwiorwiorwiorwiorwiorwiorwiorwiorwiorwiorwiorwiorwiorwiorwiorwiorwiorwiorwiorwiorwiorwiorwiorwiorwiorwiorwiorwiorwiorwiorwiorwiorwiorwiorwiorwiorwiorwiorwiorwiorwiorwiorwiorwiorwiorwiorwiorwiorwiorwiorwiorwiorwiorwiorwiorwiorwiorwiorwiorwiorwiorwiorwiorwiorwiorwiorwiorwiorwiorw,iorwiorwiorwiorwiorwiorwiorwiorwiorwiorwiorwiorwiorwiorwiorwiorwiorwiorwiorwiorwiorwiorwiorwiorwiorwiorwiorwiorwiorwiorwiorwiorwiorwiorwiorwiorwiorwiorwiorwiorwiorwiorwiorwiorwiorwiorwiorwiorwiorwiorwiorwiorwiorwiorwiorwiorwiorwiorwiorwiorwiorwiorwiorwiorwiorwiorwiorwiorwiorwiorwiorwiorwiorwiorwiorwiorwiorwiorwiorwiorwiorwiorwiorwiorwiorwiorwiorwiorwiorwiorwiorwiorwiorwiorwiorwiorwiorwiorwiorwiorwiorwiorwiorwiorwiorwiorwiorwiorwiorwiorwiorwiorwiorwiorwiorwiorwiorwiorwiorwiorwiorwiorwiorwiorwiorwiorwiorwiorwiorwiorwiorwiorwiorwiorwiorwiorwiorwiorwiorwiorwiorwiorwiorwiorwiorwiorwiorwiorwiorwiorwiorwiorwiorwiorw	
       90357000	     45078	8000669a	8fd5	c.or	x15,x13	 x15:0x008001ad x13:0x000003a4 x15=0x008003ad
       90379000	     45089	8000669c	059c	c.addi4spn	x15,x2,704	 x15=0x000002c0
       90425000	     45112	8000669e	03db3933	mulhu	x18,x22,x29	 x22:0xffffff7f x29:0x6b9bb65a x18=0x6b9bb623
       90439000	     45119	800066a2	6b46c497	auipc	x9,0x6b46c	  x9=0xeb4726a2
       90443000	     45121	800066a6	01318db3	add	x27,x3,x19	  x3:0x0a06025f x19:0x8001ee7c x27=0x8a07f0db
       90445000	     45122	800066aa	8cfd	c.and	x9,x15	  x9:0xeb4726a2 x15:0x000002c0  x9=0x00000280
       90521000	     45160	800066ac	02f747b3	div	x15,x14,x15	 x14:0x00000000 x15:0x000002c0 x15=0x00000000
       90523000	     45161	800066b0	02d77563	bgeu	x14,x13,800066da	 x14:0x00000000 x13:0x000003a4  x0=0x00000000
       90527000	     45163	800066b4	0227e733	rem	x14,x15,x2	 x15:0x00000000  x2:0x00000000 x14=0x00000000
       90529000	     45164	800066b8	8c01	c.sub	x8,x8	  x8:0x8001add4  x8:0x8001add4  x8=0x00000000
       90549000	     45174	800066ba	41265913	srai	x18,x12,0x12	 x12:0x00000000 x18=0x00000000
       90551000	     45175	800066be	8c65	c.and	x8,x9	  x8:0x00000000  x9:0x00000280  x8=0x00000000
       90579000	     45189	800066c0	40e68eb3	sub	x29,x13,x14	 x13:0x000003a4 x14:0x00000000 x29=0x000003a4
       90595000	     45197	800066c4	16e00693	addi	x13,x0,366	  x0:0x00000000 x13=0x0000016e
       90597000	     45198	800066c8	8de1	c.and	x11,x8	 x11:0xa5ebe000  x8:0x00000000 x11=0x00000000
       90599000	     45199	800066ca	01d72533	slt	x10,x14,x29	 x14:0x00000000 x29:0x000003a4 x10=0x00000001
       90613000	     45206	800066ce	019847b3	xor	x15,x16,x25	 x16:0x000003a4 x25:0xffffff26 x15=0xfffffc82
       90645000	     45222	800066d2	f0d72693	slti	x13,x14,-243	 x14:0x00000000 x13=0x00000000
       90647000	     45223	800066d6	8695	c.srai	x13,0x5	 x13:0x00000000 x13=0x00000000
       90649000	     45224	800066d8	0001	c.addi	x0,0	  x0:0x00000000  x0=0x00000000
       90651000	     45225	800066da	6151	c.addi16sp	x2,272	  x2:0x00000000  x2=0x00000110
       90669000	     45234	800066dc	81d5	c.srli	x11,0x15	 x11:0x00000000 x11=0x00000000
       90713000	     45256	800066de	01705eb3	srl	x29,x0,x23	  x0:0x00000000 x23:0xa5ebe000 x29=0x00000000
       90715000	     45257	800066e2	0001	c.addi	x0,0	  x0:0x00000000  x0=0x00000000
       90717000	     45258	800066e4	6551	c.lui	x10,0x14	 x10=0x00014000
       90723000	     45261	800066e6	fc393597	auipc	x11,0xfc393	 x11=0x7c3996e6
       90725000	     45262	800066ea	8eb5	c.xor	x13,x13	 x13:0x00000000 x13:0x00000000 x13=0x00000000
       90727000	     45263	800066ec	4269	c.li	x4,26	  x4=0x0000001a
       90729000	     45264	800066ee	8555	c.srai	x10,0x15	 x10:0x00014000 x10=0x00000000
       90783000	     45291	800066f0	3e687f13	andi	x30,x16,998	 x16:0x000003a4 x30=0x000003a4
       90791000	     45295	800066f4	8f51	c.or	x14,x12	 x14:0x00000000 x12:0x00000000 x14=0x00000000
       90793000	     45296	800066f6	885a	c.mv	x16,x22	  x0:0x00000000 x22:0xffffff7f x16=0xffffff7f
       90809000	     45304	800066f8	03978433	mul	x8,x15,x25	 x15:0xfffffc82 x25:0xffffff26  x8=0x0002f94c
       90817000	     45308	800066fc	03401bb3	mulh	x23,x0,x20	  x0:0x00000000 x20:0x0000028d x23=0x00000000
       90829000	     45314	80006700	01995e93	srli	x29,x18,0x19	 x18:0x00000000 x29=0x00000000
       90891000	     45345	80006704	8d89	c.sub	x11,x10	 x11:0x7c3996e6 x10:0x00000000 x11=0x7c3996e6
       90893000	     45346	80006706	86c5	c.srai	x13,0x11	 x13:0x00000000 x13=0x00000000
       90895000	     45347	80006708	00fe	c.slli	x1,0x1f	  x1:0x70e66000  x1=0x00000000
       90901000	     45350	8000670a	00f45fb3	srl	x31,x8,x15	  x8:0x0002f94c x15:0xfffffc82 x31=0x0000be53
       90995000	     45397	8000670e	025fd733	divu	x14,x31,x5	 x31:0x0000be53  x5:0x8001add4 x14=0x00000000
       90997000	     45398	80006712	01bf5733	srl	x14,x30,x27	 x30:0x000003a4 x27:0x8a07f0db x14=0x00000000
       90999000	     45399	80006716	8f6d	c.and	x14,x11	 x14:0x00000000 x11:0x7c3996e6 x14=0x00000000
       91003000	     45401	80006718	00bf6a63	bltu	x30,x11,8000672c	 x30:0x000003a4 x11:0x7c3996e6  x0=0x00000000
       91051000	     45425	8000672c	8d05	c.sub	x10,x9	 x10:0x00000000  x9:0x00000280 x10=0xfffffd80
       91067000	     45433	8000672e	005525b3	slt	x11,x10,x5	 x10:0xfffffd80  x5:0x8001add4 x11=0x00000000
       91069000	     45434	80006732	0001	c.addi	x0,0	  x0:0x00000000  x0=0x00000000
       91081000	     45440	80006734	41225113	srai	x2,x4,0x12	  x4:0x0000001a  x2=0x00000000
       91103000	     45451	80006738	c899	c.beqz	x9,8000674e	  x9:0x00000280
       91125000	     45462	8000673a	2734f113	andi	x2,x9,627	  x9:0x00000280  x2=0x00000200
       91129000	     45464	8000673e	01d04d63	blt	x0,x29,80006758	  x0:0x00000000 x29:0x00000000  x0=0x00000000
       91131000	     45465	80006742	717d	c.addi16sp	x2,-16	  x2:0x00000200  x2=0x000001f0
       91145000	     45472	80006744	02770633	mul	x12,x14,x7	 x14:0x00000000  x7:0x08000000 x12=0x00000000
       91185000	     45492	80006748	6bf9	c.lui	x23,0x1e	 x23=0x0001e000
       91195000	     45497	8000674a	01542bb3	slt	x23,x8,x21	  x8:0x0002f94c x21:0x00000000 x23=0x00000000
       91197000	     45498	8000674e	0001	c.addi	x0,0	  x0:0x00000000  x0=0x00000000
       91281000	     45540	80006750	03984db3	div	x27,x16,x25	 x16:0xffffff7f x25:0xffffff26 x27=0x00000000
       91283000	     45541	80006754	01c4c4b3	xor	x9,x9,x28	  x9:0x00000280 x28:0x00007000  x9=0x00007280
       91285000	     45542	80006758	838d	c.srli	x15,0x3	 x15:0xfffffc82 x15=0x1fffff90
       91369000	     45584	8000675a	0383dcb3	divu	x25,x7,x24	  x7:0x08000000 x24:0xee7c0000 x25=0x00000000
       91371000	     45585	8000675e	cc9f7013	andi	x0,x30,-823	 x30:0x000003a4  x0=0x00000000
       91373000	     45586	80006762	00abb4b3	sltu	x9,x23,x10	 x23:0x00000000 x10:0xfffffd80  x9=0x00000001
       91415000	     45607	80006766	023f0933	mul	x18,x30,x3	 x30:0x000003a4  x3:0x0a06025f x18=0x7de0a1dc
       91457000	     45628	8000676a	003cdd33	srl	x26,x25,x3	 x25:0x00000000  x3:0x0a06025f x26=0x00000000
       91461000	     45630	8000676e	02015a63	bge	x2,x0,800067a2	  x2:0x000001f0  x0:0x00000000  x0=0x00000000
       91463000	     45631	80006772	9a7d	c.andi	x12,-1	 x12:0x00000000 x12=0x00000000
       91471000	     45635	80006774	0bd2	c.slli	x23,0x14	 x23:0x00000000 x23=0x00000000
       91473000	     45636	80006776	965e	c.add	x12,x23	 x12:0x00000000 x23:0x00000000 x12=0x00000000
       91499000	     45649	80006778	0001	c.addi	x0,0	  x0:0x00000000  x0=0x00000000
       91501000	     45650	8000677a	4022d633	sra	x12,x5,x2	  x5:0x8001add4  x2:0x000001f0 x12=0xffff8001
       91503000	     45651	8000677e	0001	c.addi	x0,0	  x0:0x00000000  x0=0x00000000
       91521000	     45660	80006780	6149	c.addi16sp	x2,144	  x2:0x000001f0  x2=0x00000280
       91597000	     45698	80006782	022950b3	divu	x1,x18,x2	 x18:0x7de0a1dc  x2:0x00000280  x1=0x003259da
       91601000	     45700	80006786	02030463	beq	x6,x0,800067ae	  x6:0x00000000  x0:0x00000000  x0=0x00000000
       91621000	     45710	800067ae	00b4e863	bltu	x9,x11,800067be	  x9:0x00000001 x11:0x00000000  x0=0x00000000
       91623000	     45711	800067b2	8c49	c.or	x8,x10	  x8:0x0002f94c x10:0xfffffd80  x8=0xfffffdcc
       91625000	     45712	800067b4	6e05	c.lui	x28,0x1	 x28=0x00001000
       91627000	     45713	800067b6	807d	c.srli	x8,0x1f	  x8:0xfffffdcc  x8=0x00000001
       91663000	     45731	800067b8	1cfd	c.addi	x25,-1	 x25:0x00000000 x25=0xffffffff
       91665000	     45732	800067ba	4015d933	sra	x18,x11,x1	 x11:0x00000000  x1:0x003259da x18=0x00000000
       91677000	     45738	800067be	03715863	bge	x2,x23,800067ee	  x2:0x00000280 x23:0x00000000  x0=0x00000000
       91679000	     45739	800067c2	6115	c.addi16sp	x2,288	  x2:0x00000280  x2=0x000003a0
       91683000	     45741	800067c4	01804a33	xor	x20,x0,x24	  x0:0x00000000 x24:0xee7c0000 x20=0xee7c0000
       91705000	     45752	800067c8	8e85	c.sub	x13,x9	 x13:0x00000000  x9:0x00000001 x13=0xffffffff
       91707000	     45753	800067ca	0d7a	c.slli	x26,0x1e	 x26:0x00000000 x26=0x00000000
       91743000	     45771	800067cc	963a	c.add	x12,x14	 x12:0xffff8001 x14:0x00000000 x12=0xffff8001
       91749000	     45774	800067ce	03dfd5b3	divu	x11,x31,x29	 x31:0x0000be53 x29:0x00000000 x11=0xffffffff
       91797000	     45798	800067d2	e2a6d117	auipc	x2,0xe2a6d	  x2=0x62a737d2
       91799000	     45799	800067d6	038e	c.slli	x7,0x3	  x7:0x08000000  x7=0x40000000
       91839000	     45819	800067d8	41660f33	sub	x30,x12,x22	 x12:0xffff8001 x22:0xffffff7f x30=0xffff8082
       91849000	     45824	800067dc	e1855937	lui	x18,0xe1855	 x18=0xe1855000
       91885000	     45842	800067e0	8a95	c.andi	x13,5	 x13:0xffffffff x13=0x00000005
       91887000	     45843	800067e2	04216063	bltu	x2,x2,80006822	  x2:0x62a737d2  x2:0x62a737d2  x0=0x00000000
       91931000	     45865	800067e6	40125593	srai	x11,x4,0x1	  x4:0x0000001a x11=0x0000000d
       91963000	     45881	800067ea	13ad9a37	lui	x20,0x13ad9	 x20=0x13ad9000
       91967000	     45883	800067ee	e919	c.bnez	x10,80006804	 x10:0xfffffd80
       92021000	     45910	80006804	00b790b3	sll	x1,x15,x11	 x15:0x1fffff90 x11:0x0000000d  x1=0xfff20000
       92023000	     45911	80006808	073d	c.addi	x14,15	 x14:0x00000000 x14=0x0000000f
       92025000	     45912	8000680a	01de34b3	sltu	x9,x28,x29	 x28:0x00001000 x29:0x00000000  x9=0x00000000
       92103000	     45951	8000680e	028dd933	divu	x18,x27,x8	 x27:0x00000000  x8:0x00000001 x18=0x00000000
       92105000	     45952	80006812	3b943813	sltiu	x16,x8,953	  x8:0x00000001 x16=0x00000001
       92107000	     45953	80006816	8f0d	c.sub	x14,x11	 x14:0x0000000f x11:0x0000000d x14=0x00000002
       92109000	     45954	80006818	29118a13	addi	x20,x3,657	  x3:0x0a06025f x20=0x0a0604f0
       92111000	     45955	8000681c	0176	c.slli	x2,0x1d	  x2:0x62a737d2  x2=0x40000000
       92137000	     45968	8000681e	038ef463	bgeu	x29,x24,80006846	 x29:0x00000000 x24:0xee7c0000  x0=0x00000000
       92157000	     45978	80006822	009b1e63	bne	x22,x9,8000683e	 x22:0xffffff7f  x9:0x00000000  x0=0x00000000
       92181000	     45990	8000683e	8f2d	c.xor	x14,x11	 x14:0x00000002 x11:0x0000000d x14=0x0000000f
       92195000	     45997	80006840	ea05	c.bnez	x12,80006870	 x12:0xffff8001
       92209000	     46004	80006870	927a	c.add	x4,x30	  x4:0x0000001a x30:0xffff8082  x4=0xffff809c
       92213000	     46006	80006872	c49d	c.beqz	x9,800068a0	  x9:0x00000000
       92277000	     46038	800068a0	01c64463	blt	x12,x28,800068a8	 x12:0xffff8001 x28:0x00001000  x0=0x00000000
       92289000	     46044	800068a8	6c4d	c.lui	x24,0x13	 x24=0x00013000
       92291000	     46045	800068aa	587d	c.li	x16,-1	 x16=0xffffffff
       92319000	     46059	800068ac	151c	c.addi4spn	x15,x2,672	 x15=0x400002a0
       92321000	     46060	800068ae	8f55	c.or	x14,x13	 x14:0x0000000f x13:0x00000005 x14=0x0000000f
       92339000	     46069	800068b0	c80d	c.beqz	x8,800068e2	  x8:0x00000001
       92341000	     46070	800068b2	c10d	c.beqz	x10,800068d4	 x10:0xfffffd80
       92347000	     46073	800068b4	03998b33	mul	x22,x19,x25	 x19:0x8001ee7c x25:0xffffffff x22=0x7ffe1184
       92381000	     46090	800068b8	8c42	c.mv	x24,x16	  x0:0x00000000 x16:0xffffffff x24=0xffffffff
       92383000	     46091	800068ba	8915	c.andi	x10,5	 x10:0xfffffd80 x10=0x00000000
       92473000	     46136	800068bc	0245e233	rem	x4,x11,x4	 x11:0x0000000d  x4:0xffff809c  x4=0x0000000d
       92475000	     46137	800068c0	0183dab3	srl	x21,x7,x24	  x7:0x40000000 x24:0xffffffff x21=0x00000000
       92477000	     46138	800068c4	8345	c.srli	x14,0x11	 x14:0x0000000f x14=0x00000000
       92479000	     46139	800068c6	01e59113	slli	x2,x11,0x1e	 x11:0x0000000d  x2=0x40000000
       92493000	     46146	800068ca	1ecde613	ori	x12,x27,492	 x27:0x00000000 x12=0x000001ec
       92495000	     46147	800068ce	8e39	c.xor	x12,x14	 x12:0x000001ec x14:0x00000000 x12=0x000001ec
       92499000	     46149	800068d0	c711	c.beqz	x14,800068dc	 x14:0x00000000
       92523000	     46161	800068dc	013c7263	bgeu	x24,x19,800068e0	 x24:0xffffffff x19:0x8001ee7c  x0=0x00000000
       92559000	     46179	800068e0	61cd	c.lui	x3,0x13	  x3=0x00013000
       92561000	     46180	800068e2	0001	c.addi	x0,0	  x0:0x00000000  x0=0x00000000
       92567000	     46183	800068e4	00554533	xor	x10,x10,x5	 x10:0x00000000  x5:0x8001add4 x10=0x8001add4
       92605000	     46202	800068e8	037fe463	bltu	x31,x23,80006910	 x31:0x0000be53 x23:0x00000000  x0=0x00000000
       92607000	     46203	800068ec	71408837	lui	x16,0x71408	 x16=0x71408000
       92611000	     46205	800068f0	8da9	c.xor	x11,x10	 x11:0x0000000d x10:0x8001add4 x11=0x8001add9
       92641000	     46220	800068f2	031fc1b3	div	x3,x31,x17	 x31:0x0000be53 x17:0x00000000  x3=0xffffffff
       92643000	     46221	800068f6	2a24a393	slti	x7,x9,674	  x9:0x00000000  x7=0x00000001
       92645000	     46222	800068fa	8fe1	c.and	x15,x8	 x15:0x400002a0  x8:0x00000001 x15=0x00000000
       92663000	     46231	800068fc	c1ab7e93	andi	x29,x22,-998	 x22:0x7ffe1184 x29=0x7ffe1000
       92691000	     46245	80006900	6109	c.addi16sp	x2,128	  x2:0x40000000  x2=0x40000080
       92693000	     46246	80006902	8ef1	c.and	x13,x12	 x13:0x00000005 x12:0x000001ec x13=0x00000004
       92715000	     46257	80006904	0001	c.addi	x0,0	  x0:0x00000000  x0=0x00000000
       92717000	     46258	80006906	40400b33	sub	x22,x0,x4	  x0:0x00000000  x4:0x0000000d x22=0xfffffff3
       92751000	     46275	8000690a	0ff0000f	fence	iorwiorwiorwiorwiorwiorwiorwiorwiorwiorwiorwiorwiorwiorwiorwiorwiorwiorwiorwiorwiorwiorwiorwiorwiorwiorwiorwiorwiorwiorwiorwiorwiorwiorwiorwiorwiorwiorwiorwiorwiorwiorwiorwiorwiorwiorwiorwiorwiorwiorwiorwiorwiorwiorwiorwiorwiorwiorwiorwiorwiorwiorwiorwiorwiorwiorwiorwiorwiorwiorwiorwiorwiorwiorwiorwiorwiorwiorwiorwiorwiorwiorwiorwiorwiorwiorwiorwiorwiorwiorwiorwiorwiorwiorwiorwiorwiorwiorwiorwiorwiorwiorwiorwiorwiorwiorwiorwiorwiorwiorwiorwiorwiorwiorwiorwiorwiorwiorwiorwiorwiorwiorwiorwiorwiorwiorwiorwiorwiorwiorwiorwiorwiorwiorwiorwiorwiorwiorwiorwiorwiorwiorwiorwiorwiorwiorwiorwiorwiorwiorwiorwiorwiorwiorwiorw,iorwiorwiorwiorwiorwiorwiorwiorwiorwiorwiorwiorwiorwiorwiorwiorwiorwiorwiorwiorwiorwiorwiorwiorwiorwiorwiorwiorwiorwiorwiorwiorwiorwiorwiorwiorwiorwiorwiorwiorwiorwiorwiorwiorwiorwiorwiorwiorwiorwiorwiorwiorwiorwiorwiorwiorwiorwiorwiorwiorwiorwiorwiorwiorwiorwiorwiorwiorwiorwiorwiorwiorwiorwiorwiorwiorwiorwiorwiorwiorwiorwiorwiorwiorwiorwiorwiorwiorwiorwiorwiorwiorwiorwiorwiorwiorwiorwiorwiorwiorwiorwiorwiorwiorwiorwiorwiorwiorwiorwiorwiorwiorwiorwiorwiorwiorwiorwiorwiorwiorwiorwiorwiorwiorwiorwiorwiorwiorwiorwiorwiorwiorwiorwiorwiorwiorwiorwiorwiorwiorwiorwiorwiorwiorwiorwiorwiorwiorwiorwiorwiorwiorwiorwiorwiorwiorw	
       92753000	     46276	8000690e	8119	c.srli	x10,0x6	 x10:0x8001add4 x10=0x020006b7
       92761000	     46280	80006910	cd8b4093	xori	x1,x22,-808	 x22:0xfffffff3  x1=0x0000032b
       92767000	     46283	80006914	033b80b3	mul	x1,x23,x19	 x23:0x00000000 x19:0x8001ee7c  x1=0x00000000
       92853000	     46326	80006918	02387c33	remu	x24,x16,x3	 x16:0x71408000  x3:0xffffffff x24=0x71408000
       92855000	     46327	8000691c	6485	c.lui	x9,0x1	  x9=0x00001000
       92857000	     46328	8000691e	01def833	and	x16,x29,x29	 x29:0x7ffe1000 x29:0x7ffe1000 x16=0x7ffe1000
       92859000	     46329	80006922	8fa5	c.xor	x15,x9	 x15:0x00000000  x9:0x00001000 x15=0x00001000
       92861000	     46330	80006924	9dba	c.add	x27,x14	 x27:0x00000000 x14:0x00000000 x27=0x00000000
       92901000	     46350	80006926	021e3833	mulhu	x16,x28,x1	 x28:0x00001000  x1:0x00000000 x16=0x00000000
       93017000	     46408	8000692a	03d2dd33	divu	x26,x5,x29	  x5:0x8001add4 x29:0x7ffe1000 x26=0x00000001
       93021000	     46410	8000692e	02eff133	remu	x2,x31,x14	 x31:0x0000be53 x14:0x00000000  x2=0x0000be53
       93023000	     46411	80006932	00ae1db3	sll	x27,x28,x10	 x28:0x00001000 x10:0x020006b7 x27=0x00000000
       93119000	     46459	80006936	03d7dfb3	divu	x31,x15,x29	 x15:0x00001000 x29:0x7ffe1000 x31=0x00000000
       93121000	     46460	8000693a	0a79ad93	slti	x27,x19,167	 x19:0x8001ee7c x27=0x00000001
       93129000	     46464	8000693e	0200a433	mulhsu	x8,x1,x0	  x1:0x00000000  x0:0x00000000  x8=0x00000000
       93131000	     46465	80006942	72c45b37	lui	x22,0x72c45	 x22=0x72c45000
       93135000	     46467	80006946	40775513	srai	x10,x14,0x7	 x14:0x00000000 x10=0x00000000
       93181000	     46490	8000694a	415ddd33	sra	x26,x27,x21	 x27:0x00000001 x21:0x00000000 x26=0x00000001
       93275000	     46537	8000694e	02fae133	rem	x2,x21,x15	 x21:0x00000000 x15:0x00001000  x2=0x00000000
       93277000	     46538	80006952	0e1c	c.addi4spn	x15,x2,784	 x15=0x00000310
       93279000	     46539	80006954	1e08	c.addi4spn	x10,x2,816	 x10=0x00000330
       93281000	     46540	80006956	8cb5	c.xor	x9,x13	  x9:0x00001000 x13:0x00000004  x9=0x00001004
       93283000	     46541	80006958	408a5013	srai	x0,x20,0x8	 x20:0x0a0604f0  x0=0x00000000
       93345000	     46572	8000695c	d3267713	andi	x14,x12,-718	 x12:0x000001ec x14=0x00000120
       93365000	     46582	80006960	8eed	c.and	x13,x11	 x13:0x00000004 x11:0x8001add9 x13=0x00000000
       93371000	     46585	80006962	2238f393	andi	x7,x17,547	 x17:0x00000000  x7=0x00000000
       93373000	     46586	80006966	0632	c.slli	x12,0xc	 x12:0x000001ec x12=0x001ec000
       93375000	     46587	80006968	02186c63	bltu	x16,x1,800069a0	 x16:0x00000000  x1:0x00000000  x0=0x00000000
       93381000	     46590	8000696c	01e9ca33	xor	x20,x19,x30	 x19:0x8001ee7c x30:0xffff8082 x20=0x7ffe6efe
       93403000	     46601	80006970	011f1b33	sll	x22,x30,x17	 x30:0xffff8082 x17:0x00000000 x22=0xffff8082
       93425000	     46612	80006974	002b16b3	sll	x13,x22,x2	 x22:0xffff8082  x2:0x00000000 x13=0xffff8082
       93447000	     46623	80006978	839d	c.srli	x15,0x7	 x15:0x00000310 x15=0x00000006
       93557000	     46678	8000697a	02a04eb3	div	x29,x0,x10	  x0:0x00000000 x10:0x00000330 x29=0x00000000
       93559000	     46679	8000697e	8339	c.srli	x14,0xe	 x14:0x00000120 x14=0x00000000
       93561000	     46680	80006980	0512	c.slli	x10,0x4	 x10:0x00000330 x10=0x00003300
       93563000	     46681	80006982	5d7d	c.li	x26,-1	 x26=0xffffffff
       93565000	     46682	80006984	c769be93	sltiu	x29,x19,-906	 x19:0x8001ee7c x29=0x00000001
       93583000	     46691	80006988	00b29f93	slli	x31,x5,0xb	  x5:0x8001add4 x31=0x0d6ea000
       93585000	     46692	8000698c	02809863	bne	x1,x8,800069bc	  x1:0x00000000  x8:0x00000000  x0=0x00000000
       93607000	     46703	80006990	406ad3b3	sra	x7,x21,x6	 x21:0x00000000  x6:0x00000000  x7=0x00000000
       93633000	     46716	80006994	02391463	bne	x18,x3,800069bc	 x18:0x00000000  x3:0xffffffff  x0=0x00000000
       93641000	     46720	800069bc	0b90	c.addi4spn	x12,x2,464	 x12=0x000001d0
       93667000	     46733	800069be	03c20db3	mul	x27,x4,x28	  x4:0x0000000d x28:0x00001000 x27=0x0000d000
       93685000	     46742	800069c2	d7be6f13	ori	x30,x28,-645	 x28:0x00001000 x30=0xfffffd7b
       93703000	     46751	800069c6	020c0933	mul	x18,x24,x0	 x24:0x71408000  x0:0x00000000 x18=0x00000000
       93725000	     46762	800069ca	00dc1413	slli	x8,x24,0xd	 x24:0x71408000  x8=0x10000000
       93727000	     46763	800069ce	03531763	bne	x6,x21,800069fc	  x6:0x00000000 x21:0x00000000  x0=0x00000000
       93729000	     46764	800069d2	6d71	c.lui	x26,0x1c	 x26=0x0001c000
       93733000	     46766	800069d4	906016b7	lui	x13,0x90601	 x13=0x90601000
       93751000	     46775	800069d8	01793033	sltu	x0,x18,x23	 x18:0x00000000 x23:0x00000000  x0=0x00000000
       93825000	     46812	800069dc	0363cfb3	div	x31,x7,x22	  x7:0x00000000 x22:0xffff8082 x31=0x00000000
       93827000	     46813	800069e0	046dc463	blt	x27,x6,80006a28	 x27:0x0000d000  x6:0x00000000  x0=0x00000000
       93829000	     46814	800069e4	400dd713	srai	x14,x27,0x0	 x27:0x0000d000 x14=0x0000d000
       93831000	     46815	800069e8	41f9ddb3	sra	x27,x19,x31	 x19:0x8001ee7c x31:0x00000000 x27=0x8001ee7c
       93847000	     46823	800069ec	01005eb3	srl	x29,x0,x16	  x0:0x00000000 x16:0x00000000 x29=0x00000000
       93863000	     46831	800069f0	d3fe7593	andi	x11,x28,-705	 x28:0x00001000 x11=0x00001000
       93871000	     46835	800069f4	01149cb3	sll	x25,x9,x17	  x9:0x00001004 x17:0x00000000 x25=0x00001004
       93945000	     46872	800069f8	03ab5233	divu	x4,x22,x26	 x22:0xffff8082 x26:0x0001c000  x4=0x00009248
       93947000	     46873	800069fc	f78b7493	andi	x9,x22,-136	 x22:0xffff8082  x9=0xffff8000
       93949000	     46874	80006a00	1800	c.addi4spn	x8,x2,48	  x8=0x00000030
       94023000	     46911	80006a02	02ba4f33	div	x30,x20,x11	 x20:0x7ffe6efe x11:0x00001000 x30=0x0007ffe6
       94025000	     46912	80006a06	8cc1	c.or	x9,x8	  x9:0xffff8000  x8:0x00000030  x9=0xffff8030
       94027000	     46913	80006a08	6ea5	c.lui	x29,0x9	 x29=0x00009000
       94029000	     46914	80006a0a	c359eeb7	lui	x29,0xc359e	 x29=0xc359e000
       94059000	     46929	80006a0e	40355413	srai	x8,x10,0x3	 x10:0x00003300  x8=0x00000660
       94077000	     46938	80006a12	267a2e13	slti	x28,x20,615	 x20:0x7ffe6efe x28=0x00000000
       94079000	     46939	80006a16	8d15	c.sub	x10,x13	 x10:0x00003300 x13:0x90601000 x10=0x6fa02300
       94101000	     46950	80006a18	e2e53813	sltiu	x16,x10,-466	 x10:0x6fa02300 x16=0x00000001
       94109000	     46954	80006a1c	015dc463	blt	x27,x21,80006a24	 x27:0x8001ee7c x21:0x00000000  x0=0x00000000
       94147000	     46973	80006a24	027c0cb3	mul	x25,x24,x7	 x24:0x71408000  x7:0x00000000 x25=0x00000000
       94155000	     46977	80006a28	05046363	bltu	x8,x16,80006a6e	  x8:0x00000660 x16:0x00000001  x0=0x00000000
       94167000	     46983	80006a2c	003e76b3	and	x13,x28,x3	 x28:0x00000000  x3:0xffffffff x13=0x00000000
       94209000	     47004	80006a30	01abf633	and	x12,x23,x26	 x23:0x00000000 x26:0x0001c000 x12=0x00000000
       94211000	     47005	80006a34	00e343b3	xor	x7,x6,x14	  x6:0x00000000 x14:0x0000d000  x7=0x0000d000
       94219000	     47009	80006a38	87d1	c.srai	x15,0x14	 x15:0x00000006 x15=0x00000000
       94221000	     47010	80006a3a	84b9	c.srai	x9,0xe	  x9:0xffff8030  x9=0xfffffffe
       94223000	     47011	80006a3c	0b2a	c.slli	x22,0xa	 x22:0xffff8082 x22=0xfe020800
       94225000	     47012	80006a3e	00296263	bltu	x18,x2,80006a42	 x18:0x00000000  x2:0x00000000  x0=0x00000000
       94245000	     47022	80006a42	c51c8113	addi	x2,x25,-943	 x25:0x00000000  x2=0xfffffc51
       94255000	     47027	80006a46	01367fb3	and	x31,x12,x19	 x12:0x00000000 x19:0x8001ee7c x31=0x00000000
       94257000	     47028	80006a4a	8965	c.andi	x10,25	 x10:0x6fa02300 x10=0x00000000
       94271000	     47035	80006a4c	01c9be33	sltu	x28,x19,x28	 x19:0x8001ee7c x28:0x00000000 x28=0x00000000
       94277000	     47038	80006a50	6961	c.lui	x18,0x18	 x18=0x00018000
       94293000	     47046	80006a52	10a5b413	sltiu	x8,x11,266	 x11:0x00001000  x8=0x00000000
       94305000	     47052	80006a56	04384263	blt	x16,x3,80006a9a	 x16:0x00000001  x3:0xffffffff  x0=0x00000000
       94327000	     47063	80006a5a	02d92833	mulhsu	x16,x18,x13	 x18:0x00018000 x13:0x00000000 x16=0x00000000
       94329000	     47064	80006a5e	40d85133	sra	x2,x16,x13	 x16:0x00000000 x13:0x00000000  x2=0x00000000
       94373000	     47086	80006a62	05689bb7	lui	x23,0x5689	 x23=0x05689000
       94375000	     47087	80006a66	606018b7	lui	x17,0x60601	 x17=0x60601000
       94397000	     47098	80006a6a	00a067b3	or	x15,x0,x10	  x0:0x00000000 x10:0x00000000 x15=0x00000000
       94443000	     47121	80006a6e	0096e7b3	or	x15,x13,x9	 x13:0x00000000  x9:0xfffffffe x15=0xfffffffe
       94445000	     47122	80006a72	56fd	c.li	x13,-1	 x13=0xffffffff
       94447000	     47123	80006a74	015ca7b3	slt	x15,x25,x21	 x25:0x00000000 x21:0x00000000 x15=0x00000000
       94453000	     47126	80006a78	3a2f6693	ori	x13,x30,930	 x30:0x0007ffe6 x13=0x0007ffe6
       94455000	     47127	80006a7c	0de2	c.slli	x27,0x18	 x27:0x8001ee7c x27=0x7c000000
       94497000	     47148	80006a7e	0118d433	srl	x8,x17,x17	 x17:0x60601000 x17:0x60601000  x8=0x60601000
       94527000	     47163	80006a82	01bc0bb3	add	x23,x24,x27	 x24:0x71408000 x27:0x7c000000 x23=0xed408000
       94529000	     47164	80006a86	0001	c.addi	x0,0	  x0:0x00000000  x0=0x00000000
       94537000	     47168	80006a88	0282ab33	mulhsu	x22,x5,x8	  x5:0x8001add4  x8:0x60601000 x22=0xcfd099d0
       94539000	     47169	80006a8c	0044ea33	or	x20,x9,x4	  x9:0xfffffffe  x4:0x00009248 x20=0xfffffffe
       94541000	     47170	80006a90	d4ff4893	xori	x17,x30,-689	 x30:0x0007ffe6 x17=0xfff802a9
       94577000	     47188	80006a94	021f8463	beq	x31,x1,80006abc	 x31:0x00000000  x1:0x00000000  x0=0x00000000
       94657000	     47228	80006abc	01f930b3	sltu	x1,x18,x31	 x18:0x00018000 x31:0x00000000  x1=0x00000000
       94675000	     47237	80006ac0	ed81	c.bnez	x11,80006ad8	 x11:0x00001000
       94699000	     47249	80006ad8	76f6c837	lui	x16,0x76f6c	 x16=0x76f6c000
       94721000	     47260	80006adc	e1574e93	xori	x29,x14,-491	 x14:0x0000d000 x29=0xffff2e15
       94763000	     47281	80006ae0	01662b33	slt	x22,x12,x22	 x12:0x00000000 x22:0xcfd099d0 x22=0x00000000
       94805000	     47302	80006ae4	018ce8b3	or	x17,x25,x24	 x25:0x00000000 x24:0x71408000 x17=0x71408000
       94807000	     47303	80006ae8	01c9a1b3	slt	x3,x19,x28	 x19:0x8001ee7c x28:0x00000000  x3=0x00000001
       94817000	     47308	80006aec	e5766f93	ori	x31,x12,-425	 x12:0x00000000 x31=0xfffffe57
       94829000	     47314	80006af0	00d71c33	sll	x24,x14,x13	 x14:0x0000d000 x13:0x0007ffe6 x24=0x00340000
       94841000	     47320	80006af4	8f65	c.and	x14,x9	 x14:0x0000d000  x9:0xfffffffe x14=0x0000d000
       94843000	     47321	80006af6	8d3d	c.xor	x10,x15	 x10:0x00000000 x15:0x00000000 x10=0x00000000
       94859000	     47329	80006af8	8691	c.srai	x13,0x4	 x13:0x0007ffe6 x13=0x00007ffe
       94861000	     47330	80006afa	878d	c.srai	x15,0x3	 x15:0x00000000 x15=0x00000000
       94863000	     47331	80006afc	98127eb7	lui	x29,0x98127	 x29=0x98127000
       94873000	     47336	80006b00	60dca617	auipc	x12,0x60dca	 x12=0xe0dd0b00
       94877000	     47338	80006b04	03697bb3	remu	x23,x18,x22	 x18:0x00018000 x22:0x00000000 x23=0x00018000
       94899000	     47349	80006b08	031cf963	bgeu	x25,x17,80006b3a	 x25:0x00000000 x17:0x71408000  x0=0x00000000
       94923000	     47361	80006b0c	403f51b3	sra	x3,x30,x3	 x30:0x0007ffe6  x3:0x00000001  x3=0x0003fff3
       94955000	     47377	80006b10	00129563	bne	x5,x1,80006b1a	  x5:0x8001add4  x1:0x00000000  x0=0x00000000
       95049000	     47424	80006b1a	8f15	c.sub	x14,x13	 x14:0x0000d000 x13:0x00007ffe x14=0x00005002
       95061000	     47430	80006b1c	616d	c.addi16sp	x2,240	  x2:0x00000000  x2=0x000000f0
       95063000	     47431	80006b1e	402dd513	srai	x10,x27,0x2	 x27:0x7c000000 x10=0x1f000000
       95099000	     47449	80006b22	03d6fe63	bgeu	x13,x29,80006b5e	 x13:0x00007ffe x29:0x98127000  x0=0x00000000
       95109000	     47454	80006b26	74da3e97	auipc	x29,0x74da3	 x29=0xf4da9b26
       95111000	     47455	80006b2a	377c4a93	xori	x21,x24,887	 x24:0x00340000 x21=0x00340377
       95113000	     47456	80006b2e	8ed1	c.or	x13,x12	 x13:0x00007ffe x12:0xe0dd0b00 x13=0xe0dd7ffe
       95163000	     47481	80006b30	02202733	mulhsu	x14,x0,x2	  x0:0x00000000  x2:0x000000f0 x14=0x00000000
       95165000	     47482	80006b34	9276	c.add	x4,x29	  x4:0x00009248 x29:0xf4da9b26  x4=0xf4db2d6e
       95211000	     47505	80006b36	1b6ac493	xori	x9,x21,438	 x21:0x00340377  x9=0x003402c1
       95223000	     47511	80006b3a	00249eb3	sll	x29,x9,x2	  x9:0x003402c1  x2:0x000000f0 x29=0x02c10000
       95233000	     47516	80006b3e	0b440193	addi	x3,x8,180	  x8:0x60601000  x3=0x606010b4
       95255000	     47527	80006b42	f2153513	sltiu	x10,x10,-223	 x10:0x1f000000 x10=0x00000001
       95257000	     47528	80006b46	009c	c.addi4spn	x15,x2,64	 x15=0x00000130
       95275000	     47537	80006b48	016dcb63	blt	x27,x22,80006b5e	 x27:0x7c000000 x22:0x00000000  x0=0x00000000
       95277000	     47538	80006b4c	e2bbfa93	andi	x21,x23,-469	 x23:0x00018000 x21=0x00018000
       95283000	     47541	80006b50	8c8d	c.sub	x9,x11	  x9:0x003402c1 x11:0x00001000  x9=0x0033f2c1
       95285000	     47542	80006b52	6141	c.addi16sp	x2,16	  x2:0x000000f0  x2=0x00000100
       95325000	     47562	80006b54	1cacad13	slti	x26,x25,458	 x25:0x00000000 x26=0x00000001
       95355000	     47577	80006b58	01fbff63	bgeu	x23,x31,80006b76	 x23:0x00018000 x31:0xfffffe57  x0=0x00000000
       95397000	     47598	80006b5c	717d	c.addi16sp	x2,-16	  x2:0x00000100  x2=0x000000f0
       95471000	     47635	80006b5e	030afd33	remu	x26,x21,x16	 x21:0x00018000 x16:0x76f6c000 x26=0x00018000
       95473000	     47636	80006b62	01eb5533	srl	x10,x22,x30	 x22:0x00000000 x30:0x0007ffe6 x10=0x00000000
       95475000	     47637	80006b66	e9198693	addi	x13,x19,-367	 x19:0x8001ee7c x13=0x8001ed0d
       95541000	     47670	80006b6a	01f29663	bne	x5,x31,80006b76	  x5:0x8001add4 x31:0xfffffe57  x0=0x00000000
       95599000	     47699	80006b76	d1602893	slti	x17,x0,-746	  x0:0x00000000 x17=0x00000000
       95601000	     47700	80006b7a	17223593	sltiu	x11,x4,370	  x4:0xf4db2d6e x11=0x00000000
       95623000	     47711	80006b7e	01e10b93	addi	x23,x2,30	  x2:0x000000f0 x23=0x0000010e
       95641000	     47720	80006b82	01189fb3	sll	x31,x17,x17	 x17:0x00000000 x17:0x00000000 x31=0x00000000
       95643000	     47721	80006b86	00c44d63	blt	x8,x12,80006ba0	  x8:0x60601000 x12:0xe0dd0b00  x0=0x00000000
       95679000	     47739	80006b8a	002f7b33	and	x22,x30,x2	 x30:0x0007ffe6  x2:0x000000f0 x22=0x000000e0
       95689000	     47744	80006b8e	01a51633	sll	x12,x10,x26	 x10:0x00000000 x26:0x00018000 x12=0x00000000
       95717000	     47758	80006b92	02c4ce33	div	x28,x9,x12	  x9:0x0033f2c1 x12:0x00000000 x28=0xffffffff
       95721000	     47760	80006b96	ec91	c.bnez	x9,80006bb2	  x9:0x0033f2c1
       95775000	     47787	80006bb2	01795f13	srli	x30,x18,0x17	 x18:0x00018000 x30=0x00000000
       95779000	     47789	80006bb6	0268fd33	remu	x26,x17,x6	 x17:0x00000000  x6:0x00000000 x26=0x00000000
       95781000	     47790	80006bba	407b5ab3	sra	x21,x22,x7	 x22:0x000000e0  x7:0x0000d000 x21=0x000000e0
       95783000	     47791	80006bbe	03d97163	bgeu	x18,x29,80006be0	 x18:0x00018000 x29:0x02c10000  x0=0x00000000
       95809000	     47804	80006bc2	03b421b3	mulhsu	x3,x8,x27	  x8:0x60601000 x27:0x7c000000  x3=0x2eae87c0
       95813000	     47806	80006bc6	031b5a33	divu	x20,x22,x17	 x22:0x000000e0 x17:0x00000000 x20=0xffffffff
       95815000	     47807	80006bca	8ded	c.and	x11,x11	 x11:0x00000000 x11:0x00000000 x11=0x00000000
       95833000	     47816	80006bcc	02ede8b3	rem	x17,x27,x14	 x27:0x7c000000 x14:0x00000000 x17=0x7c000000
       95879000	     47839	80006bd0	00287563	bgeu	x16,x2,80006bda	 x16:0x76f6c000  x2:0x000000f0  x0=0x00000000
       95881000	     47840	80006bd4	0bf04893	xori	x17,x0,191	  x0:0x00000000 x17=0x000000bf
       95943000	     47871	80006bd8	1e18	c.addi4spn	x14,x2,816	 x14=0x00000420
       95961000	     47880	80006bda	01d77db3	and	x27,x14,x29	 x14:0x00000420 x29:0x02c10000 x27=0x00000000
       95963000	     47881	80006bde	0a4e	c.slli	x20,0x13	 x20:0xffffffff x20=0xfff80000
       95965000	     47882	80006be0	007fbeb3	sltu	x29,x31,x7	 x31:0x00000000  x7:0x0000d000 x29=0x00000001
       96057000	     47928	80006be4	030c7e33	remu	x28,x24,x16	 x24:0x00340000 x16:0x76f6c000 x28=0x00340000
       96059000	     47929	80006be8	205a0393	addi	x7,x20,517	 x20:0xfff80000  x7=0xfff80205
       96061000	     47930	80006bec	0f1a	c.slli	x30,0x6	 x30:0x00000000 x30=0x00000000
       96063000	     47931	80006bee	8195	c.srli	x11,0x5	 x11:0x00000000 x11=0x00000000
       96065000	     47932	80006bf0	00011c13	slli	x24,x2,0x0	  x2:0x000000f0 x24=0x000000f0
       96115000	     47957	80006bf4	0700	c.addi4spn	x8,x2,896	  x8=0x00000470
       96121000	     47960	80006bf6	03d880b3	mul	x1,x17,x29	 x17:0x000000bf x29:0x00000001  x1=0x000000bf
       96133000	     47966	80006bfa	00feec33	or	x24,x29,x15	 x29:0x00000001 x15:0x00000130 x24=0x00000131
       96159000	     47979	80006bfe	029a3433	mulhu	x8,x20,x9	 x20:0xfff80000  x9:0x0033f2c1  x8=0x0033f121
       96161000	     47980	80006c02	0001	c.addi	x0,0	  x0:0x00000000  x0=0x00000000
       96171000	     47985	80006c04	ed09	c.bnez	x10,80006c1e	 x10:0x00000000
       96177000	     47988	80006c06	4168ddb3	sra	x27,x17,x22	 x17:0x000000bf x22:0x000000e0 x27=0x000000bf
       96253000	     48026	80006c0a	037cf033	remu	x0,x25,x23	 x25:0x00000000 x23:0x0000010e  x0=0x00000000
       96255000	     48027	80006c0e	050c	c.addi4spn	x11,x2,640	 x11=0x00000370
       96257000	     48028	80006c10	4e25	c.li	x28,9	 x28=0x00000009
       96259000	     48029	80006c12	6d59	c.lui	x26,0x16	 x26=0x00016000
       96261000	     48030	80006c14	d31dba17	auipc	x20,0xd31db	 x20=0x531e1c14
       96285000	     48042	80006c18	02060a33	mul	x20,x12,x0	 x12:0x00000000  x0:0x00000000 x20=0x00000000
       96303000	     48051	80006c1c	9236	c.add	x4,x13	  x4:0xf4db2d6e x13:0x8001ed0d  x4=0x74dd1a7b
       96305000	     48052	80006c1e	00c0d633	srl	x12,x1,x12	  x1:0x000000bf x12:0x00000000 x12=0x000000bf
       96317000	     48058	80006c22	01211813	slli	x16,x2,0x12	  x2:0x000000f0 x16=0x03c00000
       96319000	     48059	80006c26	276a7c93	andi	x25,x20,630	 x20:0x00000000 x25=0x00000000
       96327000	     48063	80006c2a	03fb97b3	mulh	x15,x23,x31	 x23:0x0000010e x31:0x00000000 x15=0x00000000
       96329000	     48064	80006c2e	01cee133	or	x2,x29,x28	 x29:0x00000001 x28:0x00000009  x2=0x00000009
       96331000	     48065	80006c32	0001	c.addi	x0,0	  x0:0x00000000  x0=0x00000000
       96379000	     48089	80006c34	03dbac33	mulhsu	x24,x23,x29	 x23:0x0000010e x29:0x00000001 x24=0x00000000
       96381000	     48090	80006c38	0001	c.addi	x0,0	  x0:0x00000000  x0=0x00000000
       96397000	     48098	80006c3a	5e26a7b7	lui	x15,0x5e26a	 x15=0x5e26a000
       96507000	     48153	80006c3e	03b871b3	remu	x3,x16,x27	 x16:0x03c00000 x27:0x000000bf  x3=0x00000073
       96509000	     48154	80006c42	0160c0b3	xor	x1,x1,x22	  x1:0x000000bf x22:0x000000e0  x1=0x0000005f
       96511000	     48155	80006c46	41ed8933	sub	x18,x27,x30	 x27:0x000000bf x30:0x00000000 x18=0x000000bf
       96513000	     48156	80006c4a	8e25	c.xor	x12,x9	 x12:0x000000bf  x9:0x0033f2c1 x12=0x0033f27e
       96535000	     48167	80006c4c	0001	c.addi	x0,0	  x0:0x00000000  x0=0x00000000
       96537000	     48168	80006c4e	0001	c.addi	x0,0	  x0:0x00000000  x0=0x00000000
       96539000	     48169	80006c50	41208133	sub	x2,x1,x18	  x1:0x0000005f x18:0x000000bf  x2=0xffffffa0
       96595000	     48197	80006c54	faaecb13	xori	x22,x29,-86	 x29:0x00000001 x22=0xffffffab
       96597000	     48198	80006c58	19958713	addi	x14,x11,409	 x11:0x00000370 x14=0x00000509
       96671000	     48235	80006c5c	0358d033	divu	x0,x17,x21	 x17:0x000000bf x21:0x000000e0  x0=0x00000000
       96673000	     48236	80006c60	01765963	bge	x12,x23,80006c72	 x12:0x0033f27e x23:0x0000010e  x0=0x00000000
       96675000	     48237	80006c64	014d71b3	and	x3,x26,x20	 x26:0x00016000 x20:0x00000000  x3=0x00000000
       96677000	     48238	80006c68	c8d2f697	auipc	x13,0xc8d2f	 x13=0x48d35c68
       96701000	     48250	80006c6c	8ee9	c.and	x13,x10	 x13:0x48d35c68 x10:0x00000000 x13=0x00000000
       96709000	     48254	80006c6e	ded0e913	ori	x18,x1,-531	  x1:0x0000005f x18=0xfffffdff
       96725000	     48262	80006c72	0176f733	and	x14,x13,x23	 x13:0x00000000 x23:0x0000010e x14=0x00000000
       96731000	     48265	80006c76	00c34ab3	xor	x21,x6,x12	  x6:0x00000000 x12:0x0033f27e x21=0x0033f27e
       96825000	     48312	80006c7a	03034a33	div	x20,x6,x16	  x6:0x00000000 x16:0x03c00000 x20=0x00000000
       96829000	     48314	80006c7e	c90d	c.beqz	x10,80006cb0	 x10:0x00000000
       96849000	     48324	80006cb0	0ff0000f	fence	iorwiorwiorwiorwiorwiorwiorwiorwiorwiorwiorwiorwiorwiorwiorwiorwiorwiorwiorwiorwiorwiorwiorwiorwiorwiorwiorwiorwiorwiorwiorwiorwiorwiorwiorwiorwiorwiorwiorwiorwiorwiorwiorwiorwiorwiorwiorwiorwiorwiorwiorwiorwiorwiorwiorwiorwiorwiorwiorwiorwiorwiorwiorwiorwiorwiorwiorwiorwiorwiorwiorwiorwiorwiorwiorwiorwiorwiorwiorwiorwiorwiorwiorwiorwiorwiorwiorwiorwiorwiorwiorwiorwiorwiorwiorwiorwiorwiorwiorwiorwiorwiorwiorwiorwiorwiorwiorwiorwiorwiorwiorwiorwiorwiorwiorwiorwiorwiorwiorwiorwiorwiorwiorwiorwiorwiorwiorwiorwiorwiorwiorwiorwiorwiorwiorwiorwiorwiorwiorwiorwiorwiorwiorwiorwiorwiorwiorwiorwiorwiorwiorwiorwiorwiorwiorwiorwiorw,iorwiorwiorwiorwiorwiorwiorwiorwiorwiorwiorwiorwiorwiorwiorwiorwiorwiorwiorwiorwiorwiorwiorwiorwiorwiorwiorwiorwiorwiorwiorwiorwiorwiorwiorwiorwiorwiorwiorwiorwiorwiorwiorwiorwiorwiorwiorwiorwiorwiorwiorwiorwiorwiorwiorwiorwiorwiorwiorwiorwiorwiorwiorwiorwiorwiorwiorwiorwiorwiorwiorwiorwiorwiorwiorwiorwiorwiorwiorwiorwiorwiorwiorwiorwiorwiorwiorwiorwiorwiorwiorwiorwiorwiorwiorwiorwiorwiorwiorwiorwiorwiorwiorwiorwiorwiorwiorwiorwiorwiorwiorwiorwiorwiorwiorwiorwiorwiorwiorwiorwiorwiorwiorwiorwiorwiorwiorwiorwiorwiorwiorwiorwiorwiorwiorwiorwiorwiorwiorwiorwiorwiorwiorwiorwiorwiorwiorwiorwiorwiorwiorwiorwiorwiorwiorwiorwiorwiorw	
       96871000	     48335	80006cb4	1004	c.addi4spn	x9,x2,32	  x9=0xffffffc0
       96873000	     48336	80006cb6	8bc1	c.andi	x15,16	 x15:0x5e26a000 x15=0x00000000
       96903000	     48351	80006cb8	03946893	ori	x17,x8,57	  x8:0x0033f121 x17=0x0033f139
       96923000	     48361	80006cbc	01169d93	slli	x27,x13,0x11	 x13:0x00000000 x27=0x00000000
       96931000	     48365	80006cc0	02482733	mulhsu	x14,x16,x4	 x16:0x03c00000  x4:0x74dd1a7b x14=0x01b63d23
       96969000	     48384	80006cc4	01a66b63	bltu	x12,x26,80006cda	 x12:0x0033f27e x26:0x00016000  x0=0x00000000
       96971000	     48385	80006cc8	2d7bbf93	sltiu	x31,x23,727	 x23:0x0000010e x31=0x00000001
       96983000	     48391	80006ccc	0001	c.addi	x0,0	  x0:0x00000000  x0=0x00000000
       96993000	     48396	80006cce	01a7fcb3	and	x25,x15,x26	 x15:0x00000000 x26:0x00016000 x25=0x00000000
       96997000	     48398	80006cd2	e711	c.bnez	x14,80006cde	 x14:0x01b63d23
       97059000	     48429	80006cde	0169f0b3	and	x1,x19,x22	 x19:0x8001ee7c x22:0xffffffab  x1=0x8001ee28
       97093000	     48446	80006ce2	3e19eb13	ori	x22,x19,993	 x19:0x8001ee7c x22=0x8001effd
       97109000	     48454	80006ce6	c7c04793	xori	x15,x0,-900	  x0:0x00000000 x15=0xfffffc7c
       97129000	     48464	80006cea	4009d733	sra	x14,x19,x0	 x19:0x8001ee7c  x0:0x00000000 x14=0x8001ee7c
       97209000	     48504	80006cee	036c77b3	remu	x15,x24,x22	 x24:0x00000000 x22:0x8001effd x15=0x00000000
       97211000	     48505	80006cf2	41eb07b3	sub	x15,x22,x30	 x22:0x8001effd x30:0x00000000 x15=0x8001effd
       97213000	     48506	80006cf6	6171	c.addi16sp	x2,336	  x2:0xffffffa0  x2=0x000000f0
       97215000	     48507	80006cf8	01b3ae33	slt	x28,x7,x27	  x7:0xfff80205 x27:0x00000000 x28=0x00000001
       97237000	     48518	80006cfc	fd14c813	xori	x16,x9,-47	  x9:0xffffffc0 x16=0x00000011
       97259000	     48529	80006d00	4148deb3	sra	x29,x17,x20	 x17:0x0033f139 x20:0x00000000 x29=0x0033f139
       97275000	     48537	80006d04	0204d663	bge	x9,x0,80006d30	  x9:0xffffffc0  x0:0x00000000  x0=0x00000000
       97325000	     48562	80006d08	04229063	bne	x5,x2,80006d48	  x5:0x8001add4  x2:0x000000f0  x0=0x00000000
       97435000	     48617	80006d48	036e45b3	div	x11,x28,x22	 x28:0x00000001 x22:0x8001effd x11=0x00000000
       97437000	     48618	80006d4c	00d3c4b3	xor	x9,x7,x13	  x7:0xfff80205 x13:0x00000000  x9=0xfff80205
       97439000	     48619	80006d50	000dd1b3	srl	x3,x27,x0	 x27:0x00000000  x0:0x00000000  x3=0x00000000
       97441000	     48620	80006d54	00ff10b3	sll	x1,x30,x15	 x30:0x00000000 x15:0x8001effd  x1=0x00000000
       97471000	     48635	80006d58	01aea733	slt	x14,x29,x26	 x29:0x0033f139 x26:0x00016000 x14=0x00000000
       97485000	     48642	80006d5c	0001	c.addi	x0,0	  x0:0x00000000  x0=0x00000000
       97501000	     48650	80006d5e	0312a033	mulhsu	x0,x5,x17	  x5:0x8001add4 x17:0x0033f139  x0=0x00000000
       97543000	     48671	80006d62	01137eb3	and	x29,x6,x17	  x6:0x00000000 x17:0x0033f139 x29=0x00000000
       97545000	     48672	80006d66	0001	c.addi	x0,0	  x0:0x00000000  x0=0x00000000
       97555000	     48677	80006d68	40f9d6b3	sra	x13,x19,x15	 x19:0x8001ee7c x15:0x8001effd x13=0xfffffffc
       97567000	     48683	80006d6c	8fcd	c.or	x15,x11	 x15:0x8001effd x11:0x00000000 x15=0x8001effd
       97589000	     48694	80006d6e	0657ff13	andi	x30,x15,101	 x15:0x8001effd x30=0x00000065
       97591000	     48695	80006d72	eaa63693	sltiu	x13,x12,-342	 x12:0x0033f27e x13=0x00000001
       97605000	     48702	80006d76	01a30ab3	add	x21,x6,x26	  x6:0x00000000 x26:0x00016000 x21=0x00016000
       97681000	     48740	80006d7a	03e063b3	rem	x7,x0,x30	  x0:0x00000000 x30:0x00000065  x7=0x00000000
       97683000	     48741	80006d7e	8ef1	c.and	x13,x12	 x13:0x00000001 x12:0x0033f27e x13=0x00000000
       97685000	     48742	80006d80	00d3db33	srl	x22,x7,x13	  x7:0x00000000 x13:0x00000000 x22=0x00000000
       97687000	     48743	80006d84	f3cbf193	andi	x3,x23,-196	 x23:0x0000010e  x3=0x0000010c
       97747000	     48773	80006d88	0064cb63	blt	x9,x6,80006d9e	  x9:0xfff80205  x6:0x00000000  x0=0x00000000
       97791000	     48795	80006d9e	8ec1	c.or	x13,x8	 x13:0x00000000  x8:0x0033f121 x13=0x0033f121
       97853000	     48826	80006da0	02e3ee63	bltu	x7,x14,80006ddc	  x7:0x00000000 x14:0x00000000  x0=0x00000000
       97861000	     48830	80006da4	028d9133	mulh	x2,x27,x8	 x27:0x00000000  x8:0x0033f121  x2=0x00000000
       97871000	     48835	80006da8	8e21	c.xor	x12,x8	 x12:0x0033f27e  x8:0x0033f121 x12=0x0000035f
       97913000	     48856	80006daa	26cce913	ori	x18,x25,620	 x25:0x00000000 x18=0x0000026c
       97933000	     48866	80006dae	4098dcb3	sra	x25,x17,x9	 x17:0x0033f139  x9:0xfff80205 x25=0x00019f89
       97935000	     48867	80006db2	8fd5	c.or	x15,x13	 x15:0x8001effd x13:0x0033f121 x15=0x8033fffd
       97937000	     48868	80006db4	87ad	c.srai	x15,0xb	 x15:0x8033fffd x15=0xfff0067f
       97939000	     48869	80006db6	cc89	c.beqz	x9,80006dd0	  x9:0xfff80205
       97959000	     48879	80006db8	cd15	c.beqz	x10,80006df4	 x10:0x00000000
       98037000	     48918	80006df4	03ee9633	mulh	x12,x29,x30	 x29:0x00000000 x30:0x00000065 x12=0x00000000
       98039000	     48919	80006df8	8f59	c.or	x14,x14	 x14:0x00000000 x14:0x00000000 x14=0x00000000
       98041000	     48920	80006dfa	07de	c.slli	x15,0x17	 x15:0xfff0067f x15=0x3f800000
       98129000	     48964	80006dfc	03a04cb3	div	x25,x0,x26	  x0:0x00000000 x26:0x00016000 x25=0x00000000
       98131000	     48965	80006e00	717d	c.addi16sp	x2,-16	  x2:0x00000000  x2=0xfffffff0
       98133000	     48966	80006e02	8d4d	c.or	x10,x11	 x10:0x00000000 x11:0x00000000 x10=0x00000000
       98135000	     48967	80006e04	f4136c93	ori	x25,x6,-191	  x6:0x00000000 x25=0xffffff41
       98143000	     48971	80006e08	02a41433	mulh	x8,x8,x10	  x8:0x0033f121 x10:0x00000000  x8=0x00000000
       98169000	     48984	80006e0c	01dafe33	and	x28,x21,x29	 x21:0x00016000 x29:0x00000000 x28=0x00000000
       98171000	     48985	80006e10	c389	c.beqz	x15,80006e12	 x15:0x3f800000
       98223000	     49011	80006e12	ff002a13	slti	x20,x0,-16	  x0:0x00000000 x20=0x00000000
       98265000	     49032	80006e16	01a394b3	sll	x9,x7,x26	  x7:0x00000000 x26:0x00016000  x9=0x00000000
       98275000	     49037	80006e1a	03aa7063	bgeu	x20,x26,80006e3a	 x20:0x00000000 x26:0x00016000  x0=0x00000000
       98281000	     49040	80006e1e	0115d513	srli	x10,x11,0x11	 x11:0x00000000 x10=0x00000000
       98283000	     49041	80006e22	8791	c.srai	x15,0x4	 x15:0x3f800000 x15=0x03f80000
       98287000	     49043	80006e24	56fd	c.li	x13,-1	 x13=0xffffffff
       98289000	     49044	80006e26	8c39	c.xor	x8,x14	  x8:0x00000000 x14:0x00000000  x8=0x00000000
       98307000	     49053	80006e28	e71d	c.bnez	x14,80006e56	 x14:0x00000000
       98309000	     49054	80006e2a	8476	c.mv	x8,x29	  x0:0x00000000 x29:0x00000000  x8=0x00000000
       98317000	     49058	80006e2c	13fd	c.addi	x7,-1	  x7:0x00000000  x7=0xffffffff
       98319000	     49059	80006e2e	0539	c.addi	x10,14	 x10:0x00000000 x10=0x0000000e
       98331000	     49065	80006e30	02dd5e63	bge	x26,x13,80006e6c	 x26:0x00016000 x13:0xffffffff  x0=0x00000000
       98343000	     49071	80006e34	8ba5	c.andi	x15,9	 x15:0x03f80000 x15=0x00000000
       98357000	     49078	80006e36	02f00d33	mul	x26,x0,x15	  x0:0x00000000 x15:0x00000000 x26=0x00000000
       98359000	     49079	80006e3a	0dd1bc93	sltiu	x25,x3,221	  x3:0x0000010c x25=0x00000000
       98403000	     49101	80006e3e	00e51fb3	sll	x31,x10,x14	 x10:0x0000000e x14:0x00000000 x31=0x0000000e
       98405000	     49102	80006e42	53fd	c.li	x7,-1	  x7=0xffffffff
       98407000	     49103	80006e44	e22e8013	addi	x0,x29,-478	 x29:0x00000000  x0=0x00000000
       98431000	     49115	80006e48	03548d33	mul	x26,x9,x21	  x9:0x00000000 x21:0x00016000 x26=0x00000000
       98473000	     49136	80006e4c	9d62	c.add	x26,x24	 x26:0x00000000 x24:0x00000000 x26=0x00000000
       98483000	     49141	80006e4e	006d4b33	xor	x22,x26,x6	 x26:0x00000000  x6:0x00000000 x22=0x00000000
       98565000	     49182	80006e52	03fd7633	remu	x12,x26,x31	 x26:0x00000000 x31:0x0000000e x12=0x00000000
       98567000	     49183	80006e56	00345fb3	srl	x31,x8,x3	  x8:0x00000000  x3:0x0000010c x31=0x00000000
       98569000	     49184	80006e5a	0238e663	bltu	x17,x3,80006e86	 x17:0x0033f139  x3:0x0000010c  x0=0x00000000
       98587000	     49193	80006e5e	0ff0000f	fence	iorwiorwiorwiorwiorwiorwiorwiorwiorwiorwiorwiorwiorwiorwiorwiorwiorwiorwiorwiorwiorwiorwiorwiorwiorwiorwiorwiorwiorwiorwiorwiorwiorwiorwiorwiorwiorwiorwiorwiorwiorwiorwiorwiorwiorwiorwiorwiorwiorwiorwiorwiorwiorwiorwiorwiorwiorwiorwiorwiorwiorwiorwiorwiorwiorwiorwiorwiorwiorwiorwiorwiorwiorwiorwiorwiorwiorwiorwiorwiorwiorwiorwiorwiorwiorwiorwiorwiorwiorwiorwiorwiorwiorwiorwiorwiorwiorwiorwiorwiorwiorwiorwiorwiorwiorwiorwiorwiorwiorwiorwiorwiorwiorwiorwiorwiorwiorwiorwiorwiorwiorwiorwiorwiorwiorwiorwiorwiorwiorwiorwiorwiorwiorwiorwiorwiorwiorwiorwiorwiorwiorwiorwiorwiorwiorwiorwiorwiorwiorwiorwiorwiorwiorwiorwiorwiorwiorwiorwiorw,iorwiorwiorwiorwiorwiorwiorwiorwiorwiorwiorwiorwiorwiorwiorwiorwiorwiorwiorwiorwiorwiorwiorwiorwiorwiorwiorwiorwiorwiorwiorwiorwiorwiorwiorwiorwiorwiorwiorwiorwiorwiorwiorwiorwiorwiorwiorwiorwiorwiorwiorwiorwiorwiorwiorwiorwiorwiorwiorwiorwiorwiorwiorwiorwiorwiorwiorwiorwiorwiorwiorwiorwiorwiorwiorwiorwiorwiorwiorwiorwiorwiorwiorwiorwiorwiorwiorwiorwiorwiorwiorwiorwiorwiorwiorwiorwiorwiorwiorwiorwiorwiorwiorwiorwiorwiorwiorwiorwiorwiorwiorwiorwiorwiorwiorwiorwiorwiorwiorwiorwiorwiorwiorwiorwiorwiorwiorwiorwiorwiorwiorwiorwiorwiorwiorwiorwiorwiorwiorwiorwiorwiorwiorwiorwiorwiorwiorwiorwiorwiorwiorwiorwiorwiorwiorwiorwiorwiorwiorwiorw	
       98621000	     49210	80006e62	02002db3	mulhsu	x27,x0,x0	  x0:0x00000000  x0:0x00000000 x27=0x00000000
       98623000	     49211	80006e66	83c1	c.srli	x15,0x10	 x15:0x00000000 x15=0x00000000
       98625000	     49212	80006e68	00b295b3	sll	x11,x5,x11	  x5:0x8001add4 x11:0x00000000 x11=0x8001add4
       98647000	     49223	80006e6c	997d	c.andi	x10,-1	 x10:0x0000000e x10=0x0000000e
       98649000	     49224	80006e6e	019c	c.addi4spn	x15,x2,192	 x15=0x000000b0
       98651000	     49225	80006e70	0103c933	xor	x18,x7,x16	  x7:0xffffffff x16:0x00000011 x18=0xffffffee
       98657000	     49228	80006e74	02c58bb3	mul	x23,x11,x12	 x11:0x8001add4 x12:0x00000000 x23=0x00000000
       98707000	     49253	80006e78	be1e4717	auipc	x14,0xbe1e4	 x14=0x3e1eae78
       98709000	     49254	80006e7c	0179dfb3	srl	x31,x19,x23	 x19:0x8001ee7c x23:0x00000000 x31=0x8001ee7c
       98721000	     49260	80006e80	03cf53b3	divu	x7,x30,x28	 x30:0x00000065 x28:0x00000000  x7=0xffffffff
       98747000	     49273	80006e84	8775	c.srai	x14,0x1d	 x14:0x3e1eae78 x14=0x00000001
       98773000	     49286	80006e86	0ff0000f	fence	iorwiorwiorwiorwiorwiorwiorwiorwiorwiorwiorwiorwiorwiorwiorwiorwiorwiorwiorwiorwiorwiorwiorwiorwiorwiorwiorwiorwiorwiorwiorwiorwiorwiorwiorwiorwiorwiorwiorwiorwiorwiorwiorwiorwiorwiorwiorwiorwiorwiorwiorwiorwiorwiorwiorwiorwiorwiorwiorwiorwiorwiorwiorwiorwiorwiorwiorwiorwiorwiorwiorwiorwiorwiorwiorwiorwiorwiorwiorwiorwiorwiorwiorwiorwiorwiorwiorwiorwiorwiorwiorwiorwiorwiorwiorwiorwiorwiorwiorwiorwiorwiorwiorwiorwiorwiorwiorwiorwiorwiorwiorwiorwiorwiorwiorwiorwiorwiorwiorwiorwiorwiorwiorwiorwiorwiorwiorwiorwiorwiorwiorwiorwiorwiorwiorwiorwiorwiorwiorwiorwiorwiorwiorwiorwiorwiorwiorwiorwiorwiorwiorwiorwiorwiorwiorwiorwiorwiorwiorwiorwiorw,iorwiorwiorwiorwiorwiorwiorwiorwiorwiorwiorwiorwiorwiorwiorwiorwiorwiorwiorwiorwiorwiorwiorwiorwiorwiorwiorwiorwiorwiorwiorwiorwiorwiorwiorwiorwiorwiorwiorwiorwiorwiorwiorwiorwiorwiorwiorwiorwiorwiorwiorwiorwiorwiorwiorwiorwiorwiorwiorwiorwiorwiorwiorwiorwiorwiorwiorwiorwiorwiorwiorwiorwiorwiorwiorwiorwiorwiorwiorwiorwiorwiorwiorwiorwiorwiorwiorwiorwiorwiorwiorwiorwiorwiorwiorwiorwiorwiorwiorwiorwiorwiorwiorwiorwiorwiorwiorwiorwiorwiorwiorwiorwiorwiorwiorwiorwiorwiorwiorwiorwiorwiorwiorwiorwiorwiorwiorwiorwiorwiorwiorwiorwiorwiorwiorwiorwiorwiorwiorwiorwiorwiorwiorwiorwiorwiorwiorwiorwiorwiorwiorwiorwiorwiorwiorwiorwiorwiorwiorwiorwiorwiorw	
       98793000	     49296	80006e8a	0129ceb3	xor	x29,x19,x18	 x19:0x8001ee7c x18:0xffffffee x29=0x7ffe1192
       98811000	     49305	80006e8e	315a9217	auipc	x4,0x315a9	  x4=0xb15afe8e
       98813000	     49306	80006e92	117d	c.addi	x2,-1	  x2:0xfffffff0  x2=0xffffffef
       98853000	     49326	80006e94	0718	c.addi4spn	x14,x2,896	 x14=0x0000036f
       98855000	     49327	80006e96	2f1b8613	addi	x12,x23,753	 x23:0x00000000 x12=0x000002f1
       98877000	     49338	80006e9a	01819d93	slli	x27,x3,0x18	  x3:0x0000010c x27=0x0c000000
       98941000	     49370	80006e9e	02779c63	bne	x15,x7,80006ed6	 x15:0x000000b0  x7:0xffffffff  x0=0x00000000
       99051000	     49425	80006ed6	f6190513	addi	x10,x18,-159	 x18:0xffffffee x10=0xffffff4f
       99099000	     49449	80006eda	01771593	slli	x11,x14,0x17	 x14:0x0000036f x11=0xb7800000
       99101000	     49450	80006ede	9b32	c.add	x22,x12	 x22:0x00000000 x12:0x000002f1 x22=0x000002f1
       99107000	     49453	80006ee0	98fd	c.andi	x9,-1	  x9:0x00000000  x9=0x00000000
       99139000	     49469	80006ee2	027010b3	mulh	x1,x0,x7	  x0:0x00000000  x7:0xffffffff  x1=0x00000000
       99179000	     49489	80006ee6	00873933	sltu	x18,x14,x8	 x14:0x0000036f  x8:0x00000000 x18=0x00000000
       99181000	     49490	80006eea	0a72	c.slli	x20,0x1c	 x20:0x00000000 x20=0x00000000
       99189000	     49494	80006eec	448d	c.li	x9,3	  x9=0x00000003
       99191000	     49495	80006eee	5cfd	c.li	x25,-1	 x25=0xffffffff
       99231000	     49515	80006ef0	0001	c.addi	x0,0	  x0:0x00000000  x0=0x00000000
       99233000	     49516	80006ef2	5dfd	c.li	x27,-1	 x27=0xffffffff
       99267000	     49533	80006ef4	004090b3	sll	x1,x1,x4	  x1:0x00000000  x4:0xb15afe8e  x1=0x00000000
       99289000	     49544	80006ef8	81b9	c.srli	x11,0xe	 x11:0xb7800000 x11=0x0002de00
       99291000	     49545	80006efa	e1f80513	addi	x10,x16,-481	 x16:0x00000011 x10=0xfffffe30
       99293000	     49546	80006efe	8e71	c.and	x12,x12	 x12:0x000002f1 x12:0x000002f1 x12=0x000002f1
       99301000	     49550	80006f00	0089e8b3	or	x17,x19,x8	 x19:0x8001ee7c  x8:0x00000000 x17=0x8001ee7c
       99355000	     49577	80006f04	418c8133	sub	x2,x25,x24	 x25:0xffffffff x24:0x00000000  x2=0xffffffff
       99397000	     49598	80006f08	009bfc63	bgeu	x23,x9,80006f20	 x23:0x00000000  x9:0x00000003  x0=0x00000000
       99439000	     49619	80006f0c	2326be17	auipc	x28,0x2326b	 x28=0xa3271f0c
       99441000	     49620	80006f10	80d5	c.srli	x9,0x15	  x9:0x00000003  x9=0x00000000
       99459000	     49629	80006f12	40635f93	srai	x31,x6,0x6	  x6:0x00000000 x31=0x00000000
       99461000	     49630	80006f16	8f91	c.sub	x15,x12	 x15:0x000000b0 x12:0x000002f1 x15=0xfffffdbf
       99481000	     49640	80006f18	03b28163	beq	x5,x27,80006f3a	  x5:0x8001add4 x27:0xffffffff  x0=0x00000000
       99497000	     49648	80006f1c	00a47463	bgeu	x8,x10,80006f24	  x8:0x00000000 x10:0xfffffe30  x0=0x00000000
       99523000	     49661	80006f20	01f4f8b3	and	x17,x9,x31	  x9:0x00000000 x31:0x00000000 x17=0x00000000
       99531000	     49665	80006f24	0292ad33	mulhsu	x26,x5,x9	  x5:0x8001add4  x9:0x00000000 x26=0x00000000
       99537000	     49668	80006f28	178c	c.addi4spn	x11,x2,992	 x11=0x000003df
       99539000	     49669	80006f2a	8db9	c.xor	x11,x14	 x11:0x000003df x14:0x0000036f x11=0x000000b0
       99625000	     49712	80006f2c	02495133	divu	x2,x18,x4	 x18:0x00000000  x4:0xb15afe8e  x2=0x00000000
       99627000	     49713	80006f30	415e5193	srai	x3,x28,0x15	 x28:0xa3271f0c  x3=0xfffffd19
       99629000	     49714	80006f34	8ec5	c.or	x13,x9	 x13:0xffffffff  x9:0x00000000 x13=0xffffffff
       99655000	     49727	80006f36	909cc7b7	lui	x15,0x909cc	 x15=0x909cc000
       99657000	     49728	80006f3a	0268e213	ori	x4,x17,38	 x17:0x00000000  x4=0x00000026
       99681000	     49740	80006f3e	04be1263	bne	x28,x11,80006f82	 x28:0xa3271f0c x11:0x000000b0  x0=0x00000000
       99773000	     49786	80006f82	f019bb93	sltiu	x23,x19,-255	 x19:0x8001ee7c x23=0x00000001
       99865000	     49832	80006f86	033740b3	div	x1,x14,x19	 x14:0x0000036f x19:0x8001ee7c  x1=0x00000000
       99867000	     49833	80006f8a	007453b3	srl	x7,x8,x7	  x8:0x00000000  x7:0xffffffff  x7=0x00000000
       99869000	     49834	80006f8e	8e51	c.or	x12,x12	 x12:0x000002f1 x12:0x000002f1 x12=0x000002f1
       99871000	     49835	80006f90	8e39	c.xor	x12,x14	 x12:0x000002f1 x14:0x0000036f x12=0x0000019e
       99875000	     49837	80006f92	07186613	ori	x12,x16,113	 x16:0x00000011 x12=0x00000071
       99877000	     49838	80006f96	011acd33	xor	x26,x21,x17	 x21:0x00016000 x17:0x00000000 x26=0x00016000
       99879000	     49839	80006f9a	00997ab3	and	x21,x18,x9	 x18:0x00000000  x9:0x00000000 x21=0x00000000
       99881000	     49840	80006f9e	8055	c.srli	x8,0x15	  x8:0x00000000  x8=0x00000000
       99901000	     49850	80006fa0	717d	c.addi16sp	x2,-16	  x2:0x00000000  x2=0xfffffff0
       99963000	     49881	80006fa2	683281b7	lui	x3,0x68328	  x3=0x68328000
       99977000	     49888	80006fa6	03164f33	div	x30,x12,x17	 x12:0x00000071 x17:0x00000000 x30=0xffffffff
       99993000	     49896	80006faa	01630033	add	x0,x6,x22	  x6:0x00000000 x22:0x000002f1  x0=0x00000000
      100041000	     49920	80006fae	020f1d33	mulh	x26,x30,x0	 x30:0xffffffff  x0:0x00000000 x26=0x00000000
      100043000	     49921	80006fb2	e71b6d93	ori	x27,x22,-399	 x22:0x000002f1 x27=0xfffffef1
      100059000	     49929	80006fb6	d2e74a13	xori	x20,x14,-722	 x14:0x0000036f x20=0xfffffe41
      100081000	     49940	80006fba	00b5c133	xor	x2,x11,x11	 x11:0x000000b0 x11:0x000000b0  x2=0x00000000
      100083000	     49941	80006fbe	8cf5	c.and	x9,x13	  x9:0x00000000 x13:0xffffffff  x9=0x00000000
      100103000	     49951	80006fc0	9e66	c.add	x28,x25	 x28:0xa3271f0c x25:0xffffffff x28=0xa3271f0b
      100105000	     49952	80006fc2	8fbd	c.xor	x15,x15	 x15:0x909cc000 x15:0x909cc000 x15=0x00000000
      100125000	     49962	80006fc4	b1193d37	lui	x26,0xb1193	 x26=0xb1193000
      100211000	     50005	80006fc8	03c0ffb3	remu	x31,x1,x28	  x1:0x00000000 x28:0xa3271f0b x31=0x00000000
      100215000	     50007	80006fcc	03f4ceb3	div	x29,x9,x31	  x9:0x00000000 x31:0x00000000 x29=0xffffffff
      100217000	     50008	80006fd0	024d8163	beq	x27,x4,80006ff2	 x27:0xfffffef1  x4:0x00000026  x0=0x00000000
      100219000	     50009	80006fd4	011eaf33	slt	x30,x29,x17	 x29:0xffffffff x17:0x00000000 x30=0x00000001
      100241000	     50020	80006fd8	0ff0000f	fence	iorwiorwiorwiorwiorwiorwiorwiorwiorwiorwiorwiorwiorwiorwiorwiorwiorwiorwiorwiorwiorwiorwiorwiorwiorwiorwiorwiorwiorwiorwiorwiorwiorwiorwiorwiorwiorwiorwiorwiorwiorwiorwiorwiorwiorwiorwiorwiorwiorwiorwiorwiorwiorwiorwiorwiorwiorwiorwiorwiorwiorwiorwiorwiorwiorwiorwiorwiorwiorwiorwiorwiorwiorwiorwiorwiorwiorwiorwiorwiorwiorwiorwiorwiorwiorwiorwiorwiorwiorwiorwiorwiorwiorwiorwiorwiorwiorwiorwiorwiorwiorwiorwiorwiorwiorwiorwiorwiorwiorwiorwiorwiorwiorwiorwiorwiorwiorwiorwiorwiorwiorwiorwiorwiorwiorwiorwiorwiorwiorwiorwiorwiorwiorwiorwiorwiorwiorwiorwiorwiorwiorwiorwiorwiorwiorwiorwiorwiorwiorwiorwiorwiorwiorwiorwiorwiorwiorwiorwiorwiorwiorwiorwiorw,iorwiorwiorwiorwiorwiorwiorwiorwiorwiorwiorwiorwiorwiorwiorwiorwiorwiorwiorwiorwiorwiorwiorwiorwiorwiorwiorwiorwiorwiorwiorwiorwiorwiorwiorwiorwiorwiorwiorwiorwiorwiorwiorwiorwiorwiorwiorwiorwiorwiorwiorwiorwiorwiorwiorwiorwiorwiorwiorwiorwiorwiorwiorwiorwiorwiorwiorwiorwiorwiorwiorwiorwiorwiorwiorwiorwiorwiorwiorwiorwiorwiorwiorwiorwiorwiorwiorwiorwiorwiorwiorwiorwiorwiorwiorwiorwiorwiorwiorwiorwiorwiorwiorwiorwiorwiorwiorwiorwiorwiorwiorwiorwiorwiorwiorwiorwiorwiorwiorwiorwiorwiorwiorwiorwiorwiorwiorwiorwiorwiorwiorwiorwiorwiorwiorwiorwiorwiorwiorwiorwiorwiorwiorwiorwiorwiorwiorwiorwiorwiorwiorwiorwiorwiorwiorwiorwiorwiorwiorwiorwiorwiorwiorwiorw	
      100293000	     50046	80006fdc	8e79	c.and	x12,x14	 x12:0x00000071 x14:0x0000036f x12=0x00000061
      100295000	     50047	80006fde	00857fb3	and	x31,x10,x8	 x10:0xfffffe30  x8:0x00000000 x31=0x00000000
      100303000	     50051	80006fe2	03aa16b3	mulh	x13,x20,x26	 x20:0xfffffe41 x26:0xb1193000 x13=0x00000089
      100317000	     50058	80006fe6	012246b3	xor	x13,x4,x18	  x4:0x00000026 x18:0x00000000 x13=0x00000026
      100319000	     50059	80006fea	00ebdf13	srli	x30,x23,0xe	 x23:0x00000001 x30=0x00000000
      100321000	     50060	80006fee	00e08233	add	x4,x1,x14	  x1:0x00000000 x14:0x0000036f  x4=0x0000036f
      100325000	     50062	80006ff2	0269f163	bgeu	x19,x6,80007014	 x19:0x8001ee7c  x6:0x00000000  x0=0x00000000
      100331000	     50065	80006ff6	401650b3	sra	x1,x12,x1	 x12:0x00000061  x1:0x00000000  x1=0x00000061
      100375000	     50087	80006ffa	03ecf563	bgeu	x25,x30,80007024	 x25:0xffffffff x30:0x00000000  x0=0x00000000
      100465000	     50132	80006ffe	03726cb3	rem	x25,x4,x23	  x4:0x0000036f x23:0x00000001 x25=0x00000000
      100467000	     50133	80007002	fd952413	slti	x8,x10,-39	 x10:0xfffffe30  x8=0x00000001
      100469000	     50134	80007006	41c8da93	srai	x21,x17,0x1c	 x17:0x00000000 x21=0x00000000
      100555000	     50177	8000700a	02c9ceb3	div	x29,x19,x12	 x19:0x8001ee7c x12:0x00000061 x29=0xfeae349b
      100557000	     50178	8000700e	31f13397	auipc	x7,0x31f13	  x7=0xb1f1a00e
      100559000	     50179	80007012	05de	c.slli	x11,0x17	 x11:0x000000b0 x11=0x58000000
      100561000	     50180	80007014	9bfd	c.andi	x15,-1	 x15:0x00000000 x15=0x00000000
      100587000	     50193	80007016	02b088b3	mul	x17,x1,x11	  x1:0x00000061 x11:0x58000000 x17=0x58000000
      100593000	     50196	8000701a	2f072713	slti	x14,x14,752	 x14:0x0000036f x14=0x00000000
      100595000	     50197	8000701e	613d	c.addi16sp	x2,480	  x2:0x00000000  x2=0x000001e0
      100619000	     50209	80007020	0001	c.addi	x0,0	  x0:0x00000000  x0=0x00000000
      100621000	     50210	80007022	9172	c.add	x2,x28	  x2:0x000001e0 x28:0xa3271f0b  x2=0xa32720eb
      100643000	     50221	80007024	8905	c.andi	x10,1	 x10:0xfffffe30 x10=0x00000000
      100645000	     50222	80007026	4177d413	srai	x8,x15,0x17	 x15:0x00000000  x8=0x00000000
      100673000	     50236	8000702a	00353e33	sltu	x28,x10,x3	 x10:0x00000000  x3:0x68328000 x28=0x00000001
      100675000	     50237	8000702e	03dc4763	blt	x24,x29,8000705c	 x24:0x00000000 x29:0xfeae349b  x0=0x00000000
      100699000	     50249	80007032	0260dab3	divu	x21,x1,x6	  x1:0x00000061  x6:0x00000000 x21=0xffffffff
      100701000	     50250	80007036	8c5a	c.mv	x24,x22	  x0:0x00000000 x22:0x000002f1 x24=0x000002f1
      100705000	     50252	80007038	0177eb63	bltu	x15,x23,8000704e	 x15:0x00000000 x23:0x00000001  x0=0x00000000
      100719000	     50259	8000704e	9cb2	c.add	x25,x12	 x25:0x00000000 x12:0x00000061 x25=0x00000061
      100749000	     50274	80007050	32542117	auipc	x2,0x32542	  x2=0xb2549050
      100751000	     50275	80007054	0182d263	bge	x5,x24,80007058	  x5:0x8001add4 x24:0x000002f1  x0=0x00000000
      100811000	     50305	80007058	017b5e13	srli	x28,x22,0x17	 x22:0x000002f1 x28=0x00000000
      100813000	     50306	8000705c	fe16ff93	andi	x31,x13,-31	 x13:0x00000026 x31=0x00000020
      100851000	     50325	80007060	415953b3	sra	x7,x18,x21	 x18:0x00000000 x21:0xffffffff  x7=0x00000000
      100857000	     50328	80007064	401ad433	sra	x8,x21,x1	 x21:0xffffffff  x1:0x00000061  x8=0xffffffff
      100899000	     50349	80007068	e089	c.bnez	x9,8000706a	  x9:0x00000000
      100901000	     50350	8000706a	6eb1	c.lui	x29,0xc	 x29=0x0000c000
      100919000	     50359	8000706c	5c07dc37	lui	x24,0x5c07d	 x24=0x5c07d000
      100923000	     50361	80007070	40d25413	srai	x8,x4,0xd	  x4:0x0000036f  x8=0x00000000
      100963000	     50381	80007074	077a	c.slli	x14,0x1e	 x14:0x00000000 x14=0x00000000
      100977000	     50388	80007076	17c57113	andi	x2,x10,380	 x10:0x00000000  x2=0x00000000
      101003000	     50401	8000707a	028b26b3	mulhsu	x13,x22,x8	 x22:0x000002f1  x8:0x00000000 x13=0x00000000
      101013000	     50406	8000707e	03cc2f33	mulhsu	x30,x24,x28	 x24:0x5c07d000 x28:0x00000000 x30=0x00000000
      101015000	     50407	80007082	6389	c.lui	x7,0x2	  x7=0x00002000
      101017000	     50408	80007084	717d	c.addi16sp	x2,-16	  x2:0x00000000  x2=0xfffffff0
      101091000	     50445	80007086	03da7133	remu	x2,x20,x29	 x20:0xfffffe41 x29:0x0000c000  x2=0x00003e41
      101099000	     50449	8000708a	02a79db3	mulh	x27,x15,x10	 x15:0x00000000 x10:0x00000000 x27=0x00000000
      101101000	     50450	8000708e	8e7d	c.and	x12,x15	 x12:0x00000061 x15:0x00000000 x12=0x00000000
      101103000	     50451	80007090	6735	c.lui	x14,0xd	 x14=0x0000d000
      101105000	     50452	80007092	8c75	c.and	x8,x13	  x8:0x00000000 x13:0x00000000  x8=0x00000000
      101109000	     50454	80007094	4b01	c.li	x22,0	 x22=0x00000000
      101127000	     50463	80007096	00d94533	xor	x10,x18,x13	 x18:0x00000000 x13:0x00000000 x10=0x00000000
      101149000	     50474	8000709a	4004d213	srai	x4,x9,0x0	  x9:0x00000000  x4=0x00000000
      101167000	     50483	8000709e	007cdd13	srli	x26,x25,0x7	 x25:0x00000061 x26=0x00000000
      101169000	     50484	800070a2	000d1193	slli	x3,x26,0x0	 x26:0x00000000  x3=0x00000000
      101171000	     50485	800070a6	0779	c.addi	x14,30	 x14:0x0000d000 x14=0x0000d01e
      101205000	     50502	800070a8	02a6cd63	blt	x13,x10,800070e2	 x13:0x00000000 x10:0x00000000  x0=0x00000000
      101207000	     50503	800070ac	01ac9e93	slli	x29,x25,0x1a	 x25:0x00000061 x29=0x84000000
      101225000	     50512	800070b0	0096dab3	srl	x21,x13,x9	 x13:0x00000000  x9:0x00000000 x21=0x00000000
      101247000	     50523	800070b4	e485	c.bnez	x9,800070dc	  x9:0x00000000
      101287000	     50543	800070b6	00f70233	add	x4,x14,x15	 x14:0x0000d01e x15:0x00000000  x4=0x0000d01e
      101289000	     50544	800070ba	805d	c.srli	x8,0x17	  x8:0x00000000  x8=0x00000000
      101291000	     50545	800070bc	41b08633	sub	x12,x1,x27	  x1:0x00000061 x27:0x00000000 x12=0x00000061
      101311000	     50555	800070c0	8c0d	c.sub	x8,x11	  x8:0x00000000 x11:0x58000000  x8=0xa8000000
      101339000	     50569	800070c2	016f1c33	sll	x24,x30,x22	 x30:0x00000000 x22:0x00000000 x24=0x00000000
      101341000	     50570	800070c6	1f10	c.addi4spn	x12,x2,944	 x12=0x000041f1
      101363000	     50581	800070c8	0d7a	c.slli	x26,0x1e	 x26:0x00000000 x26=0x00000000
      101385000	     50592	800070ca	02977133	remu	x2,x14,x9	 x14:0x0000d01e  x9:0x00000000  x2=0x0000d01e
      101391000	     50595	800070ce	28a1b913	sltiu	x18,x3,650	  x3:0x00000000 x18=0x00000001
      101393000	     50596	800070d2	86c2	c.mv	x13,x16	  x0:0x00000000 x16:0x00000011 x13=0x00000011
      101419000	     50609	800070d4	e9ba20b7	lui	x1,0xe9ba2	  x1=0xe9ba2000
      101427000	     50613	800070d8	00fdc133	xor	x2,x27,x15	 x27:0x00000000 x15:0x00000000  x2=0x00000000
      101449000	     50624	800070dc	0001	c.addi	x0,0	  x0:0x00000000  x0=0x00000000
      101467000	     50633	800070de	027c1833	mulh	x16,x24,x7	 x24:0x00000000  x7:0x00002000 x16=0x00000000
      101555000	     50677	800070e2	03f9dcb3	divu	x25,x19,x31	 x19:0x8001ee7c x31:0x00000020 x25=0x04000f73
      101557000	     50678	800070e6	0ff0000f	fence	iorwiorwiorwiorwiorwiorwiorwiorwiorwiorwiorwiorwiorwiorwiorwiorwiorwiorwiorwiorwiorwiorwiorwiorwiorwiorwiorwiorwiorwiorwiorwiorwiorwiorwiorwiorwiorwiorwiorwiorwiorwiorwiorwiorwiorwiorwiorwiorwiorwiorwiorwiorwiorwiorwiorwiorwiorwiorwiorwiorwiorwiorwiorwiorwiorwiorwiorwiorwiorwiorwiorwiorwiorwiorwiorwiorwiorwiorwiorwiorwiorwiorwiorwiorwiorwiorwiorwiorwiorwiorwiorwiorwiorwiorwiorwiorwiorwiorwiorwiorwiorwiorwiorwiorwiorwiorwiorwiorwiorwiorwiorwiorwiorwiorwiorwiorwiorwiorwiorwiorwiorwiorwiorwiorwiorwiorwiorwiorwiorwiorwiorwiorwiorwiorwiorwiorwiorwiorwiorwiorwiorwiorwiorwiorwiorwiorwiorwiorwiorwiorwiorwiorwiorwiorwiorwiorwiorwiorwiorwiorwiorwiorwiorwiorwiorw,iorwiorwiorwiorwiorwiorwiorwiorwiorwiorwiorwiorwiorwiorwiorwiorwiorwiorwiorwiorwiorwiorwiorwiorwiorwiorwiorwiorwiorwiorwiorwiorwiorwiorwiorwiorwiorwiorwiorwiorwiorwiorwiorwiorwiorwiorwiorwiorwiorwiorwiorwiorwiorwiorwiorwiorwiorwiorwiorwiorwiorwiorwiorwiorwiorwiorwiorwiorwiorwiorwiorwiorwiorwiorwiorwiorwiorwiorwiorwiorwiorwiorwiorwiorwiorwiorwiorwiorwiorwiorwiorwiorwiorwiorwiorwiorwiorwiorwiorwiorwiorwiorwiorwiorwiorwiorwiorwiorwiorwiorwiorwiorwiorwiorwiorwiorwiorwiorwiorwiorwiorwiorwiorwiorwiorwiorwiorwiorwiorwiorwiorwiorwiorwiorwiorwiorwiorwiorwiorwiorwiorwiorwiorwiorwiorwiorwiorwiorwiorwiorwiorwiorwiorwiorwiorwiorwiorwiorwiorwiorwiorwiorwiorwiorwiorwiorw	
      101559000	     50679	800070ea	00b45633	srl	x12,x8,x11	  x8:0xa8000000 x11:0x58000000 x12=0xa8000000
      101603000	     50701	800070ee	00df70b3	and	x1,x30,x13	 x30:0x00000000 x13:0x00000011  x1=0x00000000
      101677000	     50738	800070f2	0248cf33	div	x30,x17,x4	 x17:0x58000000  x4:0x0000d01e x30=0x00006c3f
      101681000	     50740	800070f6	021c0d63	beq	x24,x1,80007130	 x24:0x00000000  x1:0x00000000  x0=0x00000000
      101713000	     50756	80007130	1500	c.addi4spn	x8,x2,672	  x8=0x000002a0
      101741000	     50770	80007132	01dea733	slt	x14,x29,x29	 x29:0x84000000 x29:0x84000000 x14=0x00000000
      101743000	     50771	80007136	6155	c.addi16sp	x2,304	  x2:0x00000000  x2=0x00000130
      101745000	     50772	80007138	f73eb413	sltiu	x8,x29,-141	 x29:0x84000000  x8=0x00000001
      101765000	     50782	8000713c	0001	c.addi	x0,0	  x0:0x00000000  x0=0x00000000
      101805000	     50802	8000713e	040ec163	blt	x29,x0,80007180	 x29:0x84000000  x0:0x00000000  x0=0x00000000
      101867000	     50833	80007180	915a	c.add	x2,x22	  x2:0x00000130 x22:0x00000000  x2=0x00000130
      101869000	     50834	80007182	8632	c.mv	x12,x12	  x0:0x00000000 x12:0xa8000000 x12=0xa8000000
      101871000	     50835	80007184	40bb5213	srai	x4,x22,0xb	 x22:0x00000000  x4=0x00000000
      101901000	     50850	80007188	0132fc63	bgeu	x5,x19,800071a0	  x5:0x8001add4 x19:0x8001ee7c  x0=0x00000000
      101903000	     50851	8000718c	cdcfe013	ori	x0,x31,-804	 x31:0x00000020  x0=0x00000000
      101905000	     50852	80007190	005853b3	srl	x7,x16,x5	 x16:0x00000000  x5:0x8001add4  x7=0x00000000
      101925000	     50862	80007194	01b215b3	sll	x11,x4,x27	  x4:0x00000000 x27:0x00000000 x11=0x00000000
      101927000	     50863	80007198	1e0c	c.addi4spn	x11,x2,816	 x11=0x00000460
      101929000	     50864	8000719a	717d	c.addi16sp	x2,-16	  x2:0x00000130  x2=0x00000120
      101957000	     50878	8000719c	01911713	slli	x14,x2,0x19	  x2:0x00000120 x14=0x40000000
      101961000	     50880	800071a0	6675	c.lui	x12,0x1d	 x12=0x0001d000
      101989000	     50894	800071a2	00235693	srli	x13,x6,0x2	  x6:0x00000000 x13=0x00000000
      102003000	     50901	800071a6	01c505b3	add	x11,x10,x28	 x10:0x00000000 x28:0x00000000 x11=0x00000000
      102009000	     50904	800071aa	00035c93	srli	x25,x6,0x0	  x6:0x00000000 x25=0x00000000
      102011000	     50905	800071ae	8ff9	c.and	x15,x14	 x15:0x00000000 x14:0x40000000 x15=0x00000000
      102037000	     50918	800071b0	036edb63	bge	x29,x22,800071e6	 x29:0x84000000 x22:0x00000000  x0=0x00000000
      102039000	     50919	800071b4	0a1c	c.addi4spn	x15,x2,272	 x15=0x00000230
      102113000	     50956	800071b6	0229f433	remu	x8,x19,x2	 x19:0x8001ee7c  x2:0x00000120  x8=0x0000011c
      102115000	     50957	800071ba	717d	c.addi16sp	x2,-16	  x2:0x00000120  x2=0x00000110
      102117000	     50958	800071bc	2d4e46b7	lui	x13,0x2d4e4	 x13=0x2d4e4000
      102123000	     50961	800071c0	038980b3	mul	x1,x19,x24	 x19:0x8001ee7c x24:0x00000000  x1=0x00000000
      102181000	     50990	800071c4	00a3dfb3	srl	x31,x7,x10	  x7:0x00000000 x10:0x00000000 x31=0x00000000
      102183000	     50991	800071c8	00531fb3	sll	x31,x6,x5	  x6:0x00000000  x5:0x8001add4 x31=0x00000000
      102199000	     50999	800071cc	73ac3017	auipc	x0,0x73ac3	  x0=0x00000000
      102237000	     51018	800071d0	c7a1	c.beqz	x15,80007218	 x15:0x00000230
      102249000	     51024	800071d2	01dd7233	and	x4,x26,x29	 x26:0x00000000 x29:0x84000000  x4=0x00000000
      102251000	     51025	800071d6	019aff33	and	x30,x21,x25	 x21:0x00000000 x25:0x00000000 x30=0x00000000
      102253000	     51026	800071da	fdad2593	slti	x11,x26,-38	 x26:0x00000000 x11=0x00000000
      102259000	     51029	800071de	00654463	blt	x10,x6,800071e6	 x10:0x00000000  x6:0x00000000  x0=0x00000000
      102265000	     51032	800071e2	f0f9c693	xori	x13,x19,-241	 x19:0x8001ee7c x13=0x7ffe1173
      102267000	     51033	800071e6	8c29	c.xor	x8,x10	  x8:0x0000011c x10:0x00000000  x8=0x0000011c
      102285000	     51042	800071e8	41b10c33	sub	x24,x2,x27	  x2:0x00000110 x27:0x00000000 x24=0x00000110
      102295000	     51047	800071ec	02f4beb3	mulhu	x29,x9,x15	  x9:0x00000000 x15:0x00000230 x29=0x00000000
      102297000	     51048	800071f0	00623133	sltu	x2,x4,x6	  x4:0x00000000  x6:0x00000000  x2=0x00000000
      102321000	     51060	800071f4	008fe4b3	or	x9,x31,x8	 x31:0x00000000  x8:0x0000011c  x9=0x0000011c
      102327000	     51063	800071f8	00808b33	add	x22,x1,x8	  x1:0x00000000  x8:0x0000011c x22=0x0000011c
      102329000	     51064	800071fc	37c5b493	sltiu	x9,x11,892	 x11:0x00000000  x9=0x00000001
      102331000	     51065	80007200	009f6833	or	x16,x30,x9	 x30:0x00000000  x9:0x00000001 x16=0x00000001
      102347000	     51073	80007204	0114dd33	srl	x26,x9,x17	  x9:0x00000001 x17:0x58000000 x26=0x00000001
      102371000	     51085	80007208	03efde63	bge	x31,x30,80007244	 x31:0x00000000 x30:0x00000000  x0=0x00000000
      102441000	     51120	80007244	037ea433	mulhsu	x8,x29,x23	 x29:0x00000000 x23:0x00000001  x8=0x00000000
      102461000	     51130	80007248	8061	c.srli	x8,0x18	  x8:0x00000000  x8=0x00000000
      102465000	     51132	8000724a	00d6a233	slt	x4,x13,x13	 x13:0x7ffe1173 x13:0x7ffe1173  x4=0x00000000
      102467000	     51133	8000724e	44a9	c.li	x9,10	  x9=0x0000000a
      102497000	     51148	80007250	0001	c.addi	x0,0	  x0:0x00000000  x0=0x00000000
      102499000	     51149	80007252	0001	c.addi	x0,0	  x0:0x00000000  x0=0x00000000
      102529000	     51164	80007254	0001	c.addi	x0,0	  x0:0x00000000  x0=0x00000000
      102531000	     51165	80007256	8e55	c.or	x12,x13	 x12:0x0001d000 x13:0x7ffe1173 x12=0x7fffd173
      102543000	     51171	80007258	e28aca93	xori	x21,x21,-472	 x21:0x00000000 x21=0xfffffe28
      102583000	     51191	8000725c	9146	c.add	x2,x17	  x2:0x00000000 x17:0x58000000  x2=0x58000000
      102585000	     51192	8000725e	0001	c.addi	x0,0	  x0:0x00000000  x0=0x00000000
      102587000	     51193	80007260	8e4d	c.or	x12,x11	 x12:0x7fffd173 x11:0x00000000 x12=0x7fffd173
      102595000	     51197	80007262	02161833	mulh	x16,x12,x1	 x12:0x7fffd173  x1:0x00000000 x16=0x00000000
      102649000	     51224	80007266	01d55763	bge	x10,x29,80007274	 x10:0x00000000 x29:0x00000000  x0=0x00000000
      102699000	     51249	80007274	6e05	c.lui	x28,0x1	 x28=0x00001000
      102781000	     51290	80007276	03606d33	rem	x26,x0,x22	  x0:0x00000000 x22:0x0000011c x26=0x00000000
      102783000	     51291	8000727a	34660193	addi	x3,x12,838	 x12:0x7fffd173  x3=0x7fffd4b9
      102785000	     51292	8000727e	8f49	c.or	x14,x10	 x14:0x40000000 x10:0x00000000 x14=0x40000000
      102793000	     51296	80007280	024e1833	mulh	x16,x28,x4	 x28:0x00001000  x4:0x00000000 x16=0x00000000
      102839000	     51319	80007284	823d	c.srli	x12,0xf	 x12:0x7fffd173 x12=0x0000ffff
      102875000	     51337	80007286	030b8863	beq	x23,x16,800072b6	 x23:0x00000001 x16:0x00000000  x0=0x00000000
      102895000	     51347	8000728a	0188a8b3	slt	x17,x17,x24	 x17:0x58000000 x24:0x00000110 x17=0x00000000
      102899000	     51349	8000728e	017417b3	sll	x15,x8,x23	  x8:0x00000000 x23:0x00000001 x15=0x00000000
      102901000	     51350	80007292	68ad	c.lui	x17,0xb	 x17=0x0000b000
      102903000	     51351	80007294	015c9433	sll	x8,x25,x21	 x25:0x00000000 x21:0xfffffe28  x8=0x00000000
      102915000	     51357	80007298	0216	c.slli	x4,0x5	  x4:0x00000000  x4=0x00000000
      102919000	     51359	8000729a	0138e663	bltu	x17,x19,800072a6	 x17:0x0000b000 x19:0x8001ee7c  x0=0x00000000
      102959000	     51379	800072a6	01da1d93	slli	x27,x20,0x1d	 x20:0xfffffe41 x27=0x20000000
      103033000	     51416	800072aa	032d5a33	divu	x20,x26,x18	 x26:0x00000000 x18:0x00000001 x20=0x00000000
      103037000	     51418	800072ae	02afdd33	divu	x26,x31,x10	 x31:0x00000000 x10:0x00000000 x26=0xffffffff
      103045000	     51422	800072b2	037f2fb3	mulhsu	x31,x30,x23	 x30:0x00000000 x23:0x00000001 x31=0x00000000
      103047000	     51423	800072b6	41ef0a33	sub	x20,x30,x30	 x30:0x00000000 x30:0x00000000 x20=0x00000000
      103049000	     51424	800072ba	01dff633	and	x12,x31,x29	 x31:0x00000000 x29:0x00000000 x12=0x00000000
      103085000	     51442	800072be	03d3bcb3	mulhu	x25,x7,x29	  x7:0x00000000 x29:0x00000000 x25=0x00000000
      103087000	     51443	800072c2	416add93	srai	x27,x21,0x16	 x21:0xfffffe28 x27=0xffffffff
      103119000	     51459	800072c6	02692d33	mulhsu	x26,x18,x6	 x18:0x00000001  x6:0x00000000 x26=0x00000000
      103121000	     51460	800072ca	01de57b3	srl	x15,x28,x29	 x28:0x00001000 x29:0x00000000 x15=0x00001000
      103125000	     51462	800072ce	050a5163	bge	x20,x16,80007310	 x20:0x00000000 x16:0x00000000  x0=0x00000000
      103169000	     51484	80007310	03728063	beq	x5,x23,80007330	  x5:0x8001add4 x23:0x00000001  x0=0x00000000
      103175000	     51487	80007314	3bfccc13	xori	x24,x25,959	 x25:0x00000000 x24=0x000003bf
      103215000	     51507	80007318	63dd	c.lui	x7,0x17	  x7=0x00017000
      103219000	     51509	8000731a	03ec7233	remu	x4,x24,x30	 x24:0x000003bf x30:0x00000000  x4=0x000003bf
      103221000	     51510	8000731e	6e21	c.lui	x28,0x8	 x28=0x00008000
      103273000	     51536	80007320	00e42733	slt	x14,x8,x14	  x8:0x00000000 x14:0x40000000 x14=0x00000001
      103275000	     51537	80007324	001e3eb3	sltu	x29,x28,x1	 x28:0x00008000  x1:0x00000000 x29=0x00000000
      103297000	     51548	80007328	01fe	c.slli	x3,0x1f	  x3:0x7fffd4b9  x3=0x80000000
      103299000	     51549	8000732a	86cd	c.srai	x13,0x13	 x13:0x7ffe1173 x13=0x00000fff
      103321000	     51560	8000732c	5a92cab7	lui	x21,0x5a92c	 x21=0x5a92c000
      103323000	     51561	80007330	938a	c.add	x7,x2	  x7:0x00017000  x2:0x58000000  x7=0x58017000
      103325000	     51562	80007332	82e1	c.srli	x13,0x18	 x13:0x00000fff x13=0x00000000
      103431000	     51615	80007334	0318d8b3	divu	x17,x17,x17	 x17:0x0000b000 x17:0x0000b000 x17=0x00000001
      103435000	     51617	80007338	02600763	beq	x0,x6,80007366	  x0:0x00000000  x6:0x00000000  x0=0x00000000
      103459000	     51629	80007366	02afcfb3	div	x31,x31,x10	 x31:0x00000000 x10:0x00000000 x31=0xffffffff
      103461000	     51630	8000736a	006ea033	slt	x0,x29,x6	 x29:0x00000000  x6:0x00000000  x0=0x00000000
      103469000	     51634	8000736e	021518b3	mulh	x17,x10,x1	 x10:0x00000000  x1:0x00000000 x17=0x00000000
      103487000	     51643	80007372	4198d793	srai	x15,x17,0x19	 x17:0x00000000 x15=0x00000000
      103489000	     51644	80007376	8e2d	c.xor	x12,x11	 x12:0x00000000 x11:0x00000000 x12=0x00000000
      103509000	     51654	80007378	01d233b3	sltu	x7,x4,x29	  x4:0x000003bf x29:0x00000000  x7=0x00000000
      103515000	     51657	8000737c	0d1c	c.addi4spn	x15,x2,656	 x15=0x58000290
      103519000	     51659	8000737e	c4c42693	slti	x13,x8,-948	  x8:0x00000000 x13=0x00000000
      103541000	     51670	80007382	02ab8463	beq	x23,x10,800073aa	 x23:0x00000001 x10:0x00000000  x0=0x00000000
      103543000	     51671	80007386	01fdc033	xor	x0,x27,x31	 x27:0xffffffff x31:0xffffffff  x0=0x00000000
      103545000	     51672	8000738a	0ece	c.slli	x29,0x13	 x29:0x00000000 x29=0x00000000
      103547000	     51673	8000738c	00313eb3	sltu	x29,x2,x3	  x2:0x58000000  x3:0x80000000 x29=0x00000001
      103571000	     51685	80007390	e98d	c.bnez	x11,800073c2	 x11:0x00000000
      103581000	     51690	80007392	40e5dbb3	sra	x23,x11,x14	 x11:0x00000000 x14:0x00000001 x23=0x00000000
      103603000	     51701	80007396	00724963	blt	x4,x7,800073a8	  x4:0x000003bf  x7:0x00000000  x0=0x00000000
      103677000	     51738	8000739a	03dbcc33	div	x24,x23,x29	 x23:0x00000000 x29:0x00000001 x24=0x00000000
      103679000	     51739	8000739e	8139	c.srli	x10,0xe	 x10:0x00000000 x10=0x00000000
      103683000	     51741	800073a0	0287deb3	divu	x29,x15,x8	 x15:0x58000290  x8:0x00000000 x29=0xffffffff
      103691000	     51745	800073a4	0366bab3	mulhu	x21,x13,x22	 x13:0x00000000 x22:0x0000011c x21=0x00000000
      103693000	     51746	800073a8	84d1	c.srai	x9,0x14	  x9:0x0000000a  x9=0x00000000
      103695000	     51747	800073aa	9aea	c.add	x21,x26	 x21:0x00000000 x26:0x00000000 x21=0x00000000
      103729000	     51764	800073ac	0004ed63	bltu	x9,x0,800073c6	  x9:0x00000000  x0:0x00000000  x0=0x00000000
      103743000	     51771	800073b0	009d1d33	sll	x26,x26,x9	 x26:0x00000000  x9:0x00000000 x26=0x00000000
      103745000	     51772	800073b4	40c3d093	srai	x1,x7,0xc	  x7:0x00000000  x1=0x00000000
      103761000	     51780	800073b8	033a36b3	mulhu	x13,x20,x19	 x20:0x00000000 x19:0x8001ee7c x13=0x00000000
      103767000	     51783	800073bc	00d57d63	bgeu	x10,x13,800073d6	 x10:0x00000000 x13:0x00000000  x0=0x00000000
      103827000	     51813	800073d6	01eb70b3	and	x1,x22,x30	 x22:0x0000011c x30:0x00000000  x1=0x00000000
      103829000	     51814	800073da	51fd	c.li	x3,-1	  x3=0xffffffff
      103869000	     51834	800073dc	01a29b93	slli	x23,x5,0x1a	  x5:0x8001add4 x23=0x50000000
      103877000	     51838	800073e0	0352ba33	mulhu	x20,x5,x21	  x5:0x8001add4 x21:0x00000000 x20=0x00000000
      103893000	     51846	800073e4	018951b3	srl	x3,x18,x24	 x18:0x00000001 x24:0x00000000  x3=0x00000001
      103917000	     51858	800073e8	c2b9	c.beqz	x13,8000742e	 x13:0x00000000
      103977000	     51888	8000742e	127d	c.addi	x4,-1	  x4:0x000003bf  x4=0x000003be
      103999000	     51899	80007430	496d	c.li	x18,27	 x18=0x0000001b
      104007000	     51903	80007432	02782db3	mulhsu	x27,x16,x7	 x16:0x00000000  x7:0x00000000 x27=0x00000000
      104009000	     51904	80007436	810a	c.mv	x2,x2	  x0:0x00000000  x2:0x58000000  x2=0x58000000
      104037000	     51918	80007438	57fd	c.li	x15,-1	 x15=0xffffffff
      104045000	     51922	8000743a	4060d633	sra	x12,x1,x6	  x1:0x00000000  x6:0x00000000 x12=0x00000000
      104057000	     51928	8000743e	00a38c63	beq	x7,x10,80007456	  x7:0x00000000 x10:0x00000000  x0=0x00000000
      104089000	     51944	80007456	020371b3	remu	x3,x6,x0	  x6:0x00000000  x0:0x00000000  x3=0x00000000
      104093000	     51946	8000745a	03a80663	beq	x16,x26,80007486	 x16:0x00000000 x26:0x00000000  x0=0x00000000
      104139000	     51969	80007486	5d7d	c.li	x26,-1	 x26=0xffffffff
      104149000	     51974	80007488	0001	c.addi	x0,0	  x0:0x00000000  x0=0x00000000
      104177000	     51988	8000748a	0269aeb3	mulhsu	x29,x19,x6	 x19:0x8001ee7c  x6:0x00000000 x29=0x00000000
      104225000	     52012	8000748e	0232e663	bltu	x5,x3,800074ba	  x5:0x8001add4  x3:0x00000000  x0=0x00000000
      104247000	     52023	80007492	00505663	bge	x0,x5,8000749e	  x0:0x00000000  x5:0x8001add4  x0=0x00000000
      104249000	     52024	80007496	4188d433	sra	x8,x17,x24	 x17:0x00000000 x24:0x00000000  x8=0x00000000
      104271000	     52035	8000749a	02bbd663	bge	x23,x11,800074c6	 x23:0x50000000 x11:0x00000000  x0=0x00000000
      104273000	     52036	8000749e	8115	c.srli	x10,0x5	 x10:0x00000000 x10=0x00000000
      104313000	     52056	800074a0	0299e563	bltu	x19,x9,800074ca	 x19:0x8001ee7c  x9:0x00000000  x0=0x00000000
      104331000	     52065	800074a4	c048bf13	sltiu	x30,x17,-1020	 x17:0x00000000 x30=0x00000001
      104373000	     52086	800074a8	00e5de93	srli	x29,x11,0xe	 x11:0x00000000 x29=0x00000000
      104375000	     52087	800074ac	00da9c93	slli	x25,x21,0xd	 x21:0x00000000 x25=0x00000000
      104397000	     52098	800074b0	8cbd	c.xor	x9,x15	  x9:0x00000000 x15:0xffffffff  x9=0xffffffff
      104407000	     52103	800074b2	fbb28693	addi	x13,x5,-69	  x5:0x8001add4 x13=0x8001ad8f
      104445000	     52122	800074b6	019adab3	srl	x21,x21,x25	 x21:0x00000000 x25:0x00000000 x21=0x00000000
      104447000	     52123	800074ba	8749	c.srai	x14,0x12	 x14:0x00000001 x14=0x00000000
      104449000	     52124	800074bc	955e	c.add	x10,x23	 x10:0x00000000 x23:0x50000000 x10=0x50000000
      104451000	     52125	800074be	01d40933	add	x18,x8,x29	  x8:0x00000000 x29:0x00000000 x18=0x00000000
      104475000	     52137	800074c2	00141613	slli	x12,x8,0x1	  x8:0x00000000 x12=0x00000000
      104493000	     52146	800074c6	00f57a33	and	x20,x10,x15	 x10:0x50000000 x15:0xffffffff x20=0x50000000
      104511000	     52155	800074ca	fa67f513	andi	x10,x15,-90	 x15:0xffffffff x10=0xffffffa6
      104513000	     52156	800074ce	c4784693	xori	x13,x16,-953	 x16:0x00000000 x13=0xfffffc47
      104515000	     52157	800074d2	1c80	c.addi4spn	x8,x2,624	  x8=0x58000270
      104551000	     52175	800074d4	8811	c.andi	x8,4	  x8:0x58000270  x8=0x00000000
      104593000	     52196	800074d6	003b9533	sll	x10,x23,x3	 x23:0x50000000  x3:0x00000000 x10=0x50000000
      104595000	     52197	800074da	0335d063	bge	x11,x19,800074fa	 x11:0x00000000 x19:0x8001ee7c  x0=0x00000000
      104597000	     52198	800074de	8c1d	c.sub	x8,x15	  x8:0x00000000 x15:0xffffffff  x8=0x00000001
      104599000	     52199	800074e0	0d2a	c.slli	x26,0xa	 x26:0xffffffff x26=0xfffffc00
      104617000	     52208	800074e2	24167a93	andi	x21,x12,577	 x12:0x00000000 x21=0x00000000
      104619000	     52209	800074e6	8d39	c.xor	x10,x14	 x10:0x50000000 x14:0x00000000 x10=0x50000000
      104629000	     52214	800074e8	02480713	addi	x14,x16,36	 x16:0x00000000 x14=0x00000024
      104631000	     52215	800074ec	0001	c.addi	x0,0	  x0:0x00000000  x0=0x00000000
      104679000	     52239	800074ee	033197b3	mulh	x15,x3,x19	  x3:0x00000000 x19:0x8001ee7c x15=0x00000000
      104681000	     52240	800074f2	018e9233	sll	x4,x29,x24	 x29:0x00000000 x24:0x00000000  x4=0x00000000
      104685000	     52242	800074f6	0545e463	bltu	x11,x20,8000753e	 x11:0x00000000 x20:0x50000000  x0=0x00000000
      104705000	     52252	8000753e	8a2d	c.andi	x12,11	 x12:0x00000000 x12=0x00000000
      104715000	     52257	80007540	3bb38013	addi	x0,x7,955	  x7:0x00000000  x0=0x00000000
      104723000	     52261	80007544	00e03fb3	sltu	x31,x0,x14	  x0:0x00000000 x14:0x00000024 x31=0x00000001
      104731000	     52265	80007548	8815	c.andi	x8,5	  x8:0x00000001  x8=0x00000001
      104773000	     52286	8000754a	00926c63	bltu	x4,x9,80007562	  x4:0x00000000  x9:0xffffffff  x0=0x00000000
      104829000	     52314	80007562	00af71b3	and	x3,x30,x10	 x30:0x00000001 x10:0x50000000  x3=0x00000000
      104861000	     52330	80007566	02ca8e63	beq	x21,x12,800075a2	 x21:0x00000000 x12:0x00000000  x0=0x00000000
      104919000	     52359	800075a2	032b8e33	mul	x28,x23,x18	 x23:0x50000000 x18:0x00000000 x28=0x00000000
      104959000	     52379	800075a6	0ff0000f	fence	iorwiorwiorwiorwiorwiorwiorwiorwiorwiorwiorwiorwiorwiorwiorwiorwiorwiorwiorwiorwiorwiorwiorwiorwiorwiorwiorwiorwiorwiorwiorwiorwiorwiorwiorwiorwiorwiorwiorwiorwiorwiorwiorwiorwiorwiorwiorwiorwiorwiorwiorwiorwiorwiorwiorwiorwiorwiorwiorwiorwiorwiorwiorwiorwiorwiorwiorwiorwiorwiorwiorwiorwiorwiorwiorwiorwiorwiorwiorwiorwiorwiorwiorwiorwiorwiorwiorwiorwiorwiorwiorwiorwiorwiorwiorwiorwiorwiorwiorwiorwiorwiorwiorwiorwiorwiorwiorwiorwiorwiorwiorwiorwiorwiorwiorwiorwiorwiorwiorwiorwiorwiorwiorwiorwiorwiorwiorwiorwiorwiorwiorwiorwiorwiorwiorwiorwiorwiorwiorwiorwiorwiorwiorwiorwiorwiorwiorwiorwiorwiorwiorwiorwiorwiorwiorwiorwiorwiorwiorwiorwiorwiorwiorwiorwiorwiorwiorw,iorwiorwiorwiorwiorwiorwiorwiorwiorwiorwiorwiorwiorwiorwiorwiorwiorwiorwiorwiorwiorwiorwiorwiorwiorwiorwiorwiorwiorwiorwiorwiorwiorwiorwiorwiorwiorwiorwiorwiorwiorwiorwiorwiorwiorwiorwiorwiorwiorwiorwiorwiorwiorwiorwiorwiorwiorwiorwiorwiorwiorwiorwiorwiorwiorwiorwiorwiorwiorwiorwiorwiorwiorwiorwiorwiorwiorwiorwiorwiorwiorwiorwiorwiorwiorwiorwiorwiorwiorwiorwiorwiorwiorwiorwiorwiorwiorwiorwiorwiorwiorwiorwiorwiorwiorwiorwiorwiorwiorwiorwiorwiorwiorwiorwiorwiorwiorwiorwiorwiorwiorwiorwiorwiorwiorwiorwiorwiorwiorwiorwiorwiorwiorwiorwiorwiorwiorwiorwiorwiorwiorwiorwiorwiorwiorwiorwiorwiorwiorwiorwiorwiorwiorwiorwiorwiorwiorwiorwiorwiorwiorwiorwiorwiorwiorwiorwiorwiorw	
      104961000	     52380	800075aa	00f0c233	xor	x4,x1,x15	  x1:0x00000000 x15:0x00000000  x4=0x00000000
      104963000	     52381	800075ae	d19fec93	ori	x25,x31,-743	 x31:0x00000001 x25=0xfffffd19
      104965000	     52382	800075b2	8829	c.andi	x8,10	  x8:0x00000001  x8=0x00000000
      105007000	     52403	800075b4	0535	c.addi	x10,13	 x10:0x50000000 x10=0x5000000d
      105009000	     52404	800075b6	c109	c.beqz	x10,800075b8	 x10:0x5000000d
      105025000	     52412	800075b8	00160933	add	x18,x12,x1	 x12:0x00000000  x1:0x00000000 x18=0x00000000
      105031000	     52415	800075bc	0174b7b3	sltu	x15,x9,x23	  x9:0xffffffff x23:0x50000000 x15=0x00000000
      105033000	     52416	800075c0	013dbbb3	sltu	x23,x27,x19	 x27:0x00000000 x19:0x8001ee7c x23=0x00000001
      105059000	     52429	800075c4	fc837b93	andi	x23,x6,-56	  x6:0x00000000 x23=0x00000000
      105061000	     52430	800075c8	612d	c.addi16sp	x2,224	  x2:0x58000000  x2=0x580000e0
      105107000	     52453	800075ca	0ff0000f	fence	iorwiorwiorwiorwiorwiorwiorwiorwiorwiorwiorwiorwiorwiorwiorwiorwiorwiorwiorwiorwiorwiorwiorwiorwiorwiorwiorwiorwiorwiorwiorwiorwiorwiorwiorwiorwiorwiorwiorwiorwiorwiorwiorwiorwiorwiorwiorwiorwiorwiorwiorwiorwiorwiorwiorwiorwiorwiorwiorwiorwiorwiorwiorwiorwiorwiorwiorwiorwiorwiorwiorwiorwiorwiorwiorwiorwiorwiorwiorwiorwiorwiorwiorwiorwiorwiorwiorwiorwiorwiorwiorwiorwiorwiorwiorwiorwiorwiorwiorwiorwiorwiorwiorwiorwiorwiorwiorwiorwiorwiorwiorwiorwiorwiorwiorwiorwiorwiorwiorwiorwiorwiorwiorwiorwiorwiorwiorwiorwiorwiorwiorwiorwiorwiorwiorwiorwiorwiorwiorwiorwiorwiorwiorwiorwiorwiorwiorwiorwiorwiorwiorwiorwiorwiorwiorwiorwiorwiorwiorwiorwiorwiorwiorwiorwiorwiorwiorwiorwiorw,iorwiorwiorwiorwiorwiorwiorwiorwiorwiorwiorwiorwiorwiorwiorwiorwiorwiorwiorwiorwiorwiorwiorwiorwiorwiorwiorwiorwiorwiorwiorwiorwiorwiorwiorwiorwiorwiorwiorwiorwiorwiorwiorwiorwiorwiorwiorwiorwiorwiorwiorwiorwiorwiorwiorwiorwiorwiorwiorwiorwiorwiorwiorwiorwiorwiorwiorwiorwiorwiorwiorwiorwiorwiorwiorwiorwiorwiorwiorwiorwiorwiorwiorwiorwiorwiorwiorwiorwiorwiorwiorwiorwiorwiorwiorwiorwiorwiorwiorwiorwiorwiorwiorwiorwiorwiorwiorwiorwiorwiorwiorwiorwiorwiorwiorwiorwiorwiorwiorwiorwiorwiorwiorwiorwiorwiorwiorwiorwiorwiorwiorwiorwiorwiorwiorwiorwiorwiorwiorwiorwiorwiorwiorwiorwiorwiorwiorwiorwiorwiorwiorwiorwiorwiorwiorwiorwiorwiorwiorwiorwiorwiorwiorwiorwiorwiorwiorwiorwiorwiorw	
      105109000	     52454	800075ce	0001	c.addi	x0,0	  x0:0x00000000  x0=0x00000000
      105117000	     52458	800075d0	02ee34b3	mulhu	x9,x28,x14	 x28:0x00000000 x14:0x00000024  x9=0x00000000
      105131000	     52465	800075d4	00ab7f33	and	x30,x22,x10	 x22:0x0000011c x10:0x5000000d x30=0x0000000c
      105133000	     52466	800075d8	98fd	c.andi	x9,-1	  x9:0x00000000  x9=0x00000000
      105149000	     52474	800075da	41b280b3	sub	x1,x5,x27	  x5:0x8001add4 x27:0x00000000  x1=0x8001add4
      105173000	     52486	800075de	40d0d893	srai	x17,x1,0xd	  x1:0x8001add4 x17=0xfffc000d
      105219000	     52509	800075e2	02c08033	mul	x0,x1,x12	  x1:0x8001add4 x12:0x00000000  x0=0x00000000
      105221000	     52510	800075e6	e697a913	slti	x18,x15,-407	 x15:0x00000000 x18=0x00000000
      105223000	     52511	800075ea	8e71	c.and	x12,x12	 x12:0x00000000 x12:0x00000000 x12=0x00000000
      105237000	     52518	800075ec	03329d63	bne	x5,x19,80007626	  x5:0x8001add4 x19:0x8001ee7c  x0=0x00000000
      105271000	     52535	80007626	8566	c.mv	x10,x25	  x0:0x00000000 x25:0xfffffd19 x10=0xfffffd19
      105273000	     52536	80007628	4135de33	sra	x28,x11,x19	 x11:0x00000000 x19:0x8001ee7c x28=0x00000000
      105277000	     52538	8000762c	8cb5	c.xor	x9,x13	  x9:0x00000000 x13:0xfffffc47  x9=0xfffffc47
      105295000	     52547	8000762e	0032e233	or	x4,x5,x3	  x5:0x8001add4  x3:0x00000000  x4=0x8001add4
      105297000	     52548	80007632	8ed1	c.or	x13,x12	 x13:0xfffffc47 x12:0x00000000 x13=0xfffffc47
      105299000	     52549	80007634	814a	c.mv	x2,x18	  x0:0x00000000 x18:0x00000000  x2=0x00000000
      105319000	     52559	80007636	40025633	sra	x12,x4,x0	  x4:0x8001add4  x0:0x00000000 x12=0x8001add4
      105335000	     52567	8000763a	00bca933	slt	x18,x25,x11	 x25:0xfffffd19 x11:0x00000000 x18=0x00000001
      105337000	     52568	8000763e	8ff9	c.and	x15,x14	 x15:0x00000000 x14:0x00000024 x15=0x00000000
      105339000	     52569	80007640	8d39	c.xor	x10,x14	 x10:0xfffffd19 x14:0x00000024 x10=0xfffffd3d
      105359000	     52579	80007642	012c6ab3	or	x21,x24,x18	 x24:0x00000000 x18:0x00000001 x21=0x00000001
      105433000	     52616	80007646	036ec133	div	x2,x29,x22	 x29:0x00000000 x22:0x0000011c  x2=0x00000000
      105507000	     52653	8000764a	035bc533	div	x10,x23,x21	 x23:0x00000000 x21:0x00000001 x10=0x00000000
      105509000	     52654	8000764e	db003b13	sltiu	x22,x0,-592	  x0:0x00000000 x22=0x00000001
      105547000	     52673	80007652	02f2d3b3	divu	x7,x5,x15	  x5:0x8001add4 x15:0x00000000  x7=0xffffffff
      105549000	     52674	80007656	8d89	c.sub	x11,x10	 x11:0x00000000 x10:0x00000000 x11=0x00000000
      105553000	     52676	80007658	00217263	bgeu	x2,x2,8000765c	  x2:0x00000000  x2:0x00000000  x0=0x00000000
      105611000	     52705	8000765c	8639	c.srai	x12,0xe	 x12:0x8001add4 x12=0xfffe0006
      105613000	     52706	8000765e	8d71	c.and	x10,x12	 x10:0x00000000 x12:0xfffe0006 x10=0x00000000
      105615000	     52707	80007660	93ca	c.add	x7,x18	  x7:0xffffffff x18:0x00000001  x7=0x00000000
      105627000	     52713	80007662	41775433	sra	x8,x14,x23	 x14:0x00000024 x23:0x00000000  x8=0x00000024
      105647000	     52723	80007666	3ebd4c13	xori	x24,x26,1003	 x26:0xfffffc00 x24=0xffffffeb
      105649000	     52724	8000766a	406000b3	sub	x1,x0,x6	  x0:0x00000000  x6:0x00000000  x1=0x00000000
      105751000	     52775	8000766e	0392c433	div	x8,x5,x25	  x5:0x8001add4 x25:0xfffffd19  x8=0x002c199b
      105753000	     52776	80007672	0084	c.addi4spn	x9,x2,64	  x9=0x00000040
      105755000	     52777	80007674	0001	c.addi	x0,0	  x0:0x00000000  x0=0x00000000
      105757000	     52778	80007676	9e5e	c.add	x28,x23	 x28:0x00000000 x23:0x00000000 x28=0x00000000
      105759000	     52779	80007678	8bc5	c.andi	x15,17	 x15:0x00000000 x15=0x00000000
      105761000	     52780	8000767a	8d3d	c.xor	x10,x15	 x10:0x00000000 x15:0x00000000 x10=0x00000000
      105765000	     52782	8000767c	0001	c.addi	x0,0	  x0:0x00000000  x0=0x00000000
      105767000	     52783	8000767e	8446	c.mv	x8,x17	  x0:0x00000000 x17:0xfffc000d  x8=0xfffc000d
      105769000	     52784	80007680	00849a13	slli	x20,x9,0x8	  x9:0x00000040 x20=0x00004000
      105771000	     52785	80007684	e591	c.bnez	x11,80007690	 x11:0x00000000
      105773000	     52786	80007686	02c37663	bgeu	x6,x12,800076b2	  x6:0x00000000 x12:0xfffe0006  x0=0x00000000
      105857000	     52828	8000768a	02c06db3	rem	x27,x0,x12	  x0:0x00000000 x12:0xfffe0006 x27=0x00000000
      105859000	     52829	8000768e	8ca2	c.mv	x25,x8	  x0:0x00000000  x8:0xfffc000d x25=0xfffc000d
      105861000	     52830	80007690	d2f0f493	andi	x9,x1,-721	  x1:0x00000000  x9=0x00000000
      105863000	     52831	80007694	9e6bd397	auipc	x7,0x9e6bd	  x7=0x1e6c4694
      105871000	     52835	80007698	8ce1	c.and	x9,x8	  x9:0x00000000  x8:0xfffc000d  x9=0x00000000
      105959000	     52879	8000769a	03457033	remu	x0,x10,x20	 x10:0x00000000 x20:0x00004000  x0=0x00000000
      105961000	     52880	8000769e	8e79	c.and	x12,x14	 x12:0xfffe0006 x14:0x00000024 x12=0x00000004
      105963000	     52881	800076a0	00cd4ab3	xor	x21,x26,x12	 x26:0xfffffc00 x12:0x00000004 x21=0xfffffc04
      105965000	     52882	800076a4	0ff0000f	fence	iorwiorwiorwiorwiorwiorwiorwiorwiorwiorwiorwiorwiorwiorwiorwiorwiorwiorwiorwiorwiorwiorwiorwiorwiorwiorwiorwiorwiorwiorwiorwiorwiorwiorwiorwiorwiorwiorwiorwiorwiorwiorwiorwiorwiorwiorwiorwiorwiorwiorwiorwiorwiorwiorwiorwiorwiorwiorwiorwiorwiorwiorwiorwiorwiorwiorwiorwiorwiorwiorwiorwiorwiorwiorwiorwiorwiorwiorwiorwiorwiorwiorwiorwiorwiorwiorwiorwiorwiorwiorwiorwiorwiorwiorwiorwiorwiorwiorwiorwiorwiorwiorwiorwiorwiorwiorwiorwiorwiorwiorwiorwiorwiorwiorwiorwiorwiorwiorwiorwiorwiorwiorwiorwiorwiorwiorwiorwiorwiorwiorwiorwiorwiorwiorwiorwiorwiorwiorwiorwiorwiorwiorwiorwiorwiorwiorwiorwiorwiorwiorwiorwiorwiorwiorwiorwiorwiorwiorwiorwiorwiorwiorwiorwiorwiorwiorwiorwiorwiorwiorwiorw,iorwiorwiorwiorwiorwiorwiorwiorwiorwiorwiorwiorwiorwiorwiorwiorwiorwiorwiorwiorwiorwiorwiorwiorwiorwiorwiorwiorwiorwiorwiorwiorwiorwiorwiorwiorwiorwiorwiorwiorwiorwiorwiorwiorwiorwiorwiorwiorwiorwiorwiorwiorwiorwiorwiorwiorwiorwiorwiorwiorwiorwiorwiorwiorwiorwiorwiorwiorwiorwiorwiorwiorwiorwiorwiorwiorwiorwiorwiorwiorwiorwiorwiorwiorwiorwiorwiorwiorwiorwiorwiorwiorwiorwiorwiorwiorwiorwiorwiorwiorwiorwiorwiorwiorwiorwiorwiorwiorwiorwiorwiorwiorwiorwiorwiorwiorwiorwiorwiorwiorwiorwiorwiorwiorwiorwiorwiorwiorwiorwiorwiorwiorwiorwiorwiorwiorwiorwiorwiorwiorwiorwiorwiorwiorwiorwiorwiorwiorwiorwiorwiorwiorwiorwiorwiorwiorwiorwiorwiorwiorwiorwiorwiorwiorwiorwiorwiorwiorwiorwiorwiorwiorw	
      105987000	     52893	800076a8	0001	c.addi	x0,0	  x0:0x00000000  x0=0x00000000
      106009000	     52904	800076aa	00d95fb3	srl	x31,x18,x13	 x18:0x00000001 x13:0xfffffc47 x31=0x00000000
      106031000	     52915	800076ae	40618d33	sub	x26,x3,x6	  x3:0x00000000  x6:0x00000000 x26=0x00000000
      106039000	     52919	800076b2	04964393	xori	x7,x12,73	 x12:0x00000004  x7=0x0000004d
      106041000	     52920	800076b6	84f9	c.srai	x9,0x1e	  x9:0x00000000  x9=0x00000000
      106053000	     52926	800076b8	d307f813	andi	x16,x15,-720	 x15:0x00000000 x16=0x00000000
      106073000	     52936	800076bc	00ae7e33	and	x28,x28,x10	 x28:0x00000000 x10:0x00000000 x28=0x00000000
      106103000	     52951	800076c0	01881f13	slli	x30,x16,0x18	 x16:0x00000000 x30=0x00000000
      106105000	     52952	800076c4	52bb2397	auipc	x7,0x52bb2	  x7=0xd2bb96c4
      106127000	     52963	800076c8	14766e13	ori	x28,x12,327	 x12:0x00000004 x28=0x00000147
      106135000	     52967	800076cc	8e01	c.sub	x12,x8	 x12:0x00000004  x8:0xfffc000d x12=0x0003fff7
      106137000	     52968	800076ce	0a9c	c.addi4spn	x15,x2,336	 x15=0x00000150
      106163000	     52981	800076d0	ef2f6e13	ori	x28,x30,-270	 x30:0x00000000 x28=0xfffffef2
      106179000	     52989	800076d4	007990b3	sll	x1,x19,x7	 x19:0x8001ee7c  x7:0xd2bb96c4  x1=0x001ee7c0
      106181000	     52990	800076d8	011b34b3	sltu	x9,x22,x17	 x22:0x00000001 x17:0xfffc000d  x9=0x00000001
      106189000	     52994	800076dc	8f19	c.sub	x14,x14	 x14:0x00000024 x14:0x00000024 x14=0x00000000
      106211000	     53005	800076de	31e44113	xori	x2,x8,798	  x8:0xfffc000d  x2=0xfffc0313
      106215000	     53007	800076e2	037c6163	bltu	x24,x23,80007704	 x24:0xffffffeb x23:0x00000000  x0=0x00000000
      106247000	     53023	800076e6	791803b7	lui	x7,0x79180	  x7=0x79180000
      106249000	     53024	800076ea	0074e833	or	x16,x9,x7	  x9:0x00000001  x7:0x79180000 x16=0x79180001
      106271000	     53035	800076ee	04fce063	bltu	x25,x15,8000772e	 x25:0xfffc000d x15:0x00000150  x0=0x00000000
      106273000	     53036	800076f2	8fc9	c.or	x15,x10	 x15:0x00000150 x10:0x00000000 x15=0x00000150
      106309000	     53054	800076f4	0386b8b3	mulhu	x17,x13,x24	 x13:0xfffffc47 x24:0xffffffeb x17=0xfffffc32
      106313000	     53056	800076f8	028cdb63	bge	x25,x8,8000772e	 x25:0xfffc000d  x8:0xfffc000d  x0=0x00000000
      106349000	     53074	8000772e	0f98	c.addi4spn	x14,x2,976	 x14=0xfffc06e3
      106359000	     53079	80007730	0d62	c.slli	x26,0x18	 x26:0x00000000 x26=0x00000000
      106381000	     53090	80007732	2e247f13	andi	x30,x8,738	  x8:0xfffc000d x30=0x00000000
      106383000	     53091	80007736	0001	c.addi	x0,0	  x0:0x00000000  x0=0x00000000
      106395000	     53097	80007738	8ffd	c.and	x15,x15	 x15:0x00000150 x15:0x00000150 x15=0x00000150
      106397000	     53098	8000773a	8d45	c.or	x10,x9	 x10:0x00000000  x9:0x00000001 x10=0x00000001
      106411000	     53105	8000773c	18fd	c.addi	x17,-1	 x17:0xfffffc32 x17=0xfffffc31
      106545000	     53172	8000773e	02ecc5b3	div	x11,x25,x14	 x25:0xfffc000d x14:0xfffc06e3 x11=0x00000001
      106547000	     53173	80007742	01ad4833	xor	x16,x26,x26	 x26:0x00000000 x26:0x00000000 x16=0x00000000
      106549000	     53174	80007746	6c41	c.lui	x24,0x10	 x24=0x00010000
      106551000	     53175	80007748	f2666a93	ori	x21,x12,-218	 x12:0x0003fff7 x21=0xfffffff7
      106565000	     53182	8000774c	3b962593	slti	x11,x12,953	 x12:0x0003fff7 x11=0x00000000
      106607000	     53203	80007750	04e1	c.addi	x9,24	  x9:0x00000001  x9=0x00000019
      106609000	     53204	80007752	8c31	c.xor	x8,x12	  x8:0xfffc000d x12:0x0003fff7  x8=0xfffffffa
      106649000	     53224	80007754	717d	c.addi16sp	x2,-16	  x2:0xfffc0313  x2=0xfffc0303
      106651000	     53225	80007756	fa6ebab7	lui	x21,0xfa6eb	 x21=0xfa6eb000
      106705000	     53252	8000775a	02856663	bltu	x10,x8,80007786	 x10:0x00000001  x8:0xfffffffa  x0=0x00000000
      106767000	     53283	80007786	41b984b3	sub	x9,x19,x27	 x19:0x8001ee7c x27:0x00000000  x9=0x8001ee7c
      106793000	     53296	8000778a	206d0c93	addi	x25,x26,518	 x26:0x00000000 x25=0x00000206
      106843000	     53321	8000778e	013238b3	sltu	x17,x4,x19	  x4:0x8001add4 x19:0x8001ee7c x17=0x00000001
      106869000	     53334	80007792	013a5c33	srl	x24,x20,x19	 x20:0x00004000 x19:0x8001ee7c x24=0x00000000
      106913000	     53356	80007796	01d71b63	bne	x14,x29,800077ac	 x14:0xfffc06e3 x29:0x00000000  x0=0x00000000
      106921000	     53360	800077ac	01ab1e33	sll	x28,x22,x26	 x22:0x00000001 x26:0x00000000 x28=0x00000001
      106923000	     53361	800077b0	01be7633	and	x12,x28,x27	 x28:0x00000001 x27:0x00000000 x12=0x00000000
      106945000	     53372	800077b4	85e5	c.srai	x11,0x19	 x11:0x00000000 x11=0x00000000
      106973000	     53386	800077b6	0150ac33	slt	x24,x1,x21	  x1:0x001ee7c0 x21:0xfa6eb000 x24=0x00000000
      106975000	     53387	800077ba	89c1	c.andi	x11,16	 x11:0x00000000 x11=0x00000000
      106981000	     53390	800077bc	f8ef7393	andi	x7,x30,-114	 x30:0x00000000  x7=0x00000000
      106987000	     53393	800077c0	0001	c.addi	x0,0	  x0:0x00000000  x0=0x00000000
      107009000	     53404	800077c2	02b1c863	blt	x3,x11,800077f2	  x3:0x00000000 x11:0x00000000  x0=0x00000000
      107013000	     53406	800077c6	e329	c.bnez	x14,80007808	 x14:0xfffc06e3
      107049000	     53424	80007808	034ce663	bltu	x25,x20,80007834	 x25:0x00000206 x20:0x00004000  x0=0x00000000
      107085000	     53442	80007834	8bd9	c.andi	x15,22	 x15:0x00000150 x15=0x00000010
      107103000	     53451	80007836	02626863	bltu	x4,x6,80007866	  x4:0x8001add4  x6:0x00000000  x0=0x00000000
      107105000	     53452	8000783a	6119	c.addi16sp	x2,384	  x2:0xfffc0303  x2=0xfffc0483
      107107000	     53453	8000783c	01653e33	sltu	x28,x10,x22	 x10:0x00000001 x22:0x00000001 x28=0x00000000
      107119000	     53459	80007840	02995a63	bge	x18,x9,80007874	 x18:0x00000001  x9:0x8001ee7c  x0=0x00000000
      107181000	     53490	80007844	d965ef13	ori	x30,x11,-618	 x11:0x00000000 x30=0xfffffd96
      107183000	     53491	80007848	6111	c.addi16sp	x2,256	  x2:0xfffc0483  x2=0xfffc0583
      107189000	     53494	8000784a	0ff0000f	fence	iorwiorwiorwiorwiorwiorwiorwiorwiorwiorwiorwiorwiorwiorwiorwiorwiorwiorwiorwiorwiorwiorwiorwiorwiorwiorwiorwiorwiorwiorwiorwiorwiorwiorwiorwiorwiorwiorwiorwiorwiorwiorwiorwiorwiorwiorwiorwiorwiorwiorwiorwiorwiorwiorwiorwiorwiorwiorwiorwiorwiorwiorwiorwiorwiorwiorwiorwiorwiorwiorwiorwiorwiorwiorwiorwiorwiorwiorwiorwiorwiorwiorwiorwiorwiorwiorwiorwiorwiorwiorwiorwiorwiorwiorwiorwiorwiorwiorwiorwiorwiorwiorwiorwiorwiorwiorwiorwiorwiorwiorwiorwiorwiorwiorwiorwiorwiorwiorwiorwiorwiorwiorwiorwiorwiorwiorwiorwiorwiorwiorwiorwiorwiorwiorwiorwiorwiorwiorwiorwiorwiorwiorwiorwiorwiorwiorwiorwiorwiorwiorwiorwiorwiorwiorwiorwiorwiorwiorwiorwiorwiorwiorwiorwiorwiorwiorwiorwiorwiorwiorwiorwiorwiorw,iorwiorwiorwiorwiorwiorwiorwiorwiorwiorwiorwiorwiorwiorwiorwiorwiorwiorwiorwiorwiorwiorwiorwiorwiorwiorwiorwiorwiorwiorwiorwiorwiorwiorwiorwiorwiorwiorwiorwiorwiorwiorwiorwiorwiorwiorwiorwiorwiorwiorwiorwiorwiorwiorwiorwiorwiorwiorwiorwiorwiorwiorwiorwiorwiorwiorwiorwiorwiorwiorwiorwiorwiorwiorwiorwiorwiorwiorwiorwiorwiorwiorwiorwiorwiorwiorwiorwiorwiorwiorwiorwiorwiorwiorwiorwiorwiorwiorwiorwiorwiorwiorwiorwiorwiorwiorwiorwiorwiorwiorwiorwiorwiorwiorwiorwiorwiorwiorwiorwiorwiorwiorwiorwiorwiorwiorwiorwiorwiorwiorwiorwiorwiorwiorwiorwiorwiorwiorwiorwiorwiorwiorwiorwiorwiorwiorwiorwiorwiorwiorwiorwiorwiorwiorwiorwiorwiorwiorwiorwiorwiorwiorwiorwiorwiorwiorwiorwiorwiorwiorwiorwiorwiorwiorw	
      107191000	     53495	8000784e	01e97263	bgeu	x18,x30,80007852	 x18:0x00000001 x30:0xfffffd96  x0=0x00000000
      107199000	     53499	80007852	40908533	sub	x10,x1,x9	  x1:0x001ee7c0  x9:0x8001ee7c x10=0x801cf944
      107221000	     53510	80007856	0150e6b3	or	x13,x1,x21	  x1:0x001ee7c0 x21:0xfa6eb000 x13=0xfa7ef7c0
      107223000	     53511	8000785a	198d4193	xori	x3,x26,408	 x26:0x00000000  x3=0x00000198
      107241000	     53520	8000785e	0141c8b3	xor	x17,x3,x20	  x3:0x00000198 x20:0x00004000 x17=0x00004198
      107277000	     53538	80007862	023ad963	bge	x21,x3,80007894	 x21:0xfa6eb000  x3:0x00000198  x0=0x00000000
      107291000	     53545	80007866	01a16a63	bltu	x2,x26,8000787a	  x2:0xfffc0583 x26:0x00000000  x0=0x00000000
      107293000	     53546	8000786a	8c0d	c.sub	x8,x11	  x8:0xfffffffa x11:0x00000000  x8=0xfffffffa
      107295000	     53547	8000786c	8f69	c.and	x14,x10	 x14:0xfffc06e3 x10:0x801cf944 x14=0x801c0040
      107297000	     53548	8000786e	6159	c.addi16sp	x2,400	  x2:0xfffc0583  x2=0xfffc0713
      107315000	     53557	80007870	dd68e693	ori	x13,x17,-554	 x17:0x00004198 x13=0xfffffdde
      107351000	     53575	80007874	00960d33	add	x26,x12,x9	 x12:0x00000000  x9:0x8001ee7c x26=0x8001ee7c
      107393000	     53596	80007878	1390	c.addi4spn	x12,x2,480	 x12=0xfffc08f3
      107395000	     53597	8000787a	0031d233	srl	x4,x3,x3	  x3:0x00000198  x3:0x00000198  x4=0x00000000
      107417000	     53608	8000787e	0079cdb3	xor	x27,x19,x7	 x19:0x8001ee7c  x7:0x00000000 x27=0x8001ee7c
      107429000	     53614	80007882	03e97d63	bgeu	x18,x30,800078bc	 x18:0x00000001 x30:0xfffffd96  x0=0x00000000
      107431000	     53615	80007886	0262f663	bgeu	x5,x6,800078b2	  x5:0x8001add4  x6:0x00000000  x0=0x00000000
      107445000	     53622	8000788a	21fc2f13	slti	x30,x24,543	 x24:0x00000000 x30=0x00000001
      107447000	     53623	8000788e	0001	c.addi	x0,0	  x0:0x00000000  x0=0x00000000
      107451000	     53625	80007890	03741f63	bne	x8,x23,800078ce	  x8:0xfffffffa x23:0x00000000  x0=0x00000000
      107491000	     53645	800078ce	0919	c.addi	x18,6	 x18:0x00000001 x18=0x00000007
      107493000	     53646	800078d0	85a1	c.srai	x11,0x8	 x11:0x00000000 x11=0x00000000
      107555000	     53677	800078d2	025c3033	mulhu	x0,x24,x5	 x24:0x00000000  x5:0x8001add4  x0=0x00000000
      107559000	     53679	800078d6	c59d	c.beqz	x11,80007904	 x11:0x00000000
      107579000	     53689	80007904	9956	c.add	x18,x21	 x18:0x00000007 x21:0xfa6eb000 x18=0xfa6eb007
      107581000	     53690	80007906	8ea1	c.xor	x13,x8	 x13:0xfffffdde  x8:0xfffffffa x13=0x00000224
      107593000	     53696	80007908	01df6963	bltu	x30,x29,8000791a	 x30:0x00000001 x29:0x00000000  x0=0x00000000
      107647000	     53723	8000790c	011c20b3	slt	x1,x24,x17	 x24:0x00000000 x17:0x00004198  x1=0x00000001
      107655000	     53727	80007910	026810b3	mulh	x1,x16,x6	 x16:0x00000000  x6:0x00000000  x1=0x00000000
      107681000	     53740	80007914	8cf9	c.and	x9,x14	  x9:0x8001ee7c x14:0x801c0040  x9=0x80000040
      107687000	     53743	80007916	0074c863	blt	x9,x7,80007926	  x9:0x80000040  x7:0x00000000  x0=0x00000000
      107729000	     53764	80007926	717d	c.addi16sp	x2,-16	  x2:0xfffc0713  x2=0xfffc0703
      107737000	     53768	80007928	02435c63	bge	x6,x4,80007960	  x6:0x00000000  x4:0x00000000  x0=0x00000000
      107813000	     53806	80007960	04abbb93	sltiu	x23,x23,74	 x23:0x00000000 x23=0x00000001
      107825000	     53812	80007964	8585	c.srai	x11,0x1	 x11:0x00000000 x11=0x00000000
      107843000	     53821	80007966	000108b3	add	x17,x2,x0	  x2:0xfffc0703  x0:0x00000000 x17=0xfffc0703
      107881000	     53840	8000796a	0b023013	sltiu	x0,x4,176	  x4:0x00000000  x0=0x00000000
      107883000	     53841	8000796e	0004bcb3	sltu	x25,x9,x0	  x9:0x80000040  x0:0x00000000 x25=0x00000000
      107885000	     53842	80007972	8c65	c.and	x8,x9	  x8:0xfffffffa  x9:0x80000040  x8=0x80000040
      107889000	     53844	80007974	01355813	srli	x16,x10,0x13	 x10:0x801cf944 x16=0x00001003
      107897000	     53848	80007978	cf01	c.beqz	x14,80007990	 x14:0x801c0040
      107899000	     53849	8000797a	1d94	c.addi4spn	x13,x2,752	 x13=0xfffc09f3
      107923000	     53861	8000797c	1d98	c.addi4spn	x14,x2,752	 x14=0xfffc09f3
      107925000	     53862	8000797e	6139	c.addi16sp	x2,448	  x2:0xfffc0703  x2=0xfffc08c3
      107927000	     53863	80007980	0ff0000f	fence	iorwiorwiorwiorwiorwiorwiorwiorwiorwiorwiorwiorwiorwiorwiorwiorwiorwiorwiorwiorwiorwiorwiorwiorwiorwiorwiorwiorwiorwiorwiorwiorwiorwiorwiorwiorwiorwiorwiorwiorwiorwiorwiorwiorwiorwiorwiorwiorwiorwiorwiorwiorwiorwiorwiorwiorwiorwiorwiorwiorwiorwiorwiorwiorwiorwiorwiorwiorwiorwiorwiorwiorwiorwiorwiorwiorwiorwiorwiorwiorwiorwiorwiorwiorwiorwiorwiorwiorwiorwiorwiorwiorwiorwiorwiorwiorwiorwiorwiorwiorwiorwiorwiorwiorwiorwiorwiorwiorwiorwiorwiorwiorwiorwiorwiorwiorwiorwiorwiorwiorwiorwiorwiorwiorwiorwiorwiorwiorwiorwiorwiorwiorwiorwiorwiorwiorwiorwiorwiorwiorwiorwiorwiorwiorwiorwiorwiorwiorwiorwiorwiorwiorwiorwiorwiorwiorwiorwiorwiorwiorwiorwiorwiorwiorwiorwiorwiorwiorwiorwiorwiorwiorwiorwiorwiorw,iorwiorwiorwiorwiorwiorwiorwiorwiorwiorwiorwiorwiorwiorwiorwiorwiorwiorwiorwiorwiorwiorwiorwiorwiorwiorwiorwiorwiorwiorwiorwiorwiorwiorwiorwiorwiorwiorwiorwiorwiorwiorwiorwiorwiorwiorwiorwiorwiorwiorwiorwiorwiorwiorwiorwiorwiorwiorwiorwiorwiorwiorwiorwiorwiorwiorwiorwiorwiorwiorwiorwiorwiorwiorwiorwiorwiorwiorwiorwiorwiorwiorwiorwiorwiorwiorwiorwiorwiorwiorwiorwiorwiorwiorwiorwiorwiorwiorwiorwiorwiorwiorwiorwiorwiorwiorwiorwiorwiorwiorwiorwiorwiorwiorwiorwiorwiorwiorwiorwiorwiorwiorwiorwiorwiorwiorwiorwiorwiorwiorwiorwiorwiorwiorwiorwiorwiorwiorwiorwiorwiorwiorwiorwiorwiorwiorwiorwiorwiorwiorwiorwiorwiorwiorwiorwiorwiorwiorwiorwiorwiorwiorwiorwiorwiorwiorwiorwiorwiorwiorwiorwiorwiorwiorwiorwiorw	
      107947000	     53873	80007984	d563e513	ori	x10,x7,-682	  x7:0x00000000 x10=0xfffffd56
      107969000	     53884	80007988	c601	c.beqz	x12,80007990	 x12:0xfffc08f3
      108029000	     53914	8000798a	015111b3	sll	x3,x2,x21	  x2:0xfffc08c3 x21:0xfa6eb000  x3=0xfffc08c3
      108031000	     53915	8000798e	87a1	c.srai	x15,0x8	 x15:0x00000010 x15=0x00000000
      108067000	     53933	80007990	01fcf263	bgeu	x25,x31,80007994	 x25:0x00000000 x31:0x00000000  x0=0x00000000
      108073000	     53936	80007994	717d	c.addi16sp	x2,-16	  x2:0xfffc08c3  x2=0xfffc08b3
      108101000	     53950	80007996	021abf33	mulhu	x30,x21,x1	 x21:0xfa6eb000  x1:0x00000000 x30=0x00000000
      108103000	     53951	8000799a	003d5693	srli	x13,x26,0x3	 x26:0x8001ee7c x13=0x10003dcf
      108121000	     53960	8000799e	02367c63	bgeu	x12,x3,800079d6	 x12:0xfffc08f3  x3:0xfffc08c3  x0=0x00000000
      108143000	     53971	800079a2	00424833	xor	x16,x4,x4	  x4:0x00000000  x4:0x00000000 x16=0x00000000
      108145000	     53972	800079a6	9f8e	c.add	x31,x3	 x31:0x00000000  x3:0xfffc08c3 x31=0xfffc08c3
      108169000	     53984	800079a8	412b8a33	sub	x20,x23,x18	 x23:0x00000001 x18:0xfa6eb007 x20=0x05914ffa
      108219000	     54009	800079ac	93ae	c.add	x7,x11	  x7:0x00000000 x11:0x00000000  x7=0x00000000
      108221000	     54010	800079ae	8d0d	c.sub	x10,x11	 x10:0xfffffd56 x11:0x00000000 x10=0xfffffd56
      108247000	     54023	800079b0	0001	c.addi	x0,0	  x0:0x00000000  x0=0x00000000
      108249000	     54024	800079b2	e595	c.bnez	x11,800079de	 x11:0x00000000
      108289000	     54044	800079b4	0001	c.addi	x0,0	  x0:0x00000000  x0=0x00000000
      108291000	     54045	800079b6	0136c8b3	xor	x17,x13,x19	 x13:0x10003dcf x19:0x8001ee7c x17=0x9001d3b3
      108307000	     54053	800079ba	051255b7	lui	x11,0x5125	 x11=0x05125000
      108309000	     54054	800079be	1a98	c.addi4spn	x14,x2,368	 x14=0xfffc0a23
      108347000	     54073	800079c0	017ffcb3	and	x25,x31,x23	 x31:0xfffc08c3 x23:0x00000001 x25=0x00000001
      108351000	     54075	800079c4	03106f63	bltu	x0,x17,80007a02	  x0:0x00000000 x17:0x9001d3b3  x0=0x00000000
      108439000	     54119	80007a02	010a0b63	beq	x20,x16,80007a18	 x20:0x05914ffa x16:0x00000000  x0=0x00000000
      108461000	     54130	80007a06	0ff0000f	fence	iorwiorwiorwiorwiorwiorwiorwiorwiorwiorwiorwiorwiorwiorwiorwiorwiorwiorwiorwiorwiorwiorwiorwiorwiorwiorwiorwiorwiorwiorwiorwiorwiorwiorwiorwiorwiorwiorwiorwiorwiorwiorwiorwiorwiorwiorwiorwiorwiorwiorwiorwiorwiorwiorwiorwiorwiorwiorwiorwiorwiorwiorwiorwiorwiorwiorwiorwiorwiorwiorwiorwiorwiorwiorwiorwiorwiorwiorwiorwiorwiorwiorwiorwiorwiorwiorwiorwiorwiorwiorwiorwiorwiorwiorwiorwiorwiorwiorwiorwiorwiorwiorwiorwiorwiorwiorwiorwiorwiorwiorwiorwiorwiorwiorwiorwiorwiorwiorwiorwiorwiorwiorwiorwiorwiorwiorwiorwiorwiorwiorwiorwiorwiorwiorwiorwiorwiorwiorwiorwiorwiorwiorwiorwiorwiorwiorwiorwiorwiorwiorwiorwiorwiorwiorwiorwiorwiorwiorwiorwiorwiorwiorwiorwiorwiorwiorwiorwiorwiorwiorwiorwiorwiorwiorwiorwiorwiorw,iorwiorwiorwiorwiorwiorwiorwiorwiorwiorwiorwiorwiorwiorwiorwiorwiorwiorwiorwiorwiorwiorwiorwiorwiorwiorwiorwiorwiorwiorwiorwiorwiorwiorwiorwiorwiorwiorwiorwiorwiorwiorwiorwiorwiorwiorwiorwiorwiorwiorwiorwiorwiorwiorwiorwiorwiorwiorwiorwiorwiorwiorwiorwiorwiorwiorwiorwiorwiorwiorwiorwiorwiorwiorwiorwiorwiorwiorwiorwiorwiorwiorwiorwiorwiorwiorwiorwiorwiorwiorwiorwiorwiorwiorwiorwiorwiorwiorwiorwiorwiorwiorwiorwiorwiorwiorwiorwiorwiorwiorwiorwiorwiorwiorwiorwiorwiorwiorwiorwiorwiorwiorwiorwiorwiorwiorwiorwiorwiorwiorwiorwiorwiorwiorwiorwiorwiorwiorwiorwiorwiorwiorwiorwiorwiorwiorwiorwiorwiorwiorwiorwiorwiorwiorwiorwiorwiorwiorwiorwiorwiorwiorwiorwiorwiorwiorwiorwiorwiorwiorwiorwiorwiorwiorwiorwiorwiorwiorw	
      108463000	     54131	80007a0a	4123dc93	srai	x25,x7,0x12	  x7:0x00000000 x25=0x00000000
      108525000	     54162	80007a0e	f4731a97	auipc	x21,0xf4731	 x21=0x74738a0e
      108567000	     54183	80007a12	02d81133	mulh	x2,x16,x13	 x16:0x00000000 x13:0x10003dcf  x2=0x00000000
      108569000	     54184	80007a16	666d	c.lui	x12,0x1b	 x12=0x0001b000
      108571000	     54185	80007a18	0f013093	sltiu	x1,x2,240	  x2:0x00000000  x1=0x00000001
      108673000	     54236	80007a1c	037a56b3	divu	x13,x20,x23	 x20:0x05914ffa x23:0x00000001 x13=0x05914ffa
      108675000	     54237	80007a20	012558b3	srl	x17,x10,x18	 x10:0xfffffd56 x18:0xfa6eb007 x17=0x01fffffa
      108699000	     54249	80007a24	0042a103	lw	x2,4(x5)	  x5:0x8001add4  x2=0x80007a86 PA:0x8001add8 store:0x00000000
      108701000	     54250	80007a28	78a42e97	auipc	x29,0x78a42	 x29=0xf8a49a28
      108703000	     54251	80007a2c	40ce5513	srai	x10,x28,0xc	 x28:0x00000000 x10=0x00000000
      108711000	     54255	80007a30	02c79d33	mulh	x26,x15,x12	 x15:0x00000000 x12:0x0001b000 x26=0x00000000
      108767000	     54283	80007a34	8d9d	c.sub	x11,x15	 x11:0x05125000 x15:0x00000000 x11=0x05125000
      108781000	     54290	80007a36	03428293	addi	x5,x5,52	  x5:0x8001add4  x5=0x8001ae08
      108795000	     54297	80007a3a	039688b3	mul	x17,x13,x25	 x13:0x05914ffa x25:0x00000000 x17=0x00000000
      108797000	     54298	80007a3e	0105f933	and	x18,x11,x16	 x11:0x05125000 x16:0x00000000 x18=0x00000000
      108799000	     54299	80007a42	00110593	addi	x11,x2,1	  x2:0x80007a86 x11=0x80007a87
      108805000	     54302	80007a46	000585e7	jalr	x11,0(x11)	 x11:0x80007a87 x11=0x80007a4a
      108889000	     54344	80007a86	c411	c.beqz	x8,80007a92	  x8:0x80000040
      108931000	     54365	80007a88	0ff0000f	fence	iorwiorwiorwiorwiorwiorwiorwiorwiorwiorwiorwiorwiorwiorwiorwiorwiorwiorwiorwiorwiorwiorwiorwiorwiorwiorwiorwiorwiorwiorwiorwiorwiorwiorwiorwiorwiorwiorwiorwiorwiorwiorwiorwiorwiorwiorwiorwiorwiorwiorwiorwiorwiorwiorwiorwiorwiorwiorwiorwiorwiorwiorwiorwiorwiorwiorwiorwiorwiorwiorwiorwiorwiorwiorwiorwiorwiorwiorwiorwiorwiorwiorwiorwiorwiorwiorwiorwiorwiorwiorwiorwiorwiorwiorwiorwiorwiorwiorwiorwiorwiorwiorwiorwiorwiorwiorwiorwiorwiorwiorwiorwiorwiorwiorwiorwiorwiorwiorwiorwiorwiorwiorwiorwiorwiorwiorwiorwiorwiorwiorwiorwiorwiorwiorwiorwiorwiorwiorwiorwiorwiorwiorwiorwiorwiorwiorwiorwiorwiorwiorwiorwiorwiorwiorwiorwiorwiorwiorwiorwiorwiorwiorwiorwiorwiorwiorwiorwiorwiorwiorwiorwiorwiorwiorwiorwiorwiorwiorwiorw,iorwiorwiorwiorwiorwiorwiorwiorwiorwiorwiorwiorwiorwiorwiorwiorwiorwiorwiorwiorwiorwiorwiorwiorwiorwiorwiorwiorwiorwiorwiorwiorwiorwiorwiorwiorwiorwiorwiorwiorwiorwiorwiorwiorwiorwiorwiorwiorwiorwiorwiorwiorwiorwiorwiorwiorwiorwiorwiorwiorwiorwiorwiorwiorwiorwiorwiorwiorwiorwiorwiorwiorwiorwiorwiorwiorwiorwiorwiorwiorwiorwiorwiorwiorwiorwiorwiorwiorwiorwiorwiorwiorwiorwiorwiorwiorwiorwiorwiorwiorwiorwiorwiorwiorwiorwiorwiorwiorwiorwiorwiorwiorwiorwiorwiorwiorwiorwiorwiorwiorwiorwiorwiorwiorwiorwiorwiorwiorwiorwiorwiorwiorwiorwiorwiorwiorwiorwiorwiorwiorwiorwiorwiorwiorwiorwiorwiorwiorwiorwiorwiorwiorwiorwiorwiorwiorwiorwiorwiorwiorwiorwiorwiorwiorwiorwiorwiorwiorwiorwiorwiorwiorwiorwiorwiorwiorwiorwiorwiorwiorw	
      108933000	     54366	80007a8c	0001	c.addi	x0,0	  x0:0x00000000  x0=0x00000000
      108955000	     54377	80007a8e	00578eb3	add	x29,x15,x5	 x15:0x00000000  x5:0x8001ae08 x29=0x8001ae08
      108957000	     54378	80007a92	6145	c.addi16sp	x2,48	  x2:0x80007a86  x2=0x80007ab6
      108977000	     54388	80007a94	717d	c.addi16sp	x2,-16	  x2:0x80007ab6  x2=0x80007aa6
      108979000	     54389	80007a96	0001	c.addi	x0,0	  x0:0x00000000  x0=0x00000000
      108981000	     54390	80007a98	d87c8593	addi	x11,x25,-633	 x25:0x00000000 x11=0xfffffd87
      108999000	     54399	80007a9c	4d2d	c.li	x26,11	 x26=0x0000000b
      109017000	     54408	80007a9e	01f06233	or	x4,x0,x31	  x0:0x00000000 x31:0xfffc08c3  x4=0xfffc08c3
      109019000	     54409	80007aa2	5a7d	c.li	x20,-1	 x20=0xffffffff
      109023000	     54411	80007aa4	53fd	c.li	x7,-1	  x7=0xffffffff
      109043000	     54421	80007aa6	03151133	mulh	x2,x10,x17	 x10:0x00000000 x17:0x00000000  x2=0x00000000
      109045000	     54422	80007aaa	8775	c.srai	x14,0x1d	 x14:0xfffc0a23 x14=0xffffffff
      109059000	     54429	80007aac	0ff0000f	fence	iorwiorwiorwiorwiorwiorwiorwiorwiorwiorwiorwiorwiorwiorwiorwiorwiorwiorwiorwiorwiorwiorwiorwiorwiorwiorwiorwiorwiorwiorwiorwiorwiorwiorwiorwiorwiorwiorwiorwiorwiorwiorwiorwiorwiorwiorwiorwiorwiorwiorwiorwiorwiorwiorwiorwiorwiorwiorwiorwiorwiorwiorwiorwiorwiorwiorwiorwiorwiorwiorwiorwiorwiorwiorwiorwiorwiorwiorwiorwiorwiorwiorwiorwiorwiorwiorwiorwiorwiorwiorwiorwiorwiorwiorwiorwiorwiorwiorwiorwiorwiorwiorwiorwiorwiorwiorwiorwiorwiorwiorwiorwiorwiorwiorwiorwiorwiorwiorwiorwiorwiorwiorwiorwiorwiorwiorwiorwiorwiorwiorwiorwiorwiorwiorwiorwiorwiorwiorwiorwiorwiorwiorwiorwiorwiorwiorwiorwiorwiorwiorwiorwiorwiorwiorwiorwiorwiorwiorwiorwiorwiorwiorwiorwiorwiorwiorwiorwiorwiorwiorwiorwiorwiorwiorwiorwiorwiorwiorwiorwiorwiorw,iorwiorwiorwiorwiorwiorwiorwiorwiorwiorwiorwiorwiorwiorwiorwiorwiorwiorwiorwiorwiorwiorwiorwiorwiorwiorwiorwiorwiorwiorwiorwiorwiorwiorwiorwiorwiorwiorwiorwiorwiorwiorwiorwiorwiorwiorwiorwiorwiorwiorwiorwiorwiorwiorwiorwiorwiorwiorwiorwiorwiorwiorwiorwiorwiorwiorwiorwiorwiorwiorwiorwiorwiorwiorwiorwiorwiorwiorwiorwiorwiorwiorwiorwiorwiorwiorwiorwiorwiorwiorwiorwiorwiorwiorwiorwiorwiorwiorwiorwiorwiorwiorwiorwiorwiorwiorwiorwiorwiorwiorwiorwiorwiorwiorwiorwiorwiorwiorwiorwiorwiorwiorwiorwiorwiorwiorwiorwiorwiorwiorwiorwiorwiorwiorwiorwiorwiorwiorwiorwiorwiorwiorwiorwiorwiorwiorwiorwiorwiorwiorwiorwiorwiorwiorwiorwiorwiorwiorwiorwiorwiorwiorwiorwiorwiorwiorwiorwiorwiorwiorwiorwiorwiorwiorwiorwiorwiorwiorwiorwiorwiorwiorw	
      109153000	     54476	80007ab0	02826633	rem	x12,x4,x8	  x4:0xfffc08c3  x8:0x80000040 x12=0xfffc08c3
      109161000	     54480	80007ab4	02ae3033	mulhu	x0,x28,x10	 x28:0x00000000 x10:0x00000000  x0=0x00000000
      109171000	     54485	80007ab8	03749163	bne	x9,x23,80007ada	  x9:0x80000040 x23:0x00000001  x0=0x00000000
      109215000	     54507	80007ada	87e9	c.srai	x15,0x1a	 x15:0x00000000 x15=0x00000000
      109243000	     54521	80007adc	8f5d	c.or	x14,x15	 x14:0xffffffff x15:0x00000000 x14=0xffffffff
      109277000	     54538	80007ade	e4186f13	ori	x30,x16,-447	 x16:0x00000000 x30=0xfffffe41
      109299000	     54549	80007ae2	0042a103	lw	x2,4(x5)	  x5:0x8001ae08  x2=0x800008ae PA:0x8001ae0c store:0xfffc08c3
      109301000	     54550	80007ae6	8f1d	c.sub	x14,x15	 x14:0xffffffff x15:0x00000000 x14=0xffffffff
      109303000	     54551	80007ae8	02d1	c.addi	x5,20	  x5:0x8001ae08  x5=0x8001ae1c
      109305000	     54552	80007aea	01737fb3	and	x31,x6,x23	  x6:0x00000000 x23:0x00000001 x31=0x00000000
      109323000	     54561	80007aee	073a6a13	ori	x20,x20,115	 x20:0xffffffff x20=0xffffffff
      109325000	     54562	80007af2	5b7d	c.li	x22,-1	 x22=0xffffffff
      109345000	     54572	80007af4	00010393	addi	x7,x2,0	  x2:0x800008ae  x7=0x800008ae
      109357000	     54578	80007af8	8382	c.jr	x7	  x7:0x800008ae
      109405000	     54602	800008ae	893e	c.mv	x18,x15	  x0:0x00000000 x15:0x00000000 x18=0x00000000
      109425000	     54612	800008b0	01ea23b3	slt	x7,x20,x30	 x20:0xffffffff x30:0xfffffe41  x7=0x00000000
      109431000	     54615	800008b4	037b5263	bge	x22,x23,800008d8	 x22:0xffffffff x23:0x00000001  x0=0x00000000
      109487000	     54643	800008b8	00e0b5b3	sltu	x11,x1,x14	  x1:0x00000001 x14:0xffffffff x11=0x00000001
      109507000	     54653	800008bc	03e70933	mul	x18,x14,x30	 x14:0xffffffff x30:0xfffffe41 x18=0x000001bf
      109511000	     54655	800008c0	80bd	c.srli	x9,0xf	  x9:0x80000040  x9=0x00010000
      109513000	     54656	800008c2	717d	c.addi16sp	x2,-16	  x2:0x800008ae  x2=0x8000089e
      109551000	     54675	800008c4	41b25f33	sra	x30,x4,x27	  x4:0xfffc08c3 x27:0x8001ee7c x30=0xffffffff
      109559000	     54679	800008c8	419585b3	sub	x11,x11,x25	 x11:0x00000001 x25:0x00000000 x11=0x00000001
      109611000	     54705	800008cc	24c22f93	slti	x31,x4,588	  x4:0xfffc08c3 x31=0x00000001
      109625000	     54712	800008d0	4047de33	sra	x28,x15,x4	 x15:0x00000000  x4:0xfffc08c3 x28=0x00000000
      109667000	     54733	800008d4	0080df33	srl	x30,x1,x8	  x1:0x00000001  x8:0x80000040 x30=0x00000001
      109675000	     54737	800008d8	026325b3	mulhsu	x11,x6,x6	  x6:0x00000000  x6:0x00000000 x11=0x00000000
      109707000	     54753	800008dc	1afd	c.addi	x21,-1	 x21:0x74738a0e x21=0x74738a0d
      109709000	     54754	800008de	e119	c.bnez	x10,800008e4	 x10:0x00000000
      109711000	     54755	800008e0	016e2833	slt	x16,x28,x22	 x28:0x00000000 x22:0xffffffff x16=0x00000000
      109713000	     54756	800008e4	af05c517	auipc	x10,0xaf05c	 x10=0x2f05c8e4
      109741000	     54770	800008e8	6795	c.lui	x15,0x5	 x15=0x00005000
      109749000	     54774	800008ea	030a1733	mulh	x14,x20,x16	 x20:0xffffffff x16:0x00000000 x14=0x00000000
      109751000	     54775	800008ee	878e	c.mv	x15,x3	  x0:0x00000000  x3:0xfffc08c3 x15=0xfffc08c3
      109769000	     54784	800008f0	9baa	c.add	x23,x10	 x23:0x00000001 x10:0x2f05c8e4 x23=0x2f05c8e5
      109809000	     54804	800008f2	00db01b3	add	x3,x22,x13	 x22:0xffffffff x13:0x05914ffa  x3=0x05914ff9
      109811000	     54805	800008f6	f93b4197	auipc	x3,0xf93b4	  x3=0x793b48f6
      109885000	     54842	800008fa	0245fe33	remu	x28,x11,x4	 x11:0x00000000  x4:0xfffc08c3 x28=0x00000000
      109889000	     54844	800008fe	00feea63	bltu	x29,x15,80000912	 x29:0x8001ae08 x15:0xfffc08c3  x0=0x00000000
      109919000	     54859	80000912	0289bc33	mulhu	x24,x19,x8	 x19:0x8001ee7c  x8:0x80000040 x24=0x4000f75e
      109993000	     54896	80000916	03235833	divu	x16,x6,x18	  x6:0x00000000 x18:0x000001bf x16=0x00000000
      109995000	     54897	8000091a	809d	c.srli	x9,0x7	  x9:0x00010000  x9=0x00000200
      109999000	     54899	8000091c	03c5d533	divu	x10,x11,x28	 x11:0x00000000 x28:0x00000000 x10=0xffffffff
      110001000	     54900	80000920	616d	c.addi16sp	x2,240	  x2:0x8000089e  x2=0x8000098e
      110003000	     54901	80000922	0479a537	lui	x10,0x479a	 x10=0x0479a000
      110005000	     54902	80000926	997d	c.andi	x10,-1	 x10:0x0479a000 x10=0x0479a000
      110011000	     54905	80000928	0001	c.addi	x0,0	  x0:0x00000000  x0=0x00000000
      110013000	     54906	8000092a	8dd5	c.or	x11,x13	 x11:0x00000000 x13:0x05914ffa x11=0x05914ffa
      110039000	     54919	8000092c	00348033	add	x0,x9,x3	  x9:0x00000200  x3:0x793b48f6  x0=0x00000000
      110051000	     54925	80000930	00598263	beq	x19,x5,80000934	 x19:0x8001ee7c  x5:0x8001ae1c  x0=0x00000000
      110063000	     54931	80000934	41b70e33	sub	x28,x14,x27	 x14:0x00000000 x27:0x8001ee7c x28=0x7ffe1184
      110081000	     54940	80000938	0001	c.addi	x0,0	  x0:0x00000000  x0=0x00000000
      110131000	     54965	8000093a	cb98ea13	ori	x20,x17,-839	 x17:0x00000000 x20=0xfffffcb9
      110179000	     54989	8000093e	03d11033	mulh	x0,x2,x29	  x2:0x8000098e x29:0x8001ae08  x0=0x00000000
      110199000	     54999	80000942	41348933	sub	x18,x9,x19	  x9:0x00000200 x19:0x8001ee7c x18=0x7ffe1384
      110207000	     55003	80000946	03e00eb3	mul	x29,x0,x30	  x0:0x00000000 x30:0x00000001 x29=0x00000000
      110225000	     55012	8000094a	00359a63	bne	x11,x3,8000095e	 x11:0x05914ffa  x3:0x793b48f6  x0=0x00000000
      110281000	     55040	8000095e	01eb1533	sll	x10,x22,x30	 x22:0xffffffff x30:0x00000001 x10=0xfffffffe
      110283000	     55041	80000962	00e9ae33	slt	x28,x19,x14	 x19:0x8001ee7c x14:0x00000000 x28=0x00000001
      110285000	     55042	80000966	8ff5	c.and	x15,x13	 x15:0xfffc08c3 x13:0x05914ffa x15=0x059008c2
      110325000	     55062	80000968	d18e9417	auipc	x8,0xd18e9	  x8=0x518e9968
      110365000	     55082	8000096c	00f79d33	sll	x26,x15,x15	 x15:0x059008c2 x15:0x059008c2 x26=0x16402308
      110367000	     55083	80000970	8e55	c.or	x12,x13	 x12:0xfffc08c3 x13:0x05914ffa x12=0xfffd4ffb
      110369000	     55084	80000972	012251b3	srl	x3,x4,x18	  x4:0xfffc08c3 x18:0x7ffe1384  x3=0x0fffc08c
      110397000	     55098	80000976	03f533b3	mulhu	x7,x10,x31	 x10:0xfffffffe x31:0x00000001  x7=0x00000000
      110399000	     55099	8000097a	9f5e	c.add	x30,x23	 x30:0x00000001 x23:0x2f05c8e5 x30=0x2f05c8e6
      110403000	     55101	8000097c	8ff1	c.and	x15,x12	 x15:0x059008c2 x12:0xfffd4ffb x15=0x059008c2
      110405000	     55102	8000097e	8dad	c.xor	x11,x11	 x11:0x05914ffa x11:0x05914ffa x11=0x00000000
      110421000	     55110	80000980	6609	c.lui	x12,0x2	 x12=0x00002000
      110425000	     55112	80000982	02eb7033	remu	x0,x22,x14	 x22:0xffffffff x14:0x00000000  x0=0x00000000
      110427000	     55113	80000986	0001	c.addi	x0,0	  x0:0x00000000  x0=0x00000000
      110455000	     55127	80000988	01827833	and	x16,x4,x24	  x4:0xfffc08c3 x24:0x4000f75e x16=0x40000042
      110491000	     55145	8000098c	41ebd0b3	sra	x1,x23,x30	 x23:0x2f05c8e5 x30:0x2f05c8e6  x1=0x00bc1723
      110493000	     55146	80000990	028ae963	bltu	x21,x8,800009c2	 x21:0x74738a0d  x8:0x518e9968  x0=0x00000000
      110509000	     55154	80000994	0082e933	or	x18,x5,x8	  x5:0x8001ae1c  x8:0x518e9968 x18=0xd18fbf7c
      110533000	     55166	80000998	02d90b33	mul	x22,x18,x13	 x18:0xd18fbf7c x13:0x05914ffa x22=0xe3b44318
      110535000	     55167	8000099c	012d5233	srl	x4,x26,x18	 x26:0x16402308 x18:0xd18fbf7c  x4=0x00000001
      110543000	     55171	800009a0	01665e93	srli	x29,x12,0x16	 x12:0x00002000 x29=0x00000000
      110571000	     55185	800009a4	00fd0c33	add	x24,x26,x15	 x26:0x16402308 x15:0x059008c2 x24=0x1bd02bca
      110573000	     55186	800009a8	01b90133	add	x2,x18,x27	 x18:0xd18fbf7c x27:0x8001ee7c  x2=0x5191adf8
      110595000	     55197	800009ac	0001	c.addi	x0,0	  x0:0x00000000  x0=0x00000000
      110637000	     55218	800009ae	05d5c163	blt	x11,x29,800009f0	 x11:0x00000000 x29:0x00000000  x0=0x00000000
      110639000	     55219	800009b2	04daf263	bgeu	x21,x13,800009f6	 x21:0x74738a0d x13:0x05914ffa  x0=0x00000000
      110669000	     55234	800009b6	03849e33	mulh	x28,x9,x24	  x9:0x00000200 x24:0x1bd02bca x28=0x00000037
      110671000	     55235	800009ba	0001	c.addi	x0,0	  x0:0x00000000  x0=0x00000000
      110673000	     55236	800009bc	8ff9	c.and	x15,x14	 x15:0x059008c2 x14:0x00000000 x15=0x00000000
      110689000	     55244	800009be	01ff5d93	srli	x27,x30,0x1f	 x30:0x2f05c8e6 x27=0x00000000
      110691000	     55245	800009c2	8f99	c.sub	x15,x14	 x15:0x00000000 x14:0x00000000 x15=0x00000000
      110717000	     55258	800009c4	717d	c.addi16sp	x2,-16	  x2:0x5191adf8  x2=0x5191ade8
      110719000	     55259	800009c6	005b54b3	srl	x9,x22,x5	 x22:0xe3b44318  x5:0x8001ae1c  x9=0x0000000e
      110759000	     55279	800009ca	048d8063	beq	x27,x8,80000a0a	 x27:0x00000000  x8:0x518e9968  x0=0x00000000
      110761000	     55280	800009ce	14fd	c.addi	x9,-1	  x9:0x0000000e  x9=0x0000000d
      110769000	     55284	800009d0	037dbf33	mulhu	x30,x27,x23	 x27:0x00000000 x23:0x2f05c8e5 x30=0x00000000
      110809000	     55304	800009d4	037f1db3	mulh	x27,x30,x23	 x30:0x00000000 x23:0x2f05c8e5 x27=0x00000000
      110811000	     55305	800009d8	415a08b3	sub	x17,x20,x21	 x20:0xfffffcb9 x21:0x74738a0d x17=0x8b8c72ac
      110837000	     55318	800009dc	0148dd93	srli	x27,x17,0x14	 x17:0x8b8c72ac x27=0x000008b8
      110863000	     55331	800009e0	009eb4b3	sltu	x9,x29,x9	 x29:0x00000000  x9:0x0000000d  x9=0x00000001
      110869000	     55334	800009e4	0003d493	srli	x9,x7,0x0	  x7:0x00000000  x9=0x00000000
      110887000	     55343	800009e8	0ff0000f	fence	iorwiorwiorwiorwiorwiorwiorwiorwiorwiorwiorwiorwiorwiorwiorwiorwiorwiorwiorwiorwiorwiorwiorwiorwiorwiorwiorwiorwiorwiorwiorwiorwiorwiorwiorwiorwiorwiorwiorwiorwiorwiorwiorwiorwiorwiorwiorwiorwiorwiorwiorwiorwiorwiorwiorwiorwiorwiorwiorwiorwiorwiorwiorwiorwiorwiorwiorwiorwiorwiorwiorwiorwiorwiorwiorwiorwiorwiorwiorwiorwiorwiorwiorwiorwiorwiorwiorwiorwiorwiorwiorwiorwiorwiorwiorwiorwiorwiorwiorwiorwiorwiorwiorwiorwiorwiorwiorwiorwiorwiorwiorwiorwiorwiorwiorwiorwiorwiorwiorwiorwiorwiorwiorwiorwiorwiorwiorwiorwiorwiorwiorwiorwiorwiorwiorwiorwiorwiorwiorwiorwiorwiorwiorwiorwiorwiorwiorwiorwiorwiorwiorwiorwiorwiorwiorwiorwiorwiorwiorwiorwiorwiorwiorwiorwiorwiorwiorwiorwiorwiorwiorwiorwiorwiorwiorwiorwiorwiorwiorwiorwiorwiorwiorw,iorwiorwiorwiorwiorwiorwiorwiorwiorwiorwiorwiorwiorwiorwiorwiorwiorwiorwiorwiorwiorwiorwiorwiorwiorwiorwiorwiorwiorwiorwiorwiorwiorwiorwiorwiorwiorwiorwiorwiorwiorwiorwiorwiorwiorwiorwiorwiorwiorwiorwiorwiorwiorwiorwiorwiorwiorwiorwiorwiorwiorwiorwiorwiorwiorwiorwiorwiorwiorwiorwiorwiorwiorwiorwiorwiorwiorwiorwiorwiorwiorwiorwiorwiorwiorwiorwiorwiorwiorwiorwiorwiorwiorwiorwiorwiorwiorwiorwiorwiorwiorwiorwiorwiorwiorwiorwiorwiorwiorwiorwiorwiorwiorwiorwiorwiorwiorwiorwiorwiorwiorwiorwiorwiorwiorwiorwiorwiorwiorwiorwiorwiorwiorwiorwiorwiorwiorwiorwiorwiorwiorwiorwiorwiorwiorwiorwiorwiorwiorwiorwiorwiorwiorwiorwiorwiorwiorwiorwiorwiorwiorwiorwiorwiorwiorwiorwiorwiorwiorwiorwiorwiorwiorwiorwiorwiorwiorwiorwiorwiorwiorwiorwiorwiorw	
      110901000	     55350	800009ec	00841893	slli	x17,x8,0x8	  x8:0x518e9968 x17=0x8e996800
      111015000	     55407	800009f0	03446db3	rem	x27,x8,x20	  x8:0x518e9968 x20:0xfffffcb9 x27=0x00000315
      111017000	     55408	800009f4	9ac6	c.add	x21,x17	 x21:0x74738a0d x17:0x8e996800 x21=0x030cf20d
      111019000	     55409	800009f6	806d	c.srli	x8,0x1b	  x8:0x518e9968  x8=0x0000000a
      111021000	     55410	800009f8	017ebd33	sltu	x26,x29,x23	 x29:0x00000000 x23:0x2f05c8e5 x26=0x00000001
      111023000	     55411	800009fc	0ff0000f	fence	iorwiorwiorwiorwiorwiorwiorwiorwiorwiorwiorwiorwiorwiorwiorwiorwiorwiorwiorwiorwiorwiorwiorwiorwiorwiorwiorwiorwiorwiorwiorwiorwiorwiorwiorwiorwiorwiorwiorwiorwiorwiorwiorwiorwiorwiorwiorwiorwiorwiorwiorwiorwiorwiorwiorwiorwiorwiorwiorwiorwiorwiorwiorwiorwiorwiorwiorwiorwiorwiorwiorwiorwiorwiorwiorwiorwiorwiorwiorwiorwiorwiorwiorwiorwiorwiorwiorwiorwiorwiorwiorwiorwiorwiorwiorwiorwiorwiorwiorwiorwiorwiorwiorwiorwiorwiorwiorwiorwiorwiorwiorwiorwiorwiorwiorwiorwiorwiorwiorwiorwiorwiorwiorwiorwiorwiorwiorwiorwiorwiorwiorwiorwiorwiorwiorwiorwiorwiorwiorwiorwiorwiorwiorwiorwiorwiorwiorwiorwiorwiorwiorwiorwiorwiorwiorwiorwiorwiorwiorwiorwiorwiorwiorwiorwiorwiorwiorwiorwiorwiorwiorwiorwiorwiorwiorwiorwiorwiorwiorwiorwiorwiorwiorwiorwiorw,iorwiorwiorwiorwiorwiorwiorwiorwiorwiorwiorwiorwiorwiorwiorwiorwiorwiorwiorwiorwiorwiorwiorwiorwiorwiorwiorwiorwiorwiorwiorwiorwiorwiorwiorwiorwiorwiorwiorwiorwiorwiorwiorwiorwiorwiorwiorwiorwiorwiorwiorwiorwiorwiorwiorwiorwiorwiorwiorwiorwiorwiorwiorwiorwiorwiorwiorwiorwiorwiorwiorwiorwiorwiorwiorwiorwiorwiorwiorwiorwiorwiorwiorwiorwiorwiorwiorwiorwiorwiorwiorwiorwiorwiorwiorwiorwiorwiorwiorwiorwiorwiorwiorwiorwiorwiorwiorwiorwiorwiorwiorwiorwiorwiorwiorwiorwiorwiorwiorwiorwiorwiorwiorwiorwiorwiorwiorwiorwiorwiorwiorwiorwiorwiorwiorwiorwiorwiorwiorwiorwiorwiorwiorwiorwiorwiorwiorwiorwiorwiorwiorwiorwiorwiorwiorwiorwiorwiorwiorwiorwiorwiorwiorwiorwiorwiorwiorwiorwiorwiorwiorwiorwiorwiorwiorwiorwiorwiorwiorwiorwiorwiorwiorwiorwiorwiorw	
      111031000	     55415	80000a00	6245	c.lui	x4,0x11	  x4=0x00011000
      111033000	     55416	80000a02	000666b3	or	x13,x12,x0	 x12:0x00002000  x0:0x00000000 x13=0x00002000
      111049000	     55424	80000a06	02c72633	mulhsu	x12,x14,x12	 x14:0x00000000 x12:0x00002000 x12=0x00000000
      111075000	     55437	80000a0a	4116d133	sra	x2,x13,x17	 x13:0x00002000 x17:0x8e996800  x2=0x00002000
      111077000	     55438	80000a0e	1f7d	c.addi	x30,-1	 x30:0x00000000 x30=0xffffffff
      111087000	     55443	80000a10	0073a533	slt	x10,x7,x7	  x7:0x00000000  x7:0x00000000 x10=0x00000000
      111107000	     55453	80000a14	04166263	bltu	x12,x1,80000a58	 x12:0x00000000  x1:0x00bc1723  x0=0x00000000
      111123000	     55461	80000a58	81a9	c.srli	x11,0xa	 x11:0x00000000 x11=0x00000000
      111125000	     55462	80000a5a	e119	c.bnez	x10,80000a60	 x10:0x00000000
      111143000	     55471	80000a5c	03ac9863	bne	x25,x26,80000a8c	 x25:0x00000000 x26:0x00000001  x0=0x00000000
      111169000	     55484	80000a8c	8339	c.srli	x14,0xe	 x14:0x00000000 x14=0x00000000
      111227000	     55513	80000a8e	7d761d37	lui	x26,0x7d761	 x26=0x7d761000
      111229000	     55514	80000a92	411adbb3	sra	x23,x21,x17	 x21:0x030cf20d x17:0x8e996800 x23=0x030cf20d
      111255000	     55527	80000a96	2b980713	addi	x14,x16,697	 x16:0x40000042 x14=0x400002fb
      111277000	     55538	80000a9a	02b54ab3	div	x21,x10,x11	 x10:0x00000000 x11:0x00000000 x21=0xffffffff
      111279000	     55539	80000a9e	0df5	c.addi	x27,29	 x27:0x00000315 x27=0x00000332
      111313000	     55556	80000aa0	ebd96913	ori	x18,x18,-323	 x18:0xd18fbf7c x18=0xfffffffd
      111317000	     55558	80000aa4	039d5cb3	divu	x25,x26,x25	 x26:0x7d761000 x25:0x00000000 x25=0xffffffff
      111361000	     55580	80000aa8	3db9e793	ori	x15,x19,987	 x19:0x8001ee7c x15=0x8001efff
      111363000	     55581	80000aac	332ead93	slti	x27,x29,818	 x29:0x00000000 x27=0x00000001
      111469000	     55634	80000ab0	023eeab3	rem	x21,x29,x3	 x29:0x00000000  x3:0x0fffc08c x21=0x00000000
      111471000	     55635	80000ab4	01a04733	xor	x14,x0,x26	  x0:0x00000000 x26:0x7d761000 x14=0x7d761000
      111473000	     55636	80000ab8	0001	c.addi	x0,0	  x0:0x00000000  x0=0x00000000
      111475000	     55637	80000aba	8d4d	c.or	x10,x11	 x10:0x00000000 x11:0x00000000 x10=0x00000000
      111477000	     55638	80000abc	407cde13	srai	x28,x25,0x7	 x25:0xffffffff x28=0xffffffff
      111487000	     55643	80000ac0	04adf063	bgeu	x27,x10,80000b00	 x27:0x00000001 x10:0x00000000  x0=0x00000000
      111515000	     55657	80000ac4	020d9633	mulh	x12,x27,x0	 x27:0x00000001  x0:0x00000000 x12=0x00000000
      111615000	     55707	80000ac8	023de8b3	rem	x17,x27,x3	 x27:0x00000001  x3:0x0fffc08c x17=0x00000001
      111617000	     55708	80000acc	164caf97	auipc	x31,0x164ca	 x31=0x964caacc
      111619000	     55709	80000ad0	8fd9	c.or	x15,x14	 x15:0x8001efff x14:0x7d761000 x15=0xfd77ffff
      111621000	     55710	80000ad2	9806	c.add	x16,x1	 x16:0x40000042  x1:0x00bc1723 x16=0x40bc1765
      111623000	     55711	80000ad4	4c95	c.li	x25,5	 x25=0x00000005
      111659000	     55729	80000ad6	0259ee63	bltu	x19,x5,80000b12	 x19:0x8001ee7c  x5:0x8001ae1c  x0=0x00000000
      111661000	     55730	80000ada	86dd	c.srai	x13,0x17	 x13:0x00002000 x13=0x00000000
      111687000	     55743	80000adc	c59d	c.beqz	x11,80000b0a	 x11:0x00000000
      111745000	     55772	80000b0a	0001c733	xor	x14,x3,x0	  x3:0x0fffc08c  x0:0x00000000 x14=0x0fffc08c
      111753000	     55776	80000b0e	03ddd663	bge	x27,x29,80000b3a	 x27:0x00000001 x29:0x00000000  x0=0x00000000
      111811000	     55805	80000b12	00cbdcb3	srl	x25,x23,x12	 x23:0x030cf20d x12:0x00000000 x25=0x030cf20d
      111829000	     55814	80000b16	2e868393	addi	x7,x13,744	 x13:0x00000000  x7=0x000002e8
      111835000	     55817	80000b1a	03b4d063	bge	x9,x27,80000b3a	  x9:0x00000000 x27:0x00000001  x0=0x00000000
      111837000	     55818	80000b1e	8cd5	c.or	x9,x13	  x9:0x00000000 x13:0x00000000  x9=0x00000000
      111845000	     55822	80000b20	48d9	c.li	x17,22	 x17=0x00000016
      111847000	     55823	80000b22	40405c33	sra	x24,x0,x4	  x0:0x00000000  x4:0x00011000 x24=0x00000000
      111853000	     55826	80000b26	01721e93	slli	x29,x4,0x17	  x4:0x00011000 x29=0x00000000
      111875000	     55837	80000b2a	01915e33	srl	x28,x2,x25	  x2:0x00002000 x25:0x030cf20d x28=0x00000001
      111937000	     55868	80000b2e	013ff863	bgeu	x31,x19,80000b3e	 x31:0x964caacc x19:0x8001ee7c  x0=0x00000000
      111939000	     55869	80000b32	01e88663	beq	x17,x30,80000b3e	 x17:0x00000016 x30:0xffffffff  x0=0x00000000
      111941000	     55870	80000b36	c011	c.beqz	x8,80000b3a	  x8:0x0000000a
      111949000	     55874	80000b38	e20d	c.bnez	x12,80000b5a	 x12:0x00000000
      111959000	     55879	80000b3a	01a53e33	sltu	x28,x10,x26	 x10:0x00000000 x26:0x7d761000 x28=0x00000001
      111979000	     55889	80000b3e	00669c13	slli	x24,x13,0x6	 x13:0x00000000 x24=0x00000000
      111981000	     55890	80000b42	0893abb7	lui	x23,0x893a	 x23=0x0893a000
      111983000	     55891	80000b46	068faa93	slti	x21,x31,104	 x31:0x964caacc x21=0x00000001
      112059000	     55929	80000b4a	025048b3	div	x17,x0,x5	  x0:0x00000000  x5:0x8001ae1c x17=0x00000000
      112061000	     55930	80000b4e	00927663	bgeu	x4,x9,80000b5a	  x4:0x00011000  x9:0x00000000  x0=0x00000000
      112063000	     55931	80000b52	4179d593	srai	x11,x19,0x17	 x19:0x8001ee7c x11=0xffffff00
      112139000	     55969	80000b56	03c86b33	rem	x22,x16,x28	 x16:0x40bc1765 x28:0x00000001 x22=0x00000000
      112213000	     56006	80000b5a	021558b3	divu	x17,x10,x1	 x10:0x00000000  x1:0x00bc1723 x17=0x00000000
      112215000	     56007	80000b5e	00bc10b3	sll	x1,x24,x11	 x24:0x00000000 x11:0xffffff00  x1=0x00000000
      112219000	     56009	80000b62	e409	c.bnez	x8,80000b6c	  x8:0x0000000a
      112237000	     56018	80000b6c	8e99	c.sub	x13,x14	 x13:0x00000000 x14:0x0fffc08c x13=0xf0003f74
      112239000	     56019	80000b6e	82f1	c.srli	x13,0x1c	 x13:0xf0003f74 x13=0x0000000f
      112243000	     56021	80000b70	00135963	bge	x6,x1,80000b82	  x6:0x00000000  x1:0x00000000  x0=0x00000000
      112305000	     56052	80000b82	e981	c.bnez	x11,80000b92	 x11:0xffffff00
      112359000	     56079	80000b92	322dfd13	andi	x26,x27,802	 x27:0x00000001 x26=0x00000000
      112391000	     56095	80000b96	01050263	beq	x10,x16,80000b9a	 x10:0x00000000 x16:0x40bc1765  x0=0x00000000
      112393000	     56096	80000b9a	8ecd	c.or	x13,x11	 x13:0x0000000f x11:0xffffff00 x13=0xffffff0f
      112395000	     56097	80000b9c	405b5593	srai	x11,x22,0x5	 x22:0x00000000 x11=0x00000000
      112415000	     56107	80000ba0	0001	c.addi	x0,0	  x0:0x00000000  x0=0x00000000
      112437000	     56118	80000ba2	01472433	slt	x8,x14,x20	 x14:0x0fffc08c x20:0xfffffcb9  x8=0x00000000
      112439000	     56119	80000ba6	8511	c.srai	x10,0x4	 x10:0x00000000 x10=0x00000000
      112459000	     56129	80000ba8	0a92	c.slli	x21,0x4	 x21:0x00000001 x21=0x00000010
      112473000	     56136	80000baa	00da7633	and	x12,x20,x13	 x20:0xfffffcb9 x13:0xffffff0f x12=0xfffffc09
      112483000	     56141	80000bae	018fd413	srli	x8,x31,0x18	 x31:0x964caacc  x8=0x00000096
      112507000	     56153	80000bb2	caec6493	ori	x9,x24,-850	 x24:0x00000000  x9=0xfffffcae
      112509000	     56154	80000bb6	86ee	c.mv	x13,x27	  x0:0x00000000 x27:0x00000001 x13=0x00000001
      112559000	     56179	80000bb8	4185	c.li	x3,1	  x3=0x00000001
      112561000	     56180	80000bba	00000073	ecall	
      112609000	     56204	8000a000	0800006f	jal	x0,8000a080	  x0=0x00000000
      112647000	     56223	8000a080	f8428293	addi	x5,x5,-124	  x5:0x8001ae1c  x5=0x8001ada0
      112727000	     56263	8000a084	0012a223	sw	x1,4(x5)	  x5:0x8001ada0  x1:0x00000000 PA:0x8001ada4 store:0x00000000 load:0x00000000
      112787000	     56293	8000a088	0022a423	sw	x2,8(x5)	  x5:0x8001ada0  x2:0x00002000 PA:0x8001ada8 store:0x00002000 load:0x00002000
      112791000	     56295	8000a08c	0032a623	sw	x3,12(x5)	  x5:0x8001ada0  x3:0x00000001 PA:0x8001adac store:0x00000001 load:0x00000001
      112827000	     56313	8000a090	0042a823	sw	x4,16(x5)	  x5:0x8001ada0  x4:0x00011000 PA:0x8001adb0 store:0x00011000 load:0x00011000
      112851000	     56325	8000a094	0052aa23	sw	x5,20(x5)	  x5:0x8001ada0  x5:0x8001ada0 PA:0x8001adb4 store:0x8001ada0 load:0x8001ada0
      112879000	     56339	8000a098	0062ac23	sw	x6,24(x5)	  x5:0x8001ada0  x6:0x00000000 PA:0x8001adb8 store:0x00000000 load:0x00000000
      112907000	     56353	8000a09c	0072ae23	sw	x7,28(x5)	  x5:0x8001ada0  x7:0x000002e8 PA:0x8001adbc store:0x000002e8 load:0x000002e8
      112931000	     56365	8000a0a0	0282a023	sw	x8,32(x5)	  x5:0x8001ada0  x8:0x00000096 PA:0x8001adc0 store:0x00000096 load:0x00000096
      112963000	     56381	8000a0a4	0292a223	sw	x9,36(x5)	  x5:0x8001ada0  x9:0xfffffcae PA:0x8001adc4 store:0xfffffcae load:0xfffffcae
      113017000	     56408	8000a0a8	02a2a423	sw	x10,40(x5)	  x5:0x8001ada0 x10:0x00000000 PA:0x8001adc8 store:0x00000000 load:0x00000000
      113021000	     56410	8000a0ac	02b2a623	sw	x11,44(x5)	  x5:0x8001ada0 x11:0x00000000 PA:0x8001adcc store:0x00000000 load:0x00000000
      113025000	     56412	8000a0b0	02c2a823	sw	x12,48(x5)	  x5:0x8001ada0 x12:0xfffffc09 PA:0x8001add0 store:0xfffffc09 load:0xfffffc09
      113049000	     56424	8000a0b4	02d2aa23	sw	x13,52(x5)	  x5:0x8001ada0 x13:0x00000001 PA:0x8001add4 store:0x00000001 load:0x00000001
      113099000	     56449	8000a0b8	02e2ac23	sw	x14,56(x5)	  x5:0x8001ada0 x14:0x0fffc08c PA:0x8001add8 store:0x0fffc08c load:0x0fffc08c
      113149000	     56474	8000a0bc	02f2ae23	sw	x15,60(x5)	  x5:0x8001ada0 x15:0xfd77ffff PA:0x8001addc store:0xfd77ffff load:0xfd77ffff
      113153000	     56476	8000a0c0	0502a023	sw	x16,64(x5)	  x5:0x8001ada0 x16:0x40bc1765 PA:0x8001ade0 store:0x40bc1765 load:0x40bc1765
      113181000	     56490	8000a0c4	0512a223	sw	x17,68(x5)	  x5:0x8001ada0 x17:0x00000000 PA:0x8001ade4 store:0x00000000 load:0x00000000
      113185000	     56492	8000a0c8	0522a423	sw	x18,72(x5)	  x5:0x8001ada0 x18:0xfffffffd PA:0x8001ade8 store:0xfffffffd load:0xfffffffd
      113205000	     56502	8000a0cc	0532a623	sw	x19,76(x5)	  x5:0x8001ada0 x19:0x8001ee7c PA:0x8001adec store:0x8001ee7c load:0x8001ee7c
      113229000	     56514	8000a0d0	0542a823	sw	x20,80(x5)	  x5:0x8001ada0 x20:0xfffffcb9 PA:0x8001adf0 store:0xfffffcb9 load:0xfffffcb9
      113237000	     56518	8000a0d4	0552aa23	sw	x21,84(x5)	  x5:0x8001ada0 x21:0x00000010 PA:0x8001adf4 store:0x00000010 load:0x00000010
      113249000	     56524	8000a0d8	0562ac23	sw	x22,88(x5)	  x5:0x8001ada0 x22:0x00000000 PA:0x8001adf8 store:0x00000000 load:0x00000000
      113269000	     56534	8000a0dc	0572ae23	sw	x23,92(x5)	  x5:0x8001ada0 x23:0x0893a000 PA:0x8001adfc store:0x0893a000 load:0x0893a000
      113307000	     56553	8000a0e0	0782a023	sw	x24,96(x5)	  x5:0x8001ada0 x24:0x00000000 PA:0x8001ae00 store:0x00000000 load:0x00000000
      113335000	     56567	8000a0e4	0792a223	sw	x25,100(x5)	  x5:0x8001ada0 x25:0x030cf20d PA:0x8001ae04 store:0x030cf20d load:0x030cf20d
      113355000	     56577	8000a0e8	07a2a423	sw	x26,104(x5)	  x5:0x8001ada0 x26:0x00000000 PA:0x8001ae08 store:0x00000000 load:0x00000000
      113361000	     56580	8000a0ec	07b2a623	sw	x27,108(x5)	  x5:0x8001ada0 x27:0x00000001 PA:0x8001ae0c store:0x00000001 load:0x00000001
      113381000	     56590	8000a0f0	07c2a823	sw	x28,112(x5)	  x5:0x8001ada0 x28:0x00000001 PA:0x8001ae10 store:0x00000001 load:0x00000001
      113437000	     56618	8000a0f4	07d2aa23	sw	x29,116(x5)	  x5:0x8001ada0 x29:0x00000000 PA:0x8001ae14 store:0x00000000 load:0x00000000
      113497000	     56648	8000a0f8	07e2ac23	sw	x30,120(x5)	  x5:0x8001ada0 x30:0xffffffff PA:0x8001ae18 store:0xffffffff load:0xffffffff
      113509000	     56654	8000a0fc	07f2ae23	sw	x31,124(x5)	  x5:0x8001ada0 x31:0x964caacc PA:0x8001ae1c store:0x964caacc load:0x964caacc
      113511000	     56655	8000a100	34102b73	csrrs	x22,mepc,x0	  x0:0x00000000 x22=0x80000bba
      113539000	     56669	8000a104	34202b73	csrrs	x22,mcause,x0	  x0:0x00000000 x22=0x00000008
      113541000	     56670	8000a108	440d	c.li	x8,3	  x8=0x00000003
      113563000	     56681	8000a10a	048b0463	beq	x22,x8,8000a152	 x22:0x00000008  x8:0x00000003  x0=0x00000000
      113565000	     56682	8000a10e	4421	c.li	x8,8	  x8=0x00000008
      113627000	     56713	8000a110	0c8b0863	beq	x22,x8,8000a1e0	 x22:0x00000008  x8:0x00000008  x0=0x00000000
      113667000	     56733	8000a1e0	ffff6b17	auipc	x22,0xffff6	 x22=0x800001e0
      113709000	     56754	8000a1e4	ea0b0b13	addi	x22,x22,-352	 x22:0x800001e0 x22=0x80000080
      113811000	     56805	8000a1e8	000b2023	sw	x0,0(x22)	 x22:0x80000080  x0:0x00000000 PA:0x80000080 store:0x00000000 load:0x00000000
      113815000	     56807	8000a1ec	001b2223	sw	x1,4(x22)	 x22:0x80000080  x1:0x00000000 PA:0x80000084 store:0x00000000 load:0x00000000
      113841000	     56820	8000a1f0	002b2423	sw	x2,8(x22)	 x22:0x80000080  x2:0x00002000 PA:0x80000088 store:0x00002000 load:0x00002000
      113885000	     56842	8000a1f4	003b2623	sw	x3,12(x22)	 x22:0x80000080  x3:0x00000001 PA:0x8000008c store:0x00000001 load:0x00000001
      113909000	     56854	8000a1f8	004b2823	sw	x4,16(x22)	 x22:0x80000080  x4:0x00011000 PA:0x80000090 store:0x00011000 load:0x00011000
      113931000	     56865	8000a1fc	005b2a23	sw	x5,20(x22)	 x22:0x80000080  x5:0x8001ada0 PA:0x80000094 store:0x8001ada0 load:0x8001ada0
      113935000	     56867	8000a200	006b2c23	sw	x6,24(x22)	 x22:0x80000080  x6:0x00000000 PA:0x80000098 store:0x00000000 load:0x00000000
      113995000	     56897	8000a204	007b2e23	sw	x7,28(x22)	 x22:0x80000080  x7:0x000002e8 PA:0x8000009c store:0x000002e8 load:0x000002e8
      114005000	     56902	8000a208	028b2023	sw	x8,32(x22)	 x22:0x80000080  x8:0x00000008 PA:0x800000a0 store:0x00000008 load:0x00000008
      114029000	     56914	8000a20c	029b2223	sw	x9,36(x22)	 x22:0x80000080  x9:0xfffffcae PA:0x800000a4 store:0xfffffcae load:0xfffffcae
      114065000	     56932	8000a210	02ab2423	sw	x10,40(x22)	 x22:0x80000080 x10:0x00000000 PA:0x800000a8 store:0x00000000 load:0x00000000
      114085000	     56942	8000a214	02bb2623	sw	x11,44(x22)	 x22:0x80000080 x11:0x00000000 PA:0x800000ac store:0x00000000 load:0x00000000
      114109000	     56954	8000a218	02cb2823	sw	x12,48(x22)	 x22:0x80000080 x12:0xfffffc09 PA:0x800000b0 store:0xfffffc09 load:0xfffffc09
      114113000	     56956	8000a21c	02db2a23	sw	x13,52(x22)	 x22:0x80000080 x13:0x00000001 PA:0x800000b4 store:0x00000001 load:0x00000001
      114135000	     56967	8000a220	02eb2c23	sw	x14,56(x22)	 x22:0x80000080 x14:0x0fffc08c PA:0x800000b8 store:0x0fffc08c load:0x0fffc08c
      114139000	     56969	8000a224	02fb2e23	sw	x15,60(x22)	 x22:0x80000080 x15:0xfd77ffff PA:0x800000bc store:0xfd77ffff load:0xfd77ffff
      114163000	     56981	8000a228	050b2023	sw	x16,64(x22)	 x22:0x80000080 x16:0x40bc1765 PA:0x800000c0 store:0x40bc1765 load:0x40bc1765
      114187000	     56993	8000a22c	051b2223	sw	x17,68(x22)	 x22:0x80000080 x17:0x00000000 PA:0x800000c4 store:0x00000000 load:0x00000000
      114211000	     57005	8000a230	052b2423	sw	x18,72(x22)	 x22:0x80000080 x18:0xfffffffd PA:0x800000c8 store:0xfffffffd load:0xfffffffd
      114255000	     57027	8000a234	053b2623	sw	x19,76(x22)	 x22:0x80000080 x19:0x8001ee7c PA:0x800000cc store:0x8001ee7c load:0x8001ee7c
      114259000	     57029	8000a238	054b2823	sw	x20,80(x22)	 x22:0x80000080 x20:0xfffffcb9 PA:0x800000d0 store:0xfffffcb9 load:0xfffffcb9
      114283000	     57041	8000a23c	055b2a23	sw	x21,84(x22)	 x22:0x80000080 x21:0x00000010 PA:0x800000d4 store:0x00000010 load:0x00000010
      114287000	     57043	8000a240	056b2c23	sw	x22,88(x22)	 x22:0x80000080 x22:0x80000080 PA:0x800000d8 store:0x80000080 load:0x80000080
      114295000	     57047	8000a244	057b2e23	sw	x23,92(x22)	 x22:0x80000080 x23:0x0893a000 PA:0x800000dc store:0x0893a000 load:0x0893a000
      114339000	     57069	8000a248	078b2023	sw	x24,96(x22)	 x22:0x80000080 x24:0x00000000 PA:0x800000e0 store:0x00000000 load:0x00000000
      114381000	     57090	8000a24c	079b2223	sw	x25,100(x22)	 x22:0x80000080 x25:0x030cf20d PA:0x800000e4 store:0x030cf20d load:0x030cf20d
      114405000	     57102	8000a250	07ab2423	sw	x26,104(x22)	 x22:0x80000080 x26:0x00000000 PA:0x800000e8 store:0x00000000 load:0x00000000
      114429000	     57114	8000a254	07bb2623	sw	x27,108(x22)	 x22:0x80000080 x27:0x00000001 PA:0x800000ec store:0x00000001 load:0x00000001
      114457000	     57128	8000a258	07cb2823	sw	x28,112(x22)	 x22:0x80000080 x28:0x00000001 PA:0x800000f0 store:0x00000001 load:0x00000001
      114481000	     57140	8000a25c	07db2a23	sw	x29,116(x22)	 x22:0x80000080 x29:0x00000000 PA:0x800000f4 store:0x00000000 load:0x00000000
      114509000	     57154	8000a260	07eb2c23	sw	x30,120(x22)	 x22:0x80000080 x30:0xffffffff PA:0x800000f8 store:0xffffffff load:0xffffffff
      114513000	     57156	8000a264	07fb2e23	sw	x31,124(x22)	 x22:0x80000080 x31:0x964caacc PA:0x800000fc store:0x964caacc load:0x964caacc
      114517000	     57158	8000a268	a36fe06f	jal	x0,8000849e	  x0=0x00000000
      114521000	     57160	8000849e	00004f17	auipc	x30,0x4	 x30=0x8000c49e
      114561000	     57180	800084a2	b63f2123	sw	x3,-1182(x30)	 x30:0x8000c49e  x3:0x00000001 PA:0x8000c000 store:0x00000001 load:0x00000001
      114565000	     57182	800084a6	bfe5	c.j	8000849e	
      114631000	     57215	8000849e	00004f17	auipc	x30,0x4	 x30=0x8000c49e
      114657000	     57228	800084a2	b63f2123	sw	x3,-1182(x30)	 x30:0x8000c49e  x3:0x00000001 PA:0x8000c000 store:0x00000001 load:0x00000001
      114661000	     57230	800084a6	bfe5	c.j	8000849e	
      114715000	     57257	8000849e	00004f17	auipc	x30,0x4	 x30=0x8000c49e
      114729000	     57264	800084a2	b63f2123	sw	x3,-1182(x30)	 x30:0x8000c49e  x3:0x00000001 PA:0x8000c000 store:0x00000001 load:0x00000001
      114733000	     57266	800084a6	bfe5	c.j	8000849e	
      114737000	     57268	8000849e	00004f17	auipc	x30,0x4	 x30=0x8000c49e
      114781000	     57290	800084a2	b63f2123	sw	x3,-1182(x30)	 x30:0x8000c49e  x3:0x00000001 PA:0x8000c000 store:0x00000001 load:0x00000001
      114785000	     57292	800084a6	bfe5	c.j	8000849e	
      114829000	     57314	8000849e	00004f17	auipc	x30,0x4	 x30=0x8000c49e
      114875000	     57337	800084a2	b63f2123	sw	x3,-1182(x30)	 x30:0x8000c49e  x3:0x00000001 PA:0x8000c000 store:0x00000001 load:0x00000001
      114879000	     57339	800084a6	bfe5	c.j	8000849e	
      114949000	     57374	8000849e	00004f17	auipc	x30,0x4	 x30=0x8000c49e
      114973000	     57386	800084a2	b63f2123	sw	x3,-1182(x30)	 x30:0x8000c49e  x3:0x00000001 PA:0x8000c000 store:0x00000001 load:0x00000001
      114977000	     57388	800084a6	bfe5	c.j	8000849e	
      115033000	     57416	8000849e	00004f17	auipc	x30,0x4	 x30=0x8000c49e
      115089000	     57444	800084a2	b63f2123	sw	x3,-1182(x30)	 x30:0x8000c49e  x3:0x00000001 PA:0x8000c000 store:0x00000001 load:0x00000001
      115093000	     57446	800084a6	bfe5	c.j	8000849e	
      115143000	     57471	8000849e	00004f17	auipc	x30,0x4	 x30=0x8000c49e
      115227000	     57513	800084a2	b63f2123	sw	x3,-1182(x30)	 x30:0x8000c49e  x3:0x00000001 PA:0x8000c000 store:0x00000001 load:0x00000001
      115231000	     57515	800084a6	bfe5	c.j	8000849e	
      115255000	     57527	8000849e	00004f17	auipc	x30,0x4	 x30=0x8000c49e
      115337000	     57568	800084a2	b63f2123	sw	x3,-1182(x30)	 x30:0x8000c49e  x3:0x00000001 PA:0x8000c000 store:0x00000001 load:0x00000001
      115341000	     57570	800084a6	bfe5	c.j	8000849e	
      115395000	     57597	8000849e	00004f17	auipc	x30,0x4	 x30=0x8000c49e
      115401000	     57600	800084a2	b63f2123	sw	x3,-1182(x30)	 x30:0x8000c49e  x3:0x00000001 PA:0x8000c000 store:0x00000001 load:0x00000001
      115405000	     57602	800084a6	bfe5	c.j	8000849e	
      115451000	     57625	8000849e	00004f17	auipc	x30,0x4	 x30=0x8000c49e
      115495000	     57647	800084a2	b63f2123	sw	x3,-1182(x30)	 x30:0x8000c49e  x3:0x00000001 PA:0x8000c000 store:0x00000001 load:0x00000001
      115499000	     57649	800084a6	bfe5	c.j	8000849e	
      115555000	     57677	8000849e	00004f17	auipc	x30,0x4	 x30=0x8000c49e
      115593000	     57696	800084a2	b63f2123	sw	x3,-1182(x30)	 x30:0x8000c49e  x3:0x00000001 PA:0x8000c000 store:0x00000001 load:0x00000001
      115597000	     57698	800084a6	bfe5	c.j	8000849e	
      115621000	     57710	8000849e	00004f17	auipc	x30,0x4	 x30=0x8000c49e
      115629000	     57714	800084a2	b63f2123	sw	x3,-1182(x30)	 x30:0x8000c49e  x3:0x00000001 PA:0x8000c000 store:0x00000001 load:0x00000001
      115633000	     57716	800084a6	bfe5	c.j	8000849e	
      115737000	     57768	8000849e	00004f17	auipc	x30,0x4	 x30=0x8000c49e
      115745000	     57772	800084a2	b63f2123	sw	x3,-1182(x30)	 x30:0x8000c49e  x3:0x00000001 PA:0x8000c000 store:0x00000001 load:0x00000001
      115749000	     57774	800084a6	bfe5	c.j	8000849e	
      115773000	     57786	8000849e	00004f17	auipc	x30,0x4	 x30=0x8000c49e
      115793000	     57796	800084a2	b63f2123	sw	x3,-1182(x30)	 x30:0x8000c49e  x3:0x00000001 PA:0x8000c000 store:0x00000001 load:0x00000001
      115797000	     57798	800084a6	bfe5	c.j	8000849e	
      115881000	     57840	8000849e	00004f17	auipc	x30,0x4	 x30=0x8000c49e
      115951000	     57875	800084a2	b63f2123	sw	x3,-1182(x30)	 x30:0x8000c49e  x3:0x00000001 PA:0x8000c000 store:0x00000001 load:0x00000001
      115955000	     57877	800084a6	bfe5	c.j	8000849e	
      115999000	     57899	8000849e	00004f17	auipc	x30,0x4	 x30=0x8000c49e
      116061000	     57930	800084a2	b63f2123	sw	x3,-1182(x30)	 x30:0x8000c49e  x3:0x00000001 PA:0x8000c000 store:0x00000001 load:0x00000001
      116065000	     57932	800084a6	bfe5	c.j	8000849e	
      116099000	     57949	8000849e	00004f17	auipc	x30,0x4	 x30=0x8000c49e
      116113000	     57956	800084a2	b63f2123	sw	x3,-1182(x30)	 x30:0x8000c49e  x3:0x00000001 PA:0x8000c000 store:0x00000001 load:0x00000001
      116117000	     57958	800084a6	bfe5	c.j	8000849e	
      116145000	     57972	8000849e	00004f17	auipc	x30,0x4	 x30=0x8000c49e
      116207000	     58003	800084a2	b63f2123	sw	x3,-1182(x30)	 x30:0x8000c49e  x3:0x00000001 PA:0x8000c000 store:0x00000001 load:0x00000001
      116211000	     58005	800084a6	bfe5	c.j	8000849e	
      116255000	     58027	8000849e	00004f17	auipc	x30,0x4	 x30=0x8000c49e
      116307000	     58053	800084a2	b63f2123	sw	x3,-1182(x30)	 x30:0x8000c49e  x3:0x00000001 PA:0x8000c000 store:0x00000001 load:0x00000001
      116311000	     58055	800084a6	bfe5	c.j	8000849e	
      116365000	     58082	8000849e	00004f17	auipc	x30,0x4	 x30=0x8000c49e
      116401000	     58100	800084a2	b63f2123	sw	x3,-1182(x30)	 x30:0x8000c49e  x3:0x00000001 PA:0x8000c000 store:0x00000001 load:0x00000001
      116405000	     58102	800084a6	bfe5	c.j	8000849e	
      116443000	     58121	8000849e	00004f17	auipc	x30,0x4	 x30=0x8000c49e
      116473000	     58136	800084a2	b63f2123	sw	x3,-1182(x30)	 x30:0x8000c49e  x3:0x00000001 PA:0x8000c000 store:0x00000001 load:0x00000001
      116477000	     58138	800084a6	bfe5	c.j	8000849e	
      116517000	     58158	8000849e	00004f17	auipc	x30,0x4	 x30=0x8000c49e
      116537000	     58168	800084a2	b63f2123	sw	x3,-1182(x30)	 x30:0x8000c49e  x3:0x00000001 PA:0x8000c000 store:0x00000001 load:0x00000001
      116541000	     58170	800084a6	bfe5	c.j	8000849e	
      116581000	     58190	8000849e	00004f17	auipc	x30,0x4	 x30=0x8000c49e
      116591000	     58195	800084a2	b63f2123	sw	x3,-1182(x30)	 x30:0x8000c49e  x3:0x00000001 PA:0x8000c000 store:0x00000001 load:0x00000001
      116595000	     58197	800084a6	bfe5	c.j	8000849e	
      116667000	     58233	8000849e	00004f17	auipc	x30,0x4	 x30=0x8000c49e
      116725000	     58262	800084a2	b63f2123	sw	x3,-1182(x30)	 x30:0x8000c49e  x3:0x00000001 PA:0x8000c000 store:0x00000001 load:0x00000001
      116729000	     58264	800084a6	bfe5	c.j	8000849e	
      116783000	     58291	8000849e	00004f17	auipc	x30,0x4	 x30=0x8000c49e
      116821000	     58310	800084a2	b63f2123	sw	x3,-1182(x30)	 x30:0x8000c49e  x3:0x00000001 PA:0x8000c000 store:0x00000001 load:0x00000001
      116825000	     58312	800084a6	bfe5	c.j	8000849e	
      116867000	     58333	8000849e	00004f17	auipc	x30,0x4	 x30=0x8000c49e
      116897000	     58348	800084a2	b63f2123	sw	x3,-1182(x30)	 x30:0x8000c49e  x3:0x00000001 PA:0x8000c000 store:0x00000001 load:0x00000001
      116901000	     58350	800084a6	bfe5	c.j	8000849e	
      116919000	     58359	8000849e	00004f17	auipc	x30,0x4	 x30=0x8000c49e
      116959000	     58379	800084a2	b63f2123	sw	x3,-1182(x30)	 x30:0x8000c49e  x3:0x00000001 PA:0x8000c000 store:0x00000001 load:0x00000001
      116963000	     58381	800084a6	bfe5	c.j	8000849e	
      117005000	     58402	8000849e	00004f17	auipc	x30,0x4	 x30=0x8000c49e
      117051000	     58425	800084a2	b63f2123	sw	x3,-1182(x30)	 x30:0x8000c49e  x3:0x00000001 PA:0x8000c000 store:0x00000001 load:0x00000001
      117055000	     58427	800084a6	bfe5	c.j	8000849e	
      117105000	     58452	8000849e	00004f17	auipc	x30,0x4	 x30=0x8000c49e
      117115000	     58457	800084a2	b63f2123	sw	x3,-1182(x30)	 x30:0x8000c49e  x3:0x00000001 PA:0x8000c000 store:0x00000001 load:0x00000001
      117119000	     58459	800084a6	bfe5	c.j	8000849e	
      117165000	     58482	8000849e	00004f17	auipc	x30,0x4	 x30=0x8000c49e
      117179000	     58489	800084a2	b63f2123	sw	x3,-1182(x30)	 x30:0x8000c49e  x3:0x00000001 PA:0x8000c000 store:0x00000001 load:0x00000001
      117183000	     58491	800084a6	bfe5	c.j	8000849e	
      117245000	     58522	8000849e	00004f17	auipc	x30,0x4	 x30=0x8000c49e
      117263000	     58531	800084a2	b63f2123	sw	x3,-1182(x30)	 x30:0x8000c49e  x3:0x00000001 PA:0x8000c000 store:0x00000001 load:0x00000001
      117267000	     58533	800084a6	bfe5	c.j	8000849e	
      117329000	     58564	8000849e	00004f17	auipc	x30,0x4	 x30=0x8000c49e
      117337000	     58568	800084a2	b63f2123	sw	x3,-1182(x30)	 x30:0x8000c49e  x3:0x00000001 PA:0x8000c000 store:0x00000001 load:0x00000001
      117341000	     58570	800084a6	bfe5	c.j	8000849e	
      117401000	     58600	8000849e	00004f17	auipc	x30,0x4	 x30=0x8000c49e
      117451000	     58625	800084a2	b63f2123	sw	x3,-1182(x30)	 x30:0x8000c49e  x3:0x00000001 PA:0x8000c000 store:0x00000001 load:0x00000001
      117455000	     58627	800084a6	bfe5	c.j	8000849e	
      117487000	     58643	8000849e	00004f17	auipc	x30,0x4	 x30=0x8000c49e
      117499000	     58649	800084a2	b63f2123	sw	x3,-1182(x30)	 x30:0x8000c49e  x3:0x00000001 PA:0x8000c000 store:0x00000001 load:0x00000001
      117503000	     58651	800084a6	bfe5	c.j	8000849e	
      117625000	     58712	8000849e	00004f17	auipc	x30,0x4	 x30=0x8000c49e
      117629000	     58714	800084a2	b63f2123	sw	x3,-1182(x30)	 x30:0x8000c49e  x3:0x00000001 PA:0x8000c000 store:0x00000001 load:0x00000001
      117633000	     58716	800084a6	bfe5	c.j	8000849e	
      117689000	     58744	8000849e	00004f17	auipc	x30,0x4	 x30=0x8000c49e
      117729000	     58764	800084a2	b63f2123	sw	x3,-1182(x30)	 x30:0x8000c49e  x3:0x00000001 PA:0x8000c000 store:0x00000001 load:0x00000001
      117733000	     58766	800084a6	bfe5	c.j	8000849e	
      117769000	     58784	8000849e	00004f17	auipc	x30,0x4	 x30=0x8000c49e
      117801000	     58800	800084a2	b63f2123	sw	x3,-1182(x30)	 x30:0x8000c49e  x3:0x00000001 PA:0x8000c000 store:0x00000001 load:0x00000001
      117805000	     58802	800084a6	bfe5	c.j	8000849e	
      117835000	     58817	8000849e	00004f17	auipc	x30,0x4	 x30=0x8000c49e
      117843000	     58821	800084a2	b63f2123	sw	x3,-1182(x30)	 x30:0x8000c49e  x3:0x00000001 PA:0x8000c000 store:0x00000001 load:0x00000001
      117847000	     58823	800084a6	bfe5	c.j	8000849e	
      117903000	     58851	8000849e	00004f17	auipc	x30,0x4	 x30=0x8000c49e
      117925000	     58862	800084a2	b63f2123	sw	x3,-1182(x30)	 x30:0x8000c49e  x3:0x00000001 PA:0x8000c000 store:0x00000001 load:0x00000001
      117929000	     58864	800084a6	bfe5	c.j	8000849e	
      117991000	     58895	8000849e	00004f17	auipc	x30,0x4	 x30=0x8000c49e
      118015000	     58907	800084a2	b63f2123	sw	x3,-1182(x30)	 x30:0x8000c49e  x3:0x00000001 PA:0x8000c000 store:0x00000001 load:0x00000001
      118019000	     58909	800084a6	bfe5	c.j	8000849e	
      118081000	     58940	8000849e	00004f17	auipc	x30,0x4	 x30=0x8000c49e
      118125000	     58962	800084a2	b63f2123	sw	x3,-1182(x30)	 x30:0x8000c49e  x3:0x00000001 PA:0x8000c000 store:0x00000001 load:0x00000001
      118129000	     58964	800084a6	bfe5	c.j	8000849e	
      118211000	     59005	8000849e	00004f17	auipc	x30,0x4	 x30=0x8000c49e
      118215000	     59007	800084a2	b63f2123	sw	x3,-1182(x30)	 x30:0x8000c49e  x3:0x00000001 PA:0x8000c000 store:0x00000001 load:0x00000001
      118219000	     59009	800084a6	bfe5	c.j	8000849e	
      118255000	     59027	8000849e	00004f17	auipc	x30,0x4	 x30=0x8000c49e
      118317000	     59058	800084a2	b63f2123	sw	x3,-1182(x30)	 x30:0x8000c49e  x3:0x00000001 PA:0x8000c000 store:0x00000001 load:0x00000001
      118321000	     59060	800084a6	bfe5	c.j	8000849e	
      118345000	     59072	8000849e	00004f17	auipc	x30,0x4	 x30=0x8000c49e
      118449000	     59124	800084a2	b63f2123	sw	x3,-1182(x30)	 x30:0x8000c49e  x3:0x00000001 PA:0x8000c000 store:0x00000001 load:0x00000001
      118453000	     59126	800084a6	bfe5	c.j	8000849e	
      118513000	     59156	8000849e	00004f17	auipc	x30,0x4	 x30=0x8000c49e
