Time	Cycle	PC	Insn	Decoded instruction	Register and memory contents
         253000	        26	80000080	00000013	addi	x0,x0,0	  x0:0x00000000  x0=0x00000000
         255000	        27	80000084	4081	c.li	x1,0	  x1=0x00000000
         257000	        28	80000086	5296a137	lui	x2,0x5296a	  x2=0x5296a000
         279000	        39	8000008a	ec010113	addi	x2,x2,-320	  x2:0x5296a000  x2=0x52969ec0
         281000	        40	8000008e	4181	c.li	x3,0	  x3=0x00000000
         331000	        65	80000090	4201	c.li	x4,0	  x4=0x00000000
         333000	        66	80000092	f08252b7	lui	x5,0xf0825	  x5=0xf0825000
         355000	        77	80000096	d1028293	addi	x5,x5,-752	  x5:0xf0825000  x5=0xf0824d10
         357000	        78	8000009a	4301	c.li	x6,0	  x6=0x00000000
         365000	        82	8000009c	ffe243b7	lui	x7,0xffe24	  x7=0xffe24000
         367000	        83	800000a0	19038393	addi	x7,x7,400	  x7:0xffe24000  x7=0xffe24190
         369000	        84	800000a4	9e6b0437	lui	x8,0x9e6b0	  x8=0x9e6b0000
         371000	        85	800000a8	9cd40413	addi	x8,x8,-1587	  x8:0x9e6b0000  x8=0x9e6af9cd
         403000	       101	800000ac	800004b7	lui	x9,0x80000	  x9=0x80000000
         407000	       103	800000b0	ff24d537	lui	x10,0xff24d	 x10=0xff24d000
         433000	       116	800000b4	9b450513	addi	x10,x10,-1612	 x10:0xff24d000 x10=0xff24c9b4
         439000	       119	800000b8	221c65b7	lui	x11,0x221c6	 x11=0x221c6000
         445000	       122	800000bc	e0758593	addi	x11,x11,-505	 x11:0x221c6000 x11=0x221c5e07
         467000	       133	800000c0	fcb0e637	lui	x12,0xfcb0e	 x12=0xfcb0e000
         485000	       142	800000c4	e0560613	addi	x12,x12,-507	 x12:0xfcb0e000 x12=0xfcb0de05
         487000	       143	800000c8	800006b7	lui	x13,0x80000	 x13=0x80000000
         489000	       144	800000cc	4701	c.li	x14,0	 x14=0x00000000
         511000	       155	800000ce	fa1187b7	lui	x15,0xfa118	 x15=0xfa118000
         551000	       175	800000d2	12e78793	addi	x15,x15,302	 x15:0xfa118000 x15=0xfa11812e
         593000	       196	800000d6	19fae837	lui	x16,0x19fae	 x16=0x19fae000
         595000	       197	800000da	0a780813	addi	x16,x16,167	 x16:0x19fae000 x16=0x19fae0a7
         617000	       208	800000de	800008b7	lui	x17,0x80000	 x17=0x80000000
         639000	       219	800000e2	46486937	lui	x18,0x46486	 x18=0x46486000
         657000	       228	800000e6	95690913	addi	x18,x18,-1706	 x18:0x46486000 x18=0x46485956
         659000	       229	800000ea	499d	c.li	x19,7	 x19=0x00000007
         661000	       230	800000ec	f4b95a37	lui	x20,0xf4b95	 x20=0xf4b95000
         675000	       237	800000f0	f69a0a13	addi	x20,x20,-151	 x20:0xf4b95000 x20=0xf4b94f69
         685000	       242	800000f4	49648ab7	lui	x21,0x49648	 x21=0x49648000
         707000	       253	800000f8	224a8a93	addi	x21,x21,548	 x21:0x49648000 x21=0x49648224
         709000	       254	800000fc	4b15	c.li	x22,5	 x22=0x00000005
         711000	       255	800000fe	38026bb7	lui	x23,0x38026	 x23=0x38026000
         757000	       278	80000102	492b8b93	addi	x23,x23,1170	 x23:0x38026000 x23=0x38026492
         759000	       279	80000106	4c21	c.li	x24,8	 x24=0x00000008
         763000	       281	80000108	4c81	c.li	x25,0	 x25=0x00000000
         785000	       292	8000010a	80000d37	lui	x26,0x80000	 x26=0x80000000
         837000	       318	8000010e	80000db7	lui	x27,0x80000	 x27=0x80000000
         839000	       319	80000112	4e01	c.li	x28,0	 x28=0x00000000
         841000	       320	80000114	4e81	c.li	x29,0	 x29=0x00000000
         843000	       321	80000116	4f15	c.li	x30,5	 x30=0x00000005
         845000	       322	80000118	80000fb7	lui	x31,0x80000	 x31=0x80000000
         847000	       323	8000011c	40001b37	lui	x22,0x40001	 x22=0x40001000
         883000	       341	80000120	104b0b13	addi	x22,x22,260	 x22:0x40001000 x22=0x40001104
         909000	       354	80000124	301b1073	csrrw	x0,misa,x22	 x22:0x40001104  x0=0x00000000
         911000	       355	80000128	0001f997	auipc	x19,0x1f	 x19=0x8001f128
         945000	       372	8000012c	d5498993	addi	x19,x19,-684	 x19:0x8001f128 x19=0x8001ee7c
         947000	       373	80000130	0000ab17	auipc	x22,0xa	 x22=0x8000a130
         969000	       384	80000134	ed0b0b13	addi	x22,x22,-304	 x22:0x8000a130 x22=0x8000a000
         971000	       385	80000138	001b6b13	ori	x22,x22,1	 x22:0x8000a000 x22=0x8000a001
         993000	       396	8000013c	305b1073	csrrw	x0,mtvec,x22	 x22:0x8000a001  x0=0x00000000
        1015000	       407	80000140	00000b17	auipc	x22,0x0	 x22=0x80000140
        1037000	       418	80000144	010b0b13	addi	x22,x22,16	 x22:0x80000140 x22=0x80000150
        1059000	       429	80000148	341b1073	csrrw	x0,mepc,x22	 x22:0x80000150  x0=0x00000000
        1099000	       449	8000014c	5b00806f	jal	x0,800086fc	  x0=0x00000000
        1111000	       455	800086fc	00002b37	lui	x22,0x2	 x22=0x00002000
        1165000	       482	80008700	800b0b13	addi	x22,x22,-2048	 x22:0x00002000 x22=0x00001800
        1187000	       493	80008704	300b1073	csrrw	x0,mstatus,x22	 x22:0x00001800  x0=0x00000000
        1193000	       496	80008708	4b01	c.li	x22,0	 x22=0x00000000
        1203000	       501	8000870a	304b1073	csrrw	x0,mie,x22	 x22:0x00000000  x0=0x00000000
        1245000	       522	8000870e	30200073	mret	
        1321000	       560	80000150	0001b297	auipc	x5,0x1b	  x5=0x8001b150
        1323000	       561	80000154	ccc28293	addi	x5,x5,-820	  x5:0x8001b150  x5=0x8001ae1c
        1341000	       570	80000158	3408d973	csrrwi	x18,mscratch,17	 x18=0x00000000
        1359000	       579	8000015c	0178dcb3	srl	x25,x17,x23	 x17:0x80000000 x23:0x38026492 x25=0x00002000
        1371000	       585	80000160	8f75	c.and	x14,x13	 x14:0x00000000 x13:0x80000000 x14=0x00000000
        1399000	       599	80000162	03c41db3	mulh	x27,x8,x28	  x8:0x9e6af9cd x28:0x00000000 x27=0x00000000
        1401000	       600	80000166	717d	c.addi16sp	x2,-16	  x2:0x52969ec0  x2=0x52969eb0
        1403000	       601	80000168	0ad1c413	xori	x8,x3,173	  x3:0x00000000  x8=0x000000ad
        1405000	       602	8000016c	88dd	c.andi	x9,23	  x9:0x80000000  x9=0x00000000
        1407000	       603	8000016e	01ea	c.slli	x3,0x1a	  x3:0x00000000  x3=0x00000000
        1423000	       611	80000170	0377c863	blt	x15,x23,800001a0	 x15:0xfa11812e x23:0x38026492  x0=0x00000000
        1439000	       619	800001a0	008870b3	and	x1,x16,x8	 x16:0x19fae0a7  x8:0x000000ad  x1=0x000000a5
        1461000	       630	800001a4	1e84	c.addi4spn	x9,x2,880	  x9=0x5296a220
        1517000	       658	800001a6	340198f3	csrrw	x17,mscratch,x3	  x3:0x00000000 x17=0x00000011
        1519000	       659	800001aa	0001	c.addi	x0,0	  x0:0x00000000  x0=0x00000000
        1599000	       699	800001ac	0256c733	div	x14,x13,x5	 x13:0x80000000  x5:0x8001ae1c x14=0x00000001
        1607000	       703	800001b0	03cb36b3	mulhu	x13,x22,x28	 x22:0x00000000 x28:0x00000000 x13=0x00000000
        1609000	       704	800001b4	34006d73	csrrsi	x26,mscratch,0	 x26=0x00000000
        1611000	       705	800001b8	0001	c.addi	x0,0	  x0:0x00000000  x0=0x00000000
        1627000	       713	800001ba	db0b2c13	slti	x24,x22,-592	 x22:0x00000000 x24=0x00000000
        1629000	       714	800001be	65d1	c.lui	x11,0x14	 x11=0x00014000
        1639000	       719	800001c0	01314763	blt	x2,x19,800001ce	  x2:0x52969eb0 x19:0x8001ee7c  x0=0x00000000
        1651000	       725	800001c4	0228d263	bge	x17,x2,800001e8	 x17:0x00000011  x2:0x52969eb0  x0=0x00000000
        1671000	       735	800001c8	0001	c.addi	x0,0	  x0:0x00000000  x0=0x00000000
        1673000	       736	800001ca	cf0d	c.beqz	x14,80000204	 x14:0x00000001
        1685000	       742	800001cc	cf15	c.beqz	x14,80000208	 x14:0x00000001
        1687000	       743	800001ce	84cd	c.srai	x9,0x13	  x9:0x5296a220  x9=0x00000a52
        1709000	       754	800001d0	ec95	c.bnez	x9,8000020c	  x9:0x00000a52
        1767000	       783	8000020c	bf8021b7	lui	x3,0xbf802	  x3=0xbf802000
        1771000	       785	80000210	c019	c.beqz	x8,80000216	  x8:0x000000ad
        1773000	       786	80000212	340653f3	csrrwi	x7,mscratch,12	  x7=0x00000000
        1775000	       787	80000216	016b26b3	slt	x13,x22,x22	 x22:0x00000000 x22:0x00000000 x13=0x00000000
        1791000	       795	8000021a	03c67163	bgeu	x12,x28,8000023c	 x12:0xfcb0de05 x28:0x00000000  x0=0x00000000
        1793000	       796	8000021e	0a12	c.slli	x20,0x4	 x20:0xf4b94f69 x20=0x4b94f690
        1813000	       806	80000220	cf4c3837	lui	x16,0xcf4c3	 x16=0xcf4c3000
        1815000	       807	80000224	003f4763	blt	x30,x3,80000232	 x30:0x00000005  x3:0xbf802000  x0=0x00000000
        1837000	       818	80000228	01628a33	add	x20,x5,x22	  x5:0x8001ae1c x22:0x00000000 x20=0x8001ae1c
        1885000	       842	8000022c	826a	c.mv	x4,x26	  x0:0x00000000 x26:0x00000000  x4=0x00000000
        1895000	       847	8000022e	3405a473	csrrs	x8,mscratch,x11	 x11:0x00014000  x8=0x0000000c
        1897000	       848	80000232	8495	c.srai	x9,0x5	  x9:0x00000a52  x9=0x00000052
        1903000	       851	80000234	01925a33	srl	x20,x4,x25	  x4:0x00000000 x25:0x00002000 x20=0x00000000
        1907000	       853	80000238	4133de93	srai	x29,x7,0x13	  x7:0x00000000 x29=0x00000000
        1965000	       882	8000023c	018b46b3	xor	x13,x22,x24	 x22:0x00000000 x24:0x00000000 x13=0x00000000
        2005000	       902	80000240	0c99	c.addi	x25,6	 x25:0x00002000 x25=0x00002006
        2007000	       903	80000242	c509	c.beqz	x10,8000024c	 x10:0xff24c9b4
        2009000	       904	80000244	8c69	c.and	x8,x10	  x8:0x0000000c x10:0xff24c9b4  x8=0x00000004
        2019000	       909	80000246	340138f3	csrrc	x17,mscratch,x2	  x2:0x52969eb0 x17=0x0001400c
        2021000	       910	8000024a	8079	c.srli	x8,0x1e	  x8:0x00000004  x8=0x00000000
        2067000	       933	8000024c	077a	c.slli	x14,0x1e	 x14:0x00000001 x14=0x40000000
        2071000	       935	8000024e	00dd7b63	bgeu	x26,x13,80000264	 x26:0x00000000 x13:0x00000000  x0=0x00000000
        2181000	       990	80000264	03eca5b3	mulhsu	x11,x25,x30	 x25:0x00002006 x30:0x00000005 x11=0x00000000
        2193000	       996	80000268	40a60ab3	sub	x21,x12,x10	 x12:0xfcb0de05 x10:0xff24c9b4 x21=0xfd8c1451
        2235000	      1017	8000026c	34086a73	csrrsi	x20,mscratch,16	 x20=0x0001400c
        2237000	      1018	80000270	f54aaf93	slti	x31,x21,-172	 x21:0xfd8c1451 x31=0x00000001
        2257000	      1028	80000274	0286c233	div	x4,x13,x8	 x13:0x00000000  x8:0x00000000  x4=0xffffffff
        2259000	      1029	80000278	7f134537	lui	x10,0x7f134	 x10=0x7f134000
        2283000	      1041	8000027c	f2753793	sltiu	x15,x10,-217	 x10:0x7f134000 x15=0x00000001
        2321000	      1060	80000280	6175	c.addi16sp	x2,368	  x2:0x52969eb0  x2=0x5296a020
        2323000	      1061	80000282	6211	c.lui	x4,0x4	  x4=0x00004000
        2355000	      1077	80000284	034f20b3	mulhsu	x1,x30,x20	 x30:0x00000005 x20:0x0001400c  x1=0x00000000
        2357000	      1078	80000288	340f3273	csrrc	x4,mscratch,x30	 x30:0x00000005  x4=0x0001401c
        2373000	      1086	8000028c	9926	c.add	x18,x9	 x18:0x00000000  x9:0x00000052 x18=0x00000052
        2375000	      1087	8000028e	4e59	c.li	x28,22	 x28=0x00000016
        2399000	      1099	80000290	01950a63	beq	x10,x25,800002a4	 x10:0x7f134000 x25:0x00002006  x0=0x00000000
        2427000	      1113	80000294	34046e73	csrrsi	x28,mscratch,8	 x28=0x00014018
        2505000	      1152	80000298	0312c433	div	x8,x5,x17	  x5:0x8001ae1c x17:0x0001400c  x8=0xffff999f
        2507000	      1153	8000029c	e23d2413	slti	x8,x26,-477	 x26:0x00000000  x8=0x00000000
        2509000	      1154	800002a0	14b43a13	sltiu	x20,x8,331	  x8:0x00000000 x20=0x00000001
        2511000	      1155	800002a4	e48f4693	xori	x13,x30,-440	 x30:0x00000005 x13=0xfffffe4d
        2533000	      1166	800002a8	340cfcf3	csrrci	x25,mscratch,25	 x25=0x00014018
        2555000	      1177	800002ac	0ff0000f	fence	iorw,iorwiorw	
        2579000	      1189	800002b0	01278363	beq	x15,x18,800002b6	 x15:0x00000001 x18:0x00000052  x0=0x00000000
        2597000	      1198	800002b4	0265	c.addi	x4,25	  x4:0x0001401c  x4=0x00014035
        2599000	      1199	800002b6	87d9	c.srai	x15,0x16	 x15:0x00000001 x15=0x00000000
        2601000	      1200	800002b8	012bb633	sltu	x12,x23,x18	 x23:0x38026492 x18:0x00000052 x12=0x00000000
        2603000	      1201	800002bc	02639163	bne	x7,x6,800002de	  x7:0x00000000  x6:0x00000000  x0=0x00000000
        2619000	      1209	800002c0	06c3c793	xori	x15,x7,108	  x7:0x00000000 x15=0x0000006c
        2625000	      1212	800002c4	13c72193	slti	x3,x14,316	 x14:0x40000000  x3=0x00000000
        2627000	      1213	800002c8	03c40b63	beq	x8,x28,800002fe	  x8:0x00000000 x28:0x00014018  x0=0x00000000
        2649000	      1224	800002cc	34076af3	csrrsi	x21,mscratch,14	 x21=0x00014000
        2651000	      1225	800002d0	1f7d	c.addi	x30,-1	 x30:0x00000005 x30=0x00000004
        2669000	      1234	800002d2	1e7ec493	xori	x9,x29,487	 x29:0x00000000  x9=0x000001e7
        2705000	      1252	800002d6	0187deb3	srl	x29,x15,x24	 x15:0x0000006c x24:0x00000000 x29=0x0000006c
        2707000	      1253	800002da	005df363	bgeu	x27,x5,800002e0	 x27:0x00000000  x5:0x8001ae1c  x0=0x00000000
        2709000	      1254	800002de	8795	c.srai	x15,0x5	 x15:0x0000006c x15=0x00000003
        2741000	      1270	800002e0	4b95	c.li	x23,5	 x23=0x00000005
        2743000	      1271	800002e2	7de340b7	lui	x1,0x7de34	  x1=0x7de34000
        2765000	      1282	800002e6	1166f093	andi	x1,x13,278	 x13:0xfffffe4d  x1=0x00000004
        2767000	      1283	800002ea	0001	c.addi	x0,0	  x0:0x00000000  x0=0x00000000
        2769000	      1284	800002ec	f954cdb7	lui	x27,0xf954c	 x27=0xf954c000
        2779000	      1289	800002f0	02e32433	mulhsu	x8,x6,x14	  x6:0x00000000 x14:0x40000000  x8=0x00000000
        2785000	      1292	800002f4	8f69	c.and	x14,x10	 x14:0x40000000 x10:0x7f134000 x14=0x40000000
        2807000	      1303	800002f6	fe0c8c13	addi	x24,x25,-32	 x25:0x00014018 x24=0x00013ff8
        2809000	      1304	800002fa	8efd	c.and	x13,x15	 x13:0xfffffe4d x15:0x00000003 x13=0x00000001
        2811000	      1305	800002fc	c701	c.beqz	x14,80000304	 x14:0x40000000
        2831000	      1315	800002fe	e1df0b93	addi	x23,x30,-483	 x30:0x00000004 x23=0xfffffe21
        2833000	      1316	80000302	8e95	c.sub	x13,x13	 x13:0x00000001 x13:0x00000001 x13=0x00000000
        2915000	      1357	80000304	03825733	divu	x14,x4,x24	  x4:0x00014035 x24:0x00013ff8 x14=0x00000001
        2917000	      1358	80000308	340514f3	csrrw	x9,mscratch,x10	 x10:0x7f134000  x9=0x0001400e
        2919000	      1359	8000030c	557d	c.li	x10,-1	 x10=0xffffffff
        2921000	      1360	8000030e	01bd	c.addi	x3,15	  x3:0x00000000  x3=0x0000000f
        2925000	      1362	80000310	028e6e33	rem	x28,x28,x8	 x28:0x00014018  x8:0x00000000 x28=0x00014018
        2945000	      1372	80000314	8d15	c.sub	x10,x13	 x10:0xffffffff x13:0x00000000 x10=0xffffffff
        2989000	      1394	80000316	02243933	mulhu	x18,x8,x2	  x8:0x00000000  x2:0x5296a020 x18=0x00000000
        2991000	      1395	8000031a	00923f33	sltu	x30,x4,x9	  x4:0x00014035  x9:0x0001400e x30=0x00000000
        2993000	      1396	8000031e	6ed9	c.lui	x29,0x16	 x29=0x00016000
        2997000	      1398	80000320	02c96eb3	rem	x29,x18,x12	 x18:0x00000000 x12:0x00000000 x29=0x00000000
        2999000	      1399	80000324	36b3eb93	ori	x23,x7,875	  x7:0x00000000 x23=0x0000036b
        3007000	      1403	80000328	01dcf3b3	and	x7,x25,x29	 x25:0x00014018 x29:0x00000000  x7=0x00000000
        3033000	      1416	8000032c	03961b63	bne	x12,x25,80000362	 x12:0x00000000 x25:0x00014018  x0=0x00000000
        3091000	      1445	80000362	34073d73	csrrc	x26,mscratch,x14	 x14:0x00000001 x26=0x7f134000
        3099000	      1449	80000366	034e31b3	mulhu	x3,x28,x20	 x28:0x00014018 x20:0x00000001  x3=0x00000000
        3155000	      1477	8000036a	340b2273	csrrs	x4,mscratch,x22	 x22:0x00000000  x4=0x7f134000
        3157000	      1478	8000036e	8b51	c.andi	x14,20	 x14:0x00000001 x14=0x00000000
        3173000	      1486	80000370	61f5	c.lui	x3,0x1d	  x3=0x0001d000
        3197000	      1498	80000372	016f2433	slt	x8,x30,x22	 x30:0x00000000 x22:0x00000000  x8=0x00000000
        3199000	      1499	80000376	8c59	c.or	x8,x14	  x8:0x00000000 x14:0x00000000  x8=0x00000000
        3273000	      1536	80000378	0223fa33	remu	x20,x7,x2	  x7:0x00000000  x2:0x5296a020 x20=0x00000000
        3281000	      1540	8000037c	02093833	mulhu	x16,x18,x0	 x18:0x00000000  x0:0x00000000 x16=0x00000000
        3283000	      1541	80000380	340bbbf3	csrrc	x23,mscratch,x23	 x23:0x0000036b x23=0x7f134000
        3285000	      1542	80000384	00712db3	slt	x27,x2,x7	  x2:0x5296a020  x7:0x00000000 x27=0x00000000
        3303000	      1551	80000388	026d1a33	mulh	x20,x26,x6	 x26:0x7f134000  x6:0x00000000 x20=0x00000000
        3307000	      1553	8000038c	8eee	c.mv	x29,x27	  x0:0x00000000 x27:0x00000000 x29=0x00000000
        3309000	      1554	8000038e	67a9	c.lui	x15,0xa	 x15=0x0000a000
        3387000	      1593	80000390	02256d33	rem	x26,x10,x2	 x10:0xffffffff  x2:0x5296a020 x26=0xffffffff
        3389000	      1594	80000394	01585c13	srli	x24,x16,0x15	 x16:0x00000000 x24=0x00000000
        3391000	      1595	80000398	0001	c.addi	x0,0	  x0:0x00000000  x0=0x00000000
        3393000	      1596	8000039a	01872233	slt	x4,x14,x24	 x14:0x00000000 x24:0x00000000  x4=0x00000000
        3409000	      1604	8000039e	01db9193	slli	x3,x23,0x1d	 x23:0x7f134000  x3=0x00000000
        3411000	      1605	800003a2	0001	c.addi	x0,0	  x0:0x00000000  x0=0x00000000
        3423000	      1611	800003a4	55fd	c.li	x11,-1	 x11=0xffffffff
        3425000	      1612	800003a6	01ba5db3	srl	x27,x20,x27	 x20:0x00000000 x27:0x00000000 x27=0x00000000
        3439000	      1619	800003aa	004c4263	blt	x24,x4,800003ae	 x24:0x00000000  x4:0x00000000  x0=0x00000000
        3463000	      1631	800003ae	00c1e1b3	or	x3,x3,x12	  x3:0x00000000 x12:0x00000000  x3=0x00000000
        3519000	      1659	800003b2	00b0f233	and	x4,x1,x11	  x1:0x00000004 x11:0xffffffff  x4=0x00000004
        3521000	      1660	800003b6	03d4de63	bge	x9,x29,800003f2	  x9:0x0001400e x29:0x00000000  x0=0x00000000
        3561000	      1680	800003ba	029ea133	mulhsu	x2,x29,x9	 x29:0x00000000  x9:0x0001400e  x2=0x00000000
        3563000	      1681	800003be	8e91	c.sub	x13,x12	 x13:0x00000000 x12:0x00000000 x13=0x00000000
        3565000	      1682	800003c0	3400ad73	csrrs	x26,mscratch,x1	  x1:0x00000004 x26=0x7f134000
        3587000	      1693	800003c4	e11d	c.bnez	x10,800003ea	 x10:0xffffffff
        3605000	      1702	800003ea	402157b3	sra	x15,x2,x2	  x2:0x00000000  x2:0x00000000 x15=0x00000000
        3607000	      1703	800003ee	34023ff3	csrrc	x31,mscratch,x4	  x4:0x00000004 x31=0x7f134004
        3649000	      1724	800003f2	01d2c963	blt	x5,x29,80000404	  x5:0x8001ae1c x29:0x00000000  x0=0x00000000
        3701000	      1750	80000404	8d99	c.sub	x11,x14	 x11:0xffffffff x14:0x00000000 x11=0xffffffff
        3703000	      1751	80000406	0c80	c.addi4spn	x8,x2,592	  x8=0x00000250
        3741000	      1770	80000408	00ec4933	xor	x18,x24,x14	 x24:0x00000000 x14:0x00000000 x18=0x00000000
        3743000	      1771	8000040c	0524f263	bgeu	x9,x18,80000450	  x9:0x0001400e x18:0x00000000  x0=0x00000000
        3765000	      1782	80000410	2bf34d13	xori	x26,x6,703	  x6:0x00000000 x26=0x000002bf
        3767000	      1783	80000414	3401f573	csrrci	x10,mscratch,3	 x10=0x7f134000
        3769000	      1784	80000418	8545	c.srai	x10,0x11	 x10:0x7f134000 x10=0x00003f89
        3791000	      1795	8000041a	f6a7f093	andi	x1,x15,-150	 x15:0x00000000  x1=0x00000000
        3803000	      1801	8000041e	40c651b3	sra	x3,x12,x12	 x12:0x00000000 x12:0x00000000  x3=0x00000000
        3805000	      1802	80000422	016ff8b3	and	x17,x31,x22	 x31:0x7f134004 x22:0x00000000 x17=0x00000000
        3819000	      1809	80000426	012147b3	xor	x15,x2,x18	  x2:0x00000000 x18:0x00000000 x15=0x00000000
        3821000	      1810	8000042a	0001	c.addi	x0,0	  x0:0x00000000  x0=0x00000000
        3841000	      1820	8000042c	41135a13	srai	x20,x6,0x11	  x6:0x00000000 x20=0x00000000
        3851000	      1825	80000430	e41d	c.bnez	x8,8000045e	  x8:0x00000250
        3925000	      1862	8000045e	00861463	bne	x12,x8,80000466	 x12:0x00000000  x8:0x00000250  x0=0x00000000
        3961000	      1880	80000466	8462	c.mv	x8,x24	  x0:0x00000000 x24:0x00000000  x8=0x00000000
        3977000	      1888	80000468	e08d	c.bnez	x9,8000048a	  x9:0x0001400e
        3987000	      1893	8000048a	418a87b3	sub	x15,x21,x24	 x21:0x00014000 x24:0x00000000 x15=0x00014000
        3993000	      1896	8000048e	036788b3	mul	x17,x15,x22	 x15:0x00014000 x22:0x00000000 x17=0x00000000
        4007000	      1903	80000492	00426b33	or	x22,x4,x4	  x4:0x00000004  x4:0x00000004 x22=0x00000004
        4009000	      1904	80000496	0001	c.addi	x0,0	  x0:0x00000000  x0=0x00000000
        4015000	      1907	80000498	ec77f393	andi	x7,x15,-313	 x15:0x00014000  x7=0x00014000
        4019000	      1909	8000049c	02395363	bge	x18,x3,800004c2	 x18:0x00000000  x3:0x00000000  x0=0x00000000
        4081000	      1940	800004c2	012d4833	xor	x16,x26,x18	 x26:0x000002bf x18:0x00000000 x16=0x000002bf
        4101000	      1950	800004c6	01c9e363	bltu	x19,x28,800004cc	 x19:0x8001ee7c x28:0x00014018  x0=0x00000000
        4103000	      1951	800004ca	06c2	c.slli	x13,0x10	 x13:0x00000000 x13=0x00000000
        4105000	      1952	800004cc	011d6833	or	x16,x26,x17	 x26:0x000002bf x17:0x00000000 x16=0x000002bf
        4153000	      1976	800004d0	41825e13	srai	x28,x4,0x18	  x4:0x00000004 x28=0x00000000
        4155000	      1977	800004d4	234e4c13	xori	x24,x28,564	 x28:0x00000000 x24=0x00000234
        4173000	      1986	800004d8	018e40b3	xor	x1,x28,x24	 x28:0x00000000 x24:0x00000234  x1=0x00000234
        4237000	      2018	800004dc	031e6a33	rem	x20,x28,x17	 x28:0x00000000 x17:0x00000000 x20=0x00000000
        4239000	      2019	800004e0	0001	c.addi	x0,0	  x0:0x00000000  x0=0x00000000
        4241000	      2020	800004e2	0001	c.addi	x0,0	  x0:0x00000000  x0=0x00000000
        4243000	      2021	800004e4	00982cb3	slt	x25,x16,x9	 x16:0x000002bf  x9:0x0001400e x25=0x00000001
        4281000	      2040	800004e8	40ec5493	srai	x9,x24,0xe	 x24:0x00000234  x9=0x00000000
        4289000	      2044	800004ec	340d18f3	csrrw	x17,mscratch,x26	 x26:0x000002bf x17=0x7f134000
        4389000	      2094	800004f0	02f9dd33	divu	x26,x19,x15	 x19:0x8001ee7c x15:0x00014000 x26=0x00006667
        4391000	      2095	800004f4	717d	c.addi16sp	x2,-16	  x2:0x00000000  x2=0xfffffff0
        4393000	      2096	800004f6	86bd	c.srai	x13,0xf	 x13:0x00000000 x13=0x00000000
        4467000	      2133	800004f8	037aedb3	rem	x27,x21,x23	 x21:0x00014000 x23:0x7f134000 x27=0x00014000
        4471000	      2135	800004fc	c49d	c.beqz	x9,8000052a	  x9:0x00000000
        4535000	      2167	8000052a	81a1	c.srli	x11,0x8	 x11:0xffffffff x11=0x00ffffff
        4537000	      2168	8000052c	06ddf663	bgeu	x27,x13,80000598	 x27:0x00014000 x13:0x00000000  x0=0x00000000
        4539000	      2169	80000530	00000917	auipc	x18,0x0	 x18=0x80000530
        4555000	      2177	80000534	6b690913	addi	x18,x18,1718	 x18:0x80000530 x18=0x80000be6
        4635000	      2217	80000538	039efeb3	remu	x29,x29,x25	 x29:0x00000000 x25:0x00000001 x29=0x00000000
        4637000	      2218	8000053c	41210033	sub	x0,x2,x18	  x2:0xfffffff0 x18:0x80000be6  x0=0x00000000
        4647000	      2223	80000540	009300b3	add	x1,x6,x9	  x6:0x00000000  x9:0x00000000  x1=0x00000000
        4649000	      2224	80000544	9846	c.add	x16,x17	 x16:0x000002bf x17:0x7f134000 x16=0x7f1342bf
        4651000	      2225	80000546	38d90913	addi	x18,x18,909	 x18:0x80000be6 x18=0x80000f73
        4667000	      2233	8000054a	340f6a73	csrrsi	x20,mscratch,30	 x20=0x000002bf
        4669000	      2234	8000054e	8f79	c.and	x14,x14	 x14:0x00000000 x14:0x00000000 x14=0x00000000
        4687000	      2243	80000550	c7490167	jalr	x2,-908(x18)	 x18:0x80000f73  x2=0x80000554
        4723000	      2261	80000be6	c111	c.beqz	x10,80000bea	 x10:0x00003f89
        4749000	      2274	80000be8	88c2	c.mv	x17,x16	  x0:0x00000000 x16:0x7f1342bf x17=0x7f1342bf
        4751000	      2275	80000bea	12c1	c.addi	x5,-16	  x5:0x8001ae1c  x5=0x8001ae0c
        4791000	      2295	80000bec	9892	c.add	x17,x4	 x17:0x7f1342bf  x4:0x00000004 x17=0x7f1342c3
        4819000	      2309	80000bee	0022a223	sw	x2,4(x5)	  x5:0x8001ae0c  x2:0x80000554 PA:0x8001ae10 store:0x80000554 load:0x80000554
        4823000	      2311	80000bf2	028ecfb3	div	x31,x29,x8	 x29:0x00000000  x8:0x00000000 x31=0xffffffff
        4837000	      2318	80000bf6	0231ccb3	div	x25,x3,x3	  x3:0x00000000  x3:0x00000000 x25=0xffffffff
        4879000	      2339	80000bfa	009826b3	slt	x13,x16,x9	 x16:0x7f1342bf  x9:0x00000000 x13=0x00000000
        4881000	      2340	80000bfe	0a18	c.addi4spn	x14,x2,272	 x14=0x80000664
        4901000	      2350	80000c00	924a	c.add	x4,x18	  x4:0x00000004 x18:0x80000f73  x4=0x80000f77
        4945000	      2372	80000c02	02cc40b3	div	x1,x24,x12	 x24:0x00000234 x12:0x00000000  x1=0xffffffff
        4947000	      2373	80000c06	5efd	c.li	x29,-1	 x29=0xffffffff
        4951000	      2375	80000c08	010c8b63	beq	x25,x16,80000c1e	 x25:0xffffffff x16:0x7f1342bf  x0=0x00000000
        4953000	      2376	80000c0c	d3790013	addi	x0,x18,-713	 x18:0x80000f73  x0=0x00000000
        4975000	      2387	80000c10	34016573	csrrsi	x10,mscratch,2	 x10=0x000002bf
        4983000	      2391	80000c14	02141233	mulh	x4,x8,x1	  x8:0x00000000  x1:0xffffffff  x4=0x00000000
        5001000	      2400	80000c18	8219	c.srli	x12,0x6	 x12:0x00000000 x12=0x00000000
        5115000	      2457	80000c1a	030bd5b3	divu	x11,x23,x16	 x23:0x7f134000 x16:0x7f1342bf x11=0x00000000
        5189000	      2494	80000c1e	03dbd833	divu	x16,x23,x29	 x23:0x7f134000 x29:0xffffffff x16=0x00000000
        5209000	      2504	80000c22	0042a103	lw	x2,4(x5)	  x5:0x8001ae0c  x2=0x80000554 PA:0x8001ae10 store:0x00000000
        5211000	      2505	80000c26	5b7d	c.li	x22,-1	 x22=0xffffffff
        5213000	      2506	80000c28	01027433	and	x8,x4,x16	  x4:0x00000000 x16:0x00000000  x8=0x00000000
        5249000	      2524	80000c2c	40fe5e13	srai	x28,x28,0xf	 x28:0x00000000 x28=0x00000000
        5267000	      2533	80000c30	01e94fb3	xor	x31,x18,x30	 x18:0x80000f73 x30:0x00000000 x31=0x80000f73
        5309000	      2554	80000c34	012d4a33	xor	x20,x26,x18	 x26:0x00006667 x18:0x80000f73 x20=0x80006914
        5351000	      2575	80000c38	02c1	c.addi	x5,16	  x5:0x8001ae0c  x5=0x8001ae1c
        5353000	      2576	80000c3a	80da	c.mv	x1,x22	  x0:0x00000000 x22:0xffffffff  x1=0xffffffff
        5393000	      2596	80000c3c	00ca5eb3	srl	x29,x20,x12	 x20:0x80006914 x12:0x00000000 x29=0x80006914
        5397000	      2598	80000c40	00010593	addi	x11,x2,0	  x2:0x80000554 x11=0x80000554
        5403000	      2601	80000c44	9582	c.jalr	x11	 x11:0x80000554  x1=0x80000c46
        5443000	      2621	80000554	0ff0000f	fence	iorwiorwiorw,iorwiorwiorwiorw	
        5469000	      2634	80000558	035837b3	mulhu	x15,x16,x21	 x16:0x00000000 x21:0x00014000 x15=0x00000000
        5471000	      2635	8000055c	00295663	bge	x18,x2,80000568	 x18:0x80000f73  x2:0x80000554  x0=0x00000000
        5475000	      2637	80000560	c209	c.beqz	x12,80000562	 x12:0x00000000
        5545000	      2672	80000562	8d55	c.or	x10,x13	 x10:0x000002bf x13:0x00000000 x10=0x000002bf
        5659000	      2729	80000564	03a853b3	divu	x7,x16,x26	 x16:0x00000000 x26:0x00006667  x7=0x00000000
        5663000	      2731	80000568	0524e263	bltu	x9,x18,800005ac	  x9:0x00000000 x18:0x80000f73  x0=0x00000000
        5673000	      2736	800005ac	01a5d893	srli	x17,x11,0x1a	 x11:0x80000554 x17=0x00000020
        5683000	      2741	800005b0	4125	c.li	x2,9	  x2=0x00000009
        5709000	      2754	800005b2	02a9beb3	mulhu	x29,x19,x10	 x19:0x8001ee7c x10:0x000002bf x29=0x0000015f
        5711000	      2755	800005b6	0189c833	xor	x16,x19,x24	 x19:0x8001ee7c x24:0x00000234 x16=0x8001ec48
        5713000	      2756	800005ba	3403a173	csrrs	x2,mscratch,x7	  x7:0x00000000  x2=0x000002bf
        5715000	      2757	800005be	83b5	c.srli	x15,0xd	 x15:0x00000000 x15=0x00000000
        5761000	      2780	800005c0	c415	c.beqz	x8,800005ec	  x8:0x00000000
        5795000	      2797	800005ec	02daa633	mulhsu	x12,x21,x13	 x21:0x00014000 x13:0x00000000 x12=0x00000000
        5797000	      2798	800005f0	412f54b3	sra	x9,x30,x18	 x30:0x00000000 x18:0x80000f73  x9=0x00000000
        5805000	      2802	800005f4	c4f2f213	andi	x4,x5,-945	  x5:0x8001ae1c  x4=0x8001ac0c
        5807000	      2803	800005f8	efb943b7	lui	x7,0xefb94	  x7=0xefb94000
        5821000	      2810	800005fc	00e8f463	bgeu	x17,x14,80000604	 x17:0x00000020 x14:0x80000664  x0=0x00000000
        5823000	      2811	80000600	41bf8bb3	sub	x23,x31,x27	 x31:0x80000f73 x27:0x00014000 x23=0x7ffecf73
        5847000	      2823	80000604	68ad	c.lui	x17,0xb	 x17=0x0000b000
        5901000	      2850	80000606	dc57a093	slti	x1,x15,-571	 x15:0x00000000  x1=0x00000000
        5903000	      2851	8000060a	6141	c.addi16sp	x2,16	  x2:0x000002bf  x2=0x000002cf
        5931000	      2865	8000060c	0001	c.addi	x0,0	  x0:0x00000000  x0=0x00000000
        5933000	      2866	8000060e	117d	c.addi	x2,-1	  x2:0x000002cf  x2=0x000002ce
        5973000	      2886	80000610	ca928b13	addi	x22,x5,-855	  x5:0x8001ae1c x22=0x8001aac5
        5975000	      2887	80000614	40afd613	srai	x12,x31,0xa	 x31:0x80000f73 x12=0xffe00003
        6001000	      2900	80000618	011e2b33	slt	x22,x28,x17	 x28:0x00000000 x17:0x0000b000 x22=0x00000001
        6003000	      2901	8000061c	8ff5	c.and	x15,x13	 x15:0x00000000 x13:0x00000000 x15=0x00000000
        6005000	      2902	8000061e	0001	c.addi	x0,0	  x0:0x00000000  x0=0x00000000
        6043000	      2921	80000620	c4c08a13	addi	x20,x1,-948	  x1:0x00000000 x20=0xfffffc4c
        6045000	      2922	80000624	8ed5	c.or	x13,x13	 x13:0x00000000 x13:0x00000000 x13=0x00000000
        6073000	      2936	80000626	02ca23b3	mulhsu	x7,x20,x12	 x20:0xfffffc4c x12:0xffe00003  x7=0xfffffc4c
        6075000	      2937	8000062a	002c13b3	sll	x7,x24,x2	 x24:0x00000234  x2:0x000002ce  x7=0x008d0000
        6097000	      2948	8000062e	02112fb3	mulhsu	x31,x2,x1	  x2:0x000002ce  x1:0x00000000 x31=0x00000000
        6109000	      2954	80000632	d6f3e113	ori	x2,x7,-657	  x7:0x008d0000  x2=0xfffffd6f
        6117000	      2958	80000636	02db9633	mulh	x12,x23,x13	 x23:0x7ffecf73 x13:0x00000000 x12=0x00000000
        6159000	      2979	8000063a	002c2b33	slt	x22,x24,x2	 x24:0x00000234  x2:0xfffffd6f x22=0x00000000
        6233000	      3016	8000063e	0350c7b3	div	x15,x1,x21	  x1:0x00000000 x21:0x00014000 x15=0x00000000
        6235000	      3017	80000642	34083f73	csrrc	x30,mscratch,x16	 x16:0x8001ec48 x30=0x000002bf
        6239000	      3019	80000646	c809	c.beqz	x8,80000658	  x8:0x00000000
        6271000	      3035	80000658	03079363	bne	x15,x16,8000067e	 x15:0x00000000 x16:0x8001ec48  x0=0x00000000
        6295000	      3047	8000067e	ac3a1037	lui	x0,0xac3a1	  x0=0x00000000
        6299000	      3049	80000682	01e94e33	xor	x28,x18,x30	 x18:0x80000f73 x30:0x000002bf x28=0x80000dcc
        6321000	      3060	80000686	0166deb3	srl	x29,x13,x22	 x13:0x00000000 x22:0x00000000 x29=0x00000000
        6355000	      3077	8000068a	414c5b93	srai	x23,x24,0x14	 x24:0x00000234 x23=0x00000000
        6373000	      3086	8000068e	34056bf3	csrrsi	x23,mscratch,10	 x23=0x000002b7
        6375000	      3087	80000692	0e9c	c.addi4spn	x15,x2,848	 x15=0x000000bf
        6397000	      3098	80000694	17fd	c.addi	x15,-1	 x15:0x000000bf x15=0x000000be
        6399000	      3099	80000696	8855	c.andi	x8,21	  x8:0x00000000  x8=0x00000000
        6407000	      3103	80000698	024394b3	mulh	x9,x7,x4	  x7:0x008d0000  x4:0x8001ac0c  x9=0xffb980eb
        6425000	      3112	8000069c	9b7d	c.andi	x14,-1	 x14:0x80000664 x14=0x80000664
        6427000	      3113	8000069e	0f14	c.addi4spn	x13,x2,912	 x13=0x000000ff
        6479000	      3139	800006a0	8441	c.srai	x8,0x10	  x8:0x00000000  x8=0x00000000
        6481000	      3140	800006a2	984e	c.add	x16,x19	 x16:0x8001ec48 x19:0x8001ee7c x16=0x0003dac4
        6483000	      3141	800006a4	ee0d	c.bnez	x12,800006de	 x12:0x00000000
        6491000	      3145	800006a6	c04de913	ori	x18,x27,-1020	 x27:0x00014000 x18=0xfffffc04
        6493000	      3146	800006aa	053d	c.addi	x10,15	 x10:0x000002bf x10=0x000002ce
        6523000	      3161	800006ac	0001	c.addi	x0,0	  x0:0x00000000  x0=0x00000000
        6535000	      3167	800006ae	01ac9033	sll	x0,x25,x26	 x25:0xffffffff x26:0x00006667  x0=0x00000000
        6573000	      3186	800006b2	008ed1b3	srl	x3,x29,x8	 x29:0x00000000  x8:0x00000000  x3=0x00000000
        6575000	      3187	800006b6	340997f3	csrrw	x15,mscratch,x19	 x19:0x8001ee7c x15=0x000002bf
        6577000	      3188	800006ba	8d5d	c.or	x10,x15	 x10:0x000002ce x15:0x000002bf x10=0x000002ff
        6619000	      3209	800006bc	c591	c.beqz	x11,800006c8	 x11:0x80000554
        6621000	      3210	800006be	0001	c.addi	x0,0	  x0:0x00000000  x0=0x00000000
        6637000	      3218	800006c0	3405dd73	csrrwi	x26,mscratch,11	 x26=0x8001ee7c
        6643000	      3221	800006c4	01376663	bltu	x14,x19,800006d0	 x14:0x80000664 x19:0x8001ee7c  x0=0x00000000
        6711000	      3255	800006d0	8c09	c.sub	x8,x10	  x8:0x00000000 x10:0x000002ff  x8=0xfffffd01
        6759000	      3279	800006d2	0ff0000f	fence	iorwiorwiorwiorwiorw,iorwiorwiorwiorwiorwiorw	
        6761000	      3280	800006d6	805d	c.srli	x8,0x17	  x8:0xfffffd01  x8=0x000001ff
        6767000	      3283	800006d8	0896	c.slli	x17,0x5	 x17:0x0000b000 x17=0x00160000
        6807000	      3303	800006da	13a08013	addi	x0,x1,314	  x1:0x00000000  x0=0x00000000
        6809000	      3304	800006de	00fdc263	blt	x27,x15,800006e2	 x27:0x00014000 x15:0x000002bf  x0=0x00000000
        6811000	      3305	800006e2	017a76b3	and	x13,x20,x23	 x20:0xfffffc4c x23:0x000002b7 x13=0x00000004
        6855000	      3327	800006e6	026dfab3	remu	x21,x27,x6	 x27:0x00014000  x6:0x00000000 x21=0x00014000
        6859000	      3329	800006ea	e809	c.bnez	x8,800006fc	  x8:0x000001ff
        6893000	      3346	800006fc	03afe063	bltu	x31,x26,8000071c	 x31:0x00000000 x26:0x8001ee7c  x0=0x00000000
        6927000	      3363	8000071c	611d	c.addi16sp	x2,416	  x2:0xfffffd6f  x2=0xffffff0f
        6929000	      3364	8000071e	0001	c.addi	x0,0	  x0:0x00000000  x0=0x00000000
        6937000	      3368	80000720	01119fb3	sll	x31,x3,x17	  x3:0x00000000 x17:0x00160000 x31=0x00000000
        6949000	      3374	80000724	3402b3f3	csrrc	x7,mscratch,x5	  x5:0x8001ae1c  x7=0x0000000b
        6969000	      3384	80000728	0274dd63	bge	x9,x7,80000762	  x9:0xffb980eb  x7:0x0000000b  x0=0x00000000
        7001000	      3400	8000072c	00e3d633	srl	x12,x7,x14	  x7:0x0000000b x14:0x80000664 x12=0x00000000
        7003000	      3401	80000730	34597413	andi	x8,x18,837	 x18:0xfffffc04  x8=0x00000004
        7017000	      3408	80000734	6165	c.addi16sp	x2,112	  x2:0xffffff0f  x2=0xffffff7f
        7023000	      3411	80000736	0ff0000f	fence	iorwiorwiorwiorwiorwiorwiorw,iorwiorwiorwiorwiorwiorwiorwiorw	
        7025000	      3412	8000073a	1004	c.addi4spn	x9,x2,32	  x9=0xffffff9f
        7051000	      3425	8000073c	0001	c.addi	x0,0	  x0:0x00000000  x0=0x00000000
        7053000	      3426	8000073e	8d8d	c.sub	x11,x11	 x11:0x80000554 x11:0x80000554 x11=0x00000000
        7093000	      3446	80000740	01ca4cb3	xor	x25,x20,x28	 x20:0xfffffc4c x28:0x80000dcc x25=0x7ffff180
        7105000	      3452	80000744	02f5fe63	bgeu	x11,x15,80000780	 x11:0x00000000 x15:0x000002bf  x0=0x00000000
        7111000	      3455	80000748	0ff0000f	fence	iorwiorwiorwiorwiorwiorwiorwiorwiorw,iorwiorwiorwiorwiorwiorwiorwiorwiorwiorw	
        7129000	      3464	8000074c	0001	c.addi	x0,0	  x0:0x00000000  x0=0x00000000
        7131000	      3465	8000074e	8c21	c.xor	x8,x8	  x8:0x00000004  x8:0x00000004  x8=0x00000000
        7145000	      3472	80000750	8f45	c.or	x14,x9	 x14:0x80000664  x9:0xffffff9f x14=0xffffffff
        7157000	      3478	80000752	340f21f3	csrrs	x3,mscratch,x30	 x30:0x000002bf  x3=0x00000003
        7169000	      3484	80000756	015937b3	sltu	x15,x18,x21	 x18:0xfffffc04 x21:0x00014000 x15=0x00000000
        7213000	      3506	8000075a	01c95533	srl	x10,x18,x28	 x18:0xfffffc04 x28:0x80000dcc x10=0x000fffff
        7221000	      3510	8000075e	03fdad33	mulhsu	x26,x27,x31	 x27:0x00014000 x31:0x00000000 x26=0x00000000
        7237000	      3518	80000762	02661a63	bne	x12,x6,80000796	 x12:0x00000000  x6:0x00000000  x0=0x00000000
        7265000	      3532	80000766	03b931b3	mulhu	x3,x18,x27	 x18:0xfffffc04 x27:0x00014000  x3=0x00013fff
        7281000	      3540	8000076a	0203e863	bltu	x7,x0,8000079a	  x7:0x0000000b  x0:0x00000000  x0=0x00000000
        7375000	      3587	8000076e	022e5933	divu	x18,x28,x2	 x28:0x80000dcc  x2:0xffffff7f x18=0x00000000
        7377000	      3588	80000772	d8936b13	ori	x22,x6,-631	  x6:0x00000000 x22=0xfffffd89
        7379000	      3589	80000776	9586	c.add	x11,x1	 x11:0x00000000  x1:0x00000000 x11=0x00000000
        7381000	      3590	80000778	009f1a13	slli	x20,x30,0x9	 x30:0x000002bf x20=0x00057e00
        7385000	      3592	8000077c	f17ab513	sltiu	x10,x21,-233	 x21:0x00014000 x10=0x00000001
        7423000	      3611	80000780	003ef463	bgeu	x29,x3,80000788	 x29:0x00000000  x3:0x00013fff  x0=0x00000000
        7457000	      3628	80000784	cf0faf93	slti	x31,x31,-784	 x31:0x00000000 x31=0x00000000
        7459000	      3629	80000788	8df1	c.and	x11,x12	 x11:0x00000000 x12:0x00000000 x11=0x00000000
        7501000	      3650	8000078a	04d8ca13	xori	x20,x17,77	 x17:0x00160000 x20=0x0016004d
        7509000	      3654	8000078e	0070ce63	blt	x1,x7,800007aa	  x1:0x00000000  x7:0x0000000b  x0=0x00000000
        7551000	      3675	800007aa	0125c963	blt	x11,x18,800007bc	 x11:0x00000000 x18:0x00000000  x0=0x00000000
        7585000	      3692	800007ae	01916e33	or	x28,x2,x25	  x2:0xffffff7f x25:0x7ffff180 x28=0xffffffff
        7599000	      3699	800007b2	01d21bb3	sll	x23,x4,x29	  x4:0x8001ac0c x29:0x00000000 x23=0x8001ac0c
        7601000	      3700	800007b6	9f3e	c.add	x30,x15	 x30:0x000002bf x15:0x00000000 x30=0x000002bf
        7617000	      3708	800007b8	d0a40d93	addi	x27,x8,-758	  x8:0x00000000 x27=0xfffffd0a
        7625000	      3712	800007bc	00c307b3	add	x15,x6,x12	  x6:0x00000000 x12:0x00000000 x15=0x00000000
        7651000	      3725	800007c0	379dec93	ori	x25,x27,889	 x27:0xfffffd0a x25=0xffffff7b
        7661000	      3730	800007c4	039498b3	mulh	x17,x9,x25	  x9:0xffffff9f x25:0xffffff7b x17=0x00000000
        7671000	      3735	800007c8	0001	c.addi	x0,0	  x0:0x00000000  x0=0x00000000
        7673000	      3736	800007ca	8621	c.srai	x12,0x8	 x12:0x00000000 x12=0x00000000
        7721000	      3760	800007cc	01530263	beq	x6,x21,800007d0	  x6:0x00000000 x21:0x00014000  x0=0x00000000
        7795000	      3797	800007d0	03ea7d33	remu	x26,x20,x30	 x20:0x0016004d x30:0x000002bf x26=0x00000010
        7797000	      3798	800007d4	2274f213	andi	x4,x9,551	  x9:0xffffff9f  x4=0x00000207
        7799000	      3799	800007d8	7ded8b97	auipc	x23,0x7ded8	 x23=0xfded87d8
        7801000	      3800	800007dc	34085973	csrrwi	x18,mscratch,16	 x18=0x000002bf
        7823000	      3811	800007e0	008be8b3	or	x17,x23,x8	 x23:0xfded87d8  x8:0x00000000 x17=0xfded87d8
        7833000	      3816	800007e4	3283cf13	xori	x30,x7,808	  x7:0x0000000b x30=0x00000323
        7871000	      3835	800007e8	73bc7897	auipc	x17,0x73bc7	 x17=0xf3bc77e8
        7873000	      3836	800007ec	182bfe93	andi	x29,x23,386	 x23:0xfded87d8 x29=0x00000180
        7933000	      3866	800007f0	00fc1b63	bne	x24,x15,80000806	 x24:0x00000234 x15:0x00000000  x0=0x00000000
        7965000	      3882	80000806	8cfd	c.and	x9,x15	  x9:0xffffff9f x15:0x00000000  x9=0x00000000
        7981000	      3890	80000808	3400f0f3	csrrci	x1,mscratch,1	  x1=0x00000010
        8007000	      3903	8000080c	e611	c.bnez	x12,80000818	 x12:0x00000000
        8009000	      3904	8000080e	0001	c.addi	x0,0	  x0:0x00000000  x0=0x00000000
        8053000	      3926	80000810	340664f3	csrrsi	x9,mscratch,12	  x9=0x00000010
        8095000	      3947	80000814	0000bc33	sltu	x24,x1,x0	  x1:0x00000010  x0:0x00000000 x24=0x00000000
        8125000	      3962	80000818	c805	c.beqz	x8,80000848	  x8:0x00000000
        8183000	      3991	80000848	34056d73	csrrsi	x26,mscratch,10	 x26=0x0000001c
        8205000	      4002	8000084c	0a36	c.slli	x20,0xd	 x20:0x0016004d x20=0xc009a000
        8237000	      4018	8000084e	029a1633	mulh	x12,x20,x9	 x20:0xc009a000  x9:0x00000010 x12=0xfffffffc
        8239000	      4019	80000852	c2a1	c.beqz	x13,80000892	 x13:0x00000004
        8253000	      4026	80000854	6cad	c.lui	x25,0xb	 x25=0x0000b000
        8265000	      4032	80000856	034f1e63	bne	x30,x20,80000892	 x30:0x00000323 x20:0xc009a000  x0=0x00000000
        8369000	      4084	80000892	11963a93	sltiu	x21,x12,281	 x12:0xfffffffc x21=0x00000000
        8389000	      4094	80000896	34011ff3	csrrw	x31,mscratch,x2	  x2:0xffffff7f x31=0x0000001e
        8391000	      4095	8000089a	34096873	csrrsi	x16,mscratch,18	 x16=0xffffff7f
        8453000	      4126	8000089e	02b3d363	bge	x7,x11,800008c4	  x7:0x0000000b x11:0x00000000  x0=0x00000000
        8455000	      4127	800008a2	8e19	c.sub	x12,x14	 x12:0xfffffffc x14:0xffffffff x12=0xfffffffd
        8467000	      4133	800008a4	010a4733	xor	x14,x20,x16	 x20:0xc009a000 x16:0xffffff7f x14=0x3ff65f7f
        8477000	      4138	800008a8	340793f3	csrrw	x7,mscratch,x15	 x15:0x00000000  x7=0xffffff7f
        8511000	      4155	800008ac	03179bb3	mulh	x23,x15,x17	 x15:0x00000000 x17:0xf3bc77e8 x23=0x00000000
        8593000	      4196	800008b0	02db41b3	div	x3,x22,x13	 x22:0xfffffd89 x13:0x00000004  x3=0xffffff63
        8597000	      4198	800008b4	028451b3	divu	x3,x8,x8	  x8:0x00000000  x8:0x00000000  x3=0xffffffff
        8599000	      4199	800008b8	4045de33	sra	x28,x11,x4	 x11:0x00000000  x4:0x00000207 x28=0x00000000
        8641000	      4220	800008bc	e4d71397	auipc	x7,0xe4d71	  x7=0x64d718bc
        8683000	      4241	800008c0	774c3597	auipc	x11,0x774c3	 x11=0xf74c38c0
        8685000	      4242	800008c4	02f1fb63	bgeu	x3,x15,800008fa	  x3:0xffffffff x15:0x00000000  x0=0x00000000
        8691000	      4245	800008c8	011b4733	xor	x14,x22,x17	 x22:0xfffffd89 x17:0xf3bc77e8 x14=0x0c438a61
        8695000	      4247	800008cc	34076873	csrrsi	x16,mscratch,14	 x16=0x00000000
        8697000	      4248	800008d0	85fd	c.srai	x11,0x1f	 x11:0xf74c38c0 x11=0xffffffff
        8797000	      4298	800008d2	03237833	remu	x16,x6,x18	  x6:0x00000000 x18:0x000002bf x16=0x00000000
        8799000	      4299	800008d6	717d	c.addi16sp	x2,-16	  x2:0xffffff7f  x2=0xffffff6f
        8801000	      4300	800008d8	01c5d463	bge	x11,x28,800008e0	 x11:0xffffffff x28:0x00000000  x0=0x00000000
        8803000	      4301	800008dc	01c5c7b3	xor	x15,x11,x28	 x11:0xffffffff x28:0x00000000 x15=0xffffffff
        8865000	      4332	800008e0	00ede533	or	x10,x27,x14	 x27:0xfffffd0a x14:0x0c438a61 x10=0xffffff6b
        8875000	      4337	800008e4	00ad5193	srli	x3,x26,0xa	 x26:0x0000001c  x3=0x00000000
        8903000	      4351	800008e8	40c0db33	sra	x22,x1,x12	  x1:0x00000010 x12:0xfffffffd x22=0x00000000
        8909000	      4354	800008ec	6145	c.addi16sp	x2,48	  x2:0xffffff6f  x2=0xffffff9f
        8927000	      4363	800008ee	02348b63	beq	x9,x3,80000924	  x9:0x00000010  x3:0x00000000  x0=0x00000000
        9055000	      4427	800008f2	0259f033	remu	x0,x19,x5	 x19:0x8001ee7c  x5:0x8001ae1c  x0=0x00000000
        9057000	      4428	800008f6	10d77e13	andi	x28,x14,269	 x14:0x0c438a61 x28=0x00000001
        9059000	      4429	800008fa	8425	c.srai	x8,0x9	  x8:0x00000000  x8=0x00000000
        9061000	      4430	800008fc	e218ba13	sltiu	x20,x17,-479	 x17:0xf3bc77e8 x20=0x00000001
        9087000	      4443	80000900	03d10033	mul	x0,x2,x29	  x2:0xffffff9f x29:0x00000180  x0=0x00000000
        9189000	      4494	80000904	0334c933	div	x18,x9,x19	  x9:0x00000010 x19:0x8001ee7c x18=0x00000000
        9191000	      4495	80000908	41e05eb3	sra	x29,x0,x30	  x0:0x00000000 x30:0x00000323 x29=0x00000000
        9197000	      4498	8000090c	023583b3	mul	x7,x11,x3	 x11:0xffffffff  x3:0x00000000  x7=0x00000000
        9199000	      4499	80000910	00616933	or	x18,x2,x6	  x2:0xffffff9f  x6:0x00000000 x18=0xffffff9f
        9217000	      4508	80000914	1590	c.addi4spn	x12,x2,736	 x12=0x0000027f
        9219000	      4509	80000916	8b86	c.mv	x23,x1	  x0:0x00000000  x1:0x00000010 x23=0x00000010
        9221000	      4510	80000918	d67f7093	andi	x1,x30,-665	 x30:0x00000323  x1=0x00000123
        9255000	      4527	8000091c	00a72533	slt	x10,x14,x10	 x14:0x0c438a61 x10:0xffffff6b x10=0x00000000
        9261000	      4530	80000920	41eb0533	sub	x10,x22,x30	 x22:0x00000000 x30:0x00000323 x10=0xfffffcdd
        9277000	      4538	80000924	0ff0000f	fence	iorwiorwiorwiorwiorwiorwiorwiorwiorwiorwiorw,iorwiorwiorwiorwiorwiorwiorwiorwiorwiorwiorwiorw	
        9283000	      4541	80000928	84f9	c.srai	x9,0x1e	  x9:0x00000010  x9=0x00000000
        9301000	      4550	8000092a	012f7433	and	x8,x30,x18	 x30:0x00000323 x18:0xffffff9f  x8=0x00000303
        9303000	      4551	8000092e	8d22	c.mv	x26,x8	  x0:0x00000000  x8:0x00000303 x26=0x00000303
        9323000	      4561	80000930	1380fa13	andi	x20,x1,312	  x1:0x00000123 x20=0x00000120
        9349000	      4574	80000934	340231f3	csrrc	x3,mscratch,x4	  x4:0x00000207  x3=0x0000000e
        9391000	      4595	80000938	41f553b3	sra	x7,x10,x31	 x10:0xfffffcdd x31:0x0000001e  x7=0xffffffff
        9393000	      4596	8000093c	1b7dcf13	xori	x30,x27,439	 x27:0xfffffd0a x30=0xfffffcbd
        9409000	      4604	80000940	189c	c.addi4spn	x15,x2,112	 x15=0x0000000f
        9411000	      4605	80000942	4f59	c.li	x30,22	 x30=0x00000016
        9425000	      4612	80000944	d2846613	ori	x12,x8,-728	  x8:0x00000303 x12=0xffffff2b
        9505000	      4652	80000948	02eb7033	remu	x0,x22,x14	 x22:0x00000000 x14:0x0c438a61  x0=0x00000000
        9507000	      4653	8000094c	05837593	andi	x11,x6,88	  x6:0x00000000 x11=0x00000000
        9509000	      4654	80000950	fcf24813	xori	x16,x4,-49	  x4:0x00000207 x16=0xfffffdc8
        9511000	      4655	80000954	01ebf0b3	and	x1,x23,x30	 x23:0x00000010 x30:0x00000016  x1=0x00000010
        9571000	      4685	80000958	028aa5b3	mulhsu	x11,x21,x8	 x21:0x00000000  x8:0x00000303 x11=0x00000000
        9573000	      4686	8000095c	0945	c.addi	x18,17	 x18:0xffffff9f x18=0xffffffb0
        9575000	      4687	8000095e	40d90b33	sub	x22,x18,x13	 x18:0xffffffb0 x13:0x00000004 x22=0xffffffac
        9577000	      4688	80000962	66e5	c.lui	x13,0x19	 x13=0x00019000
        9625000	      4712	80000964	00e62eb3	slt	x29,x12,x14	 x12:0xffffff2b x14:0x0c438a61 x29=0x00000001
        9627000	      4713	80000968	8dc1	c.or	x11,x8	 x11:0x00000000  x8:0x00000303 x11=0x00000303
        9629000	      4714	8000096a	01b90133	add	x2,x18,x27	 x18:0xffffffb0 x27:0xfffffd0a  x2=0xfffffcba
        9631000	      4715	8000096e	8e75	c.and	x12,x13	 x12:0xffffff2b x13:0x00019000 x12=0x00019000
        9663000	      4731	80000970	dd92e617	auipc	x12,0xdd92e	 x12=0x5d92e970
        9769000	      4784	80000974	02dadab3	divu	x21,x21,x13	 x21:0x00000000 x13:0x00019000 x21=0x00000000
        9771000	      4785	80000978	0001	c.addi	x0,0	  x0:0x00000000  x0=0x00000000
        9773000	      4786	8000097a	40a4dfb3	sra	x31,x9,x10	  x9:0x00000000 x10:0xfffffcdd x31=0x00000000
        9775000	      4787	8000097e	40e0deb3	sra	x29,x1,x14	  x1:0x00000010 x14:0x0c438a61 x29=0x00000008
        9777000	      4788	80000982	877d	c.srai	x14,0x1f	 x14:0x0c438a61 x14=0x00000000
        9785000	      4792	80000984	6159	c.addi16sp	x2,400	  x2:0xfffffcba  x2=0xfffffe4a
        9787000	      4793	80000986	0d04	c.addi4spn	x9,x2,656	  x9=0x000000da
        9801000	      4800	80000988	340b24f3	csrrs	x9,mscratch,x22	 x22:0xffffffac  x9=0x00000008
        9847000	      4823	8000098c	fd95d497	auipc	x9,0xfd95d	  x9=0x7d95d98c
        9849000	      4824	80000990	01371493	slli	x9,x14,0x13	 x14:0x00000000  x9=0x00000000
        9899000	      4849	80000994	017d9a63	bne	x27,x23,800009a8	 x27:0xfffffd0a x23:0x00000010  x0=0x00000000
        9949000	      4874	800009a8	fe46e217	auipc	x4,0xfe46e	  x4=0x7e46e9a8
       10011000	      4905	800009ac	8c89	c.sub	x9,x10	  x9:0x00000000 x10:0xfffffcdd  x9=0x00000323
       10013000	      4906	800009ae	340dfdf3	csrrci	x27,mscratch,27	 x27=0xffffffac
       10101000	      4950	800009b2	03c76ab3	rem	x21,x14,x28	 x14:0x00000000 x28:0x00000001 x21=0x00000000
       10103000	      4951	800009b6	00b07cb3	and	x25,x0,x11	  x0:0x00000000 x11:0x00000303 x25=0x00000000
       10105000	      4952	800009ba	017edd33	srl	x26,x29,x23	 x29:0x00000008 x23:0x00000010 x26=0x00000000
       10107000	      4953	800009be	8eed	c.and	x13,x11	 x13:0x00019000 x11:0x00000303 x13=0x00000000
       10129000	      4964	800009c0	c0ff0213	addi	x4,x30,-1009	 x30:0x00000016  x4=0xfffffc25
       10167000	      4983	800009c4	0190	c.addi4spn	x12,x2,192	 x12=0xffffff0a
       10169000	      4984	800009c6	ef0d	c.bnez	x14,80000a00	 x14:0x00000000
       10175000	      4987	800009c8	03169763	bne	x13,x17,800009f6	 x13:0x00000000 x17:0xf3bc77e8  x0=0x00000000
       10241000	      5020	800009f6	0101a633	slt	x12,x3,x16	  x3:0x0000000e x16:0xfffffdc8 x12=0x00000000
       10243000	      5021	800009fa	83b5	c.srli	x15,0xd	 x15:0x0000000f x15=0x00000000
       10249000	      5024	800009fc	01a7c5b3	xor	x11,x15,x26	 x15:0x00000000 x26:0x00000000 x11=0x00000000
       10291000	      5045	80000a00	8fa9	c.xor	x15,x10	 x15:0x00000000 x10:0xfffffcdd x15=0xfffffcdd
       10293000	      5046	80000a02	340b3c73	csrrc	x24,mscratch,x22	 x22:0xffffffac x24=0xffffffa4
       10323000	      5061	80000a06	00945233	srl	x4,x8,x9	  x8:0x00000303  x9:0x00000323  x4=0x00000060
       10379000	      5089	80000a0a	02209563	bne	x1,x2,80000a34	  x1:0x00000010  x2:0xfffffe4a  x0=0x00000000
       10423000	      5111	80000a34	0fba	c.slli	x31,0xe	 x31:0x00000000 x31=0x00000000
       10457000	      5128	80000a36	247ff513	andi	x10,x31,583	 x31:0x00000000 x10=0x00000000
       10459000	      5129	80000a3a	8c51	c.or	x8,x12	  x8:0x00000303 x12:0x00000000  x8=0x00000303
       10505000	      5152	80000a3c	037d9433	mulh	x8,x27,x23	 x27:0xffffffac x23:0x00000010  x8=0xffffffff
       10507000	      5153	80000a40	3406eb73	csrrsi	x22,mscratch,13	 x22=0x00000000
       10509000	      5154	80000a44	0001	c.addi	x0,0	  x0:0x00000000  x0=0x00000000
       10537000	      5168	80000a46	00543533	sltu	x10,x8,x5	  x8:0xffffffff  x5:0x8001ae1c x10=0x00000000
       10547000	      5173	80000a4a	0ff0000f	fence	iorwiorwiorwiorwiorwiorwiorwiorwiorwiorwiorwiorwiorw,iorwiorwiorwiorwiorwiorwiorwiorwiorwiorwiorwiorwiorwiorw	
       10587000	      5193	80000a4e	0039ed33	or	x26,x19,x3	 x19:0x8001ee7c  x3:0x0000000e x26=0x8001ee7e
       10593000	      5196	80000a52	011a9bb3	sll	x23,x21,x17	 x21:0x00000000 x17:0xf3bc77e8 x23=0x00000000
       10635000	      5217	80000a56	e3886713	ori	x14,x16,-456	 x16:0xfffffdc8 x14=0xfffffff8
       10637000	      5218	80000a5a	8a8e	c.mv	x21,x3	  x0:0x00000000  x3:0x0000000e x21=0x0000000e
       10639000	      5219	80000a5c	34046df3	csrrsi	x27,mscratch,8	 x27=0x0000000d
       10659000	      5229	80000a60	340b5973	csrrwi	x18,mscratch,22	 x18=0x0000000d
       10671000	      5235	80000a64	3409fcf3	csrrci	x25,mscratch,19	 x25=0x00000016
       10689000	      5244	80000a68	0349b7b3	mulhu	x15,x19,x20	 x19:0x8001ee7c x20:0x00000120 x15=0x00000090
       10697000	      5248	80000a6c	034e9db3	mulh	x27,x29,x20	 x29:0x00000008 x20:0x00000120 x27=0x00000000
       10701000	      5250	80000a70	fc70aab7	lui	x21,0xfc70a	 x21=0xfc70a000
       10737000	      5268	80000a74	ee303713	sltiu	x14,x0,-285	  x0:0x00000000 x14=0x00000001
       10749000	      5274	80000a78	b3e47937	lui	x18,0xb3e47	 x18=0xb3e47000
       10761000	      5280	80000a7c	8d4d	c.or	x10,x11	 x10:0x00000000 x11:0x00000000 x10=0x00000000
       10775000	      5287	80000a7e	d69cee13	ori	x28,x25,-663	 x25:0x00000016 x28=0xfffffd7f
       10791000	      5295	80000a82	40ad8bb3	sub	x23,x27,x10	 x27:0x00000000 x10:0x00000000 x23=0x00000000
       10851000	      5325	80000a86	340de673	csrrsi	x12,mscratch,27	 x12=0x00000004
       10869000	      5334	80000a8a	023d9263	bne	x27,x3,80000aae	 x27:0x00000000  x3:0x0000000e  x0=0x00000000
       10905000	      5352	80000aae	006b5513	srli	x10,x22,0x6	 x22:0x00000000 x10=0x00000000
       10907000	      5353	80000ab2	8ead	c.xor	x13,x11	 x13:0x00000000 x11:0x00000000 x13=0x00000000
       11017000	      5408	80000ab4	02cbfcb3	remu	x25,x23,x12	 x23:0x00000000 x12:0x00000004 x25=0x00000000
       11019000	      5409	80000ab8	0e7e	c.slli	x28,0x1f	 x28:0xfffffd7f x28=0x80000000
       11021000	      5410	80000aba	0630ce13	xori	x28,x1,99	  x1:0x00000010 x28=0x00000073
       11023000	      5411	80000abe	0308	c.addi4spn	x10,x2,384	 x10=0xffffffca
       11025000	      5412	80000ac0	1858a513	slti	x10,x17,389	 x17:0xf3bc77e8 x10=0x00000001
       11027000	      5413	80000ac4	40165913	srai	x18,x12,0x1	 x12:0x00000004 x18=0x00000002
       11029000	      5414	80000ac8	39078013	addi	x0,x15,912	 x15:0x00000090  x0=0x00000000
       11057000	      5428	80000acc	c789	c.beqz	x15,80000ad6	 x15:0x00000090
       11075000	      5437	80000ace	40630733	sub	x14,x6,x6	  x6:0x00000000  x6:0x00000000 x14=0x00000000
       11077000	      5438	80000ad2	0001e563	bltu	x3,x0,80000adc	  x3:0x0000000e  x0:0x00000000  x0=0x00000000
       11079000	      5439	80000ad6	8f01	c.sub	x14,x8	 x14:0x00000000  x8:0xffffffff x14=0x00000001
       11109000	      5454	80000ad8	87c5	c.srai	x15,0x11	 x15:0x00000090 x15=0x00000000
       11111000	      5455	80000ada	1c90	c.addi4spn	x12,x2,624	 x12=0x000000ba
       11113000	      5456	80000adc	3404a3f3	csrrs	x7,mscratch,x9	  x9:0x00000323  x7=0x0000001f
       11119000	      5459	80000ae0	01edfa63	bgeu	x27,x30,80000af4	 x27:0x00000000 x30:0x00000016  x0=0x00000000
       11141000	      5470	80000ae4	e466e893	ori	x17,x13,-442	 x13:0x00000000 x17=0xfffffe46
       11143000	      5471	80000ae8	fa604c13	xori	x24,x0,-90	  x0:0x00000000 x24=0xffffffa6
       11147000	      5473	80000aec	01421eb3	sll	x29,x4,x20	  x4:0x00000060 x20:0x00000120 x29=0x00000060
       11149000	      5474	80000af0	0001	c.addi	x0,0	  x0:0x00000000  x0=0x00000000
       11151000	      5475	80000af2	8eed	c.and	x13,x11	 x13:0x00000000 x11:0x00000000 x13=0x00000000
       11153000	      5476	80000af4	340ee6f3	csrrsi	x13,mscratch,29	 x13=0x0000033f
       11181000	      5490	80000af8	8025	c.srli	x8,0x9	  x8:0xffffffff  x8=0x007fffff
       11183000	      5491	80000afa	3409f8f3	csrrci	x17,mscratch,19	 x17=0x0000033f
       11195000	      5497	80000afe	00755e13	srli	x28,x10,0x7	 x10:0x00000001 x28=0x00000000
       11211000	      5505	80000b02	01c6cc33	xor	x24,x13,x28	 x13:0x0000033f x28:0x00000000 x24=0x0000033f
       11229000	      5514	80000b06	41f5dbb3	sra	x23,x11,x31	 x11:0x00000000 x31:0x00000000 x23=0x00000000
       11231000	      5515	80000b0a	8b99	c.andi	x15,6	 x15:0x00000000 x15=0x00000000
       11265000	      5532	80000b0c	5d702897	auipc	x17,0x5d702	 x17=0xdd702b0c
       11273000	      5536	80000b10	009211b3	sll	x3,x4,x9	  x4:0x00000060  x9:0x00000323  x3=0x00000300
       11291000	      5545	80000b14	0001	c.addi	x0,0	  x0:0x00000000  x0=0x00000000
       11309000	      5554	80000b16	03c86a63	bltu	x16,x28,80000b4a	 x16:0xfffffdc8 x28:0x00000000  x0=0x00000000
       11397000	      5598	80000b1a	021548b3	div	x17,x10,x1	 x10:0x00000001  x1:0x00000010 x17=0x00000000
       11399000	      5599	80000b1e	8881	c.andi	x9,0	  x9:0x00000323  x9=0x00000000
       11401000	      5600	80000b20	00007697	auipc	x13,0x7	 x13=0x80007b20
       11403000	      5601	80000b24	15468693	addi	x13,x13,340	 x13:0x80007b20 x13=0x80007c74
       11405000	      5602	80000b28	1108	c.addi4spn	x10,x2,160	 x10=0xfffffeea
       11423000	      5611	80000b2a	4095d033	sra	x0,x11,x9	 x11:0x00000000  x9:0x00000000  x0=0x00000000
       11435000	      5617	80000b2e	02a9a4b3	mulhsu	x9,x19,x10	 x19:0x8001ee7c x10:0xfffffeea  x9=0x8001ef06
       11437000	      5618	80000b32	0001	c.addi	x0,0	  x0:0x00000000  x0=0x00000000
       11439000	      5619	80000b34	fd868693	addi	x13,x13,-40	 x13:0x80007c74 x13=0x80007c4c
       11565000	      5682	80000b38	03dbd1b3	divu	x3,x23,x29	 x23:0x00000000 x29:0x00000060  x3=0x00000000
       11569000	      5684	80000b3c	02968167	jalr	x2,41(x13)	 x13:0x80007c4c  x2=0x80000b40
       11621000	      5710	80007c74	00186263	bltu	x16,x1,80007c78	 x16:0xfffffdc8  x1:0x00000010  x0=0x00000000
       11623000	      5711	80007c78	12b1	c.addi	x5,-20	  x5:0x8001ae1c  x5=0x8001ae08
       11625000	      5712	80007c7a	97be	c.add	x15,x15	 x15:0x00000000 x15:0x00000000 x15=0x00000000
       11631000	      5715	80007c7c	9c6a	c.add	x24,x26	 x24:0x0000033f x26:0x8001ee7e x24=0x8001f1bd
       11691000	      5745	80007c7e	00bc3033	sltu	x0,x24,x11	 x24:0x8001f1bd x11:0x00000000  x0=0x00000000
       11699000	      5749	80007c82	020d1e33	mulh	x28,x26,x0	 x26:0x8001ee7e  x0:0x00000000 x28=0x00000000
       11721000	      5760	80007c86	0022a223	sw	x2,4(x5)	  x5:0x8001ae08  x2:0x80000b40 PA:0x8001ae0c store:0x80000b40 load:0x80000b40
       11729000	      5764	80007c8a	03392433	mulhsu	x8,x18,x19	 x18:0x00000002 x19:0x8001ee7c  x8=0x00000001
       11777000	      5788	80007c8e	ffff9817	auipc	x16,0xffff9	 x16=0x80000c8e
       11779000	      5789	80007c92	fb880813	addi	x16,x16,-72	 x16:0x80000c8e x16=0x80000c46
       11781000	      5790	80007c96	98fe	c.add	x17,x31	 x17:0x00000000 x31:0x00000000 x17=0x00000000
       11805000	      5802	80007c98	0001	c.addi	x0,0	  x0:0x00000000  x0=0x00000000
       11827000	      5813	80007c9a	40968bb3	sub	x23,x13,x9	 x13:0x80007c4c  x9:0x8001ef06 x23=0xfffe8d46
       11831000	      5815	80007c9e	e7180813	addi	x16,x16,-399	 x16:0x80000c46 x16=0x80000ab7
       11869000	      5834	80007ca2	34085773	csrrwi	x14,mscratch,16	 x14=0x0000032c
       11885000	      5842	80007ca6	bff89417	auipc	x8,0xbff89	  x8=0x3ff90ca6
       11887000	      5843	80007caa	002e0463	beq	x28,x2,80007cb2	 x28:0x00000000  x2:0x80000b40  x0=0x00000000
       11891000	      5845	80007cae	3bd93713	sltiu	x14,x18,957	 x18:0x00000002 x14=0x00000001
       11911000	      5855	80007cb2	19080167	jalr	x2,400(x16)	 x16:0x80000ab7  x2=0x80007cb6
       11917000	      5858	80000c46	0095c663	blt	x11,x9,80000c52	 x11:0x00000000  x9:0x8001ef06  x0=0x00000000
       11937000	      5868	80000c4a	3409b0f3	csrrc	x1,mscratch,x19	 x19:0x8001ee7c  x1=0x00000010
       11939000	      5869	80000c4e	e20df813	andi	x16,x27,-480	 x27:0x00000000 x16=0x00000000
       11981000	      5890	80000c52	fcc28293	addi	x5,x5,-52	  x5:0x8001ae08  x5=0x8001add4
       12061000	      5930	80000c56	0022a223	sw	x2,4(x5)	  x5:0x8001add4  x2:0x80007cb6 PA:0x8001add8 store:0x80007cb6 load:0x80007cb6
       12069000	      5934	80000c5a	02cbacb3	mulhsu	x25,x23,x12	 x23:0xfffe8d46 x12:0x000000ba x25=0xffffffff
       12071000	      5935	80000c5e	34085c73	csrrwi	x24,mscratch,16	 x24=0x00000000
       12073000	      5936	80000c62	8b45	c.andi	x14,17	 x14:0x00000001 x14=0x00000001
       12075000	      5937	80000c64	f143cd93	xori	x27,x7,-236	  x7:0x0000001f x27=0xffffff0b
       12101000	      5950	80000c68	617d	c.addi16sp	x2,496	  x2:0x80007cb6  x2=0x80007ea6
       12103000	      5951	80000c6a	1c94	c.addi4spn	x13,x2,624	 x13=0x80008116
       12133000	      5966	80000c6c	8259	c.srli	x12,0x16	 x12:0x000000ba x12=0x00000000
       12135000	      5967	80000c6e	717d	c.addi16sp	x2,-16	  x2:0x80007ea6  x2=0x80007e96
       12143000	      5971	80000c70	24e08693	addi	x13,x1,590	  x1:0x00000010 x13=0x0000025e
       12191000	      5995	80000c74	8e89	c.sub	x13,x10	 x13:0x0000025e x10:0xfffffeea x13=0x00000374
       12193000	      5996	80000c76	00dacb33	xor	x22,x21,x13	 x21:0xfc70a000 x13:0x00000374 x22=0xfc70a374
       12229000	      6014	80000c7a	410cdfb3	sra	x31,x25,x16	 x25:0xffffffff x16:0x00000000 x31=0xffffffff
       12231000	      6015	80000c7e	9422	c.add	x8,x8	  x8:0x3ff90ca6  x8:0x3ff90ca6  x8=0x7ff2194c
       12233000	      6016	80000c80	0100f833	and	x16,x1,x16	  x1:0x00000010 x16:0x00000000 x16=0x00000000
       12235000	      6017	80000c84	0ff0000f	fence	iorwiorwiorwiorwiorwiorwiorwiorwiorwiorwiorwiorwiorwiorwiorw,iorwiorwiorwiorwiorwiorwiorwiorwiorwiorwiorwiorwiorwiorwiorwiorw	
       12251000	      6025	80000c88	fb4fae93	slti	x29,x31,-76	 x31:0xffffffff x29=0x00000000
       12265000	      6032	80000c8c	6cf1	c.lui	x25,0x1c	 x25=0x0001c000
       12287000	      6043	80000c8e	e6da0413	addi	x8,x20,-403	 x20:0x00000120  x8=0xffffff8d
       12289000	      6044	80000c92	717d	c.addi16sp	x2,-16	  x2:0x80007e96  x2=0x80007e86
       12313000	      6056	80000c94	013b5d93	srli	x27,x22,0x13	 x22:0xfc70a374 x27=0x00001f8e
       12337000	      6068	80000c98	02aebc33	mulhu	x24,x29,x10	 x29:0x00000000 x10:0xfffffeea x24=0x00000000
       12345000	      6072	80000c9c	00391593	slli	x11,x18,0x3	 x18:0x00000002 x11=0x00000010
       12367000	      6083	80000ca0	00190a33	add	x20,x18,x1	 x18:0x00000002  x1:0x00000010 x20=0x00000012
       12385000	      6092	80000ca4	0001	c.addi	x0,0	  x0:0x00000000  x0=0x00000000
       12397000	      6098	80000ca6	5f3c0c97	auipc	x25,0x5f3c0	 x25=0xdf3c0ca6
       12441000	      6120	80000caa	00c85493	srli	x9,x16,0xc	 x16:0x00000000  x9=0x00000000
       12443000	      6121	80000cae	178c	c.addi4spn	x11,x2,992	 x11=0x80008266
       12445000	      6122	80000cb0	8249	c.srli	x12,0x12	 x12:0x00000000 x12=0x00000000
       12447000	      6123	80000cb2	ce9d	c.beqz	x13,80000cf0	 x13:0x00000374
       12465000	      6132	80000cb4	031af763	bgeu	x21,x17,80000ce2	 x21:0xfc70a000 x17:0x00000000  x0=0x00000000
       12475000	      6137	80000cb8	0780	c.addi4spn	x8,x2,960	  x8=0x80008246
       12477000	      6138	80000cba	84ed	c.srai	x9,0x1b	  x9:0x00000000  x9=0x00000000
       12559000	      6179	80000cbc	02a3d0b3	divu	x1,x7,x10	  x7:0x0000001f x10:0xfffffeea  x1=0x00000000
       12563000	      6181	80000cc0	03de5363	bge	x28,x29,80000ce6	 x28:0x00000000 x29:0x00000000  x0=0x00000000
       12581000	      6190	80000ce6	32f46113	ori	x2,x8,815	  x8:0x80008246  x2=0x8000836f
       12585000	      6192	80000cea	c88d	c.beqz	x9,80000d1c	  x9:0x00000000
       12671000	      6235	80000d1c	818d	c.srli	x11,0x3	 x11:0x80008266 x11=0x1000104c
       12745000	      6272	80000d1e	03fdc1b3	div	x3,x27,x31	 x27:0x00001f8e x31:0xffffffff  x3=0xffffe072
       12747000	      6273	80000d22	009c83b3	add	x7,x25,x9	 x25:0xdf3c0ca6  x9:0x00000000  x7=0xdf3c0ca6
       12749000	      6274	80000d26	0f89	c.addi	x31,2	 x31:0xffffffff x31=0x00000001
       12755000	      6277	80000d28	020d00b3	mul	x1,x26,x0	 x26:0x8001ee7e  x0:0x00000000  x1=0x00000000
       12767000	      6283	80000d2c	023a4863	blt	x20,x3,80000d5c	 x20:0x00000012  x3:0xffffe072  x0=0x00000000
       12787000	      6293	80000d30	8f59	c.or	x14,x14	 x14:0x00000001 x14:0x00000001 x14=0x00000001
       12829000	      6314	80000d32	01cdbd33	sltu	x26,x27,x28	 x27:0x00001f8e x28:0x00000000 x26=0x00000000
       12831000	      6315	80000d36	0962	c.slli	x18,0x18	 x18:0x00000002 x18=0x02000000
       12833000	      6316	80000d38	00ee	c.slli	x1,0x1b	  x1:0x00000000  x1=0x00000000
       12853000	      6326	80000d3a	03a1e563	bltu	x3,x26,80000d64	  x3:0xffffe072 x26:0x00000000  x0=0x00000000
       12855000	      6327	80000d3e	63bd	c.lui	x7,0xf	  x7=0x0000f000
       12869000	      6334	80000d40	02b2d563	bge	x5,x11,80000d6a	  x5:0x8001add4 x11:0x1000104c  x0=0x00000000
       12879000	      6339	80000d44	0699	c.addi	x13,6	 x13:0x00000374 x13=0x0000037a
       12939000	      6369	80000d46	f3ef8813	addi	x16,x31,-194	 x31:0x00000001 x16=0xffffff3f
       12959000	      6379	80000d4a	34075c73	csrrwi	x24,mscratch,14	 x24=0x00000010
       12977000	      6388	80000d4e	340c5073	csrrwi	x0,mscratch,24	  x0=0x00000000
       13001000	      6400	80000d52	039d7463	bgeu	x26,x25,80000d7a	 x26:0x00000000 x25:0xdf3c0ca6  x0=0x00000000
       13003000	      6401	80000d56	717d	c.addi16sp	x2,-16	  x2:0x8000836f  x2=0x8000835f
       13011000	      6405	80000d58	00357933	and	x18,x10,x3	 x10:0xfffffeea  x3:0xffffe072 x18=0xffffe062
       13013000	      6406	80000d5c	017b4833	xor	x16,x22,x23	 x22:0xfc70a374 x23:0xfffe8d46 x16=0x038e2e32
       13015000	      6407	80000d60	0001	c.addi	x0,0	  x0:0x00000000  x0=0x00000000
       13017000	      6408	80000d62	0001	c.addi	x0,0	  x0:0x00000000  x0=0x00000000
       13019000	      6409	80000d64	3400bef3	csrrc	x29,mscratch,x1	  x1:0x00000000 x29=0x00000018
       13051000	      6425	80000d68	835d	c.srli	x14,0x17	 x14:0x00000001 x14=0x00000000
       13063000	      6431	80000d6a	01e1ecb3	or	x25,x3,x30	  x3:0xffffe072 x30:0x00000016 x25=0xffffe076
       13065000	      6432	80000d6e	417d5193	srai	x3,x26,0x17	 x26:0x00000000  x3=0x00000000
       13133000	      6466	80000d72	036a18b3	mulh	x17,x20,x22	 x20:0x00000012 x22:0xfc70a374 x17=0xffffffff
       13169000	      6484	80000d76	00f6ca33	xor	x20,x13,x15	 x13:0x0000037a x15:0x00000000 x20=0x0000037a
       13171000	      6485	80000d7a	3407d973	csrrwi	x18,mscratch,15	 x18=0x00000018
       13173000	      6486	80000d7e	83f1	c.srli	x15,0x1c	 x15:0x00000000 x15=0x00000000
       13227000	      6513	80000d80	0f04	c.addi4spn	x9,x2,912	  x9=0x800086ef
       13229000	      6514	80000d82	41dd5413	srai	x8,x26,0x1d	 x26:0x00000000  x8=0x00000000
       13233000	      6516	80000d86	017dc4b3	xor	x9,x27,x23	 x27:0x00001f8e x23:0xfffe8d46  x9=0xfffe92c8
       13235000	      6517	80000d8a	88c9	c.andi	x9,18	  x9:0xfffe92c8  x9=0x00000000
       13267000	      6533	80000d8c	8c81	c.sub	x9,x8	  x9:0x00000000  x8:0x00000000  x9=0x00000000
       13269000	      6534	80000d8e	e485	c.bnez	x9,80000db6	  x9:0x00000000
       13277000	      6538	80000d90	6fc5	c.lui	x31,0x11	 x31=0x00011000
       13319000	      6559	80000d92	340c9073	csrrw	x0,mscratch,x25	 x25:0xffffe076  x0=0x00000000
       13333000	      6566	80000d96	047a5463	bge	x20,x7,80000dde	 x20:0x0000037a  x7:0x0000f000  x0=0x00000000
       13343000	      6571	80000d9a	00929813	slli	x16,x5,0x9	  x5:0x8001add4 x16=0x035ba800
       13345000	      6572	80000d9e	0001	c.addi	x0,0	  x0:0x00000000  x0=0x00000000
       13359000	      6579	80000da0	daa68a13	addi	x20,x13,-598	 x13:0x0000037a x20=0x00000124
       13397000	      6598	80000da4	00dbdfb3	srl	x31,x23,x13	 x23:0xfffe8d46 x13:0x0000037a x31=0x0000003f
       13419000	      6609	80000da8	9a4a	c.add	x20,x18	 x20:0x00000124 x18:0x00000018 x20=0x0000013c
       13427000	      6613	80000daa	04c4c063	blt	x9,x12,80000dea	  x9:0x00000000 x12:0x00000000  x0=0x00000000
       13449000	      6624	80000dae	02f714b3	mulh	x9,x14,x15	 x14:0x00000000 x15:0x00000000  x9=0x00000000
       13463000	      6631	80000db2	044b5063	bge	x22,x4,80000df2	 x22:0xfc70a374  x4:0x00000060  x0=0x00000000
       13473000	      6636	80000db6	01d94a33	xor	x20,x18,x29	 x18:0x00000018 x29:0x00000018 x20=0x00000000
       13475000	      6637	80000dba	0cfd	c.addi	x25,31	 x25:0xffffe076 x25=0xffffe095
       13485000	      6642	80000dbc	8ced	c.and	x9,x11	  x9:0x00000000 x11:0x1000104c  x9=0x00000000
       13493000	      6646	80000dbe	036ba3b3	mulhsu	x7,x23,x22	 x23:0xfffe8d46 x22:0xfc70a374  x7=0xfffe926d
       13533000	      6666	80000dc2	033bd263	bge	x23,x19,80000de6	 x23:0xfffe8d46 x19:0x8001ee7c  x0=0x00000000
       13535000	      6667	80000dc6	00701bb3	sll	x23,x0,x7	  x0:0x00000000  x7:0xfffe926d x23=0x00000000
       13609000	      6704	80000dca	03654133	div	x2,x10,x22	 x10:0xfffffeea x22:0xfc70a374  x2=0x00000000
       13611000	      6705	80000dce	40858133	sub	x2,x11,x8	 x11:0x1000104c  x8:0x00000000  x2=0x1000104c
       13619000	      6709	80000dd2	02e3abb3	mulhsu	x23,x7,x14	  x7:0xfffe926d x14:0x00000000 x23=0x00000000
       13653000	      6726	80000dd6	2e496d93	ori	x27,x18,740	 x18:0x00000018 x27=0x000002fc
       13655000	      6727	80000dda	3dd82497	auipc	x9,0x3dd82	  x9=0xbdd82dda
       13675000	      6737	80000dde	3405d7f3	csrrwi	x15,mscratch,11	 x15=0xffffe076
       13707000	      6753	80000de2	00e98b33	add	x22,x19,x14	 x19:0x8001ee7c x14:0x00000000 x22=0x8001ee7c
       13709000	      6754	80000de6	f78e6f17	auipc	x30,0xf78e6	 x30=0x778e6de6
       13711000	      6755	80000dea	e411	c.bnez	x8,80000df6	  x8:0x00000000
       13749000	      6774	80000dec	8d11	c.sub	x10,x12	 x10:0xfffffeea x12:0x00000000 x10=0xfffffeea
       13783000	      6791	80000dee	03d91763	bne	x18,x29,80000e1c	 x18:0x00000018 x29:0x00000018  x0=0x00000000
       13787000	      6793	80000df2	020e5cb3	divu	x25,x28,x0	 x28:0x00000000  x0:0x00000000 x25=0xffffffff
       13789000	      6794	80000df6	8cc1	c.or	x9,x8	  x9:0xbdd82dda  x8:0x00000000  x9=0xbdd82dda
       13805000	      6802	80000df8	00501263	bne	x0,x5,80000dfc	  x0:0x00000000  x5:0x8001add4  x0=0x00000000
       13873000	      6836	80000dfc	527d	c.li	x4,-1	  x4=0xffffffff
       13875000	      6837	80000dfe	4ab9	c.li	x21,14	 x21=0x0000000e
       13877000	      6838	80000e00	4019d593	srai	x11,x19,0x1	 x19:0x8001ee7c x11=0xc000f73e
       13881000	      6840	80000e04	05d3c563	blt	x7,x29,80000e4e	  x7:0xfffe926d x29:0x00000018  x0=0x00000000
       14001000	      6900	80000e4e	02302933	mulhsu	x18,x0,x3	  x0:0x00000000  x3:0x00000000 x18=0x00000000
       14003000	      6901	80000e52	0073a933	slt	x18,x7,x7	  x7:0xfffe926d  x7:0xfffe926d x18=0x00000000
       14005000	      6902	80000e56	9cda	c.add	x25,x22	 x25:0xffffffff x22:0x8001ee7c x25=0x8001ee7b
       14007000	      6903	80000e58	340e9bf3	csrrw	x23,mscratch,x29	 x29:0x00000018 x23=0x0000000b
       14029000	      6914	80000e5c	41a15f13	srai	x30,x2,0x1a	  x2:0x1000104c x30=0x00000004
       14051000	      6925	80000e60	19282593	slti	x11,x16,402	 x16:0x035ba800 x11=0x00000000
       14053000	      6926	80000e64	1b7d	c.addi	x22,-1	 x22:0x8001ee7c x22=0x8001ee7b
       14055000	      6927	80000e66	001e7433	and	x8,x28,x1	 x28:0x00000000  x1:0x00000000  x8=0x00000000
       14077000	      6938	80000e6a	d6927c93	andi	x25,x4,-663	  x4:0xffffffff x25=0xfffffd69
       14151000	      6975	80000e6e	0336e6b3	rem	x13,x13,x19	 x13:0x0000037a x19:0x8001ee7c x13=0x0000037a
       14153000	      6976	80000e72	34072d73	csrrs	x26,mscratch,x14	 x14:0x00000000 x26=0x00000018
       14155000	      6977	80000e76	004126b3	slt	x13,x2,x4	  x2:0x1000104c  x4:0xffffffff x13=0x00000000
       14179000	      6989	80000e7a	00065f33	srl	x30,x12,x0	 x12:0x00000000  x0:0x00000000 x30=0x00000000
       14215000	      7007	80000e7e	0019e0b3	or	x1,x19,x1	 x19:0x8001ee7c  x1:0x00000000  x1=0x8001ee7c
       14233000	      7016	80000e82	05146663	bltu	x8,x17,80000ece	  x8:0x00000000 x17:0xffffffff  x0=0x00000000
       14333000	      7066	80000ece	03a27f63	bgeu	x4,x26,80000f0c	  x4:0xffffffff x26:0x00000018  x0=0x00000000
       14335000	      7067	80000ed2	e415	c.bnez	x8,80000efe	  x8:0x00000000
       14389000	      7094	80000ed4	0001	c.addi	x0,0	  x0:0x00000000  x0=0x00000000
       14423000	      7111	80000ed6	008a1e93	slli	x29,x20,0x8	 x20:0x00000000 x29=0x00000000
       14425000	      7112	80000eda	007bc763	blt	x23,x7,80000ee8	 x23:0x0000000b  x7:0xfffe926d  x0=0x00000000
       14427000	      7113	80000ede	8c29	c.xor	x8,x10	  x8:0x00000000 x10:0xfffffeea  x8=0xfffffeea
       14429000	      7114	80000ee0	c44a4213	xori	x4,x20,-956	 x20:0x00000000  x4=0xfffffc44
       14431000	      7115	80000ee4	00d95693	srli	x13,x18,0xd	 x18:0x00000000 x13=0x00000000
       14463000	      7131	80000ee8	34027bf3	csrrci	x23,mscratch,4	 x23=0x00000018
       14491000	      7145	80000eec	02099a33	mulh	x20,x19,x0	 x19:0x8001ee7c  x0:0x00000000 x20=0x00000000
       14501000	      7150	80000ef0	022e8733	mul	x14,x29,x2	 x29:0x00000000  x2:0x1000104c x14=0x00000000
       14517000	      7158	80000ef4	34015cf3	csrrwi	x25,mscratch,2	 x25=0x00000018
       14527000	      7163	80000ef8	03dd1e63	bne	x26,x29,80000f34	 x26:0x00000018 x29:0x00000000  x0=0x00000000
       14549000	      7174	80000f34	006f3913	sltiu	x18,x30,6	 x30:0x00000000 x18=0x00000001
       14551000	      7175	80000f38	00b94fb3	xor	x31,x18,x11	 x18:0x00000001 x11:0x00000000 x31=0x00000001
       14645000	      7222	80000f3c	03236e33	rem	x28,x6,x18	  x6:0x00000000 x18:0x00000001 x28=0x00000000
       14647000	      7223	80000f40	01c25e63	bge	x4,x28,80000f5c	  x4:0xfffffc44 x28:0x00000000  x0=0x00000000
       14649000	      7224	80000f44	03ccfe63	bgeu	x25,x28,80000f80	 x25:0x00000018 x28:0x00000000  x0=0x00000000
       14651000	      7225	80000f48	417a5913	srai	x18,x20,0x17	 x20:0x00000000 x18=0x00000000
       14653000	      7226	80000f4c	fbad4113	xori	x2,x26,-70	 x26:0x00000018  x2=0xffffffa2
       14707000	      7253	80000f50	0001	c.addi	x0,0	  x0:0x00000000  x0=0x00000000
       14709000	      7254	80000f52	976a	c.add	x14,x26	 x14:0x00000000 x26:0x00000018 x14=0x00000018
       14729000	      7264	80000f54	01431913	slli	x18,x6,0x14	  x6:0x00000000 x18=0x00000000
       14739000	      7269	80000f58	0001	c.addi	x0,0	  x0:0x00000000  x0=0x00000000
       14741000	      7270	80000f5a	8f81	c.sub	x15,x8	 x15:0xffffe076  x8:0xfffffeea x15=0xffffe18c
       14743000	      7271	80000f5c	0211	c.addi	x4,4	  x4:0xfffffc44  x4=0xfffffc48
       14785000	      7292	80000f5e	03976863	bltu	x14,x25,80000f8e	 x14:0x00000018 x25:0x00000018  x0=0x00000000
       14789000	      7294	80000f62	016df033	and	x0,x27,x22	 x27:0x000002fc x22:0x8001ee7b  x0=0x00000000
       14805000	      7302	80000f66	400300b3	sub	x1,x6,x0	  x6:0x00000000  x0:0x00000000  x1=0x00000000
       14809000	      7304	80000f6a	ca09	c.beqz	x12,80000f7c	 x12:0x00000000
       14901000	      7350	80000f7c	0064db63	bge	x9,x6,80000f92	  x9:0xbdd82dda  x6:0x00000000  x0=0x00000000
       14915000	      7357	80000f80	6105	c.addi16sp	x2,32	  x2:0xffffffa2  x2=0xffffffc2
       14923000	      7361	80000f82	026573b3	remu	x7,x10,x6	 x10:0xfffffeea  x6:0x00000000  x7=0xfffffeea
       14925000	      7362	80000f86	85a6	c.mv	x11,x9	  x0:0x00000000  x9:0xbdd82dda x11=0xbdd82dda
       14933000	      7366	80000f88	811d	c.srli	x10,0x7	 x10:0xfffffeea x10=0x01fffffd
       14947000	      7373	80000f8a	407b8db3	sub	x27,x23,x7	 x23:0x00000018  x7:0xfffffeea x27=0x0000012e
       14951000	      7375	80000f8e	00b9e263	bltu	x19,x11,80000f92	 x19:0x8001ee7c x11:0xbdd82dda  x0=0x00000000
       14995000	      7397	80000f92	4025d6b3	sra	x13,x11,x2	 x11:0xbdd82dda  x2:0xffffffc2 x13=0xef760b76
       14997000	      7398	80000f96	8175	c.srli	x10,0x1d	 x10:0x01fffffd x10=0x00000000
       14999000	      7399	80000f98	01561693	slli	x13,x12,0x15	 x12:0x00000000 x13=0x00000000
       15001000	      7400	80000f9c	34055773	csrrwi	x14,mscratch,10	 x14=0x00000002
       15009000	      7404	80000fa0	31c14a13	xori	x20,x2,796	  x2:0xffffffc2 x20=0xfffffcde
       15055000	      7427	80000fa4	02470fb3	mul	x31,x14,x4	 x14:0x00000002  x4:0xfffffc48 x31=0xfffff890
       15057000	      7428	80000fa8	8109	c.srli	x10,0x2	 x10:0x00000000 x10=0x00000000
       15161000	      7480	80000faa	033d70b3	remu	x1,x26,x19	 x26:0x00000018 x19:0x8001ee7c  x1=0x00000018
       15163000	      7481	80000fae	016f9e93	slli	x29,x31,0x16	 x31:0xfffff890 x29=0x24000000
       15165000	      7482	80000fb2	840d	c.srai	x8,0x3	  x8:0xfffffeea  x8=0xffffffdd
       15167000	      7483	80000fb4	34016a73	csrrsi	x20,mscratch,2	 x20=0x0000000a
       15191000	      7495	80000fb8	03469863	bne	x13,x20,80000fe8	 x13:0x00000000 x20:0x0000000a  x0=0x00000000
       15195000	      7497	80000fe8	00f9fe63	bgeu	x19,x15,80001004	 x19:0x8001ee7c x15:0xffffe18c  x0=0x00000000
       15315000	      7557	80000fec	025e4033	div	x0,x28,x5	 x28:0x00000000  x5:0x8001add4  x0=0x00000000
       15317000	      7558	80000ff0	34009073	csrrw	x0,mscratch,x1	  x1:0x00000018  x0=0x00000000
       15319000	      7559	80000ff4	f8322a93	slti	x21,x4,-125	  x4:0xfffffc48 x21=0x00000001
       15321000	      7560	80000ff8	340eabf3	csrrs	x23,mscratch,x29	 x29:0x24000000 x23=0x00000018
       15341000	      7570	80000ffc	00325f63	bge	x4,x3,8000101a	  x4:0xfffffc48  x3:0x00000000  x0=0x00000000
       15355000	      7577	80001000	41ca8fb3	sub	x31,x21,x28	 x21:0x00000001 x28:0x00000000 x31=0x00000001
       15375000	      7587	80001004	40c3dc93	srai	x25,x7,0xc	  x7:0xfffffeea x25=0xffffffff
       15377000	      7588	80001008	9afd	c.andi	x13,-1	 x13:0x00000000 x13=0x00000000
       15491000	      7645	8000100a	03b5cfb3	div	x31,x11,x27	 x11:0xbdd82dda x27:0x0000012e x31=0xffc7ebcf
       15495000	      7647	8000100e	03529a63	bne	x5,x21,80001042	  x5:0x8001add4 x21:0x00000001  x0=0x00000000
       15521000	      7660	80001042	dbff8517	auipc	x10,0xdbff8	 x10=0x5bff9042
       15607000	      7703	80001046	024d6133	rem	x2,x26,x4	 x26:0x00000018  x4:0xfffffc48  x2=0x00000018
       15609000	      7704	8000104a	016228b3	slt	x17,x4,x22	  x4:0xfffffc48 x22:0x8001ee7b x17=0x00000000
       15611000	      7705	8000104e	87d1	c.srai	x15,0x14	 x15:0xffffe18c x15=0xffffffff
       15613000	      7706	80001050	8d0a	c.mv	x26,x2	  x0:0x00000000  x2:0x00000018 x26=0x00000018
       15661000	      7730	80001052	01711d13	slli	x26,x2,0x17	  x2:0x00000018 x26=0x0c000000
       15665000	      7732	80001056	0232f3b3	remu	x7,x5,x3	  x5:0x8001add4  x3:0x00000000  x7=0x8001add4
       15677000	      7738	8000105a	3404f0f3	csrrci	x1,mscratch,9	  x1=0x24000018
       15679000	      7739	8000105e	99fd	c.andi	x11,-1	 x11:0xbdd82dda x11=0xbdd82dda
       15681000	      7740	80001060	8355	c.srli	x14,0x15	 x14:0x00000002 x14=0x00000000
       15683000	      7741	80001062	0001	c.addi	x0,0	  x0:0x00000000  x0=0x00000000
       15701000	      7750	80001064	34042ff3	csrrs	x31,mscratch,x8	  x8:0xffffffdd x31=0x24000010
       15747000	      7773	80001068	0165f633	and	x12,x11,x22	 x11:0xbdd82dda x22:0x8001ee7b x12=0x80002c5a
       15789000	      7794	8000106c	82e5	c.srli	x13,0x19	 x13:0x00000000 x13=0x00000000
       15863000	      7831	8000106e	03d4e833	rem	x16,x9,x29	  x9:0xbdd82dda x29:0x24000000 x16=0xe1d82dda
       15865000	      7832	80001072	01ba7463	bgeu	x20,x27,8000107a	 x20:0x0000000a x27:0x0000012e  x0=0x00000000
       15867000	      7833	80001076	0001	c.addi	x0,0	  x0:0x00000000  x0=0x00000000
       15869000	      7834	80001078	c595	c.beqz	x11,800010a4	 x11:0xbdd82dda
       15877000	      7838	8000107a	02ee9e33	mulh	x28,x29,x14	 x29:0x24000000 x14:0x00000000 x28=0x00000000
       15893000	      7846	8000107e	340c6173	csrrsi	x2,mscratch,24	  x2=0xffffffdd
       15903000	      7851	80001082	ea087393	andi	x7,x16,-352	 x16:0xe1d82dda  x7=0xe1d82c80
       15905000	      7852	80001086	8639	c.srai	x12,0xe	 x12:0x80002c5a x12=0xfffe0000
       15907000	      7853	80001088	41c45793	srai	x15,x8,0x1c	  x8:0xffffffdd x15=0xffffffff
       15953000	      7876	8000108c	01395a93	srli	x21,x18,0x13	 x18:0x00000000 x21=0x00000000
       15973000	      7886	80001090	83fe	c.mv	x7,x31	  x0:0x00000000 x31:0x24000010  x7=0x24000010
       15981000	      7890	80001092	0357a033	mulhsu	x0,x15,x21	 x15:0xffffffff x21:0x00000000  x0=0x00000000
       15983000	      7891	80001096	8f21	c.xor	x14,x8	 x14:0x00000000  x8:0xffffffdd x14=0xffffffdd
       16017000	      7908	80001098	05f01263	bne	x0,x31,800010dc	  x0:0x00000000 x31:0x24000010  x0=0x00000000
       16059000	      7929	800010dc	81b5	c.srli	x11,0xd	 x11:0xbdd82dda x11=0x0005eec1
       16085000	      7942	800010de	01f5ee63	bltu	x11,x31,800010fa	 x11:0x0005eec1 x31:0x24000010  x0=0x00000000
       16123000	      7961	800010fa	da7c8a13	addi	x20,x25,-601	 x25:0xffffffff x20=0xfffffda6
       16133000	      7966	800010fe	e6d10213	addi	x4,x2,-403	  x2:0xffffffdd  x4=0xfffffe4a
       16193000	      7996	80001102	3409a3f3	csrrs	x7,mscratch,x19	 x19:0x8001ee7c  x7=0xffffffdd
       16195000	      7997	80001106	8f11	c.sub	x14,x12	 x14:0xffffffdd x12:0xfffe0000 x14=0x0001ffdd
       16197000	      7998	80001108	c31d	c.beqz	x14,8000112e	 x14:0x0001ffdd
       16199000	      7999	8000110a	6c85	c.lui	x25,0x1	 x25=0x00001000
       16305000	      8052	8000110c	02ef6ab3	rem	x21,x30,x14	 x30:0x00000000 x14:0x0001ffdd x21=0x00000000
       16307000	      8053	80001110	60b1	c.lui	x1,0xc	  x1=0x0000c000
       16311000	      8055	80001112	e48d	c.bnez	x9,8000113c	  x9:0xbdd82dda
       16341000	      8070	8000113c	00d2b5b3	sltu	x11,x5,x13	  x5:0x8001add4 x13:0x00000000 x11=0x00000000
       16373000	      8086	80001140	024d2ab3	mulhsu	x21,x26,x4	 x26:0x0c000000  x4:0xfffffe4a x21=0x0bffffeb
       16377000	      8088	80001144	00a74f63	blt	x14,x10,80001162	 x14:0x0001ffdd x10:0x5bff9042  x0=0x00000000
       16405000	      8102	80001162	0001	c.addi	x0,0	  x0:0x00000000  x0=0x00000000
       16421000	      8110	80001164	0001	c.addi	x0,0	  x0:0x00000000  x0=0x00000000
       16423000	      8111	80001166	6bed	c.lui	x23,0x1b	 x23=0x0001b000
       16443000	      8121	80001168	8e41	c.or	x12,x8	 x12:0xfffe0000  x8:0xffffffdd x12=0xffffffdd
       16467000	      8133	8000116a	00d04c63	blt	x0,x13,80001182	  x0:0x00000000 x13:0x00000000  x0=0x00000000
       16479000	      8139	8000116e	0ff0000f	fence	iorwiorwiorwiorwiorwiorwiorwiorwiorwiorwiorwiorwiorwiorwiorwiorwiorw,iorwiorwiorwiorwiorwiorwiorwiorwiorwiorwiorwiorwiorwiorwiorwiorwiorwiorw	
       16501000	      8150	80001172	3403f5f3	csrrci	x11,mscratch,7	 x11=0xfffffffd
       16503000	      8151	80001176	6521	c.lui	x10,0x8	 x10=0x00008000
       16507000	      8153	80001178	0099eab3	or	x21,x19,x9	 x19:0x8001ee7c  x9:0xbdd82dda x21=0xbdd9effe
       16527000	      8163	8000117c	0001	c.addi	x0,0	  x0:0x00000000  x0=0x00000000
       16529000	      8164	8000117e	0863ef93	ori	x31,x7,134	  x7:0xffffffdd x31=0xffffffdf
       16551000	      8175	80001182	41335f33	sra	x30,x6,x19	  x6:0x00000000 x19:0x8001ee7c x30=0x00000000
       16553000	      8176	80001186	98fd	c.andi	x9,-1	  x9:0xbdd82dda  x9=0xbdd82dda
       16571000	      8185	80001188	00e5f663	bgeu	x11,x14,80001194	 x11:0xfffffffd x14:0x0001ffdd  x0=0x00000000
       16593000	      8196	8000118c	0001	c.addi	x0,0	  x0:0x00000000  x0=0x00000000
       16595000	      8197	8000118e	6209	c.lui	x4,0x2	  x4=0x00002000
       16597000	      8198	80001190	34007b73	csrrci	x22,mscratch,0	 x22=0xfffffff8
       16603000	      8201	80001194	1300	c.addi4spn	x8,x2,416	  x8=0x0000017d
       16605000	      8202	80001196	81bd	c.srli	x11,0xf	 x11:0xfffffffd x11=0x0001ffff
       16649000	      8224	80001198	0008e563	bltu	x17,x0,800011a2	 x17:0x00000000  x0:0x00000000  x0=0x00000000
       16657000	      8228	8000119c	5b7d	c.li	x22,-1	 x22=0xffffffff
       16665000	      8232	8000119e	02746863	bltu	x8,x7,800011ce	  x8:0x0000017d  x7:0xffffffdd  x0=0x00000000
       16709000	      8254	800011ce	27284713	xori	x14,x16,626	 x16:0xe1d82dda x14=0xe1d82fa8
       16711000	      8255	800011d2	6d8d	c.lui	x27,0x3	 x27=0x00003000
       16727000	      8263	800011d4	01cfd963	bge	x31,x28,800011e6	 x31:0xffffffdf x28:0x00000000  x0=0x00000000
       16729000	      8264	800011d8	22b83113	sltiu	x2,x16,555	 x16:0xe1d82dda  x2=0x00000000
       16739000	      8269	800011dc	40d28033	sub	x0,x5,x13	  x5:0x8001add4 x13:0x00000000  x0=0x00000000
       16777000	      8288	800011e0	c415	c.beqz	x8,8000120c	  x8:0x0000017d
       16791000	      8295	800011e2	02c22233	mulhsu	x4,x4,x12	  x4:0x00002000 x12:0xffffffdd  x4=0x00001fff
       16797000	      8298	800011e6	04c38363	beq	x7,x12,8000122c	  x7:0xffffffdd x12:0xffffffdd  x0=0x00000000
       16857000	      8328	8000122c	34076873	csrrsi	x16,mscratch,14	 x16=0xfffffff8
       16883000	      8341	80001230	866d	c.srai	x12,0x1b	 x12:0xffffffdd x12=0xffffffff
       16885000	      8342	80001232	00163433	sltu	x8,x12,x1	 x12:0xffffffff  x1:0x0000c000  x8=0x00000000
       16887000	      8343	80001236	6b5d	c.lui	x22,0x17	 x22=0x00017000
       16927000	      8363	80001238	ff238237	lui	x4,0xff238	  x4=0xff238000
       16929000	      8364	8000123c	1598	c.addi4spn	x14,x2,736	 x14=0x000002e0
       16935000	      8367	8000123e	02680e33	mul	x28,x16,x6	 x16:0xfffffff8  x6:0x00000000 x28=0x00000000
       16937000	      8368	80001242	8ced	c.and	x9,x11	  x9:0xbdd82dda x11:0x0001ffff  x9=0x00002dda
       16951000	      8375	80001244	007abcb3	sltu	x25,x21,x7	 x21:0xbdd9effe  x7:0xffffffdd x25=0x00000001
       17013000	      8406	80001248	0001	c.addi	x0,0	  x0:0x00000000  x0=0x00000000
       17015000	      8407	8000124a	0f2d	c.addi	x30,11	 x30:0x00000000 x30=0x0000000b
       17017000	      8408	8000124c	8de1	c.and	x11,x8	 x11:0x0001ffff  x8:0x00000000 x11=0x00000000
       17031000	      8415	8000124e	002c9ab3	sll	x21,x25,x2	 x25:0x00000001  x2:0x00000000 x21=0x00000001
       17039000	      8419	80001252	034913b3	mulh	x7,x18,x20	 x18:0x00000000 x20:0xfffffda6  x7=0x00000000
       17041000	      8420	80001256	01a1f0b3	and	x1,x3,x26	  x3:0x00000000 x26:0x0c000000  x1=0x00000000
       17053000	      8426	8000125a	c0936693	ori	x13,x6,-1015	  x6:0x00000000 x13=0xfffffc09
       17055000	      8427	8000125e	05897363	bgeu	x18,x24,800012a4	 x18:0x00000000 x24:0x00000010  x0=0x00000000
       17077000	      8438	80001262	3408fff3	csrrci	x31,mscratch,17	 x31=0xfffffffe
       17099000	      8449	80001266	c5918b93	addi	x23,x3,-935	  x3:0x00000000 x23=0xfffffc59
       17101000	      8450	8000126a	00aa03b3	add	x7,x20,x10	 x20:0xfffffda6 x10:0x00008000  x7=0x00007da6
       17109000	      8454	8000126e	00ea6f63	bltu	x20,x14,8000128c	 x20:0xfffffda6 x14:0x000002e0  x0=0x00000000
       17111000	      8455	80001272	8ee1	c.and	x13,x8	 x13:0xfffffc09  x8:0x00000000 x13=0x00000000
       17113000	      8456	80001274	340bd773	csrrwi	x14,mscratch,23	 x14=0xffffffee
       17145000	      8472	80001278	8b85	c.andi	x15,1	 x15:0xffffffff x15=0x00000001
       17147000	      8473	8000127a	00038c93	addi	x25,x7,0	  x7:0x00007da6 x25=0x00007da6
       17209000	      8504	8000127e	04758163	beq	x11,x7,800012c0	 x11:0x00000000  x7:0x00007da6  x0=0x00000000
       17215000	      8507	80001282	03f088b3	mul	x17,x1,x31	  x1:0x00000000 x31:0xfffffffe x17=0x00000000
       17271000	      8535	80001286	f7d14f13	xori	x30,x2,-131	  x2:0x00000000 x30=0xffffff7d
       17273000	      8536	8000128a	8e09	c.sub	x12,x10	 x12:0xffffffff x10:0x00008000 x12=0xffff7fff
       17275000	      8537	8000128c	3409e5f3	csrrsi	x11,mscratch,19	 x11=0x00000017
       17301000	      8550	80001290	8d4d	c.or	x10,x11	 x10:0x00008000 x11:0x00000017 x10=0x00008017
       17303000	      8551	80001292	008c	c.addi4spn	x11,x2,64	 x11=0x00000040
       17329000	      8564	80001294	02ad8cb3	mul	x25,x27,x10	 x27:0x00003000 x10:0x00008017 x25=0x18045000
       17423000	      8611	80001298	0387e8b3	rem	x17,x15,x24	 x15:0x00000001 x24:0x00000010 x17=0x00000001
       17425000	      8612	8000129c	01ac6633	or	x12,x24,x26	 x24:0x00000010 x26:0x0c000000 x12=0x0c000010
       17427000	      8613	800012a0	03231c63	bne	x6,x18,800012d8	  x6:0x00000000 x18:0x00000000  x0=0x00000000
       17429000	      8614	800012a4	40e2d0b3	sra	x1,x5,x14	  x5:0x8001add4 x14:0xffffffee  x1=0xfffe0006
       17441000	      8620	800012a8	0321ad33	mulhsu	x26,x3,x18	  x3:0x00000000 x18:0x00000000 x26=0x00000000
       17443000	      8621	800012ac	0880	c.addi4spn	x8,x2,80	  x8=0x00000050
       17485000	      8642	800012ae	00bc5d63	bge	x24,x11,800012c8	 x24:0x00000010 x11:0x00000040  x0=0x00000000
       17487000	      8643	800012b2	34036cf3	csrrsi	x25,mscratch,6	 x25=0x00000017
       17489000	      8644	800012b6	4121d513	srai	x10,x3,0x12	  x3:0x00000000 x10=0x00000000
       17491000	      8645	800012ba	8eb5	c.xor	x13,x13	 x13:0x00000000 x13:0x00000000 x13=0x00000000
       17511000	      8655	800012bc	c134c913	xori	x18,x9,-1005	  x9:0x00002dda x18=0xffffd1c9
       17541000	      8670	800012c0	340bb4f3	csrrc	x9,mscratch,x23	 x23:0xfffffc59  x9=0x00000017
       17551000	      8675	800012c4	3403fdf3	csrrci	x27,mscratch,7	 x27=0x00000006
       17559000	      8679	800012c8	013806b3	add	x13,x16,x19	 x16:0xfffffff8 x19:0x8001ee7c x13=0x8001ee74
       17637000	      8718	800012cc	027473b3	remu	x7,x8,x7	  x8:0x00000050  x7:0x00007da6  x7=0x00000050
       17639000	      8719	800012d0	26823d93	sltiu	x27,x4,616	  x4:0xff238000 x27=0x00000000
       17713000	      8756	800012d4	03f848b3	div	x17,x16,x31	 x16:0xfffffff8 x31:0xfffffffe x17=0x00000004
       17715000	      8757	800012d8	987d	c.andi	x8,-1	  x8:0x00000050  x8=0x00000050
       17717000	      8758	800012da	3404faf3	csrrci	x21,mscratch,9	 x21=0x00000000
       17721000	      8760	800012de	e68d	c.bnez	x13,80001308	 x13:0x8001ee74
       17771000	      8785	80001308	9b7d	c.andi	x14,-1	 x14:0xffffffee x14=0xffffffee
       17773000	      8786	8000130a	403a8d33	sub	x26,x21,x3	 x21:0x00000000  x3:0x00000000 x26=0x00000000
       17775000	      8787	8000130e	0001	c.addi	x0,0	  x0:0x00000000  x0=0x00000000
       17791000	      8795	80001310	5c7d	c.li	x24,-1	 x24=0xffffffff
       17811000	      8805	80001312	34049873	csrrw	x16,mscratch,x9	  x9:0x00000017 x16=0x00000000
       17853000	      8826	80001316	c739e113	ori	x2,x19,-909	 x19:0x8001ee7c  x2=0xfffffe7f
       17879000	      8839	8000131a	0160ff33	and	x30,x1,x22	  x1:0xfffe0006 x22:0x00017000 x30=0x00000000
       17887000	      8843	8000131e	039098b3	mulh	x17,x1,x25	  x1:0xfffe0006 x25:0x00000017 x17=0xffffffff
       17937000	      8868	80001322	01b60f33	add	x30,x12,x27	 x12:0x0c000010 x27:0x00000000 x30=0x0c000010
       17939000	      8869	80001326	0391	c.addi	x7,4	  x7:0x00000050  x7=0x00000054
       17941000	      8870	80001328	4100dc13	srai	x24,x1,0x10	  x1:0xfffe0006 x24=0xfffffffe
       17945000	      8872	8000132c	e79d	c.bnez	x15,8000135a	 x15:0x00000001
       17999000	      8899	8000135a	56fd	c.li	x13,-1	 x13=0xffffffff
       18115000	      8957	8000135c	03f27033	remu	x0,x4,x31	  x4:0xff238000 x31:0xfffffffe  x0=0x00000000
       18117000	      8958	80001360	0049f933	and	x18,x19,x4	 x19:0x8001ee7c  x4:0xff238000 x18=0x80018000
       18119000	      8959	80001364	0ff0000f	fence	iorwiorwiorwiorwiorwiorwiorwiorwiorwiorwiorwiorwiorwiorwiorwiorwiorwiorwiorw,iorwiorwiorwiorwiorwiorwiorwiorwiorwiorwiorwiorwiorwiorwiorwiorwiorwiorwiorwiorw	
       18125000	      8962	80001368	0001	c.addi	x0,0	  x0:0x00000000  x0=0x00000000
       18127000	      8963	8000136a	d3ebfa93	andi	x21,x23,-706	 x23:0xfffffc59 x21=0xfffffc18
       18149000	      8974	8000136e	01bdaeb3	slt	x29,x27,x27	 x27:0x00000000 x27:0x00000000 x29=0x00000000
       18151000	      8975	80001372	0176ffb3	and	x31,x13,x23	 x13:0xffffffff x23:0xfffffc59 x31=0xfffffc59
       18173000	      8986	80001376	c17f4393	xori	x7,x30,-1001	 x30:0x0c000010  x7=0xf3fffc07
       18175000	      8987	8000137a	1298	c.addi4spn	x14,x2,352	 x14=0xffffffdf
       18197000	      8998	8000137c	696d	c.lui	x18,0x1b	 x18=0x0001b000
       18219000	      9009	8000137e	010f2033	slt	x0,x30,x16	 x30:0x0c000010 x16:0x00000000  x0=0x00000000
       18221000	      9010	80001382	0001	c.addi	x0,0	  x0:0x00000000  x0=0x00000000
       18233000	      9016	80001384	01f6d433	srl	x8,x13,x31	 x13:0xffffffff x31:0xfffffc59  x8=0x0000007f
       18267000	      9033	80001388	c0a9	c.beqz	x9,800013ca	  x9:0x00000017
       18271000	      9035	8000138a	cf437093	andi	x1,x6,-780	  x6:0x00000000  x1=0x00000000
       18279000	      9039	8000138e	f3a15117	auipc	x2,0xf3a15	  x2=0x73a1638e
       18281000	      9040	80001392	7f3f5017	auipc	x0,0x7f3f5	  x0=0x00000000
       18313000	      9056	80001396	00924263	blt	x4,x9,8000139a	  x4:0xff238000  x9:0x00000017  x0=0x00000000
       18395000	      9097	8000139a	410f8b33	sub	x22,x31,x16	 x31:0xfffffc59 x16:0x00000000 x22=0xfffffc59
       18411000	      9105	8000139e	401f5593	srai	x11,x30,0x1	 x30:0x0c000010 x11=0x06000008
       18413000	      9106	800013a2	8e55	c.or	x12,x13	 x12:0x0c000010 x13:0xffffffff x12=0xffffffff
       18459000	      9129	800013a4	c329	c.beqz	x14,800013e6	 x14:0xffffffdf
       18495000	      9147	800013a6	015ed233	srl	x4,x29,x21	 x29:0x00000000 x21:0xfffffc18  x4=0x00000000
       18497000	      9148	800013aa	e644ee13	ori	x28,x9,-412	  x9:0x00000017 x28=0xfffffe77
       18593000	      9196	800013ae	02e17db3	remu	x27,x2,x14	  x2:0x73a1638e x14:0xffffffdf x27=0x73a1638e
       18595000	      9197	800013b2	340b68f3	csrrsi	x17,mscratch,22	 x17=0x00000017
       18597000	      9198	800013b6	01414d33	xor	x26,x2,x20	  x2:0x73a1638e x20:0xfffffda6 x26=0x8c5e9e28
       18611000	      9205	800013ba	d5c4a793	slti	x15,x9,-676	  x9:0x00000017 x15=0x00000000
       18651000	      9225	800013be	0142dc93	srli	x25,x5,0x14	  x5:0x8001add4 x25=0x00000800
       18661000	      9230	800013c2	00565b33	srl	x22,x12,x5	 x12:0xffffffff  x5:0x8001add4 x22=0x00000fff
       18735000	      9267	800013c6	03185bb3	divu	x23,x16,x17	 x16:0x00000000 x17:0x00000017 x23=0x00000000
       18739000	      9269	800013ca	03039163	bne	x7,x16,800013ec	  x7:0xf3fffc07 x16:0x00000000  x0=0x00000000
       18751000	      9275	800013ec	0001	c.addi	x0,0	  x0:0x00000000  x0=0x00000000
       18765000	      9282	800013ee	01c53b33	sltu	x22,x10,x28	 x10:0x00000000 x28:0xfffffe77 x22=0x00000001
       18813000	      9306	800013f2	02a72fb3	mulhsu	x31,x14,x10	 x14:0xffffffdf x10:0x00000000 x31=0x00000000
       18815000	      9307	800013f6	ce1aa913	slti	x18,x21,-799	 x21:0xfffffc18 x18=0x00000001
       18853000	      9326	800013fa	41ff56b3	sra	x13,x30,x31	 x30:0x0c000010 x31:0x00000000 x13=0x0c000010
       18889000	      9344	800013fe	3de42493	slti	x9,x8,990	  x8:0x0000007f  x9=0x00000001
       18891000	      9345	80001402	8cc5	c.or	x9,x9	  x9:0x00000001  x9:0x00000001  x9=0x00000001
       18893000	      9346	80001404	0101a933	slt	x18,x3,x16	  x3:0x00000000 x16:0x00000000 x18=0x00000000
       18913000	      9356	80001408	8476	c.mv	x8,x29	  x0:0x00000000 x29:0x00000000  x8=0x00000000
       18935000	      9367	8000140a	004c6263	bltu	x24,x4,8000140e	 x24:0xfffffffe  x4:0x00000000  x0=0x00000000
       18957000	      9378	8000140e	32874813	xori	x16,x14,808	 x14:0xffffffdf x16=0xfffffcf7
       18979000	      9389	80001412	0451f163	bgeu	x3,x5,80001454	  x3:0x00000000  x5:0x8001add4  x0=0x00000000
       18981000	      9390	80001416	1800	c.addi4spn	x8,x2,48	  x8=0x73a163be
       19001000	      9400	80001418	9ffe	c.add	x31,x31	 x31:0x00000000 x31:0x00000000 x31=0x00000000
       19003000	      9401	8000141a	0001	c.addi	x0,0	  x0:0x00000000  x0=0x00000000
       19005000	      9402	8000141c	2d938693	addi	x13,x7,729	  x7:0xf3fffc07 x13=0xf3fffee0
       19031000	      9415	80001420	02281733	mulh	x14,x16,x2	 x16:0xfffffcf7  x2:0x73a1638e x14=0xfffffea1
       19043000	      9421	80001424	010d5563	bge	x26,x16,8000142e	 x26:0x8c5e9e28 x16:0xfffffcf7  x0=0x00000000
       19065000	      9432	80001428	86cd	c.srai	x13,0x13	 x13:0xf3fffee0 x13=0xfffffe7f
       19099000	      9449	8000142a	fa998c93	addi	x25,x19,-87	 x19:0x8001ee7c x25=0x8001ee25
       19101000	      9450	8000142e	340326f3	csrrs	x13,mscratch,x6	  x6:0x00000000 x13=0x00000017
       19139000	      9469	80001432	e2efe493	ori	x9,x31,-466	 x31:0x00000000  x9=0xfffffe2e
       19213000	      9506	80001436	03365a33	divu	x20,x12,x19	 x12:0xffffffff x19:0x8001ee7c x20=0x00000001
       19215000	      9507	8000143a	34075cf3	csrrwi	x25,mscratch,14	 x25=0x00000017
       19217000	      9508	8000143e	9c2a	c.add	x24,x10	 x24:0xfffffffe x10:0x00000000 x24=0xfffffffe
       19219000	      9509	80001440	0198	c.addi4spn	x14,x2,192	 x14=0x73a1644e
       19225000	      9512	80001442	00278a63	beq	x15,x2,80001456	 x15:0x00000000  x2:0x73a1638e  x0=0x00000000
       19227000	      9513	80001446	1200	c.addi4spn	x8,x2,288	  x8=0x73a164ae
       19269000	      9534	80001448	00710d63	beq	x2,x7,80001462	  x2:0x73a1638e  x7:0xf3fffc07  x0=0x00000000
       19273000	      9536	8000144c	032e1663	bne	x28,x18,80001478	 x28:0xfffffe77 x18:0x00000000  x0=0x00000000
       19323000	      9561	80001478	0cc1	c.addi	x25,16	 x25:0x00000017 x25=0x00000027
       19325000	      9562	8000147a	717d	c.addi16sp	x2,-16	  x2:0x73a1638e  x2=0x73a1637e
       19345000	      9572	8000147c	8d0d	c.sub	x10,x11	 x10:0x00000000 x11:0x06000008 x10=0xf9fffff8
       19401000	      9600	8000147e	01064863	blt	x12,x16,8000148e	 x12:0xffffffff x16:0xfffffcf7  x0=0x00000000
       19443000	      9621	80001482	40de5413	srai	x8,x28,0xd	 x28:0xfffffe77  x8=0xffffffff
       19467000	      9633	80001486	037c35b3	mulhu	x11,x24,x23	 x24:0xfffffffe x23:0x00000000 x11=0x00000000
       19469000	      9634	8000148a	340557f3	csrrwi	x15,mscratch,10	 x15=0x0000000e
       19471000	      9635	8000148e	00485463	bge	x16,x4,80001496	 x16:0xfffffcf7  x4:0x00000000  x0=0x00000000
       19475000	      9637	80001492	f5996717	auipc	x14,0xf5996	 x14=0x75997492
       19495000	      9647	80001496	340a2df3	csrrs	x27,mscratch,x20	 x20:0x00000001 x27=0x0000000a
       19497000	      9648	8000149a	26674b93	xori	x23,x14,614	 x14:0x75997492 x23=0x759976f4
       19501000	      9650	8000149e	013063b3	or	x7,x0,x19	  x0:0x00000000 x19:0x8001ee7c  x7=0x8001ee7c
       19525000	      9662	800014a2	01003db3	sltu	x27,x0,x16	  x0:0x00000000 x16:0xfffffcf7 x27=0x00000001
       19527000	      9663	800014a6	fe60a897	auipc	x17,0xfe60a	 x17=0x7e60b4a6
       19555000	      9677	800014aa	012a3bb3	sltu	x23,x20,x18	 x20:0x00000001 x18:0x00000000 x23=0x00000000
       19581000	      9690	800014ae	db3c2db7	lui	x27,0xdb3c2	 x27=0xdb3c2000
       19583000	      9691	800014b2	0d9e	c.slli	x27,0x7	 x27:0xdb3c2000 x27=0x9e100000
       19585000	      9692	800014b4	39b07813	andi	x16,x0,923	  x0:0x00000000 x16=0x00000000
       19587000	      9693	800014b8	01d804b3	add	x9,x16,x29	 x16:0x00000000 x29:0x00000000  x9=0x00000000
       19589000	      9694	800014bc	0d55	c.addi	x26,21	 x26:0x8c5e9e28 x26=0x8c5e9e3d
       19607000	      9703	800014be	0ff0000f	fence	iorwiorwiorwiorwiorwiorwiorwiorwiorwiorwiorwiorwiorwiorwiorwiorwiorwiorwiorwiorwiorw,iorwiorwiorwiorwiorwiorwiorwiorwiorwiorwiorwiorwiorwiorwiorwiorwiorwiorwiorwiorwiorwiorw	
       19627000	      9713	800014c2	05dac063	blt	x21,x29,80001502	 x21:0xfffffc18 x29:0x00000000  x0=0x00000000
       19717000	      9758	80001502	4103dc33	sra	x24,x7,x16	  x7:0x8001ee7c x16:0x00000000 x24=0x8001ee7c
       19735000	      9767	80001506	0e2b7c13	andi	x24,x22,226	 x22:0x00000001 x24=0x00000000
       19737000	      9768	8000150a	dc546493	ori	x9,x8,-571	  x8:0xffffffff  x9=0xffffffff
       19739000	      9769	8000150e	0001	c.addi	x0,0	  x0:0x00000000  x0=0x00000000
       19741000	      9770	80001510	3403e8f3	csrrsi	x17,mscratch,7	 x17=0x0000000b
       19819000	      9809	80001514	02cd71b3	remu	x3,x26,x12	 x26:0x8c5e9e3d x12:0xffffffff  x3=0x8c5e9e3d
       19821000	      9810	80001518	8d19	c.sub	x10,x14	 x10:0xf9fffff8 x14:0x75997492 x10=0x84668b66
       19823000	      9811	8000151a	02a9d363	bge	x19,x10,80001540	 x19:0x8001ee7c x10:0x84668b66  x0=0x00000000
       19825000	      9812	8000151e	0ff0000f	fence	iorwiorwiorwiorwiorwiorwiorwiorwiorwiorwiorwiorwiorwiorwiorwiorwiorwiorwiorwiorwiorwiorwiorw,iorwiorwiorwiorwiorwiorwiorwiorwiorwiorwiorwiorwiorwiorwiorwiorwiorwiorwiorwiorwiorwiorwiorwiorw	
       19827000	      9813	80001522	872d	c.srai	x14,0xb	 x14:0x75997492 x14=0x000eb32e
       19831000	      9815	80001524	0001	c.addi	x0,0	  x0:0x00000000  x0=0x00000000
       19833000	      9816	80001526	1280	c.addi4spn	x8,x2,352	  x8=0x73a164de
       19835000	      9817	80001528	01c88d33	add	x26,x17,x28	 x17:0x0000000b x28:0xfffffe77 x26=0xfffffe82
       19855000	      9827	8000152c	340174f3	csrrci	x9,mscratch,2	  x9=0x0000000f
       19869000	      9834	80001530	02394863	blt	x18,x3,80001560	 x18:0x00000000  x3:0x8c5e9e3d  x0=0x00000000
       19901000	      9850	80001534	020de563	bltu	x27,x0,8000155e	 x27:0x9e100000  x0:0x00000000  x0=0x00000000
       19943000	      9871	80001538	0b19	c.addi	x22,6	 x22:0x00000001 x22=0x00000007
       19951000	      9875	8000153a	ee613793	sltiu	x15,x2,-282	  x2:0x73a1637e x15=0x00000001
       19953000	      9876	8000153e	8756	c.mv	x14,x21	  x0:0x00000000 x21:0xfffffc18 x14=0xfffffc18
       19967000	      9883	80001540	098b3013	sltiu	x0,x22,152	 x22:0x00000007  x0=0x00000000
       19969000	      9884	80001544	01792db3	slt	x27,x18,x23	 x18:0x00000000 x23:0x00000000 x27=0x00000000
       19987000	      9893	80001548	01de9d93	slli	x27,x29,0x1d	 x29:0x00000000 x27=0x00000000
       20033000	      9916	8000154c	02840933	mul	x18,x8,x8	  x8:0x73a164de  x8:0x73a164de x18=0x7afa3084
       20035000	      9917	80001550	00633d93	sltiu	x27,x6,6	  x6:0x00000000 x27=0x00000001
       20053000	      9926	80001554	97fe	c.add	x15,x31	 x15:0x00000001 x31:0x00000000 x15=0x00000001
       20055000	      9927	80001556	8c21	c.xor	x8,x8	  x8:0x73a164de  x8:0x73a164de  x8=0x00000000
       20061000	      9930	80001558	013db7b3	sltu	x15,x27,x19	 x27:0x00000001 x19:0x8001ee7c x15=0x00000001
       20063000	      9931	8000155c	0c35	c.addi	x24,13	 x24:0x00000000 x24=0x0000000d
       20065000	      9932	8000155e	717d	c.addi16sp	x2,-16	  x2:0x73a1637e  x2=0x73a1636e
       20083000	      9941	80001560	8d65	c.and	x10,x9	 x10:0x84668b66  x9:0x0000000f x10=0x00000006
       20085000	      9942	80001562	41265a33	sra	x20,x12,x18	 x12:0xffffffff x18:0x7afa3084 x20=0xffffffff
       20121000	      9960	80001566	41745a93	srai	x21,x8,0x17	  x8:0x00000000 x21=0x00000000
       20129000	      9964	8000156a	00f56733	or	x14,x10,x15	 x10:0x00000006 x15:0x00000001 x14=0x00000007
       20131000	      9965	8000156e	05dce263	bltu	x25,x29,800015b2	 x25:0x00000027 x29:0x00000000  x0=0x00000000
       20153000	      9976	80001572	011c5733	srl	x14,x24,x17	 x24:0x0000000d x17:0x0000000b x14=0x00000000
       20193000	      9996	80001576	0007cc63	blt	x15,x0,8000158e	 x15:0x00000001  x0:0x00000000  x0=0x00000000
       20195000	      9997	8000157a	8d15	c.sub	x10,x13	 x10:0x00000006 x13:0x00000017 x10=0xffffffef
       20307000	     10053	8000157c	033cc533	div	x10,x25,x19	 x25:0x00000027 x19:0x8001ee7c x10=0x00000000
       20309000	     10054	80001580	8f3d	c.xor	x14,x15	 x14:0x00000000 x15:0x00000001 x14=0x00000001
       20311000	     10055	80001582	3408a773	csrrs	x14,mscratch,x17	 x17:0x0000000b x14=0x0000000d
       20327000	     10063	80001586	1c897a13	andi	x20,x18,456	 x18:0x7afa3084 x20=0x00000080
       20369000	     10084	8000158a	02fe0663	beq	x28,x15,800015b6	 x28:0xfffffe77 x15:0x00000001  x0=0x00000000
       20381000	     10090	8000158e	02437133	remu	x2,x6,x4	  x6:0x00000000  x4:0x00000000  x2=0x00000000
       20383000	     10091	80001592	ce19	c.beqz	x12,800015b0	 x12:0xffffffff
       20423000	     10111	80001594	340ab973	csrrc	x18,mscratch,x21	 x21:0x00000000 x18=0x0000000f
       20425000	     10112	80001598	9e28b6b7	lui	x13,0x9e28b	 x13=0x9e28b000
       20463000	     10131	8000159c	00dff233	and	x4,x31,x13	 x31:0x00000000 x13:0x9e28b000  x4=0x00000000
       20465000	     10132	800015a0	3403fff3	csrrci	x31,mscratch,7	 x31=0x0000000f
       20471000	     10135	800015a4	c41bce93	xori	x29,x23,-959	 x23:0x00000000 x29=0xfffffc41
       20489000	     10144	800015a8	0001	c.addi	x0,0	  x0:0x00000000  x0=0x00000000
       20497000	     10148	800015aa	00b99693	slli	x13,x19,0xb	 x19:0x8001ee7c x13=0x0f73e000
       20499000	     10149	800015ae	84d5	c.srai	x9,0x15	  x9:0x0000000f  x9=0x00000000
       20511000	     10155	800015b0	0001	c.addi	x0,0	  x0:0x00000000  x0=0x00000000
       20535000	     10167	800015b2	030ffa33	remu	x20,x31,x16	 x31:0x0000000f x16:0x00000000 x20=0x0000000f
       20583000	     10191	800015b6	012a84b3	add	x9,x21,x18	 x21:0x00000000 x18:0x0000000f  x9=0x0000000f
       20611000	     10205	800015ba	00a321b3	slt	x3,x6,x10	  x6:0x00000000 x10:0x00000000  x3=0x00000000
       20629000	     10214	800015be	03bd8b63	beq	x27,x27,800015f4	 x27:0x00000001 x27:0x00000001  x0=0x00000000
       20651000	     10225	800015f4	8c72	c.mv	x24,x28	  x0:0x00000000 x28:0xfffffe77 x24=0xfffffe77
       20659000	     10229	800015f6	34072673	csrrs	x12,mscratch,x14	 x14:0x0000000d x12=0x00000008
       20679000	     10239	800015fa	02c07963	bgeu	x0,x12,8000162c	  x0:0x00000000 x12:0x00000008  x0=0x00000000
       20699000	     10249	800015fe	03054263	blt	x10,x16,80001622	 x10:0x00000000 x16:0x00000000  x0=0x00000000
       20707000	     10253	80001602	0009f433	and	x8,x19,x0	 x19:0x8001ee7c  x0:0x00000000  x8=0x00000000
       20709000	     10254	80001606	cf89	c.beqz	x15,80001620	 x15:0x00000001
       20763000	     10281	80001608	0001	c.addi	x0,0	  x0:0x00000000  x0=0x00000000
       20765000	     10282	8000160a	8dc9	c.or	x11,x10	 x11:0x00000000 x10:0x00000000 x11=0x00000000
       20805000	     10302	8000160c	8c12	c.mv	x24,x4	  x0:0x00000000  x4:0x00000000 x24=0x00000000
       20807000	     10303	8000160e	8f11	c.sub	x14,x12	 x14:0x0000000d x12:0x00000008 x14=0x00000005
       20809000	     10304	80001610	340ba773	csrrs	x14,mscratch,x23	 x23:0x00000000 x14=0x0000000d
       20839000	     10319	80001614	c8beac93	slti	x25,x29,-885	 x29:0xfffffc41 x25=0x00000001
       20843000	     10321	80001618	197d	c.addi	x18,-1	 x18:0x0000000f x18=0x0000000e
       20845000	     10322	8000161a	8b6a	c.mv	x22,x26	  x0:0x00000000 x26:0xfffffe82 x22=0xfffffe82
       20883000	     10341	8000161c	01edd7b3	srl	x15,x27,x30	 x27:0x00000001 x30:0x0c000010 x15=0x00000000
       20925000	     10362	80001620	6e49	c.lui	x28,0x12	 x28=0x00012000
       20927000	     10363	80001622	8f61	c.and	x14,x8	 x14:0x0000000d  x8:0x00000000 x14=0x00000000
       20931000	     10365	80001624	022cc233	div	x4,x25,x2	 x25:0x00000001  x2:0x00000000  x4=0xffffffff
       20949000	     10374	80001628	029ec063	blt	x29,x9,80001648	 x29:0xfffffc41  x9:0x0000000f  x0=0x00000000
       20999000	     10399	80001648	0202d6b3	divu	x13,x5,x0	  x5:0x8001add4  x0:0x00000000 x13=0xffffffff
       21001000	     10400	8000164c	00ee9b13	slli	x22,x29,0xe	 x29:0xfffffc41 x22=0xff104000
       21009000	     10404	80001650	340a6ff3	csrrsi	x31,mscratch,20	 x31=0x0000000d
       21019000	     10409	80001654	02cf4963	blt	x30,x12,80001686	 x30:0x0c000010 x12:0x00000008  x0=0x00000000
       21021000	     10410	80001658	039a4f63	blt	x20,x25,80001696	 x20:0x0000000f x25:0x00000001  x0=0x00000000
       21037000	     10418	8000165c	f02a6f93	ori	x31,x20,-254	 x20:0x0000000f x31=0xffffff0f
       21039000	     10419	80001660	664d	c.lui	x12,0x13	 x12=0x00013000
       21051000	     10425	80001662	01ead513	srli	x10,x21,0x1e	 x21:0x00000000 x10=0x00000000
       21053000	     10426	80001666	00f1dfb3	srl	x31,x3,x15	  x3:0x00000000 x15:0x00000000 x31=0x00000000
       21075000	     10437	8000166a	ccdffa13	andi	x20,x31,-819	 x31:0x00000000 x20=0x00000000
       21117000	     10458	8000166e	03549c33	mulh	x24,x9,x21	  x9:0x0000000f x21:0x00000000 x24=0x00000000
       21127000	     10463	80001672	01944733	xor	x14,x8,x25	  x8:0x00000000 x25:0x00000001 x14=0x00000001
       21207000	     10503	80001676	02e86433	rem	x8,x16,x14	 x16:0x00000000 x14:0x00000001  x8=0x00000000
       21209000	     10504	8000167a	34037c73	csrrci	x24,mscratch,6	 x24=0x0000001d
       21211000	     10505	8000167e	00719433	sll	x8,x3,x7	  x3:0x00000000  x7:0x8001ee7c  x8=0x00000000
       21307000	     10553	80001682	03cff933	remu	x18,x31,x28	 x31:0x00000000 x28:0x00012000 x18=0x00000000
       21309000	     10554	80001686	1e0c	c.addi4spn	x11,x2,816	 x11=0x00000330
       21311000	     10555	80001688	340517f3	csrrw	x15,mscratch,x10	 x10:0x00000000 x15=0x00000019
       21313000	     10556	8000168c	8395	c.srli	x15,0x5	 x15:0x00000019 x15=0x00000000
       21315000	     10557	8000168e	ff81eb13	ori	x22,x3,-8	  x3:0x00000000 x22=0xfffffff8
       21359000	     10579	80001692	03e80f33	mul	x30,x16,x30	 x16:0x00000000 x30:0x0c000010 x30=0x00000000
       21361000	     10580	80001696	8e85	c.sub	x13,x9	 x13:0xffffffff  x9:0x0000000f x13=0xfffffff0
       21363000	     10581	80001698	01069ab3	sll	x21,x13,x16	 x13:0xfffffff0 x16:0x00000000 x21=0xfffffff0
       21391000	     10595	8000169c	02901163	bne	x0,x9,800016be	  x0:0x00000000  x9:0x0000000f  x0=0x00000000
       21403000	     10601	800016be	ca05	c.beqz	x12,800016ee	 x12:0x00013000
       21405000	     10602	800016c0	009327b3	slt	x15,x6,x9	  x6:0x00000000  x9:0x0000000f x15=0x00000001
       21415000	     10607	800016c4	c2b1	c.beqz	x13,80001708	 x13:0xfffffff0
       21445000	     10622	800016c6	00ae4133	xor	x2,x28,x10	 x28:0x00012000 x10:0x00000000  x2=0x00012000
       21447000	     10623	800016ca	8d49	c.or	x10,x10	 x10:0x00000000 x10:0x00000000 x10=0x00000000
       21463000	     10631	800016cc	0188e0b3	or	x1,x17,x24	 x17:0x0000000b x24:0x0000001d  x1=0x0000001f
       21483000	     10641	800016d0	05ad	c.addi	x11,11	 x11:0x00000330 x11=0x0000033b
       21487000	     10643	800016d2	340fb273	csrrc	x4,mscratch,x31	 x31:0x00000000  x4=0x00000000
       21537000	     10668	800016d6	03a58d33	mul	x26,x11,x26	 x11:0x0000033b x26:0xfffffe82 x26=0xfffb2df6
       21539000	     10669	800016da	00a59a13	slli	x20,x11,0xa	 x11:0x0000033b x20=0x000cec00
       21585000	     10692	800016de	0ff0000f	fence	iorwiorwiorwiorwiorwiorwiorwiorwiorwiorwiorwiorwiorwiorwiorwiorwiorwiorwiorwiorwiorwiorwiorwiorwiorw,iorwiorwiorwiorwiorwiorwiorwiorwiorwiorwiorwiorwiorwiorwiorwiorwiorwiorwiorwiorwiorwiorwiorwiorwiorwiorw	
       21587000	     10693	800016e2	6ab9	c.lui	x21,0xe	 x21=0x0000e000
       21589000	     10694	800016e4	340930f3	csrrc	x1,mscratch,x18	 x18:0x00000000  x1=0x00000000
       21609000	     10704	800016e8	340fa573	csrrs	x10,mscratch,x31	 x31:0x00000000 x10=0x00000000
       21647000	     10723	800016ec	95ce	c.add	x11,x19	 x11:0x0000033b x19:0x8001ee7c x11=0x8001f1b7
       21765000	     10782	800016ee	02ecf0b3	remu	x1,x25,x14	 x25:0x00000001 x14:0x00000001  x1=0x00000000
       21767000	     10783	800016f2	03a98163	beq	x19,x26,80001714	 x19:0x8001ee7c x26:0xfffb2df6  x0=0x00000000
       21769000	     10784	800016f6	340c7ff3	csrrci	x31,mscratch,24	 x31=0x00000000
       21799000	     10799	800016fa	02e013b3	mulh	x7,x0,x14	  x0:0x00000000 x14:0x00000001  x7=0x00000000
       21809000	     10804	800016fe	e9cd6093	ori	x1,x26,-356	 x26:0xfffb2df6  x1=0xfffffffe
       21831000	     10815	80001702	0ff0000f	fence	iorwiorwiorwiorwiorwiorwiorwiorwiorwiorwiorwiorwiorwiorwiorwiorwiorwiorwiorwiorwiorwiorwiorwiorwiorwiorwiorw,iorwiorwiorwiorwiorwiorwiorwiorwiorwiorwiorwiorwiorwiorwiorwiorwiorwiorwiorwiorwiorwiorwiorwiorwiorwiorwiorwiorw	
       21833000	     10816	80001706	0588	c.addi4spn	x10,x2,704	 x10=0x000122c0
       21837000	     10818	80001708	016cb0b3	sltu	x1,x25,x22	 x25:0x00000001 x22:0xfffffff8  x1=0x00000001
       21841000	     10820	8000170c	0001	c.addi	x0,0	  x0:0x00000000  x0=0x00000000
       21843000	     10821	8000170e	0001	c.addi	x0,0	  x0:0x00000000  x0=0x00000000
       21853000	     10826	80001710	012de933	or	x18,x27,x18	 x27:0x00000001 x18:0x00000000 x18=0x00000001
       21875000	     10837	80001714	418f0db3	sub	x27,x30,x24	 x30:0x00000000 x24:0x0000001d x27=0xffffffe3
       21981000	     10890	80001718	03afc8b3	div	x17,x31,x26	 x31:0x00000000 x26:0xfffb2df6 x17=0x00000000
       21983000	     10891	8000171c	8da9	c.xor	x11,x10	 x11:0x8001f1b7 x10:0x000122c0 x11=0x8000d377
       21985000	     10892	8000171e	84f1	c.srai	x9,0x1c	  x9:0x0000000f  x9=0x00000000
       21989000	     10894	80001720	00885963	bge	x16,x8,80001732	 x16:0x00000000  x8:0x00000000  x0=0x00000000
       22011000	     10905	80001732	01c2	c.slli	x3,0x10	  x3:0x00000000  x3=0x00000000
       22121000	     10960	80001734	0397d7b3	divu	x15,x15,x25	 x15:0x00000001 x25:0x00000001 x15=0x00000001
       22123000	     10961	80001738	1a80	c.addi4spn	x8,x2,368	  x8=0x00012170
       22125000	     10962	8000173a	8afe	c.mv	x21,x31	  x0:0x00000000 x31:0x00000000 x21=0x00000000
       22127000	     10963	8000173c	0796	c.slli	x15,0x5	 x15:0x00000001 x15=0x00000020
       22149000	     10974	8000173e	c6737393	andi	x7,x6,-921	  x6:0x00000000  x7=0x00000000
       22193000	     10996	80001742	00d49663	bne	x9,x13,8000174e	  x9:0x00000000 x13:0xfffffff0  x0=0x00000000
       22243000	     11021	8000174e	1410	c.addi4spn	x12,x2,544	 x12=0x00012220
       22251000	     11025	80001750	0001	c.addi	x0,0	  x0:0x00000000  x0=0x00000000
       22253000	     11026	80001752	9f4e	c.add	x30,x19	 x30:0x00000000 x19:0x8001ee7c x30=0x8001ee7c
       22275000	     11037	80001754	340f5473	csrrwi	x8,mscratch,30	  x8=0x00000000
       22287000	     11043	80001758	013a20b3	slt	x1,x20,x19	 x20:0x000cec00 x19:0x8001ee7c  x1=0x00000000
       22289000	     11044	8000175c	8e81	c.sub	x13,x8	 x13:0xfffffff0  x8:0x00000000 x13=0xfffffff0
       22291000	     11045	8000175e	0052df13	srli	x30,x5,0x5	  x5:0x8001add4 x30=0x04000d6e
       22293000	     11046	80001762	0ff0000f	fence	iorwiorwiorwiorwiorwiorwiorwiorwiorwiorwiorwiorwiorwiorwiorwiorwiorwiorwiorwiorwiorwiorwiorwiorwiorwiorwiorwiorwiorw,iorwiorwiorwiorwiorwiorwiorwiorwiorwiorwiorwiorwiorwiorwiorwiorwiorwiorwiorwiorwiorwiorwiorwiorwiorwiorwiorwiorwiorwiorw	
       22295000	     11047	80001766	1e7d	c.addi	x28,-1	 x28:0x00012000 x28=0x00011fff
       22329000	     11064	80001768	c785	c.beqz	x15,80001790	 x15:0x00000020
       22331000	     11065	8000176a	00616633	or	x12,x2,x6	  x2:0x00012000  x6:0x00000000 x12=0x00012000
       22333000	     11066	8000176e	0001	c.addi	x0,0	  x0:0x00000000  x0=0x00000000
       22347000	     11073	80001770	916a	c.add	x2,x26	  x2:0x00012000 x26:0xfffb2df6  x2=0xfffc4df6
       22369000	     11084	80001772	e4b6bc93	sltiu	x25,x13,-437	 x13:0xfffffff0 x25=0x00000000
       22391000	     11095	80001776	08263393	sltiu	x7,x12,130	 x12:0x00012000  x7=0x00000000
       22419000	     11109	8000177a	3402f1f3	csrrci	x3,mscratch,5	  x3=0x0000001e
       22455000	     11127	8000177e	d326dfb7	lui	x31,0xd326d	 x31=0xd326d000
       22459000	     11129	80001782	24e3a413	slti	x8,x7,590	  x7:0x00000000  x8=0x00000001
       22515000	     11157	80001786	01781b63	bne	x16,x23,8000179c	 x16:0x00000000 x23:0x00000000  x0=0x00000000
       22517000	     11158	8000178a	87f9	c.srai	x15,0x1e	 x15:0x00000020 x15=0x00000000
       22519000	     11159	8000178c	cea63a13	sltiu	x20,x12,-790	 x12:0x00012000 x20=0x00000001
       22539000	     11169	80001790	0f22	c.slli	x30,0x8	 x30:0x04000d6e x30=0x000d6e00
       22559000	     11179	80001792	ebddd497	auipc	x9,0xebddd	  x9=0x6bdde792
       22561000	     11180	80001796	8c49	c.or	x8,x10	  x8:0x00000001 x10:0x000122c0  x8=0x000122c1
       22563000	     11181	80001798	cf85e113	ori	x2,x11,-776	 x11:0x8000d377  x2=0xffffffff
       22565000	     11182	8000179c	8da9	c.xor	x11,x10	 x11:0x8000d377 x10:0x000122c0 x11=0x8001f1b7
       22569000	     11184	8000179e	40775fb3	sra	x31,x14,x7	 x14:0x00000001  x7:0x00000000 x31=0x00000001
       22581000	     11190	800017a2	0ff0000f	fence	iorwiorwiorwiorwiorwiorwiorwiorwiorwiorwiorwiorwiorwiorwiorwiorwiorwiorwiorwiorwiorwiorwiorwiorwiorwiorwiorwiorwiorwiorwiorw,iorwiorwiorwiorwiorwiorwiorwiorwiorwiorwiorwiorwiorwiorwiorwiorwiorwiorwiorwiorwiorwiorwiorwiorwiorwiorwiorwiorwiorwiorwiorwiorw	
       22617000	     11208	800017a6	0300dfb3	divu	x31,x1,x16	  x1:0x00000000 x16:0x00000000 x31=0xffffffff
       22619000	     11209	800017aa	50fd	c.li	x1,-1	  x1=0xffffffff
       22621000	     11210	800017ac	00d13f33	sltu	x30,x2,x13	  x2:0xffffffff x13:0xfffffff0 x30=0x00000000
       22651000	     11225	800017b0	039fcab3	div	x21,x31,x25	 x31:0xffffffff x25:0x00000000 x21=0xffffffff
       22661000	     11230	800017b4	0001	c.addi	x0,0	  x0:0x00000000  x0=0x00000000
       22683000	     11241	800017b6	4068d013	srai	x0,x17,0x6	 x17:0x00000000  x0=0x00000000
       22685000	     11242	800017ba	34096c73	csrrsi	x24,mscratch,18	 x24=0x0000001a
       22697000	     11248	800017be	00219cb3	sll	x25,x3,x2	  x3:0x0000001e  x2:0xffffffff x25=0x00000000
       22699000	     11249	800017c2	34037a73	csrrci	x20,mscratch,6	 x20=0x0000001a
       22701000	     11250	800017c6	01c94e33	xor	x28,x18,x28	 x18:0x00000001 x28:0x00011fff x28=0x00011ffe
       22723000	     11261	800017ca	41d807b3	sub	x15,x16,x29	 x16:0x00000000 x29:0xfffffc41 x15=0x000003bf
       22823000	     11311	800017ce	038e5233	divu	x4,x28,x24	 x28:0x00011ffe x24:0x0000001a  x4=0x00000b13
       22825000	     11312	800017d2	3404b773	csrrc	x14,mscratch,x9	  x9:0x6bdde792 x14=0x00000018
       22827000	     11313	800017d6	00fb1bb3	sll	x23,x22,x15	 x22:0xfffffff8 x15:0x000003bf x23=0x00000000
       22831000	     11315	800017da	0ff0000f	fence	iorwiorwiorwiorwiorwiorwiorwiorwiorwiorwiorwiorwiorwiorwiorwiorwiorwiorwiorwiorwiorwiorwiorwiorwiorwiorwiorwiorwiorwiorwiorwiorwiorw,iorwiorwiorwiorwiorwiorwiorwiorwiorwiorwiorwiorwiorwiorwiorwiorwiorwiorwiorwiorwiorwiorwiorwiorwiorwiorwiorwiorwiorwiorwiorwiorwiorwiorw	
       22833000	     11316	800017de	340b58f3	csrrwi	x17,mscratch,22	 x17=0x00000008
       22835000	     11317	800017e2	6ec1	c.lui	x29,0x10	 x29=0x00010000
       22859000	     11329	800017e4	03007ab3	remu	x21,x0,x16	  x0:0x00000000 x16:0x00000000 x21=0x00000000
       22875000	     11337	800017e8	340c6273	csrrsi	x4,mscratch,24	  x4=0x00000016
       22927000	     11363	800017ec	00101fb3	sll	x31,x0,x1	  x0:0x00000000  x1:0xffffffff x31=0x00000000
       22929000	     11364	800017f0	041e	c.slli	x8,0x7	  x8:0x000122c1  x8=0x00916080
       22931000	     11365	800017f2	444d	c.li	x8,19	  x8=0x00000013
       22933000	     11366	800017f4	8c7d	c.and	x8,x15	  x8:0x00000013 x15:0x000003bf  x8=0x00000013
       22953000	     11376	800017f6	0190a833	slt	x16,x1,x25	  x1:0xffffffff x25:0x00000000 x16=0x00000001
       22997000	     11398	800017fa	020ecd63	blt	x29,x0,80001834	 x29:0x00010000  x0:0x00000000  x0=0x00000000
       22999000	     11399	800017fe	4629	c.li	x12,10	 x12=0x0000000a
       23039000	     11419	80001800	01462133	slt	x2,x12,x20	 x12:0x0000000a x20:0x0000001a  x2=0x00000001
       23041000	     11420	80001804	4cb1	c.li	x25,12	 x25=0x0000000c
       23069000	     11434	80001806	03aa9633	mulh	x12,x21,x26	 x21:0x00000000 x26:0xfffb2df6 x12=0x00000000
       23071000	     11435	8000180a	03387563	bgeu	x16,x19,80001834	 x16:0x00000001 x19:0x8001ee7c  x0=0x00000000
       23073000	     11436	8000180e	8cfd	c.and	x9,x15	  x9:0x6bdde792 x15:0x000003bf  x9=0x00000392
       23105000	     11452	80001810	02c08833	mul	x16,x1,x12	  x1:0xffffffff x12:0x00000000 x16=0x00000000
       23149000	     11474	80001814	02ca94b3	mulh	x9,x21,x12	 x21:0x00000000 x12:0x00000000  x9=0x00000000
       23151000	     11475	80001818	6139	c.addi16sp	x2,448	  x2:0x00000001  x2=0x000001c1
       23155000	     11477	8000181a	0ff0000f	fence	iorwiorwiorwiorwiorwiorwiorwiorwiorwiorwiorwiorwiorwiorwiorwiorwiorwiorwiorwiorwiorwiorwiorwiorwiorwiorwiorwiorwiorwiorwiorwiorwiorwiorwiorw,iorwiorwiorwiorwiorwiorwiorwiorwiorwiorwiorwiorwiorwiorwiorwiorwiorwiorwiorwiorwiorwiorwiorwiorwiorwiorwiorwiorwiorwiorwiorwiorwiorwiorwiorwiorw	
       23209000	     11504	8000181e	037afa33	remu	x20,x21,x23	 x21:0x00000000 x23:0x00000000 x20=0x00000000
       23247000	     11523	80001822	03d4adb3	mulhsu	x27,x9,x29	  x9:0x00000000 x29:0x00010000 x27=0x00000000
       23249000	     11524	80001826	010e9813	slli	x16,x29,0x10	 x29:0x00010000 x16=0x00000000
       23251000	     11525	8000182a	6d41	c.lui	x26,0x10	 x26=0x00010000
       23267000	     11533	8000182c	02d6a7b3	mulhsu	x15,x13,x13	 x13:0xfffffff0 x13:0xfffffff0 x15=0xfffffff0
       23317000	     11558	80001830	8d1d	c.sub	x10,x15	 x10:0x000122c0 x15:0xfffffff0 x10=0x000122d0
       23319000	     11559	80001832	0001	c.addi	x0,0	  x0:0x00000000  x0=0x00000000
       23335000	     11567	80001834	0514	c.addi4spn	x13,x2,640	 x13=0x00000441
       23337000	     11568	80001836	9b7d	c.andi	x14,-1	 x14:0x00000018 x14=0x00000018
       23341000	     11570	80001838	d75904b7	lui	x9,0xd7590	  x9=0xd7590000
       23373000	     11586	8000183c	002dffb3	and	x31,x27,x2	 x27:0x00000000  x2:0x000001c1 x31=0x00000000
       23377000	     11588	80001840	8856	c.mv	x16,x21	  x0:0x00000000 x21:0x00000000 x16=0x00000000
       23393000	     11596	80001842	36013b13	sltiu	x22,x2,864	  x2:0x000001c1 x22=0x00000001
       23395000	     11597	80001846	00bd0263	beq	x26,x11,8000184a	 x26:0x00010000 x11:0x8001f1b7  x0=0x00000000
       23445000	     11622	8000184a	f3bbc693	xori	x13,x23,-197	 x23:0x00000000 x13=0xffffff3b
       23519000	     11659	8000184e	02904eb3	div	x29,x0,x9	  x0:0x00000000  x9:0xd7590000 x29=0x00000000
       23521000	     11660	80001852	84f9	c.srai	x9,0x1e	  x9:0xd7590000  x9=0xffffffff
       23523000	     11661	80001854	f7496893	ori	x17,x18,-140	 x18:0x00000001 x17=0xffffff75
       23525000	     11662	80001858	41a2df13	srai	x30,x5,0x1a	  x5:0x8001add4 x30=0xffffffe0
       23557000	     11678	8000185c	03f943b3	div	x7,x18,x31	 x18:0x00000001 x31:0x00000000  x7=0xffffffff
       23567000	     11683	80001860	41035f93	srai	x31,x6,0x10	  x6:0x00000000 x31=0x00000000
       23583000	     11691	80001864	031aa1b3	mulhsu	x3,x21,x17	 x21:0x00000000 x17:0xffffff75  x3=0x00000000
       23585000	     11692	80001868	c5fdfc93	andi	x25,x27,-929	 x27:0x00000000 x25=0x00000000
       23603000	     11701	8000186c	039b63b3	rem	x7,x22,x25	 x22:0x00000001 x25:0x00000000  x7=0x00000001
       23631000	     11715	80001870	340ce4f3	csrrsi	x9,mscratch,25	  x9=0x0000001e
       23673000	     11736	80001874	c3a1	c.beqz	x15,800018b4	 x15:0xfffffff0
       23675000	     11737	80001876	34042973	csrrs	x18,mscratch,x8	  x8:0x00000013 x18=0x0000001f
       23677000	     11738	8000187a	02b94563	blt	x18,x11,800018a4	 x18:0x0000001f x11:0x8001f1b7  x0=0x00000000
       23697000	     11748	8000187e	004a1b33	sll	x22,x20,x4	 x20:0x00000000  x4:0x00000016 x22=0x00000000
       23711000	     11755	80001882	0366ef33	rem	x30,x13,x22	 x13:0xffffff3b x22:0x00000000 x30=0xffffff3b
       23771000	     11785	80001886	cd420593	addi	x11,x4,-812	  x4:0x00000016 x11=0xfffffcea
       23773000	     11786	8000188a	2d010e13	addi	x28,x2,720	  x2:0x000001c1 x28=0x00000491
       23785000	     11792	8000188e	00a3c233	xor	x4,x7,x10	  x7:0x00000001 x10:0x000122d0  x4=0x000122d1
       23807000	     11803	80001892	340fad73	csrrs	x26,mscratch,x31	 x31:0x00000000 x26=0x0000001f
       23857000	     11828	80001896	026c18b3	mulh	x17,x24,x6	 x24:0x0000001a  x6:0x00000000 x17=0x00000000
       23859000	     11829	8000189a	8252	c.mv	x4,x20	  x0:0x00000000 x20:0x00000000  x4=0x00000000
       23861000	     11830	8000189c	953a	c.add	x10,x14	 x10:0x000122d0 x14:0x00000018 x10=0x000122e8
       23875000	     11837	8000189e	00e28133	add	x2,x5,x14	  x5:0x8001add4 x14:0x00000018  x2=0x8001adec
       23877000	     11838	800018a2	8a75	c.andi	x12,29	 x12:0x00000000 x12=0x00000000
       23883000	     11841	800018a4	405d87b3	sub	x15,x27,x5	 x27:0x00000000  x5:0x8001add4 x15=0x7ffe522c
       23897000	     11848	800018a8	4015d693	srai	x13,x11,0x1	 x11:0xfffffcea x13=0xfffffe75
       23917000	     11858	800018ac	022b0a33	mul	x20,x22,x2	 x22:0x00000000  x2:0x8001adec x20=0x00000000
       23921000	     11860	800018b0	00283233	sltu	x4,x16,x2	 x16:0x00000000  x2:0x8001adec  x4=0x00000001
       23941000	     11870	800018b4	02866663	bltu	x12,x8,800018e0	 x12:0x00000000  x8:0x00000013  x0=0x00000000
       23975000	     11887	800018e0	d5b48513	addi	x10,x9,-677	  x9:0x0000001e x10=0xfffffd79
       23983000	     11891	800018e4	03bb1863	bne	x22,x27,80001914	 x22:0x00000000 x27:0x00000000  x0=0x00000000
       24003000	     11901	800018e8	0159d713	srli	x14,x19,0x15	 x19:0x8001ee7c x14=0x00000400
       24019000	     11909	800018ec	0125ce63	blt	x11,x18,80001908	 x11:0xfffffcea x18:0x0000001f  x0=0x00000000
       24055000	     11927	80001908	f4deb813	sltiu	x16,x29,-179	 x29:0x00000000 x16=0x00000001
       24057000	     11928	8000190c	3404d773	csrrwi	x14,mscratch,9	 x14=0x0000001f
       24143000	     11971	80001910	0224c833	div	x16,x9,x2	  x9:0x0000001e  x2:0x8001adec x16=0x00000000
       24145000	     11972	80001914	0001	c.addi	x0,0	  x0:0x00000000  x0=0x00000000
       24147000	     11973	80001916	96a2	c.add	x13,x8	 x13:0xfffffe75  x8:0x00000013 x13=0xfffffe88
       24149000	     11974	80001918	6441	c.lui	x8,0x10	  x8=0x00010000
       24223000	     12011	8000191a	0297e233	rem	x4,x15,x9	 x15:0x7ffe522c  x9:0x0000001e  x4=0x0000000c
       24225000	     12012	8000191e	f7202db7	lui	x27,0xf7202	 x27=0xf7202000
       24227000	     12013	80001922	01e425b3	slt	x11,x8,x30	  x8:0x00010000 x30:0xffffff3b x11=0x00000000
       24239000	     12019	80001926	0079eab3	or	x21,x19,x7	 x19:0x8001ee7c  x7:0x00000001 x21=0x8001ee7d
       24245000	     12022	8000192a	0029cab3	xor	x21,x19,x2	 x19:0x8001ee7c  x2:0x8001adec x21=0x00004390
       24247000	     12023	8000192e	98fd	c.andi	x9,-1	  x9:0x0000001e  x9=0x0000001e
       24287000	     12043	80001930	34037df3	csrrci	x27,mscratch,6	 x27=0x00000009
       24289000	     12044	80001934	8df5	c.and	x11,x13	 x11:0x00000000 x13:0xfffffe88 x11=0x00000000
       24291000	     12045	80001936	10fd	c.addi	x1,-1	  x1:0xffffffff  x1=0xfffffffe
       24299000	     12049	80001938	6121	c.addi16sp	x2,64	  x2:0x8001adec  x2=0x8001ae2c
       24309000	     12054	8000193a	01b77633	and	x12,x14,x27	 x14:0x0000001f x27:0x00000009 x12=0x00000009
       24357000	     12078	8000193e	03052c33	mulhsu	x24,x10,x16	 x10:0xfffffd79 x16:0x00000000 x24=0x00000000
       24361000	     12080	80001942	02466c63	bltu	x12,x4,8000197a	 x12:0x00000009  x4:0x0000000c  x0=0x00000000
       24389000	     12094	8000197a	0001	c.addi	x0,0	  x0:0x00000000  x0=0x00000000
       24425000	     12112	8000197c	3a5b6e93	ori	x29,x22,933	 x22:0x00000000 x29=0x000003a5
       24473000	     12136	80001980	3400ad73	csrrs	x26,mscratch,x1	  x1:0xfffffffe x26=0x00000009
       24491000	     12145	80001984	054ef263	bgeu	x29,x20,800019c8	 x29:0x000003a5 x20:0x00000000  x0=0x00000000
       24533000	     12166	80001988	3401bcf3	csrrc	x25,mscratch,x3	  x3:0x00000000 x25=0xffffffff
       24539000	     12169	8000198c	00315733	srl	x14,x2,x3	  x2:0x8001ae2c  x3:0x00000000 x14=0x8001ae2c
       24557000	     12178	80001990	987d	c.andi	x8,-1	  x8:0x00010000  x8=0x00010000
       24573000	     12186	80001992	016f7363	bgeu	x30,x22,80001998	 x30:0xffffff3b x22:0x00000000  x0=0x00000000
       24575000	     12187	80001996	0001	c.addi	x0,0	  x0:0x00000000  x0=0x00000000
       24589000	     12194	80001998	05bb5463	bge	x22,x27,800019e0	 x22:0x00000000 x27:0x00000009  x0=0x00000000
       24599000	     12199	8000199c	8ede	c.mv	x29,x23	  x0:0x00000000 x23:0x00000000 x29=0x00000000
       24601000	     12200	8000199e	4afd	c.li	x21,31	 x21=0x0000001f
       24653000	     12226	800019a0	6105	c.addi16sp	x2,32	  x2:0x8001ae2c  x2=0x8001ae4c
       24655000	     12227	800019a2	340df773	csrrci	x14,mscratch,27	 x14=0xffffffff
       24669000	     12234	800019a6	34006c73	csrrsi	x24,mscratch,0	 x24=0xffffffe4
       24681000	     12240	800019aa	02a1bc33	mulhu	x24,x3,x10	  x3:0x00000000 x10:0xfffffd79 x24=0x00000000
       24683000	     12241	800019ae	af0c3637	lui	x12,0xaf0c3	 x12=0xaf0c3000
       24757000	     12278	800019b2	02116ab3	rem	x21,x2,x1	  x2:0x8001ae4c  x1:0xfffffffe x21=0x00000000
       24831000	     12315	800019b6	02aa47b3	div	x15,x20,x10	 x20:0x00000000 x10:0xfffffd79 x15=0x00000000
       24833000	     12316	800019ba	2722bb93	sltiu	x23,x5,626	  x5:0x8001add4 x23=0x00000000
       24837000	     12318	800019be	df396113	ori	x2,x18,-525	 x18:0x0000001f  x2=0xfffffdff
       24931000	     12365	800019c2	02d8c733	div	x14,x17,x13	 x17:0x00000000 x13:0xfffffe88 x14=0x00000000
       24933000	     12366	800019c6	c80d	c.beqz	x8,800019f8	  x8:0x00010000
       24935000	     12367	800019c8	03356e93	ori	x29,x10,51	 x10:0xfffffd79 x29=0xfffffd7b
       24939000	     12369	800019cc	01e7e663	bltu	x15,x30,800019d8	 x15:0x00000000 x30:0xffffff3b  x0=0x00000000
       24945000	     12372	800019d8	02ecc433	div	x8,x25,x14	 x25:0xffffffff x14:0x00000000  x8=0xffffffff
       24949000	     12374	800019dc	0265c8b3	div	x17,x11,x6	 x11:0x00000000  x6:0x00000000 x17=0xffffffff
       24953000	     12376	800019e0	0fcd	c.addi	x31,19	 x31:0x00000000 x31=0x00000013
       24965000	     12382	800019e2	03e19f33	mulh	x30,x3,x30	  x3:0x00000000 x30:0xffffff3b x30=0x00000000
       24967000	     12383	800019e6	6bed	c.lui	x23,0x1b	 x23=0x0001b000
       24969000	     12384	800019e8	340af8f3	csrrci	x17,mscratch,21	 x17=0xffffffe4
       24977000	     12388	800019ec	61c9	c.lui	x3,0x12	  x3=0x00012000
       24979000	     12389	800019ee	c88d	c.beqz	x9,80001a20	  x9:0x0000001e
       24981000	     12390	800019f0	00fa1013	slli	x0,x20,0xf	 x20:0x00000000  x0=0x00000000
       24989000	     12394	800019f4	03290433	mul	x8,x18,x18	 x18:0x0000001f x18:0x0000001f  x8=0x000003c1
       24991000	     12395	800019f8	01cf9093	slli	x1,x31,0x1c	 x31:0x00000013  x1=0x30000000
       25003000	     12401	800019fc	0001	c.addi	x0,0	  x0:0x00000000  x0=0x00000000
       25021000	     12410	800019fe	00a95f93	srli	x31,x18,0xa	 x18:0x0000001f x31=0x00000000
       25025000	     12412	80001a02	e121	c.bnez	x10,80001a42	 x10:0xfffffd79
       25101000	     12450	80001a42	021fc963	blt	x31,x1,80001a74	 x31:0x00000000  x1:0x30000000  x0=0x00000000
       25163000	     12481	80001a74	02c78833	mul	x16,x15,x12	 x15:0x00000000 x12:0xaf0c3000 x16=0x00000000
       25167000	     12483	80001a78	8cd9	c.or	x9,x14	  x9:0x0000001e x14:0x00000000  x9=0x0000001e
       25183000	     12491	80001a7a	01dd7033	and	x0,x26,x29	 x26:0x00000009 x29:0xfffffd7b  x0=0x00000000
       25201000	     12500	80001a7e	c2126493	ori	x9,x4,-991	  x4:0x0000000c  x9=0xfffffc2d
       25295000	     12547	80001a82	0319f6b3	remu	x13,x19,x17	 x19:0x8001ee7c x17:0xffffffe4 x13=0x8001ee7c
       25297000	     12548	80001a86	8415	c.srai	x8,0x5	  x8:0x000003c1  x8=0x0000001e
       25299000	     12549	80001a88	717d	c.addi16sp	x2,-16	  x2:0xfffffdff  x2=0xfffffdef
       25301000	     12550	80001a8a	d2406613	ori	x12,x0,-732	  x0:0x00000000 x12=0xfffffd24
       25361000	     12580	80001a8e	01525c93	srli	x25,x4,0x15	  x4:0x0000000c x25=0x00000000
       25363000	     12581	80001a92	0089dd13	srli	x26,x19,0x8	 x19:0x8001ee7c x26=0x008001ee
       25453000	     12626	80001a96	02a35d33	divu	x26,x6,x10	  x6:0x00000000 x10:0xfffffd79 x26=0x00000000
       25455000	     12627	80001a9a	00f9f263	bgeu	x19,x15,80001a9e	 x19:0x8001ee7c x15:0x00000000  x0=0x00000000
       25457000	     12628	80001a9e	177bc913	xori	x18,x23,375	 x23:0x0001b000 x18=0x0001b177
       25461000	     12630	80001aa2	ec85	c.bnez	x9,80001ada	  x9:0xfffffc2d
       25525000	     12662	80001ada	34015df3	csrrwi	x27,mscratch,2	 x27=0xffffffe0
       25527000	     12663	80001ade	0199ecb3	or	x25,x19,x25	 x19:0x8001ee7c x25:0x00000000 x25=0x8001ee7c
       25563000	     12681	80001ae2	01411813	slli	x16,x2,0x14	  x2:0xfffffdef x16=0xdef00000
       25565000	     12682	80001ae6	1d7d	c.addi	x26,-1	 x26:0x00000000 x26=0xffffffff
       25605000	     12702	80001ae8	41a75393	srai	x7,x14,0x1a	 x14:0x00000000  x7=0x00000000
       25607000	     12703	80001aec	403cd013	srai	x0,x25,0x3	 x25:0x8001ee7c  x0=0x00000000
       25649000	     12724	80001af0	395c7c93	andi	x25,x24,917	 x24:0x00000000 x25=0x00000000
       25691000	     12745	80001af4	1e8c	c.addi4spn	x11,x2,880	 x11=0x0000015f
       25693000	     12746	80001af6	012ffb63	bgeu	x31,x18,80001b0c	 x31:0x00000000 x18:0x0001b177  x0=0x00000000
       25697000	     12748	80001afa	cb09	c.beqz	x14,80001b0c	 x14:0x00000000
       25719000	     12759	80001b0c	340193f3	csrrw	x7,mscratch,x3	  x3:0x00012000  x7=0x00000002
       25741000	     12770	80001b10	02bbc163	blt	x23,x11,80001b32	 x23:0x0001b000 x11:0x0000015f  x0=0x00000000
       25747000	     12773	80001b14	8e39	c.xor	x12,x14	 x12:0xfffffd24 x14:0x00000000 x12=0xfffffd24
       25767000	     12783	80001b16	410d8933	sub	x18,x27,x16	 x27:0xffffffe0 x16:0xdef00000 x18=0x210fffe0
       25769000	     12784	80001b1a	401b5c13	srai	x24,x22,0x1	 x22:0x00000000 x24=0x00000000
       25799000	     12799	80001b1e	40668b33	sub	x22,x13,x6	 x13:0x8001ee7c  x6:0x00000000 x22=0x8001ee7c
       25801000	     12800	80001b22	01a15e33	srl	x28,x2,x26	  x2:0xfffffdef x26:0xffffffff x28=0x00000001
       25815000	     12807	80001b26	02d10963	beq	x2,x13,80001b58	  x2:0xfffffdef x13:0x8001ee7c  x0=0x00000000
       25825000	     12812	80001b2a	340a7df3	csrrci	x27,mscratch,20	 x27=0x00012000
       25915000	     12857	80001b2e	030d6ab3	rem	x21,x26,x16	 x26:0xffffffff x16:0xdef00000 x21=0xffffffff
       25917000	     12858	80001b32	403051b3	sra	x3,x0,x3	  x0:0x00000000  x3:0x00012000  x3=0x00000000
       25919000	     12859	80001b36	34036af3	csrrsi	x21,mscratch,6	 x21=0x00012000
       25943000	     12871	80001b3a	037414b3	mulh	x9,x8,x23	  x8:0x0000001e x23:0x0001b000  x9=0x00000000
       25959000	     12879	80001b3e	40f7da33	sra	x20,x15,x15	 x15:0x00000000 x15:0x00000000 x20=0x00000000
       25961000	     12880	80001b42	0001	c.addi	x0,0	  x0:0x00000000  x0=0x00000000
       26035000	     12917	80001b44	037a7db3	remu	x27,x20,x23	 x20:0x00000000 x23:0x0001b000 x27=0x00000000
       26041000	     12920	80001b48	03508833	mul	x16,x1,x21	  x1:0x30000000 x21:0x00012000 x16=0x00000000
       26043000	     12921	80001b4c	018d6fb3	or	x31,x26,x24	 x26:0xffffffff x24:0x00000000 x31=0xffffffff
       26045000	     12922	80001b50	05c35063	bge	x6,x28,80001b90	  x6:0x00000000 x28:0x00000001  x0=0x00000000
       26085000	     12942	80001b54	03f40c33	mul	x24,x8,x31	  x8:0x0000001e x31:0xffffffff x24=0xffffffe2
       26087000	     12943	80001b58	0ff0000f	fence	iorwiorwiorwiorwiorwiorwiorwiorwiorwiorwiorwiorwiorwiorwiorwiorwiorwiorwiorwiorwiorwiorwiorwiorwiorwiorwiorwiorwiorwiorwiorwiorwiorwiorwiorwiorwiorw,iorwiorwiorwiorwiorwiorwiorwiorwiorwiorwiorwiorwiorwiorwiorwiorwiorwiorwiorwiorwiorwiorwiorwiorwiorwiorwiorwiorwiorwiorwiorwiorwiorwiorwiorwiorwiorwiorw	
       26129000	     12964	80001b5c	0ba0e793	ori	x15,x1,186	  x1:0x30000000 x15=0x300000ba
       26207000	     13003	80001b60	031efa33	remu	x20,x29,x17	 x29:0xfffffd7b x17:0xffffffe4 x20=0xfffffd7b
       26209000	     13004	80001b64	01e4fd33	and	x26,x9,x30	  x9:0x00000000 x30:0x00000000 x26=0x00000000
       26211000	     13005	80001b68	00e564b3	or	x9,x10,x14	 x10:0xfffffd79 x14:0x00000000  x9=0xfffffd79
       26213000	     13006	80001b6c	013076b3	and	x13,x0,x19	  x0:0x00000000 x19:0x8001ee7c x13=0x00000000
       26219000	     13009	80001b70	03dc8b33	mul	x22,x25,x29	 x25:0x00000000 x29:0xfffffd7b x22=0x00000000
       26221000	     13010	80001b74	8e41	c.or	x12,x8	 x12:0xfffffd24  x8:0x0000001e x12=0xfffffd3e
       26275000	     13037	80001b76	03e8c563	blt	x17,x30,80001ba0	 x17:0xffffffe4 x30:0x00000000  x0=0x00000000
       26309000	     13054	80001ba0	0001	c.addi	x0,0	  x0:0x00000000  x0=0x00000000
       26355000	     13077	80001ba2	05198363	beq	x19,x17,80001be8	 x19:0x8001ee7c x17:0xffffffe4  x0=0x00000000
       26357000	     13078	80001ba6	00e75633	srl	x12,x14,x14	 x14:0x00000000 x14:0x00000000 x12=0x00000000
       26367000	     13083	80001baa	02121833	mulh	x16,x4,x1	  x4:0x0000000c  x1:0x30000000 x16=0x00000002
       26383000	     13091	80001bae	d98c5937	lui	x18,0xd98c5	 x18=0xd98c5000
       26409000	     13104	80001bb2	0ff0000f	fence	iorwiorwiorwiorwiorwiorwiorwiorwiorwiorwiorwiorwiorwiorwiorwiorwiorwiorwiorwiorwiorwiorwiorwiorwiorwiorwiorwiorwiorwiorwiorwiorwiorwiorwiorwiorwiorwiorwiorw,iorwiorwiorwiorwiorwiorwiorwiorwiorwiorwiorwiorwiorwiorwiorwiorwiorwiorwiorwiorwiorwiorwiorwiorwiorwiorwiorwiorwiorwiorwiorwiorwiorwiorwiorwiorwiorwiorwiorwiorw	
       26411000	     13105	80001bb6	01d343b3	xor	x7,x6,x29	  x6:0x00000000 x29:0xfffffd7b  x7=0xfffffd7b
       26429000	     13114	80001bba	003dabb3	slt	x23,x27,x3	 x27:0x00000000  x3:0x00000000 x23=0x00000000
       26431000	     13115	80001bbe	8f41	c.or	x14,x8	 x14:0x00000000  x8:0x0000001e x14=0x0000001e
       26451000	     13125	80001bc0	340e9b73	csrrw	x22,mscratch,x29	 x29:0xfffffd7b x22=0x00012006
       26453000	     13126	80001bc4	8015	c.srli	x8,0x5	  x8:0x0000001e  x8=0x00000000
       26455000	     13127	80001bc6	019e6633	or	x12,x28,x25	 x28:0x00000001 x25:0x00000000 x12=0x00000001
       26461000	     13130	80001bca	0076b433	sltu	x8,x13,x7	 x13:0x00000000  x7:0xfffffd7b  x8=0x00000001
       26467000	     13133	80001bce	03aff363	bgeu	x31,x26,80001bf4	 x31:0xffffffff x26:0x00000000  x0=0x00000000
       26469000	     13134	80001bd2	0001	c.addi	x0,0	  x0:0x00000000  x0=0x00000000
       26511000	     13155	80001bd4	3409aef3	csrrs	x29,mscratch,x19	 x19:0x8001ee7c x29=0xfffffd7b
       26585000	     13192	80001bd8	02896d33	rem	x26,x18,x8	 x18:0xd98c5000  x8:0x00000001 x26=0x00000000
       26587000	     13193	80001bdc	8185	c.srli	x11,0x1	 x11:0x0000015f x11=0x000000af
       26589000	     13194	80001bde	34093bf3	csrrc	x23,mscratch,x18	 x18:0xd98c5000 x23=0xffffff7f
       26597000	     13198	80001be2	03d4b1b3	mulhu	x3,x9,x29	  x9:0xfffffd79 x29:0xfffffd7b  x3=0xfffffaf4
       26599000	     13199	80001be6	0d08	c.addi4spn	x10,x2,656	 x10=0x0000007f
       26615000	     13207	80001be8	6c09	c.lui	x24,0x2	 x24=0x00002000
       26617000	     13208	80001bea	6fe5	c.lui	x31,0x19	 x31=0x00019000
       26625000	     13212	80001bec	38fc0a93	addi	x21,x24,911	 x24:0x00002000 x21=0x0000238f
       26673000	     13236	80001bf0	00b07f33	and	x30,x0,x11	  x0:0x00000000 x11:0x000000af x30=0x00000000
       26675000	     13237	80001bf4	54fd	c.li	x9,-1	  x9=0xffffffff
       26697000	     13248	80001bf6	01bd9d13	slli	x26,x27,0x1b	 x27:0x00000000 x26=0x00000000
       26699000	     13249	80001bfa	82e9	c.srli	x13,0x1a	 x13:0x00000000 x13=0x00000000
       26773000	     13286	80001bfc	03607cb3	remu	x25,x0,x22	  x0:0x00000000 x22:0x00012006 x25=0x00000000
       26775000	     13287	80001c00	824d	c.srli	x12,0x13	 x12:0x00000001 x12=0x00000000
       26777000	     13288	80001c02	8985	c.andi	x11,1	 x11:0x000000af x11=0x00000001
       26779000	     13289	80001c04	00004633	xor	x12,x0,x0	  x0:0x00000000  x0:0x00000000 x12=0x00000000
       26781000	     13290	80001c08	c50d	c.beqz	x10,80001c32	 x10:0x0000007f
       26801000	     13300	80001c0a	34025973	csrrwi	x18,mscratch,4	 x18=0x2673af7f
       26803000	     13301	80001c0e	9842	c.add	x16,x16	 x16:0x00000002 x16:0x00000002 x16=0x00000004
       26823000	     13311	80001c10	01e85463	bge	x16,x30,80001c18	 x16:0x00000004 x30:0x00000000  x0=0x00000000
       26885000	     13342	80001c14	3403b073	csrrc	x0,mscratch,x7	  x7:0xfffffd7b  x0=0x00000000
       26899000	     13349	80001c18	8431	c.srai	x8,0xc	  x8:0x00000001  x8=0x00000000
       26909000	     13354	80001c1a	01cddf13	srli	x30,x27,0x1c	 x27:0x00000000 x30=0x00000000
       26951000	     13375	80001c1e	03ec4963	blt	x24,x30,80001c50	 x24:0x00002000 x30:0x00000000  x0=0x00000000
       26953000	     13376	80001c22	012de4b3	or	x9,x27,x18	 x27:0x00000000 x18:0x2673af7f  x9=0x2673af7f
       26977000	     13388	80001c26	30f03193	sltiu	x3,x0,783	  x0:0x00000000  x3=0x00000001
       26979000	     13389	80001c2a	953a	c.add	x10,x14	 x10:0x0000007f x14:0x0000001e x10=0x0000009d
       26989000	     13394	80001c2c	99fd	c.andi	x11,-1	 x11:0x00000001 x11=0x00000001
       27007000	     13403	80001c2e	3443bf93	sltiu	x31,x7,836	  x7:0xfffffd7b x31=0x00000000
       27029000	     13414	80001c32	0ff0000f	fence	iorwiorwiorwiorwiorwiorwiorwiorwiorwiorwiorwiorwiorwiorwiorwiorwiorwiorwiorwiorwiorwiorwiorwiorwiorwiorwiorwiorwiorwiorwiorwiorwiorwiorwiorwiorwiorwiorwiorwiorwiorw,iorwiorwiorwiorwiorwiorwiorwiorwiorwiorwiorwiorwiorwiorwiorwiorwiorwiorwiorwiorwiorwiorwiorwiorwiorwiorwiorwiorwiorwiorwiorwiorwiorwiorwiorwiorwiorwiorwiorwiorwiorwiorw	
       27091000	     13445	80001c36	00ccfab3	and	x21,x25,x12	 x25:0x00000000 x12:0x00000000 x21=0x00000000
       27117000	     13458	80001c3a	02febeb3	mulhu	x29,x29,x15	 x29:0xfffffd7b x15:0x300000ba x29=0x30000041
       27153000	     13476	80001c3e	4109ddb3	sra	x27,x19,x16	 x19:0x8001ee7c x16:0x00000004 x27=0xf8001ee7
       27189000	     13494	80001c42	00bb1d13	slli	x26,x22,0xb	 x22:0x00012006 x26=0x09003000
       27191000	     13495	80001c46	717d	c.addi16sp	x2,-16	  x2:0xfffffdef  x2=0xfffffddf
       27203000	     13501	80001c48	41788c33	sub	x24,x17,x23	 x17:0xffffffe4 x23:0xffffff7f x24=0x00000065
       27215000	     13507	80001c4c	6159	c.addi16sp	x2,400	  x2:0xfffffddf  x2=0xffffff6f
       27217000	     13508	80001c4e	8659	c.srai	x12,0x16	 x12:0x00000000 x12=0x00000000
       27235000	     13517	80001c50	01bb1633	sll	x12,x22,x27	 x22:0x00012006 x27:0xf8001ee7 x12=0x00900300
       27277000	     13538	80001c54	0001	c.addi	x0,0	  x0:0x00000000  x0=0x00000000
       27279000	     13539	80001c56	3407a3f3	csrrs	x7,mscratch,x15	 x15:0x300000ba  x7=0x00000004
       27281000	     13540	80001c5a	8c11	c.sub	x8,x12	  x8:0x00000000 x12:0x00900300  x8=0xff6ffd00
       27301000	     13550	80001c5c	3403eef3	csrrsi	x29,mscratch,7	 x29=0x300000be
       27331000	     13565	80001c60	8ca5	c.xor	x9,x9	  x9:0x2673af7f  x9:0x2673af7f  x9=0x00000000
       27373000	     13586	80001c62	7f493f97	auipc	x31,0x7f493	 x31=0xff494c62
       27375000	     13587	80001c66	407185b3	sub	x11,x3,x7	  x3:0x00000001  x7:0x00000004 x11=0xfffffffd
       27397000	     13598	80001c6a	13857613	andi	x12,x10,312	 x10:0x0000009d x12=0x00000018
       27399000	     13599	80001c6e	405fdfb3	sra	x31,x31,x5	 x31:0xff494c62  x5:0x8001add4 x31=0xfffffff4
       27463000	     13631	80001c72	02014a63	blt	x2,x0,80001ca6	  x2:0xffffff6f  x0:0x00000000  x0=0x00000000
       27563000	     13681	80001ca6	036c7f33	remu	x30,x24,x22	 x24:0x00000065 x22:0x00012006 x30=0x00000065
       27565000	     13682	80001caa	8da1	c.xor	x11,x8	 x11:0xfffffffd  x8:0xff6ffd00 x11=0x009002fd
       27569000	     13684	80001cac	0147ef63	bltu	x15,x20,80001cca	 x15:0x300000ba x20:0xfffffd7b  x0=0x00000000
       27619000	     13709	80001cca	41a9	c.li	x3,10	  x3=0x0000000a
       27643000	     13721	80001ccc	ec942d13	slti	x26,x8,-311	  x8:0xff6ffd00 x26=0x00000001
       27645000	     13722	80001cd0	018d5e63	bge	x26,x24,80001cec	 x26:0x00000001 x24:0x00000065  x0=0x00000000
       27661000	     13730	80001cd4	030284b3	mul	x9,x5,x16	  x5:0x8001add4 x16:0x00000004  x9=0x0006b750
       27689000	     13744	80001cd8	e2a26793	ori	x15,x4,-470	  x4:0x0000000c x15=0xfffffe2e
       27703000	     13751	80001cdc	00a14233	xor	x4,x2,x10	  x2:0xffffff6f x10:0x0000009d  x4=0xfffffff2
       27713000	     13756	80001ce0	0ff0000f	fence	iorwiorwiorwiorwiorwiorwiorwiorwiorwiorwiorwiorwiorwiorwiorwiorwiorwiorwiorwiorwiorwiorwiorwiorwiorwiorwiorwiorwiorwiorwiorwiorwiorwiorwiorwiorwiorwiorwiorwiorwiorwiorwiorw,iorwiorwiorwiorwiorwiorwiorwiorwiorwiorwiorwiorwiorwiorwiorwiorwiorwiorwiorwiorwiorwiorwiorwiorwiorwiorwiorwiorwiorwiorwiorwiorwiorwiorwiorwiorwiorwiorwiorwiorwiorwiorwiorwiorw	
       27735000	     13767	80001ce4	f4b84a93	xori	x21,x16,-181	 x16:0x00000004 x21=0xffffff4f
       27755000	     13777	80001ce8	025d0863	beq	x26,x5,80001d18	 x26:0x00000001  x5:0x8001add4  x0=0x00000000
       27775000	     13787	80001cec	8221	c.srli	x12,0x8	 x12:0x00000018 x12=0x00000000
       27779000	     13789	80001cee	31337913	andi	x18,x6,787	  x6:0x00000000 x18=0x00000000
       27825000	     13812	80001cf2	fc74c893	xori	x17,x9,-57	  x9:0x0006b750 x17=0xfff94897
       27827000	     13813	80001cf6	c5203113	sltiu	x2,x0,-942	  x0:0x00000000  x2=0x00000001
       27861000	     13830	80001cfa	00f9cc63	blt	x19,x15,80001d12	 x19:0x8001ee7c x15:0xfffffe2e  x0=0x00000000
       27915000	     13857	80001d12	8ff1	c.and	x15,x12	 x15:0xfffffe2e x12:0x00000000 x15=0x00000000
       27917000	     13858	80001d14	01f410b3	sll	x1,x8,x31	  x8:0xff6ffd00 x31:0xfffffff4  x1=0xd0000000
       27939000	     13869	80001d18	019df8b3	and	x17,x27,x25	 x27:0xf8001ee7 x25:0x00000000 x17=0x00000000
       27971000	     13885	80001d1c	340baaf3	csrrs	x21,mscratch,x23	 x23:0xffffff7f x21=0x300000bf
       27977000	     13888	80001d20	34092f73	csrrs	x30,mscratch,x18	 x18:0x00000000 x30=0xffffffff
       27989000	     13894	80001d24	340ebbf3	csrrc	x23,mscratch,x29	 x29:0x300000be x23=0xffffffff
       27991000	     13895	80001d28	01caabb3	slt	x23,x21,x28	 x21:0x300000bf x28:0x00000001 x23=0x00000000
       28017000	     13908	80001d2c	021106b3	mul	x13,x2,x1	  x2:0x00000001  x1:0xd0000000 x13=0xd0000000
       28019000	     13909	80001d30	3404b3f3	csrrc	x7,mscratch,x9	  x9:0x0006b750  x7=0xcfffff41
       28063000	     13931	80001d34	74124d37	lui	x26,0x74124	 x26=0x74124000
       28065000	     13932	80001d38	340de5f3	csrrsi	x11,mscratch,27	 x11=0xcff94801
       28071000	     13935	80001d3c	00fb00b3	add	x1,x22,x15	 x22:0x00012006 x15:0x00000000  x1=0x00012006
       28073000	     13936	80001d40	340467f3	csrrsi	x15,mscratch,8	 x15=0xcff9481b
       28117000	     13958	80001d44	41a25533	sra	x10,x4,x26	  x4:0xfffffff2 x26:0x74124000 x10=0xfffffff2
       28127000	     13963	80001d48	032d0163	beq	x26,x18,80001d6a	 x26:0x74124000 x18:0x00000000  x0=0x00000000
       28163000	     13981	80001d4c	829d	c.srli	x13,0x7	 x13:0xd0000000 x13=0x01a00000
       28165000	     13982	80001d4e	8dd5	c.or	x11,x13	 x11:0xcff94801 x13:0x01a00000 x11=0xcff94801
       28167000	     13983	80001d50	0144a0b3	slt	x1,x9,x20	  x9:0x0006b750 x20:0xfffffd7b  x1=0x00000000
       28247000	     14023	80001d54	034bff33	remu	x30,x23,x20	 x23:0x00000000 x20:0xfffffd7b x30=0x00000000
       28249000	     14024	80001d58	3404b173	csrrc	x2,mscratch,x9	  x9:0x0006b750  x2=0xcff9481b
       28251000	     14025	80001d5c	8e75	c.and	x12,x13	 x12:0x00000000 x13:0x01a00000 x12=0x00000000
       28255000	     14027	80001d5e	01806263	bltu	x0,x24,80001d62	  x0:0x00000000 x24:0x00000065  x0=0x00000000
       28275000	     14037	80001d62	717d	c.addi16sp	x2,-16	  x2:0xcff9481b  x2=0xcff9480b
       28283000	     14041	80001d64	6815	c.lui	x16,0x5	 x16=0x00005000
       28285000	     14042	80001d66	8f75	c.and	x14,x13	 x14:0x0000001e x13:0x01a00000 x14=0x00000000
       28313000	     14056	80001d68	1d14	c.addi4spn	x13,x2,688	 x13=0xcff94abb
       28389000	     14094	80001d6a	027efeb3	remu	x29,x29,x7	 x29:0x300000be  x7:0xcfffff41 x29=0x300000be
       28391000	     14095	80001d6e	64cd	c.lui	x9,0x13	  x9=0x00013000
       28393000	     14096	80001d70	911a	c.add	x2,x6	  x2:0xcff9480b  x6:0x00000000  x2=0xcff9480b
       28399000	     14099	80001d72	f2e64593	xori	x11,x12,-210	 x12:0x00000000 x11=0xffffff2e
       28401000	     14100	80001d76	1a0c	c.addi4spn	x11,x2,304	 x11=0xcff9493b
       28439000	     14119	80001d78	0020f0b3	and	x1,x1,x2	  x1:0x00000000  x2:0xcff9480b  x1=0x00000000
       28441000	     14120	80001d7c	2644cd13	xori	x26,x9,612	  x9:0x00013000 x26=0x00013264
       28475000	     14137	80001d80	021a6a33	rem	x20,x20,x1	 x20:0xfffffd7b  x1:0x00000000 x20=0xfffffd7b
       28477000	     14138	80001d84	34093c73	csrrc	x24,mscratch,x18	 x18:0x00000000 x24=0xcff9480b
       28479000	     14139	80001d88	0eed	c.addi	x29,27	 x29:0x300000be x29=0x300000d9
       28487000	     14143	80001d8a	00306e63	bltu	x0,x3,80001da6	  x0:0x00000000  x3:0x0000000a  x0=0x00000000
       28561000	     14180	80001da6	412f5d93	srai	x27,x30,0x12	 x30:0x00000000 x27=0x00000000
       28599000	     14199	80001daa	00988663	beq	x17,x9,80001db6	 x17:0x00000000  x9:0x00013000  x0=0x00000000
       28601000	     14200	80001dae	e0b9c793	xori	x15,x19,-501	 x19:0x8001ee7c x15=0x7ffe1077
       28657000	     14228	80001db2	340cabf3	csrrs	x23,mscratch,x25	 x25:0x00000000 x23=0xcff9480b
       28659000	     14229	80001db6	02c91663	bne	x18,x12,80001de2	 x18:0x00000000 x12:0x00000000  x0=0x00000000
       28717000	     14258	80001dba	41625ab3	sra	x21,x4,x22	  x4:0xfffffff2 x22:0x00012006 x21=0xffffffff
       28719000	     14259	80001dbe	0001	c.addi	x0,0	  x0:0x00000000  x0=0x00000000
       28721000	     14260	80001dc0	01794733	xor	x14,x18,x23	 x18:0x00000000 x23:0xcff9480b x14=0xcff9480b
       28761000	     14280	80001dc4	8e85	c.sub	x13,x9	 x13:0xcff94abb  x9:0x00013000 x13=0xcff81abb
       28857000	     14328	80001dc6	0223cbb3	div	x23,x7,x2	  x7:0xcfffff41  x2:0xcff9480b x23=0x00000000
       28859000	     14329	80001dca	8d41	c.or	x10,x8	 x10:0xfffffff2  x8:0xff6ffd00 x10=0xfffffff2
       28861000	     14330	80001dcc	f17c7113	andi	x2,x24,-233	 x24:0xcff9480b  x2=0xcff94803
       28863000	     14331	80001dd0	c3cd8213	addi	x4,x27,-964	 x27:0x00000000  x4=0xfffffc3c
       28865000	     14332	80001dd4	00e70d33	add	x26,x14,x14	 x14:0xcff9480b x14:0xcff9480b x26=0x9ff29016
       28877000	     14338	80001dd8	29e4b813	sltiu	x16,x9,670	  x9:0x00013000 x16=0x00000000
       28891000	     14345	80001ddc	e21d	c.bnez	x12,80001e02	 x12:0x00000000
       28893000	     14346	80001dde	340d7473	csrrci	x8,mscratch,26	  x8=0xcff9480b
       28903000	     14351	80001de2	01afe7b3	or	x15,x31,x26	 x31:0xfffffff4 x26:0x9ff29016 x15=0xfffffff6
       28905000	     14352	80001de6	567d	c.li	x12,-1	 x12=0xffffffff
       28941000	     14370	80001de8	0001	c.addi	x0,0	  x0:0x00000000  x0=0x00000000
       28959000	     14379	80001dea	039f2f33	mulhsu	x30,x30,x25	 x30:0x00000000 x25:0x00000000 x30=0x00000000
       28961000	     14380	80001dee	0182cd33	xor	x26,x5,x24	  x5:0x8001add4 x24:0xcff9480b x26=0x4ff8e5df
       28963000	     14381	80001df2	0001	c.addi	x0,0	  x0:0x00000000  x0=0x00000000
       28983000	     14391	80001df4	008e	c.slli	x1,0x3	  x1:0x00000000  x1=0x00000000
       28995000	     14397	80001df6	00799013	slli	x0,x19,0x7	 x19:0x8001ee7c  x0=0x00000000
       29019000	     14409	80001dfa	0250b5b3	mulhu	x11,x1,x5	  x1:0x00000000  x5:0x8001add4 x11=0x00000000
       29021000	     14410	80001dfe	01210633	add	x12,x2,x18	  x2:0xcff94803 x18:0x00000000 x12=0xcff94803
       29023000	     14411	80001e02	f884ad13	slti	x26,x9,-120	  x9:0x00013000 x26=0x00000000
       29039000	     14419	80001e06	03dc6e63	bltu	x24,x29,80001e42	 x24:0xcff9480b x29:0x300000d9  x0=0x00000000
       29051000	     14425	80001e0a	03f99e63	bne	x19,x31,80001e46	 x19:0x8001ee7c x31:0xfffffff4  x0=0x00000000
       29231000	     14515	80001e46	02ceee33	rem	x28,x29,x12	 x29:0x300000d9 x12:0xcff94803 x28=0x300000d9
       29233000	     14516	80001e4a	0061c963	blt	x3,x6,80001e5c	  x3:0x0000000a  x6:0x00000000  x0=0x00000000
       29235000	     14517	80001e4e	084a	c.slli	x16,0x12	 x16:0x00000000 x16=0x00000000
       29239000	     14519	80001e50	058ce463	bltu	x25,x24,80001e98	 x25:0x00000000 x24:0xcff9480b  x0=0x00000000
       29307000	     14553	80001e98	01399f33	sll	x30,x19,x19	 x19:0x8001ee7c x19:0x8001ee7c x30=0xc0000000
       29309000	     14554	80001e9c	83a9	c.srli	x15,0xa	 x15:0xfffffff6 x15=0x003fffff
       29321000	     14560	80001e9e	01e69193	slli	x3,x13,0x1e	 x13:0xcff81abb  x3=0xc0000000
       29353000	     14576	80001ea2	3403d173	csrrwi	x2,mscratch,7	  x2=0xcff94801
       29355000	     14577	80001ea6	00a3e5b3	or	x11,x7,x10	  x7:0xcfffff41 x10:0xfffffff2 x11=0xfffffff3
       29357000	     14578	80001eaa	0e4d	c.addi	x28,19	 x28:0x300000d9 x28=0x300000ec
       29359000	     14579	80001eac	04034463	blt	x6,x0,80001ef4	  x6:0x00000000  x0:0x00000000  x0=0x00000000
       29375000	     14587	80001eb0	8ed5	c.or	x13,x13	 x13:0xcff81abb x13:0xcff81abb x13=0xcff81abb
       29393000	     14596	80001eb2	cb4e8e93	addi	x29,x29,-844	 x29:0x300000d9 x29=0x2ffffd8d
       29399000	     14599	80001eb6	3404f173	csrrci	x2,mscratch,9	  x2=0x00000007
       29441000	     14620	80001eba	035c8bb3	mul	x23,x25,x21	 x25:0x00000000 x21:0xffffffff x23=0x00000000
       29443000	     14621	80001ebe	1ddf8c13	addi	x24,x31,477	 x31:0xfffffff4 x24=0x000001d1
       29469000	     14634	80001ec2	40cdde93	srai	x29,x27,0xc	 x27:0x00000000 x29=0x00000000
       29543000	     14671	80001ec6	0341edb3	rem	x27,x3,x20	  x3:0xc0000000 x20:0xfffffd7b x27=0xfffffffc
       29617000	     14708	80001eca	02cd5eb3	divu	x29,x26,x12	 x26:0x00000000 x12:0xcff94803 x29=0x00000000
       29619000	     14709	80001ece	05e9d163	bge	x19,x30,80001f10	 x19:0x8001ee7c x30:0xc0000000  x0=0x00000000
       29643000	     14721	80001ed2	340aaef3	csrrs	x29,mscratch,x21	 x21:0xffffffff x29=0x00000006
       29645000	     14722	80001ed6	167d	c.addi	x12,-1	 x12:0xcff94803 x12=0xcff94802
       29737000	     14768	80001ed8	02fe7f33	remu	x30,x28,x15	 x28:0x300000ec x15:0x003fffff x30=0x000001ac
       29739000	     14769	80001edc	003b3733	sltu	x14,x22,x3	 x22:0x00012006  x3:0xc0000000 x14=0x00000001
       29741000	     14770	80001ee0	6179	c.addi16sp	x2,464	  x2:0x00000007  x2=0x000001d7
       29743000	     14771	80001ee2	3108f913	andi	x18,x17,784	 x17:0x00000000 x18=0x00000000
       29745000	     14772	80001ee6	08f1	c.addi	x17,28	 x17:0x00000000 x17=0x0000001c
       29755000	     14777	80001ee8	01079933	sll	x18,x15,x16	 x15:0x003fffff x16:0x00000000 x18=0x003fffff
       29889000	     14844	80001eec	031be533	rem	x10,x23,x17	 x23:0x00000000 x17:0x0000001c x10=0x00000000
       29891000	     14845	80001ef0	00a05733	srl	x14,x0,x10	  x0:0x00000000 x10:0x00000000 x14=0x00000000
       29893000	     14846	80001ef4	fa076813	ori	x16,x14,-96	 x14:0x00000000 x16=0xffffffa0
       29895000	     14847	80001ef8	1210	c.addi4spn	x12,x2,288	 x12=0x000002f7
       29897000	     14848	80001efa	4b4d	c.li	x22,19	 x22=0x00000013
       29957000	     14878	80001efc	03007363	bgeu	x0,x16,80001f22	  x0:0x00000000 x16:0xffffffa0  x0=0x00000000
       29965000	     14882	80001f00	039d1bb3	mulh	x23,x26,x25	 x26:0x00000000 x25:0x00000000 x23=0x00000000
       29967000	     14883	80001f04	01d177b3	and	x15,x2,x29	  x2:0x000001d7 x29:0x00000006 x15=0x00000006
       29971000	     14885	80001f08	34075b73	csrrwi	x22,mscratch,14	 x22=0xffffffff
       29977000	     14888	80001f0c	40c206b3	sub	x13,x4,x12	  x4:0xfffffc3c x12:0x000002f7 x13=0xfffff945
       29987000	     14893	80001f10	017d4ab3	xor	x21,x26,x23	 x26:0x00000000 x23:0x00000000 x21=0x00000000
       29991000	     14895	80001f14	8d6e	c.mv	x26,x27	  x0:0x00000000 x27:0xfffffffc x26=0xfffffffc
       29995000	     14897	80001f16	0227f663	bgeu	x15,x2,80001f42	 x15:0x00000006  x2:0x000001d7  x0=0x00000000
       30001000	     14900	80001f1a	01e39d63	bne	x7,x30,80001f34	  x7:0xcfffff41 x30:0x000001ac  x0=0x00000000
       30063000	     14931	80001f34	8259	c.srli	x12,0x16	 x12:0x000002f7 x12=0x00000000
       30101000	     14950	80001f36	34095cf3	csrrwi	x25,mscratch,18	 x25=0x0000000e
       30105000	     14952	80001f3a	340a6af3	csrrsi	x21,mscratch,20	 x21=0x00000012
       30145000	     14972	80001f3e	3407bdf3	csrrc	x27,mscratch,x15	 x15:0x00000006 x27=0x00000016
       30147000	     14973	80001f42	8edd	c.or	x13,x15	 x13:0xfffff945 x15:0x00000006 x13=0xfffff947
       30149000	     14974	80001f44	efae9eb7	lui	x29,0xefae9	 x29=0xefae9000
       30151000	     14975	80001f48	852d	c.srai	x10,0xb	 x10:0x00000000 x10=0x00000000
       30153000	     14976	80001f4a	8f15	c.sub	x14,x13	 x14:0x00000000 x13:0xfffff947 x14=0x000006b9
       30165000	     14982	80001f4c	07c9	c.addi	x15,18	 x15:0x00000006 x15=0x00000018
       30167000	     14983	80001f4e	6a79	c.lui	x20,0x1e	 x20=0x0001e000
       30173000	     14986	80001f50	340cb7f3	csrrc	x15,mscratch,x25	 x25:0x0000000e x15=0x00000010
       30175000	     14987	80001f54	8e51	c.or	x12,x12	 x12:0x00000000 x12:0x00000000 x12=0x00000000
       30197000	     14998	80001f56	34047df3	csrrci	x27,mscratch,8	 x27=0x00000010
       30245000	     15022	80001f5a	0a02fa93	andi	x21,x5,160	  x5:0x8001add4 x21=0x00000080
       30247000	     15023	80001f5e	340a78f3	csrrci	x17,mscratch,20	 x17=0x00000010
       30339000	     15069	80001f62	0348cab3	div	x21,x17,x20	 x17:0x00000010 x20:0x0001e000 x21=0x00000000
       30341000	     15070	80001f66	0173d1b3	srl	x3,x7,x23	  x7:0xcfffff41 x23:0x00000000  x3=0xcfffff41
       30343000	     15071	80001f6a	007beb33	or	x22,x23,x7	 x23:0x00000000  x7:0xcfffff41 x22=0xcfffff41
       30345000	     15072	80001f6e	8972	c.mv	x18,x28	  x0:0x00000000 x28:0x300000ec x18=0x300000ec
       30385000	     15092	80001f70	05300263	beq	x0,x19,80001fb4	  x0:0x00000000 x19:0x8001ee7c  x0=0x00000000
       30387000	     15093	80001f74	40b40733	sub	x14,x8,x11	  x8:0xcff9480b x11:0xfffffff3 x14=0xcff94818
       30435000	     15117	80001f78	d761f413	andi	x8,x3,-650	  x3:0xcfffff41  x8=0xcffffd40
       30445000	     15122	80001f7c	04008213	addi	x4,x1,64	  x1:0x00000000  x4=0x00000040
       30463000	     15131	80001f80	e892ec13	ori	x24,x5,-375	  x5:0x8001add4 x24=0xffffffdd
       30505000	     15152	80001f84	415d8cb3	sub	x25,x27,x21	 x27:0x00000010 x21:0x00000000 x25=0x00000010
       30507000	     15153	80001f88	85fd	c.srai	x11,0x1f	 x11:0xfffffff3 x11=0xffffffff
       30519000	     15159	80001f8a	02dafb63	bgeu	x21,x13,80001fc0	 x21:0x00000000 x13:0xfffff947  x0=0x00000000
       30521000	     15160	80001f8e	8cc5	c.or	x9,x9	  x9:0x00013000  x9:0x00013000  x9=0x00013000
       30551000	     15175	80001f90	01d6f5b3	and	x11,x13,x29	 x13:0xfffff947 x29:0xefae9000 x11=0xefae9000
       30553000	     15176	80001f94	8c05	c.sub	x8,x9	  x8:0xcffffd40  x9:0x00013000  x8=0xcffecd40
       30555000	     15177	80001f96	8cb9	c.xor	x9,x14	  x9:0x00013000 x14:0xcff94818  x9=0xcff87818
       30579000	     15189	80001f98	54fd	c.li	x9,-1	  x9=0xffffffff
       30597000	     15198	80001f9a	0267cf63	blt	x15,x6,80001fd8	 x15:0x00000010  x6:0x00000000  x0=0x00000000
       30599000	     15199	80001f9e	8c6d	c.and	x8,x11	  x8:0xcffecd40 x11:0xefae9000  x8=0xcfae8000
       30621000	     15210	80001fa0	03891563	bne	x18,x24,80001fca	 x18:0x300000ec x24:0xffffffdd  x0=0x00000000
       30677000	     15238	80001fca	01949033	sll	x0,x9,x25	  x9:0xffffffff x25:0x00000010  x0=0x00000000
       30695000	     15247	80001fce	00464263	blt	x12,x4,80001fd2	 x12:0x00000000  x4:0x00000040  x0=0x00000000
       30745000	     15272	80001fd2	0274e563	bltu	x9,x7,80001ffc	  x9:0xffffffff  x7:0xcfffff41  x0=0x00000000
       30747000	     15273	80001fd6	8075	c.srli	x8,0x1d	  x8:0xcfae8000  x8=0x00000006
       30787000	     15293	80001fd8	01996cb3	or	x25,x18,x25	 x18:0x300000ec x25:0x00000010 x25=0x300000fc
       30789000	     15294	80001fdc	6125	c.addi16sp	x2,96	  x2:0x000001d7  x2=0x00000237
       30791000	     15295	80001fde	64a9	c.lui	x9,0xa	  x9=0x0000a000
       30813000	     15306	80001fe0	2c952093	slti	x1,x10,713	 x10:0x00000000  x1=0x00000001
       30827000	     15313	80001fe4	340f9273	csrrw	x4,mscratch,x31	 x31:0xfffffff4  x4=0x00000000
       30845000	     15322	80001fe8	ee19	c.bnez	x12,80002006	 x12:0x00000000
       30897000	     15348	80001fea	00ec9fb3	sll	x31,x25,x14	 x25:0x300000fc x14:0xcff94818 x31=0xfc000000
       30899000	     15349	80001fee	00b1f533	and	x10,x3,x11	  x3:0xcfffff41 x11:0xefae9000 x10=0xcfae9000
       30903000	     15351	80001ff2	ec1d	c.bnez	x8,80002030	  x8:0x00000006
       30949000	     15374	80002030	0546c063	blt	x13,x20,80002070	 x13:0xfffff947 x20:0x0001e000  x0=0x00000000
       30993000	     15396	80002070	34075573	csrrwi	x10,mscratch,14	 x10=0xfffffff4
       30997000	     15398	80002074	032e0e63	beq	x28,x18,800020b0	 x28:0x300000ec x18:0x300000ec  x0=0x00000000
       31023000	     15411	800020b0	019d9d63	bne	x27,x25,800020ca	 x27:0x00000010 x25:0x300000fc  x0=0x00000000
       31099000	     15449	800020ca	34069a73	csrrw	x20,mscratch,x13	 x13:0xfffff947 x20=0x0000000e
       31101000	     15450	800020ce	34099473	csrrw	x8,mscratch,x19	 x19:0x8001ee7c  x8=0xfffff947
       31103000	     15451	800020d2	83d1	c.srli	x15,0x14	 x15:0x00000010 x15=0x00000000
       31129000	     15464	800020d4	8e65	c.and	x12,x9	 x12:0x00000000  x9:0x0000a000 x12=0x00000000
       31131000	     15465	800020d6	0ff0000f	fence	iorwiorwiorwiorwiorwiorwiorwiorwiorwiorwiorwiorwiorwiorwiorwiorwiorwiorwiorwiorwiorwiorwiorwiorwiorwiorwiorwiorwiorwiorwiorwiorwiorwiorwiorwiorwiorwiorwiorwiorwiorwiorwiorwiorwiorw,iorwiorwiorwiorwiorwiorwiorwiorwiorwiorwiorwiorwiorwiorwiorwiorwiorwiorwiorwiorwiorwiorwiorwiorwiorwiorwiorwiorwiorwiorwiorwiorwiorwiorwiorwiorwiorwiorwiorwiorwiorwiorwiorwiorwiorwiorw	
       31193000	     15496	800020da	1ba7f393	andi	x7,x15,442	 x15:0x00000000  x7=0x00000000
       31195000	     15497	800020de	0ff0000f	fence	iorwiorwiorwiorwiorwiorwiorwiorwiorwiorwiorwiorwiorwiorwiorwiorwiorwiorwiorwiorwiorwiorwiorwiorwiorwiorwiorwiorwiorwiorwiorwiorwiorwiorwiorwiorwiorwiorwiorwiorwiorwiorwiorwiorwiorwiorwiorw,iorwiorwiorwiorwiorwiorwiorwiorwiorwiorwiorwiorwiorwiorwiorwiorwiorwiorwiorwiorwiorwiorwiorwiorwiorwiorwiorwiorwiorwiorwiorwiorwiorwiorwiorwiorwiorwiorwiorwiorwiorwiorwiorwiorwiorwiorwiorwiorw	
       31201000	     15500	800020e2	02848833	mul	x16,x9,x8	  x9:0x0000a000  x8:0xfffff947 x16=0xfbcc6000
       31203000	     15501	800020e6	8c81	c.sub	x9,x8	  x9:0x0000a000  x8:0xfffff947  x9=0x0000a6b9
       31219000	     15509	800020e8	3403f4f3	csrrci	x9,mscratch,7	  x9=0x8001ee7c
       31269000	     15534	800020ec	66c1	c.lui	x13,0x10	 x13=0x00010000
       31271000	     15535	800020ee	8831	c.andi	x8,12	  x8:0xfffff947  x8=0x00000004
       31315000	     15557	800020f0	029c0f33	mul	x30,x24,x9	 x24:0xffffffdd  x9:0x8001ee7c x30=0x7fbc650c
       31329000	     15564	800020f4	009c6533	or	x10,x24,x9	 x24:0xffffffdd  x9:0x8001ee7c x10=0xfffffffd
       31341000	     15570	800020f8	01464d33	xor	x26,x12,x20	 x12:0x00000000 x20:0x0000000e x26=0x0000000e
       31343000	     15571	800020fc	01d018b3	sll	x17,x0,x29	  x0:0x00000000 x29:0xefae9000 x17=0x00000000
       31385000	     15592	80002100	41fdd393	srai	x7,x27,0x1f	 x27:0x00000010  x7=0x00000000
       31393000	     15596	80002104	0c14	c.addi4spn	x13,x2,528	 x13=0x00000447
       31395000	     15597	80002106	82a5	c.srli	x13,0x9	 x13:0x00000447 x13=0x00000002
       31437000	     15618	80002108	40185a13	srai	x20,x16,0x1	 x16:0xfbcc6000 x20=0xfde63000
       31441000	     15620	8000210c	c789	c.beqz	x15,80002116	 x15:0x00000000
       31501000	     15650	80002116	00a71833	sll	x16,x14,x10	 x14:0xcff94818 x10:0xfffffffd x16=0x00000000
       31535000	     15667	8000211a	013c68b3	or	x17,x24,x19	 x24:0xffffffdd x19:0x8001ee7c x17=0xfffffffd
       31583000	     15691	8000211e	0303b433	mulhu	x8,x7,x16	  x7:0x00000000 x16:0x00000000  x8=0x00000000
       31619000	     15709	80002122	d1832c17	auipc	x24,0xd1832	 x24=0x51834122
       31621000	     15710	80002126	8d29	c.xor	x10,x10	 x10:0xfffffffd x10:0xfffffffd x10=0x00000000
       31655000	     15727	80002128	f7db2213	slti	x4,x22,-131	 x22:0xcfffff41  x4=0x00000001
       31657000	     15728	8000212c	fcf42b93	slti	x23,x8,-49	  x8:0x00000000 x23=0x00000000
       31661000	     15730	80002130	e999	c.bnez	x11,80002146	 x11:0xefae9000
       31699000	     15749	80002146	00e54db3	xor	x27,x10,x14	 x10:0x00000000 x14:0xcff94818 x27=0xcff94818
       31701000	     15750	8000214a	9eca	c.add	x29,x18	 x29:0xefae9000 x18:0x300000ec x29=0x1fae90ec
       31707000	     15753	8000214c	03438cb3	mul	x25,x7,x20	  x7:0x00000000 x20:0xfde63000 x25=0x00000000
       31719000	     15759	80002150	01670933	add	x18,x14,x22	 x14:0xcff94818 x22:0xcfffff41 x18=0x9ff94759
       31781000	     15790	80002154	8415	c.srai	x8,0x5	  x8:0x00000000  x8=0x00000000
       31829000	     15814	80002156	02a03833	mulhu	x16,x0,x10	  x0:0x00000000 x10:0x00000000 x16=0x00000000
       31833000	     15816	8000215a	00d31263	bne	x6,x13,8000215e	  x6:0x00000000 x13:0x00000002  x0=0x00000000
       31867000	     15833	8000215e	34051973	csrrw	x18,mscratch,x10	 x10:0x00000000 x18=0x8001ee78
       31869000	     15834	80002162	4158dd13	srai	x26,x17,0x15	 x17:0xfffffffd x26=0xffffffff
       31907000	     15853	80002166	00c81c33	sll	x24,x16,x12	 x16:0x00000000 x12:0x00000000 x24=0x00000000
       31913000	     15856	8000216a	03390833	mul	x16,x18,x19	 x18:0x8001ee78 x19:0x8001ee7c x16=0xbb1b1220
       31915000	     15857	8000216e	00d20033	add	x0,x4,x13	  x4:0x00000001 x13:0x00000002  x0=0x00000000
       31917000	     15858	80002172	9946	c.add	x18,x17	 x18:0x8001ee78 x17:0xfffffffd x18=0x8001ee75
       31923000	     15861	80002174	027e6033	rem	x0,x28,x7	 x28:0x300000ec  x7:0x00000000  x0=0x00000000
       31939000	     15869	80002178	340fb173	csrrc	x2,mscratch,x31	 x31:0xfc000000  x2=0x00000000
       31941000	     15870	8000217c	fdddaf93	slti	x31,x27,-35	 x27:0xcff94818 x31=0x00000001
       31943000	     15871	80002180	8d8a	c.mv	x27,x2	  x0:0x00000000  x2:0x00000000 x27=0x00000000
       31965000	     15882	80002182	05b20063	beq	x4,x27,800021c2	  x4:0x00000001 x27:0x00000000  x0=0x00000000
       32007000	     15903	80002186	0294e963	bltu	x9,x9,800021b8	  x9:0x8001ee7c  x9:0x8001ee7c  x0=0x00000000
       32009000	     15904	8000218a	88cd	c.andi	x9,19	  x9:0x8001ee7c  x9=0x00000010
       32025000	     15912	8000218c	9ae726b7	lui	x13,0x9ae72	 x13=0x9ae72000
       32099000	     15949	80002190	02d44db3	div	x27,x8,x13	  x8:0x00000000 x13:0x9ae72000 x27=0x00000000
       32101000	     15950	80002194	3ca2f493	andi	x9,x5,970	  x5:0x8001add4  x9=0x000001c0
       32103000	     15951	80002198	340cb173	csrrc	x2,mscratch,x25	 x25:0x00000000  x2=0x00000000
       32105000	     15952	8000219c	046c0093	addi	x1,x24,70	 x24:0x00000000  x1=0x00000046
       32143000	     15971	800021a0	01e695b3	sll	x11,x13,x30	 x13:0x9ae72000 x30:0x7fbc650c x11=0x72000000
       32253000	     16026	800021a4	03ddf1b3	remu	x3,x27,x29	 x27:0x00000000 x29:0x1fae90ec  x3=0x00000000
       32255000	     16027	800021a8	00b98463	beq	x19,x11,800021b0	 x19:0x8001ee7c x11:0x72000000  x0=0x00000000
       32257000	     16028	800021ac	411c5db3	sra	x27,x24,x17	 x24:0x00000000 x17:0xfffffffd x27=0x00000000
       32259000	     16029	800021b0	22ae7f93	andi	x31,x28,554	 x28:0x300000ec x31=0x00000028
       32301000	     16050	800021b4	3401de73	csrrwi	x28,mscratch,3	 x28=0x00000000
       32309000	     16054	800021b8	0262bcb3	mulhu	x25,x5,x6	  x5:0x8001add4  x6:0x00000000 x25=0x00000000
       32311000	     16055	800021bc	9afd	c.andi	x13,-1	 x13:0x9ae72000 x13=0x9ae72000
       32319000	     16059	800021be	fe4ff393	andi	x7,x31,-28	 x31:0x00000028  x7=0x00000020
       32321000	     16060	800021c2	857a	c.mv	x10,x30	  x0:0x00000000 x30:0x7fbc650c x10=0x7fbc650c
       32395000	     16097	800021c4	02ebca33	div	x20,x23,x14	 x23:0x00000000 x14:0xcff94818 x20=0x00000000
       32397000	     16098	800021c8	3406f473	csrrci	x8,mscratch,13	  x8=0x00000003
       32403000	     16101	800021cc	02280ab3	mul	x21,x16,x2	 x16:0xbb1b1220  x2:0x00000000 x21=0x00000000
       32405000	     16102	800021d0	8cc5	c.or	x9,x9	  x9:0x000001c0  x9:0x000001c0  x9=0x000001c0
       32427000	     16113	800021d2	0241b1b3	mulhu	x3,x3,x4	  x3:0x00000000  x4:0x00000001  x3=0x00000000
       32455000	     16127	800021d6	038cc533	div	x10,x25,x24	 x25:0x00000000 x24:0x00000000 x10=0xffffffff
       32457000	     16128	800021da	676d	c.lui	x14,0x1b	 x14=0x0001b000
       32461000	     16130	800021dc	34017b73	csrrci	x22,mscratch,2	 x22=0x00000002
       32463000	     16131	800021e0	00ce3eb3	sltu	x29,x28,x12	 x28:0x00000000 x12:0x00000000 x29=0x00000000
       32481000	     16140	800021e4	f4ae1617	auipc	x12,0xf4ae1	 x12=0x74ae31e4
       32487000	     16143	800021e8	c549ec13	ori	x24,x19,-940	 x19:0x8001ee7c x24=0xfffffe7c
       32495000	     16147	800021ec	340e5ff3	csrrwi	x31,mscratch,28	 x31=0x00000000
       32497000	     16148	800021f0	340ad5f3	csrrwi	x11,mscratch,21	 x11=0x0000001c
       32519000	     16159	800021f4	8d46	c.mv	x26,x17	  x0:0x00000000 x17:0xfffffffd x26=0xfffffffd
       32541000	     16170	800021f6	407fdd93	srai	x27,x31,0x7	 x31:0x00000000 x27=0x00000000
       32585000	     16192	800021fa	02f2d863	bge	x5,x15,8000222a	  x5:0x8001add4 x15:0x00000000  x0=0x00000000
       32607000	     16203	800021fe	00e47633	and	x12,x8,x14	  x8:0x00000003 x14:0x0001b000 x12=0x00000000
       32609000	     16204	80002202	611d	c.addi16sp	x2,416	  x2:0x00000000  x2=0x000001a0
       32617000	     16208	80002204	8c11	c.sub	x8,x12	  x8:0x00000003 x12:0x00000000  x8=0x00000003
       32719000	     16259	80002206	03aedf33	divu	x30,x29,x26	 x29:0x00000000 x26:0xfffffffd x30=0x00000000
       32721000	     16260	8000220a	c685	c.beqz	x13,80002232	 x13:0x9ae72000
       32723000	     16261	8000220c	01a72693	slti	x13,x14,26	 x14:0x0001b000 x13=0x00000000
       32727000	     16263	80002210	ed89	c.bnez	x11,8000222a	 x11:0x0000001c
       32797000	     16298	8000222a	e11cff13	andi	x30,x25,-495	 x25:0x00000000 x30=0x00000000
       32825000	     16312	8000222e	340528f3	csrrs	x17,mscratch,x10	 x10:0xffffffff x17=0x00000015
       32827000	     16313	80002232	567d	c.li	x12,-1	 x12=0xffffffff
       32835000	     16317	80002234	00279933	sll	x18,x15,x2	 x15:0x00000000  x2:0x000001a0 x18=0x00000000
       32857000	     16328	80002238	00d66133	or	x2,x12,x13	 x12:0xffffffff x13:0x00000000  x2=0xffffffff
       32895000	     16347	8000223c	897a	c.mv	x18,x30	  x0:0x00000000 x30:0x00000000 x18=0x00000000
       32897000	     16348	8000223e	87e1	c.srai	x15,0x18	 x15:0x00000000 x15=0x00000000
       32901000	     16350	80002240	037ff863	bgeu	x31,x23,80002270	 x31:0x00000000 x23:0x00000000  x0=0x00000000
       32931000	     16365	80002270	0001	c.addi	x0,0	  x0:0x00000000  x0=0x00000000
       32933000	     16366	80002272	8ee5	c.and	x13,x9	 x13:0x00000000  x9:0x000001c0 x13=0x00000000
       32975000	     16387	80002274	3409b973	csrrc	x18,mscratch,x19	 x19:0x8001ee7c x18=0xffffffff
       32977000	     16388	80002278	e0b5af93	slti	x31,x11,-501	 x11:0x0000001c x31=0x00000000
       33011000	     16405	8000227c	0256	c.slli	x4,0x15	  x4:0x00000001  x4=0x00200000
       33013000	     16406	8000227e	6b3b85b7	lui	x11,0x6b3b8	 x11=0x6b3b8000
       33021000	     16410	80002282	02090fb3	mul	x31,x18,x0	 x18:0xffffffff  x0:0x00000000 x31=0x00000000
       33035000	     16417	80002286	03a2b5b3	mulhu	x11,x5,x26	  x5:0x8001add4 x26:0xfffffffd x11=0x8001add2
       33037000	     16418	8000228a	340f7d73	csrrci	x26,mscratch,30	 x26=0x7ffe1183
       33049000	     16424	8000228e	f4d20a93	addi	x21,x4,-179	  x4:0x00200000 x21=0x001fff4d
       33089000	     16444	80002292	0016f733	and	x14,x13,x1	 x13:0x00000000  x1:0x00000046 x14=0x00000000
       33091000	     16445	80002296	8fb9	c.xor	x15,x14	 x15:0x00000000 x14:0x00000000 x15=0x00000000
       33107000	     16453	80002298	011c8863	beq	x25,x17,800022a8	 x25:0x00000000 x17:0x00000015  x0=0x00000000
       33159000	     16479	8000229c	034618b3	mulh	x17,x12,x20	 x12:0xffffffff x20:0x00000000 x17=0x00000000
       33169000	     16484	800022a0	340517f3	csrrw	x15,mscratch,x10	 x10:0xffffffff x15=0x7ffe1181
       33283000	     16541	800022a4	0303ec33	rem	x24,x7,x16	  x7:0x00000020 x16:0xbb1b1220 x24=0x00000020
       33285000	     16542	800022a8	008991b3	sll	x3,x19,x8	 x19:0x8001ee7c  x8:0x00000003  x3=0x000f73e0
       33287000	     16543	800022ac	6a69	c.lui	x20,0x1a	 x20=0x0001a000
       33289000	     16544	800022ae	01271213	slli	x4,x14,0x12	 x14:0x00000000  x4=0x00000000
       33309000	     16554	800022b2	34083673	csrrc	x12,mscratch,x16	 x16:0xbb1b1220 x12=0xffffffff
       33311000	     16555	800022b6	8c51	c.or	x8,x12	  x8:0x00000003 x12:0xffffffff  x8=0xffffffff
       33353000	     16576	800022b8	03a7c763	blt	x15,x26,800022e6	 x15:0x7ffe1181 x26:0x7ffe1183  x0=0x00000000
       33395000	     16597	800022e6	0001	c.addi	x0,0	  x0:0x00000000  x0=0x00000000
       33409000	     16604	800022e8	6faaab97	auipc	x23,0x6faaa	 x23=0xefaac2e8
       33411000	     16605	800022ec	8ec5	c.or	x13,x9	 x13:0x00000000  x9:0x000001c0 x13=0x000001c0
       33413000	     16606	800022ee	8c91	c.sub	x9,x12	  x9:0x000001c0 x12:0xffffffff  x9=0x000001c1
       33423000	     16611	800022f0	03111363	bne	x2,x17,80002316	  x2:0xffffffff x17:0x00000000  x0=0x00000000
       33487000	     16643	80002316	0001	c.addi	x0,0	  x0:0x00000000  x0=0x00000000
       33489000	     16644	80002318	015bac33	slt	x24,x23,x21	 x23:0xefaac2e8 x21:0x001fff4d x24=0x00000001
       33541000	     16670	8000231c	8fa9	c.xor	x15,x10	 x15:0x7ffe1181 x10:0xffffffff x15=0x8001ee7e
       33543000	     16671	8000231e	1e667393	andi	x7,x12,486	 x12:0xffffffff  x7=0x000001e6
       33545000	     16672	80002322	0994	c.addi4spn	x13,x2,208	 x13=0x000000cf
       33647000	     16723	80002324	03404d33	div	x26,x0,x20	  x0:0x00000000 x20:0x0001a000 x26=0x00000000
       33649000	     16724	80002328	0076aab3	slt	x21,x13,x7	 x13:0x000000cf  x7:0x000001e6 x21=0x00000001
       33651000	     16725	8000232c	340f78f3	csrrci	x17,mscratch,30	 x17=0x44e4eddf
       33725000	     16762	80002330	035e50b3	divu	x1,x28,x21	 x28:0x00000000 x21:0x00000001  x1=0x00000000
       33731000	     16765	80002334	033586b3	mul	x13,x11,x19	 x11:0x8001add2 x19:0x8001ee7c x13=0x3e3b6db8
       33805000	     16802	80002338	02274733	div	x14,x14,x2	 x14:0x00000000  x2:0xffffffff x14=0x00000000
       33807000	     16803	8000233c	8831	c.andi	x8,12	  x8:0xffffffff  x8=0x0000000c
       33809000	     16804	8000233e	00ee6033	or	x0,x28,x14	 x28:0x00000000 x14:0x00000000  x0=0x00000000
       33811000	     16805	80002342	00495d33	srl	x26,x18,x4	 x18:0xffffffff  x4:0x00000000 x26=0xffffffff
       33881000	     16840	80002346	029530b3	mulhu	x1,x10,x9	 x10:0xffffffff  x9:0x000001c1  x1=0x000001c0
       33907000	     16853	8000234a	00c7ba33	sltu	x20,x15,x12	 x15:0x8001ee7e x12:0xffffffff x20=0x00000001
       33919000	     16859	8000234e	03e64033	div	x0,x12,x30	 x12:0xffffffff x30:0x00000000  x0=0x00000000
       33959000	     16879	80002352	340d51f3	csrrwi	x3,mscratch,26	  x3=0x44e4edc1
       33961000	     16880	80002356	0988	c.addi4spn	x10,x2,208	 x10=0x000000cf
       34069000	     16934	80002358	021cceb3	div	x29,x25,x1	 x25:0x00000000  x1:0x000001c0 x29=0x00000000
       34071000	     16935	8000235c	41f0de33	sra	x28,x1,x31	  x1:0x000001c0 x31:0x00000000 x28=0x000001c0
       34073000	     16936	80002360	0a66	c.slli	x20,0x19	 x20:0x00000001 x20=0x02000000
       34075000	     16937	80002362	000b1193	slli	x3,x22,0x0	 x22:0x00000002  x3=0x00000002
       34129000	     16964	80002366	01435c93	srli	x25,x6,0x14	  x6:0x00000000 x25=0x00000000
       34141000	     16970	8000236a	039a0e33	mul	x28,x20,x25	 x20:0x02000000 x25:0x00000000 x28=0x00000000
       34153000	     16976	8000236e	03d15f63	bge	x2,x29,800023ac	  x2:0xffffffff x29:0x00000000  x0=0x00000000
       34159000	     16979	80002372	7f40df37	lui	x30,0x7f40d	 x30=0x7f40d000
       34181000	     16990	80002376	de1b7437	lui	x8,0xde1b7	  x8=0xde1b7000
       34183000	     16991	8000237a	8159	c.srli	x10,0x16	 x10:0x000000cf x10=0x00000000
       34209000	     17004	8000237c	04f19063	bne	x3,x15,800023bc	  x3:0x00000002 x15:0x8001ee7e  x0=0x00000000
       34243000	     17021	800023bc	0580	c.addi4spn	x8,x2,704	  x8=0x000002bf
       34245000	     17022	800023be	8c79	c.and	x8,x14	  x8:0x000002bf x14:0x00000000  x8=0x00000000
       34263000	     17031	800023c0	03beb033	mulhu	x0,x29,x27	 x29:0x00000000 x27:0x00000000  x0=0x00000000
       34279000	     17039	800023c4	159d3f93	sltiu	x31,x26,345	 x26:0xffffffff x31=0x00000000
       34407000	     17103	800023c8	029e6ab3	rem	x21,x28,x9	 x28:0x00000000  x9:0x000001c1 x21=0x00000000
       34409000	     17104	800023cc	40d3d233	sra	x4,x7,x13	  x7:0x000001e6 x13:0x3e3b6db8  x4=0x00000000
       34411000	     17105	800023d0	0057d633	srl	x12,x15,x5	 x15:0x8001ee7e  x5:0x8001add4 x12=0x00000800
       34413000	     17106	800023d4	016a1413	slli	x8,x20,0x16	 x20:0x02000000  x8=0x00000000
       34423000	     17111	800023d8	00539863	bne	x7,x5,800023e8	  x7:0x000001e6  x5:0x8001add4  x0=0x00000000
       34451000	     17125	800023e8	340573f3	csrrci	x7,mscratch,10	  x7=0x0000001a
       34473000	     17136	800023ec	0729	c.addi	x14,10	 x14:0x00000000 x14=0x0000000a
       34475000	     17137	800023ee	01ddd893	srli	x17,x27,0x1d	 x27:0x00000000 x17=0x00000000
       34477000	     17138	800023f2	020f9a63	bne	x31,x0,80002426	 x31:0x00000000  x0:0x00000000  x0=0x00000000
       34497000	     17148	800023f6	03c3f933	remu	x18,x7,x28	  x7:0x0000001a x28:0x00000000 x18=0x0000001a
       34499000	     17149	800023fa	8d41	c.or	x10,x8	 x10:0x00000000  x8:0x00000000 x10=0x00000000
       34511000	     17155	800023fc	813d	c.srli	x10,0xf	 x10:0x00000000 x10=0x00000000
       34513000	     17156	800023fe	d2f78c93	addi	x25,x15,-721	 x15:0x8001ee7e x25=0x8001ebad
       34535000	     17167	80002402	2abfe093	ori	x1,x31,683	 x31:0x00000000  x1=0x000002ab
       34537000	     17168	80002406	0149d413	srli	x8,x19,0x14	 x19:0x8001ee7c  x8=0x00000800
       34559000	     17179	8000240a	34023ef3	csrrc	x29,mscratch,x4	  x4:0x00000000 x29=0x00000010
       34581000	     17190	8000240e	031214b3	mulh	x9,x4,x17	  x4:0x00000000 x17:0x00000000  x9=0x00000000
       34583000	     17191	80002412	1ffd	c.addi	x31,-1	 x31:0x00000000 x31=0xffffffff
       34619000	     17209	80002414	03a1e963	bltu	x3,x26,80002446	  x3:0x00000002 x26:0xffffffff  x0=0x00000000
       34679000	     17239	80002446	0001	c.addi	x0,0	  x0:0x00000000  x0=0x00000000
       34707000	     17253	80002448	03233633	mulhu	x12,x6,x18	  x6:0x00000000 x18:0x0000001a x12=0x00000000
       34709000	     17254	8000244c	401ad3b3	sra	x7,x21,x1	 x21:0x00000000  x1:0x000002ab  x7=0x00000000
       34729000	     17264	80002450	9216	c.add	x4,x5	  x4:0x00000000  x5:0x8001add4  x4=0x8001add4
       34753000	     17276	80002452	001328b3	slt	x17,x6,x1	  x6:0x00000000  x1:0x000002ab x17=0x00000001
       34805000	     17302	80002456	01081db3	sll	x27,x16,x16	 x16:0xbb1b1220 x16:0xbb1b1220 x27=0xbb1b1220
       34807000	     17303	8000245a	8ef9	c.and	x13,x14	 x13:0x3e3b6db8 x14:0x0000000a x13=0x00000008
       34811000	     17305	8000245c	02786ab3	rem	x21,x16,x7	 x16:0xbb1b1220  x7:0x00000000 x21=0xbb1b1220
       34829000	     17314	80002460	01b6e833	or	x16,x13,x27	 x13:0x00000008 x27:0xbb1b1220 x16=0xbb1b1228
       34839000	     17319	80002464	0ff0000f	fence	iorwiorwiorwiorwiorwiorwiorwiorwiorwiorwiorwiorwiorwiorwiorwiorwiorwiorwiorwiorwiorwiorwiorwiorwiorwiorwiorwiorwiorwiorwiorwiorwiorwiorwiorwiorwiorwiorwiorwiorwiorwiorwiorwiorwiorwiorwiorwiorwiorw,iorwiorwiorwiorwiorwiorwiorwiorwiorwiorwiorwiorwiorwiorwiorwiorwiorwiorwiorwiorwiorwiorwiorwiorwiorwiorwiorwiorwiorwiorwiorwiorwiorwiorwiorwiorwiorwiorwiorwiorwiorwiorwiorwiorwiorwiorwiorwiorwiorwiorw	
       34861000	     17330	80002468	f93afa93	andi	x21,x21,-109	 x21:0xbb1b1220 x21=0xbb1b1200
       34903000	     17351	8000246c	67b1	c.lui	x15,0xc	 x15=0x0000c000
       35001000	     17400	8000246e	02fbddb3	divu	x27,x23,x15	 x23:0xefaac2e8 x15:0x0000c000 x27=0x00013f8e
       35003000	     17401	80002472	08ad	c.addi	x17,11	 x17:0x00000001 x17=0x0000000c
       35005000	     17402	80002474	4391	c.li	x7,4	  x7=0x00000004
       35013000	     17406	80002476	02451d33	mulh	x26,x10,x4	 x10:0x00000000  x4:0x8001add4 x26=0x00000000
       35015000	     17407	8000247a	6c49	c.lui	x24,0x12	 x24=0x00012000
       35025000	     17412	8000247c	00ca	c.slli	x1,0x12	  x1:0x000002ab  x1=0x0aac0000
       35027000	     17413	8000247e	98fd	c.andi	x9,-1	  x9:0x00000000  x9=0x00000000
       35029000	     17414	80002480	01f4afb3	slt	x31,x9,x31	  x9:0x00000000 x31:0xffffffff x31=0x00000000
       35031000	     17415	80002484	018d7663	bgeu	x26,x24,80002490	 x26:0x00000000 x24:0x00012000  x0=0x00000000
       35049000	     17424	80002488	2491e093	ori	x1,x3,585	  x3:0x00000002  x1=0x0000024b
       35051000	     17425	8000248c	0137a033	slt	x0,x15,x19	 x15:0x0000c000 x19:0x8001ee7c  x0=0x00000000
       35065000	     17432	80002490	412c0fb3	sub	x31,x24,x18	 x24:0x00012000 x18:0x0000001a x31=0x00011fe6
       35067000	     17433	80002494	0001	c.addi	x0,0	  x0:0x00000000  x0=0x00000000
       35069000	     17434	80002496	0268f263	bgeu	x17,x6,800024ba	 x17:0x0000000c  x6:0x00000000  x0=0x00000000
       35111000	     17455	8000249a	01513cb3	sltu	x25,x2,x21	  x2:0xffffffff x21:0xbb1b1200 x25=0x00000000
       35113000	     17456	8000249e	8ebd	c.xor	x13,x15	 x13:0x00000008 x15:0x0000c000 x13=0x0000c008
       35115000	     17457	800024a0	01985433	srl	x8,x16,x25	 x16:0xbb1b1228 x25:0x00000000  x8=0xbb1b1228
       35205000	     17502	800024a4	032af233	remu	x4,x21,x18	 x21:0xbb1b1200 x18:0x0000001a  x4=0x0000000e
       35209000	     17504	800024a8	034ecc63	blt	x29,x20,800024e0	 x29:0x00000010 x20:0x02000000  x0=0x00000000
       35233000	     17516	800024e0	f9bee713	ori	x14,x29,-101	 x29:0x00000010 x14=0xffffff9b
       35237000	     17518	800024e4	0efe7793	andi	x15,x28,239	 x28:0x00000000 x15=0x00000000
       35269000	     17534	800024e8	7b32fd97	auipc	x27,0x7b32f	 x27=0xfb3314e8
       35279000	     17539	800024ec	340ef7f3	csrrci	x15,mscratch,29	 x15=0x00000010
       35303000	     17551	800024f0	717d	c.addi16sp	x2,-16	  x2:0xffffffff  x2=0xffffffef
       35349000	     17574	800024f2	3404e173	csrrsi	x2,mscratch,9	  x2=0x00000000
       35351000	     17575	800024f6	0055aa33	slt	x20,x11,x5	 x11:0x8001add2  x5:0x8001add4 x20=0x00000001
       35375000	     17587	800024fa	03ed0bb3	mul	x23,x26,x30	 x26:0x00000000 x30:0x7f40d000 x23=0x00000000
       35377000	     17588	800024fe	8f51	c.or	x14,x12	 x14:0xffffff9b x12:0x00000000 x14=0xffffff9b
       35433000	     17616	80002500	8dce	c.mv	x27,x19	  x0:0x00000000 x19:0x8001ee7c x27=0x8001ee7c
       35437000	     17618	80002502	02c67833	remu	x16,x12,x12	 x12:0x00000000 x12:0x00000000 x16=0x00000000
       35457000	     17628	80002506	29a92813	slti	x16,x18,666	 x18:0x0000001a x16=0x00000001
       35459000	     17629	8000250a	8b41	c.andi	x14,16	 x14:0xffffff9b x14=0x00000010
       35513000	     17656	8000250c	0038eb63	bltu	x17,x3,80002522	 x17:0x0000000c  x3:0x00000002  x0=0x00000000
       35515000	     17657	80002510	98fd	c.andi	x9,-1	  x9:0x00000000  x9=0x00000000
       35517000	     17658	80002512	0001	c.addi	x0,0	  x0:0x00000000  x0=0x00000000
       35537000	     17668	80002514	2cf76f13	ori	x30,x14,719	 x14:0x00000010 x30=0x000002df
       35539000	     17669	80002518	8c19	c.sub	x8,x14	  x8:0xbb1b1228 x14:0x00000010  x8=0xbb1b1218
       35545000	     17672	8000251a	012eccb3	xor	x25,x29,x18	 x29:0x00000010 x18:0x0000001a x25=0x0000000a
       35581000	     17690	8000251e	00493db3	sltu	x27,x18,x4	 x18:0x0000001a  x4:0x0000000e x27=0x00000000
       35605000	     17702	80002522	002b5a63	bge	x22,x2,80002536	 x22:0x00000002  x2:0x00000000  x0=0x00000000
       35611000	     17705	80002526	0c7c7493	andi	x9,x24,199	 x24:0x00012000  x9=0x00000000
       35613000	     17706	8000252a	8ff5	c.and	x15,x13	 x15:0x00000010 x13:0x0000c008 x15=0x00000000
       35653000	     17726	8000252c	16fd	c.addi	x13,-1	 x13:0x0000c008 x13=0x0000c007
       35729000	     17764	8000252e	03594f33	div	x30,x18,x21	 x18:0x0000001a x21:0xbb1b1200 x30=0x00000000
       35731000	     17765	80002532	8c9d	c.sub	x9,x15	  x9:0x00000000 x15:0x00000000  x9=0x00000000
       35733000	     17766	80002534	cb15	c.beqz	x14,80002568	 x14:0x00000010
       35735000	     17767	80002536	00953bb3	sltu	x23,x10,x9	 x10:0x00000000  x9:0x00000000 x23=0x00000000
       35739000	     17769	8000253a	e199	c.bnez	x11,80002540	 x11:0x8001add2
       35765000	     17782	80002540	3407a173	csrrs	x2,mscratch,x15	 x15:0x00000000  x2=0x00000009
       35787000	     17793	80002544	340f5ff3	csrrwi	x31,mscratch,30	 x31=0x00000009
       35835000	     17817	80002548	db670117	auipc	x2,0xdb670	  x2=0x5b672548
       35837000	     17818	8000254c	df566093	ori	x1,x12,-523	 x12:0x00000000  x1=0xfffffdf5
       35873000	     17836	80002550	6fdc6d37	lui	x26,0x6fdc6	 x26=0x6fdc6000
       35915000	     17857	80002554	fef7fe93	andi	x29,x15,-17	 x15:0x00000000 x29=0x00000000
       35919000	     17859	80002558	00456c63	bltu	x10,x4,80002570	 x10:0x00000000  x4:0x0000000e  x0=0x00000000
       35981000	     17890	80002570	01a537b3	sltu	x15,x10,x26	 x10:0x00000000 x26:0x6fdc6000 x15=0x00000001
       36007000	     17903	80002574	b262e897	auipc	x17,0xb262e	 x17=0x32630574
       36041000	     17920	80002578	c15ebd93	sltiu	x27,x29,-1003	 x29:0x00000000 x27=0x00000001
       36051000	     17925	8000257c	0399d363	bge	x19,x25,800025a2	 x19:0x8001ee7c x25:0x0000000a  x0=0x00000000
       36085000	     17942	80002580	8f65	c.and	x14,x9	 x14:0x00000010  x9:0x00000000 x14=0x00000000
       36087000	     17943	80002582	8da1	c.xor	x11,x8	 x11:0x8001add2  x8:0xbb1b1218 x11=0x3b1abfca
       36101000	     17950	80002584	6c4d	c.lui	x24,0x13	 x24=0x00013000
       36103000	     17951	80002586	4bdd8517	auipc	x10,0x4bdd8	 x10=0xcbdda586
       36107000	     17953	8000258a	ee85	c.bnez	x13,800025c2	 x13:0x0000c007
       36181000	     17990	800025c2	20c4e493	ori	x9,x9,524	  x9:0x00000000  x9=0x0000020c
       36213000	     18006	800025c6	0217aeb3	mulhsu	x29,x15,x1	 x15:0x00000001  x1:0xfffffdf5 x29=0x00000000
       36245000	     18022	800025ca	01f24c93	xori	x25,x4,31	  x4:0x0000000e x25=0x00000011
       36247000	     18023	800025ce	0001	c.addi	x0,0	  x0:0x00000000  x0=0x00000000
       36261000	     18030	800025d0	4199	c.li	x3,6	  x3=0x00000006
       36263000	     18031	800025d2	8169	c.srli	x10,0x1a	 x10:0xcbdda586 x10=0x00000032
       36281000	     18040	800025d4	8e1a	c.mv	x28,x6	  x0:0x00000000  x6:0x00000000 x28=0x00000000
       36357000	     18078	800025d6	0331e5b3	rem	x11,x3,x19	  x3:0x00000006 x19:0x8001ee7c x11=0x00000006
       36359000	     18079	800025da	34052773	csrrs	x14,mscratch,x10	 x10:0x00000032 x14=0x0000001e
       36361000	     18080	800025de	340e9d73	csrrw	x26,mscratch,x29	 x29:0x00000000 x26=0x0000003e
       36393000	     18096	800025e2	340feff3	csrrsi	x31,mscratch,31	 x31=0x00000000
       36409000	     18104	800025e6	03081b33	mulh	x22,x16,x16	 x16:0x00000001 x16:0x00000001 x22=0x00000000
       36421000	     18110	800025ea	406a5133	sra	x2,x20,x6	 x20:0x00000001  x6:0x00000000  x2=0x00000001
       36433000	     18116	800025ee	340a5a73	csrrwi	x20,mscratch,20	 x20=0x0000001f
       36463000	     18131	800025f2	dc3d4593	xori	x11,x26,-573	 x26:0x0000003e x11=0xfffffdfd
       36465000	     18132	800025f6	9d16	c.add	x26,x5	 x26:0x0000003e  x5:0x8001add4 x26=0x8001ae12
       36473000	     18136	800025f8	40ad57b3	sra	x15,x26,x10	 x26:0x8001ae12 x10:0x00000032 x15=0xffffe000
       36477000	     18138	800025fc	41b75d33	sra	x26,x14,x27	 x14:0x0000001e x27:0x00000001 x26=0x0000000f
       36507000	     18153	80002600	029ac063	blt	x21,x9,80002620	 x21:0xbb1b1200  x9:0x0000020c  x0=0x00000000
       36551000	     18175	80002620	00beef33	or	x30,x29,x11	 x29:0x00000000 x11:0xfffffdfd x30=0xfffffdfd
       36593000	     18196	80002624	0001	c.addi	x0,0	  x0:0x00000000  x0=0x00000000
       36595000	     18197	80002626	01b95e63	bge	x18,x27,80002642	 x18:0x0000001a x27:0x00000001  x0=0x00000000
       36597000	     18198	8000262a	987d	c.andi	x8,-1	  x8:0xbb1b1218  x8=0xbb1b1218
       36625000	     18212	8000262c	038c35b3	mulhu	x11,x24,x24	 x24:0x00013000 x24:0x00013000 x11=0x00000001
       36627000	     18213	80002630	03d2f563	bgeu	x5,x29,8000265a	  x5:0x8001add4 x29:0x00000000  x0=0x00000000
       36629000	     18214	80002634	8cd1	c.or	x9,x12	  x9:0x0000020c x12:0x00000000  x9=0x0000020c
       36631000	     18215	80002636	41a45eb3	sra	x29,x8,x26	  x8:0xbb1b1218 x26:0x0000000f x29=0xffff7636
       36633000	     18216	8000263a	0001	c.addi	x0,0	  x0:0x00000000  x0=0x00000000
       36651000	     18225	8000263c	0231	c.addi	x4,12	  x4:0x0000000e  x4=0x0000001a
       36687000	     18243	8000263e	340d9af3	csrrw	x21,mscratch,x27	 x27:0x00000001 x21=0x00000014
       36729000	     18264	80002642	01f51c13	slli	x24,x10,0x1f	 x10:0x00000032 x24=0x00000000
       36731000	     18265	80002646	3401ed73	csrrsi	x26,mscratch,3	 x26=0x00000001
       36829000	     18314	8000264a	02f16c33	rem	x24,x2,x15	  x2:0x00000001 x15:0xffffe000 x24=0x00000001
       36831000	     18315	8000264e	045d0163	beq	x26,x5,80002690	 x26:0x00000001  x5:0x8001add4  x0=0x00000000
       36835000	     18317	80002652	ed1d	c.bnez	x10,80002690	 x10:0x00000032
       36911000	     18355	80002690	01c89a13	slli	x20,x17,0x1c	 x17:0x32630574 x20=0x40000000
       36927000	     18363	80002694	005d1713	slli	x14,x26,0x5	 x26:0x00000001 x14=0x00000020
       36935000	     18367	80002698	00b130b3	sltu	x1,x2,x11	  x2:0x00000001 x11:0x00000001  x1=0x00000000
       36973000	     18386	8000269c	340a6c73	csrrsi	x24,mscratch,20	 x24=0x00000003
       36979000	     18389	800026a0	417788b3	sub	x17,x15,x23	 x15:0xffffe000 x23:0x00000000 x17=0xffffe000
       36991000	     18395	800026a4	3401d773	csrrwi	x14,mscratch,3	 x14=0x00000017
       37037000	     18418	800026a8	f1f4fc93	andi	x25,x9,-225	  x9:0x0000020c x25=0x0000020c
       37039000	     18419	800026ac	0e5e	c.slli	x28,0x17	 x28:0x00000000 x28=0x00000000
       37041000	     18420	800026ae	00e89f13	slli	x30,x17,0xe	 x17:0xffffe000 x30=0xf8000000
       37043000	     18421	800026b2	1c08	c.addi4spn	x10,x2,560	 x10=0x00000231
       37083000	     18441	800026b4	33a64c13	xori	x24,x12,826	 x12:0x00000000 x24=0x0000033a
       37125000	     18462	800026b8	00b50d33	add	x26,x10,x11	 x10:0x00000231 x11:0x00000001 x26=0x00000232
       37137000	     18468	800026bc	141a7593	andi	x11,x20,321	 x20:0x40000000 x11=0x00000000
       37139000	     18469	800026c0	01340bb3	add	x23,x8,x19	  x8:0xbb1b1218 x19:0x8001ee7c x23=0x3b1d0094
       37179000	     18489	800026c4	15fd	c.addi	x11,-1	 x11:0x00000000 x11=0xffffffff
       37183000	     18491	800026c6	34071b73	csrrw	x22,mscratch,x14	 x14:0x00000017 x22=0x00000003
       37185000	     18492	800026ca	96ce	c.add	x13,x19	 x13:0x0000c007 x19:0x8001ee7c x13=0x8002ae83
       37205000	     18502	800026cc	8e49	c.or	x12,x10	 x12:0x00000000 x10:0x00000231 x12=0x00000231
       37207000	     18503	800026ce	1188	c.addi4spn	x10,x2,224	 x10=0x000000e1
       37243000	     18521	800026d0	00350e33	add	x28,x10,x3	 x10:0x000000e1  x3:0x00000006 x28=0x000000e7
       37247000	     18523	800026d4	029cf563	bgeu	x25,x9,800026fe	 x25:0x0000020c  x9:0x0000020c  x0=0x00000000
       37343000	     18571	800026fe	00fe9a93	slli	x21,x29,0xf	 x29:0xffff7636 x21=0xbb1b0000
       37347000	     18573	80002702	340397f3	csrrw	x15,mscratch,x7	  x7:0x00000004 x15=0x00000017
       37379000	     18589	80002706	c3c23b13	sltiu	x22,x4,-964	  x4:0x0000001a x22=0x00000001
       37393000	     18596	8000270a	cfd4f913	andi	x18,x9,-771	  x9:0x0000020c x18=0x0000000c
       37407000	     18603	8000270e	01d18433	add	x8,x3,x29	  x3:0x00000006 x29:0xffff7636  x8=0xffff763c
       37409000	     18604	80002712	08612413	slti	x8,x2,134	  x2:0x00000001  x8=0x00000001
       37417000	     18608	80002716	01ad4263	blt	x26,x26,8000271a	 x26:0x00000232 x26:0x00000232  x0=0x00000000
       37419000	     18609	8000271a	87b5	c.srai	x15,0xd	 x15:0x00000017 x15=0x00000000
       37439000	     18619	8000271c	85ed	c.srai	x11,0x1b	 x11:0xffffffff x11=0xffffffff
       37441000	     18620	8000271e	0ff0000f	fence	iorwiorwiorwiorwiorwiorwiorwiorwiorwiorwiorwiorwiorwiorwiorwiorwiorwiorwiorwiorwiorwiorwiorwiorwiorwiorwiorwiorwiorwiorwiorwiorwiorwiorwiorwiorwiorwiorwiorwiorwiorwiorwiorwiorwiorwiorwiorwiorwiorwiorwiorw,iorwiorwiorwiorwiorwiorwiorwiorwiorwiorwiorwiorwiorwiorwiorwiorwiorwiorwiorwiorwiorwiorwiorwiorwiorwiorwiorwiorwiorwiorwiorwiorwiorwiorwiorwiorwiorwiorwiorwiorwiorwiorwiorwiorwiorwiorwiorwiorwiorwiorwiorwiorw	
       37465000	     18632	80002722	033711b3	mulh	x3,x14,x19	 x14:0x00000017 x19:0x8001ee7c  x3=0xfffffff4
       37467000	     18633	80002726	8d7a	c.mv	x26,x30	  x0:0x00000000 x30:0xf8000000 x26=0xf8000000
       37469000	     18634	80002728	11d03613	sltiu	x12,x0,285	  x0:0x00000000 x12=0x00000001
       37507000	     18653	8000272c	41b20733	sub	x14,x4,x27	  x4:0x0000001a x27:0x00000001 x14=0x00000019
       37509000	     18654	80002730	9822	c.add	x16,x8	 x16:0x00000001  x8:0x00000001 x16=0x00000002
       37551000	     18675	80002732	02d7fb63	bgeu	x15,x13,80002768	 x15:0x00000000 x13:0x8002ae83  x0=0x00000000
       37555000	     18677	80002736	03541763	bne	x8,x21,80002764	  x8:0x00000001 x21:0xbb1b0000  x0=0x00000000
       37565000	     18682	80002764	cbb7b393	sltiu	x7,x15,-837	 x15:0x00000000  x7=0x00000001
       37607000	     18703	80002768	000a5193	srli	x3,x20,0x0	 x20:0x40000000  x3=0x40000000
       37621000	     18710	8000276c	4032da13	srai	x20,x5,0x3	  x5:0x8001add4 x20=0xf00035ba
       37643000	     18721	80002770	029b8963	beq	x23,x9,800027a2	 x23:0x3b1d0094  x9:0x0000020c  x0=0x00000000
       37669000	     18734	80002774	003c0ab3	add	x21,x24,x3	 x24:0x0000033a  x3:0x40000000 x21=0x4000033a
       37675000	     18737	80002778	340c7df3	csrrci	x27,mscratch,24	 x27=0x00000004
       37697000	     18748	8000277c	035a0db3	mul	x27,x20,x21	 x20:0xf00035ba x21:0x4000033a x27=0xe0ad5a24
       37715000	     18757	80002780	3407e1f3	csrrsi	x3,mscratch,15	  x3=0x00000004
       37719000	     18759	80002784	d1ecae93	slti	x29,x25,-738	 x25:0x0000020c x29=0x00000000
       37721000	     18760	80002788	8fe9	c.and	x15,x10	 x15:0x00000000 x10:0x000000e1 x15=0x00000000
       37725000	     18762	8000278a	eb0d	c.bnez	x14,800027bc	 x14:0x00000019
       37787000	     18793	800027bc	00360a33	add	x20,x12,x3	 x12:0x00000001  x3:0x00000004 x20=0x00000005
       37789000	     18794	800027c0	edaa3b93	sltiu	x23,x20,-294	 x20:0x00000005 x23=0x00000001
       37791000	     18795	800027c4	340e2cf3	csrrs	x25,mscratch,x28	 x28:0x000000e7 x25=0x0000000f
       37821000	     18810	800027c8	340564f3	csrrsi	x9,mscratch,10	  x9=0x000000ef
       37863000	     18831	800027cc	8295	c.srli	x13,0x5	 x13:0x8002ae83 x13=0x04001574
       37865000	     18832	800027ce	0a36	c.slli	x20,0xd	 x20:0x00000005 x20=0x0000a000
       37911000	     18855	800027d0	03ff9ab3	mulh	x21,x31,x31	 x31:0x00000000 x31:0x00000000 x21=0x00000000
       37947000	     18873	800027d4	01058663	beq	x11,x16,800027e0	 x11:0xffffffff x16:0x00000002  x0=0x00000000
       37973000	     18886	800027d8	4fc9	c.li	x31,18	 x31=0x00000012
       37975000	     18887	800027da	8e95	c.sub	x13,x13	 x13:0x04001574 x13:0x04001574 x13=0x00000000
       38015000	     18907	800027dc	00319733	sll	x14,x3,x3	  x3:0x00000004  x3:0x00000004 x14=0x00000040
       38031000	     18915	800027e0	40d3d013	srai	x0,x7,0xd	  x7:0x00000001  x0=0x00000000
       38073000	     18936	800027e4	340bd5f3	csrrwi	x11,mscratch,23	 x11=0x000000ef
       38083000	     18941	800027e8	014bfbb3	and	x23,x23,x20	 x23:0x00000001 x20:0x0000a000 x23=0x00000000
       38085000	     18942	800027ec	340f6c73	csrrsi	x24,mscratch,30	 x24=0x00000017
       38107000	     18953	800027f0	84a9	c.srai	x9,0xa	  x9:0x000000ef  x9=0x00000000
       38149000	     18974	800027f2	01e8dd63	bge	x17,x30,8000280c	 x17:0xffffe000 x30:0xf8000000  x0=0x00000000
       38153000	     18976	800027f6	02005063	bge	x0,x0,80002816	  x0:0x00000000  x0:0x00000000  x0=0x00000000
       38217000	     19008	80002816	8f65	c.and	x14,x9	 x14:0x00000040  x9:0x00000000 x14=0x00000000
       38291000	     19045	80002818	03e9fd33	remu	x26,x19,x30	 x19:0x8001ee7c x30:0xf8000000 x26=0x8001ee7c
       38299000	     19049	8000281c	035097b3	mulh	x15,x1,x21	  x1:0x00000000 x21:0x00000000 x15=0x00000000
       38301000	     19050	80002820	c1af2c13	slti	x24,x30,-998	 x30:0xf8000000 x24=0x00000001
       38303000	     19051	80002824	9e3e	c.add	x28,x15	 x28:0x000000e7 x15:0x00000000 x28=0x000000e7
       38305000	     19052	80002826	6d39	c.lui	x26,0xe	 x26=0x0000e000
       38379000	     19089	80002828	0274c133	div	x2,x9,x7	  x9:0x00000000  x7:0x00000001  x2=0x00000000
       38381000	     19090	8000282c	159ac513	xori	x10,x21,345	 x21:0x00000000 x10=0x00000159
       38383000	     19091	80002830	0001	c.addi	x0,0	  x0:0x00000000  x0=0x00000000
       38385000	     19092	80002832	fe46c793	xori	x15,x13,-28	 x13:0x00000000 x15=0xffffffe4
       38409000	     19104	80002836	340860f3	csrrsi	x1,mscratch,16	  x1=0x0000001f
       38425000	     19112	8000283a	112f7113	andi	x2,x30,274	 x30:0xf8000000  x2=0x00000000
       38433000	     19116	8000283e	00c83e33	sltu	x28,x16,x12	 x16:0x00000002 x12:0x00000001 x28=0x00000000
       38435000	     19117	80002842	8c3d	c.xor	x8,x15	  x8:0x00000001 x15:0xffffffe4  x8=0xffffffe5
       38447000	     19123	80002844	02d76db3	rem	x27,x14,x13	 x14:0x00000000 x13:0x00000000 x27=0x00000000
       38449000	     19124	80002848	3400b3f3	csrrc	x7,mscratch,x1	  x1:0x0000001f  x7=0x0000001f
       38467000	     19133	8000284c	01980133	add	x2,x16,x25	 x16:0x00000002 x25:0x0000000f  x2=0x00000011
       38483000	     19141	80002850	9a42	c.add	x20,x16	 x20:0x0000a000 x16:0x00000002 x20=0x0000a002
       38491000	     19145	80002852	002fd663	bge	x31,x2,8000285e	 x31:0x00000012  x2:0x00000011  x0=0x00000000
       38493000	     19146	80002856	8e11	c.sub	x12,x12	 x12:0x00000001 x12:0x00000001 x12=0x00000000
       38515000	     19157	80002858	03a64563	blt	x12,x26,80002882	 x12:0x00000000 x26:0x0000e000  x0=0x00000000
       38551000	     19175	80002882	4ff9	c.li	x31,30	 x31=0x0000001e
       38571000	     19185	80002884	34085f73	csrrwi	x30,mscratch,16	 x30=0x00000000
       38621000	     19210	80002888	02704b63	blt	x0,x7,800028be	  x0:0x00000000  x7:0x0000001f  x0=0x00000000
       38715000	     19257	800028be	41ef8233	sub	x4,x31,x30	 x31:0x0000001e x30:0x00000000  x4=0x0000001e
       38717000	     19258	800028c2	9646	c.add	x12,x17	 x12:0x00000000 x17:0xffffe000 x12=0xffffe000
       38757000	     19278	800028c4	8f89	c.sub	x15,x10	 x15:0xffffffe4 x10:0x00000159 x15=0xfffffe8b
       38759000	     19279	800028c6	8fe5	c.and	x15,x9	 x15:0xfffffe8b  x9:0x00000000 x15=0x00000000
       38761000	     19280	800028c8	ddaa8e37	lui	x28,0xddaa8	 x28=0xddaa8000
       38781000	     19290	800028cc	8fb9	c.xor	x15,x14	 x15:0x00000000 x14:0x00000000 x15=0x00000000
       38783000	     19291	800028ce	0852	c.slli	x16,0x14	 x16:0x00000002 x16=0x00200000
       38827000	     19313	800028d0	024184b3	mul	x9,x3,x4	  x3:0x00000004  x4:0x0000001e  x9=0x00000078
       38841000	     19320	800028d4	012f14b3	sll	x9,x30,x18	 x30:0x00000000 x18:0x0000000c  x9=0x00000000
       38845000	     19322	800028d8	0050e263	bltu	x1,x5,800028dc	  x1:0x0000001f  x5:0x8001add4  x0=0x00000000
       38935000	     19367	800028dc	00ae5933	srl	x18,x28,x10	 x28:0xddaa8000 x10:0x00000159 x18=0x0000006e
       38947000	     19373	800028e0	016bcab3	xor	x21,x23,x22	 x23:0x00000000 x22:0x00000001 x21=0x00000001
       38965000	     19382	800028e4	02bd4f63	blt	x26,x11,80002922	 x26:0x0000e000 x11:0x000000ef  x0=0x00000000
       38973000	     19386	800028e8	ec0d	c.bnez	x8,80002922	  x8:0xffffffe5
       39065000	     19432	80002922	3f0b7e93	andi	x29,x22,1008	 x22:0x00000001 x29=0x00000000
       39067000	     19433	80002926	840d	c.srai	x8,0x3	  x8:0xffffffe5  x8=0xfffffffc
       39099000	     19449	80002928	0a12	c.slli	x20,0x4	 x20:0x0000a002 x20=0x000a0020
       39119000	     19459	8000292a	02da9e33	mulh	x28,x21,x13	 x21:0x00000001 x13:0x00000000 x28=0x00000000
       39123000	     19461	8000292e	01587433	and	x8,x16,x21	 x16:0x00200000 x21:0x00000001  x8=0x00000000
       39165000	     19482	80002932	0081cb63	blt	x3,x8,80002948	  x3:0x00000004  x8:0x00000000  x0=0x00000000
       39167000	     19483	80002936	c11e4c13	xori	x24,x28,-1007	 x28:0x00000000 x24=0xfffffc11
       39171000	     19485	8000293a	c799	c.beqz	x15,80002948	 x15:0x00000000
       39225000	     19512	80002948	00395b13	srli	x22,x18,0x3	 x18:0x0000006e x22=0x0000000d
       39239000	     19519	8000294c	030894b3	mulh	x9,x17,x16	 x17:0xffffe000 x16:0x00200000  x9=0xfffffffc
       39247000	     19523	80002950	4a95	c.li	x21,5	 x21=0x00000005
       39255000	     19527	80002952	fd6abe93	sltiu	x29,x21,-42	 x21:0x00000005 x29=0x00000001
       39257000	     19528	80002956	9b7d	c.andi	x14,-1	 x14:0x00000000 x14=0x00000000
       39287000	     19543	80002958	01925233	srl	x4,x4,x25	  x4:0x0000001e x25:0x0000000f  x4=0x00000000
       39293000	     19546	8000295c	007dd633	srl	x12,x27,x7	 x27:0x00000000  x7:0x0000001f x12=0x00000000
       39317000	     19558	80002960	037ee663	bltu	x29,x23,8000298c	 x29:0x00000001 x23:0x00000000  x0=0x00000000
       39349000	     19574	80002964	bff4a397	auipc	x7,0xbff4a	  x7=0x3ff4c964
       39363000	     19581	80002968	017df933	and	x18,x27,x23	 x27:0x00000000 x23:0x00000000 x18=0x00000000
       39365000	     19582	8000296c	8f2d	c.xor	x14,x11	 x14:0x00000000 x11:0x000000ef x14=0x000000ef
       39387000	     19593	8000296e	00747433	and	x8,x8,x7	  x8:0x00000000  x7:0x3ff4c964  x8=0x00000000
       39389000	     19594	80002972	32134593	xori	x11,x6,801	  x6:0x00000000 x11=0x00000321
       39395000	     19597	80002976	34026ef3	csrrsi	x29,mscratch,4	 x29=0x00000010
       39397000	     19598	8000297a	0451	c.addi	x8,20	  x8:0x00000000  x8=0x00000014
       39415000	     19607	8000297c	00fa9913	slli	x18,x21,0xf	 x21:0x00000005 x18=0x00028000
       39469000	     19634	80002980	8139	c.srli	x10,0xe	 x10:0x00000159 x10=0x00000000
       39557000	     19678	80002982	021670b3	remu	x1,x12,x1	 x12:0x00000000  x1:0x0000001f  x1=0x00000000
       39559000	     19679	80002986	8cad	c.xor	x9,x11	  x9:0xfffffffc x11:0x00000321  x9=0xfffffcdd
       39561000	     19680	80002988	01ee5f93	srli	x31,x28,0x1e	 x28:0x00000000 x31=0x00000000
       39563000	     19681	8000298c	03a0df63	bge	x1,x26,800029ca	  x1:0x00000000 x26:0x0000e000  x0=0x00000000
       39579000	     19689	80002990	3400b1f3	csrrc	x3,mscratch,x1	  x1:0x00000000  x3=0x00000014
       39581000	     19690	80002994	340a2c73	csrrs	x24,mscratch,x20	 x20:0x000a0020 x24=0x00000014
       39627000	     19713	80002998	00df9933	sll	x18,x31,x13	 x31:0x00000000 x13:0x00000000 x18=0x00000000
       39629000	     19714	8000299c	01841e63	bne	x8,x24,800029b8	  x8:0x00000014 x24:0x00000014  x0=0x00000000
       39649000	     19724	800029a0	9afd	c.andi	x13,-1	 x13:0x00000000 x13=0x00000000
       39651000	     19725	800029a2	01ef3133	sltu	x2,x30,x30	 x30:0x00000000 x30:0x00000000  x2=0x00000000
       39691000	     19745	800029a6	03158d63	beq	x11,x17,800029e0	 x11:0x00000321 x17:0xffffe000  x0=0x00000000
       39693000	     19746	800029aa	717d	c.addi16sp	x2,-16	  x2:0x00000000  x2=0xfffffff0
       39695000	     19747	800029ac	0022f463	bgeu	x5,x2,800029b4	  x5:0x8001add4  x2:0xfffffff0  x0=0x00000000
       39715000	     19757	800029b0	8385	c.srli	x15,0x1	 x15:0x00000000 x15=0x00000000
       39717000	     19758	800029b2	6fcd	c.lui	x31,0x13	 x31=0x00013000
       39743000	     19771	800029b4	dda13a13	sltiu	x20,x2,-550	  x2:0xfffffff0 x20=0x00000000
       39751000	     19775	800029b8	02741433	mulh	x8,x8,x7	  x8:0x00000014  x7:0x3ff4c964  x8=0x00000004
       39753000	     19776	800029bc	0150d193	srli	x3,x1,0x15	  x1:0x00000000  x3=0x00000000
       39765000	     19782	800029c0	56fd	c.li	x13,-1	 x13=0xffffffff
       39767000	     19783	800029c2	00623ab3	sltu	x21,x4,x6	  x4:0x00000000  x6:0x00000000 x21=0x00000000
       39769000	     19784	800029c6	8f65	c.and	x14,x9	 x14:0x000000ef  x9:0xfffffcdd x14=0x000000cd
       39809000	     19804	800029c8	8e79	c.and	x12,x14	 x12:0x00000000 x14:0x000000cd x12=0x00000000
       39811000	     19805	800029ca	340c9073	csrrw	x0,mscratch,x25	 x25:0x0000000f  x0=0x00000000
       39813000	     19806	800029ce	5c7d	c.li	x24,-1	 x24=0xffffffff
       39827000	     19813	800029d0	0ff0000f	fence	iorwiorwiorwiorwiorwiorwiorwiorwiorwiorwiorwiorwiorwiorwiorwiorwiorwiorwiorwiorwiorwiorwiorwiorwiorwiorwiorwiorwiorwiorwiorwiorwiorwiorwiorwiorwiorwiorwiorwiorwiorwiorwiorwiorwiorwiorwiorwiorwiorwiorwiorwiorwiorw,iorwiorwiorwiorwiorwiorwiorwiorwiorwiorwiorwiorwiorwiorwiorwiorwiorwiorwiorwiorwiorwiorwiorwiorwiorwiorwiorwiorwiorwiorwiorwiorwiorwiorwiorwiorwiorwiorwiorwiorwiorwiorwiorwiorwiorwiorwiorwiorwiorwiorwiorwiorwiorwiorw	
       39837000	     19818	800029d4	0e39	c.addi	x28,14	 x28:0x00000000 x28=0x0000000e
       39839000	     19819	800029d6	085d	c.addi	x16,23	 x16:0x00200000 x16=0x00200017
       39879000	     19839	800029d8	011974b3	and	x9,x18,x17	 x18:0x00000000 x17:0xffffe000  x9=0x00000000
       39897000	     19848	800029dc	83d5	c.srli	x15,0x15	 x15:0x00000000 x15=0x00000000
       39899000	     19849	800029de	8f89	c.sub	x15,x10	 x15:0x00000000 x10:0x00000000 x15=0x00000000
       39901000	     19850	800029e0	34072973	csrrs	x18,mscratch,x14	 x14:0x000000cd x18=0x0000000f
       39905000	     19852	800029e4	6119	c.addi16sp	x2,384	  x2:0xfffffff0  x2=0x00000170
       39907000	     19853	800029e6	5f7d	c.li	x30,-1	 x30=0xffffffff
       39909000	     19854	800029e8	34075ef3	csrrwi	x29,mscratch,14	 x29=0x000000cf
       39921000	     19860	800029ec	0ff0000f	fence	iorwiorwiorwiorwiorwiorwiorwiorwiorwiorwiorwiorwiorwiorwiorwiorwiorwiorwiorwiorwiorwiorwiorwiorwiorwiorwiorwiorwiorwiorwiorwiorwiorwiorwiorwiorwiorwiorwiorwiorwiorwiorwiorwiorwiorwiorwiorwiorwiorwiorwiorwiorwiorwiorwiorw,iorwiorwiorwiorwiorwiorwiorwiorwiorwiorwiorwiorwiorwiorwiorwiorwiorwiorwiorwiorwiorwiorwiorwiorwiorwiorwiorwiorwiorwiorwiorwiorwiorwiorwiorwiorwiorwiorwiorwiorwiorwiorwiorwiorwiorwiorwiorwiorwiorwiorwiorwiorwiorwiorwiorwiorw	
       39937000	     19868	800029f0	0001	c.addi	x0,0	  x0:0x00000000  x0=0x00000000
       39939000	     19869	800029f2	9a7d	c.andi	x12,-1	 x12:0x00000000 x12=0x00000000
       39973000	     19886	800029f4	0246dfb3	divu	x31,x13,x4	 x13:0xffffffff  x4:0x00000000 x31=0xffffffff
       40021000	     19910	800029f8	8f95	c.sub	x15,x13	 x15:0x00000000 x13:0xffffffff x15=0x00000001
       40023000	     19911	800029fa	02d78163	beq	x15,x13,80002a1c	 x15:0x00000001 x13:0xffffffff  x0=0x00000000
       40047000	     19923	800029fe	3409a8f3	csrrs	x17,mscratch,x19	 x19:0x8001ee7c x17=0x0000000e
       40097000	     19948	80002a02	d5dbb113	sltiu	x2,x23,-675	 x23:0x00000000  x2=0x00000001
       40099000	     19949	80002a06	8d31	c.xor	x10,x12	 x10:0x00000000 x12:0x00000000 x10=0x00000000
       40101000	     19950	80002a08	017e5d13	srli	x26,x28,0x17	 x28:0x0000000e x26=0x00000000
       40153000	     19976	80002a0c	00ce9013	slli	x0,x29,0xc	 x29:0x000000cf  x0=0x00000000
       40155000	     19977	80002a10	17fd	c.addi	x15,-1	 x15:0x00000001 x15=0x00000000
       40157000	     19978	80002a12	29417613	andi	x12,x2,660	  x2:0x00000001 x12=0x00000000
       40251000	     20025	80002a16	032c5ab3	divu	x21,x24,x18	 x24:0xffffffff x18:0x0000000f x21=0x11111111
       40253000	     20026	80002a1a	8ea5	c.xor	x13,x9	 x13:0xffffffff  x9:0x00000000 x13=0xffffffff
       40255000	     20027	80002a1c	048df063	bgeu	x27,x8,80002a5c	 x27:0x00000000  x8:0x00000004  x0=0x00000000
       40263000	     20031	80002a20	03527663	bgeu	x4,x21,80002a4c	  x4:0x00000000 x21:0x11111111  x0=0x00000000
       40265000	     20032	80002a24	00782633	slt	x12,x16,x7	 x16:0x00200017  x7:0x3ff4c964 x12=0x00000001
       40267000	     20033	80002a28	0df6	c.slli	x27,0x1d	 x27:0x00000000 x27=0x00000000
       40291000	     20045	80002a2a	02f15e33	divu	x28,x2,x15	  x2:0x00000001 x15:0x00000000 x28=0xffffffff
       40313000	     20056	80002a2e	02ffff33	remu	x30,x31,x15	 x31:0xffffffff x15:0x00000000 x30=0xffffffff
       40315000	     20057	80002a32	8cc5	c.or	x9,x9	  x9:0x00000000  x9:0x00000000  x9=0x00000000
       40317000	     20058	80002a34	418cdb13	srai	x22,x25,0x18	 x25:0x0000000f x22=0x00000000
       40353000	     20076	80002a38	5c7d	c.li	x24,-1	 x24=0xffffffff
       40355000	     20077	80002a3a	4084d193	srai	x3,x9,0x8	  x9:0x00000000  x3=0x00000000
       40375000	     20087	80002a3e	34021df3	csrrw	x27,mscratch,x4	  x4:0x00000000 x27=0x8001ee7e
       40377000	     20088	80002a42	340bb773	csrrc	x14,mscratch,x23	 x23:0x00000000 x14=0x00000000
       40379000	     20089	80002a46	0b2e	c.slli	x22,0xb	 x22:0x00000000 x22=0x00000000
       40439000	     20119	80002a48	dfd5d5b7	lui	x11,0xdfd5d	 x11=0xdfd5d000
       40463000	     20131	80002a4c	00c1d733	srl	x14,x3,x12	  x3:0x00000000 x12:0x00000001 x14=0x00000000
       40537000	     20168	80002a50	03c564b3	rem	x9,x10,x28	 x10:0x00000000 x28:0xffffffff  x9=0x00000000
       40539000	     20169	80002a54	01148d33	add	x26,x9,x17	  x9:0x00000000 x17:0x0000000e x26=0x0000000e
       40543000	     20171	80002a58	02426933	rem	x18,x4,x4	  x4:0x00000000  x4:0x00000000 x18=0x00000000
       40545000	     20172	80002a5c	9c8a	c.add	x25,x2	 x25:0x0000000f  x2:0x00000001 x25=0x00000010
       40547000	     20173	80002a5e	8e11	c.sub	x12,x12	 x12:0x00000001 x12:0x00000001 x12=0x00000000
       40561000	     20180	80002a60	00088cb3	add	x25,x17,x0	 x17:0x0000000e  x0:0x00000000 x25=0x0000000e
       40605000	     20202	80002a64	4ef5	c.li	x29,29	 x29=0x0000001d
       40607000	     20203	80002a66	0001	c.addi	x0,0	  x0:0x00000000  x0=0x00000000
       40609000	     20204	80002a68	8811	c.andi	x8,4	  x8:0x00000004  x8=0x00000004
       40625000	     20212	80002a6a	01381d93	slli	x27,x16,0x13	 x16:0x00200017 x27=0x00b80000
       40657000	     20228	80002a6e	014c7433	and	x8,x24,x20	 x24:0xffffffff x20:0x00000000  x8=0x00000000
       40661000	     20230	80002a72	34031ff3	csrrw	x31,mscratch,x6	  x6:0x00000000 x31=0x00000000
       40681000	     20240	80002a76	0034de33	srl	x28,x9,x3	  x9:0x00000000  x3:0x00000000 x28=0x00000000
       40683000	     20241	80002a7a	0f32	c.slli	x30,0xc	 x30:0xffffffff x30=0xfffff000
       40705000	     20252	80002a7c	00e57d63	bgeu	x10,x14,80002a96	 x10:0x00000000 x14:0x00000000  x0=0x00000000
       40743000	     20271	80002a96	8fc9	c.or	x15,x10	 x15:0x00000000 x10:0x00000000 x15=0x00000000
       40749000	     20274	80002a98	6f19	c.lui	x30,0x6	 x30=0x00006000
       40751000	     20275	80002a9a	4c75	c.li	x24,29	 x24=0x0000001d
       40753000	     20276	80002a9c	e091	c.bnez	x9,80002aa0	  x9:0x00000000
       40755000	     20277	80002a9e	8229	c.srli	x12,0xa	 x12:0x00000000 x12=0x00000000
       40779000	     20289	80002aa0	02b0afb3	mulhsu	x31,x1,x11	  x1:0x00000000 x11:0xdfd5d000 x31=0x00000000
       40799000	     20299	80002aa4	01ec1e13	slli	x28,x24,0x1e	 x24:0x0000001d x28=0x40000000
       40803000	     20301	80002aa8	02210763	beq	x2,x2,80002ad6	  x2:0x00000001  x2:0x00000001  x0=0x00000000
       40831000	     20315	80002ad6	4c71	c.li	x24,28	 x24=0x0000001c
       40835000	     20317	80002ad8	0001	c.addi	x0,0	  x0:0x00000000  x0=0x00000000
       40857000	     20328	80002ada	2b582d13	slti	x26,x16,693	 x16:0x00200017 x26=0x00000000
       40859000	     20329	80002ade	180f2e93	slti	x29,x30,384	 x30:0x00006000 x29=0x00000000
       40861000	     20330	80002ae2	8cf5	c.and	x9,x13	  x9:0x00000000 x13:0xffffffff  x9=0x00000000
       40879000	     20339	80002ae4	00c9a833	slt	x16,x19,x12	 x19:0x8001ee7c x12:0x00000000 x16=0x00000001
       40927000	     20363	80002ae8	07ee	c.slli	x15,0x1b	 x15:0x00000000 x15=0x00000000
       40969000	     20384	80002aea	40e08b33	sub	x22,x1,x14	  x1:0x00000000 x14:0x00000000 x22=0x00000000
       40971000	     20385	80002aee	4171d133	sra	x2,x3,x23	  x3:0x00000000 x23:0x00000000  x2=0x00000000
       40993000	     20396	80002af2	00c3ebb3	or	x23,x7,x12	  x7:0x3ff4c964 x12:0x00000000 x23=0x3ff4c964
       41015000	     20407	80002af6	008c1a33	sll	x20,x24,x8	 x24:0x0000001c  x8:0x00000000 x20=0x0000001c
       41017000	     20408	80002afa	02758663	beq	x11,x7,80002b26	 x11:0xdfd5d000  x7:0x3ff4c964  x0=0x00000000
       41039000	     20419	80002afe	40ac0e33	sub	x28,x24,x10	 x24:0x0000001c x10:0x00000000 x28=0x0000001c
       41041000	     20420	80002b02	02ac6963	bltu	x24,x10,80002b34	 x24:0x0000001c x10:0x00000000  x0=0x00000000
       41093000	     20446	80002b06	20d7bc93	sltiu	x25,x15,525	 x15:0x00000000 x25=0x00000001
       41109000	     20454	80002b0a	036b7c33	remu	x24,x22,x22	 x22:0x00000000 x22:0x00000000 x24=0x00000000
       41121000	     20460	80002b0e	04fff063	bgeu	x31,x15,80002b4e	 x31:0x00000000 x15:0x00000000  x0=0x00000000
       41223000	     20511	80002b4e	000993b3	sll	x7,x19,x0	 x19:0x8001ee7c  x0:0x00000000  x7=0x8001ee7c
       41225000	     20512	80002b52	9bfd	c.andi	x15,-1	 x15:0x00000000 x15=0x00000000
       41265000	     20532	80002b54	611d	c.addi16sp	x2,416	  x2:0x00000000  x2=0x000001a0
       41267000	     20533	80002b56	1cdf0d93	addi	x27,x30,461	 x30:0x00006000 x27=0x000061cd
       41271000	     20535	80002b5a	01d7de63	bge	x15,x29,80002b76	 x15:0x00000000 x29:0x00000000  x0=0x00000000
       41303000	     20551	80002b76	2464ab13	slti	x22,x9,582	  x9:0x00000000 x22=0x00000001
       41305000	     20552	80002b7a	8ec5	c.or	x13,x9	 x13:0xffffffff  x9:0x00000000 x13=0xffffffff
       41315000	     20557	80002b7c	0eaa	c.slli	x29,0xa	 x29:0x00000000 x29=0x00000000
       41379000	     20589	80002b7e	02701e63	bne	x0,x7,80002bba	  x0:0x00000000  x7:0x8001ee7c  x0=0x00000000
       41461000	     20630	80002bba	340afbf3	csrrci	x23,mscratch,21	 x23=0x00000000
       41469000	     20634	80002bbe	015a5713	srli	x14,x20,0x15	 x20:0x0000001c x14=0x00000000
       41485000	     20642	80002bc2	0091e233	or	x4,x3,x9	  x3:0x00000000  x9:0x00000000  x4=0x00000000
       41493000	     20646	80002bc6	00772ab3	slt	x21,x14,x7	 x14:0x00000000  x7:0x8001ee7c x21=0x00000000
       41581000	     20690	80002bca	034260b3	rem	x1,x4,x20	  x4:0x00000000 x20:0x0000001c  x1=0x00000000
       41583000	     20691	80002bce	8c65	c.and	x8,x9	  x8:0x00000000  x9:0x00000000  x8=0x00000000
       41587000	     20693	80002bd0	00175d63	bge	x14,x1,80002bea	 x14:0x00000000  x1:0x00000000  x0=0x00000000
       41625000	     20712	80002bea	00356763	bltu	x10,x3,80002bf8	 x10:0x00000000  x3:0x00000000  x0=0x00000000
       41647000	     20723	80002bee	cff0b113	sltiu	x2,x1,-769	  x1:0x00000000  x2=0x00000001
       41655000	     20727	80002bf2	3409daf3	csrrwi	x21,mscratch,19	 x21=0x00000000
       41659000	     20729	80002bf6	e29d	c.bnez	x13,80002c1c	 x13:0xffffffff
       41675000	     20737	80002c1c	91aa	c.add	x3,x10	  x3:0x00000000 x10:0x00000000  x3=0x00000000
       41677000	     20738	80002c1e	65d1	c.lui	x11,0x14	 x11=0x00014000
       41697000	     20748	80002c20	41a50633	sub	x12,x10,x26	 x10:0x00000000 x26:0x00000000 x12=0x00000000
       41709000	     20754	80002c24	8f09	c.sub	x14,x10	 x14:0x00000000 x10:0x00000000 x14=0x00000000
       41727000	     20763	80002c26	2a13a017	auipc	x0,0x2a13a	  x0=0x00000000
       41751000	     20775	80002c2a	3406f173	csrrci	x2,mscratch,13	  x2=0x00000013
       41759000	     20779	80002c2e	14172f93	slti	x31,x14,321	 x14:0x00000000 x31=0x00000001
       41775000	     20787	80002c32	02593cb3	mulhu	x25,x18,x5	 x18:0x00000000  x5:0x8001add4 x25=0x00000000
       41801000	     20800	80002c36	3403aaf3	csrrs	x21,mscratch,x7	  x7:0x8001ee7c x21=0x00000012
       41803000	     20801	80002c3a	6729	c.lui	x14,0xa	 x14=0x0000a000
       41805000	     20802	80002c3c	6dfd	c.lui	x27,0x1f	 x27=0x0001f000
       41807000	     20803	80002c3e	717d	c.addi16sp	x2,-16	  x2:0x00000013  x2=0x00000003
       41823000	     20811	80002c40	8ec9	c.or	x13,x10	 x13:0xffffffff x10:0x00000000 x13=0xffffffff
       41825000	     20812	80002c42	00e9	c.addi	x1,26	  x1:0x00000000  x1=0x0000001a
       41871000	     20835	80002c44	016c5e13	srli	x28,x24,0x16	 x24:0x00000000 x28=0x00000000
       41875000	     20837	80002c48	340afc73	csrrci	x24,mscratch,21	 x24=0x8001ee7e
       41927000	     20863	80002c4c	7f1b4617	auipc	x12,0x7f1b4	 x12=0xff1b6c4c
       41957000	     20878	80002c50	340b78f3	csrrci	x17,mscratch,22	 x17=0x8001ee6a
       41959000	     20879	80002c54	98de	c.add	x17,x23	 x17:0x8001ee6a x23:0x00000000 x17=0x8001ee6a
       41971000	     20885	80002c56	41610833	sub	x16,x2,x22	  x2:0x00000003 x22:0x00000001 x16=0x00000002
       41973000	     20886	80002c5a	13fd	c.addi	x7,-1	  x7:0x8001ee7c  x7=0x8001ee7b
       41975000	     20887	80002c5c	41bc0533	sub	x10,x24,x27	 x24:0x8001ee7e x27:0x0001f000 x10=0x7ffffe7e
       42009000	     20904	80002c60	0791	c.addi	x15,4	 x15:0x00000000 x15=0x00000004
       42011000	     20905	80002c62	829d	c.srli	x13,0x7	 x13:0xffffffff x13=0x01ffffff
       42051000	     20925	80002c64	e43a0793	addi	x15,x20,-445	 x20:0x0000001c x15=0xfffffe5f
       42053000	     20926	80002c68	3402e7f3	csrrsi	x15,mscratch,5	 x15=0x8001ee68
       42069000	     20934	80002c6c	34081ff3	csrrw	x31,mscratch,x16	 x16:0x00000002 x31=0x8001ee6d
       42095000	     20947	80002c70	04e71163	bne	x14,x14,80002cb2	 x14:0x0000a000 x14:0x0000a000  x0=0x00000000
       42099000	     20949	80002c74	01815463	bge	x2,x24,80002c7c	  x2:0x00000003 x24:0x8001ee7e  x0=0x00000000
       42105000	     20952	80002c78	8c11	c.sub	x8,x12	  x8:0x00000000 x12:0xff1b6c4c  x8=0x00e493b4
       42107000	     20953	80002c7a	8aae	c.mv	x21,x11	  x0:0x00000000 x11:0x00014000 x21=0x00014000
       42125000	     20962	80002c7c	ee91	c.bnez	x13,80002c98	 x13:0x01ffffff
       42147000	     20973	80002c98	617d	c.addi16sp	x2,496	  x2:0x00000003  x2=0x000001f3
       42161000	     20980	80002c9a	11ab0e13	addi	x28,x22,282	 x22:0x00000001 x28=0x0000011b
       42185000	     20992	80002c9e	0280b133	mulhu	x2,x1,x8	  x1:0x0000001a  x8:0x00e493b4  x2=0x00000000
       42187000	     20993	80002ca2	00eb7b33	and	x22,x22,x14	 x22:0x00000001 x14:0x0000a000 x22=0x00000000
       42225000	     21012	80002ca6	03bc9763	bne	x25,x27,80002cd4	 x25:0x00000000 x27:0x0001f000  x0=0x00000000
       42309000	     21054	80002cd4	02f48163	beq	x9,x15,80002cf6	  x9:0x00000000 x15:0x8001ee68  x0=0x00000000
       42371000	     21085	80002cd8	01cfdcb3	srl	x25,x31,x28	 x31:0x8001ee6d x28:0x0000011b x25=0x00000010
       42383000	     21091	80002cdc	8659	c.srai	x12,0x16	 x12:0xff1b6c4c x12=0xfffffffc
       42401000	     21100	80002cde	0375b233	mulhu	x4,x11,x23	 x11:0x00014000 x23:0x00000000  x4=0x00000000
       42403000	     21101	80002ce2	8c81	c.sub	x9,x8	  x9:0x00000000  x8:0x00e493b4  x9=0xff1b6c4c
       42411000	     21105	80002ce4	02f4b8b3	mulhu	x17,x9,x15	  x9:0xff1b6c4c x15:0x8001ee68 x17=0x7f8fa2d4
       42413000	     21106	80002ce8	044ce363	bltu	x25,x4,80002d2e	 x25:0x00000010  x4:0x00000000  x0=0x00000000
       42421000	     21110	80002cec	340d93f3	csrrw	x7,mscratch,x27	 x27:0x0001f000  x7=0x00000002
       42429000	     21114	80002cf0	40b08a33	sub	x20,x1,x11	  x1:0x0000001a x11:0x00014000 x20=0xfffec01a
       42433000	     21116	80002cf4	0001	c.addi	x0,0	  x0:0x00000000  x0=0x00000000
       42445000	     21122	80002cf6	02b74b93	xori	x23,x14,43	 x14:0x0000a000 x23=0x0000a02b
       42479000	     21139	80002cfa	3401b073	csrrc	x0,mscratch,x3	  x3:0x00000000  x0=0x00000000
       42499000	     21149	80002cfe	e88ecc13	xori	x24,x29,-376	 x29:0x00000000 x24=0xfffffe88
       42503000	     21151	80002d02	00c66e33	or	x28,x12,x12	 x12:0xfffffffc x12:0xfffffffc x28=0xfffffffc
       42505000	     21152	80002d06	6eb9	c.lui	x29,0xe	 x29=0x0000e000
       42523000	     21161	80002d08	01a4fbb3	and	x23,x9,x26	  x9:0xff1b6c4c x26:0x00000000 x23=0x00000000
       42535000	     21167	80002d0c	02a26e63	bltu	x4,x10,80002d48	  x4:0x00000000 x10:0x7ffffe7e  x0=0x00000000
       42563000	     21181	80002d48	3404baf3	csrrc	x21,mscratch,x9	  x9:0xff1b6c4c x21=0x0001f000
       42571000	     21185	80002d4c	01ffbd33	sltu	x26,x31,x31	 x31:0x8001ee6d x31:0x8001ee6d x26=0x00000000
       42613000	     21206	80002d50	0efe	c.slli	x29,0x1f	 x29:0x0000e000 x29=0x00000000
       42615000	     21207	80002d52	8d3d	c.xor	x10,x15	 x10:0x7ffffe7e x15:0x8001ee68 x10=0xfffe1016
       42617000	     21208	80002d54	0799	c.addi	x15,6	 x15:0x8001ee68 x15=0x8001ee6e
       42619000	     21209	80002d56	01af1b33	sll	x22,x30,x26	 x30:0x00006000 x26:0x00000000 x22=0x00006000
       42621000	     21210	80002d5a	0001	c.addi	x0,0	  x0:0x00000000  x0=0x00000000
       42623000	     21211	80002d5c	8be6	c.mv	x23,x25	  x0:0x00000000 x25:0x00000010 x23=0x00000010
       42645000	     21222	80002d5e	0142b1b3	sltu	x3,x5,x20	  x5:0x8001add4 x20:0xfffec01a  x3=0x00000001
       42647000	     21223	80002d62	412cd013	srai	x0,x25,0x12	 x25:0x00000010  x0=0x00000000
       42653000	     21226	80002d66	03d784b3	mul	x9,x15,x29	 x15:0x8001ee6e x29:0x00000000  x9=0x00000000
       42655000	     21227	80002d6a	34055a73	csrrwi	x20,mscratch,10	 x20=0x00009000
       42699000	     21249	80002d6e	02233933	mulhu	x18,x6,x2	  x6:0x00000000  x2:0x00000000 x18=0x00000000
       42707000	     21253	80002d72	40c58733	sub	x14,x11,x12	 x11:0x00014000 x12:0xfffffffc x14=0x00014004
       42737000	     21268	80002d76	34026bf3	csrrsi	x23,mscratch,4	 x23=0x0000000a
       42741000	     21270	80002d7a	e809	c.bnez	x8,80002d8c	  x8:0x00e493b4
       42845000	     21322	80002d8c	0001	c.addi	x0,0	  x0:0x00000000  x0=0x00000000
       42847000	     21323	80002d8e	8789	c.srai	x15,0x2	 x15:0x8001ee6e x15=0xe0007b9b
       42871000	     21335	80002d90	cb01	c.beqz	x14,80002da0	 x14:0x00014004
       42873000	     21336	80002d92	00a75a13	srli	x20,x14,0xa	 x14:0x00014004 x20=0x00000050
       42895000	     21347	80002d96	bebaf937	lui	x18,0xbebaf	 x18=0xbebaf000
       42897000	     21348	80002d9a	0172	c.slli	x2,0x1c	  x2:0x00000000  x2=0x00000000
       42911000	     21355	80002d9c	02181763	bne	x16,x1,80002dca	 x16:0x00000002  x1:0x0000001a  x0=0x00000000
       42969000	     21384	80002dca	03a3b233	mulhu	x4,x7,x26	  x7:0x00000002 x26:0x00000000  x4=0x00000000
       43011000	     21405	80002dce	0ff0000f	fence	iorwiorwiorwiorwiorwiorwiorwiorwiorwiorwiorwiorwiorwiorwiorwiorwiorwiorwiorwiorwiorwiorwiorwiorwiorwiorwiorwiorwiorwiorwiorwiorwiorwiorwiorwiorwiorwiorwiorwiorwiorwiorwiorwiorwiorwiorwiorwiorwiorwiorwiorwiorwiorwiorwiorwiorwiorw,iorwiorwiorwiorwiorwiorwiorwiorwiorwiorwiorwiorwiorwiorwiorwiorwiorwiorwiorwiorwiorwiorwiorwiorwiorwiorwiorwiorwiorwiorwiorwiorwiorwiorwiorwiorwiorwiorwiorwiorwiorwiorwiorwiorwiorwiorwiorwiorwiorwiorwiorwiorwiorwiorwiorwiorwiorwiorw	
       43033000	     21416	80002dd2	40c65d33	sra	x26,x12,x12	 x12:0xfffffffc x12:0xfffffffc x26=0xffffffff
       43035000	     21417	80002dd6	8912	c.mv	x18,x4	  x0:0x00000000  x4:0x00000000 x18=0x00000000
       43037000	     21418	80002dd8	8d75	c.and	x10,x13	 x10:0xfffe1016 x13:0x01ffffff x10=0x01fe1016
       43061000	     21430	80002dda	03fb9663	bne	x23,x31,80002e06	 x23:0x0000000a x31:0x8001ee6d  x0=0x00000000
       43099000	     21449	80002e06	8055	c.srli	x8,0x15	  x8:0x00e493b4  x8=0x00000007
       43123000	     21461	80002e08	340cb973	csrrc	x18,mscratch,x25	 x25:0x00000010 x18=0x0000000e
       43129000	     21464	80002e0c	34095a73	csrrwi	x20,mscratch,18	 x20=0x0000000e
       43141000	     21470	80002e10	416a00b3	sub	x1,x20,x22	 x20:0x0000000e x22:0x00006000  x1=0xffffa00e
       43223000	     21511	80002e14	036144b3	div	x9,x2,x22	  x2:0x00000000 x22:0x00006000  x9=0x00000000
       43225000	     21512	80002e18	340b50f3	csrrwi	x1,mscratch,22	  x1=0x00000012
       43227000	     21513	80002e1c	8549	c.srai	x10,0x12	 x10:0x01fe1016 x10=0x0000007f
       43229000	     21514	80002e1e	01fa	c.slli	x3,0x1e	  x3:0x00000001  x3=0x40000000
       43231000	     21515	80002e20	340e30f3	csrrc	x1,mscratch,x28	 x28:0xfffffffc  x1=0x00000016
       43253000	     21526	80002e24	340893f3	csrrw	x7,mscratch,x17	 x17:0x7f8fa2d4  x7=0x00000002
       43279000	     21539	80002e28	34015af3	csrrwi	x21,mscratch,2	 x21=0x7f8fa2d4
       43281000	     21540	80002e2c	00748263	beq	x9,x7,80002e30	  x9:0x00000000  x7:0x00000002  x0=0x00000000
       43391000	     21595	80002e30	0235f633	remu	x12,x11,x3	 x11:0x00014000  x3:0x40000000 x12=0x00014000
       43393000	     21596	80002e34	34055bf3	csrrwi	x23,mscratch,10	 x23=0x00000002
       43395000	     21597	80002e38	717d	c.addi16sp	x2,-16	  x2:0x00000000  x2=0xfffffff0
       43397000	     21598	80002e3a	0871	c.addi	x16,28	 x16:0x00000002 x16=0x0000001e
       43401000	     21600	80002e3c	005a7433	and	x8,x20,x5	 x20:0x0000000e  x5:0x8001add4  x8=0x00000004
       43421000	     21610	80002e40	d146cc93	xori	x25,x13,-748	 x13:0x01ffffff x25=0xfe0002eb
       43469000	     21634	80002e44	34099573	csrrw	x10,mscratch,x19	 x19:0x8001ee7c x10=0x0000000a
       43471000	     21635	80002e48	4e69	c.li	x28,26	 x28=0x0000001a
       43473000	     21636	80002e4a	c31d	c.beqz	x14,80002e70	 x14:0x00014004
       43475000	     21637	80002e4c	517d	c.li	x2,-1	  x2=0xffffffff
       43509000	     21654	80002e4e	cf24dcb7	lui	x25,0xcf24d	 x25=0xcf24d000
       43515000	     21657	80002e52	33106413	ori	x8,x0,817	  x0:0x00000000  x8=0x00000331
       43517000	     21658	80002e56	8cfa	c.mv	x25,x30	  x0:0x00000000 x30:0x00006000 x25=0x00006000
       43531000	     21665	80002e58	00aa26b3	slt	x13,x20,x10	 x20:0x0000000e x10:0x0000000a x13=0x00000000
       43553000	     21676	80002e5c	01cc7263	bgeu	x24,x28,80002e60	 x24:0xfffffe88 x28:0x0000001a  x0=0x00000000
       43575000	     21687	80002e60	717d	c.addi16sp	x2,-16	  x2:0xffffffff  x2=0xffffffef
       43577000	     21688	80002e62	177d	c.addi	x14,-1	 x14:0x00014004 x14=0x00014003
       43579000	     21689	80002e64	34063f73	csrrc	x30,mscratch,x12	 x12:0x00014000 x30=0x8001ee7c
       43599000	     21699	80002e68	034a6563	bltu	x20,x20,80002e92	 x20:0x0000000e x20:0x0000000e  x0=0x00000000
       43623000	     21711	80002e6c	000600b3	add	x1,x12,x0	 x12:0x00014000  x0:0x00000000  x1=0x00014000
       43667000	     21733	80002e70	0f0c	c.addi4spn	x11,x2,912	 x11=0x0000037f
       43673000	     21736	80002e72	0111d8b3	srl	x17,x3,x17	  x3:0x40000000 x17:0x7f8fa2d4 x17=0x00000400
       43701000	     21750	80002e76	03058fb3	mul	x31,x11,x16	 x11:0x0000037f x16:0x0000001e x31=0x000068e2
       43729000	     21764	80002e7a	01ed1413	slli	x8,x26,0x1e	 x26:0xffffffff  x8=0xc0000000
       43771000	     21785	80002e7e	419985b3	sub	x11,x19,x25	 x19:0x8001ee7c x25:0x00006000 x11=0x80018e7c
       43779000	     21789	80002e82	340351f3	csrrwi	x3,mscratch,6	  x3=0x8000ae7c
       43781000	     21790	80002e86	6d11	c.lui	x26,0x4	 x26=0x00004000
       43803000	     21801	80002e88	0380	c.addi4spn	x8,x2,448	  x8=0x000001af
       43811000	     21805	80002e8a	ef48a137	lui	x2,0xef48a	  x2=0xef48a000
       43813000	     21806	80002e8e	01f98a63	beq	x19,x31,80002ea2	 x19:0x8001ee7c x31:0x000068e2  x0=0x00000000
       43865000	     21832	80002e92	01c2d393	srli	x7,x5,0x1c	  x5:0x8001add4  x7=0x00000008
       43867000	     21833	80002e96	717d	c.addi16sp	x2,-16	  x2:0xef48a000  x2=0xef489ff0
       43875000	     21837	80002e98	34095e73	csrrwi	x28,mscratch,18	 x28=0x00000006
       43883000	     21841	80002e9c	02089133	mulh	x2,x17,x0	 x17:0x00000400  x0:0x00000000  x2=0x00000000
       43885000	     21842	80002ea0	8141	c.srli	x10,0x10	 x10:0x0000000a x10=0x00000000
       43887000	     21843	80002ea2	67c5	c.lui	x15,0x11	 x15=0x00011000
       43889000	     21844	80002ea4	0aa2	c.slli	x21,0x8	 x21:0x7f8fa2d4 x21=0x8fa2d400
       43947000	     21873	80002ea6	3402baf3	csrrc	x21,mscratch,x5	  x5:0x8001add4 x21=0x00000012
       43949000	     21874	80002eaa	df9b8913	addi	x18,x23,-519	 x23:0x00000002 x18=0xfffffdfb
       43973000	     21886	80002eae	030ab933	mulhu	x18,x21,x16	 x21:0x00000012 x16:0x0000001e x18=0x00000000
       43975000	     21887	80002eb2	8dad	c.xor	x11,x11	 x11:0x80018e7c x11:0x80018e7c x11=0x00000000
       43989000	     21894	80002eb4	0187dd33	srl	x26,x15,x24	 x15:0x00011000 x24:0xfffffe88 x26=0x00000110
       44011000	     21905	80002eb8	010313b3	sll	x7,x6,x16	  x6:0x00000000 x16:0x0000001e  x7=0x00000000
       44043000	     21921	80002ebc	10fd	c.addi	x1,-1	  x1:0x00014000  x1=0x00013fff
       44045000	     21922	80002ebe	0194b933	sltu	x18,x9,x25	  x9:0x00000000 x25:0x00006000 x18=0x00000001
       44057000	     21928	80002ec2	028b8033	mul	x0,x23,x8	 x23:0x00000002  x8:0x000001af  x0=0x00000000
       44059000	     21929	80002ec6	1a7d	c.addi	x20,-1	 x20:0x0000000e x20=0x0000000d
       44061000	     21930	80002ec8	41fd00b3	sub	x1,x26,x31	 x26:0x00000110 x31:0x000068e2  x1=0xffff982e
       44075000	     21937	80002ecc	8395	c.srli	x15,0x5	 x15:0x00011000 x15=0x00000880
       44099000	     21949	80002ece	029fcd33	div	x26,x31,x9	 x31:0x000068e2  x9:0x00000000 x26=0xffffffff
       44101000	     21950	80002ed2	6ac9	c.lui	x21,0x12	 x21=0x00012000
       44119000	     21959	80002ed4	8ea1	c.xor	x13,x8	 x13:0x00000000  x8:0x000001af x13=0x000001af
       44143000	     21971	80002ed6	0122d933	srl	x18,x5,x18	  x5:0x8001add4 x18:0x00000001 x18=0x4000d6ea
       44161000	     21980	80002eda	01a6d093	srli	x1,x13,0x1a	 x13:0x000001af  x1=0x00000000
       44163000	     21981	80002ede	8c85	c.sub	x9,x9	  x9:0x00000000  x9:0x00000000  x9=0x00000000
       44165000	     21982	80002ee0	042b0263	beq	x22,x2,80002f24	 x22:0x00006000  x2:0x00000000  x0=0x00000000
       44217000	     22008	80002ee4	01a41d33	sll	x26,x8,x26	  x8:0x000001af x26:0xffffffff x26=0x80000000
       44237000	     22018	80002ee8	8c2d	c.xor	x8,x11	  x8:0x000001af x11:0x00000000  x8=0x000001af
       44241000	     22020	80002eea	0287e163	bltu	x15,x8,80002f0c	 x15:0x00000880  x8:0x000001af  x0=0x00000000
       44243000	     22021	80002eee	15158493	addi	x9,x11,337	 x11:0x00000000  x9=0x00000151
       44245000	     22022	80002ef2	340ba673	csrrs	x12,mscratch,x23	 x23:0x00000002 x12=0x00000002
       44267000	     22033	80002ef6	1145c913	xori	x18,x11,276	 x11:0x00000000 x18=0x00000114
       44269000	     22034	80002efa	0a6a	c.slli	x20,0x1a	 x20:0x0000000d x20=0x34000000
       44319000	     22059	80002efc	8f05	c.sub	x14,x9	 x14:0x00014003  x9:0x00000151 x14=0x00013eb2
       44393000	     22096	80002efe	03b2cd33	div	x26,x5,x27	  x5:0x8001add4 x27:0x0001f000 x26=0xffffbdf1
       44395000	     22097	80002f02	81ad	c.srli	x11,0xb	 x11:0x00000000 x11=0x00000000
       44397000	     22098	80002f04	3407f573	csrrci	x10,mscratch,15	 x10=0x00000002
       44399000	     22099	80002f08	e637c193	xori	x3,x15,-413	 x15:0x00000880  x3=0xfffff6e3
       44441000	     22120	80002f0c	8ccd	c.or	x9,x11	  x9:0x00000151 x11:0x00000000  x9=0x00000151
       44457000	     22128	80002f0e	00bf5f33	srl	x30,x30,x11	 x30:0x8001ee7c x11:0x00000000 x30=0x8001ee7c
       44501000	     22150	80002f12	0147ec63	bltu	x15,x20,80002f2a	 x15:0x00000880 x20:0x34000000  x0=0x00000000
       44523000	     22161	80002f2a	021e5e63	bge	x28,x1,80002f66	 x28:0x00000006  x1:0x00000000  x0=0x00000000
       44541000	     22170	80002f2e	0038fdb3	and	x27,x17,x3	 x17:0x00000400  x3:0xfffff6e3 x27=0x00000400
       44543000	     22171	80002f32	11fd	c.addi	x3,-1	  x3:0xfffff6e3  x3=0xfffff6e2
       44545000	     22172	80002f34	597d	c.li	x18,-1	 x18=0xffffffff
       44559000	     22179	80002f36	3400e7f3	csrrsi	x15,mscratch,1	 x15=0x00000000
       44663000	     22231	80002f3a	03c07f33	remu	x30,x0,x28	  x0:0x00000000 x28:0x00000006 x30=0x00000000
       44665000	     22232	80002f3e	8f25	c.xor	x14,x9	 x14:0x00013eb2  x9:0x00000151 x14=0x00013fe3
       44667000	     22233	80002f40	0ff0000f	fence	iorwiorwiorwiorwiorwiorwiorwiorwiorwiorwiorwiorwiorwiorwiorwiorwiorwiorwiorwiorwiorwiorwiorwiorwiorwiorwiorwiorwiorwiorwiorwiorwiorwiorwiorwiorwiorwiorwiorwiorwiorwiorwiorwiorwiorwiorwiorwiorwiorwiorwiorwiorwiorwiorwiorwiorwiorwiorwiorw,iorwiorwiorwiorwiorwiorwiorwiorwiorwiorwiorwiorwiorwiorwiorwiorwiorwiorwiorwiorwiorwiorwiorwiorwiorwiorwiorwiorwiorwiorwiorwiorwiorwiorwiorwiorwiorwiorwiorwiorwiorwiorwiorwiorwiorwiorwiorwiorwiorwiorwiorwiorwiorwiorwiorwiorwiorwiorwiorwiorw	
       44669000	     22234	80002f44	40a9db13	srai	x22,x19,0xa	 x19:0x8001ee7c x22=0xffe0007b
       44723000	     22261	80002f48	5afd	c.li	x21,-1	 x21=0xffffffff
       44741000	     22270	80002f4a	001c0eb3	add	x29,x24,x1	 x24:0xfffffe88  x1:0x00000000 x29=0xfffffe88
       44745000	     22272	80002f4e	02f35533	divu	x10,x6,x15	  x6:0x00000000 x15:0x00000000 x10=0xffffffff
       44751000	     22275	80002f52	03598533	mul	x10,x19,x21	 x19:0x8001ee7c x21:0xffffffff x10=0x7ffe1184
       44769000	     22284	80002f56	00e208b3	add	x17,x4,x14	  x4:0x00000000 x14:0x00013fe3 x17=0x00013fe3
       44771000	     22285	80002f5a	81cd	c.srli	x11,0x13	 x11:0x00000000 x11=0x00000000
       44775000	     22287	80002f5c	00172633	slt	x12,x14,x1	 x14:0x00013fe3  x1:0x00000000 x12=0x00000000
       44803000	     22301	80002f60	0360f863	bgeu	x1,x22,80002f90	  x1:0x00000000 x22:0xffe0007b  x0=0x00000000
       44805000	     22302	80002f64	6f79	c.lui	x30,0x1e	 x30=0x0001e000
       44827000	     22313	80002f66	002b8633	add	x12,x23,x2	 x23:0x00000002  x2:0x00000000 x12=0x00000002
       44829000	     22314	80002f6a	ef89	c.bnez	x15,80002f84	 x15:0x00000000
       44839000	     22319	80002f6c	02b0f833	remu	x16,x1,x11	  x1:0x00000000 x11:0x00000000 x16=0x00000000
       44841000	     22320	80002f70	34071773	csrrw	x14,mscratch,x14	 x14:0x00013fe3 x14=0x00000001
       44881000	     22340	80002f74	382eff13	andi	x30,x29,898	 x29:0xfffffe88 x30=0x00000280
       44883000	     22341	80002f78	340920f3	csrrs	x1,mscratch,x18	 x18:0xffffffff  x1=0x00013fe3
       44891000	     22345	80002f7c	01a5df13	srli	x30,x11,0x1a	 x11:0x00000000 x30=0x00000000
       45001000	     22400	80002f80	03c6dc33	divu	x24,x13,x28	 x13:0x000001af x28:0x00000006 x24=0x00000047
       45003000	     22401	80002f84	01572033	slt	x0,x14,x21	 x14:0x00000001 x21:0xffffffff  x0=0x00000000
       45005000	     22402	80002f88	36c87513	andi	x10,x16,876	 x16:0x00000000 x10=0x00000000
       45007000	     22403	80002f8c	014dd933	srl	x18,x27,x20	 x27:0x00000400 x20:0x34000000 x18=0x00000400
       45009000	     22404	80002f90	018e0db3	add	x27,x28,x24	 x28:0x00000006 x24:0x00000047 x27=0x0000004d
       45031000	     22415	80002f94	8ee1	c.and	x13,x8	 x13:0x000001af  x8:0x000001af x13=0x000001af
       45113000	     22456	80002f96	02cc4233	div	x4,x24,x12	 x24:0x00000047 x12:0x00000002  x4=0x00000023
       45119000	     22459	80002f9a	032084b3	mul	x9,x1,x18	  x1:0x00013fe3 x18:0x00000400  x9=0x04ff8c00
       45121000	     22460	80002f9e	01823db3	sltu	x27,x4,x24	  x4:0x00000023 x24:0x00000047 x27=0x00000001
       45155000	     22477	80002fa2	41f786b3	sub	x13,x15,x31	 x15:0x00000000 x31:0x000068e2 x13=0xffff971e
       45157000	     22478	80002fa6	1680	c.addi4spn	x8,x2,864	  x8=0x00000360
       45159000	     22479	80002fa8	1810	c.addi4spn	x12,x2,48	 x12=0x00000030
       45161000	     22480	80002faa	0001	c.addi	x0,0	  x0:0x00000000  x0=0x00000000
       45187000	     22493	80002fac	340c5ef3	csrrwi	x29,mscratch,24	 x29=0xffffffff
       45203000	     22501	80002fb0	418684b3	sub	x9,x13,x24	 x13:0xffff971e x24:0x00000047  x9=0xffff96d7
       45297000	     22548	80002fb4	0294c4b3	div	x9,x9,x9	  x9:0xffff96d7  x9:0xffff96d7  x9=0x00000001
       45299000	     22549	80002fb8	00397533	and	x10,x18,x3	 x18:0x00000400  x3:0xfffff6e2 x10=0x00000400
       45301000	     22550	80002fbc	cbce6193	ori	x3,x28,-836	 x28:0x00000006  x3=0xfffffcbe
       45305000	     22552	80002fc0	026ae733	rem	x14,x21,x6	 x21:0xffffffff  x6:0x00000000 x14=0xffffffff
       45367000	     22583	80002fc4	027a1463	bne	x20,x7,80002fec	 x20:0x34000000  x7:0x00000000  x0=0x00000000
       45419000	     22609	80002fec	82e1	c.srli	x13,0x18	 x13:0xffff971e x13=0x000000ff
       45421000	     22610	80002fee	8f45	c.or	x14,x9	 x14:0xffffffff  x9:0x00000001 x14=0xffffffff
       45423000	     22611	80002ff0	8e5e	c.mv	x28,x23	  x0:0x00000000 x23:0x00000002 x28=0x00000002
       45435000	     22617	80002ff2	0133c263	blt	x7,x19,80002ff6	  x7:0x00000000 x19:0x8001ee7c  x0=0x00000000
       45437000	     22618	80002ff6	340da073	csrrs	x0,mscratch,x27	 x27:0x00000001  x0=0x00000000
       45459000	     22629	80002ffa	40b40fb3	sub	x31,x8,x11	  x8:0x00000360 x11:0x00000000 x31=0x00000360
       45467000	     22633	80002ffe	340b2cf3	csrrs	x25,mscratch,x22	 x22:0xffe0007b x25=0x00000019
       45499000	     22649	80003002	01f17233	and	x4,x2,x31	  x2:0x00000000 x31:0x00000360  x4=0x00000000
       45501000	     22650	80003006	03305b63	bge	x0,x19,8000303c	  x0:0x00000000 x19:0x8001ee7c  x0=0x00000000
       45505000	     22652	8000300a	40dbdcb3	sra	x25,x23,x13	 x23:0x00000002 x13:0x000000ff x25=0x00000000
       45517000	     22658	8000300e	02ec7e63	bgeu	x24,x14,8000304a	 x24:0x00000047 x14:0xffffffff  x0=0x00000000
       45539000	     22669	80003012	007fdd13	srli	x26,x31,0x7	 x31:0x00000360 x26=0x00000006
       45541000	     22670	80003016	07acaf93	slti	x31,x25,122	 x25:0x00000000 x31=0x00000001
       45597000	     22698	8000301a	00c3e433	or	x8,x7,x12	  x7:0x00000000 x12:0x00000030  x8=0x00000030
       45599000	     22699	8000301e	80a5	c.srli	x9,0x9	  x9:0x00000001  x9=0x00000000
       45601000	     22700	80003020	340f6af3	csrrsi	x21,mscratch,30	 x21=0xffe0007b
       45629000	     22714	80003024	01ee5b13	srli	x22,x28,0x1e	 x28:0x00000002 x22=0x00000000
       45703000	     22751	80003028	0374c433	div	x8,x9,x23	  x9:0x00000000 x23:0x00000002  x8=0x00000000
       45705000	     22752	8000302c	00041713	slli	x14,x8,0x0	  x8:0x00000000 x14=0x00000000
       45715000	     22757	80003030	8ff1	c.and	x15,x12	 x15:0x00000000 x12:0x00000030 x15=0x00000000
       45717000	     22758	80003032	c699	c.beqz	x13,80003040	 x13:0x000000ff
       45719000	     22759	80003034	01a39633	sll	x12,x7,x26	  x7:0x00000000 x26:0x00000006 x12=0x00000000
       45777000	     22788	80003038	00bc1bb3	sll	x23,x24,x11	 x24:0x00000047 x11:0x00000000 x23=0x00000047
       45783000	     22791	8000303c	fdfdc417	auipc	x8,0xfdfdc	  x8=0x7dfdf03c
       45785000	     22792	80003040	d9134213	xori	x4,x6,-623	  x6:0x00000000  x4=0xfffffd91
       45805000	     22802	80003044	3403e773	csrrsi	x14,mscratch,7	 x14=0xffe0007f
       45837000	     22818	80003048	8f51	c.or	x14,x12	 x14:0xffe0007f x12:0x00000000 x14=0xffe0007f
       45853000	     22826	8000304a	e75fdf97	auipc	x31,0xe75fd	 x31=0x6760004a
       45855000	     22827	8000304e	9442	c.add	x8,x16	  x8:0x7dfdf03c x16:0x00000000  x8=0x7dfdf03c
       45933000	     22866	80003050	023bff33	remu	x30,x23,x3	 x23:0x00000047  x3:0xfffffcbe x30=0x00000047
       45935000	     22867	80003054	3ce0ad93	slti	x27,x1,974	  x1:0x00013fe3 x27=0x00000000
       45937000	     22868	80003058	41625413	srai	x8,x4,0x16	  x4:0xfffffd91  x8=0xffffffff
       45939000	     22869	8000305c	071d	c.addi	x14,7	 x14:0xffe0007f x14=0xffe00086
       45979000	     22889	8000305e	34097273	csrrci	x4,mscratch,18	  x4=0xffe0007f
       46021000	     22910	80003062	3401e1f3	csrrsi	x3,mscratch,3	  x3=0xffe0006d
       46023000	     22911	80003066	802d	c.srli	x8,0xb	  x8:0xffffffff  x8=0x001fffff
       46025000	     22912	80003068	340e1e73	csrrw	x28,mscratch,x28	 x28:0x00000002 x28=0xffe0006f
       46063000	     22931	8000306c	ea8ae013	ori	x0,x21,-344	 x21:0xffe0007b  x0=0x00000000
       46065000	     22932	80003070	e795	c.bnez	x15,8000309c	 x15:0x00000000
       46085000	     22942	80003072	f66b3917	auipc	x18,0xf66b3	 x18=0x766b6072
       46087000	     22943	80003076	98fd	c.andi	x9,-1	  x9:0x00000000  x9=0x00000000
       46127000	     22963	80003078	0001	c.addi	x0,0	  x0:0x00000000  x0=0x00000000
       46135000	     22967	8000307a	0230bf33	mulhu	x30,x1,x3	  x1:0x00013fe3  x3:0xffe0006d x30=0x00013fbb
       46137000	     22968	8000307e	01071e93	slli	x29,x14,0x10	 x14:0xffe00086 x29=0x00860000
       46263000	     23031	80003082	03db53b3	divu	x7,x22,x29	 x22:0x00000000 x29:0x00860000  x7=0x00000000
       46265000	     23032	80003086	04f77163	bgeu	x14,x15,800030c8	 x14:0xffe00086 x15:0x00000000  x0=0x00000000
       46267000	     23033	8000308a	1211ce13	xori	x28,x3,289	  x3:0xffe0006d x28=0xffe0014c
       46317000	     23058	8000308e	01bb0633	add	x12,x22,x27	 x22:0x00000000 x27:0x00000000 x12=0x00000000
       46337000	     23068	80003092	340e36f3	csrrc	x13,mscratch,x28	 x28:0xffe0014c x13=0x00000002
       46339000	     23069	80003096	6135	c.addi16sp	x2,352	  x2:0x00000000  x2=0x00000160
       46357000	     23078	80003098	273db193	sltiu	x3,x27,627	 x27:0x00000000  x3=0x00000001
       46361000	     23080	8000309c	4042dcb3	sra	x25,x5,x4	  x5:0x8001add4  x4:0xffe0007f x25=0xffffffff
       46415000	     23107	800030a0	8a11	c.andi	x12,4	 x12:0x00000000 x12=0x00000000
       46417000	     23108	800030a2	96aa	c.add	x13,x10	 x13:0x00000002 x10:0x00000400 x13=0x00000402
       46419000	     23109	800030a4	01035fb3	srl	x31,x6,x16	  x6:0x00000000 x16:0x00000000 x31=0x00000000
       46421000	     23110	800030a8	00aa	c.slli	x1,0xa	  x1:0x00013fe3  x1=0x04ff8c00
       46453000	     23126	800030aa	415ed813	srai	x16,x29,0x15	 x29:0x00860000 x16=0x00000004
       46473000	     23136	800030ae	e4a7b013	sltiu	x0,x15,-438	 x15:0x00000000  x0=0x00000000
       46475000	     23137	800030b2	c51d	c.beqz	x10,800030e0	 x10:0x00000400
       46507000	     23153	800030b4	06be	c.slli	x13,0xf	 x13:0x00000402 x13=0x02010000
       46509000	     23154	800030b6	8386	c.mv	x7,x1	  x0:0x00000000  x1:0x04ff8c00  x7=0x04ff8c00
       46529000	     23164	800030b8	0276aeb3	mulhsu	x29,x13,x7	 x13:0x02010000  x7:0x04ff8c00 x29=0x000a0417
       46537000	     23168	800030bc	02d017b3	mulh	x15,x0,x13	  x0:0x00000000 x13:0x02010000 x15=0x00000000
       46539000	     23169	800030c0	f78b4f37	lui	x30,0xf78b4	 x30=0xf78b4000
       46553000	     23176	800030c4	dbab0817	auipc	x16,0xdbab0	 x16=0x5bab30c4
       46559000	     23179	800030c8	03b160b3	rem	x1,x2,x27	  x2:0x00000160 x27:0x00000000  x1=0x00000160
       46567000	     23183	800030cc	c615	c.beqz	x12,800030f8	 x12:0x00000000
       46643000	     23221	800030f8	0f7e	c.slli	x30,0x1f	 x30:0xf78b4000 x30=0x00000000
       46645000	     23222	800030fa	8d5d	c.or	x10,x15	 x10:0x00000400 x15:0x00000000 x10=0x00000400
       46655000	     23227	800030fc	03d74263	blt	x14,x29,80003120	 x14:0xffe00086 x29:0x000a0417  x0=0x00000000
       46739000	     23269	80003120	00511233	sll	x4,x2,x5	  x2:0x00000160  x5:0x8001add4  x4=0x16000000
       46769000	     23284	80003124	8091	c.srli	x9,0x4	  x9:0x00000000  x9=0x00000000
       46811000	     23305	80003126	01461213	slli	x4,x12,0x14	 x12:0x00000000  x4=0x00000000
       46813000	     23306	8000312a	0c14	c.addi4spn	x13,x2,528	 x13=0x00000370
       46815000	     23307	8000312c	6161	c.addi16sp	x2,80	  x2:0x00000160  x2=0x000001b0
       46865000	     23332	8000312e	01f267b3	or	x15,x4,x31	  x4:0x00000000 x31:0x00000000 x15=0x00000000
       46867000	     23333	80003132	9afd	c.andi	x13,-1	 x13:0x00000370 x13=0x00000370
       46879000	     23339	80003134	8c35	c.xor	x8,x13	  x8:0x001fffff x13:0x00000370  x8=0x001ffc8f
       46881000	     23340	80003136	cc09	c.beqz	x8,80003150	  x8:0x001ffc8f
       46883000	     23341	80003138	610d	c.addi16sp	x2,160	  x2:0x000001b0  x2=0x00000250
       46957000	     23378	8000313a	02d370b3	remu	x1,x6,x13	  x6:0x00000000 x13:0x00000370  x1=0x00000000
       46959000	     23379	8000313e	ca95	c.beqz	x13,80003172	 x13:0x00000370
       46961000	     23380	80003140	340e2973	csrrs	x18,mscratch,x28	 x28:0xffe0014c x18=0x00000002
       46963000	     23381	80003144	01694e33	xor	x28,x18,x22	 x18:0x00000002 x22:0x00000000 x28=0x00000002
       46967000	     23383	80003148	cb81	c.beqz	x15,80003158	 x15:0x00000000
       46971000	     23385	80003158	008533b3	sltu	x7,x10,x8	 x10:0x00000400  x8:0x001ffc8f  x7=0x00000001
       46995000	     23397	8000315c	415add13	srai	x26,x21,0x15	 x21:0xffe0007b x26=0xffffffff
       46997000	     23398	80003160	417d0733	sub	x14,x26,x23	 x26:0xffffffff x23:0x00000047 x14=0xffffffb8
       47039000	     23419	80003164	340e28f3	csrrs	x17,mscratch,x28	 x28:0x00000002 x17=0xffe0014e
       47041000	     23420	80003168	dd177897	auipc	x17,0xdd177	 x17=0x5d17a168
       47043000	     23421	8000316c	4e7d	c.li	x28,31	 x28=0x0000001f
       47063000	     23431	8000316e	01219933	sll	x18,x3,x18	  x3:0x00000001 x18:0x00000002 x18=0x00000004
       47067000	     23433	80003172	01a83eb3	sltu	x29,x16,x26	 x16:0x5bab30c4 x26:0xffffffff x29=0x00000001
       47069000	     23434	80003176	8759	c.srai	x14,0x16	 x14:0xffffffb8 x14=0xffffffff
       47127000	     23463	80003178	00bec7b3	xor	x15,x29,x11	 x29:0x00000001 x11:0x00000000 x15=0x00000001
       47129000	     23464	8000317c	340aeb73	csrrsi	x22,mscratch,21	 x22=0xffe0014e
       47137000	     23468	80003180	02ae0433	mul	x8,x28,x10	 x28:0x0000001f x10:0x00000400  x8=0x00007c00
       47183000	     23491	80003184	fff06a97	auipc	x21,0xfff06	 x21=0x7ff09184
       47185000	     23492	80003188	163fa813	slti	x16,x31,355	 x31:0x00000000 x16=0x00000001
       47191000	     23495	8000318c	d64c4e13	xori	x28,x24,-668	 x24:0x00000047 x28=0xfffffd23
       47195000	     23497	80003190	e6a9	c.bnez	x13,800031da	 x13:0x00000370
       47235000	     23517	800031da	1c8ee093	ori	x1,x29,456	 x29:0x00000001  x1=0x000001c9
       47243000	     23521	800031de	00efc3b3	xor	x7,x31,x14	 x31:0x00000000 x14:0xffffffff  x7=0xffffffff
       47305000	     23552	800031e2	41795613	srai	x12,x18,0x17	 x18:0x00000004 x12=0x00000000
       47307000	     23553	800031e6	ab3826b7	lui	x13,0xab382	 x13=0xab382000
       47309000	     23554	800031ea	8345	c.srli	x14,0x11	 x14:0xffffffff x14=0x00007fff
       47329000	     23564	800031ec	04394563	blt	x18,x3,80003236	 x18:0x00000004  x3:0x00000001  x0=0x00000000
       47367000	     23583	800031f0	0b5a	c.slli	x22,0x16	 x22:0xffe0014e x22=0x53800000
       47369000	     23584	800031f2	01a475b3	and	x11,x8,x26	  x8:0x00007c00 x26:0xffffffff x11=0x00007c00
       47371000	     23585	800031f6	e67aec97	auipc	x25,0xe67ae	 x25=0x667b11f6
       47405000	     23602	800031fa	41f2dcb3	sra	x25,x5,x31	  x5:0x8001add4 x31:0x00000000 x25=0x8001add4
       47411000	     23605	800031fe	34065d73	csrrwi	x26,mscratch,12	 x26=0xffe0015f
       47485000	     23642	80003202	035277b3	remu	x15,x4,x21	  x4:0x00000000 x21:0x7ff09184 x15=0x00000000
       47487000	     23643	80003206	98da	c.add	x17,x22	 x17:0x5d17a168 x22:0x53800000 x17=0xb097a168
       47489000	     23644	80003208	01f6dd63	bge	x13,x31,80003222	 x13:0xab382000 x31:0x00000000  x0=0x00000000
       47497000	     23648	8000320c	03cf1eb3	mulh	x29,x30,x28	 x30:0x00000000 x28:0xfffffd23 x29=0x00000000
       47503000	     23651	80003210	c9dd6113	ori	x2,x26,-867	 x26:0xffe0015f  x2=0xfffffddf
       47505000	     23652	80003214	0cd32013	slti	x0,x6,205	  x6:0x00000000  x0=0x00000000
       47527000	     23663	80003218	02d5ec63	bltu	x11,x13,80003250	 x11:0x00007c00 x13:0xab382000  x0=0x00000000
       47553000	     23676	80003250	e40d	c.bnez	x8,8000327a	  x8:0x00007c00
       47639000	     23719	8000327a	00f45233	srl	x4,x8,x15	  x8:0x00007c00 x15:0x00000000  x4=0x00007c00
       47641000	     23720	8000327e	9db6	c.add	x27,x13	 x27:0x00000000 x13:0xab382000 x27=0xab382000
       47683000	     23741	80003280	00cb1263	bne	x22,x12,80003284	 x22:0x53800000 x12:0x00000000  x0=0x00000000
       47699000	     23749	80003284	09d4cc93	xori	x25,x9,157	  x9:0x00000000 x25=0x0000009d
       47817000	     23808	80003288	03076c33	rem	x24,x14,x16	 x14:0x00007fff x16:0x00000001 x24=0x00000000
       47819000	     23809	8000328c	01f86133	or	x2,x16,x31	 x16:0x00000001 x31:0x00000000  x2=0x00000001
       47821000	     23810	80003290	30e90f93	addi	x31,x18,782	 x18:0x00000004 x31=0x00000312
       47823000	     23811	80003294	e513da17	auipc	x20,0xe513d	 x20=0x65140294
       47847000	     23823	80003298	02cf5363	bge	x30,x12,800032be	 x30:0x00000000 x12:0x00000000  x0=0x00000000
       47899000	     23849	800032be	8d4d	c.or	x10,x11	 x10:0x00000400 x11:0x00007c00 x10=0x00007c00
       47903000	     23851	800032c0	026965b3	rem	x11,x18,x6	 x18:0x00000004  x6:0x00000000 x11=0x00000004
       47923000	     23861	800032c4	0f6e	c.slli	x30,0x1b	 x30:0x00000000 x30=0x00000000
       48005000	     23902	800032c6	0231f0b3	remu	x1,x3,x3	  x3:0x00000001  x3:0x00000001  x1=0x00000000
       48007000	     23903	800032ca	0001	c.addi	x0,0	  x0:0x00000000  x0=0x00000000
       48009000	     23904	800032cc	02fa6763	bltu	x20,x15,800032fa	 x20:0x65140294 x15:0x00000000  x0=0x00000000
       48011000	     23905	800032d0	8cc5	c.or	x9,x9	  x9:0x00000000  x9:0x00000000  x9=0x00000000
       48033000	     23916	800032d2	4072d793	srai	x15,x5,0x7	  x5:0x8001add4 x15=0xff00035b
       48035000	     23917	800032d6	8e6d	c.and	x12,x11	 x12:0x00000000 x11:0x00000004 x12=0x00000000
       48047000	     23923	800032d8	3409f5f3	csrrci	x11,mscratch,19	 x11=0x0000000c
       48079000	     23939	800032dc	0156e433	or	x8,x13,x21	 x13:0xab382000 x21:0x7ff09184  x8=0xfff8b184
       48121000	     23960	800032e0	36400b13	addi	x22,x0,868	  x0:0x00000000 x22=0x00000364
       48147000	     23973	800032e4	0d84	c.addi4spn	x9,x2,720	  x9=0x000002d1
       48151000	     23975	800032e6	03d14bb3	div	x23,x2,x29	  x2:0x00000001 x29:0x00000000 x23=0xffffffff
       48153000	     23976	800032ea	c815	c.beqz	x8,8000331e	  x8:0xfff8b184
       48159000	     23979	800032ec	6d29	c.lui	x26,0xa	 x26=0x0000a000
       48179000	     23989	800032ee	0051df33	srl	x30,x3,x5	  x3:0x00000001  x5:0x8001add4 x30=0x00000000
       48181000	     23990	800032f2	1b14	c.addi4spn	x13,x2,432	 x13=0x000001b1
       48195000	     23997	800032f4	df0d6397	auipc	x7,0xdf0d6	  x7=0x5f0d92f4
       48237000	     24018	800032f8	0804	c.addi4spn	x9,x2,16	  x9=0x00000011
       48257000	     24028	800032fa	0057bbb3	sltu	x23,x15,x5	 x15:0xff00035b  x5:0x8001add4 x23=0x00000000
       48259000	     24029	800032fe	001fcfb3	xor	x31,x31,x1	 x31:0x00000312  x1:0x00000000 x31=0x00000312
       48263000	     24031	80003302	eb0d	c.bnez	x14,80003334	 x14:0x00007fff
       48355000	     24077	80003334	01825133	srl	x2,x4,x24	  x4:0x00007c00 x24:0x00000000  x2=0x00007c00
       48357000	     24078	80003338	8b42	c.mv	x22,x16	  x0:0x00000000 x16:0x00000001 x22=0x00000001
       48369000	     24084	8000333a	34023cf3	csrrc	x25,mscratch,x4	  x4:0x00007c00 x25=0x0000000c
       48371000	     24085	8000333e	8cd9	c.or	x9,x14	  x9:0x00000011 x14:0x00007fff  x9=0x00007fff
       48405000	     24102	80003340	01c09893	slli	x17,x1,0x1c	  x1:0x00000000 x17=0x00000000
       48443000	     24121	80003344	027d6763	bltu	x26,x7,80003372	 x26:0x0000a000  x7:0x5f0d92f4  x0=0x00000000
       48553000	     24176	80003372	033ae1b3	rem	x3,x21,x19	 x21:0x7ff09184 x19:0x8001ee7c  x3=0x7ff09184
       48555000	     24177	80003376	ff4e7013	andi	x0,x28,-12	 x28:0xfffffd23  x0=0x00000000
       48563000	     24181	8000337a	03d618b3	mulh	x17,x12,x29	 x12:0x00000000 x29:0x00000000 x17=0x00000000
       48565000	     24182	8000337e	005e4bb3	xor	x23,x28,x5	 x28:0xfffffd23  x5:0x8001add4 x23=0x7ffe50f7
       48567000	     24183	80003382	0621	c.addi	x12,8	 x12:0x00000000 x12=0x00000008
       48583000	     24191	80003384	0ff0000f	fence	iorwiorwiorwiorwiorwiorwiorwiorwiorwiorwiorwiorwiorwiorwiorwiorwiorwiorwiorwiorwiorwiorwiorwiorwiorwiorwiorwiorwiorwiorwiorwiorwiorwiorwiorwiorwiorwiorwiorwiorwiorwiorwiorwiorwiorwiorwiorwiorwiorwiorwiorwiorwiorwiorwiorwiorwiorwiorwiorwiorwiorw,iorwiorwiorwiorwiorwiorwiorwiorwiorwiorwiorwiorwiorwiorwiorwiorwiorwiorwiorwiorwiorwiorwiorwiorwiorwiorwiorwiorwiorwiorwiorwiorwiorwiorwiorwiorwiorwiorwiorwiorwiorwiorwiorwiorwiorwiorwiorwiorwiorwiorwiorwiorwiorwiorwiorwiorwiorwiorwiorwiorwiorwiorw	
       48611000	     24205	80003388	ff85fd13	andi	x26,x11,-8	 x11:0x0000000c x26=0x00000008
       48653000	     24226	8000338c	0001	c.addi	x0,0	  x0:0x00000000  x0=0x00000000
       48655000	     24227	8000338e	01828733	add	x14,x5,x24	  x5:0x8001add4 x24:0x00000000 x14=0x8001add4
       48705000	     24252	80003392	00929d63	bne	x5,x9,800033ac	  x5:0x8001add4  x9:0x00007fff  x0=0x00000000
       48751000	     24275	800033ac	85c1	c.srai	x11,0x10	 x11:0x0000000c x11=0x00000000
       48761000	     24280	800033ae	000ab4b3	sltu	x9,x21,x0	 x21:0x7ff09184  x0:0x00000000  x9=0x00000000
       48773000	     24286	800033b2	340615f3	csrrw	x11,mscratch,x12	 x12:0x00000008 x11=0x0000000c
       48775000	     24287	800033b6	0001	c.addi	x0,0	  x0:0x00000000  x0=0x00000000
       48795000	     24297	800033b8	0aa5	c.addi	x21,9	 x21:0x7ff09184 x21=0x7ff0918d
       48817000	     24308	800033ba	02659bb3	mulh	x23,x11,x6	 x11:0x0000000c  x6:0x00000000 x23=0x00000000
       48819000	     24309	800033be	6975	c.lui	x18,0x1d	 x18=0x0001d000
       48839000	     24319	800033c0	00351ab3	sll	x21,x10,x3	 x10:0x00007c00  x3:0x7ff09184 x21=0x0007c000
       48877000	     24338	800033c4	1e7d	c.addi	x28,-1	 x28:0xfffffd23 x28=0xfffffd22
       48889000	     24344	800033c6	01d6d6b3	srl	x13,x13,x29	 x13:0x000001b1 x29:0x00000000 x13=0x000001b1
       48897000	     24348	800033ca	0e244b13	xori	x22,x8,226	  x8:0xfff8b184 x22=0xfff8b166
       48933000	     24366	800033ce	03ef1a33	mulh	x20,x30,x30	 x30:0x00000000 x30:0x00000000 x20=0x00000000
       48941000	     24370	800033d2	048d8063	beq	x27,x8,80003412	 x27:0xab382000  x8:0xfff8b184  x0=0x00000000
       48943000	     24371	800033d6	189c	c.addi4spn	x15,x2,112	 x15=0x00007c70
       48977000	     24388	800033d8	039c94b3	mulh	x9,x25,x25	 x25:0x0000000c x25:0x0000000c  x9=0x00000000
       48979000	     24389	800033dc	612d	c.addi16sp	x2,224	  x2:0x00007c00  x2=0x00007ce0
       49035000	     24417	800033de	027995b3	mulh	x11,x19,x7	 x19:0x8001ee7c  x7:0x5f0d92f4 x11=0xd079ee20
       49051000	     24425	800033e2	34087073	csrrci	x0,mscratch,16	  x0=0x00000000
       49053000	     24426	800033e6	41785193	srai	x3,x16,0x17	 x16:0x00000001  x3=0x00000000
       49077000	     24438	800033ea	02b2c463	blt	x5,x11,80003412	  x5:0x8001add4 x11:0xd079ee20  x0=0x00000000
       49115000	     24457	80003412	8f31	c.xor	x14,x12	 x14:0x8001add4 x12:0x00000008 x14=0x8001addc
       49117000	     24458	80003414	00ce	c.slli	x1,0x13	  x1:0x00000000  x1=0x00000000
       49119000	     24459	80003416	0596	c.slli	x11,0x5	 x11:0xd079ee20 x11=0x0f3dc400
       49203000	     24501	80003418	02d9f3b3	remu	x7,x19,x13	 x19:0x8001ee7c x13:0x000001b1  x7=0x0000017e
       49205000	     24502	8000341c	1f00	c.addi4spn	x8,x2,944	  x8=0x00008090
       49209000	     24504	8000341e	038ece33	div	x28,x29,x24	 x29:0x00000000 x24:0x00000000 x28=0xffffffff
       49211000	     24505	80003422	00438533	add	x10,x7,x4	  x7:0x0000017e  x4:0x00007c00 x10=0x00007d7e
       49235000	     24517	80003426	0240b033	mulhu	x0,x1,x4	  x1:0x00000000  x4:0x00007c00  x0=0x00000000
       49237000	     24518	8000342a	01b6ce63	blt	x13,x27,80003446	 x13:0x000001b1 x27:0xab382000  x0=0x00000000
       49247000	     24523	8000342e	01c39913	slli	x18,x7,0x1c	  x7:0x0000017e x18=0xe0000000
       49271000	     24535	80003432	02c44913	xori	x18,x8,44	  x8:0x00008090 x18=0x000080bc
       49275000	     24537	80003436	e211	c.bnez	x12,8000343a	 x12:0x00000008
       49289000	     24544	8000343a	03cbc463	blt	x23,x28,80003462	 x23:0x00000000 x28:0xffffffff  x0=0x00000000
       49291000	     24545	8000343e	81e9	c.srli	x11,0x1a	 x11:0x0f3dc400 x11=0x00000003
       49327000	     24563	80003440	997d	c.andi	x10,-1	 x10:0x00007d7e x10=0x00007d7e
       49335000	     24567	80003442	f621c213	xori	x4,x3,-158	  x3:0x00000000  x4=0xffffff62
       49361000	     24580	80003446	340b1473	csrrw	x8,mscratch,x22	 x22:0xfff8b166  x8=0x00000008
       49363000	     24581	8000344a	c699	c.beqz	x13,80003458	 x13:0x000001b1
       49371000	     24585	8000344c	0203b0b3	mulhu	x1,x7,x0	  x7:0x0000017e  x0:0x00000000  x1=0x00000000
       49397000	     24598	80003450	c6ae8513	addi	x10,x29,-918	 x29:0x00000000 x10=0xfffffc6a
       49433000	     24616	80003454	c41d	c.beqz	x8,80003482	  x8:0x00000008
       49435000	     24617	80003456	1d9c	c.addi4spn	x15,x2,752	 x15=0x00007fd0
       49469000	     24634	80003458	01ed1213	slli	x4,x26,0x1e	 x26:0x00000008  x4=0x00000000
       49477000	     24638	8000345c	02b89033	mulh	x0,x17,x11	 x17:0x00000000 x11:0x00000003  x0=0x00000000
       49519000	     24659	80003460	8479	c.srai	x8,0x1e	  x8:0x00000008  x8=0x00000000
       49521000	     24660	80003462	93be	c.add	x7,x15	  x7:0x0000017e x15:0x00007fd0  x7=0x0000814e
       49633000	     24716	80003464	0279d7b3	divu	x15,x19,x7	 x19:0x8001ee7c  x7:0x0000814e x15=0x0000fd6e
       49637000	     24718	80003468	eb19	c.bnez	x14,8000347e	 x14:0x8001addc
       49665000	     24732	8000347e	10243e13	sltiu	x28,x8,258	  x8:0x00000000 x28=0x00000001
       49673000	     24736	80003482	03812ab3	mulhsu	x21,x2,x24	  x2:0x00007ce0 x24:0x00000000 x21=0x00000000
       49675000	     24737	80003486	8836	c.mv	x16,x13	  x0:0x00000000 x13:0x000001b1 x16=0x000001b1
       49691000	     24745	80003488	03888b63	beq	x17,x24,800034be	 x17:0x00000000 x24:0x00000000  x0=0x00000000
       49775000	     24787	800034be	03a55863	bge	x10,x26,800034ee	 x10:0xfffffc6a x26:0x00000008  x0=0x00000000
       49779000	     24789	800034c2	41d55233	sra	x4,x10,x29	 x10:0xfffffc6a x29:0x00000000  x4=0xfffffc6a
       49829000	     24814	800034c6	011251b3	srl	x3,x4,x17	  x4:0xfffffc6a x17:0x00000000  x3=0xfffffc6a
       49831000	     24815	800034ca	8599	c.srai	x11,0x6	 x11:0x00000003 x11=0x00000000
       49837000	     24818	800034cc	018a0533	add	x10,x20,x24	 x20:0x00000000 x24:0x00000000 x10=0x00000000
       49839000	     24819	800034d0	3f22a5b7	lui	x11,0x3f22a	 x11=0x3f22a000
       49973000	     24886	800034d4	03f95bb3	divu	x23,x18,x31	 x18:0x000080bc x31:0x00000312 x23=0x00000029
       49975000	     24887	800034d8	81a5	c.srli	x11,0x9	 x11:0x3f22a000 x11=0x001f9150
       49977000	     24888	800034da	000db1b3	sltu	x3,x27,x0	 x27:0xab382000  x0:0x00000000  x3=0x00000000
       49979000	     24889	800034de	34063573	csrrc	x10,mscratch,x12	 x12:0x00000008 x10=0xfff8b166
       49995000	     24897	800034e2	0646cd93	xori	x27,x13,100	 x13:0x000001b1 x27=0x000001d5
       50125000	     24962	800034e6	03616db3	rem	x27,x2,x22	  x2:0x00007ce0 x22:0xfff8b166 x27=0x00007ce0
       50127000	     24963	800034ea	40e50933	sub	x18,x10,x14	 x10:0xfff8b166 x14:0x8001addc x18=0x7ff7038a
       50129000	     24964	800034ee	7f81f937	lui	x18,0x7f81f	 x18=0x7f81f000
       50133000	     24966	800034f2	00f6c033	xor	x0,x13,x15	 x13:0x000001b1 x15:0x0000fd6e  x0=0x00000000
       50143000	     24971	800034f6	04334563	blt	x6,x3,80003540	  x6:0x00000000  x3:0x00000000  x0=0x00000000
       50153000	     24976	800034fa	41a957b3	sra	x15,x18,x26	 x18:0x7f81f000 x26:0x00000008 x15=0x007f81f0
       50169000	     24984	800034fe	ce077817	auipc	x16,0xce077	 x16=0x4e07a4fe
       50173000	     24986	80003502	e61d	c.bnez	x12,80003530	 x12:0x00000008
       50219000	     25009	80003530	1194	c.addi4spn	x13,x2,224	 x13=0x00007dc0
       50235000	     25017	80003532	04339363	bne	x7,x3,80003578	  x7:0x0000814e  x3:0x00000000  x0=0x00000000
       50289000	     25044	80003578	01c66863	bltu	x12,x28,80003588	 x12:0x00000008 x28:0x00000001  x0=0x00000000
       50291000	     25045	8000357c	0c3c2113	slti	x2,x24,195	 x24:0x00000000  x2=0x00000001
       50319000	     25059	80003580	0012d5b3	srl	x11,x5,x1	  x5:0x8001add4  x1:0x00000000 x11=0x8001add4
       50339000	     25069	80003584	00c2fcb3	and	x25,x5,x12	  x5:0x8001add4 x12:0x00000008 x25=0x00000000
       50343000	     25071	80003588	010eabb3	slt	x23,x29,x16	 x29:0x00000000 x16:0x4e07a4fe x23=0x00000001
       50391000	     25095	8000358c	618d	c.lui	x3,0x3	  x3=0x00003000
       50411000	     25105	8000358e	03e0b533	mulhu	x10,x1,x30	  x1:0x00000000 x30:0x00000000 x10=0x00000000
       50419000	     25109	80003592	02a09eb3	mulh	x29,x1,x10	  x1:0x00000000 x10:0x00000000 x29=0x00000000
       50421000	     25110	80003596	03018363	beq	x3,x16,800035bc	  x3:0x00003000 x16:0x4e07a4fe  x0=0x00000000
       50431000	     25115	8000359a	00e208b3	add	x17,x4,x14	  x4:0xfffffc6a x14:0x8001addc x17=0x8001aa46
       50461000	     25130	8000359e	16ccaa93	slti	x21,x25,364	 x25:0x00000000 x21=0x00000001
       50463000	     25131	800035a2	53fd	c.li	x7,-1	  x7=0xffffffff
       50489000	     25144	800035a4	340551f3	csrrwi	x3,mscratch,10	  x3=0xfff8b166
       50497000	     25148	800035a8	415e04b3	sub	x9,x28,x21	 x28:0x00000001 x21:0x00000001  x9=0x00000000
       50499000	     25149	800035ac	340a5cf3	csrrwi	x25,mscratch,20	 x25=0x0000000a
       50561000	     25180	800035b0	022d9eb3	mulh	x29,x27,x2	 x27:0x00007ce0  x2:0x00000001 x29=0x00000000
       50575000	     25187	800035b4	418ad793	srai	x15,x21,0x18	 x21:0x00000001 x15=0x00000000
       50577000	     25188	800035b8	019eb233	sltu	x4,x29,x25	 x29:0x00000000 x25:0x0000000a  x4=0x00000001
       50599000	     25199	800035bc	8c59	c.or	x8,x14	  x8:0x00000000 x14:0x8001addc  x8=0x8001addc
       50655000	     25227	800035be	fcccb613	sltiu	x12,x25,-52	 x25:0x0000000a x12=0x00000001
       50657000	     25228	800035c2	00e3b1b3	sltu	x3,x7,x14	  x7:0xffffffff x14:0x8001addc  x3=0x00000000
       50659000	     25229	800035c6	8e92	c.mv	x29,x4	  x0:0x00000000  x4:0x00000001 x29=0x00000001
       50661000	     25230	800035c8	018abc33	sltu	x24,x21,x24	 x21:0x00000001 x24:0x00000000 x24=0x00000000
       50677000	     25238	800035cc	e4015e37	lui	x28,0xe4015	 x28=0xe4015000
       50719000	     25259	800035d0	075a	c.slli	x14,0x16	 x14:0x8001addc x14=0x77000000
       50721000	     25260	800035d2	8e6d	c.and	x12,x11	 x12:0x00000001 x11:0x8001add4 x12=0x00000000
       50725000	     25262	800035d4	01b0a933	slt	x18,x1,x27	  x1:0x00000000 x27:0x00007ce0 x18=0x00000001
       50751000	     25275	800035d8	8005	c.srli	x8,0x1	  x8:0x8001addc  x8=0x4000d6ee
       50765000	     25282	800035da	02e09833	mulh	x16,x1,x14	  x1:0x00000000 x14:0x77000000 x16=0x00000000
       50767000	     25283	800035de	04be	c.slli	x9,0xf	  x9:0x00000000  x9=0x00000000
       50769000	     25284	800035e0	e38a4713	xori	x14,x20,-456	 x20:0x00000000 x14=0xfffffe38
       50795000	     25297	800035e4	0284b1b3	mulhu	x3,x9,x8	  x9:0x00000000  x8:0x4000d6ee  x3=0x00000000
       50847000	     25323	800035e8	02c77463	bgeu	x14,x12,80003610	 x14:0xfffffe38 x12:0x00000000  x0=0x00000000
       50853000	     25326	800035ec	03afcc63	blt	x31,x26,80003624	 x31:0x00000312 x26:0x00000008  x0=0x00000000
       50891000	     25345	800035f0	127d	c.addi	x4,-1	  x4:0x00000001  x4=0x00000000
       50895000	     25347	800035f2	ee8d	c.bnez	x13,8000362c	 x13:0x00007dc0
       50955000	     25377	8000362c	0351e063	bltu	x3,x21,8000364c	  x3:0x00000000 x21:0x00000001  x0=0x00000000
       51015000	     25407	8000364c	0001	c.addi	x0,0	  x0:0x00000000  x0=0x00000000
       51017000	     25408	8000364e	4535	c.li	x10,13	 x10=0x0000000d
       51057000	     25428	80003650	340de8f3	csrrsi	x17,mscratch,27	 x17=0x00000014
       51099000	     25449	80003654	01867263	bgeu	x12,x24,80003658	 x12:0x00000000 x24:0x00000000  x0=0x00000000
       51157000	     25478	80003658	02086633	rem	x12,x16,x0	 x16:0x00000000  x0:0x00000000 x12=0x00000000
       51167000	     25483	8000365c	975e	c.add	x14,x23	 x14:0xfffffe38 x23:0x00000001 x14=0xfffffe39
       51213000	     25506	8000365e	03537d63	bgeu	x6,x21,80003698	  x6:0x00000000 x21:0x00000001  x0=0x00000000
       51215000	     25507	80003662	4fb5	c.li	x31,13	 x31=0x0000000d
       51221000	     25510	80003664	9a46	c.add	x20,x17	 x20:0x00000000 x17:0x00000014 x20=0x00000014
       51273000	     25536	80003666	1c040693	addi	x13,x8,448	  x8:0x4000d6ee x13=0x4000d8ae
       51275000	     25537	8000366a	181c	c.addi4spn	x15,x2,48	 x15=0x00000031
       51277000	     25538	8000366c	407ad413	srai	x8,x21,0x7	 x21:0x00000001  x8=0x00000000
       51279000	     25539	80003670	340e5f73	csrrwi	x30,mscratch,28	 x30=0x0000001f
       51297000	     25548	80003674	25f84c93	xori	x25,x16,607	 x16:0x00000000 x25=0x0000025f
       51317000	     25558	80003678	81c9	c.srli	x11,0x12	 x11:0x8001add4 x11=0x00002000
       51401000	     25600	8000367a	02b678b3	remu	x17,x12,x11	 x12:0x00000000 x11:0x00002000 x17=0x00000000
       51403000	     25601	8000367e	25c1fc13	andi	x24,x3,604	  x3:0x00000000 x24=0x00000000
       51405000	     25602	80003682	0167aa33	slt	x20,x15,x22	 x15:0x00000031 x22:0xfff8b166 x20=0x00000000
       51407000	     25603	80003686	8e3d	c.xor	x12,x15	 x12:0x00000000 x15:0x00000031 x12=0x00000031
       51459000	     25629	80003688	02571d63	bne	x14,x5,800036c2	 x14:0xfffffe39  x5:0x8001add4  x0=0x00000000
       51545000	     25672	800036c2	02e75563	bge	x14,x14,800036ec	 x14:0xfffffe39 x14:0xfffffe39  x0=0x00000000
       51549000	     25674	800036ec	8ab6	c.mv	x21,x13	  x0:0x00000000 x13:0x4000d8ae x21=0x4000d8ae
       51551000	     25675	800036ee	067a	c.slli	x12,0x1e	 x12:0x00000031 x12=0x40000000
       51611000	     25705	800036f0	0c0a	c.slli	x24,0x2	 x24:0x00000000 x24=0x00000000
       51613000	     25706	800036f2	8f61	c.and	x14,x8	 x14:0xfffffe39  x8:0x00000000 x14=0x00000000
       51653000	     25726	800036f4	8691	c.srai	x13,0x4	 x13:0x4000d8ae x13=0x04000d8a
       51663000	     25731	800036f6	34001bf3	csrrw	x23,mscratch,x0	  x0:0x00000000 x23=0x0000001c
       51665000	     25732	800036fa	dccda413	slti	x8,x27,-564	 x27:0x00007ce0  x8=0x00000000
       51729000	     25764	800036fe	0202d933	divu	x18,x5,x0	  x5:0x8001add4  x0:0x00000000 x18=0xffffffff
       51731000	     25765	80003702	3400d873	csrrwi	x16,mscratch,1	 x16=0x00000000
       51861000	     25830	80003706	02557d33	remu	x26,x10,x5	 x10:0x0000000d  x5:0x8001add4 x26=0x0000000d
       51863000	     25831	8000370a	9a7a	c.add	x20,x30	 x20:0x00000000 x30:0x0000001f x20=0x0000001f
       51865000	     25832	8000370c	23b0af13	slti	x30,x1,571	  x1:0x00000000 x30=0x00000001
       51869000	     25834	80003710	026b7e33	remu	x28,x22,x6	 x22:0xfff8b166  x6:0x00000000 x28=0xfff8b166
       51889000	     25844	80003714	048c	c.addi4spn	x11,x2,576	 x11=0x00000241
       51891000	     25845	80003716	6d9d	c.lui	x27,0x7	 x27=0x00007000
       51899000	     25849	80003718	01f98763	beq	x19,x31,80003726	 x19:0x8001ee7c x31:0x0000000d  x0=0x00000000
       51935000	     25867	8000371c	80dd	c.srli	x9,0x17	  x9:0x00000000  x9=0x00000000
       51943000	     25871	8000371e	01f311b3	sll	x3,x6,x31	  x6:0x00000000 x31:0x0000000d  x3=0x00000000
       51963000	     25881	80003722	01c2e633	or	x12,x5,x28	  x5:0x8001add4 x28:0xfff8b166 x12=0xfff9bdf6
       51965000	     25882	80003726	8639	c.srai	x12,0xe	 x12:0xfff9bdf6 x12=0xffffffe6
       51967000	     25883	80003728	c5e0bbb7	lui	x23,0xc5e0b	 x23=0xc5e0b000
       51991000	     25895	8000372c	418007b3	sub	x15,x0,x24	  x0:0x00000000 x24:0x00000000 x15=0x00000000
       52033000	     25916	80003730	8cd9	c.or	x9,x14	  x9:0x00000000 x14:0x00000000  x9=0x00000000
       52035000	     25917	80003732	717d	c.addi16sp	x2,-16	  x2:0x00000001  x2=0xfffffff1
       52045000	     25922	80003734	02c18063	beq	x3,x12,80003754	  x3:0x00000000 x12:0xffffffe6  x0=0x00000000
       52057000	     25928	80003738	3402aaf3	csrrs	x21,mscratch,x5	  x5:0x8001add4 x21=0x00000001
       52073000	     25936	8000373c	1cd34793	xori	x15,x6,461	  x6:0x00000000 x15=0x000001cd
       52081000	     25940	80003740	1dfd	c.addi	x27,-1	 x27:0x00007000 x27=0x00006fff
       52083000	     25941	80003742	010de3b3	or	x7,x27,x16	 x27:0x00006fff x16:0x00000000  x7=0x00006fff
       52111000	     25955	80003746	7fbb7cb7	lui	x25,0x7fbb7	 x25=0x7fbb7000
       52125000	     25962	8000374a	011c40b3	xor	x1,x24,x17	 x24:0x00000000 x17:0x00000000  x1=0x00000000
       52151000	     25975	8000374e	0129b593	sltiu	x11,x19,18	 x19:0x8001ee7c x11=0x00000000
       52153000	     25976	80003752	0a8e	c.slli	x21,0x3	 x21:0x00000001 x21=0x00000008
       52175000	     25987	80003754	01abd193	srli	x3,x23,0x1a	 x23:0xc5e0b000  x3=0x00000031
       52189000	     25994	80003758	c142bc93	sltiu	x25,x5,-1004	  x5:0x8001add4 x25=0x00000001
       52209000	     26004	8000375c	3408ba73	csrrc	x20,mscratch,x17	 x17:0x00000000 x20=0x8001add5
       52225000	     26012	80003760	8e99	c.sub	x13,x14	 x13:0x04000d8a x14:0x00000000 x13=0x04000d8a
       52243000	     26021	80003762	0314a5b3	mulhsu	x11,x9,x17	  x9:0x00000000 x17:0x00000000 x11=0x00000000
       52249000	     26024	80003766	41505a13	srai	x20,x0,0x15	  x0:0x00000000 x20=0x00000000
       52251000	     26025	8000376a	8db5	c.xor	x11,x13	 x11:0x00000000 x13:0x04000d8a x11=0x04000d8a
       52253000	     26026	8000376c	415b0bb3	sub	x23,x22,x21	 x22:0xfff8b166 x21:0x00000008 x23=0xfff8b15e
       52263000	     26031	80003770	8c75	c.and	x8,x13	  x8:0x00000000 x13:0x04000d8a  x8=0x00000000
       52275000	     26037	80003772	00b3bdb3	sltu	x27,x7,x11	  x7:0x00006fff x11:0x04000d8a x27=0x00000001
       52333000	     26066	80003776	0362bf33	mulhu	x30,x5,x22	  x5:0x8001add4 x22:0xfff8b166 x30=0x7ffe067a
       52335000	     26067	8000377a	01819a33	sll	x20,x3,x24	  x3:0x00000031 x24:0x00000000 x20=0x00000031
       52337000	     26068	8000377e	8e41	c.or	x12,x8	 x12:0xffffffe6  x8:0x00000000 x12=0xffffffe6
       52339000	     26069	80003780	005c26b3	slt	x13,x24,x5	 x24:0x00000000  x5:0x8001add4 x13=0x00000000
       52361000	     26080	80003784	3402e873	csrrsi	x16,mscratch,5	 x16=0x8001add5
       52371000	     26085	80003788	717d	c.addi16sp	x2,-16	  x2:0xfffffff1  x2=0xffffffe1
       52391000	     26095	8000378a	03883a33	mulhu	x20,x16,x24	 x16:0x8001add5 x24:0x00000000 x20=0x00000000
       52393000	     26096	8000378e	340725f3	csrrs	x11,mscratch,x14	 x14:0x00000000 x11=0x8001add5
       52395000	     26097	80003792	c399	c.beqz	x15,80003798	 x15:0x000001cd
       52431000	     26115	80003794	00dc5963	bge	x24,x13,800037a6	 x24:0x00000000 x13:0x00000000  x0=0x00000000
       52443000	     26121	800037a6	6149	c.addi16sp	x2,144	  x2:0xffffffe1  x2=0x00000071
       52479000	     26139	800037a8	0001	c.addi	x0,0	  x0:0x00000000  x0=0x00000000
       52481000	     26140	800037aa	9cce	c.add	x25,x19	 x25:0x00000001 x19:0x8001ee7c x25=0x8001ee7d
       52483000	     26141	800037ac	997d	c.andi	x10,-1	 x10:0x0000000d x10=0x0000000d
       52485000	     26142	800037ae	9566	c.add	x10,x25	 x10:0x0000000d x25:0x8001ee7d x10=0x8001ee8a
       52509000	     26154	800037b0	c295	c.beqz	x13,800037d4	 x13:0x00000000
       52593000	     26196	800037d4	0908af93	slti	x31,x17,144	 x17:0x00000000 x31=0x00000001
       52595000	     26197	800037d8	3820f213	andi	x4,x1,898	  x1:0x00000000  x4=0x00000000
       52617000	     26208	800037dc	05a2	c.slli	x11,0x8	 x11:0x8001add5 x11=0x01add500
       52641000	     26220	800037de	34075173	csrrwi	x2,mscratch,14	  x2=0x8001add5
       52657000	     26228	800037e2	34013473	csrrc	x8,mscratch,x2	  x2:0x8001add5  x8=0x0000000e
       52659000	     26229	800037e6	717d	c.addi16sp	x2,-16	  x2:0x8001add5  x2=0x8001adc5
       52665000	     26232	800037e8	8b3d	c.andi	x14,15	 x14:0x00000000 x14=0x00000000
       52667000	     26233	800037ea	8d39	c.xor	x10,x14	 x10:0x8001ee8a x14:0x00000000 x10=0x8001ee8a
       52753000	     26276	800037ec	035e7d33	remu	x26,x28,x21	 x28:0xfff8b166 x21:0x00000008 x26=0x00000006
       52755000	     26277	800037f0	5a7d	c.li	x20,-1	 x20=0xffffffff
       52757000	     26278	800037f2	08b2	c.slli	x17,0xc	 x17:0x00000000 x17=0x00000000
       52759000	     26279	800037f4	8d8d	c.sub	x11,x11	 x11:0x01add500 x11:0x01add500 x11=0x00000000
       52761000	     26280	800037f6	ee15b713	sltiu	x14,x11,-287	 x11:0x00000000 x14=0x00000001
       52799000	     26299	800037fa	003f8533	add	x10,x31,x3	 x31:0x00000001  x3:0x00000031 x10=0x00000032
       52841000	     26320	800037fe	34002f73	csrrs	x30,mscratch,x0	  x0:0x00000000 x30=0x0000000a
       52843000	     26321	80003802	340b1a73	csrrw	x20,mscratch,x22	 x22:0xfff8b166 x20=0x0000000a
       52865000	     26332	80003806	0194b6b3	sltu	x13,x9,x25	  x9:0x00000000 x25:0x8001ee7d x13=0x00000001
       52867000	     26333	8000380a	11fd	c.addi	x3,-1	  x3:0x00000031  x3=0x00000030
       52887000	     26343	8000380c	01f48e63	beq	x9,x31,80003828	  x9:0x00000000 x31:0x00000001  x0=0x00000000
       52893000	     26346	80003810	8e95	c.sub	x13,x13	 x13:0x00000001 x13:0x00000001 x13=0x00000000
       52957000	     26378	80003812	03ca8633	mul	x12,x21,x28	 x21:0x00000008 x28:0xfff8b166 x12=0xffc58b30
       52961000	     26380	80003816	0398f363	bgeu	x17,x25,8000383c	 x17:0x00000000 x25:0x8001ee7d  x0=0x00000000
       52963000	     26381	8000381a	0f46	c.slli	x30,0x11	 x30:0x0000000a x30=0x00140000
       52987000	     26393	8000381c	d532e493	ori	x9,x5,-685	  x5:0x8001add4  x9=0xfffffdd7
       53015000	     26407	80003820	0267d663	bge	x15,x6,8000384c	 x15:0x000001cd  x6:0x00000000  x0=0x00000000
       53029000	     26414	80003824	01c15493	srli	x9,x2,0x1c	  x2:0x8001adc5  x9=0x00000008
       53045000	     26422	80003828	00756933	or	x18,x10,x7	 x10:0x00000032  x7:0x00006fff x18=0x00006fff
       53087000	     26443	8000382c	9152	c.add	x2,x20	  x2:0x8001adc5 x20:0x0000000a  x2=0x8001adcf
       53201000	     26500	8000382e	02ed7e33	remu	x28,x26,x14	 x26:0x00000006 x14:0x00000001 x28=0x00000000
       53203000	     26501	80003832	87d9	c.srai	x15,0x16	 x15:0x000001cd x15=0x00000000
       53211000	     26505	80003834	03e41933	mulh	x18,x8,x30	  x8:0x0000000e x30:0x00140000 x18=0x00000000
       53213000	     26506	80003838	038c	c.addi4spn	x11,x2,448	 x11=0x8001af8f
       53217000	     26508	8000383a	ed09	c.bnez	x10,80003854	 x10:0x00000032
       53253000	     26526	80003854	8c95	c.sub	x9,x13	  x9:0x00000008 x13:0x00000000  x9=0x00000008
       53275000	     26537	80003856	ddaa9b37	lui	x22,0xddaa9	 x22=0xddaa9000
       53297000	     26548	8000385a	3cacc913	xori	x18,x25,970	 x25:0x8001ee7d x18=0x8001edb7
       53301000	     26550	8000385e	e495	c.bnez	x9,8000388a	  x9:0x00000008
       53401000	     26600	8000388a	0158db13	srli	x22,x17,0x15	 x17:0x00000000 x22=0x00000000
       53403000	     26601	8000388e	1c066c93	ori	x25,x12,448	 x12:0xffc58b30 x25=0xffc58bf0
       53405000	     26602	80003892	340018f3	csrrw	x17,mscratch,x0	  x0:0x00000000 x17=0xfff8b166
       53413000	     26606	80003896	0102b0b3	sltu	x1,x5,x16	  x5:0x8001add4 x16:0x8001add5  x1=0x00000001
       53455000	     26627	8000389a	007ed4b3	srl	x9,x29,x7	 x29:0x00000001  x7:0x00006fff  x9=0x00000000
       53497000	     26648	8000389e	3403b8f3	csrrc	x17,mscratch,x7	  x7:0x00006fff x17=0x00000000
       53499000	     26649	800038a2	05317563	bgeu	x2,x19,800038ec	  x2:0x8001adcf x19:0x8001ee7c  x0=0x00000000
       53521000	     26660	800038a6	00f71433	sll	x8,x14,x15	 x14:0x00000001 x15:0x00000000  x8=0x00000001
       53549000	     26674	800038aa	03c39b33	mulh	x22,x7,x28	  x7:0x00006fff x28:0x00000000 x22=0x00000000
       53569000	     26684	800038ae	02788b33	mul	x22,x17,x7	 x17:0x00000000  x7:0x00006fff x22=0x00000000
       53571000	     26685	800038b2	340d9ef3	csrrw	x29,mscratch,x27	 x27:0x00000001 x29=0x00000000
       53583000	     26691	800038b6	0441d063	bge	x3,x4,800038f6	  x3:0x00000030  x4:0x00000000  x0=0x00000000
       53677000	     26738	800038ba	02c670b3	remu	x1,x12,x12	 x12:0xffc58b30 x12:0xffc58b30  x1=0x00000000
       53679000	     26739	800038be	0294	c.addi4spn	x13,x2,320	 x13=0x8001af0f
       53681000	     26740	800038c0	34027473	csrrci	x8,mscratch,4	  x8=0x00000001
       53683000	     26741	800038c4	a72b6937	lui	x18,0xa72b6	 x18=0xa72b6000
       53687000	     26743	800038c8	00a8e263	bltu	x17,x10,800038cc	 x17:0x00000000 x10:0x00000032  x0=0x00000000
       53709000	     26754	800038cc	40408eb3	sub	x29,x1,x4	  x1:0x00000000  x4:0x00000000 x29=0x00000000
       53755000	     26777	800038d0	056e	c.slli	x10,0x1b	 x10:0x00000032 x10=0x90000000
       53757000	     26778	800038d2	3400e1f3	csrrsi	x3,mscratch,1	  x3=0x00000001
       53789000	     26794	800038d6	02298bb3	mul	x23,x19,x2	 x19:0x8001ee7c  x2:0x8001adcf x23=0xbe35a244
       53819000	     26809	800038da	0284f463	bgeu	x9,x8,80003902	  x9:0x00000000  x8:0x00000001  x0=0x00000000
       53841000	     26820	800038de	0118de63	bge	x17,x17,800038fa	 x17:0x00000000 x17:0x00000000  x0=0x00000000
       53913000	     26856	800038fa	340231f3	csrrc	x3,mscratch,x4	  x4:0x00000000  x3=0x00000001
       53915000	     26857	800038fe	6e6d	c.lui	x28,0x1b	 x28=0x0001b000
       53939000	     26869	80003900	8929	c.andi	x10,10	 x10:0x90000000 x10=0x00000000
       53957000	     26878	80003902	017168b3	or	x17,x2,x23	  x2:0x8001adcf x23:0xbe35a244 x17=0xbe35afcf
       53959000	     26879	80003906	8dcd	c.or	x11,x11	 x11:0x8001af8f x11:0x8001af8f x11=0x8001af8f
       53967000	     26883	80003908	0276ab33	mulhsu	x22,x13,x7	 x13:0x8001af0f  x7:0x00006fff x22=0xffffc801
       53969000	     26884	8000390c	03770a63	beq	x14,x23,80003940	 x14:0x00000001 x23:0xbe35a244  x0=0x00000000
       54019000	     26909	80003910	8491	c.srai	x9,0x4	  x9:0x00000000  x9=0x00000000
       54047000	     26923	80003912	340a9c73	csrrw	x24,mscratch,x21	 x21:0x00000008 x24=0x00000001
       54049000	     26924	80003916	01ba2133	slt	x2,x20,x27	 x20:0x0000000a x27:0x00000001  x2=0x00000000
       54051000	     26925	8000391a	0dfd	c.addi	x27,31	 x27:0x00000001 x27=0x00000020
       54093000	     26946	8000391c	024f9133	mulh	x2,x31,x4	 x31:0x00000001  x4:0x00000000  x2=0x00000000
       54127000	     26963	80003920	01cc3533	sltu	x10,x24,x28	 x24:0x00000001 x28:0x0001b000 x10=0x00000001
       54169000	     26984	80003924	0001	c.addi	x0,0	  x0:0x00000000  x0=0x00000000
       54171000	     26985	80003926	fabd7c13	andi	x24,x26,-85	 x26:0x00000006 x24=0x00000002
       54173000	     26986	8000392a	17700693	addi	x13,x0,375	  x0:0x00000000 x13=0x00000177
       54205000	     27002	8000392e	e4068513	addi	x10,x13,-448	 x13:0x00000177 x10=0xffffffb7
       54207000	     27003	80003932	340e97f3	csrrw	x15,mscratch,x29	 x29:0x00000000 x15=0x00000008
       54233000	     27016	80003936	340761f3	csrrsi	x3,mscratch,14	  x3=0x00000000
       54235000	     27017	8000393a	82ed	c.srli	x13,0x1b	 x13:0x00000177 x13=0x00000000
       54291000	     27045	8000393c	34055573	csrrwi	x10,mscratch,10	 x10=0x0000000e
       54307000	     27053	80003940	0385e663	bltu	x11,x24,8000396c	 x11:0x8001af8f x24:0x00000002  x0=0x00000000
       54315000	     27057	80003944	f44af413	andi	x8,x21,-188	 x21:0x00000008  x8=0x00000000
       54321000	     27060	80003948	400d5693	srai	x13,x26,0x0	 x26:0x00000006 x13=0x00000006
       54325000	     27062	8000394c	340ff3f3	csrrci	x7,mscratch,31	  x7=0x0000000a
       54385000	     27092	80003950	3f44cf93	xori	x31,x9,1012	  x9:0x00000000 x31=0x000003f4
       54389000	     27094	80003954	018c5863	bge	x24,x24,80003964	 x24:0x00000002 x24:0x00000002  x0=0x00000000
       54543000	     27171	80003964	033ecbb3	div	x23,x29,x19	 x29:0x00000000 x19:0x8001ee7c x23=0x00000000
       54545000	     27172	80003968	03adff63	bgeu	x27,x26,800039a6	 x27:0x00000020 x26:0x00000006  x0=0x00000000
       54619000	     27209	8000396c	035346b3	div	x13,x6,x21	  x6:0x00000000 x21:0x00000008 x13=0x00000000
       54621000	     27210	80003970	009adc93	srli	x25,x21,0x9	 x21:0x00000008 x25=0x00000000
       54627000	     27213	80003974	02408833	mul	x16,x1,x4	  x1:0x00000000  x4:0x00000000 x16=0x00000000
       54635000	     27217	80003978	02b52733	mulhsu	x14,x10,x11	 x10:0x0000000e x11:0x8001af8f x14=0x00000007
       54647000	     27223	8000397c	8e35	c.xor	x12,x13	 x12:0xffc58b30 x13:0x00000000 x12=0xffc58b30
       54691000	     27245	8000397e	41e5dd93	srai	x27,x11,0x1e	 x11:0x8001af8f x27=0xfffffffe
       54711000	     27255	80003982	049f0093	addi	x1,x30,73	 x30:0x00140000  x1=0x00140049
       54713000	     27256	80003986	9f3a	c.add	x30,x14	 x30:0x00140000 x14:0x00000007 x30=0x00140007
       54715000	     27257	80003988	0166	c.slli	x2,0x19	  x2:0x00000000  x2=0x00000000
       54735000	     27267	8000398a	328b7493	andi	x9,x22,808	 x22:0xffffc801  x9=0x00000000
       54737000	     27268	8000398e	65d9	c.lui	x11,0x16	 x11=0x00016000
       54771000	     27285	80003990	3406fcf3	csrrci	x25,mscratch,13	 x25=0x00000000
       54815000	     27307	80003994	0ff0000f	fence	iorwiorwiorwiorwiorwiorwiorwiorwiorwiorwiorwiorwiorwiorwiorwiorwiorwiorwiorwiorwiorwiorwiorwiorwiorwiorwiorwiorwiorwiorwiorwiorwiorwiorwiorwiorwiorwiorwiorwiorwiorwiorwiorwiorwiorwiorwiorwiorwiorwiorwiorwiorwiorwiorwiorwiorwiorwiorwiorwiorwiorwiorwiorw,iorwiorwiorwiorwiorwiorwiorwiorwiorwiorwiorwiorwiorwiorwiorwiorwiorwiorwiorwiorwiorwiorwiorwiorwiorwiorwiorwiorwiorwiorwiorwiorwiorwiorwiorwiorwiorwiorwiorwiorwiorwiorwiorwiorwiorwiorwiorwiorwiorwiorwiorwiorwiorwiorwiorwiorwiorwiorwiorwiorwiorwiorwiorwiorw	
       54817000	     27308	80003998	8cb5	c.xor	x9,x13	  x9:0x00000000 x13:0x00000000  x9=0x00000000
       54819000	     27309	8000399a	8039	c.srli	x8,0xe	  x8:0x00000000  x8=0x00000000
       54855000	     27327	8000399c	717d	c.addi16sp	x2,-16	  x2:0x00000000  x2=0xfffffff0
       54857000	     27328	8000399e	e009	c.bnez	x8,800039a0	  x8:0x00000000
       54871000	     27335	800039a0	34089f73	csrrw	x30,mscratch,x17	 x17:0xbe35afcf x30=0x00000000
       54877000	     27338	800039a4	85d9	c.srai	x11,0x16	 x11:0x00016000 x11=0x00000000
       54913000	     27356	800039a6	01158fb3	add	x31,x11,x17	 x11:0x00000000 x17:0xbe35afcf x31=0xbe35afcf
       54915000	     27357	800039aa	8da1	c.xor	x11,x8	 x11:0x00000000  x8:0x00000000 x11=0x00000000
       54923000	     27361	800039ac	0001	c.addi	x0,0	  x0:0x00000000  x0=0x00000000
       54927000	     27363	800039ae	34065173	csrrwi	x2,mscratch,12	  x2=0xbe35afcf
       54929000	     27364	800039b2	0642	c.slli	x12,0x10	 x12:0xffc58b30 x12=0x8b300000
       54933000	     27366	800039b4	00a8cc33	xor	x24,x17,x10	 x17:0xbe35afcf x10:0x0000000e x24=0xbe35afc1
       54941000	     27370	800039b8	03a03a33	mulhu	x20,x0,x26	  x0:0x00000000 x26:0x00000006 x20=0x00000000
       54945000	     27372	800039bc	05099463	bne	x19,x16,80003a04	 x19:0x8001ee7c x16:0x00000000  x0=0x00000000
       55031000	     27415	80003a04	00767533	and	x10,x12,x7	 x12:0x8b300000  x7:0x0000000a x10=0x00000000
       55045000	     27422	80003a08	3407b073	csrrc	x0,mscratch,x15	 x15:0x00000008  x0=0x00000000
       55061000	     27430	80003a0c	2d0aa813	slti	x16,x21,720	 x21:0x00000008 x16=0x00000001
       55063000	     27431	80003a10	fb376a97	auipc	x21,0xfb376	 x21=0x7b379a10
       55085000	     27442	80003a14	008b7863	bgeu	x22,x8,80003a24	 x22:0xffffc801  x8:0x00000000  x0=0x00000000
       55097000	     27448	80003a18	340be7f3	csrrsi	x15,mscratch,23	 x15=0x00000004
       55115000	     27457	80003a1c	001c9513	slli	x10,x25,0x1	 x25:0x00000000 x10=0x00000000
       55131000	     27465	80003a20	34019d73	csrrw	x26,mscratch,x3	  x3:0x00000000 x26=0x00000017
       55141000	     27470	80003a24	00301613	slli	x12,x0,0x3	  x0:0x00000000 x12=0x00000000
       55185000	     27492	80003a28	e434ab93	slti	x23,x9,-445	  x9:0x00000000 x23=0x00000000
       55221000	     27510	80003a2c	035dd663	bge	x27,x21,80003a58	 x27:0xfffffffe x21:0x7b379a10  x0=0x00000000
       55223000	     27511	80003a30	34045073	csrrwi	x0,mscratch,8	  x0=0x00000000
       55255000	     27527	80003a34	8139	c.srli	x10,0xe	 x10:0x00000000 x10=0x00000000
       55257000	     27528	80003a36	e98d	c.bnez	x11,80003a68	 x11:0x00000000
       55259000	     27529	80003a38	01331593	slli	x11,x6,0x13	  x6:0x00000000 x11=0x00000000
       55265000	     27532	80003a3c	8e11	c.sub	x12,x12	 x12:0x00000000 x12:0x00000000 x12=0x00000000
       55269000	     27534	80003a3e	34063873	csrrc	x16,mscratch,x12	 x12:0x00000000 x16=0x00000008
       55271000	     27535	80003a42	404554b3	sra	x9,x10,x4	 x10:0x00000000  x4:0x00000000  x9=0x00000000
       55273000	     27536	80003a46	0001	c.addi	x0,0	  x0:0x00000000  x0=0x00000000
       55369000	     27584	80003a48	033d63b3	rem	x7,x26,x19	 x26:0x00000017 x19:0x8001ee7c  x7=0x00000017
       55371000	     27585	80003a4c	34097cf3	csrrci	x25,mscratch,18	 x25=0x00000008
       55373000	     27586	80003a50	004d1633	sll	x12,x26,x4	 x26:0x00000017  x4:0x00000000 x12=0x00000017
       55375000	     27587	80003a54	413a8633	sub	x12,x21,x19	 x21:0x7b379a10 x19:0x8001ee7c x12=0xfb35ab94
       55391000	     27595	80003a58	03acacb3	mulhsu	x25,x25,x26	 x25:0x00000008 x26:0x00000017 x25=0x00000000
       55411000	     27605	80003a5c	032d5763	bge	x26,x18,80003a8a	 x26:0x00000017 x18:0xa72b6000  x0=0x00000000
       55435000	     27617	80003a60	8d69	c.and	x10,x10	 x10:0x00000000 x10:0x00000000 x10=0x00000000
       55439000	     27619	80003a62	ce99	c.beqz	x13,80003a80	 x13:0x00000000
       55489000	     27644	80003a80	0048d913	srli	x18,x17,0x4	 x17:0xbe35afcf x18=0x0be35afc
       55505000	     27652	80003a84	0780	c.addi4spn	x8,x2,960	  x8=0xbe35b38f
       55523000	     27661	80003a86	eb07c793	xori	x15,x15,-336	 x15:0x00000004 x15=0xfffffeb4
       55545000	     27672	80003a8a	01df0a33	add	x20,x30,x29	 x30:0x00000000 x29:0x00000000 x20=0x00000000
       55547000	     27673	80003a8e	3403d073	csrrwi	x0,mscratch,7	  x0=0x00000000
       55571000	     27685	80003a92	002ed833	srl	x16,x29,x2	 x29:0x00000000  x2:0xbe35afcf x16=0x00000000
       55685000	     27742	80003a96	03326433	rem	x8,x4,x19	  x4:0x00000000 x19:0x8001ee7c  x8=0x00000000
       55687000	     27743	80003a9a	0b704793	xori	x15,x0,183	  x0:0x00000000 x15=0x000000b7
       55691000	     27745	80003a9e	021d1b63	bne	x26,x1,80003ad4	 x26:0x00000017  x1:0x00140049  x0=0x00000000
       55769000	     27784	80003ad4	f888c113	xori	x2,x17,-120	 x17:0xbe35afcf  x2=0x41ca5047
       55785000	     27792	80003ad8	340bdbf3	csrrwi	x23,mscratch,23	 x23=0x00000007
       55789000	     27794	80003adc	cb74eb13	ori	x22,x9,-841	  x9:0x00000000 x22=0xfffffcb7
       55809000	     27804	80003ae0	80fd	c.srli	x9,0x1f	  x9:0x00000000  x9=0x00000000
       55865000	     27832	80003ae2	01eee4b3	or	x9,x29,x30	 x29:0x00000000 x30:0x00000000  x9=0x00000000
       55873000	     27836	80003ae6	03431b33	mulh	x22,x6,x20	  x6:0x00000000 x20:0x00000000 x22=0x00000000
       55921000	     27860	80003aea	0056f933	and	x18,x13,x5	 x13:0x00000000  x5:0x8001add4 x18=0x00000000
       55923000	     27861	80003aee	18fd	c.addi	x17,-1	 x17:0xbe35afcf x17=0xbe35afce
       55925000	     27862	80003af0	00332b33	slt	x22,x6,x3	  x6:0x00000000  x3:0x00000000 x22=0x00000000
       55947000	     27873	80003af4	0568c363	blt	x17,x22,80003b3a	 x17:0xbe35afce x22:0x00000000  x0=0x00000000
       56037000	     27918	80003b3a	03018663	beq	x3,x16,80003b66	  x3:0x00000000 x16:0x00000000  x0=0x00000000
       56091000	     27945	80003b66	3407ebf3	csrrsi	x23,mscratch,15	 x23=0x00000017
       56113000	     27956	80003b6a	2a72c193	xori	x3,x5,679	  x5:0x8001add4  x3=0x8001af73
       56137000	     27968	80003b6e	032dcf33	div	x30,x27,x18	 x27:0xfffffffe x18:0x00000000 x30=0xffffffff
       56161000	     27980	80003b72	0ff0000f	fence	iorwiorwiorwiorwiorwiorwiorwiorwiorwiorwiorwiorwiorwiorwiorwiorwiorwiorwiorwiorwiorwiorwiorwiorwiorwiorwiorwiorwiorwiorwiorwiorwiorwiorwiorwiorwiorwiorwiorwiorwiorwiorwiorwiorwiorwiorwiorwiorwiorwiorwiorwiorwiorwiorwiorwiorwiorwiorwiorwiorwiorwiorwiorwiorwiorw,iorwiorwiorwiorwiorwiorwiorwiorwiorwiorwiorwiorwiorwiorwiorwiorwiorwiorwiorwiorwiorwiorwiorwiorwiorwiorwiorwiorwiorwiorwiorwiorwiorwiorwiorwiorwiorwiorwiorwiorwiorwiorwiorwiorwiorwiorwiorwiorwiorwiorwiorwiorwiorwiorwiorwiorwiorwiorwiorwiorwiorwiorwiorwiorwiorwiorw	
       56165000	     27982	80003b76	0095dd13	srli	x26,x11,0x9	 x11:0x00000000 x26=0x00000000
       56169000	     27984	80003b7a	e339	c.bnez	x14,80003bc0	 x14:0x00000007
       56207000	     28003	80003bc0	031c1863	bne	x24,x17,80003bf0	 x24:0xbe35afc1 x17:0xbe35afce  x0=0x00000000
       56257000	     28028	80003bf0	030f5763	bge	x30,x16,80003c1e	 x30:0xffffffff x16:0x00000000  x0=0x00000000
       56259000	     28029	80003bf4	f004b193	sltiu	x3,x9,-256	  x9:0x00000000  x3=0x00000001
       56263000	     28031	80003bf8	00be8733	add	x14,x29,x11	 x29:0x00000000 x11:0x00000000 x14=0x00000000
       56329000	     28064	80003bfc	022e8533	mul	x10,x29,x2	 x29:0x00000000  x2:0x41ca5047 x10=0x00000000
       56417000	     28108	80003c00	02397eb3	remu	x29,x18,x3	 x18:0x00000000  x3:0x00000001 x29=0x00000000
       56419000	     28109	80003c04	6e117b37	lui	x22,0x6e117	 x22=0x6e117000
       56427000	     28113	80003c08	03f491b3	mulh	x3,x9,x31	  x9:0x00000000 x31:0xbe35afcf  x3=0x00000000
       56429000	     28114	80003c0c	40dc5213	srai	x4,x24,0xd	 x24:0xbe35afc1  x4=0xfffdf1ad
       56443000	     28121	80003c10	340c7d73	csrrci	x26,mscratch,24	 x26=0x0000001f
       56461000	     28130	80003c14	8876	c.mv	x16,x29	  x0:0x00000000 x29:0x00000000 x16=0x00000000
       56467000	     28133	80003c16	407086b3	sub	x13,x1,x7	  x1:0x00140049  x7:0x00000017 x13=0x00140032
       56469000	     28134	80003c1a	4172d193	srai	x3,x5,0x17	  x5:0x8001add4  x3=0xffffff00
       56473000	     28136	80003c1e	012251b3	srl	x3,x4,x18	  x4:0xfffdf1ad x18:0x00000000  x3=0xfffdf1ad
       56495000	     28147	80003c22	0131bbb3	sltu	x23,x3,x19	  x3:0xfffdf1ad x19:0x8001ee7c x23=0x00000000
       56497000	     28148	80003c26	8649	c.srai	x12,0x12	 x12:0xfb35ab94 x12=0xfffffecd
       56525000	     28162	80003c28	e10fb713	sltiu	x14,x31,-496	 x31:0xbe35afcf x14=0x00000001
       56543000	     28171	80003c2c	4098d593	srai	x11,x17,0x9	 x17:0xbe35afce x11=0xffdf1ad7
       56581000	     28190	80003c30	340c73f3	csrrci	x7,mscratch,24	  x7=0x00000007
       56609000	     28204	80003c34	010e4b63	blt	x28,x16,80003c4a	 x28:0x0001b000 x16:0x00000000  x0=0x00000000
       56611000	     28205	80003c38	0119f1b3	and	x3,x19,x17	 x19:0x8001ee7c x17:0xbe35afce  x3=0x8001ae4c
       56627000	     28213	80003c3c	8e85	c.sub	x13,x9	 x13:0x00140032  x9:0x00000000 x13=0x00140032
       56649000	     28224	80003c3e	34042b73	csrrs	x22,mscratch,x8	  x8:0x00000000 x22=0x00000007
       56675000	     28237	80003c42	0ef80893	addi	x17,x16,239	 x16:0x00000000 x17=0x000000ef
       56679000	     28239	80003c46	00818133	add	x2,x3,x8	  x3:0x8001ae4c  x8:0x00000000  x2=0x8001ae4c
       56681000	     28240	80003c4a	2f636593	ori	x11,x6,758	  x6:0x00000000 x11=0x000002f6
       56689000	     28244	80003c4e	2dfc7f13	andi	x30,x24,735	 x24:0xbe35afc1 x30=0x000002c1
       56707000	     28253	80003c52	016a3c33	sltu	x24,x20,x22	 x20:0x00000000 x22:0x00000007 x24=0x00000001
       56713000	     28256	80003c56	022ed363	bge	x29,x2,80003c7c	 x29:0x00000000  x2:0x8001ae4c  x0=0x00000000
       56747000	     28273	80003c5a	01cd28b3	slt	x17,x26,x28	 x26:0x0000001f x28:0x0001b000 x17=0x00000001
       56757000	     28278	80003c5e	00221db3	sll	x27,x4,x2	  x4:0xfffdf1ad  x2:0x8001ae4c x27=0xdf1ad000
       56759000	     28279	80003c62	6115	c.addi16sp	x2,288	  x2:0x8001ae4c  x2=0x8001af6c
       56787000	     28293	80003c64	0790	c.addi4spn	x12,x2,960	 x12=0x8001b32c
       56789000	     28294	80003c66	dfcdff93	andi	x31,x27,-516	 x27:0xdf1ad000 x31=0xdf1ad000
       56791000	     28295	80003c6a	8fa9	c.xor	x15,x10	 x15:0x000000b7 x10:0x00000000 x15=0x000000b7
       56807000	     28303	80003c6c	8e2e	c.mv	x28,x11	  x0:0x00000000 x11:0x000002f6 x28=0x000002f6
       56809000	     28304	80003c6e	018f31b3	sltu	x3,x30,x24	 x30:0x000002c1 x24:0x00000001  x3=0x00000000
       56811000	     28305	80003c72	00aa	c.slli	x1,0xa	  x1:0x00140049  x1=0x50012400
       56877000	     28338	80003c74	02301233	mulh	x4,x0,x3	  x0:0x00000000  x3:0x00000000  x4=0x00000000
       56895000	     28347	80003c78	340f2bf3	csrrs	x23,mscratch,x30	 x30:0x000002c1 x23=0x00000007
       56907000	     28353	80003c7c	00229013	slli	x0,x5,0x2	  x5:0x8001add4  x0=0x00000000
       56909000	     28354	80003c80	00838d33	add	x26,x7,x8	  x7:0x00000007  x8:0x00000000 x26=0x00000007
       56915000	     28357	80003c84	340c6873	csrrsi	x16,mscratch,24	 x16=0x000002c7
       56945000	     28372	80003c88	01a9db93	srli	x23,x19,0x1a	 x19:0x8001ee7c x23=0x00000020
       56959000	     28379	80003c8c	8af1	c.andi	x13,28	 x13:0x00140032 x13=0x00000010
       56961000	     28380	80003c8e	8f2d	c.xor	x14,x11	 x14:0x00000001 x11:0x000002f6 x14=0x000002f7
       56963000	     28381	80003c90	41fc5013	srai	x0,x24,0x1f	 x24:0x00000001  x0=0x00000000
       56979000	     28389	80003c94	028fe1b3	rem	x3,x31,x8	 x31:0xdf1ad000  x8:0x00000000  x3=0xdf1ad000
       57017000	     28408	80003c98	8ea9	c.xor	x13,x10	 x13:0x00000010 x10:0x00000000 x13=0x00000010
       57019000	     28409	80003c9a	64c9	c.lui	x9,0x12	  x9=0x00012000
       57021000	     28410	80003c9c	717d	c.addi16sp	x2,-16	  x2:0x8001af6c  x2=0x8001af5c
       57049000	     28424	80003c9e	007fdbb3	srl	x23,x31,x7	 x31:0xdf1ad000  x7:0x00000007 x23=0x01be35a0
       57051000	     28425	80003ca2	6ca9	c.lui	x25,0xa	 x25=0x0000a000
       57053000	     28426	80003ca4	340aa0f3	csrrs	x1,mscratch,x21	 x21:0x7b379a10  x1=0x000002df
       57057000	     28428	80003ca8	03474f33	div	x30,x14,x20	 x14:0x000002f7 x20:0x00000000 x30=0xffffffff
       57075000	     28437	80003cac	fbd34613	xori	x12,x6,-67	  x6:0x00000000 x12=0xffffffbd
       57077000	     28438	80003cb0	c231	c.beqz	x12,80003cf4	 x12:0xffffffbd
       57103000	     28451	80003cb2	02b7a833	mulhsu	x16,x15,x11	 x15:0x000000b7 x11:0x000002f6 x16=0x00000000
       57127000	     28463	80003cb6	03556f63	bltu	x10,x21,80003cf4	 x10:0x00000000 x21:0x7b379a10  x0=0x00000000
       57191000	     28495	80003cf4	093e	c.slli	x18,0xf	 x18:0x00000000 x18=0x00000000
       57199000	     28499	80003cf6	022494b3	mulh	x9,x9,x2	  x9:0x00012000  x2:0x8001af5c  x9=0xffff7001
       57219000	     28509	80003cfa	ebf0ab97	auipc	x23,0xebf0a	 x23=0x6bf0dcfa
       57221000	     28510	80003cfe	8d55	c.or	x10,x13	 x10:0x00000000 x13:0x00000010 x10=0x00000010
       57239000	     28519	80003d00	4b11	c.li	x22,4	 x22=0x00000004
       57253000	     28526	80003d02	02c3afb3	mulhsu	x31,x7,x12	  x7:0x00000007 x12:0xffffffbd x31=0x00000006
       57267000	     28533	80003d06	340e6473	csrrsi	x8,mscratch,28	  x8=0x7b379adf
       57279000	     28539	80003d0a	416207b3	sub	x15,x4,x22	  x4:0x00000000 x22:0x00000004 x15=0xfffffffc
       57325000	     28562	80003d0e	340b7b73	csrrci	x22,mscratch,22	 x22=0x7b379adf
       57333000	     28566	80003d12	0175a233	slt	x4,x11,x23	 x11:0x000002f6 x23:0x6bf0dcfa  x4=0x00000001
       57335000	     28567	80003d16	8db5	c.xor	x11,x13	 x11:0x000002f6 x13:0x00000010 x11=0x000002e6
       57349000	     28574	80003d18	f2348593	addi	x11,x9,-221	  x9:0xffff7001 x11=0xffff6f24
       57389000	     28594	80003d1c	16fd	c.addi	x13,-1	 x13:0x00000010 x13=0x0000000f
       57391000	     28595	80003d1e	0001	c.addi	x0,0	  x0:0x00000000  x0=0x00000000
       57465000	     28632	80003d20	037bf0b3	remu	x1,x23,x23	 x23:0x6bf0dcfa x23:0x6bf0dcfa  x1=0x00000000
       57467000	     28633	80003d24	0001	c.addi	x0,0	  x0:0x00000000  x0=0x00000000
       57469000	     28634	80003d26	d462c893	xori	x17,x5,-698	  x5:0x8001add4 x17=0x7ffe5092
       57471000	     28635	80003d2a	dd9cb013	sltiu	x0,x25,-551	 x25:0x0000a000  x0=0x00000000
       57475000	     28637	80003d2e	41bf56b3	sra	x13,x30,x27	 x30:0xffffffff x27:0xdf1ad000 x13=0xffffffff
       57491000	     28645	80003d32	0067dd93	srli	x27,x15,0x6	 x15:0xfffffffc x27=0x03ffffff
       57609000	     28704	80003d36	02f146b3	div	x13,x2,x15	  x2:0x8001af5c x15:0xfffffffc x13=0x1fff9429
       57611000	     28705	80003d3a	0141b5b3	sltu	x11,x3,x20	  x3:0xdf1ad000 x20:0x00000000 x11=0x00000000
       57613000	     28706	80003d3e	fcdca5b7	lui	x11,0xfcdca	 x11=0xfcdca000
       57643000	     28721	80003d42	41e45513	srai	x10,x8,0x1e	  x8:0x7b379adf x10=0x00000001
       57645000	     28722	80003d46	0001	c.addi	x0,0	  x0:0x00000000  x0=0x00000000
       57653000	     28726	80003d48	00f5c1b3	xor	x3,x11,x15	 x11:0xfcdca000 x15:0xfffffffc  x3=0x03235ffc
       57661000	     28730	80003d4c	015ea133	slt	x2,x29,x21	 x29:0x00000000 x21:0x7b379a10  x2=0x00000001
       57755000	     28777	80003d50	02eae7b3	rem	x15,x21,x14	 x21:0x7b379a10 x14:0x000002f7 x15=0x000000f6
       57759000	     28779	80003d54	e41d	c.bnez	x8,80003d82	  x8:0x7b379adf
       57813000	     28806	80003d82	88dd	c.andi	x9,23	  x9:0xffff7001  x9=0x00000001
       57829000	     28814	80003d84	0117dd63	bge	x15,x17,80003d9e	 x15:0x000000f6 x17:0x7ffe5092  x0=0x00000000
       57841000	     28820	80003d88	40935fb3	sra	x31,x6,x9	  x6:0x00000000  x9:0x00000001 x31=0x00000000
       57865000	     28832	80003d8c	008a9413	slli	x8,x21,0x8	 x21:0x7b379a10  x8=0x379a1000
       57911000	     28855	80003d90	6405	c.lui	x8,0x1	  x8=0x00001000
       57927000	     28863	80003d92	340de073	csrrsi	x0,mscratch,27	  x0=0x00000000
       58001000	     28900	80003d96	036d6933	rem	x18,x26,x22	 x26:0x00000007 x22:0x7b379adf x18=0x00000007
       58005000	     28902	80003d9a	0571c463	blt	x3,x23,80003de2	  x3:0x03235ffc x23:0x6bf0dcfa  x0=0x00000000
       58059000	     28929	80003de2	00f91733	sll	x14,x18,x15	 x18:0x00000007 x15:0x000000f6 x14=0x01c00000
       58061000	     28930	80003de6	00fb1093	slli	x1,x22,0xf	 x22:0x7b379adf  x1=0xcd6f8000
       58075000	     28937	80003dea	00dc0ab3	add	x21,x24,x13	 x24:0x00000001 x13:0x1fff9429 x21=0x1fff942a
       58097000	     28948	80003dee	41ffd213	srai	x4,x31,0x1f	 x31:0x00000000  x4=0x00000000
       58099000	     28949	80003df2	9b06	c.add	x22,x1	 x22:0x7b379adf  x1:0xcd6f8000 x22=0x48a71adf
       58105000	     28952	80003df4	8c65	c.and	x8,x9	  x8:0x00001000  x9:0x00000001  x8=0x00000000
       58147000	     28973	80003df6	340a50f3	csrrwi	x1,mscratch,20	  x1=0x7b379adb
       58149000	     28974	80003dfa	6115	c.addi16sp	x2,288	  x2:0x00000001  x2=0x00000121
       58151000	     28975	80003dfc	405f06b3	sub	x13,x30,x5	 x30:0xffffffff  x5:0x8001add4 x13=0x7ffe522b
       58161000	     28980	80003e00	02827933	remu	x18,x4,x8	  x4:0x00000000  x8:0x00000000 x18=0x00000000
       58175000	     28987	80003e04	54fd	c.li	x9,-1	  x9=0xffffffff
       58177000	     28988	80003e06	1b7d	c.addi	x22,-1	 x22:0x48a71adf x22=0x48a71ade
       58179000	     28989	80003e08	e41b0593	addi	x11,x22,-447	 x22:0x48a71ade x11=0x48a7191f
       58197000	     28998	80003e0c	8c89	c.sub	x9,x10	  x9:0xffffffff x10:0x00000001  x9=0xfffffffe
       58199000	     28999	80003e0e	e2df3113	sltiu	x2,x30,-467	 x30:0xffffffff  x2=0x00000000
       58201000	     29000	80003e12	8ed9	c.or	x13,x14	 x13:0x7ffe522b x14:0x01c00000 x13=0x7ffe522b
       58235000	     29017	80003e14	00e876b3	and	x13,x16,x14	 x16:0x00000000 x14:0x01c00000 x13=0x00000000
       58237000	     29018	80003e18	8e85	c.sub	x13,x9	 x13:0x00000000  x9:0xfffffffe x13=0x00000002
       58239000	     29019	80003e1a	824e	c.mv	x4,x19	  x0:0x00000000 x19:0x8001ee7c  x4=0x8001ee7c
       58253000	     29026	80003e1c	34045573	csrrwi	x10,mscratch,8	 x10=0x00000014
       58271000	     29035	80003e20	03e597b3	mulh	x15,x11,x30	 x11:0x48a7191f x30:0xffffffff x15=0xffffffff
       58283000	     29041	80003e24	8fed	c.and	x15,x11	 x15:0xffffffff x11:0x48a7191f x15=0x48a7191f
       58291000	     29045	80003e26	18384813	xori	x16,x16,387	 x16:0x00000000 x16=0x00000183
       58293000	     29046	80003e2a	40db0033	sub	x0,x22,x13	 x22:0x48a71ade x13:0x00000002  x0=0x00000000
       58375000	     29087	80003e2e	031661b3	rem	x3,x12,x17	 x12:0xffffffbd x17:0x7ffe5092  x3=0xffffffbd
       58377000	     29088	80003e32	013f9c33	sll	x24,x31,x19	 x31:0x00000000 x19:0x8001ee7c x24=0x00000000
       58379000	     29089	80003e36	0ff0000f	fence	iorwiorwiorwiorwiorwiorwiorwiorwiorwiorwiorwiorwiorwiorwiorwiorwiorwiorwiorwiorwiorwiorwiorwiorwiorwiorwiorwiorwiorwiorwiorwiorwiorwiorwiorwiorwiorwiorwiorwiorwiorwiorwiorwiorwiorwiorwiorwiorwiorwiorwiorwiorwiorwiorwiorwiorwiorwiorwiorwiorwiorwiorwiorwiorwiorwiorwiorw,iorwiorwiorwiorwiorwiorwiorwiorwiorwiorwiorwiorwiorwiorwiorwiorwiorwiorwiorwiorwiorwiorwiorwiorwiorwiorwiorwiorwiorwiorwiorwiorwiorwiorwiorwiorwiorwiorwiorwiorwiorwiorwiorwiorwiorwiorwiorwiorwiorwiorwiorwiorwiorwiorwiorwiorwiorwiorwiorwiorwiorwiorwiorwiorwiorwiorwiorwiorw	
       58383000	     29091	80003e3a	330e2693	slti	x13,x28,816	 x28:0x000002f6 x13=0x00000001
       58407000	     29103	80003e3e	00eec433	xor	x8,x29,x14	 x29:0x00000000 x14:0x01c00000  x8=0x01c00000
       58415000	     29107	80003e42	00b404b3	add	x9,x8,x11	  x8:0x01c00000 x11:0x48a7191f  x9=0x4a67191f
       58417000	     29108	80003e46	01f4d863	bge	x9,x31,80003e56	  x9:0x4a67191f x31:0x00000000  x0=0x00000000
       58511000	     29155	80003e4a	03c7c1b3	div	x3,x15,x28	 x15:0x48a7191f x28:0x000002f6  x3=0x0018897d
       58513000	     29156	80003e4e	0324ca63	blt	x9,x18,80003e82	  x9:0x4a67191f x18:0x00000000  x0=0x00000000
       58515000	     29157	80003e52	3409de73	csrrwi	x28,mscratch,19	 x28=0x00000008
       58519000	     29159	80003e56	0b2c4413	xori	x8,x24,178	 x24:0x00000000  x8=0x000000b2
       58541000	     29170	80003e5a	e6874093	xori	x1,x14,-408	 x14:0x01c00000  x1=0xfe3ffe68
       58585000	     29192	80003e5e	03adb833	mulhu	x16,x27,x26	 x27:0x03ffffff x26:0x00000007 x16=0x00000000
       58697000	     29248	80003e62	0234c4b3	div	x9,x9,x3	  x9:0x4a67191f  x3:0x0018897d  x9=0x00000308
       58699000	     29249	80003e66	0084ebb3	or	x23,x9,x8	  x9:0x00000308  x8:0x000000b2 x23=0x000003ba
       58701000	     29250	80003e6a	3406b473	csrrc	x8,mscratch,x13	 x13:0x00000001  x8=0x00000013
       58765000	     29282	80003e6e	34023173	csrrc	x2,mscratch,x4	  x4:0x8001ee7c  x2=0x00000012
       58779000	     29289	80003e72	02e39c33	mulh	x24,x7,x14	  x7:0x00000007 x14:0x01c00000 x24=0x00000000
       58781000	     29290	80003e76	413b5713	srai	x14,x22,0x13	 x22:0x48a71ade x14=0x00000914
       58805000	     29302	80003e7a	01c14bb3	xor	x23,x2,x28	  x2:0x00000012 x28:0x00000008 x23=0x0000001a
       58821000	     29310	80003e7e	034563b3	rem	x7,x10,x20	 x10:0x00000014 x20:0x00000000  x7=0x00000014
       58863000	     29331	80003e82	04e27263	bgeu	x4,x14,80003ec6	  x4:0x8001ee7c x14:0x00000914  x0=0x00000000
       58867000	     29333	80003e86	eb85	c.bnez	x15,80003eb6	 x15:0x48a7191f
       58893000	     29346	80003eb6	340138f3	csrrc	x17,mscratch,x2	  x2:0x00000012 x17=0x00000002
       58895000	     29347	80003eba	01ccde13	srli	x28,x25,0x1c	 x25:0x0000a000 x28=0x00000000
       58897000	     29348	80003ebe	e0e00a13	addi	x20,x0,-498	  x0:0x00000000 x20=0xfffffe0e
       58911000	     29355	80003ec2	d271e513	ori	x10,x3,-729	  x3:0x0018897d x10=0xfffffd7f
       58945000	     29372	80003ec6	03dae563	bltu	x21,x29,80003ef0	 x21:0x1fff942a x29:0x00000000  x0=0x00000000
       58947000	     29373	80003eca	9ab6	c.add	x21,x13	 x21:0x1fff942a x13:0x00000001 x21=0x1fff942b
       58949000	     29374	80003ecc	009ac533	xor	x10,x21,x9	 x21:0x1fff942b  x9:0x00000308 x10=0x1fff9723
       58975000	     29387	80003ed0	02b60cb3	mul	x25,x12,x11	 x12:0xffffffbd x11:0x48a7191f x25=0xfc446ce3
       58989000	     29394	80003ed4	41d58933	sub	x18,x11,x29	 x11:0x48a7191f x29:0x00000000 x18=0x48a7191f
       59079000	     29439	80003ed8	02bee933	rem	x18,x29,x11	 x29:0x00000000 x11:0x48a7191f x18=0x00000000
       59081000	     29440	80003edc	0078a5b3	slt	x11,x17,x7	 x17:0x00000002  x7:0x00000014 x11=0x00000001
       59083000	     29441	80003ee0	8a86	c.mv	x21,x1	  x0:0x00000000  x1:0xfe3ffe68 x21=0xfe3ffe68
       59089000	     29444	80003ee2	02ac8a33	mul	x20,x25,x10	 x25:0xfc446ce3 x10:0x1fff9723 x20=0xccb1c809
       59091000	     29445	80003ee6	110c	c.addi4spn	x11,x2,160	 x11=0x000000b2
       59111000	     29455	80003ee8	03d86233	rem	x4,x16,x29	 x16:0x00000000 x29:0x00000000  x4=0x00000000
       59113000	     29456	80003eec	34077773	csrrci	x14,mscratch,14	 x14=0x00000000
       59245000	     29522	80003ef0	02ae5b33	divu	x22,x28,x10	 x28:0x00000000 x10:0x1fff9723 x22=0x00000000
       59247000	     29523	80003ef4	00f4c633	xor	x12,x9,x15	  x9:0x00000308 x15:0x48a7191f x12=0x48a71a17
       59249000	     29524	80003ef8	34061cf3	csrrw	x25,mscratch,x12	 x12:0x48a71a17 x25=0x00000000
       59251000	     29525	80003efc	08b1	c.addi	x17,12	 x17:0x00000002 x17=0x0000000e
       59299000	     29549	80003efe	0032adb3	slt	x27,x5,x3	  x5:0x8001add4  x3:0x0018897d x27=0x00000001
       59301000	     29550	80003f02	8f81	c.sub	x15,x8	 x15:0x48a7191f  x8:0x00000013 x15=0x48a7190c
       59303000	     29551	80003f04	406388b3	sub	x17,x7,x6	  x7:0x00000014  x6:0x00000000 x17=0x00000014
       59323000	     29561	80003f08	03bcd663	bge	x25,x27,80003f34	 x25:0x00000000 x27:0x00000001  x0=0x00000000
       59345000	     29572	80003f0c	340765f3	csrrsi	x11,mscratch,14	 x11=0x48a71a17
       59373000	     29586	80003f10	03779c33	mulh	x24,x15,x23	 x15:0x48a7190c x23:0x0000001a x24=0x00000007
       59429000	     29614	80003f14	8d9d	c.sub	x11,x15	 x11:0x48a71a17 x15:0x48a7190c x11=0x0000010b
       59503000	     29651	80003f16	029cc1b3	div	x3,x25,x9	 x25:0x00000000  x9:0x00000308  x3=0x00000000
       59505000	     29652	80003f1a	340ce0f3	csrrsi	x1,mscratch,25	  x1=0x48a71a1f
       59507000	     29653	80003f1e	012e0ab3	add	x21,x28,x18	 x28:0x00000000 x18:0x00000000 x21=0x00000000
       59511000	     29655	80003f22	003245b3	xor	x11,x4,x3	  x4:0x00000000  x3:0x00000000 x11=0x00000000
       59513000	     29656	80003f26	6add	c.lui	x21,0x17	 x21=0x00017000
       59515000	     29657	80003f28	6109	c.addi16sp	x2,128	  x2:0x00000012  x2=0x00000092
       59517000	     29658	80003f2a	41bd	c.li	x3,15	  x3=0x0000000f
       59553000	     29676	80003f2c	0005d5b3	srl	x11,x11,x0	 x11:0x00000000  x0:0x00000000 x11=0x00000000
       59555000	     29677	80003f30	00145eb3	srl	x29,x8,x1	  x8:0x00000013  x1:0x48a71a1f x29=0x00000000
       59579000	     29689	80003f34	02bafb33	remu	x22,x21,x11	 x21:0x00017000 x11:0x00000000 x22=0x00017000
       59617000	     29708	80003f38	ea9d	c.bnez	x13,80003f6e	 x13:0x00000001
       59661000	     29730	80003f6e	009d05b3	add	x11,x26,x9	 x26:0x00000007  x9:0x00000308 x11=0x0000030f
       59683000	     29741	80003f72	011adc63	bge	x21,x17,80003f8a	 x21:0x00017000 x17:0x00000014  x0=0x00000000
       59705000	     29752	80003f76	340f9173	csrrw	x2,mscratch,x31	 x31:0x00000000  x2=0x48a71a1f
       59707000	     29753	80003f7a	128c	c.addi4spn	x11,x2,352	 x11=0x48a71b7f
       59715000	     29757	80003f7c	34047773	csrrci	x14,mscratch,8	 x14=0x00000000
       59717000	     29758	80003f80	00ee1193	slli	x3,x28,0xe	 x28:0x00000000  x3=0x00000000
       59729000	     29764	80003f84	8f65	c.and	x14,x9	 x14:0x00000000  x9:0x00000308 x14=0x00000000
       59827000	     29813	80003f86	021afc33	remu	x24,x21,x1	 x21:0x00017000  x1:0x48a71a1f x24=0x00017000
       59829000	     29814	80003f8a	0001	c.addi	x0,0	  x0:0x00000000  x0=0x00000000
       59831000	     29815	80003f8c	98ae	c.add	x17,x11	 x17:0x00000014 x11:0x48a71b7f x17=0x48a71b93
       59833000	     29816	80003f8e	1e7d	c.addi	x28,-1	 x28:0x00000000 x28=0xffffffff
       59835000	     29817	80003f90	8d29	c.xor	x10,x10	 x10:0x1fff9723 x10:0x1fff9723 x10=0x00000000
       59969000	     29884	80003f92	038df033	remu	x0,x27,x24	 x27:0x00000001 x24:0x00017000  x0=0x00000000
       59971000	     29885	80003f96	340cf773	csrrci	x14,mscratch,25	 x14=0x00000000
       59979000	     29889	80003f9a	024dbbb3	mulhu	x23,x27,x4	 x27:0x00000001  x4:0x00000000 x23=0x00000000
       60001000	     29900	80003f9e	02b503b3	mul	x7,x10,x11	 x10:0x00000000 x11:0x48a71b7f  x7=0x00000000
       60003000	     29901	80003fa2	340d9873	csrrw	x16,mscratch,x27	 x27:0x00000001 x16=0x00000000
       60005000	     29902	80003fa6	8d45	c.or	x10,x9	 x10:0x00000000  x9:0x00000308 x10=0x00000308
       60013000	     29906	80003fa8	0390b1b3	mulhu	x3,x1,x25	  x1:0x48a71a1f x25:0x00000000  x3=0x00000000
       60049000	     29924	80003fac	41415eb3	sra	x29,x2,x20	  x2:0x48a71a1f x20:0xccb1c809 x29=0x0024538d
       60059000	     29929	80003fb0	340a2e73	csrrs	x28,mscratch,x20	 x20:0xccb1c809 x28=0x00000001
       60061000	     29930	80003fb4	8e3d	c.xor	x12,x15	 x12:0x48a71a17 x15:0x48a7190c x12=0x0000031b
       60063000	     29931	80003fb6	0001	c.addi	x0,0	  x0:0x00000000  x0=0x00000000
       60087000	     29943	80003fb8	0ff0000f	fence	iorwiorwiorwiorwiorwiorwiorwiorwiorwiorwiorwiorwiorwiorwiorwiorwiorwiorwiorwiorwiorwiorwiorwiorwiorwiorwiorwiorwiorwiorwiorwiorwiorwiorwiorwiorwiorwiorwiorwiorwiorwiorwiorwiorwiorwiorwiorwiorwiorwiorwiorwiorwiorwiorwiorwiorwiorwiorwiorwiorwiorwiorwiorwiorwiorwiorwiorwiorwiorw,iorwiorwiorwiorwiorwiorwiorwiorwiorwiorwiorwiorwiorwiorwiorwiorwiorwiorwiorwiorwiorwiorwiorwiorwiorwiorwiorwiorwiorwiorwiorwiorwiorwiorwiorwiorwiorwiorwiorwiorwiorwiorwiorwiorwiorwiorwiorwiorwiorwiorwiorwiorwiorwiorwiorwiorwiorwiorwiorwiorwiorwiorwiorwiorwiorwiorwiorwiorwiorwiorw	
       60093000	     29946	80003fbc	8c51	c.or	x8,x12	  x8:0x00000013 x12:0x0000031b  x8=0x0000031b
       60115000	     29957	80003fbe	0442e163	bltu	x5,x4,80004000	  x5:0x8001add4  x4:0x00000000  x0=0x00000000
       60137000	     29968	80003fc2	3400bb73	csrrc	x22,mscratch,x1	  x1:0x48a71a1f x22=0xccb1c809
       60139000	     29969	80003fc6	8fa9	c.xor	x15,x10	 x15:0x48a7190c x10:0x00000308 x15=0x48a71a04
       60165000	     29982	80003fc8	56fd	c.li	x13,-1	 x13=0xffffffff
       60185000	     29992	80003fca	e11cc493	xori	x9,x25,-495	 x25:0x00000000  x9=0xfffffe11
       60187000	     29993	80003fce	0001	c.addi	x0,0	  x0:0x00000000  x0=0x00000000
       60189000	     29994	80003fd0	0f08	c.addi4spn	x10,x2,912	 x10=0x48a71daf
       60263000	     30031	80003fd2	02c14b33	div	x22,x2,x12	  x2:0x48a71a1f x12:0x0000031b x22=0x00176525
       60265000	     30032	80003fd6	340dbd73	csrrc	x26,mscratch,x27	 x27:0x00000001 x26=0x8410c000
       60267000	     30033	80003fda	01a25663	bge	x4,x26,80003fe6	  x4:0x00000000 x26:0x8410c000  x0=0x00000000
       60293000	     30046	80003fde	00f1fcb3	and	x25,x3,x15	  x3:0x00000000 x15:0x48a71a04 x25=0x00000000
       60335000	     30067	80003fe2	01bbbb33	sltu	x22,x23,x27	 x23:0x00000000 x27:0x00000001 x22=0x00000001
       60339000	     30069	80003fe6	00556263	bltu	x10,x5,80003fea	 x10:0x48a71daf  x5:0x8001add4  x0=0x00000000
       60409000	     30104	80003fea	0159c4b3	xor	x9,x19,x21	 x19:0x8001ee7c x21:0x00017000  x9=0x80009e7c
       60411000	     30105	80003fee	613d	c.addi16sp	x2,480	  x2:0x48a71a1f  x2=0x48a71bff
       60413000	     30106	80003ff0	00275263	bge	x14,x2,80003ff4	 x14:0x00000000  x2:0x48a71bff  x0=0x00000000
       60529000	     30164	80003ff4	0224ceb3	div	x29,x9,x2	  x9:0x80009e7c  x2:0x48a71bff x29=0xffffffff
       60531000	     30165	80003ff8	01809193	slli	x3,x1,0x18	  x1:0x48a71a1f  x3=0x1f000000
       60533000	     30166	80003ffc	5f68a517	auipc	x10,0x5f68a	 x10=0xdf68dffc
       60535000	     30167	80004000	03498163	beq	x19,x20,80004022	 x19:0x8001ee7c x20:0xccb1c809  x0=0x00000000
       60565000	     30182	80004004	c94811b7	lui	x3,0xc9481	  x3=0xc9481000
       60567000	     30183	80004008	03b0dd63	bge	x1,x27,80004042	  x1:0x48a71a1f x27:0x00000001  x0=0x00000000
       60577000	     30188	8000400c	fe2bc437	lui	x8,0xfe2bc	  x8=0xfe2bc000
       60669000	     30234	80004010	0315d4b3	divu	x9,x11,x17	 x11:0x48a71b7f x17:0x48a71b93  x9=0x00000000
       60671000	     30235	80004014	81d5	c.srli	x11,0x15	 x11:0x48a71b7f x11=0x00000245
       60745000	     30272	80004016	03a0d5b3	divu	x11,x1,x26	  x1:0x48a71a1f x26:0x8410c000 x11=0x00000000
       60747000	     30273	8000401a	40e55bb3	sra	x23,x10,x14	 x10:0xdf68dffc x14:0x00000000 x23=0xdf68dffc
       60755000	     30277	8000401e	6fb27217	auipc	x4,0x6fb27	  x4=0xefb2b01e
       60757000	     30278	80004022	8db2	c.mv	x27,x12	  x0:0x00000000 x12:0x0000031b x27=0x0000031b
       60777000	     30288	80004024	0ff0000f	fence	iorwiorwiorwiorwiorwiorwiorwiorwiorwiorwiorwiorwiorwiorwiorwiorwiorwiorwiorwiorwiorwiorwiorwiorwiorwiorwiorwiorwiorwiorwiorwiorwiorwiorwiorwiorwiorwiorwiorwiorwiorwiorwiorwiorwiorwiorwiorwiorwiorwiorwiorwiorwiorwiorwiorwiorwiorwiorwiorwiorwiorwiorwiorwiorwiorwiorwiorwiorwiorwiorwiorw,iorwiorwiorwiorwiorwiorwiorwiorwiorwiorwiorwiorwiorwiorwiorwiorwiorwiorwiorwiorwiorwiorwiorwiorwiorwiorwiorwiorwiorwiorwiorwiorwiorwiorwiorwiorwiorwiorwiorwiorwiorwiorwiorwiorwiorwiorwiorwiorwiorwiorwiorwiorwiorwiorwiorwiorwiorwiorwiorwiorwiorwiorwiorwiorwiorwiorwiorwiorwiorwiorwiorwiorw	
       60811000	     30305	80004028	05577063	bgeu	x14,x21,80004068	 x14:0x00000000 x21:0x00017000  x0=0x00000000
       60839000	     30319	8000402c	340627f3	csrrs	x15,mscratch,x12	 x12:0x0000031b x15=0x8410c000
       60841000	     30320	80004030	80be	c.mv	x1,x15	  x0:0x00000000 x15:0x8410c000  x1=0x8410c000
       60845000	     30322	80004032	cc95	c.beqz	x9,8000406e	  x9:0x00000000
       60903000	     30351	8000406e	3401e5f3	csrrsi	x11,mscratch,3	 x11=0x8410c31b
       60905000	     30352	80004072	00dcbbb3	sltu	x23,x25,x13	 x25:0x00000000 x13:0xffffffff x23=0x00000001
       60907000	     30353	80004076	8c69	c.and	x8,x10	  x8:0xfe2bc000 x10:0xdf68dffc  x8=0xde28c000
       60947000	     30373	80004078	8e15	c.sub	x12,x13	 x12:0x0000031b x13:0xffffffff x12=0x0000031c
       60949000	     30374	8000407a	032cef63	bltu	x25,x18,800040b8	 x25:0x00000000 x18:0x00000000  x0=0x00000000
       60951000	     30375	8000407e	8ec1	c.or	x13,x8	 x13:0xffffffff  x8:0xde28c000 x13=0xffffffff
       60999000	     30399	80004080	157d	c.addi	x10,-1	 x10:0xdf68dffc x10=0xdf68dffb
       61001000	     30400	80004082	8c99	c.sub	x9,x14	  x9:0x00000000 x14:0x00000000  x9=0x00000000
       61003000	     30401	80004084	002de1b3	or	x3,x27,x2	 x27:0x0000031b  x2:0x48a71bff  x3=0x48a71bff
       61033000	     30416	80004088	02c40033	mul	x0,x8,x12	  x8:0xde28c000 x12:0x0000031c  x0=0x00000000
       61035000	     30417	8000408c	c185	c.beqz	x11,800040ac	 x11:0x8410c31b
       61039000	     30419	8000408e	e60d	c.bnez	x12,800040b8	 x12:0x0000031c
       61069000	     30434	800040b8	34065ff3	csrrwi	x31,mscratch,12	 x31=0x8410c31b
       61077000	     30438	800040bc	00fc1cb3	sll	x25,x24,x15	 x24:0x00017000 x15:0x8410c000 x25=0x00017000
       61093000	     30446	800040c0	611d	c.addi16sp	x2,416	  x2:0x48a71bff  x2=0x48a71d9f
       61095000	     30447	800040c2	8285	c.srli	x13,0x1	 x13:0xffffffff x13=0x7fffffff
       61115000	     30457	800040c4	0001	c.addi	x0,0	  x0:0x00000000  x0=0x00000000
       61151000	     30475	800040c6	010b33b3	sltu	x7,x22,x16	 x22:0x00000001 x16:0x00000000  x7=0x00000000
       61153000	     30476	800040ca	04dc8063	beq	x25,x13,8000410a	 x25:0x00017000 x13:0x7fffffff  x0=0x00000000
       61217000	     30508	800040ce	02df3eb3	mulhu	x29,x30,x13	 x30:0xffffffff x13:0x7fffffff x29=0x7ffffffe
       61229000	     30514	800040d2	db692493	slti	x9,x18,-586	 x18:0x00000000  x9=0x00000000
       61303000	     30551	800040d6	021fd3b3	divu	x7,x31,x1	 x31:0x8410c31b  x1:0x8410c000  x7=0x00000001
       61311000	     30555	800040da	02f63933	mulhu	x18,x12,x15	 x12:0x0000031c x15:0x8410c000 x18=0x0000019a
       61315000	     30557	800040de	ed01	c.bnez	x10,800040f6	 x10:0xdf68dffb
       61381000	     30590	800040f6	3405bdf3	csrrc	x27,mscratch,x11	 x11:0x8410c31b x27=0x0000000c
       61447000	     30623	800040fa	03a22733	mulhsu	x14,x4,x26	  x4:0xefb2b01e x26:0x8410c000 x14=0xf79711c0
       61449000	     30624	800040fe	8f8d	c.sub	x15,x11	 x15:0x8410c000 x11:0x8410c31b x15=0xfffffce5
       61451000	     30625	80004100	34095973	csrrwi	x18,mscratch,18	 x18=0x00000004
       61475000	     30637	80004104	8cc5	c.or	x9,x9	  x9:0x00000000  x9:0x00000000  x9=0x00000000
       61477000	     30638	80004106	013dfd33	and	x26,x27,x19	 x27:0x0000000c x19:0x8001ee7c x26=0x0000000c
       61485000	     30642	8000410a	340efb73	csrrci	x22,mscratch,29	 x22=0x00000012
       61487000	     30643	8000410e	577d	c.li	x14,-1	 x14=0xffffffff
       61541000	     30670	80004110	7f1e1037	lui	x0,0x7f1e1	  x0=0x00000000
       61583000	     30691	80004114	40ef8a33	sub	x20,x31,x14	 x31:0x8410c31b x14:0xffffffff x20=0x8410c31c
       61585000	     30692	80004118	8edd	c.or	x13,x15	 x13:0x7fffffff x15:0xfffffce5 x13=0xffffffff
       61589000	     30694	8000411a	00458563	beq	x11,x4,80004124	 x11:0x8410c31b  x4:0xefb2b01e  x0=0x00000000
       61593000	     30696	8000411e	e40d	c.bnez	x8,80004148	  x8:0xde28c000
       61687000	     30743	80004148	0013b233	sltu	x4,x7,x1	  x7:0x00000001  x1:0x8410c000  x4=0x00000001
       61729000	     30764	8000414c	8d91	c.sub	x11,x12	 x11:0x8410c31b x12:0x0000031c x11=0x8410bfff
       61731000	     30765	8000414e	8005	c.srli	x8,0x1	  x8:0xde28c000  x8=0x6f146000
       61761000	     30780	80004150	df242a17	auipc	x20,0xdf242	 x20=0x5f246150
       61793000	     30796	80004154	6179	c.addi16sp	x2,464	  x2:0x48a71d9f  x2=0x48a71f6f
       61811000	     30805	80004156	dc4bbf13	sltiu	x30,x23,-572	 x23:0x00000001 x30=0x00000001
       61813000	     30806	8000415a	4178d713	srai	x14,x17,0x17	 x17:0x48a71b93 x14=0x00000091
       61855000	     30827	8000415e	337becb7	lui	x25,0x337be	 x25=0x337be000
       61857000	     30828	80004162	01ed4033	xor	x0,x26,x30	 x26:0x0000000c x30:0x00000001  x0=0x00000000
       61859000	     30829	80004166	8ce5	c.and	x9,x9	  x9:0x00000000  x9:0x00000000  x9=0x00000000
       61879000	     30839	80004168	3376c593	xori	x11,x13,823	 x13:0xffffffff x11=0xfffffcc8
       61901000	     30850	8000416c	0001	c.addi	x0,0	  x0:0x00000000  x0=0x00000000
       61903000	     30851	8000416e	011ee4b3	or	x9,x29,x17	 x29:0x7ffffffe x17:0x48a71b93  x9=0x7fffffff
       61927000	     30863	80004172	ec2e3113	sltiu	x2,x28,-318	 x28:0x00000001  x2=0x00000001
       61935000	     30867	80004176	0166ba33	sltu	x20,x13,x22	 x13:0xffffffff x22:0x00000012 x20=0x00000000
       61963000	     30881	8000417a	01239eb3	sll	x29,x7,x18	  x7:0x00000001 x18:0x00000004 x29=0x00000010
       61965000	     30882	8000417e	0001	c.addi	x0,0	  x0:0x00000000  x0=0x00000000
       61973000	     30886	80004180	40d00a33	sub	x20,x0,x13	  x0:0x00000000 x13:0xffffffff x20=0x00000001
       61981000	     30890	80004184	015603b3	add	x7,x12,x21	 x12:0x0000031c x21:0x00017000  x7=0x0001731c
       61997000	     30898	80004188	717d	c.addi16sp	x2,-16	  x2:0x00000001  x2=0xfffffff1
       62017000	     30908	8000418a	016bc263	blt	x23,x22,8000418e	 x23:0x00000001 x22:0x00000012  x0=0x00000000
       62107000	     30953	8000418e	02ab18b3	mulh	x17,x22,x10	 x22:0x00000012 x10:0xdf68dffb x17=0xfffffffd
       62109000	     30954	80004192	672d	c.lui	x14,0xb	 x14=0x0000b000
       62111000	     30955	80004194	0478f063	bgeu	x17,x7,800041d4	 x17:0xfffffffd  x7:0x0001731c  x0=0x00000000
       62185000	     30992	80004198	02754933	div	x18,x10,x7	 x10:0xdf68dffb  x7:0x0001731c x18=0xffffe985
       62187000	     30993	8000419c	1d94	c.addi4spn	x13,x2,752	 x13=0x000002e1
       62189000	     30994	8000419e	197d	c.addi	x18,-1	 x18:0xffffe985 x18=0xffffe984
       62191000	     30995	800041a0	169c	c.addi4spn	x15,x2,864	 x15=0x00000351
       62193000	     30996	800041a2	00c58e63	beq	x11,x12,800041be	 x11:0xfffffcc8 x12:0x0000031c  x0=0x00000000
       62245000	     31022	800041a6	3400e473	csrrsi	x8,mscratch,1	  x8=0x00000002
       62247000	     31023	800041aa	009995b3	sll	x11,x19,x9	 x19:0x8001ee7c  x9:0x7fffffff x11=0x00000000
       62249000	     31024	800041ae	8f4d	c.or	x14,x11	 x14:0x0000b000 x11:0x00000000 x14=0x0000b000
       62251000	     31025	800041b0	84b5	c.srai	x9,0xd	  x9:0x7fffffff  x9=0x0003ffff
       62253000	     31026	800041b2	8c21	c.xor	x8,x8	  x8:0x00000002  x8:0x00000002  x8=0x00000000
       62259000	     31029	800041b4	8091	c.srli	x9,0x4	  x9:0x0003ffff  x9=0x00003fff
       62269000	     31034	800041b6	061fa813	slti	x16,x31,97	 x31:0x8410c31b x16=0x00000001
       62291000	     31045	800041ba	02f77163	bgeu	x14,x15,800041dc	 x14:0x0000b000 x15:0x00000351  x0=0x00000000
       62293000	     31046	800041be	2ad4ee13	ori	x28,x9,685	  x9:0x00003fff x28=0x00003fff
       62295000	     31047	800041c2	6fb32e37	lui	x28,0x6fb32	 x28=0x6fb32000
       62297000	     31048	800041c6	6e3d	c.lui	x28,0xf	 x28=0x0000f000
       62315000	     31057	800041c8	02747863	bgeu	x8,x7,800041f8	  x8:0x00000000  x7:0x0001731c  x0=0x00000000
       62317000	     31058	800041cc	340b14f3	csrrw	x9,mscratch,x22	 x22:0x00000012  x9=0x00000003
       62365000	     31082	800041d0	00184133	xor	x2,x16,x1	 x16:0x00000001  x1:0x8410c000  x2=0x8410c001
       62407000	     31103	800041d4	1020a513	slti	x10,x1,258	  x1:0x8410c000 x10=0x00000001
       62409000	     31104	800041d8	34009773	csrrw	x14,mscratch,x1	  x1:0x8410c000 x14=0x00000012
       62435000	     31117	800041dc	06ad	c.addi	x13,11	 x13:0x000002e1 x13=0x000002ec
       62455000	     31127	800041de	01db0663	beq	x22,x29,800041ea	 x22:0x00000012 x29:0x00000010  x0=0x00000000
       62459000	     31129	800041e2	df88b513	sltiu	x10,x17,-520	 x17:0xfffffffd x10=0x00000000
       62461000	     31130	800041e6	0f00	c.addi4spn	x8,x2,912	  x8=0x8410c391
       62483000	     31141	800041e8	0001	c.addi	x0,0	  x0:0x00000000  x0=0x00000000
       62487000	     31143	800041ea	e48d	c.bnez	x9,80004214	  x9:0x00000003
       62527000	     31163	80004214	e7685a17	auipc	x20,0xe7685	 x20=0x67689214
       62543000	     31171	80004218	8d41	c.or	x10,x8	 x10:0x00000000  x8:0x8410c391 x10=0x8410c391
       62545000	     31172	8000421a	0050dc13	srli	x24,x1,0x5	  x1:0x8410c000 x24=0x04208600
       62567000	     31183	8000421e	01b65a93	srli	x21,x12,0x1b	 x12:0x0000031c x21=0x00000000
       62619000	     31209	80004222	031de463	bltu	x27,x17,8000424a	 x27:0x0000000c x17:0xfffffffd  x0=0x00000000
       62667000	     31233	8000424a	001ade63	bge	x21,x1,80004266	 x21:0x00000000  x1:0x8410c000  x0=0x00000000
       62725000	     31262	8000424e	340f31f3	csrrc	x3,mscratch,x30	 x30:0x00000001  x3=0x8410c000
       62727000	     31263	80004252	9d6a	c.add	x26,x26	 x26:0x0000000c x26:0x0000000c x26=0x00000018
       62765000	     31282	80004254	d7100637	lui	x12,0xd7100	 x12=0xd7100000
       62767000	     31283	80004258	01a160b3	or	x1,x2,x26	  x2:0x8410c001 x26:0x00000018  x1=0x8410c019
       62813000	     31306	8000425c	0619	c.addi	x12,6	 x12:0xd7100000 x12=0xd7100006
       62815000	     31307	8000425e	01331cb3	sll	x25,x6,x19	  x6:0x00000000 x19:0x8001ee7c x25=0x00000000
       62859000	     31329	80004262	41d9de13	srai	x28,x19,0x1d	 x19:0x8001ee7c x28=0xfffffffc
       62879000	     31339	80004266	0042b3b3	sltu	x7,x5,x4	  x5:0x8001add4  x4:0x00000001  x7=0x00000000
       62885000	     31342	8000426a	03de0533	mul	x10,x28,x29	 x28:0xfffffffc x29:0x00000010 x10=0xffffffc0
       62929000	     31364	8000426e	00e68533	add	x10,x13,x14	 x13:0x000002ec x14:0x00000012 x10=0x000002fe
       63003000	     31401	80004272	033f6233	rem	x4,x30,x19	 x30:0x00000001 x19:0x8001ee7c  x4=0x00000001
       63005000	     31402	80004276	01cadd93	srli	x27,x21,0x1c	 x21:0x00000000 x27=0x00000000
       63007000	     31403	8000427a	82b9	c.srli	x13,0xe	 x13:0x000002ec x13=0x00000000
       63009000	     31404	8000427c	419b87b3	sub	x15,x23,x25	 x23:0x00000001 x25:0x00000000 x15=0x00000001
       63017000	     31408	80004280	41695133	sra	x2,x18,x22	 x18:0xffffe984 x22:0x00000012  x2=0xffffffff
       63039000	     31419	80004284	00ad9413	slli	x8,x27,0xa	 x27:0x00000000  x8=0x00000000
       63063000	     31431	80004288	0280c563	blt	x1,x8,800042b2	  x1:0x8410c019  x8:0x00000000  x0=0x00000000
       63169000	     31484	800042b2	00128463	beq	x5,x1,800042ba	  x5:0x8001add4  x1:0x8410c019  x0=0x00000000
       63171000	     31485	800042b6	3403d773	csrrwi	x14,mscratch,7	 x14=0x8410c000
       63173000	     31486	800042ba	34092df3	csrrs	x27,mscratch,x18	 x18:0xffffe984 x27=0x00000007
       63175000	     31487	800042be	027e	c.slli	x4,0x1f	  x4:0x00000001  x4=0x80000000
       63177000	     31488	800042c0	0001	c.addi	x0,0	  x0:0x00000000  x0=0x00000000
       63183000	     31491	800042c2	03ab5d63	bge	x22,x26,800042fc	 x22:0x00000012 x26:0x00000018  x0=0x00000000
       63185000	     31492	800042c6	6b99	c.lui	x23,0x6	 x23=0x00006000
       63199000	     31499	800042c8	340d9c73	csrrw	x24,mscratch,x27	 x27:0x00000007 x24=0xffffe987
       63231000	     31515	800042cc	403bd0b3	sra	x1,x23,x3	 x23:0x00006000  x3:0x8410c000  x1=0x00006000
       63317000	     31558	800042d0	024de8b3	rem	x17,x27,x4	 x27:0x00000007  x4:0x80000000 x17=0x00000007
       63319000	     31559	800042d4	340edd73	csrrwi	x26,mscratch,29	 x26=0x00000007
       63321000	     31560	800042d8	0394c863	blt	x9,x25,80004308	  x9:0x00000003 x25:0x00000000  x0=0x00000000
       63395000	     31597	800042dc	0364f1b3	remu	x3,x9,x22	  x9:0x00000003 x22:0x00000012  x3=0x00000003
       63397000	     31598	800042e0	d8e76493	ori	x9,x14,-626	 x14:0x8410c000  x9=0xfffffd8e
       63399000	     31599	800042e4	0ff0000f	fence	iorwiorwiorwiorwiorwiorwiorwiorwiorwiorwiorwiorwiorwiorwiorwiorwiorwiorwiorwiorwiorwiorwiorwiorwiorwiorwiorwiorwiorwiorwiorwiorwiorwiorwiorwiorwiorwiorwiorwiorwiorwiorwiorwiorwiorwiorwiorwiorwiorwiorwiorwiorwiorwiorwiorwiorwiorwiorwiorwiorwiorwiorwiorwiorwiorwiorwiorwiorwiorwiorwiorwiorwiorw,iorwiorwiorwiorwiorwiorwiorwiorwiorwiorwiorwiorwiorwiorwiorwiorwiorwiorwiorwiorwiorwiorwiorwiorwiorwiorwiorwiorwiorwiorwiorwiorwiorwiorwiorwiorwiorwiorwiorwiorwiorwiorwiorwiorwiorwiorwiorwiorwiorwiorwiorwiorwiorwiorwiorwiorwiorwiorwiorwiorwiorwiorwiorwiorwiorwiorwiorwiorwiorwiorwiorwiorwiorwiorw	
       63401000	     31600	800042e8	8f05	c.sub	x14,x9	 x14:0x8410c000  x9:0xfffffd8e x14=0x8410c272
       63425000	     31612	800042ea	03f48ab3	mul	x21,x9,x31	  x9:0xfffffd8e x31:0x8410c31b x21=0x0f02e7fa
       63427000	     31613	800042ee	6fb5	c.lui	x31,0xd	 x31=0x0000d000
       63429000	     31614	800042f0	1dc12093	slti	x1,x2,476	  x2:0xffffffff  x1=0x00000001
       63453000	     31626	800042f4	036a1a33	mulh	x20,x20,x22	 x20:0x67689214 x22:0x00000012 x20=0x00000007
       63497000	     31648	800042f8	87c5	c.srai	x15,0x11	 x15:0x00000001 x15=0x00000000
       63499000	     31649	800042fa	8785	c.srai	x15,0x1	 x15:0x00000000 x15=0x00000000
       63501000	     31650	800042fc	6d95	c.lui	x27,0x5	 x27=0x00005000
       63503000	     31651	800042fe	9afd	c.andi	x13,-1	 x13:0x00000000 x13=0x00000000
       63515000	     31657	80004300	40df58b3	sra	x17,x30,x13	 x30:0x00000001 x13:0x00000000 x17=0x00000001
       63543000	     31671	80004304	00185c63	bge	x16,x1,8000431c	 x16:0x00000001  x1:0x00000001  x0=0x00000000
       63561000	     31680	8000431c	01809cb3	sll	x25,x1,x24	  x1:0x00000001 x24:0xffffe987 x25=0x00000080
       63573000	     31686	80004320	3408b773	csrrc	x14,mscratch,x17	 x17:0x00000001 x14=0x0000001d
       63575000	     31687	80004324	015e1e33	sll	x28,x28,x21	 x28:0xfffffffc x21:0x0f02e7fa x28=0xf0000000
       63597000	     31698	80004328	8815	c.andi	x8,5	  x8:0x00000000  x8=0x00000000
       63635000	     31717	8000432a	02ae9233	mulh	x4,x29,x10	 x29:0x00000010 x10:0x000002fe  x4=0x00000000
       63637000	     31718	8000432e	01d97ab3	and	x21,x18,x29	 x18:0xffffe984 x29:0x00000010 x21=0x00000000
       63639000	     31719	80004332	4c75	c.li	x24,29	 x24=0x0000001d
       63641000	     31720	80004334	8649	c.srai	x12,0x12	 x12:0xd7100006 x12=0xfffff5c4
       63703000	     31751	80004336	201c0093	addi	x1,x24,513	 x24:0x0000001d  x1=0x0000021e
       63709000	     31754	8000433a	03300f33	mul	x30,x0,x19	  x0:0x00000000 x19:0x8001ee7c x30=0x00000000
       63711000	     31755	8000433e	888e	c.mv	x17,x3	  x0:0x00000000  x3:0x00000003 x17=0x00000003
       63733000	     31766	80004340	1cfd	c.addi	x25,-1	 x25:0x00000080 x25=0x0000007f
       63741000	     31770	80004342	0374a6b3	mulhsu	x13,x9,x23	  x9:0xfffffd8e x23:0x00006000 x13=0xffffffff
       63753000	     31776	80004346	40448a33	sub	x20,x9,x4	  x9:0xfffffd8e  x4:0x00000000 x20=0xfffffd8e
       63755000	     31777	8000434a	ff6601b7	lui	x3,0xff660	  x3=0xff660000
       63757000	     31778	8000434e	34085173	csrrwi	x2,mscratch,16	  x2=0x0000001c
       63759000	     31779	80004352	0745	c.addi	x14,17	 x14:0x0000001d x14=0x0000002e
       63801000	     31800	80004354	340a2973	csrrs	x18,mscratch,x20	 x20:0xfffffd8e x18=0x00000010
       63811000	     31805	80004358	048c	c.addi4spn	x11,x2,576	 x11=0x0000025c
       63827000	     31813	8000435a	31fd8a13	addi	x20,x27,799	 x27:0x00005000 x20=0x0000531f
       63845000	     31822	8000435e	ffd02db7	lui	x27,0xffd02	 x27=0xffd02000
       63865000	     31832	80004362	00648963	beq	x9,x6,80004374	  x9:0xfffffd8e  x6:0x00000000  x0=0x00000000
       63869000	     31834	80004366	cff23197	auipc	x3,0xcff23	  x3=0x4ff27366
       63871000	     31835	8000436a	01042b33	slt	x22,x8,x16	  x8:0x00000000 x16:0x00000001 x22=0x00000001
       63873000	     31836	8000436e	8e65	c.and	x12,x9	 x12:0xfffff5c4  x9:0xfffffd8e x12=0xfffff584
       63895000	     31847	80004370	02fbe163	bltu	x23,x15,80004392	 x23:0x00006000 x15:0x00000000  x0=0x00000000
       63937000	     31868	80004374	01258b63	beq	x11,x18,8000438a	 x11:0x0000025c x18:0x00000010  x0=0x00000000
       63969000	     31884	80004378	03b9e363	bltu	x19,x27,8000439e	 x19:0x8001ee7c x27:0xffd02000  x0=0x00000000
       64027000	     31913	8000439e	3400f173	csrrci	x2,mscratch,1	  x2=0xfffffd9e
       64033000	     31916	800043a2	eba47417	auipc	x8,0xeba47	  x8=0x6ba4b3a2
       64107000	     31953	800043a6	03086833	rem	x16,x16,x16	 x16:0x00000001 x16:0x00000001 x16=0x00000000
       64181000	     31990	800043aa	03b5ceb3	div	x29,x11,x27	 x11:0x0000025c x27:0xffd02000 x29=0x00000000
       64183000	     31991	800043ae	3004f393	andi	x7,x9,768	  x9:0xfffffd8e  x7=0x00000100
       64245000	     32022	800043b2	0ff0000f	fence	iorwiorwiorwiorwiorwiorwiorwiorwiorwiorwiorwiorwiorwiorwiorwiorwiorwiorwiorwiorwiorwiorwiorwiorwiorwiorwiorwiorwiorwiorwiorwiorwiorwiorwiorwiorwiorwiorwiorwiorwiorwiorwiorwiorwiorwiorwiorwiorwiorwiorwiorwiorwiorwiorwiorwiorwiorwiorwiorwiorwiorwiorwiorwiorwiorwiorwiorwiorwiorwiorwiorwiorwiorwiorwiorw,iorwiorwiorwiorwiorwiorwiorwiorwiorwiorwiorwiorwiorwiorwiorwiorwiorwiorwiorwiorwiorwiorwiorwiorwiorwiorwiorwiorwiorwiorwiorwiorwiorwiorwiorwiorwiorwiorwiorwiorwiorwiorwiorwiorwiorwiorwiorwiorwiorwiorwiorwiorwiorwiorwiorwiorwiorwiorwiorwiorwiorwiorwiorwiorwiorwiorwiorwiorwiorwiorwiorwiorwiorwiorwiorwiorw	
       64247000	     32023	800043b6	3404a573	csrrs	x10,mscratch,x9	  x9:0xfffffd8e x10=0xfffffd9e
       64249000	     32024	800043ba	08fa	c.slli	x17,0x1e	 x17:0x00000003 x17=0xc0000000
       64275000	     32037	800043bc	3a507893	andi	x17,x0,933	  x0:0x00000000 x17=0x00000000
       64277000	     32038	800043c0	f9d345b7	lui	x11,0xf9d34	 x11=0xf9d34000
       64287000	     32043	800043c4	8b81	c.andi	x15,0	 x15:0x00000000 x15=0x00000000
       64327000	     32063	800043c6	0272acb3	mulhsu	x25,x5,x7	  x5:0x8001add4  x7:0x00000100 x25=0xffffff80
       64329000	     32064	800043ca	0156	c.slli	x2,0x15	  x2:0xfffffd9e  x2=0xb3c00000
       64331000	     32065	800043cc	340d70f3	csrrci	x1,mscratch,26	  x1=0xfffffd9e
       64337000	     32068	800043d0	0001	c.addi	x0,0	  x0:0x00000000  x0=0x00000000
       64339000	     32069	800043d2	996a	c.add	x18,x26	 x18:0x00000010 x26:0x00000007 x18=0x00000017
       64355000	     32077	800043d4	0c8e	c.slli	x25,0x3	 x25:0xffffff80 x25=0xfffffc00
       64367000	     32083	800043d6	01dc9093	slli	x1,x25,0x1d	 x25:0xfffffc00  x1=0x00000000
       64369000	     32084	800043da	af614697	auipc	x13,0xaf614	 x13=0x2f6183da
       64385000	     32092	800043de	036e9a63	bne	x29,x22,80004412	 x29:0x00000000 x22:0x00000001  x0=0x00000000
       64451000	     32125	80004412	02874463	blt	x14,x8,8000443a	 x14:0x0000002e  x8:0x6ba4b3a2  x0=0x00000000
       64493000	     32146	8000443a	587d	c.li	x16,-1	 x16=0xffffffff
       64495000	     32147	8000443c	011da8b3	slt	x17,x27,x17	 x27:0xffd02000 x17:0x00000000 x17=0x00000001
       64537000	     32168	80004440	01ce8233	add	x4,x29,x28	 x29:0x00000000 x28:0xf0000000  x4=0xf0000000
       64553000	     32176	80004444	e4c7e593	ori	x11,x15,-436	 x15:0x00000000 x11=0xfffffe4c
       64561000	     32180	80004448	01ca1f13	slli	x30,x20,0x1c	 x20:0x0000531f x30=0xf0000000
       64565000	     32182	8000444c	015de033	or	x0,x27,x21	 x27:0xffd02000 x21:0x00000000  x0=0x00000000
       64569000	     32184	80004450	03eb1163	bne	x22,x30,80004472	 x22:0x00000001 x30:0xf0000000  x0=0x00000000
       64623000	     32211	80004472	587d	c.li	x16,-1	 x16=0xffffffff
       64675000	     32237	80004474	f7fa2693	slti	x13,x20,-129	 x20:0x0000531f x13=0x00000000
       64691000	     32245	80004478	8e1d	c.sub	x12,x15	 x12:0xfffff584 x15:0x00000000 x12=0xfffff584
       64693000	     32246	8000447a	1cfd	c.addi	x25,-1	 x25:0xfffffc00 x25=0xfffffbff
       64709000	     32254	8000447c	c12ff693	andi	x13,x31,-1006	 x31:0x0000d000 x13=0x0000d000
       64711000	     32255	80004480	0ff0000f	fence	iorwiorwiorwiorwiorwiorwiorwiorwiorwiorwiorwiorwiorwiorwiorwiorwiorwiorwiorwiorwiorwiorwiorwiorwiorwiorwiorwiorwiorwiorwiorwiorwiorwiorwiorwiorwiorwiorwiorwiorwiorwiorwiorwiorwiorwiorwiorwiorwiorwiorwiorwiorwiorwiorwiorwiorwiorwiorwiorwiorwiorwiorwiorwiorwiorwiorwiorwiorwiorwiorwiorwiorwiorwiorwiorwiorwiorw,iorwiorwiorwiorwiorwiorwiorwiorwiorwiorwiorwiorwiorwiorwiorwiorwiorwiorwiorwiorwiorwiorwiorwiorwiorwiorwiorwiorwiorwiorwiorwiorwiorwiorwiorwiorwiorwiorwiorwiorwiorwiorwiorwiorwiorwiorwiorwiorwiorwiorwiorwiorwiorwiorwiorwiorwiorwiorwiorwiorwiorwiorwiorwiorwiorwiorwiorwiorwiorwiorwiorwiorwiorwiorwiorwiorwiorwiorw	
       64733000	     32266	80004484	0488	c.addi4spn	x10,x2,576	 x10=0xb3c00240
       64779000	     32289	80004486	340a2073	csrrs	x0,mscratch,x20	 x20:0x0000531f  x0=0x00000000
       64827000	     32313	8000448a	03f81db3	mulh	x27,x16,x31	 x16:0xffffffff x31:0x0000d000 x27=0xffffffff
       64833000	     32316	8000448e	e4e7ca93	xori	x21,x15,-434	 x15:0x00000000 x21=0xfffffe4e
       64917000	     32358	80004492	0359eab3	rem	x21,x19,x21	 x19:0x8001ee7c x21:0xfffffe4e x21=0xffffff72
       64919000	     32359	80004496	587d	c.li	x16,-1	 x16=0xffffffff
       64921000	     32360	80004498	f7b57397	auipc	x7,0xf7b57	  x7=0x77b5b498
       64923000	     32361	8000449c	ffdd6a97	auipc	x21,0xffdd6	 x21=0x7fdda49c
       64945000	     32372	800044a0	c611	c.beqz	x12,800044ac	 x12:0xfffff584
       64947000	     32373	800044a2	000eeab3	or	x21,x29,x0	 x29:0x00000000  x0:0x00000000 x21=0x00000000
       64955000	     32377	800044a6	01892633	slt	x12,x18,x24	 x18:0x00000017 x24:0x0000001d x12=0x00000001
       64957000	     32378	800044aa	0001	c.addi	x0,0	  x0:0x00000000  x0=0x00000000
       65011000	     32405	800044ac	34056173	csrrsi	x2,mscratch,10	  x2=0xffffff9f
       65019000	     32409	800044b0	02f6b8b3	mulhu	x17,x13,x15	 x13:0x0000d000 x15:0x00000000 x17=0x00000000
       65047000	     32423	800044b4	419c8ab3	sub	x21,x25,x25	 x25:0xfffffbff x25:0xfffffbff x21=0x00000000
       65057000	     32428	800044b8	005cdd33	srl	x26,x25,x5	 x25:0xfffffbff  x5:0x8001add4 x26=0x00000fff
       65099000	     32449	800044bc	01d001b3	add	x3,x0,x29	  x0:0x00000000 x29:0x00000000  x3=0x00000000
       65105000	     32452	800044c0	407b5133	sra	x2,x22,x7	 x22:0x00000001  x7:0x77b5b498  x2=0x00000000
       65125000	     32462	800044c4	0204feb3	remu	x29,x9,x0	  x9:0xfffffd8e  x0:0x00000000 x29=0xfffffd8e
       65137000	     32468	800044c8	0c86	c.slli	x25,0x1	 x25:0xfffffbff x25=0xfffff7fe
       65139000	     32469	800044ca	0001	c.addi	x0,0	  x0:0x00000000  x0=0x00000000
       65141000	     32470	800044cc	016468b3	or	x17,x8,x22	  x8:0x6ba4b3a2 x22:0x00000001 x17=0x6ba4b3a3
       65149000	     32474	800044d0	03c94a13	xori	x20,x18,60	 x18:0x00000017 x20=0x0000002b
       65173000	     32486	800044d4	c9403c13	sltiu	x24,x0,-876	  x0:0x00000000 x24=0x00000001
       65179000	     32489	800044d8	c8548713	addi	x14,x9,-891	  x9:0xfffffd8e x14=0xfffffa13
       65229000	     32514	800044dc	0ff0000f	fence	iorwiorwiorwiorwiorwiorwiorwiorwiorwiorwiorwiorwiorwiorwiorwiorwiorwiorwiorwiorwiorwiorwiorwiorwiorwiorwiorwiorwiorwiorwiorwiorwiorwiorwiorwiorwiorwiorwiorwiorwiorwiorwiorwiorwiorwiorwiorwiorwiorwiorwiorwiorwiorwiorwiorwiorwiorwiorwiorwiorwiorwiorwiorwiorwiorwiorwiorwiorwiorwiorwiorwiorwiorwiorwiorwiorwiorwiorwiorw,iorwiorwiorwiorwiorwiorwiorwiorwiorwiorwiorwiorwiorwiorwiorwiorwiorwiorwiorwiorwiorwiorwiorwiorwiorwiorwiorwiorwiorwiorwiorwiorwiorwiorwiorwiorwiorwiorwiorwiorwiorwiorwiorwiorwiorwiorwiorwiorwiorwiorwiorwiorwiorwiorwiorwiorwiorwiorwiorwiorwiorwiorwiorwiorwiorwiorwiorwiorwiorwiorwiorwiorwiorwiorwiorwiorwiorwiorwiorwiorw	
       65271000	     32535	800044e0	00ce9893	slli	x17,x29,0xc	 x29:0xfffffd8e x17=0xffd8e000
       65283000	     32541	800044e4	01c05b93	srli	x23,x0,0x1c	  x0:0x00000000 x23=0x00000000
       65295000	     32547	800044e8	055a9463	bne	x21,x21,80004530	 x21:0x00000000 x21:0x00000000  x0=0x00000000
       65315000	     32557	800044ec	00a961b3	or	x3,x18,x10	 x18:0x00000017 x10:0xb3c00240  x3=0xb3c00257
       65421000	     32610	800044f0	0290d133	divu	x2,x1,x9	  x1:0x00000000  x9:0xfffffd8e  x2=0x00000000
       65423000	     32611	800044f4	997d	c.andi	x10,-1	 x10:0xb3c00240 x10=0xb3c00240
       65425000	     32612	800044f6	023a4763	blt	x20,x3,80004524	 x20:0x0000002b  x3:0xb3c00257  x0=0x00000000
       65499000	     32649	800044fa	03c0f7b3	remu	x15,x1,x28	  x1:0x00000000 x28:0xf0000000 x15=0x00000000
       65501000	     32650	800044fe	340a5773	csrrwi	x14,mscratch,20	 x14=0xffffff9f
       65503000	     32651	80004502	0001	c.addi	x0,0	  x0:0x00000000  x0=0x00000000
       65505000	     32652	80004504	ec36ac13	slti	x24,x13,-317	 x13:0x0000d000 x24=0x00000000
       65511000	     32655	80004508	00429893	slli	x17,x5,0x4	  x5:0x8001add4 x17=0x001add40
       65613000	     32706	8000450c	029b6933	rem	x18,x22,x9	 x22:0x00000001  x9:0xfffffd8e x18=0x00000001
       65615000	     32707	80004510	406ddbb3	sra	x23,x27,x6	 x27:0xffffffff  x6:0x00000000 x23=0xffffffff
       65617000	     32708	80004514	2d6c6813	ori	x16,x24,726	 x24:0x00000000 x16=0x000002d6
       65619000	     32709	80004518	00a2	c.slli	x1,0x8	  x1:0x00000000  x1=0x00000000
       65633000	     32716	8000451a	04466063	bltu	x12,x4,8000455a	 x12:0x00000001  x4:0xf0000000  x0=0x00000000
       65657000	     32728	8000455a	34099e73	csrrw	x28,mscratch,x19	 x19:0x8001ee7c x28=0x00000014
       65659000	     32729	8000455e	0001	c.addi	x0,0	  x0:0x00000000  x0=0x00000000
       65699000	     32749	80004560	003544b3	xor	x9,x10,x3	 x10:0xb3c00240  x3:0xb3c00257  x9=0x00000017
       65707000	     32753	80004564	03e51cb3	mulh	x25,x10,x30	 x10:0xb3c00240 x30:0xf0000000 x25=0x04c3ffdc
       65709000	     32754	80004568	004aa4b3	slt	x9,x21,x4	 x21:0x00000000  x4:0xf0000000  x9=0x00000000
       65735000	     32767	8000456c	005afa63	bgeu	x21,x5,80004580	 x21:0x00000000  x5:0x8001add4  x0=0x00000000
       65737000	     32768	80004570	412d0eb3	sub	x29,x26,x18	 x26:0x00000fff x18:0x00000001 x29=0x00000ffe
       65753000	     32776	80004574	00820793	addi	x15,x4,8	  x4:0xf0000000 x15=0xf0000008
       65783000	     32791	80004578	0206fc33	remu	x24,x13,x0	 x13:0x0000d000  x0:0x00000000 x24=0x0000d000
       65791000	     32795	8000457c	02fb10b3	mulh	x1,x22,x15	 x22:0x00000001 x15:0xf0000008  x1=0xffffffff
       65809000	     32804	80004580	8bb1	c.andi	x15,12	 x15:0xf0000008 x15=0x00000008
       65827000	     32813	80004582	03ee4a63	blt	x28,x30,800045b6	 x28:0x00000014 x30:0xf0000000  x0=0x00000000
       65879000	     32839	80004586	1482ac93	slti	x25,x5,328	  x5:0x8001add4 x25=0x00000001
       65881000	     32840	8000458a	89c5	c.andi	x11,17	 x11:0xfffffe4c x11=0x00000000
       65909000	     32854	8000458c	00921d93	slli	x27,x4,0x9	  x4:0xf0000000 x27=0x00000000
       65925000	     32862	80004590	1df70113	addi	x2,x14,479	 x14:0xffffff9f  x2=0x0000017e
       65931000	     32865	80004594	00ab1a63	bne	x22,x10,800045a8	 x22:0x00000001 x10:0xb3c00240  x0=0x00000000
       65945000	     32872	800045a8	018d9b93	slli	x23,x27,0x18	 x27:0x00000000 x23=0x00000000
       65981000	     32890	800045ac	3406e8f3	csrrsi	x17,mscratch,13	 x17=0x8001ee7c
       65991000	     32895	800045b0	e705	c.bnez	x14,800045d8	 x14:0xffffff9f
       66059000	     32929	800045d8	649d	c.lui	x9,0x7	  x9=0x00007000
       66061000	     32930	800045da	8a8a	c.mv	x21,x2	  x0:0x00000000  x2:0x0000017e x21=0x0000017e
       66073000	     32936	800045dc	0148a4b3	slt	x9,x17,x20	 x17:0x8001ee7c x20:0x0000002b  x9=0x00000001
       66075000	     32937	800045e0	587d	c.li	x16,-1	 x16=0xffffffff
       66097000	     32948	800045e2	05f4f563	bgeu	x9,x31,8000462c	  x9:0x00000001 x31:0x0000d000  x0=0x00000000
       66111000	     32955	800045e6	18d3e713	ori	x14,x7,397	  x7:0x77b5b498 x14=0x77b5b59d
       66121000	     32960	800045ea	00243f33	sltu	x30,x8,x2	  x8:0x6ba4b3a2  x2:0x0000017e x30=0x00000000
       66147000	     32973	800045ee	01d4d713	srli	x14,x9,0x1d	  x9:0x00000001 x14=0x00000000
       66155000	     32977	800045f2	0312a533	mulhsu	x10,x5,x17	  x5:0x8001add4 x17:0x8001ee7c x10=0xbfffdfaf
       66157000	     32978	800045f6	815d	c.srli	x10,0x17	 x10:0xbfffdfaf x10=0x0000017f
       66173000	     32986	800045f8	037d4933	div	x18,x26,x23	 x26:0x00000fff x23:0x00000000 x18=0xffffffff
       66233000	     33016	800045fc	d71bca37	lui	x20,0xd71bc	 x20=0xd71bc000
       66251000	     33025	80004600	00857f63	bgeu	x10,x8,8000461e	 x10:0x0000017f  x8:0x6ba4b3a2  x0=0x00000000
       66327000	     33063	80004604	031d7633	remu	x12,x26,x17	 x26:0x00000fff x17:0x8001ee7c x12=0x00000fff
       66335000	     33067	80004608	029ebc33	mulhu	x24,x29,x9	 x29:0x00000ffe  x9:0x00000001 x24=0x00000000
       66337000	     33068	8000460c	004b9593	slli	x11,x23,0x4	 x23:0x00000000 x11=0x00000000
       66339000	     33069	80004610	0ff0000f	fence	iorwiorwiorwiorwiorwiorwiorwiorwiorwiorwiorwiorwiorwiorwiorwiorwiorwiorwiorwiorwiorwiorwiorwiorwiorwiorwiorwiorwiorwiorwiorwiorwiorwiorwiorwiorwiorwiorwiorwiorwiorwiorwiorwiorwiorwiorwiorwiorwiorwiorwiorwiorwiorwiorwiorwiorwiorwiorwiorwiorwiorwiorwiorwiorwiorwiorwiorwiorwiorwiorwiorwiorwiorwiorwiorwiorwiorwiorwiorwiorwiorw,iorwiorwiorwiorwiorwiorwiorwiorwiorwiorwiorwiorwiorwiorwiorwiorwiorwiorwiorwiorwiorwiorwiorwiorwiorwiorwiorwiorwiorwiorwiorwiorwiorwiorwiorwiorwiorwiorwiorwiorwiorwiorwiorwiorwiorwiorwiorwiorwiorwiorwiorwiorwiorwiorwiorwiorwiorwiorwiorwiorwiorwiorwiorwiorwiorwiorwiorwiorwiorwiorwiorwiorwiorwiorwiorwiorwiorwiorwiorwiorwiorwiorw	
       66379000	     33089	80004614	8761	c.srai	x14,0x18	 x14:0x00000000 x14=0x00000000
       66385000	     33092	80004616	02d18b33	mul	x22,x3,x13	  x3:0xb3c00257 x13:0x0000d000 x22=0x01e6b000
       66403000	     33101	8000461a	1102c913	xori	x18,x5,272	  x5:0x8001add4 x18=0x8001acc4
       66429000	     33114	8000461e	01825613	srli	x12,x4,0x18	  x4:0xf0000000 x12=0x000000f0
       66431000	     33115	80004622	8a5d	c.andi	x12,23	 x12:0x000000f0 x12=0x00000010
       66433000	     33116	80004624	400e51b3	sra	x3,x28,x0	 x28:0x00000014  x0:0x00000000  x3=0x00000014
       66435000	     33117	80004628	3402e0f3	csrrsi	x1,mscratch,5	  x1=0x8001ee7d
       66447000	     33123	8000462c	86c5	c.srai	x13,0x11	 x13:0x0000d000 x13=0x00000000
       66451000	     33125	8000462e	03fc1663	bne	x24,x31,8000465a	 x24:0x00000000 x31:0x0000d000  x0=0x00000000
       66473000	     33136	8000465a	05a6	c.slli	x11,0x9	 x11:0x00000000 x11=0x00000000
       66485000	     33142	8000465c	06be	c.slli	x13,0xf	 x13:0x00000000 x13=0x00000000
       66487000	     33143	8000465e	9446	c.add	x8,x17	  x8:0x6ba4b3a2 x17:0x8001ee7c  x8=0xeba6a21e
       66507000	     33153	80004660	00821113	slli	x2,x4,0x8	  x4:0xf0000000  x2=0x00000000
       66561000	     33180	80004664	3409ebf3	csrrsi	x23,mscratch,19	 x23=0x8001ee7d
       66575000	     33187	80004668	8fa5	c.xor	x15,x9	 x15:0x00000008  x9:0x00000001 x15=0x00000009
       66577000	     33188	8000466a	51fd	c.li	x3,-1	  x3=0xffffffff
       66623000	     33211	8000466c	021323b3	mulhsu	x7,x6,x1	  x6:0x00000000  x1:0x8001ee7d  x7=0x00000000
       66625000	     33212	80004670	fde2cc17	auipc	x24,0xfde2c	 x24=0x7de30670
       66637000	     33218	80004674	0001	c.addi	x0,0	  x0:0x00000000  x0=0x00000000
       66673000	     33236	80004676	005876b3	and	x13,x16,x5	 x16:0xffffffff  x5:0x8001add4 x13=0x8001add4
       66789000	     33294	8000467a	0362d3b3	divu	x7,x5,x22	  x5:0x8001add4 x22:0x01e6b000  x7=0x00000043
       66791000	     33295	8000467e	0ff0000f	fence	iorwiorwiorwiorwiorwiorwiorwiorwiorwiorwiorwiorwiorwiorwiorwiorwiorwiorwiorwiorwiorwiorwiorwiorwiorwiorwiorwiorwiorwiorwiorwiorwiorwiorwiorwiorwiorwiorwiorwiorwiorwiorwiorwiorwiorwiorwiorwiorwiorwiorwiorwiorwiorwiorwiorwiorwiorwiorwiorwiorwiorwiorwiorwiorwiorwiorwiorwiorwiorwiorwiorwiorwiorwiorwiorwiorwiorwiorwiorwiorwiorwiorwiorw,iorwiorwiorwiorwiorwiorwiorwiorwiorwiorwiorwiorwiorwiorwiorwiorwiorwiorwiorwiorwiorwiorwiorwiorwiorwiorwiorwiorwiorwiorwiorwiorwiorwiorwiorwiorwiorwiorwiorwiorwiorwiorwiorwiorwiorwiorwiorwiorwiorwiorwiorwiorwiorwiorwiorwiorwiorwiorwiorwiorwiorwiorwiorwiorwiorwiorwiorwiorwiorwiorwiorwiorwiorwiorwiorwiorwiorwiorwiorwiorwiorwiorwiorwiorw	
       66795000	     33297	80004682	03e241b3	div	x3,x4,x30	  x4:0xf0000000 x30:0x00000000  x3=0xffffffff
       66803000	     33301	80004686	02dba8b3	mulhsu	x17,x23,x13	 x23:0x8001ee7d x13:0x8001add4 x17=0xc0002057
       66839000	     33319	8000468a	0ff0000f	fence	iorwiorwiorwiorwiorwiorwiorwiorwiorwiorwiorwiorwiorwiorwiorwiorwiorwiorwiorwiorwiorwiorwiorwiorwiorwiorwiorwiorwiorwiorwiorwiorwiorwiorwiorwiorwiorwiorwiorwiorwiorwiorwiorwiorwiorwiorwiorwiorwiorwiorwiorwiorwiorwiorwiorwiorwiorwiorwiorwiorwiorwiorwiorwiorwiorwiorwiorwiorwiorwiorwiorwiorwiorwiorwiorwiorwiorwiorwiorwiorwiorwiorwiorwiorwiorw,iorwiorwiorwiorwiorwiorwiorwiorwiorwiorwiorwiorwiorwiorwiorwiorwiorwiorwiorwiorwiorwiorwiorwiorwiorwiorwiorwiorwiorwiorwiorwiorwiorwiorwiorwiorwiorwiorwiorwiorwiorwiorwiorwiorwiorwiorwiorwiorwiorwiorwiorwiorwiorwiorwiorwiorwiorwiorwiorwiorwiorwiorwiorwiorwiorwiorwiorwiorwiorwiorwiorwiorwiorwiorwiorwiorwiorwiorwiorwiorwiorwiorwiorwiorwiorwiorw	
       66841000	     33320	8000468e	53fd	c.li	x7,-1	  x7=0xffffffff
       66845000	     33322	80004690	017a1563	bne	x20,x23,8000469a	 x20:0xd71bc000 x23:0x8001ee7d  x0=0x00000000
       66917000	     33358	8000469a	f4f05037	lui	x0,0xf4f05	  x0=0x00000000
       66919000	     33359	8000469e	139c	c.addi4spn	x15,x2,480	 x15=0x000001e0
       66953000	     33376	800046a0	6575	c.lui	x10,0x1d	 x10=0x0001d000
       66955000	     33377	800046a2	979a	c.add	x15,x6	 x15:0x000001e0  x6:0x00000000 x15=0x000001e0
       66965000	     33382	800046a4	031d04b3	mul	x9,x26,x17	 x26:0x00000fff x17:0xc0002057  x9=0x42054fa9
       66967000	     33383	800046a8	1100	c.addi4spn	x8,x2,160	  x8=0x000000a0
       66987000	     33393	800046aa	01605533	srl	x10,x0,x22	  x0:0x00000000 x22:0x01e6b000 x10=0x00000000
       67023000	     33411	800046ae	0ff0000f	fence	iorwiorwiorwiorwiorwiorwiorwiorwiorwiorwiorwiorwiorwiorwiorwiorwiorwiorwiorwiorwiorwiorwiorwiorwiorwiorwiorwiorwiorwiorwiorwiorwiorwiorwiorwiorwiorwiorwiorwiorwiorwiorwiorwiorwiorwiorwiorwiorwiorwiorwiorwiorwiorwiorwiorwiorwiorwiorwiorwiorwiorwiorwiorwiorwiorwiorwiorwiorwiorwiorwiorwiorwiorwiorwiorwiorwiorwiorwiorwiorwiorwiorwiorwiorwiorwiorwiorw,iorwiorwiorwiorwiorwiorwiorwiorwiorwiorwiorwiorwiorwiorwiorwiorwiorwiorwiorwiorwiorwiorwiorwiorwiorwiorwiorwiorwiorwiorwiorwiorwiorwiorwiorwiorwiorwiorwiorwiorwiorwiorwiorwiorwiorwiorwiorwiorwiorwiorwiorwiorwiorwiorwiorwiorwiorwiorwiorwiorwiorwiorwiorwiorwiorwiorwiorwiorwiorwiorwiorwiorwiorwiorwiorwiorwiorwiorwiorwiorwiorwiorwiorwiorwiorwiorwiorwiorw	
       67025000	     33412	800046b2	717d	c.addi16sp	x2,-16	  x2:0x00000000  x2=0xfffffff0
       67059000	     33429	800046b4	03c8bc33	mulhu	x24,x17,x28	 x17:0xc0002057 x28:0x00000014 x24=0x0000000f
       67061000	     33430	800046b8	34002ff3	csrrs	x31,mscratch,x0	  x0:0x00000000 x31=0x8001ee7f
       67063000	     33431	800046bc	3401fbf3	csrrci	x23,mscratch,3	 x23=0x8001ee7f
       67089000	     33444	800046c0	0202c063	blt	x5,x0,800046e0	  x5:0x8001add4  x0:0x00000000  x0=0x00000000
       67135000	     33467	800046e0	0001	c.addi	x0,0	  x0:0x00000000  x0=0x00000000
       67141000	     33470	800046e2	03476963	bltu	x14,x20,80004714	 x14:0x00000000 x20:0xd71bc000  x0=0x00000000
       67201000	     33500	80004714	04495063	bge	x18,x4,80004754	 x18:0x8001acc4  x4:0xf0000000  x0=0x00000000
       67223000	     33511	80004718	3404a473	csrrs	x8,mscratch,x9	  x9:0x42054fa9  x8=0x8001ee7c
       67245000	     33522	8000471c	02538963	beq	x7,x5,8000474e	  x7:0xffffffff  x5:0x8001add4  x0=0x00000000
       67297000	     33548	80004720	8095	c.srli	x9,0x5	  x9:0x42054fa9  x9=0x02102a7d
       67339000	     33569	80004722	00c3ff33	and	x30,x7,x12	  x7:0xffffffff x12:0x00000010 x30=0x00000010
       67341000	     33570	80004726	4531	c.li	x10,12	 x10=0x0000000c
       67353000	     33576	80004728	024a5f63	bge	x20,x4,80004766	 x20:0xd71bc000  x4:0xf0000000  x0=0x00000000
       67357000	     33578	8000472c	013bc763	blt	x23,x19,8000473a	 x23:0x8001ee7f x19:0x8001ee7c  x0=0x00000000
       67371000	     33585	80004730	0019d413	srli	x8,x19,0x1	 x19:0x8001ee7c  x8=0x4000f73e
       67425000	     33612	80004734	cb19	c.beqz	x14,8000474a	 x14:0x00000000
       67527000	     33663	8000474a	ff52ceb7	lui	x29,0xff52c	 x29=0xff52c000
       67529000	     33664	8000474e	6135	c.addi16sp	x2,352	  x2:0xfffffff0  x2=0x00000150
       67531000	     33665	80004750	1704ceb7	lui	x29,0x1704c	 x29=0x1704c000
       67545000	     33672	80004754	8c41	c.or	x8,x8	  x8:0x4000f73e  x8:0x4000f73e  x8=0x4000f73e
       67553000	     33676	80004756	00c650b3	srl	x1,x12,x12	 x12:0x00000010 x12:0x00000010  x1=0x00000000
       67555000	     33677	8000475a	8d95	c.sub	x11,x13	 x11:0x00000000 x13:0x8001add4 x11=0x7ffe522c
       67607000	     33703	8000475c	e389	c.bnez	x15,8000475e	 x15:0x000001e0
       67661000	     33730	8000475e	002e9933	sll	x18,x29,x2	 x29:0x1704c000  x2:0x00000150 x18=0xc0000000
       67663000	     33731	80004762	613d	c.addi16sp	x2,480	  x2:0x00000150  x2=0x00000330
       67703000	     33751	80004764	80e9	c.srli	x9,0x1a	  x9:0x02102a7d  x9=0x00000000
       67705000	     33752	80004766	40a38933	sub	x18,x7,x10	  x7:0xffffffff x10:0x0000000c x18=0xfffffff3
       67725000	     33762	8000476a	3400b173	csrrc	x2,mscratch,x1	  x1:0x00000000  x2=0xc205effd
       67731000	     33765	8000476e	413b86b3	sub	x13,x23,x19	 x23:0x8001ee7f x19:0x8001ee7c x13=0x00000003
       67741000	     33770	80004772	008ec3b3	xor	x7,x29,x8	 x29:0x1704c000  x8:0x4000f73e  x7=0x5704373e
       67757000	     33778	80004776	01be55b3	srl	x11,x28,x27	 x28:0x00000014 x27:0x00000000 x11=0x00000014
       67791000	     33795	8000477a	005fd633	srl	x12,x31,x5	 x31:0x8001ee7f  x5:0x8001add4 x12=0x00000800
       67793000	     33796	8000477e	987d	c.andi	x8,-1	  x8:0x4000f73e  x8=0x4000f73e
       67807000	     33803	80004780	0148b033	sltu	x0,x17,x20	 x17:0xc0002057 x20:0xd71bc000  x0=0x00000000
       67839000	     33819	80004784	0291a733	mulhsu	x14,x3,x9	  x3:0xffffffff  x9:0x00000000 x14=0x00000000
       67841000	     33820	80004788	587d	c.li	x16,-1	 x16=0xffffffff
       67843000	     33821	8000478a	3408ea73	csrrsi	x20,mscratch,17	 x20=0xc205effd
       67877000	     33838	8000478e	340d2273	csrrs	x4,mscratch,x26	 x26:0x00000fff  x4=0xc205effd
       67885000	     33842	80004792	02ee0ab3	mul	x21,x28,x14	 x28:0x00000014 x14:0x00000000 x21=0x00000000
       67903000	     33851	80004796	00c3fe63	bgeu	x7,x12,800047b2	  x7:0x5704373e x12:0x00000800  x0=0x00000000
       67945000	     33872	8000479a	01e94c33	xor	x24,x18,x30	 x18:0xfffffff3 x30:0x00000010 x24=0xffffffe3
       67991000	     33895	8000479e	03958d33	mul	x26,x11,x25	 x11:0x00000014 x25:0x00000001 x26=0x00000014
       67995000	     33897	800047a2	02abc763	blt	x23,x10,800047d0	 x23:0x8001ee7f x10:0x0000000c  x0=0x00000000
       68023000	     33911	800047d0	03bfddb3	divu	x27,x31,x27	 x31:0x8001ee7f x27:0x00000000 x27=0xffffffff
       68039000	     33919	800047d4	e231	c.bnez	x12,80004818	 x12:0x00000800
       68063000	     33931	80004818	8e01	c.sub	x12,x8	 x12:0x00000800  x8:0x4000f73e x12=0xbfff10c2
       68075000	     33937	8000481a	035b7663	bgeu	x22,x21,80004846	 x22:0x01e6b000 x21:0x00000000  x0=0x00000000
       68077000	     33938	8000481e	00fcd6b3	srl	x13,x25,x15	 x25:0x00000001 x15:0x000001e0 x13=0x00000001
       68093000	     33946	80004822	044f4063	blt	x30,x4,80004862	 x30:0x00000010  x4:0xc205effd  x0=0x00000000
       68095000	     33947	80004826	6c3d	c.lui	x24,0xf	 x24=0x0000f000
       68123000	     33961	80004828	ceaebf13	sltiu	x30,x29,-790	 x29:0x1704c000 x30=0x00000001
       68125000	     33962	8000482c	0e84	c.addi4spn	x9,x2,848	  x9=0xc205f34d
       68187000	     33993	8000482e	e3e4d037	lui	x0,0xe3e4d	  x0=0x00000000
       68189000	     33994	80004832	01753b33	sltu	x22,x10,x23	 x10:0x0000000c x23:0x8001ee7f x22=0x00000001
       68191000	     33995	80004836	e309	c.bnez	x14,80004838	 x14:0x00000000
       68193000	     33996	80004838	41b95db3	sra	x27,x18,x27	 x18:0xfffffff3 x27:0xffffffff x27=0xffffffff
       68195000	     33997	8000483c	3b5f7113	andi	x2,x30,949	 x30:0x00000001  x2=0x00000001
       68237000	     34018	80004840	ef85	c.bnez	x15,80004878	 x15:0x000001e0
       68315000	     34057	80004878	d60cf513	andi	x10,x25,-672	 x25:0x00000001 x10=0x00000000
       68335000	     34067	8000487c	c7f2ae13	slti	x28,x5,-897	  x5:0x8001add4 x28=0x00000001
       68353000	     34076	80004880	8e8d	c.sub	x13,x11	 x13:0x00000001 x11:0x00000014 x13=0xffffffed
       68355000	     34077	80004882	8f65	c.and	x14,x9	 x14:0x00000000  x9:0xc205f34d x14=0x00000000
       68365000	     34082	80004884	00678463	beq	x15,x6,8000488c	 x15:0x000001e0  x6:0x00000000  x0=0x00000000
       68373000	     34086	80004888	020b9233	mulh	x4,x23,x0	 x23:0x8001ee7f  x0:0x00000000  x4=0x00000000
       68391000	     34095	8000488c	011e7bb3	and	x23,x28,x17	 x28:0x00000001 x17:0xc0002057 x23=0x00000001
       68411000	     34105	80004890	9416	c.add	x8,x5	  x8:0x4000f73e  x5:0x8001add4  x8=0xc002a512
       68433000	     34116	80004892	01d1cab3	xor	x21,x3,x29	  x3:0xffffffff x29:0x1704c000 x21=0xe8fb3fff
       68451000	     34125	80004896	02421963	bne	x4,x4,800048c8	  x4:0x00000000  x4:0x00000000  x0=0x00000000
       68459000	     34129	8000489a	34081973	csrrw	x18,mscratch,x16	 x16:0xffffffff x18=0xc205efff
       68481000	     34140	8000489e	00945b63	bge	x8,x9,800048b4	  x8:0xc002a512  x9:0xc205f34d  x0=0x00000000
       68501000	     34150	800048a2	da273a93	sltiu	x21,x14,-606	 x14:0x00000000 x21=0x00000001
       68525000	     34162	800048a6	03fc8763	beq	x25,x31,800048d4	 x25:0x00000001 x31:0x8001ee7f  x0=0x00000000
       68541000	     34170	800048aa	fe6e6113	ori	x2,x28,-26	 x28:0x00000001  x2=0xffffffe7
       68543000	     34171	800048ae	5dfd	c.li	x27,-1	 x27=0xffffffff
       68557000	     34178	800048b0	28e87693	andi	x13,x16,654	 x16:0xffffffff x13=0x0000028e
       68561000	     34180	800048b4	34035e73	csrrwi	x28,mscratch,6	 x28=0xffffffff
       68579000	     34189	800048b8	00bd6ab3	or	x21,x26,x11	 x26:0x00000014 x11:0x00000014 x21=0x00000014
       68593000	     34196	800048bc	03209b33	mulh	x22,x1,x18	  x1:0x00000000 x18:0xc205efff x22=0x00000000
       68637000	     34218	800048c0	4132d413	srai	x8,x5,0x13	  x5:0x8001add4  x8=0xfffff000
       68645000	     34222	800048c4	0327a0b3	mulhsu	x1,x15,x18	 x15:0x000001e0 x18:0xc205efff  x1=0x0000016b
       68675000	     34237	800048c8	45d5	c.li	x11,21	 x11=0x00000015
       68677000	     34238	800048ca	9a16	c.add	x20,x5	 x20:0xc205effd  x5:0x8001add4 x20=0x42079dd1
       68679000	     34239	800048cc	004a9d93	slli	x27,x21,0x4	 x21:0x00000014 x27=0x00000140
       68687000	     34243	800048d0	3407d473	csrrwi	x8,mscratch,15	  x8=0x00000006
       68741000	     34270	800048d4	d94d0113	addi	x2,x26,-620	 x26:0x00000014  x2=0xfffffda8
       68783000	     34291	800048d8	0d05	c.addi	x26,1	 x26:0x00000014 x26=0x00000015
       68785000	     34292	800048da	c415	c.beqz	x8,80004906	  x8:0x00000006
       68787000	     34293	800048dc	717d	c.addi16sp	x2,-16	  x2:0xfffffda8  x2=0xfffffd98
       68789000	     34294	800048de	1a7d	c.addi	x20,-1	 x20:0x42079dd1 x20=0x42079dd0
       68791000	     34295	800048e0	6879	c.lui	x16,0x1e	 x16=0x0001e000
       68827000	     34313	800048e2	02aef933	remu	x18,x29,x10	 x29:0x1704c000 x10:0x00000000 x18=0x1704c000
       68833000	     34316	800048e6	00844463	blt	x8,x8,800048ee	  x8:0x00000006  x8:0x00000006  x0=0x00000000
       68835000	     34317	800048ea	8eb6	c.mv	x29,x13	  x0:0x00000000 x13:0x0000028e x29=0x0000028e
       68879000	     34339	800048ec	8c8d	c.sub	x9,x11	  x9:0xc205f34d x11:0x00000015  x9=0xc205f338
       68881000	     34340	800048ee	0a84	c.addi4spn	x9,x2,336	  x9=0xfffffee8
       68921000	     34360	800048f0	963a	c.add	x12,x14	 x12:0xbfff10c2 x14:0x00000000 x12=0xbfff10c2
       68923000	     34361	800048f2	00e33533	sltu	x10,x6,x14	  x6:0x00000000 x14:0x00000000 x10=0x00000000
       68947000	     34373	800048f6	0146eab3	or	x21,x13,x20	 x13:0x0000028e x20:0x42079dd0 x21=0x42079fde
       68949000	     34374	800048fa	00e80463	beq	x16,x14,80004902	 x16:0x0001e000 x14:0x00000000  x0=0x00000000
       68979000	     34389	800048fe	006be933	or	x18,x23,x6	 x23:0x00000001  x6:0x00000000 x18=0x00000001
       68989000	     34394	80004902	1faac593	xori	x11,x21,506	 x21:0x42079fde x11=0x42079e24
       68991000	     34395	80004906	0741	c.addi	x14,16	 x14:0x00000000 x14=0x00000010
       68993000	     34396	80004908	032ce463	bltu	x25,x18,80004930	 x25:0x00000001 x18:0x00000001  x0=0x00000000
       69033000	     34416	8000490c	f7728f93	addi	x31,x5,-137	  x5:0x8001add4 x31=0x8001ad4b
       69075000	     34437	80004910	8525	c.srai	x10,0x9	 x10:0x00000000 x10=0x00000000
       69077000	     34438	80004912	717d	c.addi16sp	x2,-16	  x2:0xfffffd98  x2=0xfffffd88
       69107000	     34453	80004914	0340fa63	bgeu	x1,x20,80004948	  x1:0x0000016b x20:0x42079dd0  x0=0x00000000
       69109000	     34454	80004918	8195	c.srli	x11,0x5	 x11:0x42079e24 x11=0x02103cf1
       69223000	     34511	8000491a	03a2deb3	divu	x29,x5,x26	  x5:0x8001add4 x26:0x00000015 x29=0x061875fd
       69225000	     34512	8000491e	6169	c.addi16sp	x2,208	  x2:0xfffffd88  x2=0xfffffe58
       69227000	     34513	80004920	0ff0000f	fence	iorwiorwiorwiorwiorwiorwiorwiorwiorwiorwiorwiorwiorwiorwiorwiorwiorwiorwiorwiorwiorwiorwiorwiorwiorwiorwiorwiorwiorwiorwiorwiorwiorwiorwiorwiorwiorwiorwiorwiorwiorwiorwiorwiorwiorwiorwiorwiorwiorwiorwiorwiorwiorwiorwiorwiorwiorwiorwiorwiorwiorwiorwiorwiorwiorwiorwiorwiorwiorwiorwiorwiorwiorwiorwiorwiorwiorwiorwiorwiorwiorwiorwiorwiorwiorwiorwiorwiorwiorw,iorwiorwiorwiorwiorwiorwiorwiorwiorwiorwiorwiorwiorwiorwiorwiorwiorwiorwiorwiorwiorwiorwiorwiorwiorwiorwiorwiorwiorwiorwiorwiorwiorwiorwiorwiorwiorwiorwiorwiorwiorwiorwiorwiorwiorwiorwiorwiorwiorwiorwiorwiorwiorwiorwiorwiorwiorwiorwiorwiorwiorwiorwiorwiorwiorwiorwiorwiorwiorwiorwiorwiorwiorwiorwiorwiorwiorwiorwiorwiorwiorwiorwiorwiorwiorwiorwiorwiorwiorwiorw	
       69301000	     34550	80004924	03c6e133	rem	x2,x13,x28	 x13:0x0000028e x28:0xffffffff  x2=0x00000000
       69375000	     34587	80004928	03d4f3b3	remu	x7,x9,x29	  x9:0xfffffee8 x29:0x061875fd  x7=0x06151963
       69377000	     34588	8000492c	c6448213	addi	x4,x9,-924	  x9:0xfffffee8  x4=0xfffffb4c
       69379000	     34589	80004930	8ecd	c.or	x13,x11	 x13:0x0000028e x11:0x02103cf1 x13=0x02103eff
       69383000	     34591	80004932	e295	c.bnez	x13,80004956	 x13:0x02103eff
       69405000	     34602	80004956	01d310b3	sll	x1,x6,x29	  x6:0x00000000 x29:0x061875fd  x1=0x00000000
       69417000	     34608	8000495a	d7f3c613	xori	x12,x7,-641	  x7:0x06151963 x12=0xf9eae41c
       69439000	     34619	8000495e	0130aeb3	slt	x29,x1,x19	  x1:0x00000000 x19:0x8001ee7c x29=0x00000000
       69441000	     34620	80004962	8ddd	c.or	x11,x15	 x11:0x02103cf1 x15:0x000001e0 x11=0x02103df1
       69443000	     34621	80004964	8f69	c.and	x14,x10	 x14:0x00000010 x10:0x00000000 x14=0x00000000
       69457000	     34628	80004966	e59c4613	xori	x12,x24,-423	 x24:0x0000f000 x12=0xffff0e59
       69459000	     34629	8000496a	0001	c.addi	x0,0	  x0:0x00000000  x0=0x00000000
       69497000	     34648	8000496c	02d30933	mul	x18,x6,x13	  x6:0x00000000 x13:0x02103eff x18=0x00000000
       69499000	     34649	80004970	fb165017	auipc	x0,0xfb165	  x0=0x00000000
       69597000	     34698	80004974	02f2efb3	rem	x31,x5,x15	  x5:0x8001add4 x15:0x000001e0 x31=0xfffffff4
       69599000	     34699	80004978	05870063	beq	x14,x24,800049b8	 x14:0x00000000 x24:0x0000f000  x0=0x00000000
       69601000	     34700	8000497c	8d09	c.sub	x10,x10	 x10:0x00000000 x10:0x00000000 x10=0x00000000
       69603000	     34701	8000497e	d765f493	andi	x9,x11,-650	 x11:0x02103df1  x9=0x02103d70
       69609000	     34704	80004982	003c8d63	beq	x25,x3,8000499c	 x25:0x00000001  x3:0xffffffff  x0=0x00000000
       69611000	     34705	80004986	968a	c.add	x13,x2	 x13:0x02103eff  x2:0x00000000 x13=0x02103eff
       69619000	     34709	80004988	0182db63	bge	x5,x24,8000499e	  x5:0x8001add4 x24:0x0000f000  x0=0x00000000
       69621000	     34710	8000498c	34056073	csrrsi	x0,mscratch,10	  x0=0x00000000
       69649000	     34724	80004990	00209263	bne	x1,x2,80004994	  x1:0x00000000  x2:0x00000000  x0=0x00000000
       69685000	     34742	80004994	3402f473	csrrci	x8,mscratch,5	  x8=0x0000000f
       69701000	     34750	80004998	021ac933	div	x18,x21,x1	 x21:0x42079fde  x1:0x00000000 x18=0xffffffff
       69745000	     34772	8000499c	8612	c.mv	x12,x4	  x0:0x00000000  x4:0xfffffb4c x12=0xfffffb4c
       69765000	     34782	8000499e	f4a3af97	auipc	x31,0xf4a3a	 x31=0x74a3e99e
       69785000	     34792	800049a2	021a7533	remu	x10,x20,x1	 x20:0x42079dd0  x1:0x00000000 x10=0x42079dd0
       69787000	     34793	800049a6	6155	c.addi16sp	x2,304	  x2:0x00000000  x2=0x00000130
       69797000	     34798	800049a8	017cbbb3	sltu	x23,x25,x23	 x25:0x00000001 x23:0x00000001 x23=0x00000000
       69837000	     34818	800049ac	03c10863	beq	x2,x28,800049dc	  x2:0x00000130 x28:0xffffffff  x0=0x00000000
       69861000	     34830	800049b0	0044d863	bge	x9,x4,800049c0	  x9:0x02103d70  x4:0xfffffb4c  x0=0x00000000
       69863000	     34831	800049b4	3401d7f3	csrrwi	x15,mscratch,3	 x15=0x0000000a
       69887000	     34843	800049b8	0ff0000f	fence	iorwiorwiorwiorwiorwiorwiorwiorwiorwiorwiorwiorwiorwiorwiorwiorwiorwiorwiorwiorwiorwiorwiorwiorwiorwiorwiorwiorwiorwiorwiorwiorwiorwiorwiorwiorwiorwiorwiorwiorwiorwiorwiorwiorwiorwiorwiorwiorwiorwiorwiorwiorwiorwiorwiorwiorwiorwiorwiorwiorwiorwiorwiorwiorwiorwiorwiorwiorwiorwiorwiorwiorwiorwiorwiorwiorwiorwiorwiorwiorwiorwiorwiorwiorwiorwiorwiorwiorwiorwiorwiorw,iorwiorwiorwiorwiorwiorwiorwiorwiorwiorwiorwiorwiorwiorwiorwiorwiorwiorwiorwiorwiorwiorwiorwiorwiorwiorwiorwiorwiorwiorwiorwiorwiorwiorwiorwiorwiorwiorwiorwiorwiorwiorwiorwiorwiorwiorwiorwiorwiorwiorwiorwiorwiorwiorwiorwiorwiorwiorwiorwiorwiorwiorwiorwiorwiorwiorwiorwiorwiorwiorwiorwiorwiorwiorwiorwiorwiorwiorwiorwiorwiorwiorwiorwiorwiorwiorwiorwiorwiorwiorwiorwiorw	
       69895000	     34847	800049bc	014795b3	sll	x11,x15,x20	 x15:0x0000000a x20:0x42079dd0 x11=0x000a0000
       69917000	     34858	800049c0	67bfe837	lui	x16,0x67bfe	 x16=0x67bfe000
       69929000	     34864	800049c4	340f7af3	csrrci	x21,mscratch,30	 x21=0x00000003
       69977000	     34888	800049c8	038335b3	mulhu	x11,x6,x24	  x6:0x00000000 x24:0x0000f000 x11=0x00000000
       69979000	     34889	800049cc	006fff63	bgeu	x31,x6,800049ea	 x31:0x74a3e99e  x6:0x00000000  x0=0x00000000
       69997000	     34898	800049d0	987d	c.andi	x8,-1	  x8:0x0000000f  x8=0x0000000f
       69999000	     34899	800049d2	02be6793	ori	x15,x28,43	 x28:0xffffffff x15=0xffffffff
       70025000	     34912	800049d6	1c888e93	addi	x29,x17,456	 x17:0xc0002057 x29=0xc000221f
       70027000	     34913	800049da	8ffd	c.and	x15,x15	 x15:0xffffffff x15:0xffffffff x15=0xffffffff
       70079000	     34939	800049dc	020ab233	mulhu	x4,x21,x0	 x21:0x00000003  x0:0x00000000  x4=0x00000000
       70081000	     34940	800049e0	01518e33	add	x28,x3,x21	  x3:0xffffffff x21:0x00000003 x28=0x00000002
       70097000	     34948	800049e4	8f21	c.xor	x14,x8	 x14:0x00000000  x8:0x0000000f x14=0x0000000f
       70101000	     34950	800049e6	3407a0f3	csrrs	x1,mscratch,x15	 x15:0xffffffff  x1=0x00000001
       70103000	     34951	800049ea	8d61	c.and	x10,x8	 x10:0x42079dd0  x8:0x0000000f x10=0x00000000
       70123000	     34961	800049ec	d1293a13	sltiu	x20,x18,-750	 x18:0xffffffff x20=0x00000000
       70171000	     34985	800049f0	03c71d33	mulh	x26,x14,x28	 x14:0x0000000f x28:0x00000002 x26=0x00000000
       70173000	     34986	800049f4	01d05893	srli	x17,x0,0x1d	  x0:0x00000000 x17=0x00000000
       70213000	     35006	800049f8	02aac563	blt	x21,x10,80004a22	 x21:0x00000003 x10:0x00000000  x0=0x00000000
       70215000	     35007	800049fc	01787233	and	x4,x16,x23	 x16:0x67bfe000 x23:0x00000000  x4=0x00000000
       70233000	     35016	80004a00	0135e133	or	x2,x11,x19	 x11:0x00000000 x19:0x8001ee7c  x2=0x8001ee7c
       70259000	     35029	80004a04	68e5	c.lui	x17,0x19	 x17=0x00019000
       70261000	     35030	80004a06	0b32	c.slli	x22,0xc	 x22:0x00000000 x22=0x00000000
       70385000	     35092	80004a08	035cfbb3	remu	x23,x25,x21	 x25:0x00000001 x21:0x00000003 x23=0x00000001
       70393000	     35096	80004a0c	0367b833	mulhu	x16,x15,x22	 x15:0xffffffff x22:0x00000000 x16=0x00000000
       70395000	     35097	80004a10	4ef1	c.li	x29,28	 x29=0x0000001c
       70397000	     35098	80004a12	6139	c.addi16sp	x2,448	  x2:0x8001ee7c  x2=0x8001f03c
       70399000	     35099	80004a14	0001	c.addi	x0,0	  x0:0x00000000  x0=0x00000000
       70425000	     35112	80004a16	034f80b3	mul	x1,x31,x20	 x31:0x74a3e99e x20:0x00000000  x1=0x00000000
       70427000	     35113	80004a1a	014e1393	slli	x7,x28,0x14	 x28:0x00000002  x7=0x00200000
       70443000	     35121	80004a1e	011ad263	bge	x21,x17,80004a22	 x21:0x00000003 x17:0x00019000  x0=0x00000000
       70485000	     35142	80004a22	3403abf3	csrrs	x23,mscratch,x7	  x7:0x00200000 x23=0xffffffff
       70491000	     35145	80004a26	3402d973	csrrwi	x18,mscratch,5	 x18=0xffffffff
       70493000	     35146	80004a2a	91ca	c.add	x3,x18	  x3:0xffffffff x18:0xffffffff  x3=0xfffffffe
       70515000	     35157	80004a2c	03513133	mulhu	x2,x2,x21	  x2:0x8001f03c x21:0x00000003  x2=0x00000001
       70531000	     35165	80004a30	00b5bbb3	sltu	x23,x11,x11	 x11:0x00000000 x11:0x00000000 x23=0x00000000
       70533000	     35166	80004a34	00770963	beq	x14,x7,80004a46	 x14:0x0000000f  x7:0x00200000  x0=0x00000000
       70539000	     35169	80004a38	01df9893	slli	x17,x31,0x1d	 x31:0x74a3e99e x17=0xc0000000
       70541000	     35170	80004a3c	0ff0000f	fence	iorwiorwiorwiorwiorwiorwiorwiorwiorwiorwiorwiorwiorwiorwiorwiorwiorwiorwiorwiorwiorwiorwiorwiorwiorwiorwiorwiorwiorwiorwiorwiorwiorwiorwiorwiorwiorwiorwiorwiorwiorwiorwiorwiorwiorwiorwiorwiorwiorwiorwiorwiorwiorwiorwiorwiorwiorwiorwiorwiorwiorwiorwiorwiorwiorwiorwiorwiorwiorwiorwiorwiorwiorwiorwiorwiorwiorwiorwiorwiorwiorwiorwiorwiorwiorwiorwiorwiorwiorwiorwiorwiorwiorw,iorwiorwiorwiorwiorwiorwiorwiorwiorwiorwiorwiorwiorwiorwiorwiorwiorwiorwiorwiorwiorwiorwiorwiorwiorwiorwiorwiorwiorwiorwiorwiorwiorwiorwiorwiorwiorwiorwiorwiorwiorwiorwiorwiorwiorwiorwiorwiorwiorwiorwiorwiorwiorwiorwiorwiorwiorwiorwiorwiorwiorwiorwiorwiorwiorwiorwiorwiorwiorwiorwiorwiorwiorwiorwiorwiorwiorwiorwiorwiorwiorwiorwiorwiorwiorwiorwiorwiorwiorwiorwiorwiorwiorwiorw	
       70563000	     35181	80004a40	0535	c.addi	x10,13	 x10:0x00000000 x10=0x0000000d
       70565000	     35182	80004a42	de2b5bb7	lui	x23,0xde2b5	 x23=0xde2b5000
       70567000	     35183	80004a46	05e6f263	bgeu	x13,x30,80004a8a	 x13:0x02103eff x30:0x00000001  x0=0x00000000
       70619000	     35209	80004a4a	03378c33	mul	x24,x15,x19	 x15:0xffffffff x19:0x8001ee7c x24=0x7ffe1184
       70621000	     35210	80004a4e	01fbf933	and	x18,x23,x31	 x23:0xde2b5000 x31:0x74a3e99e x18=0x54234000
       70623000	     35211	80004a52	8cd9	c.or	x9,x14	  x9:0x02103d70 x14:0x0000000f  x9=0x02103d7f
       70625000	     35212	80004a54	7fe30db7	lui	x27,0x7fe30	 x27=0x7fe30000
       70631000	     35215	80004a58	027d84b3	mul	x9,x27,x7	 x27:0x7fe30000  x7:0x00200000  x9=0x00000000
       70645000	     35222	80004a5c	3401fa73	csrrci	x20,mscratch,3	 x20=0x00000005
       70661000	     35230	80004a60	0562be17	auipc	x28,0x562b	 x28=0x8562fa60
       70663000	     35231	80004a64	5b7d	c.li	x22,-1	 x22=0xffffffff
       70665000	     35232	80004a66	0c3e	c.slli	x24,0xf	 x24:0x7ffe1184 x24=0x08c20000
       70669000	     35234	80004a68	02f69f63	bne	x13,x15,80004aa6	 x13:0x02103eff x15:0xffffffff  x0=0x00000000
       70743000	     35271	80004aa6	28a4ff93	andi	x31,x9,650	  x9:0x00000000 x31=0x00000000
       70745000	     35272	80004aaa	268d7f13	andi	x30,x26,616	 x26:0x00000000 x30=0x00000000
       70747000	     35273	80004aae	0ff0000f	fence	iorwiorwiorwiorwiorwiorwiorwiorwiorwiorwiorwiorwiorwiorwiorwiorwiorwiorwiorwiorwiorwiorwiorwiorwiorwiorwiorwiorwiorwiorwiorwiorwiorwiorwiorwiorwiorwiorwiorwiorwiorwiorwiorwiorwiorwiorwiorwiorwiorwiorwiorwiorwiorwiorwiorwiorwiorwiorwiorwiorwiorwiorwiorwiorwiorwiorwiorwiorwiorwiorwiorwiorwiorwiorwiorwiorwiorwiorwiorwiorwiorwiorwiorwiorwiorwiorwiorwiorwiorwiorwiorwiorwiorwiorwiorw,iorwiorwiorwiorwiorwiorwiorwiorwiorwiorwiorwiorwiorwiorwiorwiorwiorwiorwiorwiorwiorwiorwiorwiorwiorwiorwiorwiorwiorwiorwiorwiorwiorwiorwiorwiorwiorwiorwiorwiorwiorwiorwiorwiorwiorwiorwiorwiorwiorwiorwiorwiorwiorwiorwiorwiorwiorwiorwiorwiorwiorwiorwiorwiorwiorwiorwiorwiorwiorwiorwiorwiorwiorwiorwiorwiorwiorwiorwiorwiorwiorwiorwiorwiorwiorwiorwiorwiorwiorwiorwiorwiorwiorwiorwiorwiorw	
       70749000	     35274	80004ab2	f63de237	lui	x4,0xf63de	  x4=0xf63de000
       70769000	     35284	80004ab6	0ff0000f	fence	iorwiorwiorwiorwiorwiorwiorwiorwiorwiorwiorwiorwiorwiorwiorwiorwiorwiorwiorwiorwiorwiorwiorwiorwiorwiorwiorwiorwiorwiorwiorwiorwiorwiorwiorwiorwiorwiorwiorwiorwiorwiorwiorwiorwiorwiorwiorwiorwiorwiorwiorwiorwiorwiorwiorwiorwiorwiorwiorwiorwiorwiorwiorwiorwiorwiorwiorwiorwiorwiorwiorwiorwiorwiorwiorwiorwiorwiorwiorwiorwiorwiorwiorwiorwiorwiorwiorwiorwiorwiorwiorwiorwiorwiorwiorwiorwiorw,iorwiorwiorwiorwiorwiorwiorwiorwiorwiorwiorwiorwiorwiorwiorwiorwiorwiorwiorwiorwiorwiorwiorwiorwiorwiorwiorwiorwiorwiorwiorwiorwiorwiorwiorwiorwiorwiorwiorwiorwiorwiorwiorwiorwiorwiorwiorwiorwiorwiorwiorwiorwiorwiorwiorwiorwiorwiorwiorwiorwiorwiorwiorwiorwiorwiorwiorwiorwiorwiorwiorwiorwiorwiorwiorwiorwiorwiorwiorwiorwiorwiorwiorwiorwiorwiorwiorwiorwiorwiorwiorwiorwiorwiorwiorwiorwiorwiorw	
       70771000	     35285	80004aba	8c09	c.sub	x8,x10	  x8:0x0000000f x10:0x0000000d  x8=0x00000002
       70773000	     35286	80004abc	2a788093	addi	x1,x17,679	 x17:0xc0000000  x1=0xc00002a7
       70789000	     35294	80004ac0	340dbb73	csrrc	x22,mscratch,x27	 x27:0x7fe30000 x22=0x00000004
       70791000	     35295	80004ac4	019b6033	or	x0,x22,x25	 x22:0x00000004 x25:0x00000001  x0=0x00000000
       70813000	     35306	80004ac8	00ac9b93	slli	x23,x25,0xa	 x25:0x00000001 x23=0x00000400
       70825000	     35312	80004acc	0001	c.addi	x0,0	  x0:0x00000000  x0=0x00000000
       70827000	     35313	80004ace	717d	c.addi16sp	x2,-16	  x2:0x00000001  x2=0xfffffff1
       70839000	     35319	80004ad0	0212cc63	blt	x5,x1,80004b08	  x5:0x8001add4  x1:0xc00002a7  x0=0x00000000
       70923000	     35361	80004b08	3405f6f3	csrrci	x13,mscratch,11	 x13=0x00000004
       70925000	     35362	80004b0c	1f8ce593	ori	x11,x25,504	 x25:0x00000001 x11=0x000001f9
       70935000	     35367	80004b10	2b074d13	xori	x26,x14,688	 x14:0x0000000f x26=0x000002bf
       70949000	     35374	80004b14	34032573	csrrs	x10,mscratch,x6	  x6:0x00000000 x10=0x00000004
       70999000	     35399	80004b18	8eed	c.and	x13,x11	 x13:0x00000004 x11:0x000001f9 x13=0x00000000
       71001000	     35400	80004b1a	8759	c.srai	x14,0x16	 x14:0x0000000f x14=0x00000000
       71011000	     35405	80004b1c	018c2933	slt	x18,x24,x24	 x24:0x08c20000 x24:0x08c20000 x18=0x00000000
       71019000	     35409	80004b20	03f225b3	mulhsu	x11,x4,x31	  x4:0xf63de000 x31:0x00000000 x11=0x00000000
       71029000	     35414	80004b24	00846a33	or	x20,x8,x8	  x8:0x00000002  x8:0x00000002 x20=0x00000002
       71051000	     35425	80004b28	3edae513	ori	x10,x21,1005	 x21:0x00000003 x10=0x000003ef
       71063000	     35431	80004b2c	8025	c.srli	x8,0x9	  x8:0x00000002  x8=0x00000000
       71065000	     35432	80004b2e	6c31	c.lui	x24,0xc	 x24=0x0000c000
       71075000	     35437	80004b30	587d	c.li	x16,-1	 x16=0xffffffff
       71081000	     35440	80004b32	c6b42593	slti	x11,x8,-917	  x8:0x00000000 x11=0x00000000
       71083000	     35441	80004b36	0001	c.addi	x0,0	  x0:0x00000000  x0=0x00000000
       71091000	     35445	80004b38	02609233	mulh	x4,x1,x6	  x1:0xc00002a7  x6:0x00000000  x4=0x00000000
       71111000	     35455	80004b3c	859a	c.mv	x11,x6	  x0:0x00000000  x6:0x00000000 x11=0x00000000
       71161000	     35480	80004b3e	34083ef3	csrrc	x29,mscratch,x16	 x16:0xffffffff x29=0x00000004
       71251000	     35525	80004b42	03c3ceb3	div	x29,x7,x28	  x7:0x00200000 x28:0x8562fa60 x29=0x00000000
       71253000	     35526	80004b46	0191ca33	xor	x20,x3,x25	  x3:0xfffffffe x25:0x00000001 x20=0xffffffff
       71255000	     35527	80004b4a	8f95	c.sub	x15,x13	 x15:0xffffffff x13:0x00000000 x15=0xffffffff
       71259000	     35529	80004b4c	e3a1	c.bnez	x15,80004b8c	 x15:0xffffffff
       71285000	     35542	80004b8c	340de0f3	csrrsi	x1,mscratch,27	  x1=0x00000000
       71291000	     35545	80004b90	406451b3	sra	x3,x8,x6	  x8:0x00000000  x6:0x00000000  x3=0x00000000
       71335000	     35567	80004b94	04214163	blt	x2,x2,80004bd6	  x2:0xfffffff1  x2:0xfffffff1  x0=0x00000000
       71377000	     35588	80004b98	480d	c.li	x16,3	 x16=0x00000003
       71379000	     35589	80004b9a	340925f3	csrrs	x11,mscratch,x18	 x18:0x00000000 x11=0x0000001b
       71381000	     35590	80004b9e	1708	c.addi4spn	x10,x2,928	 x10=0x00000391
       71401000	     35600	80004ba0	01d9acb3	slt	x25,x19,x29	 x19:0x8001ee7c x29:0x00000000 x25=0x00000001
       71409000	     35604	80004ba4	02da5633	divu	x12,x20,x13	 x20:0xffffffff x13:0x00000000 x12=0xffffffff
       71425000	     35612	80004ba8	26cc2213	slti	x4,x24,620	 x24:0x0000c000  x4=0x00000000
       71475000	     35637	80004bac	8741	c.srai	x14,0x10	 x14:0x00000000 x14=0x00000000
       71481000	     35640	80004bae	4097d913	srai	x18,x15,0x9	 x15:0xffffffff x18=0xffffffff
       71483000	     35641	80004bb2	d6807837	lui	x16,0xd6807	 x16=0xd6807000
       71505000	     35652	80004bb6	34026473	csrrsi	x8,mscratch,4	  x8=0x0000001b
       71507000	     35653	80004bba	0652	c.slli	x12,0x14	 x12:0xffffffff x12=0xfff00000
       71509000	     35654	80004bbc	0001	c.addi	x0,0	  x0:0x00000000  x0=0x00000000
       71525000	     35662	80004bbe	4082d593	srai	x11,x5,0x8	  x5:0x8001add4 x11=0xff8001ad
       71535000	     35667	80004bc2	37958b93	addi	x23,x11,889	 x11:0xff8001ad x23=0xff800526
       71581000	     35690	80004bc6	00e41ab3	sll	x21,x8,x14	  x8:0x0000001b x14:0x00000000 x21=0x0000001b
       71615000	     35707	80004bca	001bcf63	blt	x23,x1,80004be8	 x23:0xff800526  x1:0x00000000  x0=0x00000000
       71643000	     35721	80004be8	597d	c.li	x18,-1	 x18=0xffffffff
       71645000	     35722	80004bea	8279	c.srli	x12,0x1e	 x12:0xfff00000 x12=0x00000003
       71689000	     35744	80004bec	038994b3	mulh	x9,x19,x24	 x19:0x8001ee7c x24:0x0000c000  x9=0xffffa001
       71695000	     35747	80004bf0	02430763	beq	x6,x4,80004c1e	  x6:0x00000000  x4:0x00000000  x0=0x00000000
       71735000	     35767	80004c1e	00a6be33	sltu	x28,x13,x10	 x13:0x00000000 x10:0x00000391 x28=0x00000001
       71739000	     35769	80004c22	10c6e893	ori	x17,x13,268	 x13:0x00000000 x17=0x0000010c
       71755000	     35777	80004c26	024674b3	remu	x9,x12,x4	 x12:0x00000003  x4:0x00000000  x9=0x00000003
       71771000	     35785	80004c2a	00702633	slt	x12,x0,x7	  x0:0x00000000  x7:0x00200000 x12=0x00000001
       71779000	     35789	80004c2e	01c9b3b3	sltu	x7,x19,x28	 x19:0x8001ee7c x28:0x00000001  x7=0x00000000
       71841000	     35820	80004c32	36146b13	ori	x22,x8,865	  x8:0x0000001b x22=0x0000037b
       71847000	     35823	80004c36	02eb0f33	mul	x30,x22,x14	 x22:0x0000037b x14:0x00000000 x30=0x00000000
       71865000	     35832	80004c3a	009ad233	srl	x4,x21,x9	 x21:0x0000001b  x9:0x00000003  x4=0x00000003
       71887000	     35843	80004c3e	03f58a33	mul	x20,x11,x31	 x11:0xff8001ad x31:0x00000000 x20=0x00000000
       71895000	     35847	80004c42	4152d1b3	sra	x3,x5,x21	  x5:0x8001add4 x21:0x0000001b  x3=0xfffffff0
       71897000	     35848	80004c46	00286733	or	x14,x16,x2	 x16:0xd6807000  x2:0xfffffff1 x14=0xfffffff1
       71899000	     35849	80004c4a	fd60a893	slti	x17,x1,-42	  x1:0x00000000 x17=0x00000000
       71923000	     35861	80004c4e	02419f63	bne	x3,x4,80004c8c	  x3:0xfffffff0  x4:0x00000003  x0=0x00000000
       72045000	     35922	80004c8c	02e351b3	divu	x3,x6,x14	  x6:0x00000000 x14:0xfffffff1  x3=0x00000000
       72047000	     35923	80004c90	340f7c73	csrrci	x24,mscratch,30	 x24=0x0000001f
       72049000	     35924	80004c94	007a2133	slt	x2,x20,x7	 x20:0x00000000  x7:0x00000000  x2=0x00000000
       72051000	     35925	80004c98	340daff3	csrrs	x31,mscratch,x27	 x27:0x7fe30000 x31=0x00000001
       72089000	     35944	80004c9c	01d5	c.addi	x3,21	  x3:0x00000000  x3=0x00000015
       72091000	     35945	80004c9e	0001	c.addi	x0,0	  x0:0x00000000  x0=0x00000000
       72095000	     35947	80004ca0	0a88	c.addi4spn	x10,x2,336	 x10=0x00000150
       72101000	     35950	80004ca2	3402b073	csrrc	x0,mscratch,x5	  x5:0x8001add4  x0=0x00000000
       72115000	     35957	80004ca6	023a6663	bltu	x20,x3,80004cd2	 x20:0x00000000  x3:0x00000015  x0=0x00000000
       72151000	     35975	80004cd2	8db5	c.xor	x11,x13	 x11:0xff8001ad x13:0x00000000 x11=0xff8001ad
       72165000	     35982	80004cd4	005fe933	or	x18,x31,x5	 x31:0x00000001  x5:0x8001add4 x18=0x8001add5
       72177000	     35988	80004cd8	0345c433	div	x8,x11,x20	 x11:0xff8001ad x20:0x00000000  x8=0xffffffff
       72191000	     35995	80004cdc	dbe20917	auipc	x18,0xdbe20	 x18=0x5be24cdc
       72199000	     35999	80004ce0	10624713	xori	x14,x4,262	  x4:0x00000003 x14=0x00000105
       72201000	     36000	80004ce4	40960f33	sub	x30,x12,x9	 x12:0x00000001  x9:0x00000003 x30=0xfffffffe
       72223000	     36011	80004ce8	8e61	c.and	x12,x8	 x12:0x00000001  x8:0xffffffff x12=0x00000001
       72285000	     36042	80004cea	4080d7b3	sra	x15,x1,x8	  x1:0x00000000  x8:0xffffffff x15=0x00000000
       72287000	     36043	80004cee	612d	c.addi16sp	x2,224	  x2:0x00000000  x2=0x000000e0
       72291000	     36045	80004cf0	3403e973	csrrsi	x18,mscratch,7	 x18=0x7fe20001
       72293000	     36046	80004cf4	40b65f33	sra	x30,x12,x11	 x12:0x00000001 x11:0xff8001ad x30=0x00000000
       72345000	     36072	80004cf8	00c4e6b3	or	x13,x9,x12	  x9:0x00000003 x12:0x00000001 x13=0x00000003
       72347000	     36073	80004cfc	8cad	c.xor	x9,x11	  x9:0x00000003 x11:0xff8001ad  x9=0xff8001ae
       72401000	     36100	80004cfe	00fbe5b3	or	x11,x23,x15	 x23:0xff800526 x15:0x00000000 x11=0xff800526
       72403000	     36101	80004d02	0c0c	c.addi4spn	x11,x2,528	 x11=0x000002f0
       72411000	     36105	80004d04	02279eb3	mulh	x29,x15,x2	 x15:0x00000000  x2:0x000000e0 x29=0x00000000
       72429000	     36114	80004d08	7fb845b7	lui	x11,0x7fb84	 x11=0x7fb84000
       72443000	     36121	80004d0c	009fb733	sltu	x14,x31,x9	 x31:0x00000001  x9:0xff8001ae x14=0x00000001
       72463000	     36131	80004d10	34033a73	csrrc	x20,mscratch,x6	  x6:0x00000000 x20=0x7fe20007
       72465000	     36132	80004d14	00c0df33	srl	x30,x1,x12	  x1:0x00000000 x12:0x00000001 x30=0x00000000
       72477000	     36138	80004d18	00931113	slli	x2,x6,0x9	  x6:0x00000000  x2=0x00000000
       72499000	     36149	80004d1c	0043dfb3	srl	x31,x7,x4	  x7:0x00000000  x4:0x00000003 x31=0x00000000
       72519000	     36159	80004d20	34032b73	csrrs	x22,mscratch,x6	  x6:0x00000000 x22=0x7fe20007
       72521000	     36160	80004d24	fec8f593	andi	x11,x17,-20	 x17:0x00000000 x11=0x00000000
       72535000	     36167	80004d28	968e	c.add	x13,x3	 x13:0x00000003  x3:0x00000015 x13=0x00000018
       72537000	     36168	80004d2a	8fdd	c.or	x15,x15	 x15:0x00000000 x15:0x00000000 x15=0x00000000
       72547000	     36173	80004d2c	64c5	c.lui	x9,0x11	  x9=0x00011000
       72549000	     36174	80004d2e	00ef3a33	sltu	x20,x30,x14	 x30:0x00000000 x14:0x00000001 x20=0x00000001
       72589000	     36194	80004d32	34091b73	csrrw	x22,mscratch,x18	 x18:0x7fe20001 x22=0x7fe20007
       72593000	     36196	80004d36	01676463	bltu	x14,x22,80004d3e	 x14:0x00000001 x22:0x7fe20007  x0=0x00000000
       72681000	     36240	80004d3e	340ad473	csrrwi	x8,mscratch,21	  x8=0x7fe20001
       72719000	     36259	80004d42	03b4e663	bltu	x9,x27,80004d6e	  x9:0x00011000 x27:0x7fe30000  x0=0x00000000
       72805000	     36302	80004d6e	02f25e63	bge	x4,x15,80004daa	  x4:0x00000003 x15:0x00000000  x0=0x00000000
       72867000	     36333	80004d72	024d5663	bge	x26,x4,80004d9e	 x26:0x000002bf  x4:0x00000003  x0=0x00000000
       72871000	     36335	80004d76	019b1033	sll	x0,x22,x25	 x22:0x7fe20007 x25:0x00000001  x0=0x00000000
       72915000	     36357	80004d7a	eca02213	slti	x4,x0,-310	  x0:0x00000000  x4=0x00000000
       72917000	     36358	80004d7e	c71d	c.beqz	x14,80004dac	 x14:0x00000001
       72959000	     36379	80004d80	009e6263	bltu	x28,x9,80004d84	 x28:0x00000001  x9:0x00011000  x0=0x00000000
       72999000	     36399	80004d84	d71ef513	andi	x10,x29,-655	 x29:0x00000000 x10=0x00000000
       73025000	     36412	80004d88	00c86d63	bltu	x16,x12,80004da2	 x16:0xd6807000 x12:0x00000001  x0=0x00000000
       73055000	     36427	80004d8c	e90d	c.bnez	x10,80004dbe	 x10:0x00000000
       73061000	     36430	80004d8e	003c75b3	and	x11,x24,x3	 x24:0x0000001f  x3:0x00000015 x11=0x00000015
       73063000	     36431	80004d92	871e	c.mv	x14,x7	  x0:0x00000000  x7:0x00000000 x14=0x00000000
       73083000	     36441	80004d94	f7cd7d93	andi	x27,x26,-132	 x26:0x000002bf x27=0x0000023c
       73105000	     36452	80004d98	34051973	csrrw	x18,mscratch,x10	 x10:0x00000000 x18=0x00000015
       73107000	     36453	80004d9c	8d55	c.or	x10,x13	 x10:0x00000000 x13:0x00000018 x10=0x00000018
       73139000	     36469	80004d9e	0038e033	or	x0,x17,x3	 x17:0x00000000  x3:0x00000015  x0=0x00000000
       73141000	     36470	80004da2	8df1	c.and	x11,x12	 x11:0x00000015 x12:0x00000001 x11=0x00000001
       73147000	     36473	80004da4	00f31413	slli	x8,x6,0xf	  x6:0x00000000  x8=0x00000000
       73151000	     36475	80004da8	8981	c.andi	x11,0	 x11:0x00000001 x11=0x00000000
       73153000	     36476	80004daa	0001	c.addi	x0,0	  x0:0x00000000  x0=0x00000000
       73193000	     36496	80004dac	00621793	slli	x15,x4,0x6	  x4:0x00000000 x15=0x00000000
       73195000	     36497	80004db0	8e25	c.xor	x12,x9	 x12:0x00000001  x9:0x00011000 x12=0x00011001
       73197000	     36498	80004db2	0ff6	c.slli	x31,0x1d	 x31:0x00000000 x31=0x00000000
       73237000	     36518	80004db4	0cf1e013	ori	x0,x3,207	  x3:0x00000015  x0=0x00000000
       73253000	     36526	80004db8	8145	c.srli	x10,0x11	 x10:0x00000018 x10=0x00000000
       73279000	     36539	80004dba	b209c4b7	lui	x9,0xb209c	  x9=0xb209c000
       73287000	     36543	80004dbe	340ba473	csrrs	x8,mscratch,x23	 x23:0xff800526  x8=0x00000000
       73289000	     36544	80004dc2	8e2d	c.xor	x12,x11	 x12:0x00011001 x11:0x00000000 x12=0x00011001
       73363000	     36581	80004dc4	03a0ddb3	divu	x27,x1,x26	  x1:0x00000000 x26:0x000002bf x27=0x00000000
       73437000	     36618	80004dc8	02dcf1b3	remu	x3,x25,x13	 x25:0x00000001 x13:0x00000018  x3=0x00000001
       73439000	     36619	80004dcc	4036d633	sra	x12,x13,x3	 x13:0x00000018  x3:0x00000001 x12=0x0000000c
       73441000	     36620	80004dd0	8205	c.srli	x12,0x1	 x12:0x0000000c x12=0x00000006
       73475000	     36637	80004dd2	242c6e13	ori	x28,x24,578	 x24:0x0000001f x28=0x0000025f
       73477000	     36638	80004dd6	0001	c.addi	x0,0	  x0:0x00000000  x0=0x00000000
       73517000	     36658	80004dd8	3b3b6f93	ori	x31,x22,947	 x22:0x7fe20007 x31=0x7fe203b7
       73519000	     36659	80004ddc	870d	c.srai	x14,0x3	 x14:0x00000000 x14=0x00000000
       73537000	     36668	80004dde	016326b3	slt	x13,x6,x22	  x6:0x00000000 x22:0x7fe20007 x13=0x00000001
       73573000	     36686	80004de2	03768b63	beq	x13,x23,80004e18	 x13:0x00000001 x23:0xff800526  x0=0x00000000
       73575000	     36687	80004de6	0001	c.addi	x0,0	  x0:0x00000000  x0=0x00000000
       73617000	     36708	80004de8	02bb4b33	div	x22,x22,x11	 x22:0x7fe20007 x11:0x00000000 x22=0xffffffff
       73619000	     36709	80004dec	008c3c33	sltu	x24,x24,x8	 x24:0x0000001f  x8:0x00000000 x24=0x00000000
       73627000	     36713	80004df0	00249663	bne	x9,x2,80004dfc	  x9:0xb209c000  x2:0x00000000  x0=0x00000000
       73665000	     36732	80004dfc	3404ea73	csrrsi	x20,mscratch,9	 x20=0xff800526
       73681000	     36740	80004e00	009dde13	srli	x28,x27,0x9	 x27:0x00000000 x28=0x00000000
       73683000	     36741	80004e04	0237f463	bgeu	x15,x3,80004e2c	 x15:0x00000000  x3:0x00000001  x0=0x00000000
       73707000	     36753	80004e08	8755	c.srai	x14,0x15	 x14:0x00000000 x14=0x00000000
       73725000	     36762	80004e0a	009de5b3	or	x11,x27,x9	 x27:0x00000000  x9:0xb209c000 x11=0xb209c000
       73727000	     36763	80004e0e	4077d113	srai	x2,x15,0x7	 x15:0x00000000  x2=0x00000000
       73757000	     36778	80004e12	015768b3	or	x17,x14,x21	 x14:0x00000000 x21:0x0000001b x17=0x0000001b
       73759000	     36779	80004e16	8e89	c.sub	x13,x10	 x13:0x00000001 x10:0x00000000 x13=0x00000001
       73761000	     36780	80004e18	8b15	c.andi	x14,5	 x14:0x00000000 x14=0x00000000
       73763000	     36781	80004e1a	8a6d	c.andi	x12,27	 x12:0x00000006 x12=0x00000002
       73777000	     36788	80004e1c	8e31	c.xor	x12,x12	 x12:0x00000002 x12:0x00000002 x12=0x00000000
       73797000	     36798	80004e1e	c3178613	addi	x12,x15,-975	 x15:0x00000000 x12=0xfffffc31
       73799000	     36799	80004e22	95aa	c.add	x11,x10	 x11:0xb209c000 x10:0x00000000 x11=0xb209c000
       73873000	     36836	80004e24	02b4c933	div	x18,x9,x11	  x9:0xb209c000 x11:0xb209c000 x18=0x00000001
       73875000	     36837	80004e28	0191df93	srli	x31,x3,0x19	  x3:0x00000001 x31=0x00000000
       73877000	     36838	80004e2c	00338e33	add	x28,x7,x3	  x7:0x00000000  x3:0x00000001 x28=0x00000001
       73951000	     36875	80004e30	0336deb3	divu	x29,x13,x19	 x13:0x00000001 x19:0x8001ee7c x29=0x00000000
       73957000	     36878	80004e34	027607b3	mul	x15,x12,x7	 x12:0xfffffc31  x7:0x00000000 x15=0x00000000
       73959000	     36879	80004e38	85e9	c.srai	x11,0x1a	 x11:0xb209c000 x11=0xffffffec
       73961000	     36880	80004e3a	0001	c.addi	x0,0	  x0:0x00000000  x0=0x00000000
       73963000	     36881	80004e3c	65ed	c.lui	x11,0x1b	 x11=0x0001b000
       73977000	     36888	80004e3e	007e77b3	and	x15,x28,x7	 x28:0x00000001  x7:0x00000000 x15=0x00000000
       74059000	     36929	80004e42	030a51b3	divu	x3,x20,x16	 x20:0xff800526 x16:0xd6807000  x3=0x00000001
       74067000	     36933	80004e46	036d1033	mulh	x0,x26,x22	 x26:0x000002bf x22:0xffffffff  x0=0x00000000
       74069000	     36934	80004e4a	ea696513	ori	x10,x18,-346	 x18:0x00000001 x10=0xfffffea7
       74071000	     36935	80004e4e	6105	c.addi16sp	x2,32	  x2:0x00000000  x2=0x00000020
       74133000	     36966	80004e50	01004133	xor	x2,x0,x16	  x0:0x00000000 x16:0xd6807000  x2=0xd6807000
       74147000	     36973	80004e54	1400	c.addi4spn	x8,x2,544	  x8=0xd6807220
       74149000	     36974	80004e56	0e14	c.addi4spn	x13,x2,784	 x13=0xd6807310
       74189000	     36994	80004e58	00f15c93	srli	x25,x2,0xf	  x2:0xd6807000 x25=0x0001ad00
       74191000	     36995	80004e5c	0158d113	srli	x2,x17,0x15	 x17:0x0000001b  x2=0x00000000
       74219000	     37009	80004e60	011a0e33	add	x28,x20,x17	 x20:0xff800526 x17:0x0000001b x28=0xff800541
       74221000	     37010	80004e64	016fd813	srli	x16,x31,0x16	 x31:0x00000000 x16=0x00000000
       74271000	     37035	80004e68	032c9a33	mulh	x20,x25,x18	 x25:0x0001ad00 x18:0x00000001 x20=0x00000000
       74275000	     37037	80004e6c	827d	c.srli	x12,0x1f	 x12:0xfffffc31 x12=0x00000001
       74291000	     37045	80004e6e	02e3fd33	remu	x26,x7,x14	  x7:0x00000000 x14:0x00000000 x26=0x00000000
       74293000	     37046	80004e72	0242	c.slli	x4,0x10	  x4:0x00000000  x4=0x00000000
       74303000	     37051	80004e74	40855213	srai	x4,x10,0x8	 x10:0xfffffea7  x4=0xfffffffe
       74359000	     37079	80004e78	34073e73	csrrc	x28,mscratch,x14	 x14:0x00000000 x28=0xff80052f
       74363000	     37081	80004e7c	038d7263	bgeu	x26,x24,80004ea0	 x26:0x00000000 x24:0x00000000  x0=0x00000000
       74395000	     37097	80004ea0	34077873	csrrci	x16,mscratch,14	 x16=0xff80052f
       74403000	     37101	80004ea4	03782133	mulhsu	x2,x16,x23	 x16:0xff80052f x23:0xff800526  x2=0xff804529
       74459000	     37129	80004ea8	016653b3	srl	x7,x12,x22	 x12:0x00000001 x22:0xffffffff  x7=0x00000000
       74501000	     37150	80004eac	340f95f3	csrrw	x11,mscratch,x31	 x31:0x00000000 x11=0xff800521
       74503000	     37151	80004eb0	41710fb3	sub	x31,x2,x23	  x2:0xff804529 x23:0xff800526 x31=0x00004003
       74557000	     37178	80004eb4	03966963	bltu	x12,x25,80004ee6	 x12:0x00000001 x25:0x0001ad00  x0=0x00000000
       74577000	     37188	80004ee6	00516f33	or	x30,x2,x5	  x2:0xff804529  x5:0x8001add4 x30=0xff81edfd
       74599000	     37199	80004eea	3408eff3	csrrsi	x31,mscratch,17	 x31=0x00000000
       74673000	     37236	80004eee	030edeb3	divu	x29,x29,x16	 x29:0x00000000 x16:0xff80052f x29=0x00000000
       74675000	     37237	80004ef2	8d31	c.xor	x10,x12	 x10:0xfffffea7 x12:0x00000001 x10=0xfffffea6
       74679000	     37239	80004ef4	010fea63	bltu	x31,x16,80004f08	 x31:0x00000000 x16:0xff80052f  x0=0x00000000
       74739000	     37269	80004f08	419ad433	sra	x8,x21,x25	 x21:0x0000001b x25:0x0001ad00  x8=0x0000001b
       74741000	     37270	80004f0c	eff5eb13	ori	x22,x11,-257	 x11:0xff800521 x22=0xffffffff
       74765000	     37282	80004f10	022b3533	mulhu	x10,x22,x2	 x22:0xffffffff  x2:0xff804529 x10=0xff804528
       74775000	     37287	80004f14	340a9e73	csrrw	x28,mscratch,x21	 x21:0x0000001b x28=0x00000011
       74779000	     37289	80004f18	547d	c.li	x8,-1	  x8=0xffffffff
       74781000	     37290	80004f1a	8a6d	c.andi	x12,27	 x12:0x00000001 x12=0x00000001
       74783000	     37291	80004f1c	95fa	c.add	x11,x30	 x11:0xff800521 x30:0xff81edfd x11=0xff01f31e
       74791000	     37295	80004f1e	d1b26093	ori	x1,x4,-741	  x4:0xfffffffe  x1=0xffffffff
       74837000	     37318	80004f22	030e80b3	mul	x1,x29,x16	 x29:0x00000000 x16:0xff80052f  x1=0x00000000
       74853000	     37326	80004f26	02371533	mulh	x10,x14,x3	 x14:0x00000000  x3:0x00000001 x10=0x00000000
       74867000	     37333	80004f2a	00fb7e33	and	x28,x22,x15	 x22:0xffffffff x15:0x00000000 x28=0x00000000
       74869000	     37334	80004f2e	873e	c.mv	x14,x15	  x0:0x00000000 x15:0x00000000 x14=0x00000000
       74897000	     37348	80004f30	3404e873	csrrsi	x16,mscratch,9	 x16=0x0000001b
       74909000	     37354	80004f34	d252e393	ori	x7,x5,-731	  x5:0x8001add4  x7=0xfffffdf5
       74911000	     37355	80004f38	066c7b93	andi	x23,x24,102	 x24:0x00000000 x23=0x00000000
       74913000	     37356	80004f3c	01116b63	bltu	x2,x17,80004f52	  x2:0xff804529 x17:0x0000001b  x0=0x00000000
       74923000	     37361	80004f40	9636	c.add	x12,x13	 x12:0x00000001 x13:0xd6807310 x12=0xd6807311
       74925000	     37362	80004f42	2342a813	slti	x16,x5,564	  x5:0x8001add4 x16=0x00000001
       74927000	     37363	80004f46	54fd	c.li	x9,-1	  x9=0xffffffff
       74947000	     37373	80004f48	0ff0000f	fence	iorwiorwiorwiorwiorwiorwiorwiorwiorwiorwiorwiorwiorwiorwiorwiorwiorwiorwiorwiorwiorwiorwiorwiorwiorwiorwiorwiorwiorwiorwiorwiorwiorwiorwiorwiorwiorwiorwiorwiorwiorwiorwiorwiorwiorwiorwiorwiorwiorwiorwiorwiorwiorwiorwiorwiorwiorwiorwiorwiorwiorwiorwiorwiorwiorwiorwiorwiorwiorwiorwiorwiorwiorwiorwiorwiorwiorwiorwiorwiorwiorwiorwiorwiorwiorwiorwiorwiorwiorwiorwiorwiorwiorwiorwiorwiorwiorwiorwiorw,iorwiorwiorwiorwiorwiorwiorwiorwiorwiorwiorwiorwiorwiorwiorwiorwiorwiorwiorwiorwiorwiorwiorwiorwiorwiorwiorwiorwiorwiorwiorwiorwiorwiorwiorwiorwiorwiorwiorwiorwiorwiorwiorwiorwiorwiorwiorwiorwiorwiorwiorwiorwiorwiorwiorwiorwiorwiorwiorwiorwiorwiorwiorwiorwiorwiorwiorwiorwiorwiorwiorwiorwiorwiorwiorwiorwiorwiorwiorwiorwiorwiorwiorwiorwiorwiorwiorwiorwiorwiorwiorwiorwiorwiorwiorwiorwiorwiorwiorwiorw	
       74989000	     37394	80004f4c	0017a133	slt	x2,x15,x1	 x15:0x00000000  x1:0x00000000  x2=0x00000000
       74991000	     37395	80004f50	8e5d	c.or	x12,x15	 x12:0xd6807311 x15:0x00000000 x12=0xd6807311
       74993000	     37396	80004f52	8f21	c.xor	x14,x8	 x14:0x00000000  x8:0xffffffff x14=0xffffffff
       75019000	     37409	80004f54	ef1d	c.bnez	x14,80004f92	 x14:0xffffffff
       75101000	     37450	80004f92	340a60f3	csrrsi	x1,mscratch,20	  x1=0x0000001b
       75103000	     37451	80004f96	82cd	c.srli	x13,0x13	 x13:0xd6807310 x13=0x00001ad0
       75109000	     37454	80004f98	3408dc73	csrrwi	x24,mscratch,17	 x24=0x0000001f
       75125000	     37462	80004f9c	33e70213	addi	x4,x14,830	 x14:0xffffffff  x4=0x0000033d
       75183000	     37491	80004fa0	00d81c13	slli	x24,x16,0xd	 x16:0x00000001 x24=0x00002000
       75185000	     37492	80004fa4	02d8d463	bge	x17,x13,80004fcc	 x17:0x0000001b x13:0x00001ad0  x0=0x00000000
       75233000	     37516	80004fa8	25bb0813	addi	x16,x22,603	 x22:0xffffffff x16=0x0000025a
       75253000	     37526	80004fac	6125	c.addi16sp	x2,96	  x2:0x00000000  x2=0x00000060
       75255000	     37527	80004fae	0a04	c.addi4spn	x9,x2,272	  x9=0x00000170
       75257000	     37528	80004fb0	0342f163	bgeu	x5,x20,80004fd2	  x5:0x8001add4 x20:0x00000000  x0=0x00000000
       75299000	     37549	80004fb4	40dd5393	srai	x7,x26,0xd	 x26:0x00000000  x7=0x00000000
       75301000	     37550	80004fb8	4000d633	sra	x12,x1,x0	  x1:0x0000001b  x0:0x00000000 x12=0x0000001b
       75361000	     37580	80004fbc	34c44413	xori	x8,x8,844	  x8:0xffffffff  x8=0xfffffcb3
       75403000	     37601	80004fc0	8542	c.mv	x10,x16	  x0:0x00000000 x16:0x0000025a x10=0x0000025a
       75405000	     37602	80004fc2	9d06	c.add	x26,x1	 x26:0x00000000  x1:0x0000001b x26=0x0000001b
       75407000	     37603	80004fc4	cf19	c.beqz	x14,80004fe2	 x14:0xffffffff
       75437000	     37618	80004fc6	34042773	csrrs	x14,mscratch,x8	  x8:0xfffffcb3 x14=0x00000011
       75439000	     37619	80004fca	864a	c.mv	x12,x18	  x0:0x00000000 x18:0x00000001 x12=0x00000001
       75441000	     37620	80004fcc	8626	c.mv	x12,x9	  x0:0x00000000  x9:0x00000170 x12=0x00000170
       75443000	     37621	80004fce	82f9	c.srli	x13,0x1e	 x13:0x00001ad0 x13=0x00000000
       75453000	     37626	80004fd0	e221	c.bnez	x12,80005010	 x12:0x00000170
       75495000	     37647	80005010	0001	c.addi	x0,0	  x0:0x00000000  x0=0x00000000
       75497000	     37648	80005012	0001	c.addi	x0,0	  x0:0x00000000  x0=0x00000000
       75517000	     37658	80005014	8f05	c.sub	x14,x9	 x14:0x00000011  x9:0x00000170 x14=0xfffffea1
       75529000	     37664	80005016	01df28b3	slt	x17,x30,x29	 x30:0xff81edfd x29:0x00000000 x17=0x00000001
       75531000	     37665	8000501a	c219	c.beqz	x12,80005020	 x12:0x00000170
       75533000	     37666	8000501c	005e4763	blt	x28,x5,8000502a	 x28:0x00000000  x5:0x8001add4  x0=0x00000000
       75573000	     37686	80005020	cf8d	c.beqz	x15,8000505a	 x15:0x00000000
       75661000	     37730	8000505a	011a9f63	bne	x21,x17,80005078	 x21:0x0000001b x17:0x00000001  x0=0x00000000
       75693000	     37746	80005078	03cc0ab3	mul	x21,x24,x28	 x24:0x00002000 x28:0x00000000 x21=0x00000000
       75707000	     37753	8000507c	8919	c.andi	x10,6	 x10:0x0000025a x10=0x00000002
       75739000	     37769	8000507e	34092af3	csrrs	x21,mscratch,x18	 x18:0x00000001 x21=0xfffffcb3
       75747000	     37773	80005082	01ca1613	slli	x12,x20,0x1c	 x20:0x00000000 x12=0x00000000
       75749000	     37774	80005086	8b4e	c.mv	x22,x19	  x0:0x00000000 x19:0x8001ee7c x22=0x8001ee7c
       75751000	     37775	80005088	417bd913	srai	x18,x23,0x17	 x23:0x00000000 x18=0x00000000
       75771000	     37785	8000508c	612d	c.addi16sp	x2,224	  x2:0x00000060  x2=0x00000140
       75795000	     37797	8000508e	011e9463	bne	x29,x17,80005096	 x29:0x00000000 x17:0x00000001  x0=0x00000000
       75819000	     37809	80005096	01081f63	bne	x16,x16,800050b4	 x16:0x0000025a x16:0x0000025a  x0=0x00000000
       75821000	     37810	8000509a	16fd	c.addi	x13,-1	 x13:0x00000000 x13=0xffffffff
       75841000	     37820	8000509c	3403dd73	csrrwi	x26,mscratch,7	 x26=0xfffffcb3
       75877000	     37838	800050a0	01c96963	bltu	x18,x28,800050b2	 x18:0x00000000 x28:0x00000000  x0=0x00000000
       75879000	     37839	800050a4	016ce1b3	or	x3,x25,x22	 x25:0x0001ad00 x22:0x8001ee7c  x3=0x8001ef7c
       75893000	     37846	800050a8	0156ea33	or	x20,x13,x21	 x13:0xffffffff x21:0xfffffcb3 x20=0xffffffff
       75905000	     37852	800050ac	86c5	c.srai	x13,0x11	 x13:0xffffffff x13=0xffffffff
       75927000	     37863	800050ae	340c5573	csrrwi	x10,mscratch,24	 x10=0x00000007
       75929000	     37864	800050b2	cb09	c.beqz	x14,800050c4	 x14:0xfffffea1
       75969000	     37884	800050b4	8ccd	c.or	x9,x11	  x9:0x00000170 x11:0xff01f31e  x9=0xff01f37e
       75975000	     37887	800050b6	2500c013	xori	x0,x1,592	  x1:0x0000001b  x0=0x00000000
       75977000	     37888	800050ba	8f25	c.xor	x14,x9	 x14:0xfffffea1  x9:0xff01f37e x14=0x00fe0ddf
       75979000	     37889	800050bc	8f89	c.sub	x15,x10	 x15:0x00000000 x10:0x00000007 x15=0xfffffff9
       75999000	     37899	800050be	3409f473	csrrci	x8,mscratch,19	  x8=0x00000018
       76003000	     37901	800050c2	c239	c.beqz	x12,80005108	 x12:0x00000000
       76029000	     37914	80005108	01d820b3	slt	x1,x16,x29	 x16:0x0000025a x29:0x00000000  x1=0x00000000
       76035000	     37917	8000510c	66d9	c.lui	x13,0x16	 x13=0x00016000
       76063000	     37931	8000510e	dafb2893	slti	x17,x22,-593	 x22:0x8001ee7c x17=0x00000001
       76065000	     37932	80005112	8699	c.srai	x13,0x6	 x13:0x00016000 x13=0x00000580
       76067000	     37933	80005114	0ff0000f	fence	iorwiorwiorwiorwiorwiorwiorwiorwiorwiorwiorwiorwiorwiorwiorwiorwiorwiorwiorwiorwiorwiorwiorwiorwiorwiorwiorwiorwiorwiorwiorwiorwiorwiorwiorwiorwiorwiorwiorwiorwiorwiorwiorwiorwiorwiorwiorwiorwiorwiorwiorwiorwiorwiorwiorwiorwiorwiorwiorwiorwiorwiorwiorwiorwiorwiorwiorwiorwiorwiorwiorwiorwiorwiorwiorwiorwiorwiorwiorwiorwiorwiorwiorwiorwiorwiorwiorwiorwiorwiorwiorwiorwiorwiorwiorwiorwiorwiorwiorwiorwiorw,iorwiorwiorwiorwiorwiorwiorwiorwiorwiorwiorwiorwiorwiorwiorwiorwiorwiorwiorwiorwiorwiorwiorwiorwiorwiorwiorwiorwiorwiorwiorwiorwiorwiorwiorwiorwiorwiorwiorwiorwiorwiorwiorwiorwiorwiorwiorwiorwiorwiorwiorwiorwiorwiorwiorwiorwiorwiorwiorwiorwiorwiorwiorwiorwiorwiorwiorwiorwiorwiorwiorwiorwiorwiorwiorwiorwiorwiorwiorwiorwiorwiorwiorwiorwiorwiorwiorwiorwiorwiorwiorwiorwiorwiorwiorwiorwiorwiorwiorwiorwiorwiorw	
       76087000	     37943	80005118	01abdf63	bge	x23,x26,80005136	 x23:0x00000000 x26:0xfffffcb3  x0=0x00000000
       76103000	     37951	8000511c	8e05	c.sub	x12,x9	 x12:0x00000000  x9:0xff01f37e x12=0x00fe0c82
       76115000	     37957	8000511e	3400d4f3	csrrwi	x9,mscratch,1	  x9=0x00000008
       76169000	     37984	80005122	25503113	sltiu	x2,x0,597	  x0:0x00000000  x2=0x00000001
       76171000	     37985	80005126	9bae	c.add	x23,x11	 x23:0x00000000 x11:0xff01f31e x23=0xff01f31e
       76209000	     38004	80005128	812a	c.mv	x2,x10	  x0:0x00000000 x10:0x00000007  x2=0x00000007
       76211000	     38005	8000512a	ff750bb7	lui	x23,0xff750	 x23=0xff750000
       76239000	     38019	8000512e	02b6b233	mulhu	x4,x13,x11	 x13:0x00000580 x11:0xff01f31e  x4=0x0000057a
       76267000	     38033	80005132	f2bc7a97	auipc	x21,0xf2bc7	 x21=0x72bcc132
       76289000	     38044	80005136	9f0cbe37	lui	x28,0x9f0cb	 x28=0x9f0cb000
       76291000	     38045	8000513a	0ed2	c.slli	x29,0x14	 x29:0x00000000 x29=0x00000000
       76315000	     38057	8000513c	fe99c097	auipc	x1,0xfe99c	  x1=0x7e9a113c
       76317000	     38058	80005140	01f49893	slli	x17,x9,0x1f	  x9:0x00000008 x17=0x00000000
       76339000	     38069	80005144	0001	c.addi	x0,0	  x0:0x00000000  x0=0x00000000
       76389000	     38094	80005146	34011c73	csrrw	x24,mscratch,x2	  x2:0x00000007 x24=0x00000001
       76391000	     38095	8000514a	0001	c.addi	x0,0	  x0:0x00000000  x0=0x00000000
       76393000	     38096	8000514c	8a95	c.andi	x13,5	 x13:0x00000580 x13=0x00000000
       76395000	     38097	8000514e	8f39	c.xor	x14,x14	 x14:0x00fe0ddf x14:0x00fe0ddf x14=0x00000000
       76443000	     38121	80005150	35c88c13	addi	x24,x17,860	 x17:0x00000000 x24=0x0000035c
       76485000	     38142	80005154	00a9dd93	srli	x27,x19,0xa	 x19:0x8001ee7c x27=0x0020007b
       76487000	     38143	80005158	03acd763	bge	x25,x26,80005186	 x25:0x0001ad00 x26:0xfffffcb3  x0=0x00000000
       76509000	     38154	8000515c	01f55593	srli	x11,x10,0x1f	 x10:0x00000007 x11=0x00000000
       76519000	     38159	80005160	34061bf3	csrrw	x23,mscratch,x12	 x12:0x00fe0c82 x23=0x00000007
       76521000	     38160	80005164	0155e633	or	x12,x11,x21	 x11:0x00000000 x21:0x72bcc132 x12=0x72bcc132
       76537000	     38168	80005168	e3dc0613	addi	x12,x24,-451	 x24:0x0000035c x12=0x00000199
       76577000	     38188	8000516c	8d8d	c.sub	x11,x11	 x11:0x00000000 x11:0x00000000 x11=0x00000000
       76579000	     38189	8000516e	fed32d93	slti	x27,x6,-19	  x6:0x00000000 x27=0x00000000
       76581000	     38190	80005172	0198bf33	sltu	x30,x17,x25	 x17:0x00000000 x25:0x0001ad00 x30=0x00000001
       76583000	     38191	80005176	1414	c.addi4spn	x13,x2,544	 x13=0x00000227
       76603000	     38201	80005178	80fd	c.srli	x9,0x1f	  x9:0x00000008  x9=0x00000000
       76665000	     38232	8000517a	01c806b3	add	x13,x16,x28	 x16:0x0000025a x28:0x9f0cb000 x13=0x9f0cb25a
       76739000	     38269	8000517e	0216cf33	div	x30,x13,x1	 x13:0x9f0cb25a  x1:0x7e9a113c x30=0x00000000
       76813000	     38306	80005182	030ce6b3	rem	x13,x25,x16	 x25:0x0001ad00 x16:0x0000025a x13=0x00000104
       76815000	     38307	80005186	1f7d	c.addi	x30,-1	 x30:0x00000000 x30=0xffffffff
       76817000	     38308	80005188	0377e363	bltu	x15,x23,800051ae	 x15:0xfffffff9 x23:0x00000007  x0=0x00000000
       76843000	     38321	8000518c	2a747a93	andi	x21,x8,679	  x8:0x00000018 x21=0x00000000
       76897000	     38348	80005190	c78d	c.beqz	x15,800051ba	 x15:0xfffffff9
       76899000	     38349	80005192	80ee	c.mv	x1,x27	  x0:0x00000000 x27:0x00000000  x1=0x00000000
       76901000	     38350	80005194	9f4e	c.add	x30,x19	 x30:0xffffffff x19:0x8001ee7c x30=0x8001ee7b
       76933000	     38366	80005196	0ff0000f	fence	iorwiorwiorwiorwiorwiorwiorwiorwiorwiorwiorwiorwiorwiorwiorwiorwiorwiorwiorwiorwiorwiorwiorwiorwiorwiorwiorwiorwiorwiorwiorwiorwiorwiorwiorwiorwiorwiorwiorwiorwiorwiorwiorwiorwiorwiorwiorwiorwiorwiorwiorwiorwiorwiorwiorwiorwiorwiorwiorwiorwiorwiorwiorwiorwiorwiorwiorwiorwiorwiorwiorwiorwiorwiorwiorwiorwiorwiorwiorwiorwiorwiorwiorwiorwiorwiorwiorwiorwiorwiorwiorwiorwiorwiorwiorwiorwiorwiorwiorwiorwiorwiorwiorw,iorwiorwiorwiorwiorwiorwiorwiorwiorwiorwiorwiorwiorwiorwiorwiorwiorwiorwiorwiorwiorwiorwiorwiorwiorwiorwiorwiorwiorwiorwiorwiorwiorwiorwiorwiorwiorwiorwiorwiorwiorwiorwiorwiorwiorwiorwiorwiorwiorwiorwiorwiorwiorwiorwiorwiorwiorwiorwiorwiorwiorwiorwiorwiorwiorwiorwiorwiorwiorwiorwiorwiorwiorwiorwiorwiorwiorwiorwiorwiorwiorwiorwiorwiorwiorwiorwiorwiorwiorwiorwiorwiorwiorwiorwiorwiorwiorwiorwiorwiorwiorwiorwiorwiorw	
       76935000	     38367	8000519a	0de2	c.slli	x27,0x18	 x27:0x00000000 x27=0x00000000
       76953000	     38376	8000519c	00bed193	srli	x3,x29,0xb	 x29:0x00000000  x3=0x00000000
       76957000	     38378	800051a0	340136f3	csrrc	x13,mscratch,x2	  x2:0x00000007 x13=0x00fe0c82
       76959000	     38379	800051a4	00b5c533	xor	x10,x11,x11	 x11:0x00000000 x11:0x00000000 x10=0x00000000
       77001000	     38400	800051a8	017fe7b3	or	x15,x31,x23	 x31:0x00000000 x23:0x00000007 x15=0x00000007
       77005000	     38402	800051ac	cb0d	c.beqz	x14,800051de	 x14:0x00000000
       77123000	     38461	800051de	dcf18013	addi	x0,x3,-561	  x3:0x00000000  x0=0x00000000
       77125000	     38462	800051e2	ff82e413	ori	x8,x5,-8	  x5:0x8001add4  x8=0xfffffffc
       77149000	     38474	800051e6	0352ee33	rem	x28,x5,x21	  x5:0x8001add4 x21:0x00000000 x28=0x8001add4
       77157000	     38478	800051ea	02b23633	mulhu	x12,x4,x11	  x4:0x0000057a x11:0x00000000 x12=0x00000000
       77181000	     38490	800051ee	0394bd33	mulhu	x26,x9,x25	  x9:0x00000000 x25:0x0001ad00 x26=0x00000000
       77183000	     38491	800051f2	0001	c.addi	x0,0	  x0:0x00000000  x0=0x00000000
       77185000	     38492	800051f4	0eba	c.slli	x29,0xe	 x29:0x00000000 x29=0x00000000
       77217000	     38508	800051f6	34029c73	csrrw	x24,mscratch,x5	  x5:0x8001add4 x24=0x00fe0c80
       77219000	     38509	800051fa	0a92	c.slli	x21,0x4	 x21:0x00000000 x21=0x00000000
       77223000	     38511	800051fc	ca11	c.beqz	x12,80005210	 x12:0x00000000
       77249000	     38524	80005210	03861d63	bne	x12,x24,8000524a	 x12:0x00000000 x24:0x00fe0c80  x0=0x00000000
       77303000	     38551	8000524a	8fb1	c.xor	x15,x12	 x15:0x00000007 x12:0x00000000 x15=0x00000007
       77309000	     38554	8000524c	e311	c.bnez	x14,80005250	 x14:0x00000000
       77311000	     38555	8000524e	0d96	c.slli	x27,0x5	 x27:0x00000000 x27=0x00000000
       77313000	     38556	80005250	00cc8db3	add	x27,x25,x12	 x25:0x0001ad00 x12:0x00000000 x27=0x0001ad00
       77315000	     38557	80005254	88e9	c.andi	x9,26	  x9:0x00000000  x9=0x00000000
       77317000	     38558	80005256	43c9	c.li	x7,18	  x7=0x00000012
       77355000	     38577	80005258	008e6eb3	or	x29,x28,x8	 x28:0x8001add4  x8:0xfffffffc x29=0xfffffffc
       77373000	     38586	8000525c	ad5185b7	lui	x11,0xad518	 x11=0xad518000
       77397000	     38598	80005260	340354f3	csrrwi	x9,mscratch,6	  x9=0x8001add4
       77405000	     38602	80005264	e7e68fb7	lui	x31,0xe7e68	 x31=0xe7e68000
       77431000	     38615	80005268	5a7d	c.li	x20,-1	 x20=0xffffffff
       77453000	     38626	8000526a	004b7963	bgeu	x22,x4,8000527c	 x22:0x8001ee7c  x4:0x0000057a  x0=0x00000000
       77465000	     38632	8000526e	021eaab3	mulhsu	x21,x29,x1	 x29:0xfffffffc  x1:0x00000000 x21=0x00000000
       77467000	     38633	80005272	e915	c.bnez	x10,800052a6	 x10:0x00000000
       77501000	     38650	80005274	ea2def13	ori	x30,x27,-350	 x27:0x0001ad00 x30=0xffffffa2
       77503000	     38651	80005278	3238fd13	andi	x26,x17,803	 x17:0x00000000 x26=0x00000000
       77547000	     38673	8000527c	00274963	blt	x14,x2,8000528e	 x14:0x00000000  x2:0x00000007  x0=0x00000000
       77569000	     38684	8000528e	1604	c.addi4spn	x9,x2,800	  x9=0x00000327
       77597000	     38698	80005290	8c01	c.sub	x8,x8	  x8:0xfffffffc  x8:0xfffffffc  x8=0x00000000
       77599000	     38699	80005292	8ea1	c.xor	x13,x8	 x13:0x00fe0c82  x8:0x00000000 x13=0x00fe0c82
       77627000	     38713	80005294	01dd9413	slli	x8,x27,0x1d	 x27:0x0001ad00  x8=0x00000000
       77643000	     38721	80005298	0112b733	sltu	x14,x5,x17	  x5:0x8001add4 x17:0x00000000 x14=0x00000000
       77723000	     38761	8000529c	03f3deb3	divu	x29,x7,x31	  x7:0x00000012 x31:0xe7e68000 x29=0x00000000
       77725000	     38762	800052a0	3404d973	csrrwi	x18,mscratch,9	 x18=0x00000006
       77727000	     38763	800052a4	8eea	c.mv	x29,x26	  x0:0x00000000 x26:0x00000000 x29=0x00000000
       77729000	     38764	800052a6	3403dd73	csrrwi	x26,mscratch,7	 x26=0x00000009
       77813000	     38806	800052aa	036a7033	remu	x0,x20,x22	 x20:0xffffffff x22:0x8001ee7c  x0=0x00000000
       77815000	     38807	800052ae	6119	c.addi16sp	x2,384	  x2:0x00000007  x2=0x00000187
       77817000	     38808	800052b0	8f2d	c.xor	x14,x11	 x14:0x00000000 x11:0xad518000 x14=0xad518000
       77819000	     38809	800052b2	ebe50f97	auipc	x31,0xebe50	 x31=0x6be552b2
       77843000	     38821	800052b6	00ab5fb3	srl	x31,x22,x10	 x22:0x8001ee7c x10:0x00000000 x31=0x8001ee7c
       77865000	     38832	800052ba	033df463	bgeu	x27,x19,800052e2	 x27:0x0001ad00 x19:0x8001ee7c  x0=0x00000000
       77875000	     38837	800052be	34012c73	csrrs	x24,mscratch,x2	  x2:0x00000187 x24=0x00000007
       77877000	     38838	800052c2	0229	c.addi	x4,10	  x4:0x0000057a  x4=0x00000584
       77889000	     38844	800052c4	01589f33	sll	x30,x17,x21	 x17:0x00000000 x21:0x00000000 x30=0x00000000
       77911000	     38855	800052c8	0001	c.addi	x0,0	  x0:0x00000000  x0=0x00000000
       77913000	     38856	800052ca	0001	c.addi	x0,0	  x0:0x00000000  x0=0x00000000
       77933000	     38866	800052cc	41e6d613	srai	x12,x13,0x1e	 x13:0x00fe0c82 x12=0x00000000
       77941000	     38870	800052d0	1280	c.addi4spn	x8,x2,352	  x8=0x000002e7
       77943000	     38871	800052d2	0001	c.addi	x0,0	  x0:0x00000000  x0=0x00000000
       77947000	     38873	800052d4	02914063	blt	x2,x9,800052f4	  x2:0x00000187  x9:0x00000327  x0=0x00000000
       77993000	     38896	800052f4	03efec63	bltu	x31,x30,8000532c	 x31:0x8001ee7c x30:0x00000000  x0=0x00000000
       78071000	     38935	800052f8	0273ccb3	div	x25,x7,x7	  x7:0x00000012  x7:0x00000012 x25=0x00000001
       78075000	     38937	800052fc	026b4863	blt	x22,x6,8000532c	 x22:0x8001ee7c  x6:0x00000000  x0=0x00000000
       78079000	     38939	8000532c	1f7d	c.addi	x30,-1	 x30:0x00000000 x30=0xffffffff
       78121000	     38960	8000532e	40f75d13	srai	x26,x14,0xf	 x14:0xad518000 x26=0xffff5aa3
       78123000	     38961	80005332	163ab717	auipc	x14,0x163ab	 x14=0x963b0332
       78125000	     38962	80005336	e911	c.bnez	x10,8000534a	 x10:0x00000000
       78141000	     38970	80005338	0ff0000f	fence	iorwiorwiorwiorwiorwiorwiorwiorwiorwiorwiorwiorwiorwiorwiorwiorwiorwiorwiorwiorwiorwiorwiorwiorwiorwiorwiorwiorwiorwiorwiorwiorwiorwiorwiorwiorwiorwiorwiorwiorwiorwiorwiorwiorwiorwiorwiorwiorwiorwiorwiorwiorwiorwiorwiorwiorwiorwiorwiorwiorwiorwiorwiorwiorwiorwiorwiorwiorwiorwiorwiorwiorwiorwiorwiorwiorwiorwiorwiorwiorwiorwiorwiorwiorwiorwiorwiorwiorwiorwiorwiorwiorwiorwiorwiorwiorwiorwiorwiorwiorwiorwiorwiorwiorwiorw,iorwiorwiorwiorwiorwiorwiorwiorwiorwiorwiorwiorwiorwiorwiorwiorwiorwiorwiorwiorwiorwiorwiorwiorwiorwiorwiorwiorwiorwiorwiorwiorwiorwiorwiorwiorwiorwiorwiorwiorwiorwiorwiorwiorwiorwiorwiorwiorwiorwiorwiorwiorwiorwiorwiorwiorwiorwiorwiorwiorwiorwiorwiorwiorwiorwiorwiorwiorwiorwiorwiorwiorwiorwiorwiorwiorwiorwiorwiorwiorwiorwiorwiorwiorwiorwiorwiorwiorwiorwiorwiorwiorwiorwiorwiorwiorwiorwiorwiorwiorwiorwiorwiorwiorwiorwiorw	
       78149000	     38974	8000533c	41ca81b3	sub	x3,x21,x28	 x21:0x00000000 x28:0x8001add4  x3=0x7ffe522c
       78169000	     38984	80005340	89f1	c.andi	x11,28	 x11:0xad518000 x11=0x00000000
       78191000	     38995	80005342	02eb8763	beq	x23,x14,80005370	 x23:0x00000007 x14:0x963b0332  x0=0x00000000
       78211000	     39005	80005346	41fb0f33	sub	x30,x22,x31	 x22:0x8001ee7c x31:0x8001ee7c x30=0x00000000
       78215000	     39007	8000534a	013af663	bgeu	x21,x19,80005356	 x21:0x00000000 x19:0x8001ee7c  x0=0x00000000
       78217000	     39008	8000534e	02b38f63	beq	x7,x11,8000538c	  x7:0x00000012 x11:0x00000000  x0=0x00000000
       78263000	     39031	80005352	008b1713	slli	x14,x22,0x8	 x22:0x8001ee7c x14=0x01ee7c00
       78305000	     39052	80005356	0122a6b3	slt	x13,x5,x18	  x5:0x8001add4 x18:0x00000006 x13=0x00000001
       78347000	     39073	8000535a	005f76b3	and	x13,x30,x5	 x30:0x00000000  x5:0x8001add4 x13=0x00000000
       78349000	     39074	8000535e	671d	c.lui	x14,0x7	 x14=0x00007000
       78365000	     39082	80005360	0d94	c.addi4spn	x13,x2,720	 x13=0x00000457
       78367000	     39083	80005362	84e1	c.srai	x9,0x18	  x9:0x00000327  x9=0x00000000
       78369000	     39084	80005364	4132df93	srai	x31,x5,0x13	  x5:0x8001add4 x31=0xfffff000
       78375000	     39087	80005368	0034aeb3	slt	x29,x9,x3	  x9:0x00000000  x3:0x7ffe522c x29=0x00000001
       78429000	     39114	8000536c	340e51f3	csrrwi	x3,mscratch,28	  x3=0x00000187
       78431000	     39115	80005370	07bb6813	ori	x16,x22,123	 x22:0x8001ee7c x16=0x8001ee7f
       78465000	     39132	80005374	031e1e63	bne	x28,x17,800053b0	 x28:0x8001add4 x17:0x00000000  x0=0x00000000
       78509000	     39154	800053b0	d9e6c817	auipc	x16,0xd9e6c	 x16=0x59e713b0
       78529000	     39164	800053b4	00ace8b3	or	x17,x25,x10	 x25:0x00000001 x10:0x00000000 x17=0x00000001
       78563000	     39181	800053b8	6aa5	c.lui	x21,0x9	 x21=0x00009000
       78565000	     39182	800053ba	0124f4b3	and	x9,x9,x18	  x9:0x00000000 x18:0x00000006  x9=0x00000000
       78567000	     39183	800053be	0001	c.addi	x0,0	  x0:0x00000000  x0=0x00000000
       78573000	     39186	800053c0	00fee3b3	or	x7,x29,x15	 x29:0x00000001 x15:0x00000007  x7=0x00000007
       78585000	     39192	800053c4	11cff013	andi	x0,x31,284	 x31:0xfffff000  x0=0x00000000
       78593000	     39196	800053c8	032f9733	mulh	x14,x31,x18	 x31:0xfffff000 x18:0x00000006 x14=0xffffffff
       78595000	     39197	800053cc	8771	c.srai	x14,0x1c	 x14:0xffffffff x14=0xffffffff
       78627000	     39213	800053ce	00945f93	srli	x31,x8,0x9	  x8:0x000002e7 x31=0x00000001
       78673000	     39236	800053d2	3406ac73	csrrs	x24,mscratch,x13	 x13:0x00000457 x24=0x0000001c
       78689000	     39244	800053d6	02c87233	remu	x4,x16,x12	 x16:0x59e713b0 x12:0x00000000  x4=0x59e713b0
       78691000	     39245	800053da	6161	c.addi16sp	x2,80	  x2:0x00000187  x2=0x000001d7
       78721000	     39260	800053dc	34073673	csrrc	x12,mscratch,x14	 x14:0xffffffff x12=0x0000045f
       78763000	     39281	800053e0	b3664f97	auipc	x31,0xb3664	 x31=0x336693e0
       78783000	     39291	800053e4	019654b3	srl	x9,x12,x25	 x12:0x0000045f x25:0x00000001  x9=0x0000022f
       78785000	     39292	800053e8	031c4063	blt	x24,x17,80005408	 x24:0x0000001c x17:0x00000001  x0=0x00000000
       78829000	     39314	800053ec	01ee2933	slt	x18,x28,x30	 x28:0x8001add4 x30:0x00000000 x18=0x00000001
       78833000	     39316	800053f0	009d5763	bge	x26,x9,800053fe	 x26:0xffff5aa3  x9:0x0000022f  x0=0x00000000
       78875000	     39337	800053f4	340894f3	csrrw	x9,mscratch,x17	 x17:0x00000001  x9=0x00000000
       78911000	     39355	800053f8	0284a233	mulhsu	x4,x9,x8	  x9:0x00000000  x8:0x000002e7  x4=0x00000000
       78913000	     39356	800053fc	8fb1	c.xor	x15,x12	 x15:0x00000007 x12:0x0000045f x15=0x00000458
       78915000	     39357	800053fe	0001	c.addi	x0,0	  x0:0x00000000  x0=0x00000000
       78969000	     39384	80005400	03146363	bltu	x8,x17,80005426	  x8:0x000002e7 x17:0x00000001  x0=0x00000000
       78971000	     39385	80005404	8dfd	c.and	x11,x15	 x11:0x00000000 x15:0x00000458 x11=0x00000000
       78973000	     39386	80005406	8192	c.mv	x3,x4	  x0:0x00000000  x4:0x00000000  x3=0x00000000
       78975000	     39387	80005408	00ef0263	beq	x30,x14,8000540c	 x30:0x00000000 x14:0xffffffff  x0=0x00000000
       79035000	     39417	8000540c	d9782f13	slti	x30,x16,-617	 x16:0x59e713b0 x30=0x00000000
       79037000	     39418	80005410	f7ff26b7	lui	x13,0xf7ff2	 x13=0xf7ff2000
       79073000	     39436	80005414	8f4e	c.mv	x30,x19	  x0:0x00000000 x19:0x8001ee7c x30=0x8001ee7c
       79113000	     39456	80005416	c0a2ef13	ori	x30,x5,-1014	  x5:0x8001add4 x30=0xfffffdde
       79115000	     39457	8000541a	8d9a	c.mv	x27,x6	  x0:0x00000000  x6:0x00000000 x27=0x00000000
       79123000	     39461	8000541c	02f5aa33	mulhsu	x20,x11,x15	 x11:0x00000000 x15:0x00000458 x20=0x00000000
       79143000	     39471	80005420	2023e593	ori	x11,x7,514	  x7:0x00000007 x11=0x00000207
       79159000	     39479	80005424	8e41	c.or	x12,x8	 x12:0x0000045f  x8:0x000002e7 x12=0x000006ff
       79171000	     39485	80005426	2c066b93	ori	x23,x12,704	 x12:0x000006ff x23=0x000006ff
       79173000	     39486	8000542a	9a7d	c.andi	x12,-1	 x12:0x000006ff x12=0x000006ff
       79179000	     39489	8000542c	00df6b33	or	x22,x30,x13	 x30:0xfffffdde x13:0xf7ff2000 x22=0xfffffdde
       79187000	     39493	80005430	8749	c.srai	x14,0x12	 x14:0xffffffff x14=0xffffffff
       79193000	     39496	80005432	40585f13	srai	x30,x16,0x5	 x16:0x59e713b0 x30=0x02cf389d
       79205000	     39502	80005436	01badfb3	srl	x31,x21,x27	 x21:0x00009000 x27:0x00000000 x31=0x00009000
       79207000	     39503	8000543a	01d17bb3	and	x23,x2,x29	  x2:0x000001d7 x29:0x00000001 x23=0x00000001
       79233000	     39516	8000543e	03a08663	beq	x1,x26,8000546a	  x1:0x00000000 x26:0xffff5aa3  x0=0x00000000
       79235000	     39517	80005442	34056ef3	csrrsi	x29,mscratch,10	 x29=0x00000001
       79237000	     39518	80005446	1b10	c.addi4spn	x12,x2,432	 x12=0x00000387
       79239000	     39519	80005448	3a154013	xori	x0,x10,929	 x10:0x00000000  x0=0x00000000
       79279000	     39539	8000544c	34012af3	csrrs	x21,mscratch,x2	  x2:0x000001d7 x21=0x0000000b
       79307000	     39553	80005450	9d4e	c.add	x26,x19	 x26:0xffff5aa3 x19:0x8001ee7c x26=0x8001491f
       79309000	     39554	80005452	281f7693	andi	x13,x30,641	 x30:0x02cf389d x13=0x00000081
       79311000	     39555	80005456	614d	c.addi16sp	x2,176	  x2:0x000001d7  x2=0x00000287
       79313000	     39556	80005458	340695f3	csrrw	x11,mscratch,x13	 x13:0x00000081 x11=0x000001df
       79355000	     39577	8000545c	01526d63	bltu	x4,x21,80005476	  x4:0x00000000 x21:0x0000000b  x0=0x00000000
       79403000	     39601	80005476	0001	c.addi	x0,0	  x0:0x00000000  x0=0x00000000
       79419000	     39609	80005478	51fd	c.li	x3,-1	  x3=0xffffffff
       79509000	     39654	8000547a	02e45a33	divu	x20,x8,x14	  x8:0x000002e7 x14:0xffffffff x20=0x00000000
       79511000	     39655	8000547e	0c95	c.addi	x25,5	 x25:0x00000001 x25=0x00000006
       79513000	     39656	80005480	01b0d413	srli	x8,x1,0x1b	  x1:0x00000000  x8=0x00000000
       79515000	     39657	80005484	016a25b3	slt	x11,x20,x22	 x20:0x00000000 x22:0xfffffdde x11=0x00000000
       79539000	     39669	80005488	34032b73	csrrs	x22,mscratch,x6	  x6:0x00000000 x22=0x00000081
       79599000	     39699	8000548c	e483a917	auipc	x18,0xe483a	 x18=0x6483f48c
       79601000	     39700	80005490	8f41	c.or	x14,x8	 x14:0xffffffff  x8:0x00000000 x14=0xffffffff
       79605000	     39702	80005492	c109	c.beqz	x10,80005494	 x10:0x00000000
       79635000	     39717	80005494	01b99db3	sll	x27,x19,x27	 x19:0x8001ee7c x27:0x00000000 x27=0x8001ee7c
       79655000	     39727	80005498	fcb908b7	lui	x17,0xfcb90	 x17=0xfcb90000
       79675000	     39737	8000549c	01155393	srli	x7,x10,0x11	 x10:0x00000000  x7=0x00000000
       79699000	     39749	800054a0	8e9d	c.sub	x13,x15	 x13:0x00000081 x15:0x00000458 x13=0xfffffc29
       79701000	     39750	800054a2	01a5bc33	sltu	x24,x11,x26	 x11:0x00000000 x26:0x8001491f x24=0x00000001
       79703000	     39751	800054a6	8425	c.srai	x8,0x9	  x8:0x00000000  x8=0x00000000
       79731000	     39765	800054a8	002f14b3	sll	x9,x30,x2	 x30:0x02cf389d  x2:0x00000287  x9=0x679c4e80
       79751000	     39775	800054ac	9516	c.add	x10,x5	 x10:0x00000000  x5:0x8001add4 x10=0x8001add4
       79753000	     39776	800054ae	012b5933	srl	x18,x22,x18	 x22:0x00000081 x18:0x6483f48c x18=0x00000000
       79755000	     39777	800054b2	891d	c.andi	x10,7	 x10:0x8001add4 x10=0x00000004
       79771000	     39785	800054b4	01e59f63	bne	x11,x30,800054d2	 x11:0x00000000 x30:0x02cf389d  x0=0x00000000
       79787000	     39793	800054d2	00bcebb3	or	x23,x25,x11	 x25:0x00000006 x11:0x00000000 x23=0x00000006
       79789000	     39794	800054d6	34056e73	csrrsi	x28,mscratch,10	 x28=0x00000081
       79797000	     39798	800054da	00cb4263	blt	x22,x12,800054de	 x22:0x00000081 x12:0x00000387  x0=0x00000000
       79869000	     39834	800054de	3402a0f3	csrrs	x1,mscratch,x5	  x5:0x8001add4  x1=0x0000008b
       79871000	     39835	800054e2	517d	c.li	x2,-1	  x2=0xffffffff
       79911000	     39855	800054e4	8959	c.andi	x10,22	 x10:0x00000004 x10=0x00000004
       79913000	     39856	800054e6	c48f0093	addi	x1,x30,-952	 x30:0x02cf389d  x1=0x02cf34e5
       79915000	     39857	800054ea	0001	c.addi	x0,0	  x0:0x00000000  x0=0x00000000
       79931000	     39865	800054ec	0002c263	blt	x5,x0,800054f0	  x5:0x8001add4  x0:0x00000000  x0=0x00000000
       79993000	     39896	800054f0	024e	c.slli	x4,0x13	  x4:0x00000000  x4=0x00000000
       79997000	     39898	800054f2	ea85	c.bnez	x13,80005522	 x13:0xfffffc29
       80029000	     39914	80005522	8d71	c.and	x10,x12	 x10:0x00000004 x12:0x00000387 x10=0x00000004
       80033000	     39916	80005524	00a2c533	xor	x10,x5,x10	  x5:0x8001add4 x10:0x00000004 x10=0x8001add0
       80095000	     39947	80005528	611d	c.addi16sp	x2,416	  x2:0xffffffff  x2=0x0000019f
       80097000	     39948	8000552a	8d19	c.sub	x10,x14	 x10:0x8001add0 x14:0xffffffff x10=0x8001add1
       80137000	     39968	8000552c	ddc03113	sltiu	x2,x0,-548	  x0:0x00000000  x2=0x00000001
       80163000	     39981	80005530	e5e17c13	andi	x24,x2,-418	  x2:0x00000001 x24=0x00000000
       80165000	     39982	80005534	c5c6af93	slti	x31,x13,-932	 x13:0xfffffc29 x31=0x00000001
       80187000	     39993	80005538	1c2c7813	andi	x16,x24,450	 x24:0x00000000 x16=0x00000000
       80191000	     39995	8000553c	01b93ab3	sltu	x21,x18,x27	 x18:0x00000000 x27:0x8001ee7c x21=0x00000001
       80213000	     40006	80005540	001c1bb3	sll	x23,x24,x1	 x24:0x00000000  x1:0x02cf34e5 x23=0x00000000
       80235000	     40017	80005544	c515	c.beqz	x10,80005570	 x10:0x8001add1
       80241000	     40020	80005546	008391b3	sll	x3,x7,x8	  x7:0x00000000  x8:0x00000000  x3=0x00000000
       80273000	     40036	8000554a	340194f3	csrrw	x9,mscratch,x3	  x3:0x00000000  x9=0x8001addf
       80275000	     40037	8000554e	008edf13	srli	x30,x29,0x8	 x29:0x00000001 x30=0x00000000
       80307000	     40053	80005552	0053bdb3	sltu	x27,x7,x5	  x7:0x00000000  x5:0x8001add4 x27=0x00000001
       80319000	     40059	80005556	fb215a37	lui	x20,0xfb215	 x20=0xfb215000
       80321000	     40060	8000555a	8ed5	c.or	x13,x13	 x13:0xfffffc29 x13:0xfffffc29 x13=0xfffffc29
       80343000	     40071	8000555c	03451763	bne	x10,x20,8000558a	 x10:0x8001add1 x20:0xfb215000  x0=0x00000000
       80419000	     40109	8000558a	405b5833	sra	x16,x22,x5	 x22:0x00000081  x5:0x8001add4 x16=0x00000000
       80421000	     40110	8000558e	34067473	csrrci	x8,mscratch,12	  x8=0x00000000
       80423000	     40111	80005592	ddd6ff37	lui	x30,0xddd6f	 x30=0xddd6f000
       80475000	     40137	80005596	e5197e13	andi	x28,x18,-431	 x18:0x00000000 x28=0x00000000
       80481000	     40140	8000559a	028bd963	bge	x23,x8,800055cc	 x23:0x00000000  x8:0x00000000  x0=0x00000000
       80511000	     40155	800055cc	c6a9	c.beqz	x13,80005616	 x13:0xfffffc29
       80513000	     40156	800055ce	00ff70b3	and	x1,x30,x15	 x30:0xddd6f000 x15:0x00000458  x1=0x00000000
       80575000	     40187	800055d2	00537663	bgeu	x6,x5,800055de	  x6:0x00000000  x5:0x8001add4  x0=0x00000000
       80611000	     40205	800055d6	037ee3b3	rem	x7,x29,x23	 x29:0x00000001 x23:0x00000000  x7=0x00000001
       80617000	     40208	800055da	05589463	bne	x17,x21,80005622	 x17:0xfcb90000 x21:0x00000001  x0=0x00000000
       80669000	     40234	80005622	00b45d33	srl	x26,x8,x11	  x8:0x00000000 x11:0x00000000 x26=0x00000000
       80671000	     40235	80005626	00dacc33	xor	x24,x21,x13	 x21:0x00000001 x13:0xfffffc29 x24=0xfffffc28
       80697000	     40248	8000562a	3404b873	csrrc	x16,mscratch,x9	  x9:0x8001addf x16=0x00000000
       80749000	     40274	8000562e	041b7463	bgeu	x22,x1,80005676	 x22:0x00000081  x1:0x00000000  x0=0x00000000
       80761000	     40280	80005632	012b87b3	add	x15,x23,x18	 x23:0x00000000 x18:0x00000000 x15=0x00000000
       80771000	     40285	80005636	00735f13	srli	x30,x6,0x7	  x6:0x00000000 x30=0x00000000
       80773000	     40286	8000563a	8b75	c.andi	x14,29	 x14:0xffffffff x14=0x0000001d
       80795000	     40297	8000563c	60a5	c.lui	x1,0x9	  x1=0x00009000
       80797000	     40298	8000563e	8cc9	c.or	x9,x10	  x9:0x8001addf x10:0x8001add1  x9=0x8001addf
       80799000	     40299	80005640	df8d0193	addi	x3,x26,-520	 x26:0x00000000  x3=0xfffffdf8
       80833000	     40316	80005644	ffb78637	lui	x12,0xffb78	 x12=0xffb78000
       80875000	     40337	80005648	013b7933	and	x18,x22,x19	 x22:0x00000081 x19:0x8001ee7c x18=0x00000000
       80877000	     40338	8000564c	01cf2bb3	slt	x23,x30,x28	 x30:0x00000000 x28:0x00000000 x23=0x00000000
       80897000	     40348	80005650	3404b573	csrrc	x10,mscratch,x9	  x9:0x8001addf x10=0x00000000
       80925000	     40362	80005654	02f347b3	div	x15,x6,x15	  x6:0x00000000 x15:0x00000000 x15=0xffffffff
       80927000	     40363	80005658	0ff0000f	fence	iorwiorwiorwiorwiorwiorwiorwiorwiorwiorwiorwiorwiorwiorwiorwiorwiorwiorwiorwiorwiorwiorwiorwiorwiorwiorwiorwiorwiorwiorwiorwiorwiorwiorwiorwiorwiorwiorwiorwiorwiorwiorwiorwiorwiorwiorwiorwiorwiorwiorwiorwiorwiorwiorwiorwiorwiorwiorwiorwiorwiorwiorwiorwiorwiorwiorwiorwiorwiorwiorwiorwiorwiorwiorwiorwiorwiorwiorwiorwiorwiorwiorwiorwiorwiorwiorwiorwiorwiorwiorwiorwiorwiorwiorwiorwiorwiorwiorwiorwiorwiorwiorwiorwiorwiorwiorwiorw,iorwiorwiorwiorwiorwiorwiorwiorwiorwiorwiorwiorwiorwiorwiorwiorwiorwiorwiorwiorwiorwiorwiorwiorwiorwiorwiorwiorwiorwiorwiorwiorwiorwiorwiorwiorwiorwiorwiorwiorwiorwiorwiorwiorwiorwiorwiorwiorwiorwiorwiorwiorwiorwiorwiorwiorwiorwiorwiorwiorwiorwiorwiorwiorwiorwiorwiorwiorwiorwiorwiorwiorwiorwiorwiorwiorwiorwiorwiorwiorwiorwiorwiorwiorwiorwiorwiorwiorwiorwiorwiorwiorwiorwiorwiorwiorwiorwiorwiorwiorwiorwiorwiorwiorwiorwiorwiorwiorw	
       80945000	     40372	8000565c	0696	c.slli	x13,0x5	 x13:0xfffffc29 x13=0xffff8520
       81033000	     40416	8000565e	02ded8b3	divu	x17,x29,x13	 x29:0x00000001 x13:0xffff8520 x17=0x00000000
       81035000	     40417	80005662	00469833	sll	x16,x13,x4	 x13:0xffff8520  x4:0x00000000 x16=0xffff8520
       81037000	     40418	80005666	340d9473	csrrw	x8,mscratch,x27	 x27:0x00000001  x8=0x00000000
       81047000	     40423	8000566a	004ecab3	xor	x21,x29,x4	 x29:0x00000001  x4:0x00000000 x21=0x00000001
       81073000	     40436	8000566e	03f300b3	mul	x1,x6,x31	  x6:0x00000000 x31:0x00000001  x1=0x00000000
       81097000	     40448	80005672	41865cb3	sra	x25,x12,x24	 x12:0xffb78000 x24:0xfffffc28 x25=0xffffb780
       81105000	     40452	80005676	87a8f597	auipc	x11,0x87a8f	 x11=0x07a94676
       81127000	     40463	8000567a	144bf413	andi	x8,x23,324	 x23:0x00000000  x8=0x00000000
       81129000	     40464	8000567e	9d16	c.add	x26,x5	 x26:0x00000000  x5:0x8001add4 x26=0x8001add4
       81221000	     40510	80005680	027accb3	div	x25,x21,x7	 x21:0x00000001  x7:0x00000001 x25=0x00000001
       81223000	     40511	80005684	13a06093	ori	x1,x0,314	  x0:0x00000000  x1=0x0000013a
       81225000	     40512	80005688	1c1c	c.addi4spn	x15,x2,560	 x15=0x00000231
       81227000	     40513	8000568a	012ad233	srl	x4,x21,x18	 x21:0x00000001 x18:0x00000000  x4=0x00000001
       81251000	     40525	8000568e	4139d213	srai	x4,x19,0x13	 x19:0x8001ee7c  x4=0xfffff000
       81253000	     40526	80005692	0d24c013	xori	x0,x9,210	  x9:0x8001addf  x0=0x00000000
       81277000	     40538	80005696	01896e63	bltu	x18,x24,800056b2	 x18:0x00000000 x24:0xfffffc28  x0=0x00000000
       81361000	     40580	800056b2	020a01b3	mul	x3,x20,x0	 x20:0xfb215000  x0:0x00000000  x3=0x00000000
       81363000	     40581	800056b6	8f7d	c.and	x14,x15	 x14:0x0000001d x15:0x00000231 x14=0x00000011
       81365000	     40582	800056b8	340058f3	csrrwi	x17,mscratch,0	 x17=0x00000001
       81391000	     40595	800056bc	61d9	c.lui	x3,0x16	  x3=0x00016000
       81393000	     40596	800056be	839d	c.srli	x15,0x7	 x15:0x00000231 x15=0x00000004
       81399000	     40599	800056c0	034b08b3	mul	x17,x22,x20	 x22:0x00000081 x20:0xfb215000 x17=0x8bc95000
       81401000	     40600	800056c4	0042f763	bgeu	x5,x4,800056d2	  x5:0x8001add4  x4:0xfffff000  x0=0x00000000
       81415000	     40607	800056c8	0ff0000f	fence	iorwiorwiorwiorwiorwiorwiorwiorwiorwiorwiorwiorwiorwiorwiorwiorwiorwiorwiorwiorwiorwiorwiorwiorwiorwiorwiorwiorwiorwiorwiorwiorwiorwiorwiorwiorwiorwiorwiorwiorwiorwiorwiorwiorwiorwiorwiorwiorwiorwiorwiorwiorwiorwiorwiorwiorwiorwiorwiorwiorwiorwiorwiorwiorwiorwiorwiorwiorwiorwiorwiorwiorwiorwiorwiorwiorwiorwiorwiorwiorwiorwiorwiorwiorwiorwiorwiorwiorwiorwiorwiorwiorwiorwiorwiorwiorwiorwiorwiorwiorwiorwiorwiorwiorwiorwiorwiorwiorwiorw,iorwiorwiorwiorwiorwiorwiorwiorwiorwiorwiorwiorwiorwiorwiorwiorwiorwiorwiorwiorwiorwiorwiorwiorwiorwiorwiorwiorwiorwiorwiorwiorwiorwiorwiorwiorwiorwiorwiorwiorwiorwiorwiorwiorwiorwiorwiorwiorwiorwiorwiorwiorwiorwiorwiorwiorwiorwiorwiorwiorwiorwiorwiorwiorwiorwiorwiorwiorwiorwiorwiorwiorwiorwiorwiorwiorwiorwiorwiorwiorwiorwiorwiorwiorwiorwiorwiorwiorwiorwiorwiorwiorwiorwiorwiorwiorwiorwiorwiorwiorwiorwiorwiorwiorwiorwiorwiorwiorwiorwiorw	
       81417000	     40608	800056cc	0c6d	c.addi	x24,27	 x24:0xfffffc28 x24=0xfffffc43
       81457000	     40628	800056ce	340891f3	csrrw	x3,mscratch,x17	 x17:0x8bc95000  x3=0x00000000
       81459000	     40629	800056d2	03a2	c.slli	x7,0x8	  x7:0x00000001  x7=0x00000100
       81463000	     40631	800056d4	00664463	blt	x12,x6,800056dc	 x12:0xffb78000  x6:0x00000000  x0=0x00000000
       81509000	     40654	800056dc	e515	c.bnez	x10,80005708	 x10:0x00000000
       81523000	     40661	800056de	01f36033	or	x0,x6,x31	  x6:0x00000000 x31:0x00000001  x0=0x00000000
       81553000	     40676	800056e2	01215b63	bge	x2,x18,800056f8	  x2:0x00000001 x18:0x00000000  x0=0x00000000
       81571000	     40685	800056e6	bd9c46b7	lui	x13,0xbd9c4	 x13=0xbd9c4000
       81647000	     40723	800056ea	029374b3	remu	x9,x6,x9	  x6:0x00000000  x9:0x8001addf  x9=0x00000000
       81649000	     40724	800056ee	00ef5533	srl	x10,x30,x14	 x30:0x00000000 x14:0x00000011 x10=0x00000000
       81651000	     40725	800056f2	8825	c.andi	x8,9	  x8:0x00000000  x8=0x00000000
       81653000	     40726	800056f4	340e7f73	csrrci	x30,mscratch,28	 x30=0x8bc95000
       81673000	     40736	800056f8	02f6ed63	bltu	x13,x15,80005732	 x13:0xbd9c4000 x15:0x00000004  x0=0x00000000
       81701000	     40750	800056fc	40ca8433	sub	x8,x21,x12	 x21:0x00000001 x12:0xffb78000  x8=0x00488001
       81727000	     40763	80005700	f3c06113	ori	x2,x0,-196	  x0:0x00000000  x2=0xffffff3c
       81761000	     40780	80005704	01c86d63	bltu	x16,x28,8000571e	 x16:0xffff8520 x28:0x00000000  x0=0x00000000
       81771000	     40785	80005708	01c89913	slli	x18,x17,0x1c	 x17:0x8bc95000 x18=0x00000000
       81779000	     40789	8000570c	03eab0b3	mulhu	x1,x21,x30	 x21:0x00000001 x30:0x8bc95000  x1=0x00000000
       81795000	     40797	80005710	57fd	c.li	x15,-1	 x15=0xffffffff
       81821000	     40810	80005712	03050663	beq	x10,x16,8000573e	 x10:0x00000000 x16:0xffff8520  x0=0x00000000
       81839000	     40819	80005716	34052ef3	csrrs	x29,mscratch,x10	 x10:0x00000000 x29=0x8bc95000
       81841000	     40820	8000571a	039c6c63	bltu	x24,x25,80005752	 x24:0xfffffc43 x25:0x00000001  x0=0x00000000
       81843000	     40821	8000571e	340e5d73	csrrwi	x26,mscratch,28	 x26=0x8bc95000
       81855000	     40827	80005722	02440fb3	mul	x31,x8,x4	  x8:0x00488001  x4:0xfffff000 x31=0x77fff000
       81893000	     40846	80005726	e3548113	addi	x2,x9,-459	  x9:0x00000000  x2=0xfffffe35
       81895000	     40847	8000572a	34036af3	csrrsi	x21,mscratch,6	 x21=0x0000001c
       81897000	     40848	8000572e	40fc5b13	srai	x22,x24,0xf	 x24:0xfffffc43 x22=0xffffffff
       81899000	     40849	80005732	1b14	c.addi4spn	x13,x2,432	 x13=0xffffffe5
       81901000	     40850	80005734	014a5713	srli	x14,x20,0x14	 x20:0xfb215000 x14=0x00000fb2
       81919000	     40859	80005738	3408e4f3	csrrsi	x9,mscratch,17	  x9=0x0000001e
       81931000	     40865	8000573c	1794	c.addi4spn	x13,x2,992	 x13=0x00000215
       81933000	     40866	8000573e	a741d217	auipc	x4,0xa741d	  x4=0x2742273e
       81949000	     40874	80005742	402f8d33	sub	x26,x31,x2	 x31:0x77fff000  x2:0xfffffe35 x26=0x77fff1cb
       81951000	     40875	80005746	02a28a63	beq	x5,x10,8000577a	  x5:0x8001add4 x10:0x00000000  x0=0x00000000
       82019000	     40909	8000574a	03f6beb3	mulhu	x29,x13,x31	 x13:0x00000215 x31:0x77fff000 x29=0x000000f9
       82055000	     40927	8000574e	d8246a93	ori	x21,x8,-638	  x8:0x00488001 x21=0xfffffd83
       82057000	     40928	80005752	67945537	lui	x10,0x67945	 x10=0x67945000
       82071000	     40935	80005756	f70330b7	lui	x1,0xf7033	  x1=0xf7033000
       82073000	     40936	8000575a	0001	c.addi	x0,0	  x0:0x00000000  x0=0x00000000
       82075000	     40937	8000575c	8e65	c.and	x12,x9	 x12:0xffb78000  x9:0x0000001e x12=0x00000000
       82077000	     40938	8000575e	8ee9	c.and	x13,x10	 x13:0x00000215 x10:0x67945000 x13=0x00000000
       82101000	     40950	80005760	ed9d	c.bnez	x11,8000579e	 x11:0x07a94676
       82147000	     40973	8000579e	340a13f3	csrrw	x7,mscratch,x20	 x20:0xfb215000  x7=0x0000001f
       82169000	     40984	800057a2	34076bf3	csrrsi	x23,mscratch,14	 x23=0xfb215000
       82173000	     40986	800057a6	e789	c.bnez	x15,800057b0	 x15:0xffffffff
       82223000	     41011	800057b0	013570b3	and	x1,x10,x19	 x10:0x67945000 x19:0x8001ee7c  x1=0x00004000
       82225000	     41012	800057b4	41e107b3	sub	x15,x2,x30	  x2:0xfffffe35 x30:0x8bc95000 x15=0x7436ae35
       82247000	     41023	800057b8	0005ecb3	or	x25,x11,x0	 x11:0x07a94676  x0:0x00000000 x25=0x07a94676
       82249000	     41024	800057bc	01824ab3	xor	x21,x4,x24	  x4:0x2742273e x24:0xfffffc43 x21=0xd8bddb7d
       82291000	     41045	800057c0	03028063	beq	x5,x16,800057e0	  x5:0x8001add4 x16:0xffff8520  x0=0x00000000
       82293000	     41046	800057c4	34083bf3	csrrc	x23,mscratch,x16	 x16:0xffff8520 x23=0xfb21500e
       82311000	     41055	800057c8	060a	c.slli	x12,0x2	 x12:0x00000000 x12=0x00000000
       82323000	     41061	800057ca	17f67893	andi	x17,x12,383	 x12:0x00000000 x17=0x00000000
       82339000	     41069	800057ce	0236d7b3	divu	x15,x13,x3	 x13:0x00000000  x3:0x00000000 x15=0xffffffff
       82359000	     41079	800057d2	01f4ea63	bltu	x9,x31,800057e6	  x9:0x0000001e x31:0x77fff000  x0=0x00000000
       82393000	     41096	800057e6	0ff0000f	fence	iorwiorwiorwiorwiorwiorwiorwiorwiorwiorwiorwiorwiorwiorwiorwiorwiorwiorwiorwiorwiorwiorwiorwiorwiorwiorwiorwiorwiorwiorwiorwiorwiorwiorwiorwiorwiorwiorwiorwiorwiorwiorwiorwiorwiorwiorwiorwiorwiorwiorwiorwiorwiorwiorwiorwiorwiorwiorwiorwiorwiorwiorwiorwiorwiorwiorwiorwiorwiorwiorwiorwiorwiorwiorwiorwiorwiorwiorwiorwiorwiorwiorwiorwiorwiorwiorwiorwiorwiorwiorwiorwiorwiorwiorwiorwiorwiorwiorwiorwiorwiorwiorwiorwiorwiorwiorwiorwiorwiorwiorwiorw,iorwiorwiorwiorwiorwiorwiorwiorwiorwiorwiorwiorwiorwiorwiorwiorwiorwiorwiorwiorwiorwiorwiorwiorwiorwiorwiorwiorwiorwiorwiorwiorwiorwiorwiorwiorwiorwiorwiorwiorwiorwiorwiorwiorwiorwiorwiorwiorwiorwiorwiorwiorwiorwiorwiorwiorwiorwiorwiorwiorwiorwiorwiorwiorwiorwiorwiorwiorwiorwiorwiorwiorwiorwiorwiorwiorwiorwiorwiorwiorwiorwiorwiorwiorwiorwiorwiorwiorwiorwiorwiorwiorwiorwiorwiorwiorwiorwiorwiorwiorwiorwiorwiorwiorwiorwiorwiorwiorwiorwiorwiorwiorw	
       82395000	     41097	800057ea	717d	c.addi16sp	x2,-16	  x2:0xfffffe35  x2=0xfffffe25
       82405000	     41102	800057ec	0001	c.addi	x0,0	  x0:0x00000000  x0=0x00000000
       82407000	     41103	800057ee	820d	c.srli	x12,0x3	 x12:0x00000000 x12=0x00000000
       82449000	     41124	800057f0	0ff0000f	fence	iorwiorwiorwiorwiorwiorwiorwiorwiorwiorwiorwiorwiorwiorwiorwiorwiorwiorwiorwiorwiorwiorwiorwiorwiorwiorwiorwiorwiorwiorwiorwiorwiorwiorwiorwiorwiorwiorwiorwiorwiorwiorwiorwiorwiorwiorwiorwiorwiorwiorwiorwiorwiorwiorwiorwiorwiorwiorwiorwiorwiorwiorwiorwiorwiorwiorwiorwiorwiorwiorwiorwiorwiorwiorwiorwiorwiorwiorwiorwiorwiorwiorwiorwiorwiorwiorwiorwiorwiorwiorwiorwiorwiorwiorwiorwiorwiorwiorwiorwiorwiorwiorwiorwiorwiorwiorwiorwiorwiorwiorwiorwiorwiorw,iorwiorwiorwiorwiorwiorwiorwiorwiorwiorwiorwiorwiorwiorwiorwiorwiorwiorwiorwiorwiorwiorwiorwiorwiorwiorwiorwiorwiorwiorwiorwiorwiorwiorwiorwiorwiorwiorwiorwiorwiorwiorwiorwiorwiorwiorwiorwiorwiorwiorwiorwiorwiorwiorwiorwiorwiorwiorwiorwiorwiorwiorwiorwiorwiorwiorwiorwiorwiorwiorwiorwiorwiorwiorwiorwiorwiorwiorwiorwiorwiorwiorwiorwiorwiorwiorwiorwiorwiorwiorwiorwiorwiorwiorwiorwiorwiorwiorwiorwiorwiorwiorwiorwiorwiorwiorwiorwiorwiorwiorwiorwiorwiorwiorw	
       82491000	     41145	800057f4	3402e173	csrrsi	x2,mscratch,5	  x2=0x0000500e
       82509000	     41154	800057f8	03721f33	mulh	x30,x4,x23	  x4:0x2742273e x23:0xfb21500e x30=0xff40d109
       82515000	     41157	800057fc	01b28b33	add	x22,x5,x27	  x5:0x8001add4 x27:0x00000001 x22=0x8001add5
       82519000	     41159	80005800	010351b3	srl	x3,x6,x16	  x6:0x00000000 x16:0xffff8520  x3=0x00000000
       82561000	     41180	80005804	4103d413	srai	x8,x7,0x10	  x7:0x0000001f  x8=0x00000000
       82579000	     41189	80005808	8dd1	c.or	x11,x12	 x11:0x07a94676 x12:0x00000000 x11=0x07a94676
       82581000	     41190	8000580a	0001	c.addi	x0,0	  x0:0x00000000  x0=0x00000000
       82583000	     41191	8000580c	00c54e33	xor	x28,x10,x12	 x10:0x67945000 x12:0x00000000 x28=0x67945000
       82589000	     41194	80005810	86ee	c.mv	x13,x27	  x0:0x00000000 x27:0x00000001 x13=0x00000001
       82599000	     41199	80005812	40565ab3	sra	x21,x12,x5	 x12:0x00000000  x5:0x8001add4 x21=0x00000000
       82601000	     41200	80005816	6ff9	c.lui	x31,0x1e	 x31=0x0001e000
       82675000	     41237	80005818	03d7ceb3	div	x29,x15,x29	 x15:0xffffffff x29:0x000000f9 x29=0x00000000
       82677000	     41238	8000581c	80c5	c.srli	x9,0x11	  x9:0x0000001e  x9=0x00000000
       82679000	     41239	8000581e	1d69af93	slti	x31,x19,470	 x19:0x8001ee7c x31=0x00000001
       82753000	     41276	80005822	021ed933	divu	x18,x29,x1	 x29:0x00000000  x1:0x00004000 x18=0x00000000
       82755000	     41277	80005826	8ead	c.xor	x13,x11	 x13:0x00000001 x11:0x07a94676 x13=0x07a94677
       82757000	     41278	80005828	1cdfb693	sltiu	x13,x31,461	 x31:0x00000001 x13=0x00000001
       82759000	     41279	8000582c	8fbd	c.xor	x15,x15	 x15:0xffffffff x15:0xffffffff x15=0x00000000
       82793000	     41296	8000582e	01033cb3	sltu	x25,x6,x16	  x6:0x00000000 x16:0xffff8520 x25=0x00000001
       82817000	     41308	80005832	00112c33	slt	x24,x2,x1	  x2:0x0000500e  x1:0x00004000 x24=0x00000000
       82823000	     41311	80005836	01dc45b3	xor	x11,x24,x29	 x24:0x00000000 x29:0x00000000 x11=0x00000000
       82851000	     41325	8000583a	d9f7b013	sltiu	x0,x15,-609	 x15:0x00000000  x0=0x00000000
       82893000	     41346	8000583e	cfbfce93	xori	x29,x31,-773	 x31:0x00000001 x29=0xfffffcfa
       82913000	     41356	80005842	e9cdf113	andi	x2,x27,-356	 x27:0x00000001  x2=0x00000000
       82995000	     41397	80005846	02aae133	rem	x2,x21,x10	 x21:0x00000000 x10:0x67945000  x2=0x00000000
       82997000	     41398	8000584a	03240393	addi	x7,x8,50	  x8:0x00000000  x7=0x00000032
       83005000	     41402	8000584e	03cbb433	mulhu	x8,x23,x28	 x23:0xfb21500e x28:0x67945000  x8=0x659be4f2
       83007000	     41403	80005852	28960813	addi	x16,x12,649	 x12:0x00000000 x16=0x00000289
       83027000	     41413	80005856	029eef33	rem	x30,x29,x9	 x29:0xfffffcfa  x9:0x00000000 x30=0xfffffcfa
       83045000	     41422	8000585a	0ff0000f	fence	iorwiorwiorwiorwiorwiorwiorwiorwiorwiorwiorwiorwiorwiorwiorwiorwiorwiorwiorwiorwiorwiorwiorwiorwiorwiorwiorwiorwiorwiorwiorwiorwiorwiorwiorwiorwiorwiorwiorwiorwiorwiorwiorwiorwiorwiorwiorwiorwiorwiorwiorwiorwiorwiorwiorwiorwiorwiorwiorwiorwiorwiorwiorwiorwiorwiorwiorwiorwiorwiorwiorwiorwiorwiorwiorwiorwiorwiorwiorwiorwiorwiorwiorwiorwiorwiorwiorwiorwiorwiorwiorwiorwiorwiorwiorwiorwiorwiorwiorwiorwiorwiorwiorwiorwiorwiorwiorwiorwiorwiorwiorwiorwiorwiorwiorw,iorwiorwiorwiorwiorwiorwiorwiorwiorwiorwiorwiorwiorwiorwiorwiorwiorwiorwiorwiorwiorwiorwiorwiorwiorwiorwiorwiorwiorwiorwiorwiorwiorwiorwiorwiorwiorwiorwiorwiorwiorwiorwiorwiorwiorwiorwiorwiorwiorwiorwiorwiorwiorwiorwiorwiorwiorwiorwiorwiorwiorwiorwiorwiorwiorwiorwiorwiorwiorwiorwiorwiorwiorwiorwiorwiorwiorwiorwiorwiorwiorwiorwiorwiorwiorwiorwiorwiorwiorwiorwiorwiorwiorwiorwiorwiorwiorwiorwiorwiorwiorwiorwiorwiorwiorwiorwiorwiorwiorwiorwiorwiorwiorwiorwiorwiorw	
       83057000	     41428	8000585e	01b25c33	srl	x24,x4,x27	  x4:0x2742273e x27:0x00000001 x24=0x13a1139f
       83083000	     41441	80005862	41e680b3	sub	x1,x13,x30	 x13:0x00000001 x30:0xfffffcfa  x1=0x00000307
       83111000	     41455	80005866	02700933	mul	x18,x0,x7	  x0:0x00000000  x7:0x00000032 x18=0x00000000
       83113000	     41456	8000586a	0ff0000f	fence	iorwiorwiorwiorwiorwiorwiorwiorwiorwiorwiorwiorwiorwiorwiorwiorwiorwiorwiorwiorwiorwiorwiorwiorwiorwiorwiorwiorwiorwiorwiorwiorwiorwiorwiorwiorwiorwiorwiorwiorwiorwiorwiorwiorwiorwiorwiorwiorwiorwiorwiorwiorwiorwiorwiorwiorwiorwiorwiorwiorwiorwiorwiorwiorwiorwiorwiorwiorwiorwiorwiorwiorwiorwiorwiorwiorwiorwiorwiorwiorwiorwiorwiorwiorwiorwiorwiorwiorwiorwiorwiorwiorwiorwiorwiorwiorwiorwiorwiorwiorwiorwiorwiorwiorwiorwiorwiorwiorwiorwiorwiorwiorwiorwiorwiorwiorwiorw,iorwiorwiorwiorwiorwiorwiorwiorwiorwiorwiorwiorwiorwiorwiorwiorwiorwiorwiorwiorwiorwiorwiorwiorwiorwiorwiorwiorwiorwiorwiorwiorwiorwiorwiorwiorwiorwiorwiorwiorwiorwiorwiorwiorwiorwiorwiorwiorwiorwiorwiorwiorwiorwiorwiorwiorwiorwiorwiorwiorwiorwiorwiorwiorwiorwiorwiorwiorwiorwiorwiorwiorwiorwiorwiorwiorwiorwiorwiorwiorwiorwiorwiorwiorwiorwiorwiorwiorwiorwiorwiorwiorwiorwiorwiorwiorwiorwiorwiorwiorwiorwiorwiorwiorwiorwiorwiorwiorwiorwiorwiorwiorwiorwiorwiorwiorwiorwiorw	
       83125000	     41462	8000586e	005e2b93	slti	x23,x28,5	 x28:0x67945000 x23=0x00000000
       83167000	     41483	80005872	00eb5e13	srli	x28,x22,0xe	 x22:0x8001add5 x28=0x00020006
       83169000	     41484	80005876	0021cc33	xor	x24,x3,x2	  x3:0x00000000  x2:0x00000000 x24=0x00000000
       83191000	     41495	8000587a	029ffb33	remu	x22,x31,x9	 x31:0x00000001  x9:0x00000000 x22=0x00000001
       83283000	     41541	8000587e	02ea4833	div	x16,x20,x14	 x20:0xfb215000 x14:0x00000fb2 x16=0xffffb092
       83285000	     41542	80005882	8289	c.srli	x13,0x2	 x13:0x00000001 x13=0x00000000
       83289000	     41544	80005884	03125133	divu	x2,x4,x17	  x4:0x2742273e x17:0x00000000  x2=0xffffffff
       83291000	     41545	80005888	055a	c.slli	x10,0x16	 x10:0x67945000 x10=0x00000000
       83323000	     41561	8000588a	02fd57b3	divu	x15,x26,x15	 x26:0x77fff1cb x15:0x00000000 x15=0xffffffff
       83325000	     41562	8000588e	8569	c.srai	x10,0x1a	 x10:0x00000000 x10=0x00000000
       83331000	     41565	80005890	05ade263	bltu	x27,x26,800058d4	 x27:0x00000001 x26:0x77fff1cb  x0=0x00000000
       83463000	     41631	800058d4	03c0f6b3	remu	x13,x1,x28	  x1:0x00000307 x28:0x00020006 x13=0x00000307
       83465000	     41632	800058d8	0310d863	bge	x1,x17,80005908	  x1:0x00000307 x17:0x00000000  x0=0x00000000
       83467000	     41633	800058dc	0001	c.addi	x0,0	  x0:0x00000000  x0=0x00000000
       83469000	     41634	800058de	c3c7f593	andi	x11,x15,-964	 x15:0xffffffff x11=0xfffffc3c
       83493000	     41646	800058e2	340336f3	csrrc	x13,mscratch,x6	  x6:0x00000000 x13=0x0000500f
       83501000	     41650	800058e6	f5bea813	slti	x16,x29,-165	 x29:0xfffffcfa x16=0x00000001
       83523000	     41661	800058ea	01430ab3	add	x21,x6,x20	  x6:0x00000000 x20:0xfb215000 x21=0xfb215000
       83561000	     41680	800058ee	40d15793	srai	x15,x2,0xd	  x2:0xffffffff x15=0xffffffff
       83563000	     41681	800058f2	87c9	c.srai	x15,0x12	 x15:0xffffffff x15=0xffffffff
       83569000	     41684	800058f4	02bf0563	beq	x30,x11,8000591e	 x30:0xfffffcfa x11:0xfffffc3c  x0=0x00000000
       83595000	     41697	800058f8	0280bf33	mulhu	x30,x1,x8	  x1:0x00000307  x8:0x659be4f2 x30=0x00000133
       83599000	     41699	800058fc	02690c63	beq	x18,x6,80005934	 x18:0x00000000  x6:0x00000000  x0=0x00000000
       83621000	     41710	80005934	40f15533	sra	x10,x2,x15	  x2:0xffffffff x15:0xffffffff x10=0xffffffff
       83625000	     41712	80005938	3405b4f3	csrrc	x9,mscratch,x11	 x11:0xfffffc3c  x9=0x0000500f
       83647000	     41723	8000593c	3404e973	csrrsi	x18,mscratch,9	 x18=0x00000003
       83657000	     41728	80005940	013d	c.addi	x2,15	  x2:0xffffffff  x2=0x0000000e
       83695000	     41747	80005942	0274b233	mulhu	x4,x9,x7	  x9:0x0000500f  x7:0x00000032  x4=0x00000000
       83697000	     41748	80005946	9f6a	c.add	x30,x26	 x30:0x00000133 x26:0x77fff1cb x30=0x77fff2fe
       83709000	     41754	80005948	00c10db3	add	x27,x2,x12	  x2:0x0000000e x12:0x00000000 x27=0x0000000e
       83735000	     41767	8000594c	41630533	sub	x10,x6,x22	  x6:0x00000000 x22:0x00000001 x10=0xffffffff
       83737000	     41768	80005950	ccc83713	sltiu	x14,x16,-820	 x16:0x00000001 x14=0x00000001
       83755000	     41777	80005954	0061ae33	slt	x28,x3,x6	  x3:0x00000000  x6:0x00000000 x28=0x00000000
       83815000	     41807	80005958	40c5d733	sra	x14,x11,x12	 x11:0xfffffc3c x12:0x00000000 x14=0xfffffc3c
       83817000	     41808	8000595c	0015c933	xor	x18,x11,x1	 x11:0xfffffc3c  x1:0x00000307 x18=0xffffff3b
       83831000	     41815	80005960	6659	c.lui	x12,0x16	 x12=0x00016000
       83879000	     41839	80005962	026a15b3	mulh	x11,x20,x6	 x20:0xfb215000  x6:0x00000000 x11=0x00000000
       83887000	     41843	80005966	03da2a33	mulhsu	x20,x20,x29	 x20:0xfb215000 x29:0xfffffcfa x20=0xfb21500e
       83899000	     41849	8000596a	23f22593	slti	x11,x4,575	  x4:0x00000000 x11=0x00000001
       83901000	     41850	8000596e	8e7d	c.and	x12,x15	 x12:0x00016000 x15:0xffffffff x12=0x00016000
       83905000	     41852	80005970	34026df3	csrrsi	x27,mscratch,4	 x27=0x0000000b
       83925000	     41862	80005974	19234c13	xori	x24,x6,402	  x6:0x00000000 x24=0x00000192
       83953000	     41876	80005978	00695893	srli	x17,x18,0x6	 x18:0xffffff3b x17=0x03fffffc
       83959000	     41879	8000597c	12d52013	slti	x0,x10,301	 x10:0xffffffff  x0=0x00000000
       83983000	     41891	80005980	8ad6	c.mv	x21,x21	  x0:0x00000000 x21:0xfb215000 x21=0xfb215000
       84003000	     41901	80005982	419d5cb3	sra	x25,x26,x25	 x26:0x77fff1cb x25:0x00000001 x25=0x3bfff8e5
       84033000	     41916	80005986	02a16763	bltu	x2,x10,800059b4	  x2:0x0000000e x10:0xffffffff  x0=0x00000000
       84039000	     41919	800059b4	02427f33	remu	x30,x4,x4	  x4:0x00000000  x4:0x00000000 x30=0x00000000
       84059000	     41929	800059b8	ff4413b7	lui	x7,0xff441	  x7=0xff441000
       84095000	     41947	800059bc	00d640b3	xor	x1,x12,x13	 x12:0x00016000 x13:0x0000500f  x1=0x0001300f
       84097000	     41948	800059c0	02b78a63	beq	x15,x11,800059f4	 x15:0xffffffff x11:0x00000001  x0=0x00000000
       84115000	     41957	800059c4	340e6573	csrrsi	x10,mscratch,28	 x10=0x0000000f
       84147000	     41973	800059c8	36eefb93	andi	x23,x29,878	 x29:0xfffffcfa x23=0x0000006a
       84149000	     41974	800059cc	cdceb893	sltiu	x17,x29,-804	 x29:0xfffffcfa x17=0x00000000
       84157000	     41978	800059d0	9ebe	c.add	x29,x15	 x29:0xfffffcfa x15:0xffffffff x29=0xfffffcf9
       84159000	     41979	800059d2	8f45	c.or	x14,x9	 x14:0xfffffc3c  x9:0x0000500f x14=0xfffffc3f
       84199000	     41999	800059d4	0196d113	srli	x2,x13,0x19	 x13:0x0000500f  x2=0x00000000
       84201000	     42000	800059d8	87a9	c.srai	x15,0xa	 x15:0xffffffff x15=0xffffffff
       84209000	     42004	800059da	03d23633	mulhu	x12,x4,x29	  x4:0x00000000 x29:0xfffffcf9 x12=0x00000000
       84211000	     42005	800059de	9ede	c.add	x29,x23	 x29:0xfffffcf9 x23:0x0000006a x29=0xfffffd63
       84225000	     42012	800059e0	00dd77b3	and	x15,x26,x13	 x26:0x77fff1cb x13:0x0000500f x15=0x0000500b
       84253000	     42026	800059e4	02d51a33	mulh	x20,x10,x13	 x10:0x0000000f x13:0x0000500f x20=0x00000000
       84271000	     42035	800059e8	0096dd63	bge	x13,x9,80005a02	 x13:0x0000500f  x9:0x0000500f  x0=0x00000000
       84457000	     42128	80005a02	0305ed33	rem	x26,x11,x16	 x11:0x00000001 x16:0x00000001 x26=0x00000000
       84459000	     42129	80005a06	00dd1f93	slli	x31,x26,0xd	 x26:0x00000000 x31=0x00000000
       84461000	     42130	80005a0a	340ab673	csrrc	x12,mscratch,x21	 x21:0xfb215000 x12=0x0000001f
       84491000	     42145	80005a0e	037421b3	mulhsu	x3,x8,x23	  x8:0x659be4f2 x23:0x0000006a  x3=0x0000002a
       84493000	     42146	80005a12	85c9	c.srai	x11,0x12	 x11:0x00000001 x11=0x00000000
       84509000	     42154	80005a14	e489	c.bnez	x9,80005a1e	  x9:0x0000500f
       84565000	     42182	80005a1e	ea0aa213	slti	x4,x21,-352	 x21:0xfb215000  x4=0x00000001
       84567000	     42183	80005a22	c71d	c.beqz	x14,80005a50	 x14:0xfffffc3f
       84605000	     42202	80005a24	02602eb3	mulhsu	x29,x0,x6	  x0:0x00000000  x6:0x00000000 x29=0x00000000
       84609000	     42204	80005a28	ddf1e213	ori	x4,x3,-545	  x3:0x0000002a  x4=0xfffffdff
       84635000	     42217	80005a2c	03cdfdb3	remu	x27,x27,x28	 x27:0x0000000b x28:0x00000000 x27=0x0000000b
       84643000	     42221	80005a30	03c6ac33	mulhsu	x24,x13,x28	 x13:0x0000500f x28:0x00000000 x24=0x00000000
       84675000	     42237	80005a34	01fe1b93	slli	x23,x28,0x1f	 x28:0x00000000 x23=0x00000000
       84779000	     42289	80005a38	0255deb3	divu	x29,x11,x5	 x11:0x00000000  x5:0x8001add4 x29=0x00000000
       84787000	     42293	80005a3c	02ff1733	mulh	x14,x30,x15	 x30:0x00000000 x15:0x0000500b x14=0x00000000
       84789000	     42294	80005a40	01e25b33	srl	x22,x4,x30	  x4:0xfffffdff x30:0x00000000 x22=0xfffffdff
       84791000	     42295	80005a44	0036bc33	sltu	x24,x13,x3	 x13:0x0000500f  x3:0x0000002a x24=0x00000000
       84793000	     42296	80005a48	340c5973	csrrwi	x18,mscratch,24	 x18=0x0000001f
       84795000	     42297	80005a4c	0429e363	bltu	x19,x2,80005a92	 x19:0x8001ee7c  x2:0x00000000  x0=0x00000000
       84797000	     42298	80005a50	010bcfb3	xor	x31,x23,x16	 x23:0x00000000 x16:0x00000001 x31=0x00000001
       84805000	     42302	80005a54	5efd	c.li	x29,-1	 x29=0xffffffff
       84939000	     42369	80005a56	0331fb33	remu	x22,x3,x19	  x3:0x0000002a x19:0x8001ee7c x22=0x0000002a
       84941000	     42370	80005a5a	6129	c.addi16sp	x2,192	  x2:0x00000000  x2=0x000000c0
       84943000	     42371	80005a5c	8035	c.srli	x8,0xd	  x8:0x659be4f2  x8=0x00032cdf
       84945000	     42372	80005a5e	d4187213	andi	x4,x16,-703	 x16:0x00000001  x4=0x00000001
       84947000	     42373	80005a62	0001	c.addi	x0,0	  x0:0x00000000  x0=0x00000000
       84949000	     42374	80005a64	0192da13	srli	x20,x5,0x19	  x5:0x8001add4 x20=0x00000040
       84951000	     42375	80005a68	6085	c.lui	x1,0x1	  x1=0x00001000
       85045000	     42422	80005a6a	03d6e133	rem	x2,x13,x29	 x13:0x0000500f x29:0xffffffff  x2=0x00000000
       85047000	     42423	80005a6e	340590f3	csrrw	x1,mscratch,x11	 x11:0x00000000  x1=0x00000018
       85049000	     42424	80005a72	3401b573	csrrc	x10,mscratch,x3	  x3:0x0000002a x10=0x00000000
       85175000	     42487	80005a76	0244e1b3	rem	x3,x9,x4	  x9:0x0000500f  x4:0x00000001  x3=0x00000000
       85177000	     42488	80005a7a	340cb673	csrrc	x12,mscratch,x25	 x25:0x3bfff8e5 x12=0x00000000
       85181000	     42490	80005a7e	0233efb3	rem	x31,x7,x3	  x7:0xff441000  x3:0x00000000 x31=0xff441000
       85231000	     42515	80005a82	17468c93	addi	x25,x13,372	 x13:0x0000500f x25=0x00005183
       85233000	     42516	80005a86	035ee663	bltu	x29,x21,80005ab2	 x29:0xffffffff x21:0xfb215000  x0=0x00000000
       85243000	     42521	80005a8a	3677a593	slti	x11,x15,871	 x15:0x0000500b x11=0x00000000
       85305000	     42552	80005a8e	02067763	bgeu	x12,x0,80005abc	 x12:0x00000000  x0:0x00000000  x0=0x00000000
       85367000	     42583	80005abc	587d	c.li	x16,-1	 x16=0xffffffff
       85377000	     42588	80005abe	31d7f113	andi	x2,x15,797	 x15:0x0000500b  x2=0x00000009
       85379000	     42589	80005ac2	1c436493	ori	x9,x6,452	  x6:0x00000000  x9=0x000001c4
       85385000	     42592	80005ac6	01696233	or	x4,x18,x22	 x18:0x0000001f x22:0x0000002a  x4=0x0000003f
       85415000	     42607	80005aca	00b0d3b3	srl	x7,x1,x11	  x1:0x00000018 x11:0x00000000  x7=0x00000018
       85421000	     42610	80005ace	340e5773	csrrwi	x14,mscratch,28	 x14=0x00000000
       85425000	     42612	80005ad2	031ed1b3	divu	x3,x29,x17	 x29:0xffffffff x17:0x00000000  x3=0xffffffff
       85427000	     42613	80005ad6	997d	c.andi	x10,-1	 x10:0x00000000 x10=0x00000000
       85437000	     42618	80005ad8	007eebb3	or	x23,x29,x7	 x29:0xffffffff  x7:0x00000018 x23=0xffffffff
       85439000	     42619	80005adc	fb73c3b7	lui	x7,0xfb73c	  x7=0xfb73c000
       85461000	     42630	80005ae0	34051af3	csrrw	x21,mscratch,x10	 x10:0x00000000 x21=0x0000001c
       85499000	     42649	80005ae4	03e0d833	divu	x16,x1,x30	  x1:0x00000018 x30:0x00000000 x16=0xffffffff
       85539000	     42669	80005ae8	34007d73	csrrci	x26,mscratch,0	 x26=0x00000000
       85547000	     42673	80005aec	34057f73	csrrci	x30,mscratch,10	 x30=0x00000000
       85565000	     42682	80005af0	00750233	add	x4,x10,x7	 x10:0x00000000  x7:0xfb73c000  x4=0xfb73c000
       85609000	     42704	80005af4	028f4b63	blt	x30,x8,80005b2a	 x30:0x00000000  x8:0x00032cdf  x0=0x00000000
       85683000	     42741	80005b2a	00f36833	or	x16,x6,x15	  x6:0x00000000 x15:0x0000500b x16=0x0000500b
       85709000	     42754	80005b2e	e5d30f93	addi	x31,x6,-419	  x6:0x00000000 x31=0xfffffe5d
       85711000	     42755	80005b32	0001	c.addi	x0,0	  x0:0x00000000  x0=0x00000000
       85719000	     42759	80005b34	8139	c.srli	x10,0xe	 x10:0x00000000 x10=0x00000000
       85739000	     42769	80005b36	02e94ab3	div	x21,x18,x14	 x18:0x0000001f x14:0x00000000 x21=0xffffffff
       85741000	     42770	80005b3a	00dd00b3	add	x1,x26,x13	 x26:0x00000000 x13:0x0000500f  x1=0x0000500f
       85745000	     42772	80005b3e	010537b3	sltu	x15,x10,x16	 x10:0x00000000 x16:0x0000500b x15=0x00000001
       85767000	     42783	80005b42	03f33833	mulhu	x16,x6,x31	  x6:0x00000000 x31:0xfffffe5d x16=0x00000000
       85769000	     42784	80005b46	dc7abf13	sltiu	x30,x21,-569	 x21:0xffffffff x30=0x00000000
       85771000	     42785	80005b4a	8cf9	c.and	x9,x14	  x9:0x000001c4 x14:0x00000000  x9=0x00000000
       85825000	     42812	80005b4c	07fd	c.addi	x15,31	 x15:0x00000001 x15=0x00000020
       85829000	     42814	80005b4e	03271163	bne	x14,x18,80005b70	 x14:0x00000000 x18:0x0000001f  x0=0x00000000
       85851000	     42825	80005b70	019f30b3	sltu	x1,x30,x25	 x30:0x00000000 x25:0x00005183  x1=0x00000001
       85879000	     42839	80005b74	02aa46b3	div	x13,x20,x10	 x20:0x00000040 x10:0x00000000 x13=0xffffffff
       85893000	     42846	80005b78	e7328793	addi	x15,x5,-397	  x5:0x8001add4 x15=0x8001ac47
       85941000	     42870	80005b7c	e77c6e13	ori	x28,x24,-393	 x24:0x00000000 x28=0xfffffe77
       85943000	     42871	80005b80	40338fb3	sub	x31,x7,x3	  x7:0xfb73c000  x3:0xffffffff x31=0xfb73c001
       85953000	     42876	80005b84	340b53f3	csrrwi	x7,mscratch,22	  x7=0x00000000
       85955000	     42877	80005b88	efceaa37	lui	x20,0xefcea	 x20=0xefcea000
       86011000	     42905	80005b8c	4199ddb3	sra	x27,x19,x25	 x19:0x8001ee7c x25:0x00005183 x27=0xf0003dcf
       86029000	     42914	80005b90	0ff0000f	fence	iorwiorwiorwiorwiorwiorwiorwiorwiorwiorwiorwiorwiorwiorwiorwiorwiorwiorwiorwiorwiorwiorwiorwiorwiorwiorwiorwiorwiorwiorwiorwiorwiorwiorwiorwiorwiorwiorwiorwiorwiorwiorwiorwiorwiorwiorwiorwiorwiorwiorwiorwiorwiorwiorwiorwiorwiorwiorwiorwiorwiorwiorwiorwiorwiorwiorwiorwiorwiorwiorwiorwiorwiorwiorwiorwiorwiorwiorwiorwiorwiorwiorwiorwiorwiorwiorwiorwiorwiorwiorwiorwiorwiorwiorwiorwiorwiorwiorwiorwiorwiorwiorwiorwiorwiorwiorwiorwiorwiorwiorwiorwiorwiorwiorwiorwiorwiorwiorwiorw,iorwiorwiorwiorwiorwiorwiorwiorwiorwiorwiorwiorwiorwiorwiorwiorwiorwiorwiorwiorwiorwiorwiorwiorwiorwiorwiorwiorwiorwiorwiorwiorwiorwiorwiorwiorwiorwiorwiorwiorwiorwiorwiorwiorwiorwiorwiorwiorwiorwiorwiorwiorwiorwiorwiorwiorwiorwiorwiorwiorwiorwiorwiorwiorwiorwiorwiorwiorwiorwiorwiorwiorwiorwiorwiorwiorwiorwiorwiorwiorwiorwiorwiorwiorwiorwiorwiorwiorwiorwiorwiorwiorwiorwiorwiorwiorwiorwiorwiorwiorwiorwiorwiorwiorwiorwiorwiorwiorwiorwiorwiorwiorwiorwiorwiorwiorwiorwiorwiorwiorw	
       86031000	     42915	80005b94	0822	c.slli	x16,0x8	 x16:0x00000000 x16=0x00000000
       86067000	     42933	80005b96	407a57b3	sra	x15,x20,x7	 x20:0xefcea000  x7:0x00000000 x15=0xefcea000
       86069000	     42934	80005b9a	0001	c.addi	x0,0	  x0:0x00000000  x0=0x00000000
       86091000	     42945	80005b9c	010806b3	add	x13,x16,x16	 x16:0x00000000 x16:0x00000000 x13=0x00000000
       86129000	     42964	80005ba0	0ff0000f	fence	iorwiorwiorwiorwiorwiorwiorwiorwiorwiorwiorwiorwiorwiorwiorwiorwiorwiorwiorwiorwiorwiorwiorwiorwiorwiorwiorwiorwiorwiorwiorwiorwiorwiorwiorwiorwiorwiorwiorwiorwiorwiorwiorwiorwiorwiorwiorwiorwiorwiorwiorwiorwiorwiorwiorwiorwiorwiorwiorwiorwiorwiorwiorwiorwiorwiorwiorwiorwiorwiorwiorwiorwiorwiorwiorwiorwiorwiorwiorwiorwiorwiorwiorwiorwiorwiorwiorwiorwiorwiorwiorwiorwiorwiorwiorwiorwiorwiorwiorwiorwiorwiorwiorwiorwiorwiorwiorwiorwiorwiorwiorwiorwiorwiorwiorwiorwiorwiorwiorwiorwiorw,iorwiorwiorwiorwiorwiorwiorwiorwiorwiorwiorwiorwiorwiorwiorwiorwiorwiorwiorwiorwiorwiorwiorwiorwiorwiorwiorwiorwiorwiorwiorwiorwiorwiorwiorwiorwiorwiorwiorwiorwiorwiorwiorwiorwiorwiorwiorwiorwiorwiorwiorwiorwiorwiorwiorwiorwiorwiorwiorwiorwiorwiorwiorwiorwiorwiorwiorwiorwiorwiorwiorwiorwiorwiorwiorwiorwiorwiorwiorwiorwiorwiorwiorwiorwiorwiorwiorwiorwiorwiorwiorwiorwiorwiorwiorwiorwiorwiorwiorwiorwiorwiorwiorwiorwiorwiorwiorwiorwiorwiorwiorwiorwiorwiorwiorwiorwiorwiorwiorwiorwiorwiorw	
       86149000	     42974	80005ba4	0ff0000f	fence	iorwiorwiorwiorwiorwiorwiorwiorwiorwiorwiorwiorwiorwiorwiorwiorwiorwiorwiorwiorwiorwiorwiorwiorwiorwiorwiorwiorwiorwiorwiorwiorwiorwiorwiorwiorwiorwiorwiorwiorwiorwiorwiorwiorwiorwiorwiorwiorwiorwiorwiorwiorwiorwiorwiorwiorwiorwiorwiorwiorwiorwiorwiorwiorwiorwiorwiorwiorwiorwiorwiorwiorwiorwiorwiorwiorwiorwiorwiorwiorwiorwiorwiorwiorwiorwiorwiorwiorwiorwiorwiorwiorwiorwiorwiorwiorwiorwiorwiorwiorwiorwiorwiorwiorwiorwiorwiorwiorwiorwiorwiorwiorwiorwiorwiorwiorwiorwiorwiorwiorwiorwiorwiorw,iorwiorwiorwiorwiorwiorwiorwiorwiorwiorwiorwiorwiorwiorwiorwiorwiorwiorwiorwiorwiorwiorwiorwiorwiorwiorwiorwiorwiorwiorwiorwiorwiorwiorwiorwiorwiorwiorwiorwiorwiorwiorwiorwiorwiorwiorwiorwiorwiorwiorwiorwiorwiorwiorwiorwiorwiorwiorwiorwiorwiorwiorwiorwiorwiorwiorwiorwiorwiorwiorwiorwiorwiorwiorwiorwiorwiorwiorwiorwiorwiorwiorwiorwiorwiorwiorwiorwiorwiorwiorwiorwiorwiorwiorwiorwiorwiorwiorwiorwiorwiorwiorwiorwiorwiorwiorwiorwiorwiorwiorwiorwiorwiorwiorwiorwiorwiorwiorwiorwiorwiorwiorwiorwiorw	
       86157000	     42978	80005ba8	03949533	mulh	x10,x9,x25	  x9:0x00000000 x25:0x00005183 x10=0x00000000
       86171000	     42985	80005bac	00d3d233	srl	x4,x7,x13	  x7:0x00000000 x13:0x00000000  x4=0x00000000
       86173000	     42986	80005bb0	167d	c.addi	x12,-1	 x12:0x00000000 x12=0xffffffff
       86211000	     43005	80005bb2	fbfaaf17	auipc	x30,0xfbfaa	 x30=0x7bfafbb2
       86213000	     43006	80005bb6	952b3697	auipc	x13,0x952b3	 x13=0x152b8bb6
       86235000	     43017	80005bba	01af63b3	or	x7,x30,x26	 x30:0x7bfafbb2 x26:0x00000000  x7=0x7bfafbb2
       86275000	     43037	80005bbe	00c50f33	add	x30,x10,x12	 x10:0x00000000 x12:0xffffffff x30=0xffffffff
       86277000	     43038	80005bc2	0cb6	c.slli	x25,0xd	 x25:0x00005183 x25=0x0a306000
       86281000	     43040	80005bc4	c339	c.beqz	x14,80005c0a	 x14:0x00000000
       86377000	     43088	80005c0a	00cddf93	srli	x31,x27,0xc	 x27:0xf0003dcf x31=0x000f0003
       86379000	     43089	80005c0e	87ce	c.mv	x15,x19	  x0:0x00000000 x19:0x8001ee7c x15=0x8001ee7c
       86381000	     43090	80005c10	3406bcf3	csrrc	x25,mscratch,x13	 x13:0x152b8bb6 x25=0x00000016
       86405000	     43102	80005c14	050d	c.addi	x10,3	 x10:0x00000000 x10=0x00000003
       86407000	     43103	80005c16	60d1	c.lui	x1,0x14	  x1=0x00014000
       86421000	     43110	80005c18	8ed1	c.or	x13,x12	 x13:0x152b8bb6 x12:0xffffffff x13=0xffffffff
       86429000	     43114	80005c1a	026d2db3	mulhsu	x27,x26,x6	 x26:0x00000000  x6:0x00000000 x27=0x00000000
       86445000	     43122	80005c1e	0105e763	bltu	x11,x16,80005c2c	 x11:0x00000000 x16:0x00000000  x0=0x00000000
       86447000	     43123	80005c22	13fd	c.addi	x7,-1	  x7:0x7bfafbb2  x7=0x7bfafbb1
       86487000	     43143	80005c24	340877f3	csrrci	x15,mscratch,16	 x15=0x00000000
       86489000	     43144	80005c28	30f8ee93	ori	x29,x17,783	 x17:0x00000000 x29=0x0000030f
       86517000	     43158	80005c2c	006d3b33	sltu	x22,x26,x6	 x26:0x00000000  x6:0x00000000 x22=0x00000000
       86539000	     43169	80005c30	0306cd33	div	x26,x13,x16	 x13:0xffffffff x16:0x00000000 x26=0xffffffff
       86553000	     43176	80005c34	01863a33	sltu	x20,x12,x24	 x12:0xffffffff x24:0x00000000 x20=0x00000000
       86555000	     43177	80005c38	010f04b3	add	x9,x30,x16	 x30:0xffffffff x16:0x00000000  x9=0xffffffff
       86567000	     43183	80005c3c	cb1a8693	addi	x13,x21,-847	 x21:0xffffffff x13=0xfffffcb0
       86585000	     43192	80005c40	00ab48b3	xor	x17,x22,x10	 x22:0x00000000 x10:0x00000003 x17=0x00000003
       86587000	     43193	80005c44	3400e973	csrrsi	x18,mscratch,1	 x18=0x00000000
       86609000	     43204	80005c48	016eebb3	or	x23,x29,x22	 x29:0x0000030f x22:0x00000000 x23=0x0000030f
       86633000	     43216	80005c4c	8d6d	c.and	x10,x11	 x10:0x00000003 x11:0x00000000 x10=0x00000000
       86675000	     43237	80005c4e	03900663	beq	x0,x25,80005c7a	  x0:0x00000000 x25:0x00000016  x0=0x00000000
       86687000	     43243	80005c52	0824b193	sltiu	x3,x9,130	  x9:0xffffffff  x3=0x00000000
       86695000	     43247	80005c56	00269fb3	sll	x31,x13,x2	 x13:0xfffffcb0  x2:0x00000009 x31=0xfff96000
       86711000	     43255	80005c5a	01661233	sll	x4,x12,x22	 x12:0xffffffff x22:0x00000000  x4=0xffffffff
       86713000	     43256	80005c5e	8cd9	c.or	x9,x14	  x9:0xffffffff x14:0x00000000  x9=0xffffffff
       86737000	     43268	80005c60	8da1	c.xor	x11,x8	 x11:0x00000000  x8:0x00032cdf x11=0x00032cdf
       86747000	     43273	80005c62	01c590b3	sll	x1,x11,x28	 x11:0x00032cdf x28:0xfffffe77  x1=0x6f800000
       86767000	     43283	80005c66	410905b3	sub	x11,x18,x16	 x18:0x00000000 x16:0x00000000 x11=0x00000000
       86773000	     43286	80005c6a	d06bc593	xori	x11,x23,-762	 x23:0x0000030f x11=0xfffffe09
       86775000	     43287	80005c6e	8795	c.srai	x15,0x5	 x15:0x00000000 x15=0x00000000
       86795000	     43297	80005c70	134ca213	slti	x4,x25,308	 x25:0x00000016  x4=0x00000001
       86837000	     43318	80005c74	1100	c.addi4spn	x8,x2,160	  x8=0x000000a9
       86857000	     43328	80005c76	015c9113	slli	x2,x25,0x15	 x25:0x00000016  x2=0x02c00000
       86865000	     43332	80005c7a	03f791b3	mulh	x3,x15,x31	 x15:0x00000000 x31:0xfff96000  x3=0x00000000
       86867000	     43333	80005c7e	00fc3ab3	sltu	x21,x24,x15	 x24:0x00000000 x15:0x00000000 x21=0x00000000
       86909000	     43354	80005c82	0237a233	mulhsu	x4,x15,x3	 x15:0x00000000  x3:0x00000000  x4=0x00000000
       86911000	     43355	80005c86	0178dfb3	srl	x31,x17,x23	 x17:0x00000003 x23:0x0000030f x31=0x00000000
       86913000	     43356	80005c8a	0075bab3	sltu	x21,x11,x7	 x11:0xfffffe09  x7:0x7bfafbb1 x21=0x00000000
       86937000	     43368	80005c8e	00255ab3	srl	x21,x10,x2	 x10:0x00000000  x2:0x02c00000 x21=0x00000000
       86939000	     43369	80005c92	0001	c.addi	x0,0	  x0:0x00000000  x0=0x00000000
       86941000	     43370	80005c94	0aba	c.slli	x21,0xe	 x21:0x00000000 x21=0x00000000
       86943000	     43371	80005c96	00ee	c.slli	x1,0x1b	  x1:0x6f800000  x1=0x00000000
       86989000	     43394	80005c98	031015b3	mulh	x11,x0,x17	  x0:0x00000000 x17:0x00000003 x11=0x00000000
       87025000	     43412	80005c9c	34012873	csrrs	x16,mscratch,x2	  x2:0x02c00000 x16=0x00000001
       87027000	     43413	80005ca0	6755	c.lui	x14,0x15	 x14=0x00015000
       87029000	     43414	80005ca2	0166	c.slli	x2,0x19	  x2:0x02c00000  x2=0x00000000
       87051000	     43425	80005ca4	271a0513	addi	x10,x20,625	 x20:0x00000000 x10=0x00000271
       87061000	     43430	80005ca8	0001	c.addi	x0,0	  x0:0x00000000  x0=0x00000000
       87085000	     43442	80005caa	3401e1f3	csrrsi	x3,mscratch,3	  x3=0x02c00001
       87087000	     43443	80005cae	340d3973	csrrc	x18,mscratch,x26	 x26:0xffffffff x18=0x02c00003
       87135000	     43467	80005cb2	02029e33	mulh	x28,x5,x0	  x5:0x8001add4  x0:0x00000000 x28=0x00000000
       87137000	     43468	80005cb6	018a9193	slli	x3,x21,0x18	 x21:0x00000000  x3=0x00000000
       87147000	     43473	80005cba	3fc4b193	sltiu	x3,x9,1020	  x9:0xffffffff  x3=0x00000000
       87149000	     43474	80005cbe	8d1d	c.sub	x10,x15	 x10:0x00000271 x15:0x00000000 x10=0x00000271
       87161000	     43480	80005cc0	006477b3	and	x15,x8,x6	  x8:0x000000a9  x6:0x00000000 x15=0x00000000
       87173000	     43486	80005cc4	6ebd	c.lui	x29,0xf	 x29=0x0000f000
       87175000	     43487	80005cc6	944e	c.add	x8,x19	  x8:0x000000a9 x19:0x8001ee7c  x8=0x8001ef25
       87179000	     43489	80005cc8	8059	c.srli	x8,0x16	  x8:0x8001ef25  x8=0x00000200
       87181000	     43490	80005cca	0001	c.addi	x0,0	  x0:0x00000000  x0=0x00000000
       87183000	     43491	80005ccc	3adbec13	ori	x24,x23,941	 x23:0x0000030f x24=0x000003af
       87241000	     43520	80005cd0	018ad933	srl	x18,x21,x24	 x21:0x00000000 x24:0x000003af x18=0x00000000
       87283000	     43541	80005cd4	8e01	c.sub	x12,x8	 x12:0xffffffff  x8:0x00000200 x12=0xfffffdff
       87295000	     43547	80005cd6	df74ad17	auipc	x26,0xdf74a	 x26=0x5f74fcd6
       87307000	     43553	80005cda	011dd593	srli	x11,x27,0x11	 x27:0x00000000 x11=0x00000000
       87309000	     43554	80005cde	0485	c.addi	x9,1	  x9:0xffffffff  x9=0x00000000
       87359000	     43579	80005ce0	021fa433	mulhsu	x8,x31,x1	 x31:0x00000000  x1:0x00000000  x8=0x00000000
       87361000	     43580	80005ce4	0504	c.addi4spn	x9,x2,640	  x9=0x00000280
       87377000	     43588	80005ce6	cadd3b93	sltiu	x23,x26,-851	 x26:0x5f74fcd6 x23=0x00000001
       87389000	     43594	80005cea	00807db3	and	x27,x0,x8	  x0:0x00000000  x8:0x00000000 x27=0x00000000
       87451000	     43625	80005cee	01818963	beq	x3,x24,80005d00	  x3:0x00000000 x24:0x000003af  x0=0x00000000
       87453000	     43626	80005cf2	0a26	c.slli	x20,0x9	 x20:0x00000000 x20=0x00000000
       87461000	     43630	80005cf4	0114df13	srli	x30,x9,0x11	  x9:0x00000280 x30=0x00000000
       87493000	     43646	80005cf8	2292e393	ori	x7,x5,553	  x5:0x8001add4  x7=0x8001affd
       87499000	     43649	80005cfc	028c	c.addi4spn	x11,x2,320	 x11=0x00000140
       87501000	     43650	80005cfe	717d	c.addi16sp	x2,-16	  x2:0x00000000  x2=0xfffffff0
       87607000	     43703	80005d00	02cadf33	divu	x30,x21,x12	 x21:0x00000000 x12:0xfffffdff x30=0x00000000
       87611000	     43705	80005d04	00611663	bne	x2,x6,80005d10	  x2:0xfffffff0  x6:0x00000000  x0=0x00000000
       87615000	     43707	80005d10	8b95	c.andi	x15,5	 x15:0x00000000 x15=0x00000000
       87617000	     43708	80005d12	95d2	c.add	x11,x20	 x11:0x00000140 x20:0x00000000 x11=0x00000140
       87621000	     43710	80005d14	04d81363	bne	x16,x13,80005d5a	 x16:0x00000001 x13:0xfffffcb0  x0=0x00000000
       87701000	     43750	80005d5a	0ff0000f	fence	iorwiorwiorwiorwiorwiorwiorwiorwiorwiorwiorwiorwiorwiorwiorwiorwiorwiorwiorwiorwiorwiorwiorwiorwiorwiorwiorwiorwiorwiorwiorwiorwiorwiorwiorwiorwiorwiorwiorwiorwiorwiorwiorwiorwiorwiorwiorwiorwiorwiorwiorwiorwiorwiorwiorwiorwiorwiorwiorwiorwiorwiorwiorwiorwiorwiorwiorwiorwiorwiorwiorwiorwiorwiorwiorwiorwiorwiorwiorwiorwiorwiorwiorwiorwiorwiorwiorwiorwiorwiorwiorwiorwiorwiorwiorwiorwiorwiorwiorwiorwiorwiorwiorwiorwiorwiorwiorwiorwiorwiorwiorwiorwiorwiorwiorwiorwiorwiorwiorwiorwiorwiorwiorwiorwiorw,iorwiorwiorwiorwiorwiorwiorwiorwiorwiorwiorwiorwiorwiorwiorwiorwiorwiorwiorwiorwiorwiorwiorwiorwiorwiorwiorwiorwiorwiorwiorwiorwiorwiorwiorwiorwiorwiorwiorwiorwiorwiorwiorwiorwiorwiorwiorwiorwiorwiorwiorwiorwiorwiorwiorwiorwiorwiorwiorwiorwiorwiorwiorwiorwiorwiorwiorwiorwiorwiorwiorwiorwiorwiorwiorwiorwiorwiorwiorwiorwiorwiorwiorwiorwiorwiorwiorwiorwiorwiorwiorwiorwiorwiorwiorwiorwiorwiorwiorwiorwiorwiorwiorwiorwiorwiorwiorwiorwiorwiorwiorwiorwiorwiorwiorwiorwiorwiorwiorwiorwiorwiorwiorwiorwiorwiorw	
       87703000	     43751	80005d5e	8ee5	c.and	x13,x9	 x13:0xfffffcb0  x9:0x00000280 x13=0x00000080
       87777000	     43788	80005d60	02b05233	divu	x4,x0,x11	  x0:0x00000000 x11:0x00000140  x4=0x00000000
       87779000	     43789	80005d64	614d	c.addi16sp	x2,176	  x2:0xfffffff0  x2=0x000000a0
       87781000	     43790	80005d66	8c4d	c.or	x8,x11	  x8:0x00000000 x11:0x00000140  x8=0x00000140
       87783000	     43791	80005d68	0ff0000f	fence	iorwiorwiorwiorwiorwiorwiorwiorwiorwiorwiorwiorwiorwiorwiorwiorwiorwiorwiorwiorwiorwiorwiorwiorwiorwiorwiorwiorwiorwiorwiorwiorwiorwiorwiorwiorwiorwiorwiorwiorwiorwiorwiorwiorwiorwiorwiorwiorwiorwiorwiorwiorwiorwiorwiorwiorwiorwiorwiorwiorwiorwiorwiorwiorwiorwiorwiorwiorwiorwiorwiorwiorwiorwiorwiorwiorwiorwiorwiorwiorwiorwiorwiorwiorwiorwiorwiorwiorwiorwiorwiorwiorwiorwiorwiorwiorwiorwiorwiorwiorwiorwiorwiorwiorwiorwiorwiorwiorwiorwiorwiorwiorwiorwiorwiorwiorwiorwiorwiorwiorwiorwiorwiorwiorwiorwiorwiorw,iorwiorwiorwiorwiorwiorwiorwiorwiorwiorwiorwiorwiorwiorwiorwiorwiorwiorwiorwiorwiorwiorwiorwiorwiorwiorwiorwiorwiorwiorwiorwiorwiorwiorwiorwiorwiorwiorwiorwiorwiorwiorwiorwiorwiorwiorwiorwiorwiorwiorwiorwiorwiorwiorwiorwiorwiorwiorwiorwiorwiorwiorwiorwiorwiorwiorwiorwiorwiorwiorwiorwiorwiorwiorwiorwiorwiorwiorwiorwiorwiorwiorwiorwiorwiorwiorwiorwiorwiorwiorwiorwiorwiorwiorwiorwiorwiorwiorwiorwiorwiorwiorwiorwiorwiorwiorwiorwiorwiorwiorwiorwiorwiorwiorwiorwiorwiorwiorwiorwiorwiorwiorwiorwiorwiorwiorwiorwiorw	
       87785000	     43792	80005d6c	c80d	c.beqz	x8,80005d9e	  x8:0x00000140
       87819000	     43809	80005d6e	fecb3397	auipc	x7,0xfecb3	  x7=0x7ecb8d6e
       87861000	     43830	80005d72	340ae1f3	csrrsi	x3,mscratch,21	  x3=0x00000000
       87867000	     43833	80005d76	03a60bb3	mul	x23,x12,x26	 x12:0xfffffdff x26:0x5f74fcd6 x23=0xb691572a
       87891000	     43845	80005d7a	00ae4033	xor	x0,x28,x10	 x28:0x00000000 x10:0x00000271  x0=0x00000000
       87897000	     43848	80005d7e	02e405b3	mul	x11,x8,x14	  x8:0x00000140 x14:0x00015000 x11=0x01a40000
       87927000	     43863	80005d82	03949433	mulh	x8,x9,x25	  x9:0x00000280 x25:0x00000016  x8=0x00000000
       87929000	     43864	80005d86	8f85	c.sub	x15,x9	 x15:0x00000000  x9:0x00000280 x15=0xfffffd80
       87937000	     43868	80005d88	8fad	c.xor	x15,x11	 x15:0xfffffd80 x11:0x01a40000 x15=0xfe5bfd80
       87939000	     43869	80005d8a	167d	c.addi	x12,-1	 x12:0xfffffdff x12=0xfffffdfe
       87959000	     43879	80005d8c	0001	c.addi	x0,0	  x0:0x00000000  x0=0x00000000
       87991000	     43895	80005d8e	01dc0133	add	x2,x24,x29	 x24:0x000003af x29:0x0000f000  x2=0x0000f3af
       88033000	     43916	80005d92	ee6c66b7	lui	x13,0xee6c6	 x13=0xee6c6000
       88035000	     43917	80005d96	f6e52c93	slti	x25,x10,-146	 x10:0x00000271 x25=0x00000000
       88085000	     43942	80005d9a	34079bf3	csrrw	x23,mscratch,x15	 x15:0xfe5bfd80 x23=0x00000015
       88127000	     43963	80005d9e	34099bf3	csrrw	x23,mscratch,x19	 x19:0x8001ee7c x23=0xfe5bfd80
       88219000	     44009	80005da2	0223f5b3	remu	x11,x7,x2	  x7:0x7ecb8d6e  x2:0x0000f3af x11=0x000022e2
       88225000	     44012	80005da6	02af00b3	mul	x1,x30,x10	 x30:0x00000000 x10:0x00000271  x1=0x00000000
       88227000	     44013	80005daa	8966	c.mv	x18,x25	  x0:0x00000000 x25:0x00000000 x18=0x00000000
       88301000	     44050	80005dac	033d5233	divu	x4,x26,x19	 x26:0x5f74fcd6 x19:0x8001ee7c  x4=0x00000000
       88303000	     44051	80005db0	0065ebb3	or	x23,x11,x6	 x11:0x000022e2  x6:0x00000000 x23=0x000022e2
       88305000	     44052	80005db4	3566ca93	xori	x21,x13,854	 x13:0xee6c6000 x21=0xee6c6356
       88307000	     44053	80005db8	12d8ac93	slti	x25,x17,301	 x17:0x00000003 x25=0x00000001
       88309000	     44054	80005dbc	0ff0000f	fence	iorwiorwiorwiorwiorwiorwiorwiorwiorwiorwiorwiorwiorwiorwiorwiorwiorwiorwiorwiorwiorwiorwiorwiorwiorwiorwiorwiorwiorwiorwiorwiorwiorwiorwiorwiorwiorwiorwiorwiorwiorwiorwiorwiorwiorwiorwiorwiorwiorwiorwiorwiorwiorwiorwiorwiorwiorwiorwiorwiorwiorwiorwiorwiorwiorwiorwiorwiorwiorwiorwiorwiorwiorwiorwiorwiorwiorwiorwiorwiorwiorwiorwiorwiorwiorwiorwiorwiorwiorwiorwiorwiorwiorwiorwiorwiorwiorwiorwiorwiorwiorwiorwiorwiorwiorwiorwiorwiorwiorwiorwiorwiorwiorwiorwiorwiorwiorwiorwiorwiorwiorwiorwiorwiorwiorwiorwiorwiorwiorw,iorwiorwiorwiorwiorwiorwiorwiorwiorwiorwiorwiorwiorwiorwiorwiorwiorwiorwiorwiorwiorwiorwiorwiorwiorwiorwiorwiorwiorwiorwiorwiorwiorwiorwiorwiorwiorwiorwiorwiorwiorwiorwiorwiorwiorwiorwiorwiorwiorwiorwiorwiorwiorwiorwiorwiorwiorwiorwiorwiorwiorwiorwiorwiorwiorwiorwiorwiorwiorwiorwiorwiorwiorwiorwiorwiorwiorwiorwiorwiorwiorwiorwiorwiorwiorwiorwiorwiorwiorwiorwiorwiorwiorwiorwiorwiorwiorwiorwiorwiorwiorwiorwiorwiorwiorwiorwiorwiorwiorwiorwiorwiorwiorwiorwiorwiorwiorwiorwiorwiorwiorwiorwiorwiorwiorwiorwiorwiorwiorwiorw	
       88351000	     44075	80005dc0	03e726b3	mulhsu	x13,x14,x30	 x14:0x00015000 x30:0x00000000 x13=0x00000000
       88355000	     44077	80005dc4	02337f63	bgeu	x6,x3,80005e02	  x6:0x00000000  x3:0x00000000  x0=0x00000000
       88395000	     44097	80005e02	03e14963	blt	x2,x30,80005e34	  x2:0x0000f3af x30:0x00000000  x0=0x00000000
       88429000	     44114	80005e06	02540133	mul	x2,x8,x5	  x8:0x00000000  x5:0x8001add4  x2=0x00000000
       88433000	     44116	80005e0a	34061af3	csrrw	x21,mscratch,x12	 x12:0xfffffdfe x21=0x8001ee7c
       88437000	     44118	80005e0e	03b7c4b3	div	x9,x15,x27	 x15:0xfe5bfd80 x27:0x00000000  x9=0xffffffff
       88439000	     44119	80005e12	97ee	c.add	x15,x27	 x15:0xfe5bfd80 x27:0x00000000 x15=0xfe5bfd80
       88471000	     44135	80005e14	00157c63	bgeu	x10,x1,80005e2c	 x10:0x00000271  x1:0x00000000  x0=0x00000000
       88475000	     44137	80005e18	0361e0b3	rem	x1,x3,x22	  x3:0x00000000 x22:0x00000000  x1=0x00000000
       88483000	     44141	80005e1c	c3632e93	slti	x29,x6,-970	  x6:0x00000000 x29=0x00000000
       88525000	     44162	80005e20	8f95	c.sub	x15,x13	 x15:0xfe5bfd80 x13:0x00000000 x15=0xfe5bfd80
       88527000	     44163	80005e22	0c2e	c.slli	x24,0xb	 x24:0x000003af x24=0x001d7800
       88529000	     44164	80005e24	0001	c.addi	x0,0	  x0:0x00000000  x0=0x00000000
       88573000	     44186	80005e26	02338fb3	mul	x31,x7,x3	  x7:0x7ecb8d6e  x3:0x00000000 x31=0x00000000
       88575000	     44187	80005e2a	0001	c.addi	x0,0	  x0:0x00000000  x0=0x00000000
       88605000	     44202	80005e2c	0078cab3	xor	x21,x17,x7	 x17:0x00000003  x7:0x7ecb8d6e x21=0x7ecb8d6d
       88625000	     44212	80005e30	02ccc863	blt	x25,x12,80005e60	 x25:0x00000001 x12:0xfffffdfe  x0=0x00000000
       88639000	     44219	80005e34	025e0ab3	mul	x21,x28,x5	 x28:0x00000000  x5:0x8001add4 x21=0x00000000
       88659000	     44229	80005e38	405685b3	sub	x11,x13,x5	 x13:0x00000000  x5:0x8001add4 x11=0x7ffe522c
       88699000	     44249	80005e3c	007155b3	srl	x11,x2,x7	  x2:0x00000000  x7:0x7ecb8d6e x11=0x00000000
       88721000	     44260	80005e40	ed09	c.bnez	x10,80005e5a	 x10:0x00000271
       88729000	     44264	80005e5a	9fe6	c.add	x31,x25	 x31:0x00000000 x25:0x00000001 x31=0x00000001
       88731000	     44265	80005e5c	0af38113	addi	x2,x7,175	  x7:0x7ecb8d6e  x2=0x7ecb8e1d
       88743000	     44271	80005e60	411d0c33	sub	x24,x26,x17	 x26:0x5f74fcd6 x17:0x00000003 x24=0x5f74fcd3
       88749000	     44274	80005e64	1214	c.addi4spn	x13,x2,288	 x13=0x7ecb8f3d
       88767000	     44283	80005e66	29157f13	andi	x30,x10,657	 x10:0x00000271 x30=0x00000211
       88801000	     44300	80005e6a	030407b3	mul	x15,x8,x16	  x8:0x00000000 x16:0x00000001 x15=0x00000000
       88813000	     44306	80005e6e	34069f73	csrrw	x30,mscratch,x13	 x13:0x7ecb8f3d x30=0xfffffdfe
       88815000	     44307	80005e72	340158f3	csrrwi	x17,mscratch,2	 x17=0x7ecb8f3d
       88817000	     44308	80005e76	ca7dfa93	andi	x21,x27,-857	 x27:0x00000000 x21=0x00000000
       88819000	     44309	80005e7a	00f5	c.addi	x1,29	  x1:0x00000000  x1=0x0000001d
       88831000	     44315	80005e7c	0873b413	sltiu	x8,x7,135	  x7:0x7ecb8d6e  x8=0x00000000
       88863000	     44331	80005e80	340f31f3	csrrc	x3,mscratch,x30	 x30:0xfffffdfe  x3=0x00000002
       88871000	     44335	80005e84	028c94b3	mulh	x9,x25,x8	 x25:0x00000001  x8:0x00000000  x9=0x00000000
       88887000	     44343	80005e88	8211	c.srli	x12,0x4	 x12:0xfffffdfe x12=0x0fffffdf
       88889000	     44344	80005e8a	6129	c.addi16sp	x2,192	  x2:0x7ecb8e1d  x2=0x7ecb8edd
       88933000	     44366	80005e8c	00019463	bne	x3,x0,80005e94	  x3:0x00000002  x0:0x00000000  x0=0x00000000
       88943000	     44371	80005e94	8d29	c.xor	x10,x10	 x10:0x00000271 x10:0x00000271 x10=0x00000000
       88945000	     44372	80005e96	e98d	c.bnez	x11,80005ec8	 x11:0x00000000
       89001000	     44400	80005e98	340be473	csrrsi	x8,mscratch,23	  x8=0x00000000
       89009000	     44404	80005e9c	0001	c.addi	x0,0	  x0:0x00000000  x0=0x00000000
       89011000	     44405	80005e9e	9b06	c.add	x22,x1	 x22:0x00000000  x1:0x0000001d x22=0x0000001d
       89023000	     44411	80005ea0	000f8633	add	x12,x31,x0	 x31:0x00000001  x0:0x00000000 x12=0x00000001
       89027000	     44413	80005ea4	02be4933	div	x18,x28,x11	 x28:0x00000000 x11:0x00000000 x18=0xffffffff
       89047000	     44423	80005ea8	dd7b6f37	lui	x30,0xdd7b6	 x30=0xdd7b6000
       89109000	     44454	80005eac	84d9	c.srai	x9,0x16	  x9:0x00000000  x9=0x00000000
       89111000	     44455	80005eae	01e05713	srli	x14,x0,0x1e	  x0:0x00000000 x14=0x00000000
       89113000	     44456	80005eb2	8d3d	c.xor	x10,x15	 x10:0x00000000 x15:0x00000000 x10=0x00000000
       89125000	     44462	80005eb4	0300b633	mulhu	x12,x1,x16	  x1:0x0000001d x16:0x00000001 x12=0x00000000
       89143000	     44471	80005eb8	02efc033	div	x0,x31,x14	 x31:0x00000001 x14:0x00000000  x0=0x00000000
       89173000	     44486	80005ebc	bf48d137	lui	x2,0xbf48d	  x2=0xbf48d000
       89175000	     44487	80005ec0	3403f673	csrrci	x12,mscratch,7	 x12=0x00000017
       89223000	     44511	80005ec4	010d1013	slli	x0,x26,0x10	 x26:0x5f74fcd6  x0=0x00000000
       89225000	     44512	80005ec8	8e99	c.sub	x13,x14	 x13:0x7ecb8f3d x14:0x00000000 x13=0x7ecb8f3d
       89241000	     44520	80005eca	02116063	bltu	x2,x1,80005eea	  x2:0xbf48d000  x1:0x0000001d  x0=0x00000000
       89255000	     44527	80005ece	00b3f833	and	x16,x7,x11	  x7:0x7ecb8d6e x11:0x00000000 x16=0x00000000
       89257000	     44528	80005ed2	93de	c.add	x7,x23	  x7:0x7ecb8d6e x23:0x000022e2  x7=0x7ecbb050
       89277000	     44538	80005ed4	03d31763	bne	x6,x29,80005f02	  x6:0x00000000 x29:0x00000000  x0=0x00000000
       89299000	     44549	80005ed8	00accd93	xori	x27,x25,10	 x25:0x00000001 x27=0x0000000b
       89303000	     44551	80005edc	01e94263	blt	x18,x30,80005ee0	 x18:0xffffffff x30:0xdd7b6000  x0=0x00000000
       89315000	     44557	80005ee0	007f4fb3	xor	x31,x30,x7	 x30:0xdd7b6000  x7:0x7ecbb050 x31=0xa3b0d050
       89359000	     44579	80005ee4	340c68f3	csrrsi	x17,mscratch,24	 x17=0x00000010
       89369000	     44584	80005ee8	8f4d	c.or	x14,x11	 x14:0x00000000 x11:0x00000000 x14=0x00000000
       89385000	     44592	80005eea	02000b63	beq	x0,x0,80005f20	  x0:0x00000000  x0:0x00000000  x0=0x00000000
       89429000	     44614	80005f20	006ca3b3	slt	x7,x25,x6	 x25:0x00000001  x6:0x00000000  x7=0x00000000
       89471000	     44635	80005f24	837d	c.srli	x14,0x1f	 x14:0x00000000 x14=0x00000000
       89473000	     44636	80005f26	47bd	c.li	x15,15	 x15=0x0000000f
       89487000	     44643	80005f28	03927763	bgeu	x4,x25,80005f56	  x4:0x00000000 x25:0x00000001  x0=0x00000000
       89491000	     44645	80005f2c	1ebe2713	slti	x14,x28,491	 x28:0x00000000 x14=0x00000001
       89527000	     44663	80005f30	ec09	c.bnez	x8,80005f4a	  x8:0x00000000
       89573000	     44686	80005f32	e8f5c393	xori	x7,x11,-369	 x11:0x00000000  x7=0xfffffe8f
       89577000	     44688	80005f36	0051c263	blt	x3,x5,80005f3a	  x3:0x00000002  x5:0x8001add4  x0=0x00000000
       89593000	     44696	80005f3a	039bb933	mulhu	x18,x23,x25	 x23:0x000022e2 x25:0x00000001 x18=0x00000000
       89615000	     44707	80005f3e	019e6733	or	x14,x28,x25	 x28:0x00000000 x25:0x00000001 x14=0x00000001
       89617000	     44708	80005f42	f7a1be17	auipc	x28,0xf7a1b	 x28=0x77a20f42
       89637000	     44718	80005f46	3408d3f3	csrrwi	x7,mscratch,17	  x7=0x00000018
       89641000	     44720	80005f4a	3404e6f3	csrrsi	x13,mscratch,9	 x13=0x00000011
       89643000	     44721	80005f4e	0178e833	or	x16,x17,x23	 x17:0x00000010 x23:0x000022e2 x16=0x000022f2
       89777000	     44788	80005f52	021cf833	remu	x16,x25,x1	 x25:0x00000001  x1:0x0000001d x16=0x00000001
       89779000	     44789	80005f56	8121	c.srli	x10,0x8	 x10:0x00000000 x10=0x00000000
       89781000	     44790	80005f58	8e05	c.sub	x12,x9	 x12:0x00000017  x9:0x00000000 x12=0x00000017
       89783000	     44791	80005f5a	017a	c.slli	x2,0x1e	  x2:0xbf48d000  x2=0x00000000
       89785000	     44792	80005f5c	0bf2	c.slli	x23,0x1c	 x23:0x000022e2 x23=0x20000000
       89799000	     44799	80005f5e	3405a5f3	csrrs	x11,mscratch,x11	 x11:0x00000000 x11=0x00000019
       89837000	     44818	80005f62	01b5de33	srl	x28,x11,x27	 x11:0x00000019 x27:0x0000000b x28=0x00000000
       89839000	     44819	80005f66	340733f3	csrrc	x7,mscratch,x14	 x14:0x00000001  x7=0x00000019
       89841000	     44820	80005f6a	861e	c.mv	x12,x7	  x0:0x00000000  x7:0x00000019 x12=0x00000019
       89851000	     44825	80005f6c	1c5d2a13	slti	x20,x26,453	 x26:0x5f74fcd6 x20=0x00000000
       89857000	     44828	80005f70	8f59	c.or	x14,x14	 x14:0x00000001 x14:0x00000001 x14=0x00000001
       89859000	     44829	80005f72	6e31	c.lui	x28,0xc	 x28=0x0000c000
       89881000	     44840	80005f74	0240e0b3	rem	x1,x1,x4	  x1:0x0000001d  x4:0x00000000  x1=0x0000001d
       89917000	     44858	80005f78	e101a093	slti	x1,x3,-496	  x3:0x00000002  x1=0x00000000
       89921000	     44860	80005f7c	405cdf33	sra	x30,x25,x5	 x25:0x00000001  x5:0x8001add4 x30=0x00000000
       89971000	     44885	80005f80	00c95ab3	srl	x21,x18,x12	 x18:0x00000000 x12:0x00000019 x21=0x00000000
       90013000	     44906	80005f84	34092af3	csrrs	x21,mscratch,x18	 x18:0x00000000 x21=0x00000018
       90023000	     44911	80005f88	6c6d	c.lui	x24,0x1b	 x24=0x0001b000
       90059000	     44929	80005f8a	340520f3	csrrs	x1,mscratch,x10	 x10:0x00000000  x1=0x00000018
       90061000	     44930	80005f8e	41d00fb3	sub	x31,x0,x29	  x0:0x00000000 x29:0x00000000 x31=0x00000000
       90105000	     44952	80005f92	0ff0000f	fence	iorwiorwiorwiorwiorwiorwiorwiorwiorwiorwiorwiorwiorwiorwiorwiorwiorwiorwiorwiorwiorwiorwiorwiorwiorwiorwiorwiorwiorwiorwiorwiorwiorwiorwiorwiorwiorwiorwiorwiorwiorwiorwiorwiorwiorwiorwiorwiorwiorwiorwiorwiorwiorwiorwiorwiorwiorwiorwiorwiorwiorwiorwiorwiorwiorwiorwiorwiorwiorwiorwiorwiorwiorwiorwiorwiorwiorwiorwiorwiorwiorwiorwiorwiorwiorwiorwiorwiorwiorwiorwiorwiorwiorwiorwiorwiorwiorwiorwiorwiorwiorwiorwiorwiorwiorwiorwiorwiorwiorwiorwiorwiorwiorwiorwiorwiorwiorwiorwiorwiorwiorwiorwiorwiorwiorwiorwiorwiorwiorwiorwiorw,iorwiorwiorwiorwiorwiorwiorwiorwiorwiorwiorwiorwiorwiorwiorwiorwiorwiorwiorwiorwiorwiorwiorwiorwiorwiorwiorwiorwiorwiorwiorwiorwiorwiorwiorwiorwiorwiorwiorwiorwiorwiorwiorwiorwiorwiorwiorwiorwiorwiorwiorwiorwiorwiorwiorwiorwiorwiorwiorwiorwiorwiorwiorwiorwiorwiorwiorwiorwiorwiorwiorwiorwiorwiorwiorwiorwiorwiorwiorwiorwiorwiorwiorwiorwiorwiorwiorwiorwiorwiorwiorwiorwiorwiorwiorwiorwiorwiorwiorwiorwiorwiorwiorwiorwiorwiorwiorwiorwiorwiorwiorwiorwiorwiorwiorwiorwiorwiorwiorwiorwiorwiorwiorwiorwiorwiorwiorwiorwiorwiorwiorwiorw	
       90107000	     44953	80005f96	85f5	c.srai	x11,0x1d	 x11:0x00000019 x11=0x00000000
       90137000	     44968	80005f98	8ecd	c.or	x13,x11	 x13:0x00000011 x11:0x00000000 x13=0x00000011
       90141000	     44970	80005f9a	03abed63	bltu	x23,x26,80005fd4	 x23:0x20000000 x26:0x5f74fcd6  x0=0x00000000
       90195000	     44997	80005fd4	0058d733	srl	x14,x17,x5	 x17:0x00000010  x5:0x8001add4 x14=0x00000000
       90197000	     44998	80005fd8	02b24063	blt	x4,x11,80005ff8	  x4:0x00000000 x11:0x00000000  x0=0x00000000
       90199000	     44999	80005fdc	0124f233	and	x4,x9,x18	  x9:0x00000000 x18:0x00000000  x4=0x00000000
       90205000	     45002	80005fe0	88dd	c.andi	x9,23	  x9:0x00000000  x9=0x00000000
       90207000	     45003	80005fe2	01578533	add	x10,x15,x21	 x15:0x0000000f x21:0x00000018 x10=0x00000027
       90229000	     45014	80005fe6	00430a33	add	x20,x6,x4	  x6:0x00000000  x4:0x00000000 x20=0x00000000
       90231000	     45015	80005fea	0001	c.addi	x0,0	  x0:0x00000000  x0=0x00000000
       90233000	     45016	80005fec	3402bf73	csrrc	x30,mscratch,x5	  x5:0x8001add4 x30=0x00000018
       90257000	     45028	80005ff0	02ddf663	bgeu	x27,x13,8000601c	 x27:0x0000000b x13:0x00000011  x0=0x00000000
       90347000	     45073	80005ff4	0396ccb3	div	x25,x13,x25	 x13:0x00000011 x25:0x00000001 x25=0x00000011
       90349000	     45074	80005ff8	082a	c.slli	x16,0xa	 x16:0x00000001 x16=0x00000400
       90351000	     45075	80005ffa	0001	c.addi	x0,0	  x0:0x00000000  x0=0x00000000
       90353000	     45076	80005ffc	34051b73	csrrw	x22,mscratch,x10	 x10:0x00000027 x22=0x00000008
       90355000	     45077	80006000	ff4f0737	lui	x14,0xff4f0	 x14=0xff4f0000
       90367000	     45083	80006004	c105	c.beqz	x10,80006024	 x10:0x00000027
       90381000	     45090	80006006	2c2cfd37	lui	x26,0x2c2cf	 x26=0x2c2cf000
       90383000	     45091	8000600a	dde2fe93	andi	x29,x5,-546	  x5:0x8001add4 x29=0x8001add4
       90385000	     45092	8000600e	4e45	c.li	x28,17	 x28=0x00000011
       90397000	     45098	80006010	0253ce63	blt	x7,x5,8000604c	  x7:0x00000019  x5:0x8001add4  x0=0x00000000
       90447000	     45123	80006014	dc0d6793	ori	x15,x26,-576	 x26:0x2c2cf000 x15=0xfffffdc0
       90449000	     45124	80006018	00ffe3b3	or	x7,x31,x15	 x31:0x00000000 x15:0xfffffdc0  x7=0xfffffdc0
       90459000	     45129	8000601c	007c9bb3	sll	x23,x25,x7	 x25:0x00000011  x7:0xfffffdc0 x23=0x00000011
       90463000	     45131	80006020	fe0653b7	lui	x7,0xfe065	  x7=0xfe065000
       90493000	     45146	80006024	01fbc233	xor	x4,x23,x31	 x23:0x00000011 x31:0x00000000  x4=0x00000011
       90515000	     45157	80006028	cc0d	c.beqz	x8,80006062	  x8:0x00000000
       90555000	     45177	80006062	800d	c.srli	x8,0x3	  x8:0x00000000  x8=0x00000000
       90575000	     45187	80006064	340b7ef3	csrrci	x29,mscratch,22	 x29=0x00000027
       90649000	     45224	80006068	037d50b3	divu	x1,x26,x23	 x26:0x2c2cf000 x23:0x00000011  x1=0x02993b4b
       90651000	     45225	8000606c	01764833	xor	x16,x12,x23	 x12:0x00000019 x23:0x00000011 x16=0x00000008
       90653000	     45226	80006070	00539193	slli	x3,x7,0x5	  x7:0xfe065000  x3=0xc0ca0000
       90661000	     45230	80006074	03203533	mulhu	x10,x0,x18	  x0:0x00000000 x18:0x00000000 x10=0x00000000
       90735000	     45267	80006078	03176533	rem	x10,x14,x17	 x14:0xff4f0000 x17:0x00000010 x10=0x00000000
       90737000	     45268	8000607c	340a6873	csrrsi	x16,mscratch,20	 x16=0x00000021
       90739000	     45269	80006080	f9ee7013	andi	x0,x28,-98	 x28:0x00000011  x0=0x00000000
       90741000	     45270	80006084	3405bf73	csrrc	x30,mscratch,x11	 x11:0x00000000 x30=0x00000035
       90763000	     45281	80006088	40bfde33	sra	x28,x31,x11	 x31:0x00000000 x11:0x00000000 x28=0x00000000
       90801000	     45300	8000608c	e477a493	slti	x9,x15,-441	 x15:0xfffffdc0  x9=0x00000001
       90803000	     45301	80006090	14ef0893	addi	x17,x30,334	 x30:0x00000035 x17=0x00000183
       90809000	     45304	80006094	01d54f63	blt	x10,x29,800060b2	 x10:0x00000000 x29:0x00000027  x0=0x00000000
       90859000	     45329	800060b2	00de7fb3	and	x31,x28,x13	 x28:0x00000000 x13:0x00000011 x31=0x00000000
       90887000	     45343	800060b6	ef7f1217	auipc	x4,0xef7f1	  x4=0x6f7f70b6
       90911000	     45355	800060ba	412f80b3	sub	x1,x31,x18	 x31:0x00000000 x18:0x00000000  x1=0x00000000
       90919000	     45359	800060be	0314bcb3	mulhu	x25,x9,x17	  x9:0x00000001 x17:0x00000183 x25=0x00000000
       91019000	     45409	800060c2	02474b33	div	x22,x14,x4	 x14:0xff4f0000  x4:0x6f7f70b6 x22=0x00000000
       91021000	     45410	800060c6	caf18693	addi	x13,x3,-849	  x3:0xc0ca0000 x13=0xc0c9fcaf
       91023000	     45411	800060ca	1088	c.addi4spn	x10,x2,96	 x10=0x00000060
       91097000	     45448	800060cc	03064fb3	div	x31,x12,x16	 x12:0x00000019 x16:0x00000021 x31=0x00000000
       91099000	     45449	800060d0	0ff0000f	fence	iorwiorwiorwiorwiorwiorwiorwiorwiorwiorwiorwiorwiorwiorwiorwiorwiorwiorwiorwiorwiorwiorwiorwiorwiorwiorwiorwiorwiorwiorwiorwiorwiorwiorwiorwiorwiorwiorwiorwiorwiorwiorwiorwiorwiorwiorwiorwiorwiorwiorwiorwiorwiorwiorwiorwiorwiorwiorwiorwiorwiorwiorwiorwiorwiorwiorwiorwiorwiorwiorwiorwiorwiorwiorwiorwiorwiorwiorwiorwiorwiorwiorwiorwiorwiorwiorwiorwiorwiorwiorwiorwiorwiorwiorwiorwiorwiorwiorwiorwiorwiorwiorwiorwiorwiorwiorwiorwiorwiorwiorwiorwiorwiorwiorwiorwiorwiorwiorwiorwiorwiorwiorwiorwiorwiorwiorwiorwiorwiorwiorwiorwiorwiorw,iorwiorwiorwiorwiorwiorwiorwiorwiorwiorwiorwiorwiorwiorwiorwiorwiorwiorwiorwiorwiorwiorwiorwiorwiorwiorwiorwiorwiorwiorwiorwiorwiorwiorwiorwiorwiorwiorwiorwiorwiorwiorwiorwiorwiorwiorwiorwiorwiorwiorwiorwiorwiorwiorwiorwiorwiorwiorwiorwiorwiorwiorwiorwiorwiorwiorwiorwiorwiorwiorwiorwiorwiorwiorwiorwiorwiorwiorwiorwiorwiorwiorwiorwiorwiorwiorwiorwiorwiorwiorwiorwiorwiorwiorwiorwiorwiorwiorwiorwiorwiorwiorwiorwiorwiorwiorwiorwiorwiorwiorwiorwiorwiorwiorwiorwiorwiorwiorwiorwiorwiorwiorwiorwiorwiorwiorwiorwiorwiorwiorwiorwiorwiorwiorw	
       91101000	     45450	800060d4	8785	c.srai	x15,0x1	 x15:0xfffffdc0 x15=0xfffffee0
       91103000	     45451	800060d6	8661	c.srai	x12,0x18	 x12:0x00000019 x12=0x00000000
       91105000	     45452	800060d8	3401f6f3	csrrci	x13,mscratch,3	 x13=0x00000035
       91127000	     45463	800060dc	027ec663	blt	x29,x7,80006108	 x29:0x00000027  x7:0xfe065000  x0=0x00000000
       91165000	     45482	800060e0	02b800b3	mul	x1,x16,x11	 x16:0x00000021 x11:0x00000000  x1=0x00000000
       91211000	     45505	800060e4	3e37f013	andi	x0,x15,995	 x15:0xfffffee0  x0=0x00000000
       91227000	     45513	800060e8	0185b733	sltu	x14,x11,x24	 x11:0x00000000 x24:0x0001b000 x14=0x00000001
       91247000	     45523	800060ec	0001	c.addi	x0,0	  x0:0x00000000  x0=0x00000000
       91257000	     45528	800060ee	34022cf3	csrrs	x25,mscratch,x4	  x4:0x6f7f70b6 x25=0x00000034
       91259000	     45529	800060f2	0001	c.addi	x0,0	  x0:0x00000000  x0=0x00000000
       91271000	     45535	800060f4	fb34e537	lui	x10,0xfb34e	 x10=0xfb34e000
       91293000	     45546	800060f8	8e35	c.xor	x12,x13	 x12:0x00000000 x13:0x00000035 x12=0x00000035
       91297000	     45548	800060fa	41ac0533	sub	x10,x24,x26	 x24:0x0001b000 x26:0x2c2cf000 x10=0xd3d4c000
       91309000	     45554	800060fe	02eb3233	mulhu	x4,x22,x14	 x22:0x00000000 x14:0x00000001  x4=0x00000000
       91349000	     45574	80006102	340dac73	csrrs	x24,mscratch,x27	 x27:0x0000000b x24=0x6f7f70b6
       91351000	     45575	80006106	0001	c.addi	x0,0	  x0:0x00000000  x0=0x00000000
       91371000	     45585	80006108	3403d073	csrrwi	x0,mscratch,7	  x0=0x00000000
       91391000	     45595	8000610c	7b3d4797	auipc	x15,0x7b3d4	 x15=0xfb3da10c
       91395000	     45597	80006110	1cfd	c.addi	x25,-1	 x25:0x00000034 x25=0x00000033
       91397000	     45598	80006112	6929	c.lui	x18,0xa	 x18=0x0000a000
       91457000	     45628	80006114	3404b773	csrrc	x14,mscratch,x9	  x9:0x00000001 x14=0x00000007
       91477000	     45638	80006118	00021a63	bne	x4,x0,8000612c	  x4:0x00000000  x0:0x00000000  x0=0x00000000
       91483000	     45641	8000611c	0075ab33	slt	x22,x11,x7	 x11:0x00000000  x7:0xfe065000 x22=0x00000000
       91559000	     45679	80006120	03df63b3	rem	x7,x30,x29	 x30:0x00000035 x29:0x00000027  x7=0x0000000e
       91561000	     45680	80006124	0d6a	c.slli	x26,0x1a	 x26:0x2c2cf000 x26=0x00000000
       91563000	     45681	80006126	00609733	sll	x14,x1,x6	  x1:0x00000000  x6:0x00000000 x14=0x00000000
       91565000	     45682	8000612a	0001	c.addi	x0,0	  x0:0x00000000  x0=0x00000000
       91569000	     45684	8000612c	036670b3	remu	x1,x12,x22	 x12:0x00000035 x22:0x00000000  x1=0x00000035
       91589000	     45694	80006130	0023e263	bltu	x7,x2,80006134	  x7:0x0000000e  x2:0x00000000  x0=0x00000000
       91627000	     45713	80006134	00730863	beq	x6,x7,80006144	  x6:0x00000000  x7:0x0000000e  x0=0x00000000
       91629000	     45714	80006138	34027e73	csrrci	x28,mscratch,4	 x28=0x00000006
       91651000	     45725	8000613c	34031ef3	csrrw	x29,mscratch,x6	  x6:0x00000000 x29=0x00000002
       91669000	     45734	80006140	ca19	c.beqz	x12,80006156	 x12:0x00000035
       91671000	     45735	80006142	85a6	c.mv	x11,x9	  x0:0x00000000  x9:0x00000001 x11=0x00000001
       91673000	     45736	80006144	010038b3	sltu	x17,x0,x16	  x0:0x00000000 x16:0x00000021 x17=0x00000001
       91693000	     45746	80006148	0001	c.addi	x0,0	  x0:0x00000000  x0=0x00000000
       91717000	     45758	8000614a	41445193	srai	x3,x8,0x14	  x8:0x00000000  x3=0x00000000
       91723000	     45761	8000614e	34089973	csrrw	x18,mscratch,x17	 x17:0x00000001 x18=0x00000000
       91727000	     45763	80006152	05b55263	bge	x10,x27,80006196	 x10:0xd3d4c000 x27:0x0000000b  x0=0x00000000
       91749000	     45774	80006156	00335113	srli	x2,x6,0x3	  x6:0x00000000  x2=0x00000000
       91771000	     45785	8000615a	340de7f3	csrrsi	x15,mscratch,27	 x15=0x00000001
       91773000	     45786	8000615e	8e89	c.sub	x13,x10	 x13:0x00000035 x10:0xd3d4c000 x13=0x2c2b4035
       91785000	     45792	80006160	87c70717	auipc	x14,0x87c70	 x14=0x07c76160
       91811000	     45805	80006164	34055773	csrrwi	x14,mscratch,10	 x14=0x0000001b
       91813000	     45806	80006168	00269db3	sll	x27,x13,x2	 x13:0x2c2b4035  x2:0x00000000 x27=0x2c2b4035
       91819000	     45809	8000616c	6575	c.lui	x10,0x1d	 x10=0x0001d000
       91837000	     45818	8000616e	02c5d863	bge	x11,x12,8000619e	 x11:0x00000001 x12:0x00000035  x0=0x00000000
       91839000	     45819	80006172	0ff0000f	fence	iorwiorwiorwiorwiorwiorwiorwiorwiorwiorwiorwiorwiorwiorwiorwiorwiorwiorwiorwiorwiorwiorwiorwiorwiorwiorwiorwiorwiorwiorwiorwiorwiorwiorwiorwiorwiorwiorwiorwiorwiorwiorwiorwiorwiorwiorwiorwiorwiorwiorwiorwiorwiorwiorwiorwiorwiorwiorwiorwiorwiorwiorwiorwiorwiorwiorwiorwiorwiorwiorwiorwiorwiorwiorwiorwiorwiorwiorwiorwiorwiorwiorwiorwiorwiorwiorwiorwiorwiorwiorwiorwiorwiorwiorwiorwiorwiorwiorwiorwiorwiorwiorwiorwiorwiorwiorwiorwiorwiorwiorwiorwiorwiorwiorwiorwiorwiorwiorwiorwiorwiorwiorwiorwiorwiorwiorwiorwiorwiorwiorwiorwiorwiorwiorwiorw,iorwiorwiorwiorwiorwiorwiorwiorwiorwiorwiorwiorwiorwiorwiorwiorwiorwiorwiorwiorwiorwiorwiorwiorwiorwiorwiorwiorwiorwiorwiorwiorwiorwiorwiorwiorwiorwiorwiorwiorwiorwiorwiorwiorwiorwiorwiorwiorwiorwiorwiorwiorwiorwiorwiorwiorwiorwiorwiorwiorwiorwiorwiorwiorwiorwiorwiorwiorwiorwiorwiorwiorwiorwiorwiorwiorwiorwiorwiorwiorwiorwiorwiorwiorwiorwiorwiorwiorwiorwiorwiorwiorwiorwiorwiorwiorwiorwiorwiorwiorwiorwiorwiorwiorwiorwiorwiorwiorwiorwiorwiorwiorwiorwiorwiorwiorwiorwiorwiorwiorwiorwiorwiorwiorwiorwiorwiorwiorwiorwiorwiorwiorwiorwiorwiorwiorw	
       91845000	     45822	80006176	03b481b3	mul	x3,x9,x27	  x9:0x00000001 x27:0x2c2b4035  x3=0x2c2b4035
       91847000	     45823	8000617a	0962	c.slli	x18,0x18	 x18:0x00000000 x18=0x00000000
       91875000	     45837	8000617c	01f77463	bgeu	x14,x31,80006184	 x14:0x0000001b x31:0x00000000  x0=0x00000000
       91887000	     45843	80006180	01d89a33	sll	x20,x17,x29	 x17:0x00000001 x29:0x00000002 x20=0x00000004
       91909000	     45854	80006184	025aa3b3	mulhsu	x7,x21,x5	 x21:0x00000018  x5:0x8001add4  x7=0x0000000c
       91991000	     45895	80006188	03c5d133	divu	x2,x11,x28	 x11:0x00000001 x28:0x00000006  x2=0x00000000
       91993000	     45896	8000618c	004114b3	sll	x9,x2,x4	  x2:0x00000000  x4:0x00000000  x9=0x00000000
       91995000	     45897	80006190	8f35	c.xor	x14,x13	 x14:0x0000001b x13:0x2c2b4035 x14=0x2c2b402e
       91997000	     45898	80006192	896d	c.andi	x10,27	 x10:0x0001d000 x10=0x00000000
       91999000	     45899	80006194	4c21	c.li	x24,8	 x24=0x00000008
       92001000	     45900	80006196	8341	c.srli	x14,0x10	 x14:0x2c2b402e x14=0x00002c2b
       92039000	     45919	80006198	009ed733	srl	x14,x29,x9	 x29:0x00000002  x9:0x00000000 x14=0x00000002
       92061000	     45930	8000619c	0175	c.addi	x2,29	  x2:0x00000000  x2=0x0000001d
       92063000	     45931	8000619e	9ab6	c.add	x21,x13	 x21:0x00000018 x13:0x2c2b4035 x21=0x2c2b404d
       92067000	     45933	800061a0	03a1f433	remu	x8,x3,x26	  x3:0x2c2b4035 x26:0x00000000  x8=0x2c2b4035
       92071000	     45935	800061a4	03ebe763	bltu	x23,x30,800061d2	 x23:0x00000011 x30:0x00000035  x0=0x00000000
       92113000	     45956	800061d2	80c2	c.mv	x1,x16	  x0:0x00000000 x16:0x00000021  x1=0x00000021
       92137000	     45968	800061d4	01547763	bgeu	x8,x21,800061e2	  x8:0x2c2b4035 x21:0x2c2b404d  x0=0x00000000
       92143000	     45971	800061d8	0197fe63	bgeu	x15,x25,800061f4	 x15:0x00000001 x25:0x00000033  x0=0x00000000
       92177000	     45988	800061dc	0124e433	or	x8,x9,x18	  x9:0x00000000 x18:0x00000000  x8=0x00000000
       92179000	     45989	800061e0	1284	c.addi4spn	x9,x2,352	  x9=0x0000017d
       92191000	     45995	800061e2	11aded13	ori	x26,x27,282	 x27:0x2c2b4035 x26=0x2c2b413f
       92203000	     46001	800061e6	01ae8933	add	x18,x29,x26	 x29:0x00000002 x26:0x2c2b413f x18=0x2c2b4141
       92245000	     46022	800061ea	0ff0000f	fence	iorwiorwiorwiorwiorwiorwiorwiorwiorwiorwiorwiorwiorwiorwiorwiorwiorwiorwiorwiorwiorwiorwiorwiorwiorwiorwiorwiorwiorwiorwiorwiorwiorwiorwiorwiorwiorwiorwiorwiorwiorwiorwiorwiorwiorwiorwiorwiorwiorwiorwiorwiorwiorwiorwiorwiorwiorwiorwiorwiorwiorwiorwiorwiorwiorwiorwiorwiorwiorwiorwiorwiorwiorwiorwiorwiorwiorwiorwiorwiorwiorwiorwiorwiorwiorwiorwiorwiorwiorwiorwiorwiorwiorwiorwiorwiorwiorwiorwiorwiorwiorwiorwiorwiorwiorwiorwiorwiorwiorwiorwiorwiorwiorwiorwiorwiorwiorwiorwiorwiorwiorwiorwiorwiorwiorwiorwiorwiorwiorwiorwiorwiorwiorwiorwiorwiorwiorw,iorwiorwiorwiorwiorwiorwiorwiorwiorwiorwiorwiorwiorwiorwiorwiorwiorwiorwiorwiorwiorwiorwiorwiorwiorwiorwiorwiorwiorwiorwiorwiorwiorwiorwiorwiorwiorwiorwiorwiorwiorwiorwiorwiorwiorwiorwiorwiorwiorwiorwiorwiorwiorwiorwiorwiorwiorwiorwiorwiorwiorwiorwiorwiorwiorwiorwiorwiorwiorwiorwiorwiorwiorwiorwiorwiorwiorwiorwiorwiorwiorwiorwiorwiorwiorwiorwiorwiorwiorwiorwiorwiorwiorwiorwiorwiorwiorwiorwiorwiorwiorwiorwiorwiorwiorwiorwiorwiorwiorwiorwiorwiorwiorwiorwiorwiorwiorwiorwiorwiorwiorwiorwiorwiorwiorwiorwiorwiorwiorwiorwiorwiorwiorwiorwiorwiorwiorwiorw	
       92247000	     46023	800061ee	01fd9d33	sll	x26,x27,x31	 x27:0x2c2b4035 x31:0x00000000 x26=0x2c2b4035
       92249000	     46024	800061f2	5cfd	c.li	x25,-1	 x25=0xffffffff
       92255000	     46027	800061f4	8561	c.srai	x10,0x18	 x10:0x00000000 x10=0x00000000
       92257000	     46028	800061f6	ff207617	auipc	x12,0xff207	 x12=0x7f20d1f6
       92261000	     46030	800061fa	ea85	c.bnez	x13,8000622a	 x13:0x2c2b4035
       92379000	     46089	8000622a	0392fb33	remu	x22,x5,x25	  x5:0x8001add4 x25:0xffffffff x22=0x8001add4
       92381000	     46090	8000622e	00636a33	or	x20,x6,x6	  x6:0x00000000  x6:0x00000000 x20=0x00000000
       92383000	     46091	80006232	84ed	c.srai	x9,0x1b	  x9:0x0000017d  x9=0x00000000
       92385000	     46092	80006234	2e90ab93	slti	x23,x1,745	  x1:0x00000021 x23=0x00000001
       92397000	     46098	80006238	01e87c33	and	x24,x16,x30	 x16:0x00000021 x30:0x00000035 x24=0x00000021
       92413000	     46106	8000623c	1353b713	sltiu	x14,x7,309	  x7:0x0000000c x14=0x00000001
       92419000	     46109	80006240	c1b1	c.beqz	x11,80006284	 x11:0x00000001
       92421000	     46110	80006242	0001	c.addi	x0,0	  x0:0x00000000  x0=0x00000000
       92465000	     46132	80006244	010ecc33	xor	x24,x29,x16	 x29:0x00000002 x16:0x00000021 x24=0x00000023
       92467000	     46133	80006248	00f6f433	and	x8,x13,x15	 x13:0x2c2b4035 x15:0x00000001  x8=0x00000001
       92489000	     46144	8000624c	9df6	c.add	x27,x29	 x27:0x2c2b4035 x29:0x00000002 x27=0x2c2b4037
       92491000	     46145	8000624e	0001	c.addi	x0,0	  x0:0x00000000  x0=0x00000000
       92537000	     46168	80006250	02e26663	bltu	x4,x14,8000627c	  x4:0x00000000 x14:0x00000001  x0=0x00000000
       92547000	     46173	8000627c	34003bf3	csrrc	x23,mscratch,x0	  x0:0x00000000 x23=0x0000000a
       92589000	     46194	80006280	340f57f3	csrrwi	x15,mscratch,30	 x15=0x0000000a
       92619000	     46209	80006284	0a2e	c.slli	x20,0xb	 x20:0x00000000 x20=0x00000000
       92621000	     46210	80006286	03f10263	beq	x2,x31,800062aa	  x2:0x0000001d x31:0x00000000  x0=0x00000000
       92623000	     46211	8000628a	3402fff3	csrrci	x31,mscratch,5	 x31=0x0000001e
       92625000	     46212	8000628e	05d2	c.slli	x11,0x14	 x11:0x00000001 x11=0x00100000
       92629000	     46214	80006290	938e	c.add	x7,x3	  x7:0x0000000c  x3:0x2c2b4035  x7=0x2c2b4041
       92633000	     46216	80006292	eb99	c.bnez	x15,800062a8	 x15:0x0000000a
       92713000	     46256	800062a8	853a	c.mv	x10,x14	  x0:0x00000000 x14:0x00000001 x10=0x00000001
       92749000	     46274	800062aa	019c0233	add	x4,x24,x25	 x24:0x00000023 x25:0xffffffff  x4=0x00000022
       92765000	     46282	800062ae	41bcdc13	srai	x24,x25,0x1b	 x25:0xffffffff x24=0xffffffff
       92767000	     46283	800062b2	02e37b63	bgeu	x6,x14,800062e8	  x6:0x00000000 x14:0x00000001  x0=0x00000000
       92789000	     46294	800062b6	002f15b3	sll	x11,x30,x2	 x30:0x00000035  x2:0x0000001d x11=0xa0000000
       92791000	     46295	800062ba	6131	c.addi16sp	x2,320	  x2:0x0000001d  x2=0x0000015d
       92793000	     46296	800062bc	408907b3	sub	x15,x18,x8	 x18:0x2c2b4141  x8:0x00000001 x15=0x2c2b4140
       92813000	     46306	800062c0	109c4893	xori	x17,x24,265	 x24:0xffffffff x17=0xfffffef6
       92855000	     46327	800062c4	0030d7b3	srl	x15,x1,x3	  x1:0x00000021  x3:0x2c2b4035 x15=0x00000000
       92897000	     46348	800062c8	0fd9	c.addi	x31,22	 x31:0x0000001e x31=0x00000034
       92899000	     46349	800062ca	0d00	c.addi4spn	x8,x2,656	  x8=0x000003ed
       92901000	     46350	800062cc	0001	c.addi	x0,0	  x0:0x00000000  x0=0x00000000
       92903000	     46351	800062ce	8d5d	c.or	x10,x15	 x10:0x00000001 x15:0x00000000 x10=0x00000001
       92909000	     46354	800062d0	8a51	c.andi	x12,20	 x12:0x7f20d1f6 x12=0x00000014
       92911000	     46355	800062d2	81ce	c.mv	x3,x19	  x0:0x00000000 x19:0x8001ee7c  x3=0x8001ee7c
       92921000	     46360	800062d4	0199b5b3	sltu	x11,x19,x25	 x19:0x8001ee7c x25:0xffffffff x11=0x00000001
       92933000	     46366	800062d8	03fde263	bltu	x27,x31,800062fc	 x27:0x2c2b4037 x31:0x00000034  x0=0x00000000
       92951000	     46375	800062dc	0001	c.addi	x0,0	  x0:0x00000000  x0=0x00000000
       92953000	     46376	800062de	0498	c.addi4spn	x14,x2,576	 x14=0x0000039d
       92955000	     46377	800062e0	4188d693	srai	x13,x17,0x18	 x17:0xfffffef6 x13=0xffffffff
       92965000	     46382	800062e4	997d	c.andi	x10,-1	 x10:0x00000001 x10=0x00000001
       92969000	     46384	800062e6	e60d	c.bnez	x12,80006310	 x12:0x00000014
       93015000	     46407	80006310	8d55	c.or	x10,x13	 x10:0x00000001 x13:0xffffffff x10=0xffffffff
       93045000	     46422	80006312	04b76163	bltu	x14,x11,80006354	 x14:0x0000039d x11:0x00000001  x0=0x00000000
       93087000	     46443	80006316	00494db3	xor	x27,x18,x4	 x18:0x2c2b4141  x4:0x00000022 x27=0x2c2b4163
       93135000	     46467	8000631a	031128b3	mulhsu	x17,x2,x17	  x2:0x0000015d x17:0xfffffef6 x17=0x0000015c
       93137000	     46468	8000631e	1e10	c.addi4spn	x12,x2,816	 x12=0x0000048d
       93141000	     46470	80006320	35e0f693	andi	x13,x1,862	  x1:0x00000021 x13=0x00000000
       93153000	     46476	80006324	40d58c33	sub	x24,x11,x13	 x11:0x00000001 x13:0x00000000 x24=0x00000001
       93161000	     46480	80006328	03abb5b3	mulhu	x11,x23,x26	 x23:0x0000000a x26:0x2c2b4035 x11=0x00000001
       93191000	     46495	8000632c	868d	c.srai	x13,0x3	 x13:0x00000000 x13=0x00000000
       93193000	     46496	8000632e	65dd	c.lui	x11,0x17	 x11=0x00017000
       93201000	     46500	80006330	027ce463	bltu	x25,x7,80006358	 x25:0xffffffff  x7:0x2c2b4041  x0=0x00000000
       93203000	     46501	80006334	0063fb33	and	x22,x7,x6	  x7:0x2c2b4041  x6:0x00000000 x22=0x00000000
       93249000	     46524	80006338	9a62	c.add	x20,x24	 x20:0x00000000 x24:0x00000001 x20=0x00000001
       93251000	     46525	8000633a	0001	c.addi	x0,0	  x0:0x00000000  x0=0x00000000
       93253000	     46526	8000633c	0ff0000f	fence	iorwiorwiorwiorwiorwiorwiorwiorwiorwiorwiorwiorwiorwiorwiorwiorwiorwiorwiorwiorwiorwiorwiorwiorwiorwiorwiorwiorwiorwiorwiorwiorwiorwiorwiorwiorwiorwiorwiorwiorwiorwiorwiorwiorwiorwiorwiorwiorwiorwiorwiorwiorwiorwiorwiorwiorwiorwiorwiorwiorwiorwiorwiorwiorwiorwiorwiorwiorwiorwiorwiorwiorwiorwiorwiorwiorwiorwiorwiorwiorwiorwiorwiorwiorwiorwiorwiorwiorwiorwiorwiorwiorwiorwiorwiorwiorwiorwiorwiorwiorwiorwiorwiorwiorwiorwiorwiorwiorwiorwiorwiorwiorwiorwiorwiorwiorwiorwiorwiorwiorwiorwiorwiorwiorwiorwiorwiorwiorwiorwiorwiorwiorwiorwiorwiorwiorwiorwiorwiorw,iorwiorwiorwiorwiorwiorwiorwiorwiorwiorwiorwiorwiorwiorwiorwiorwiorwiorwiorwiorwiorwiorwiorwiorwiorwiorwiorwiorwiorwiorwiorwiorwiorwiorwiorwiorwiorwiorwiorwiorwiorwiorwiorwiorwiorwiorwiorwiorwiorwiorwiorwiorwiorwiorwiorwiorwiorwiorwiorwiorwiorwiorwiorwiorwiorwiorwiorwiorwiorwiorwiorwiorwiorwiorwiorwiorwiorwiorwiorwiorwiorwiorwiorwiorwiorwiorwiorwiorwiorwiorwiorwiorwiorwiorwiorwiorwiorwiorwiorwiorwiorwiorwiorwiorwiorwiorwiorwiorwiorwiorwiorwiorwiorwiorwiorwiorwiorwiorwiorwiorwiorwiorwiorwiorwiorwiorwiorwiorwiorwiorwiorwiorwiorwiorwiorwiorwiorwiorwiorwiorw	
       93303000	     46551	80006340	c21d	c.beqz	x12,80006366	 x12:0x0000048d
       93315000	     46557	80006342	41925933	sra	x18,x4,x25	  x4:0x00000022 x25:0xffffffff x18=0x00000000
       93317000	     46558	80006346	4bf5	c.li	x23,29	 x23=0x0000001d
       93325000	     46562	80006348	340c6df3	csrrsi	x27,mscratch,24	 x27=0x0000001a
       93347000	     46573	8000634c	34033d73	csrrc	x26,mscratch,x6	  x6:0x00000000 x26=0x0000001a
       93367000	     46583	80006350	154b8c13	addi	x24,x23,340	 x23:0x0000001d x24=0x00000171
       93369000	     46584	80006354	8ee5	c.and	x13,x9	 x13:0x00000000  x9:0x00000000 x13=0x00000000
       93371000	     46585	80006356	0001	c.addi	x0,0	  x0:0x00000000  x0=0x00000000
       93375000	     46587	80006358	1efd	c.addi	x29,-1	 x29:0x00000002 x29=0x00000001
       93417000	     46608	8000635a	41325513	srai	x10,x4,0x13	  x4:0x00000022 x10=0x00000000
       93447000	     46623	8000635e	01958833	add	x16,x11,x25	 x11:0x00017000 x25:0xffffffff x16=0x00016fff
       93495000	     46647	80006362	038bb5b3	mulhu	x11,x23,x24	 x23:0x0000001d x24:0x00000171 x11=0x00000000
       93497000	     46648	80006366	3409b8f3	csrrc	x17,mscratch,x19	 x19:0x8001ee7c x17=0x0000001a
       93509000	     46654	8000636a	340aecf3	csrrsi	x25,mscratch,21	 x25=0x00000002
       93531000	     46665	8000636e	00257f33	and	x30,x10,x2	 x10:0x00000000  x2:0x0000015d x30=0x00000000
       93593000	     46696	80006372	f4fb7f93	andi	x31,x22,-177	 x22:0x00000000 x31=0x00000000
       93597000	     46698	80006376	02f65133	divu	x2,x12,x15	 x12:0x0000048d x15:0x00000000  x2=0xffffffff
       93619000	     46709	8000637a	0122f933	and	x18,x5,x18	  x5:0x8001add4 x18:0x00000000 x18=0x00000000
       93621000	     46710	8000637e	019e8db3	add	x27,x29,x25	 x29:0x00000001 x25:0x00000002 x27=0x00000003
       93623000	     46711	80006382	85fd	c.srai	x11,0x1f	 x11:0x00000000 x11=0x00000000
       93653000	     46726	80006384	0001	c.addi	x0,0	  x0:0x00000000  x0=0x00000000
       93655000	     46727	80006386	02669063	bne	x13,x6,800063a6	 x13:0x00000000  x6:0x00000000  x0=0x00000000
       93677000	     46738	8000638a	3407f6f3	csrrci	x13,mscratch,15	 x13=0x00000017
       93679000	     46739	8000638e	8675	c.srai	x12,0x1d	 x12:0x0000048d x12=0x00000000
       93695000	     46747	80006390	0e0a	c.slli	x28,0x2	 x28:0x00000006 x28=0x00000018
       93703000	     46751	80006392	03fd3fb3	mulhu	x31,x26,x31	 x26:0x0000001a x31:0x00000000 x31=0x00000000
       93733000	     46766	80006396	412fd633	sra	x12,x31,x18	 x31:0x00000000 x18:0x00000000 x12=0x00000000
       93735000	     46767	8000639a	07b9	c.addi	x15,14	 x15:0x00000000 x15=0x0000000e
       93749000	     46774	8000639c	02c4b433	mulhu	x8,x9,x12	  x9:0x00000000 x12:0x00000000  x8=0x00000000
       93769000	     46784	800063a0	006c5a33	srl	x20,x24,x6	 x24:0x00000171  x6:0x00000000 x20=0x00000171
       93781000	     46790	800063a4	0541	c.addi	x10,16	 x10:0x00000000 x10=0x00000010
       93783000	     46791	800063a6	01a79213	slli	x4,x15,0x1a	 x15:0x0000000e  x4=0x38000000
       93801000	     46800	800063aa	02a04263	blt	x0,x10,800063ce	  x0:0x00000000 x10:0x00000010  x0=0x00000000
       93833000	     46816	800063ce	34069473	csrrw	x8,mscratch,x13	 x13:0x00000017  x8=0x00000010
       93907000	     46853	800063d2	0272f533	remu	x10,x5,x7	  x5:0x8001add4  x7:0x2c2b4041 x10=0x27ab2d52
       93909000	     46854	800063d6	8d0d	c.sub	x10,x11	 x10:0x27ab2d52 x11:0x00000000 x10=0x27ab2d52
       93911000	     46855	800063d8	340fa273	csrrs	x4,mscratch,x31	 x31:0x00000000  x4=0x00000017
       93913000	     46856	800063dc	9d62	c.add	x26,x24	 x26:0x0000001a x24:0x00000171 x26=0x0000018b
       93945000	     46872	800063de	02f521b3	mulhsu	x3,x10,x15	 x10:0x27ab2d52 x15:0x0000000e  x3=0x00000002
       93987000	     46893	800063e2	01476533	or	x10,x14,x20	 x14:0x0000039d x20:0x00000171 x10=0x000003fd
       93989000	     46894	800063e6	091c	c.addi4spn	x15,x2,144	 x15=0x0000008f
       93991000	     46895	800063e8	10fd	c.addi	x1,-1	  x1:0x00000021  x1=0x00000020
       94123000	     46961	800063ea	030d4533	div	x10,x26,x16	 x26:0x0000018b x16:0x00016fff x10=0x00000000
       94125000	     46962	800063ee	0001	c.addi	x0,0	  x0:0x00000000  x0=0x00000000
       94127000	     46963	800063f0	00d6dfb3	srl	x31,x13,x13	 x13:0x00000017 x13:0x00000017 x31=0x00000000
       94129000	     46964	800063f4	0ff0000f	fence	iorwiorwiorwiorwiorwiorwiorwiorwiorwiorwiorwiorwiorwiorwiorwiorwiorwiorwiorwiorwiorwiorwiorwiorwiorwiorwiorwiorwiorwiorwiorwiorwiorwiorwiorwiorwiorwiorwiorwiorwiorwiorwiorwiorwiorwiorwiorwiorwiorwiorwiorwiorwiorwiorwiorwiorwiorwiorwiorwiorwiorwiorwiorwiorwiorwiorwiorwiorwiorwiorwiorwiorwiorwiorwiorwiorwiorwiorwiorwiorwiorwiorwiorwiorwiorwiorwiorwiorwiorwiorwiorwiorwiorwiorwiorwiorwiorwiorwiorwiorwiorwiorwiorwiorwiorwiorwiorwiorwiorwiorwiorwiorwiorwiorwiorwiorwiorwiorwiorwiorwiorwiorwiorwiorwiorwiorwiorwiorwiorwiorwiorwiorwiorwiorwiorwiorwiorwiorwiorwiorwiorw,iorwiorwiorwiorwiorwiorwiorwiorwiorwiorwiorwiorwiorwiorwiorwiorwiorwiorwiorwiorwiorwiorwiorwiorwiorwiorwiorwiorwiorwiorwiorwiorwiorwiorwiorwiorwiorwiorwiorwiorwiorwiorwiorwiorwiorwiorwiorwiorwiorwiorwiorwiorwiorwiorwiorwiorwiorwiorwiorwiorwiorwiorwiorwiorwiorwiorwiorwiorwiorwiorwiorwiorwiorwiorwiorwiorwiorwiorwiorwiorwiorwiorwiorwiorwiorwiorwiorwiorwiorwiorwiorwiorwiorwiorwiorwiorwiorwiorwiorwiorwiorwiorwiorwiorwiorwiorwiorwiorwiorwiorwiorwiorwiorwiorwiorwiorwiorwiorwiorwiorwiorwiorwiorwiorwiorwiorwiorwiorwiorwiorwiorwiorwiorwiorwiorwiorwiorwiorwiorwiorwiorwiorw	
       94151000	     46975	800063f8	987d	c.andi	x8,-1	  x8:0x00000010  x8=0x00000010
       94153000	     46976	800063fa	80f9	c.srli	x9,0x1e	  x9:0x00000000  x9=0x00000000
       94167000	     46983	800063fc	2f729117	auipc	x2,0x2f729	  x2=0xaf72f3fc
       94175000	     46987	80006400	032314b3	mulh	x9,x6,x18	  x6:0x00000000 x18:0x00000000  x9=0x00000000
       94177000	     46988	80006404	4194d5b3	sra	x11,x9,x25	  x9:0x00000000 x25:0x00000002 x11=0x00000000
       94229000	     47014	80006408	0363f933	remu	x18,x7,x22	  x7:0x2c2b4041 x22:0x00000000 x18=0x2c2b4041
       94231000	     47015	8000640c	00ebfe63	bgeu	x23,x14,80006428	 x23:0x0000001d x14:0x0000039d  x0=0x00000000
       94245000	     47022	80006410	ea1d	c.bnez	x12,80006446	 x12:0x00000000
       94267000	     47033	80006412	02067bb3	remu	x23,x12,x0	 x12:0x00000000  x0:0x00000000 x23=0x00000000
       94283000	     47041	80006416	404b0ab3	sub	x21,x22,x4	 x22:0x00000000  x4:0x00000017 x21=0xffffffe9
       94289000	     47044	8000641a	4109dab3	sra	x21,x19,x16	 x19:0x8001ee7c x16:0x00016fff x21=0xffffffff
       94291000	     47045	8000641e	0ee6	c.slli	x29,0x19	 x29:0x00000001 x29=0x02000000
       94295000	     47047	80006420	020a1f63	bne	x20,x0,8000645e	 x20:0x00000171  x0:0x00000000  x0=0x00000000
       94387000	     47093	8000645e	006f1663	bne	x30,x6,8000646a	 x30:0x00000000  x6:0x00000000  x0=0x00000000
       94409000	     47104	80006462	007e5963	bge	x28,x7,80006474	 x28:0x00000018  x7:0x2c2b4041  x0=0x00000000
       94411000	     47105	80006466	00d655b3	srl	x11,x12,x13	 x12:0x00000000 x13:0x00000017 x11=0x00000000
       94423000	     47111	8000646a	411bd733	sra	x14,x23,x17	 x23:0x00000000 x17:0x0000001a x14=0x00000000
       94425000	     47112	8000646e	1e90	c.addi4spn	x12,x2,880	 x12=0xaf72f76c
       94427000	     47113	80006470	0ff0000f	fence	iorwiorwiorwiorwiorwiorwiorwiorwiorwiorwiorwiorwiorwiorwiorwiorwiorwiorwiorwiorwiorwiorwiorwiorwiorwiorwiorwiorwiorwiorwiorwiorwiorwiorwiorwiorwiorwiorwiorwiorwiorwiorwiorwiorwiorwiorwiorwiorwiorwiorwiorwiorwiorwiorwiorwiorwiorwiorwiorwiorwiorwiorwiorwiorwiorwiorwiorwiorwiorwiorwiorwiorwiorwiorwiorwiorwiorwiorwiorwiorwiorwiorwiorwiorwiorwiorwiorwiorwiorwiorwiorwiorwiorwiorwiorwiorwiorwiorwiorwiorwiorwiorwiorwiorwiorwiorwiorwiorwiorwiorwiorwiorwiorwiorwiorwiorwiorwiorwiorwiorwiorwiorwiorwiorwiorwiorwiorwiorwiorwiorwiorwiorwiorwiorwiorwiorwiorwiorwiorwiorwiorwiorwiorw,iorwiorwiorwiorwiorwiorwiorwiorwiorwiorwiorwiorwiorwiorwiorwiorwiorwiorwiorwiorwiorwiorwiorwiorwiorwiorwiorwiorwiorwiorwiorwiorwiorwiorwiorwiorwiorwiorwiorwiorwiorwiorwiorwiorwiorwiorwiorwiorwiorwiorwiorwiorwiorwiorwiorwiorwiorwiorwiorwiorwiorwiorwiorwiorwiorwiorwiorwiorwiorwiorwiorwiorwiorwiorwiorwiorwiorwiorwiorwiorwiorwiorwiorwiorwiorwiorwiorwiorwiorwiorwiorwiorwiorwiorwiorwiorwiorwiorwiorwiorwiorwiorwiorwiorwiorwiorwiorwiorwiorwiorwiorwiorwiorwiorwiorwiorwiorwiorwiorwiorwiorwiorwiorwiorwiorwiorwiorwiorwiorwiorwiorwiorwiorwiorwiorwiorwiorwiorwiorwiorwiorwiorwiorwiorw	
       94429000	     47114	80006474	0053c933	xor	x18,x7,x5	  x7:0x2c2b4041  x5:0x8001add4 x18=0xac2aed95
       94437000	     47118	80006478	03fa3ab3	mulhu	x21,x20,x31	 x20:0x00000171 x31:0x00000000 x21=0x00000000
       94479000	     47139	8000647c	01da0633	add	x12,x20,x29	 x20:0x00000171 x29:0x02000000 x12=0x02000171
       94481000	     47140	80006480	34081bf3	csrrw	x23,mscratch,x16	 x16:0x00016fff x23=0x00000017
       94503000	     47151	80006484	0001	c.addi	x0,0	  x0:0x00000000  x0=0x00000000
       94505000	     47152	80006486	0001	c.addi	x0,0	  x0:0x00000000  x0=0x00000000
       94541000	     47170	80006488	3408b473	csrrc	x8,mscratch,x17	 x17:0x0000001a  x8=0x00016fff
       94561000	     47180	8000648c	8fc5	c.or	x15,x9	 x15:0x0000008f  x9:0x00000000 x15=0x0000008f
       94563000	     47181	8000648e	8d71	c.and	x10,x12	 x10:0x00000000 x12:0x02000171 x10=0x00000000
       94645000	     47222	80006490	0316df33	divu	x30,x13,x17	 x13:0x00000017 x17:0x0000001a x30=0x00000000
       94647000	     47223	80006494	1a04	c.addi4spn	x9,x2,304	  x9=0xaf72f52c
       94655000	     47227	80006496	03b11533	mulh	x10,x2,x27	  x2:0xaf72f3fc x27:0x00000003 x10=0xffffffff
       94657000	     47228	8000649a	340aad73	csrrs	x26,mscratch,x21	 x21:0x00000000 x26=0x00016fe5
       94661000	     47230	8000649e	00a9d1b3	srl	x3,x19,x10	 x19:0x8001ee7c x10:0xffffffff  x3=0x00000001
       94663000	     47231	800064a2	8ca5	c.xor	x9,x9	  x9:0xaf72f52c  x9:0xaf72f52c  x9=0x00000000
       94665000	     47232	800064a4	8fa5	c.xor	x15,x9	 x15:0x0000008f  x9:0x00000000 x15=0x0000008f
       94667000	     47233	800064a6	0001	c.addi	x0,0	  x0:0x00000000  x0=0x00000000
       94681000	     47240	800064a8	0001	c.addi	x0,0	  x0:0x00000000  x0=0x00000000
       94693000	     47246	800064aa	7ffe58b7	lui	x17,0x7ffe5	 x17=0x7ffe5000
       94727000	     47263	800064ae	02db17b3	mulh	x15,x22,x13	 x22:0x00000000 x13:0x00000017 x15=0x00000000
       94735000	     47267	800064b2	4155dc93	srai	x25,x11,0x15	 x11:0x00000000 x25=0x00000000
       94737000	     47268	800064b6	8f35	c.xor	x14,x13	 x14:0x00000000 x13:0x00000017 x14=0x00000017
       94743000	     47271	800064b8	418bd5b3	sra	x11,x23,x24	 x23:0x00000017 x24:0x00000171 x11=0x00000000
       94759000	     47279	800064bc	340d9973	csrrw	x18,mscratch,x27	 x27:0x00000003 x18=0x00016fe5
       94765000	     47282	800064c0	8c39	c.xor	x8,x14	  x8:0x00016fff x14:0x00000017  x8=0x00016fe8
       94859000	     47329	800064c2	033f6633	rem	x12,x30,x19	 x30:0x00000000 x19:0x8001ee7c x12=0x00000000
       94861000	     47330	800064c6	0d112613	slti	x12,x2,209	  x2:0xaf72f3fc x12=0x00000001
       94863000	     47331	800064ca	8f95	c.sub	x15,x13	 x15:0x00000000 x13:0x00000017 x15=0xffffffe9
       94865000	     47332	800064cc	6119	c.addi16sp	x2,384	  x2:0xaf72f3fc  x2=0xaf72f57c
       94883000	     47341	800064ce	0122dc33	srl	x24,x5,x18	  x5:0x8001add4 x18:0x00016fe5 x24=0x04000d6e
       94907000	     47353	800064d2	036b5863	bge	x22,x22,80006502	 x22:0x00000000 x22:0x00000000  x0=0x00000000
       95003000	     47401	80006502	ff708917	auipc	x18,0xff708	 x18=0x7f70e502
       95005000	     47402	80006506	005573b3	and	x7,x10,x5	 x10:0xffffffff  x5:0x8001add4  x7=0x8001add4
       95017000	     47408	8000650a	013ca7b3	slt	x15,x25,x19	 x25:0x00000000 x19:0x8001ee7c x15=0x00000000
       95033000	     47416	8000650e	02541f33	mulh	x30,x8,x5	  x8:0x00016fe8  x5:0x8001add4 x30=0xffff480e
       95049000	     47424	80006512	0ff0000f	fence	iorwiorwiorwiorwiorwiorwiorwiorwiorwiorwiorwiorwiorwiorwiorwiorwiorwiorwiorwiorwiorwiorwiorwiorwiorwiorwiorwiorwiorwiorwiorwiorwiorwiorwiorwiorwiorwiorwiorwiorwiorwiorwiorwiorwiorwiorwiorwiorwiorwiorwiorwiorwiorwiorwiorwiorwiorwiorwiorwiorwiorwiorwiorwiorwiorwiorwiorwiorwiorwiorwiorwiorwiorwiorwiorwiorwiorwiorwiorwiorwiorwiorwiorwiorwiorwiorwiorwiorwiorwiorwiorwiorwiorwiorwiorwiorwiorwiorwiorwiorwiorwiorwiorwiorwiorwiorwiorwiorwiorwiorwiorwiorwiorwiorwiorwiorwiorwiorwiorwiorwiorwiorwiorwiorwiorwiorwiorwiorwiorwiorwiorwiorwiorwiorwiorwiorwiorwiorwiorwiorwiorwiorwiorwiorwiorw,iorwiorwiorwiorwiorwiorwiorwiorwiorwiorwiorwiorwiorwiorwiorwiorwiorwiorwiorwiorwiorwiorwiorwiorwiorwiorwiorwiorwiorwiorwiorwiorwiorwiorwiorwiorwiorwiorwiorwiorwiorwiorwiorwiorwiorwiorwiorwiorwiorwiorwiorwiorwiorwiorwiorwiorwiorwiorwiorwiorwiorwiorwiorwiorwiorwiorwiorwiorwiorwiorwiorwiorwiorwiorwiorwiorwiorwiorwiorwiorwiorwiorwiorwiorwiorwiorwiorwiorwiorwiorwiorwiorwiorwiorwiorwiorwiorwiorwiorwiorwiorwiorwiorwiorwiorwiorwiorwiorwiorwiorwiorwiorwiorwiorwiorwiorwiorwiorwiorwiorwiorwiorwiorwiorwiorwiorwiorwiorwiorwiorwiorwiorwiorwiorwiorwiorwiorwiorwiorwiorwiorwiorwiorwiorwiorwiorw	
       95087000	     47443	80006516	340928f3	csrrs	x17,mscratch,x18	 x18:0x7f70e502 x17=0x00000003
       95093000	     47446	8000651a	40d4d533	sra	x10,x9,x13	  x9:0x00000000 x13:0x00000017 x10=0x00000000
       95095000	     47447	8000651e	81f5	c.srli	x11,0x1d	 x11:0x00000000 x11=0x00000000
       95127000	     47463	80006520	00c47933	and	x18,x8,x12	  x8:0x00016fe8 x12:0x00000001 x18=0x00000000
       95143000	     47471	80006524	3403eff3	csrrsi	x31,mscratch,7	 x31=0x7f70e503
       95169000	     47484	80006528	029e11b3	mulh	x3,x28,x9	 x28:0x00000018  x9:0x00000000  x3=0x00000000
       95171000	     47485	8000652c	40f95393	srai	x7,x18,0xf	 x18:0x00000000  x7=0x00000000
       95227000	     47513	80006530	0d99	c.addi	x27,6	 x27:0x00000003 x27=0x00000009
       95235000	     47517	80006532	00b27c63	bgeu	x4,x11,8000654a	  x4:0x00000017 x11:0x00000000  x0=0x00000000
       95323000	     47561	80006536	025ee3b3	rem	x7,x29,x5	 x29:0x02000000  x5:0x8001add4  x7=0x02000000
       95325000	     47562	8000653a	007f1e93	slli	x29,x30,0x7	 x30:0xffff480e x29=0xffa40700
       95333000	     47566	8000653e	03d8aa33	mulhsu	x20,x17,x29	 x17:0x00000003 x29:0xffa40700 x20=0x00000002
       95381000	     47590	80006542	41a95933	sra	x18,x18,x26	 x18:0x00000000 x26:0x00016fe5 x18=0x00000000
       95397000	     47598	80006546	01285c33	srl	x24,x16,x18	 x16:0x00016fff x18:0x00000000 x24=0x00016fff
       95399000	     47599	8000654a	41fd81b3	sub	x3,x27,x31	 x27:0x00000009 x31:0x7f70e503  x3=0x808f1b06
       95421000	     47610	8000654e	340b5f73	csrrwi	x30,mscratch,22	 x30=0x7f70e507
       95423000	     47611	80006552	00a45f33	srl	x30,x8,x10	  x8:0x00016fe8 x10:0x00000000 x30=0x00016fe8
       95425000	     47612	80006556	8259	c.srli	x12,0x16	 x12:0x00000001 x12=0x00000000
       95451000	     47625	80006558	03f5a1b3	mulhsu	x3,x11,x31	 x11:0x00000000 x31:0x7f70e503  x3=0x00000000
       95455000	     47627	8000655c	4022d4b3	sra	x9,x5,x2	  x5:0x8001add4  x2:0xaf72f57c  x9=0xfffffff8
       95477000	     47638	80006560	8e46	c.mv	x28,x17	  x0:0x00000000 x17:0x00000003 x28=0x00000003
       95491000	     47645	80006562	3b017693	andi	x13,x2,944	  x2:0xaf72f57c x13=0x00000130
       95501000	     47650	80006566	29a23d93	sltiu	x27,x4,666	  x4:0x00000017 x27=0x00000001
       95549000	     47674	8000656a	20ef7b93	andi	x23,x30,526	 x30:0x00016fe8 x23=0x00000208
       95551000	     47675	8000656e	80a5	c.srli	x9,0x9	  x9:0xfffffff8  x9=0x007fffff
       95561000	     47680	80006570	0001	c.addi	x0,0	  x0:0x00000000  x0=0x00000000
       95645000	     47722	80006572	02e9d133	divu	x2,x19,x14	 x19:0x8001ee7c x14:0x00000017  x2=0x0590c796
       95647000	     47723	80006576	01ef0b33	add	x22,x30,x30	 x30:0x00016fe8 x30:0x00016fe8 x22=0x0002dfd0
       95649000	     47724	8000657a	40f1d213	srai	x4,x3,0xf	  x3:0x00000000  x4=0x00000000
       95665000	     47732	8000657e	00157263	bgeu	x10,x1,80006582	 x10:0x00000000  x1:0x00000020  x0=0x00000000
       95667000	     47733	80006582	0001	c.addi	x0,0	  x0:0x00000000  x0=0x00000000
       95669000	     47734	80006584	6d191217	auipc	x4,0x6d191	  x4=0xed197584
       95675000	     47737	80006588	037a9763	bne	x21,x23,800065b6	 x21:0x00000000 x23:0x00000208  x0=0x00000000
       95817000	     47808	800065b6	01b38d63	beq	x7,x27,800065d0	  x7:0x02000000 x27:0x00000001  x0=0x00000000
       95819000	     47809	800065ba	1bfd	c.addi	x23,-1	 x23:0x00000208 x23=0x00000207
       95821000	     47810	800065bc	3408f173	csrrci	x2,mscratch,17	  x2=0x00000016
       95823000	     47811	800065c0	04b4e263	bltu	x9,x11,80006604	  x9:0x007fffff x11:0x00000000  x0=0x00000000
       95885000	     47842	800065c4	01764c63	blt	x12,x23,800065dc	 x12:0x00000000 x23:0x00000207  x0=0x00000000
       95943000	     47871	800065dc	3402d273	csrrwi	x4,mscratch,5	  x4=0x00000006
       95963000	     47881	800065e0	ce8d	c.beqz	x13,8000661a	 x13:0x00000130
       95965000	     47882	800065e2	01f5bdb3	sltu	x27,x11,x31	 x11:0x00000000 x31:0x7f70e503 x27=0x00000001
       95987000	     47893	800065e6	004a9c93	slli	x25,x21,0x4	 x21:0x00000000 x25=0x00000000
       96015000	     47907	800065ea	ff2e3cb7	lui	x25,0xff2e3	 x25=0xff2e3000
       96055000	     47927	800065ee	0078e733	or	x14,x17,x7	 x17:0x00000003  x7:0x02000000 x14=0x02000003
       96057000	     47928	800065f2	01e5	c.addi	x3,25	  x3:0x00000000  x3=0x00000019
       96061000	     47930	800065f4	e0710b13	addi	x22,x2,-505	  x2:0x00000016 x22=0xfffffe1d
       96063000	     47931	800065f8	8fe2	c.mv	x31,x24	  x0:0x00000000 x24:0x00016fff x31=0x00016fff
       96065000	     47932	800065fa	6f09	c.lui	x30,0x2	 x30=0x00002000
       96087000	     47943	800065fc	01003733	sltu	x14,x0,x16	  x0:0x00000000 x16:0x00016fff x14=0x00000001
       96095000	     47947	80006600	00cadb63	bge	x21,x12,80006616	 x21:0x00000000 x12:0x00000000  x0=0x00000000
       96137000	     47968	80006616	8dad	c.xor	x11,x11	 x11:0x00000000 x11:0x00000000 x11=0x00000000
       96149000	     47974	80006618	e209	c.bnez	x12,8000661a	 x12:0x00000000
       96151000	     47975	8000661a	41085bb3	sra	x23,x16,x16	 x16:0x00016fff x16:0x00016fff x23=0x00000000
       96203000	     48001	8000661e	012c6eb3	or	x29,x24,x18	 x24:0x00016fff x18:0x00000000 x29=0x00016fff
       96205000	     48002	80006622	9a7d	c.andi	x12,-1	 x12:0x00000000 x12=0x00000000
       96317000	     48058	80006624	02407eb3	remu	x29,x0,x4	  x0:0x00000000  x4:0x00000006 x29=0x00000000
       96319000	     48059	80006628	0001	c.addi	x0,0	  x0:0x00000000  x0=0x00000000
       96321000	     48060	8000662a	ffec4817	auipc	x16,0xffec4	 x16=0x7feca62a
       96323000	     48061	8000662e	3afe8b93	addi	x23,x29,943	 x29:0x00000000 x23=0x000003af
       96347000	     48073	80006632	0261ff33	remu	x30,x3,x6	  x3:0x00000019  x6:0x00000000 x30=0x00000019
       96355000	     48077	80006636	00d811b3	sll	x3,x16,x13	 x16:0x7feca62a x13:0x00000130  x3=0xa62a0000
       96369000	     48084	8000663a	01b05a33	srl	x20,x0,x27	  x0:0x00000000 x27:0x00000001 x20=0x00000000
       96383000	     48091	8000663e	02eeea63	bltu	x29,x14,80006672	 x29:0x00000000 x14:0x00000001  x0=0x00000000
       96441000	     48120	80006672	387a8893	addi	x17,x21,903	 x21:0x00000000 x17=0x00000387
       96443000	     48121	80006676	6919	c.lui	x18,0x6	 x18=0x00006000
       96445000	     48122	80006678	dab1ed13	ori	x26,x3,-597	  x3:0xa62a0000 x26=0xfffffdab
       96465000	     48132	8000667c	98c2	c.add	x17,x16	 x17:0x00000387 x16:0x7feca62a x17=0x7feca9b1
       96467000	     48133	8000667e	56fd	c.li	x13,-1	 x13=0xffffffff
       96511000	     48155	80006680	c715	c.beqz	x14,800066ac	 x14:0x00000001
       96521000	     48160	80006682	012b2533	slt	x10,x22,x18	 x22:0xfffffe1d x18:0x00006000 x10=0x00000001
       96523000	     48161	80006686	0e84	c.addi4spn	x9,x2,848	  x9=0x00000366
       96531000	     48165	80006688	ec36ff13	andi	x30,x13,-317	 x13:0xffffffff x30=0xfffffec3
       96561000	     48180	8000668c	04e91163	bne	x18,x14,800066ce	 x18:0x00006000 x14:0x00000001  x0=0x00000000
       96647000	     48223	800066ce	006303b3	add	x7,x6,x6	  x6:0x00000000  x6:0x00000000  x7=0x00000000
       96649000	     48224	800066d2	8d65	c.and	x10,x9	 x10:0x00000001  x9:0x00000366 x10=0x00000000
       96651000	     48225	800066d4	8fb9	c.xor	x15,x14	 x15:0x00000000 x14:0x00000001 x15=0x00000001
       96653000	     48226	800066d6	8789	c.srai	x15,0x2	 x15:0x00000001 x15=0x00000000
       96679000	     48239	800066d8	4509	c.li	x10,2	 x10=0x00000002
       96687000	     48243	800066da	02cc2f33	mulhsu	x30,x24,x12	 x24:0x00016fff x12:0x00000000 x30=0x00000000
       96689000	     48244	800066de	870d	c.srai	x14,0x3	 x14:0x00000001 x14=0x00000000
       96691000	     48245	800066e0	40ccd0b3	sra	x1,x25,x12	 x25:0xff2e3000 x12:0x00000000  x1=0xff2e3000
       96739000	     48269	800066e4	6971	c.lui	x18,0x1c	 x18=0x0001c000
       96741000	     48270	800066e6	e5896b93	ori	x23,x18,-424	 x18:0x0001c000 x23=0xfffffe58
       96743000	     48271	800066ea	0001	c.addi	x0,0	  x0:0x00000000  x0=0x00000000
       96751000	     48275	800066ec	13e9eb93	ori	x23,x19,318	 x19:0x8001ee7c x23=0x8001ef7e
       96785000	     48292	800066f0	02342833	mulhsu	x16,x8,x3	  x8:0x00016fe8  x3:0xa62a0000 x16=0x0000eecc
       96807000	     48303	800066f4	cd85	c.beqz	x11,8000672c	 x11:0x00000000
       96885000	     48342	8000672c	cc19	c.beqz	x8,8000674a	  x8:0x00016fe8
       96887000	     48343	8000672e	8b16	c.mv	x22,x5	  x0:0x00000000  x5:0x8001add4 x22=0x8001add4
       96889000	     48344	80006730	01fa93b3	sll	x7,x21,x31	 x21:0x00000000 x31:0x00016fff  x7=0x00000000
       96909000	     48354	80006734	0001	c.addi	x0,0	  x0:0x00000000  x0=0x00000000
       97043000	     48421	80006736	03b1d4b3	divu	x9,x3,x27	  x3:0xa62a0000 x27:0x00000001  x9=0xa62a0000
       97045000	     48422	8000673a	129fa413	slti	x8,x31,297	 x31:0x00016fff  x8=0x00000000
       97047000	     48423	8000673e	dcbba213	slti	x4,x23,-565	 x23:0x8001ef7e  x4=0x00000001
       97049000	     48424	80006742	ce91	c.beqz	x13,8000675e	 x13:0xffffffff
       97103000	     48451	80006744	95aa	c.add	x11,x10	 x11:0x00000000 x10:0x00000002 x11=0x00000002
       97117000	     48458	80006746	01035263	bge	x6,x16,8000674a	  x6:0x00000000 x16:0x0000eecc  x0=0x00000000
       97237000	     48518	8000674a	031b4033	div	x0,x22,x17	 x22:0x8001add4 x17:0x7feca9b1  x0=0x00000000
       97239000	     48519	8000674e	0001	c.addi	x0,0	  x0:0x00000000  x0=0x00000000
       97241000	     48520	80006750	9476	c.add	x8,x29	  x8:0x00000000 x29:0x00000000  x8=0x00000000
       97243000	     48521	80006752	efa7ea13	ori	x20,x15,-262	 x15:0x00000000 x20=0xfffffefa
       97307000	     48553	80006756	00bf9db3	sll	x27,x31,x11	 x31:0x00016fff x11:0x00000002 x27=0x0005bffc
       97317000	     48558	8000675a	01049213	slli	x4,x9,0x10	  x9:0xa62a0000  x4=0x00000000
       97359000	     48579	8000675e	00ea1c93	slli	x25,x20,0xe	 x20:0xfffffefa x25=0xffbe8000
       97395000	     48597	80006762	34076e73	csrrsi	x28,mscratch,14	 x28=0x00000005
       97419000	     48609	80006766	03a9c563	blt	x19,x26,80006790	 x19:0x8001ee7c x26:0xfffffdab  x0=0x00000000
       97483000	     48641	80006790	99fd	c.andi	x11,-1	 x11:0x00000002 x11=0x00000002
       97525000	     48662	80006792	023e6913	ori	x18,x28,35	 x28:0x00000005 x18=0x00000027
       97569000	     48684	80006796	000f7863	bgeu	x30,x0,800067a6	 x30:0x00000000  x0:0x00000000  x0=0x00000000
       97625000	     48712	800067a6	0a5bc493	xori	x9,x23,165	 x23:0x8001ef7e  x9=0x8001efdb
       97651000	     48725	800067aa	b6369617	auipc	x12,0xb6369	 x12=0x3636f7aa
       97655000	     48727	800067ae	03e3cb33	div	x22,x7,x30	  x7:0x00000000 x30:0x00000000 x22=0xffffffff
       97665000	     48732	800067b2	00edd193	srli	x3,x27,0xe	 x27:0x0005bffc  x3=0x00000016
       97667000	     48733	800067b6	0114	c.addi4spn	x13,x2,128	 x13=0x00000096
       97681000	     48740	800067b8	009c8e63	beq	x25,x9,800067d4	 x25:0xffbe8000  x9:0x8001efdb  x0=0x00000000
       97701000	     48750	800067bc	fd18e393	ori	x7,x17,-47	 x17:0x7feca9b1  x7=0xfffffff1
       97749000	     48774	800067c0	028e3db3	mulhu	x27,x28,x8	 x28:0x00000005  x8:0x00000000 x27=0x00000000
       97783000	     48791	800067c4	40bd5213	srai	x4,x26,0xb	 x26:0xfffffdab  x4=0xffffffff
       97785000	     48792	800067c8	41438db3	sub	x27,x7,x20	  x7:0xfffffff1 x20:0xfffffefa x27=0x000000f7
       97809000	     48804	800067cc	05c99163	bne	x19,x28,8000680e	 x19:0x8001ee7c x28:0x00000005  x0=0x00000000
       97901000	     48850	8000680e	f7800117	auipc	x2,0xf7800	  x2=0x7780680e
       97921000	     48860	80006812	4131de93	srai	x29,x3,0x13	  x3:0x00000016 x29=0x00000000
       97949000	     48874	80006816	34039df3	csrrw	x27,mscratch,x7	  x7:0xfffffff1 x27=0x0000000f
       97991000	     48895	8000681a	400d5833	sra	x16,x26,x0	 x26:0xfffffdab  x0:0x00000000 x16=0xfffffdab
       97993000	     48896	8000681e	4076d493	srai	x9,x13,0x7	 x13:0x00000096  x9=0x00000001
       98001000	     48900	80006822	031311b3	mulh	x3,x6,x17	  x6:0x00000000 x17:0x7feca9b1  x3=0x00000000
       98003000	     48901	80006826	407edd33	sra	x26,x29,x7	 x29:0x00000000  x7:0xfffffff1 x26=0x00000000
       98005000	     48902	8000682a	8865	c.andi	x8,25	  x8:0x00000000  x8=0x00000000
       98019000	     48909	8000682c	3403b173	csrrc	x2,mscratch,x7	  x7:0xfffffff1  x2=0xfffffff1
       98081000	     48940	80006830	df9f3513	sltiu	x10,x30,-519	 x30:0x00000000 x10=0x00000001
       98093000	     48946	80006834	00495693	srli	x13,x18,0x4	 x18:0x00000027 x13=0x00000002
       98111000	     48955	80006838	340f6f73	csrrsi	x30,mscratch,30	 x30=0x00000000
       98159000	     48979	8000683c	02833733	mulhu	x14,x6,x8	  x6:0x00000000  x8:0x00000000 x14=0x00000000
       98161000	     48980	80006840	982a	c.add	x16,x10	 x16:0xfffffdab x10:0x00000001 x16=0xfffffdac
       98177000	     48988	80006842	340197f3	csrrw	x15,mscratch,x3	  x3:0x00000000 x15=0x0000001e
       98179000	     48989	80006846	06c5	c.addi	x13,17	 x13:0x00000002 x13=0x00000013
       98199000	     48999	80006848	0951	c.addi	x18,20	 x18:0x00000027 x18=0x0000003b
       98221000	     49010	8000684a	34075f73	csrrwi	x30,mscratch,14	 x30=0x00000000
       98223000	     49011	8000684e	9e2e	c.add	x28,x11	 x28:0x00000005 x11:0x00000002 x28=0x00000007
       98243000	     49021	80006850	820d	c.srli	x12,0x3	 x12:0x3636f7aa x12=0x06c6def5
       98257000	     49028	80006852	34055cf3	csrrwi	x25,mscratch,10	 x25=0x0000000e
       98259000	     49029	80006856	8c8d	c.sub	x9,x11	  x9:0x00000001 x11:0x00000002  x9=0xffffffff
       98337000	     49068	80006858	02bfc4b3	div	x9,x31,x11	 x31:0x00016fff x11:0x00000002  x9=0x0000b7ff
       98339000	     49069	8000685c	99fd	c.andi	x11,-1	 x11:0x00000002 x11=0x00000002
       98341000	     49070	8000685e	8c9d	c.sub	x9,x15	  x9:0x0000b7ff x15:0x0000001e  x9=0x0000b7e1
       98343000	     49071	80006860	d3172793	slti	x15,x14,-719	 x14:0x00000000 x15=0x00000000
       98345000	     49072	80006864	40a75613	srai	x12,x14,0xa	 x14:0x00000000 x12=0x00000000
       98397000	     49098	80006868	8d51	c.or	x10,x12	 x10:0x00000001 x12:0x00000000 x10=0x00000001
       98405000	     49102	8000686a	035fa1b3	mulhsu	x3,x31,x21	 x31:0x00016fff x21:0x00000000  x3=0x00000000
       98407000	     49103	8000686e	0ff0000f	fence	iorwiorwiorwiorwiorwiorwiorwiorwiorwiorwiorwiorwiorwiorwiorwiorwiorwiorwiorwiorwiorwiorwiorwiorwiorwiorwiorwiorwiorwiorwiorwiorwiorwiorwiorwiorwiorwiorwiorwiorwiorwiorwiorwiorwiorwiorwiorwiorwiorwiorwiorwiorwiorwiorwiorwiorwiorwiorwiorwiorwiorwiorwiorwiorwiorwiorwiorwiorwiorwiorwiorwiorwiorwiorwiorwiorwiorwiorwiorwiorwiorwiorwiorwiorwiorwiorwiorwiorwiorwiorwiorwiorwiorwiorwiorwiorwiorwiorwiorwiorwiorwiorwiorwiorwiorwiorwiorwiorwiorwiorwiorwiorwiorwiorwiorwiorwiorwiorwiorwiorwiorwiorwiorwiorwiorwiorwiorwiorwiorwiorwiorwiorwiorwiorwiorwiorwiorwiorwiorwiorwiorwiorwiorwiorwiorwiorwiorw,iorwiorwiorwiorwiorwiorwiorwiorwiorwiorwiorwiorwiorwiorwiorwiorwiorwiorwiorwiorwiorwiorwiorwiorwiorwiorwiorwiorwiorwiorwiorwiorwiorwiorwiorwiorwiorwiorwiorwiorwiorwiorwiorwiorwiorwiorwiorwiorwiorwiorwiorwiorwiorwiorwiorwiorwiorwiorwiorwiorwiorwiorwiorwiorwiorwiorwiorwiorwiorwiorwiorwiorwiorwiorwiorwiorwiorwiorwiorwiorwiorwiorwiorwiorwiorwiorwiorwiorwiorwiorwiorwiorwiorwiorwiorwiorwiorwiorwiorwiorwiorwiorwiorwiorwiorwiorwiorwiorwiorwiorwiorwiorwiorwiorwiorwiorwiorwiorwiorwiorwiorwiorwiorwiorwiorwiorwiorwiorwiorwiorwiorwiorwiorwiorwiorwiorwiorwiorwiorwiorwiorwiorwiorwiorwiorwiorwiorwiorw	
       98421000	     49110	80006872	053a0663	beq	x20,x19,800068be	 x20:0xfffffefa x19:0x8001ee7c  x0=0x00000000
       98423000	     49111	80006876	0156de93	srli	x29,x13,0x15	 x13:0x00000013 x29=0x00000000
       98425000	     49112	8000687a	ea906693	ori	x13,x0,-343	  x0:0x00000000 x13=0xfffffea9
       98429000	     49114	8000687e	017adf63	bge	x21,x23,8000689c	 x21:0x00000000 x23:0x8001ef7e  x0=0x00000000
       98435000	     49117	80006882	0ff0000f	fence	iorwiorwiorwiorwiorwiorwiorwiorwiorwiorwiorwiorwiorwiorwiorwiorwiorwiorwiorwiorwiorwiorwiorwiorwiorwiorwiorwiorwiorwiorwiorwiorwiorwiorwiorwiorwiorwiorwiorwiorwiorwiorwiorwiorwiorwiorwiorwiorwiorwiorwiorwiorwiorwiorwiorwiorwiorwiorwiorwiorwiorwiorwiorwiorwiorwiorwiorwiorwiorwiorwiorwiorwiorwiorwiorwiorwiorwiorwiorwiorwiorwiorwiorwiorwiorwiorwiorwiorwiorwiorwiorwiorwiorwiorwiorwiorwiorwiorwiorwiorwiorwiorwiorwiorwiorwiorwiorwiorwiorwiorwiorwiorwiorwiorwiorwiorwiorwiorwiorwiorwiorwiorwiorwiorwiorwiorwiorwiorwiorwiorwiorwiorwiorwiorwiorwiorwiorwiorwiorwiorwiorwiorwiorwiorwiorwiorwiorwiorwiorw,iorwiorwiorwiorwiorwiorwiorwiorwiorwiorwiorwiorwiorwiorwiorwiorwiorwiorwiorwiorwiorwiorwiorwiorwiorwiorwiorwiorwiorwiorwiorwiorwiorwiorwiorwiorwiorwiorwiorwiorwiorwiorwiorwiorwiorwiorwiorwiorwiorwiorwiorwiorwiorwiorwiorwiorwiorwiorwiorwiorwiorwiorwiorwiorwiorwiorwiorwiorwiorwiorwiorwiorwiorwiorwiorwiorwiorwiorwiorwiorwiorwiorwiorwiorwiorwiorwiorwiorwiorwiorwiorwiorwiorwiorwiorwiorwiorwiorwiorwiorwiorwiorwiorwiorwiorwiorwiorwiorwiorwiorwiorwiorwiorwiorwiorwiorwiorwiorwiorwiorwiorwiorwiorwiorwiorwiorwiorwiorwiorwiorwiorwiorwiorwiorwiorwiorwiorwiorwiorwiorwiorwiorwiorwiorwiorwiorwiorwiorwiorwiorw	
       98479000	     49139	80006886	41785793	srai	x15,x16,0x17	 x16:0xfffffdac x15=0xffffffff
       98497000	     49148	8000688a	007726b3	slt	x13,x14,x7	 x14:0x00000000  x7:0xfffffff1 x13=0x00000000
       98511000	     49155	8000688e	036aa7b3	mulhsu	x15,x21,x22	 x21:0x00000000 x22:0xffffffff x15=0x00000000
       98513000	     49156	80006892	41488733	sub	x14,x17,x20	 x17:0x7feca9b1 x20:0xfffffefa x14=0x7fecaab7
       98591000	     49195	80006896	033ae8b3	rem	x17,x21,x19	 x21:0x00000000 x19:0x8001ee7c x17=0x00000000
       98593000	     49196	8000689a	8edd	c.or	x13,x15	 x13:0x00000000 x15:0x00000000 x13=0x00000000
       98595000	     49197	8000689c	ca902e93	slti	x29,x0,-855	  x0:0x00000000 x29=0x00000000
       98597000	     49198	800068a0	40a6dcb3	sra	x25,x13,x10	 x13:0x00000000 x10:0x00000001 x25=0x00000000
       98619000	     49209	800068a4	340e5573	csrrwi	x10,mscratch,28	 x10=0x0000000a
       98631000	     49215	800068a8	03def5b3	remu	x11,x29,x29	 x29:0x00000000 x29:0x00000000 x11=0x00000000
       98655000	     49227	800068ac	019e1b13	slli	x22,x28,0x19	 x28:0x00000007 x22=0x0e000000
       98679000	     49239	800068b0	823e	c.mv	x4,x15	  x0:0x00000000 x15:0x00000000  x4=0x00000000
       98681000	     49240	800068b2	01116a33	or	x20,x2,x17	  x2:0xfffffff1 x17:0x00000000 x20=0xfffffff1
       98715000	     49257	800068b6	03b81f33	mulh	x30,x16,x27	 x16:0xfffffdac x27:0x0000000f x30=0xffffffff
       98717000	     49258	800068ba	03028e63	beq	x5,x16,800068f6	  x5:0x8001add4 x16:0xfffffdac  x0=0x00000000
       98719000	     49259	800068be	4819	c.li	x16,6	 x16=0x00000006
       98733000	     49266	800068c0	842e	c.mv	x8,x11	  x0:0x00000000 x11:0x00000000  x8=0x00000000
       98737000	     49268	800068c2	01407bb3	and	x23,x0,x20	  x0:0x00000000 x20:0xfffffff1 x23=0x00000000
       98753000	     49276	800068c6	40990eb3	sub	x29,x18,x9	 x18:0x0000003b  x9:0x0000b7e1 x29=0xffff485a
       98755000	     49277	800068ca	403c8f33	sub	x30,x25,x3	 x25:0x00000000  x3:0x00000000 x30=0x00000000
       98785000	     49292	800068ce	00daeb63	bltu	x21,x13,800068e4	 x21:0x00000000 x13:0x00000000  x0=0x00000000
       98787000	     49293	800068d2	8c61	c.and	x8,x8	  x8:0x00000000  x8:0x00000000  x8=0x00000000
       98789000	     49294	800068d4	0001	c.addi	x0,0	  x0:0x00000000  x0=0x00000000
       98847000	     49323	800068d6	405f8733	sub	x14,x31,x5	 x31:0x00016fff  x5:0x8001add4 x14=0x7fffc22b
       98849000	     49324	800068da	8716	c.mv	x14,x5	  x0:0x00000000  x5:0x8001add4 x14=0x8001add4
       98851000	     49325	800068dc	340695f3	csrrw	x11,mscratch,x13	 x13:0x00000000 x11=0x0000001c
       98887000	     49343	800068e0	019f1513	slli	x10,x30,0x19	 x30:0x00000000 x10=0x00000000
       98899000	     49349	800068e4	02dc2c33	mulhsu	x24,x24,x13	 x24:0x00016fff x13:0x00000000 x24=0x00000000
       98935000	     49367	800068e8	0fb5	c.addi	x31,13	 x31:0x00016fff x31=0x0001700c
       98955000	     49377	800068ea	e146af93	slti	x31,x13,-492	 x13:0x00000000 x31=0x00000000
       98959000	     49379	800068ee	01045b13	srli	x22,x8,0x10	  x8:0x00000000 x22=0x00000000
       98999000	     49399	800068f2	403a5733	sra	x14,x20,x3	 x20:0xfffffff1  x3:0x00000000 x14=0xfffffff1
       99013000	     49406	800068f6	40955593	srai	x11,x10,0x9	 x10:0x00000000 x11=0x00000000
       99015000	     49407	800068fa	e409	c.bnez	x8,80006904	  x8:0x00000000
       99033000	     49416	800068fc	01624763	blt	x4,x22,8000690a	  x4:0x00000000 x22:0x00000000  x0=0x00000000
       99115000	     49457	80006900	0278eb33	rem	x22,x17,x7	 x17:0x00000000  x7:0xfffffff1 x22=0x00000000
       99117000	     49458	80006904	5b7d	c.li	x22,-1	 x22=0xffffffff
       99119000	     49459	80006906	bd61eb17	auipc	x22,0xbd61e	 x22=0x3d624906
       99123000	     49461	8000690a	023adbb3	divu	x23,x21,x3	 x21:0x00000000  x3:0x00000000 x23=0xffffffff
       99163000	     49481	8000690e	00775663	bge	x14,x7,8000691a	 x14:0xfffffff1  x7:0xfffffff1  x0=0x00000000
       99227000	     49513	8000691a	039140b3	div	x1,x2,x25	  x2:0xfffffff1 x25:0x00000000  x1=0xffffffff
       99235000	     49517	8000691e	03983db3	mulhu	x27,x16,x25	 x16:0x00000006 x25:0x00000000 x27=0x00000000
       99263000	     49531	80006922	05c4f563	bgeu	x9,x28,8000696c	  x9:0x0000b7e1 x28:0x00000007  x0=0x00000000
       99265000	     49532	80006926	029f8963	beq	x31,x9,80006958	 x31:0x00000000  x9:0x0000b7e1  x0=0x00000000
       99267000	     49533	8000692a	4cc1	c.li	x25,16	 x25=0x00000010
       99283000	     49541	8000692c	34056073	csrrsi	x0,mscratch,10	  x0=0x00000000
       99305000	     49552	80006930	c07ba493	slti	x9,x23,-1017	 x23:0xffffffff  x9=0x00000000
       99345000	     49572	80006934	003f1933	sll	x18,x30,x3	 x30:0x00000000  x3:0x00000000 x18=0x00000000
       99347000	     49573	80006938	3409fd73	csrrci	x26,mscratch,19	 x26=0x0000000a
       99369000	     49584	8000693c	04d16f93	ori	x31,x2,77	  x2:0xfffffff1 x31=0xfffffffd
       99397000	     49598	80006940	00e61c33	sll	x24,x12,x14	 x12:0x00000000 x14:0xfffffff1 x24=0x00000000
       99423000	     49611	80006944	03d39063	bne	x7,x29,80006964	  x7:0xfffffff1 x29:0xffff485a  x0=0x00000000
       99477000	     49638	80006964	f58d0c97	auipc	x25,0xf58d0	 x25=0x758d6964
       99489000	     49644	80006968	03558433	mul	x8,x11,x21	 x11:0x00000000 x21:0x00000000  x8=0x00000000
       99507000	     49653	8000696c	076b8d93	addi	x27,x23,118	 x23:0xffffffff x27=0x00000075
       99519000	     49659	80006970	340dd873	csrrwi	x16,mscratch,27	 x16=0x00000008
       99543000	     49671	80006974	016ac863	blt	x21,x22,80006984	 x21:0x00000000 x22:0x3d624906  x0=0x00000000
       99583000	     49691	80006984	8092	c.mv	x1,x4	  x0:0x00000000  x4:0x00000000  x1=0x00000000
       99585000	     49692	80006986	07fe	c.slli	x15,0x1f	 x15:0x00000000 x15=0x00000000
       99625000	     49712	80006988	3408d573	csrrwi	x10,mscratch,17	 x10=0x0000001b
       99627000	     49713	8000698c	8ca9	c.xor	x9,x10	  x9:0x00000000 x10:0x0000001b  x9=0x0000001b
       99629000	     49714	8000698e	9a7d	c.andi	x12,-1	 x12:0x00000000 x12=0x00000000
       99655000	     49727	80006990	03e03e33	mulhu	x28,x0,x30	  x0:0x00000000 x30:0x00000000 x28=0x00000000
       99711000	     49755	80006994	030c03b3	mul	x7,x24,x16	 x24:0x00000000 x16:0x00000008  x7=0x00000000
       99713000	     49756	80006998	3b53bc93	sltiu	x25,x7,949	  x7:0x00000000 x25=0x00000001
       99719000	     49759	8000699c	0215c663	blt	x11,x1,800069c8	 x11:0x00000000  x1:0x00000000  x0=0x00000000
       99747000	     49773	800069a0	15313113	sltiu	x2,x2,339	  x2:0xfffffff1  x2=0x00000000
       99749000	     49774	800069a4	8f11	c.sub	x14,x12	 x14:0xfffffff1 x12:0x00000000 x14=0xfffffff1
       99771000	     49785	800069a6	01807a33	and	x20,x0,x24	  x0:0x00000000 x24:0x00000000 x20=0x00000000
       99809000	     49804	800069aa	02860b13	addi	x22,x12,40	 x12:0x00000000 x22=0x00000028
       99811000	     49805	800069ae	40bedd13	srai	x26,x29,0xb	 x29:0xffff485a x26=0xffffffe9
       99813000	     49806	800069b2	8d0d	c.sub	x10,x11	 x10:0x0000001b x11:0x00000000 x10=0x0000001b
       99853000	     49826	800069b4	45dd	c.li	x11,23	 x11=0x00000017
       99873000	     49836	800069b6	2c8f8113	addi	x2,x31,712	 x31:0xfffffffd  x2=0x000002c5
       99875000	     49837	800069ba	83a2	c.mv	x7,x8	  x0:0x00000000  x8:0x00000000  x7=0x00000000
       99881000	     49840	800069bc	03660f33	mul	x30,x12,x22	 x12:0x00000000 x22:0x00000028 x30=0x00000000
       99907000	     49853	800069c0	07e82913	slti	x18,x16,126	 x16:0x00000008 x18=0x00000001
       99909000	     49854	800069c4	3403d073	csrrwi	x0,mscratch,7	  x0=0x00000000
       99911000	     49855	800069c8	07c5	c.addi	x15,17	 x15:0x00000000 x15=0x00000011
       99931000	     49865	800069ca	00c245b3	xor	x11,x4,x12	  x4:0x00000000 x12:0x00000000 x11=0x00000000
       99933000	     49866	800069ce	004f8263	beq	x31,x4,800069d2	 x31:0xfffffffd  x4:0x00000000  x0=0x00000000
       99963000	     49881	800069d2	01292033	slt	x0,x18,x18	 x18:0x00000001 x18:0x00000001  x0=0x00000000
       99965000	     49882	800069d6	6d79	c.lui	x26,0x1e	 x26=0x0001e000
       99967000	     49883	800069d8	950a	c.add	x10,x2	 x10:0x0000001b  x2:0x000002c5 x10=0x000002e0
       99999000	     49899	800069da	03a40e33	mul	x28,x8,x26	  x8:0x00000000 x26:0x0001e000 x28=0x00000000
      100009000	     49904	800069de	340db673	csrrc	x12,mscratch,x27	 x27:0x00000075 x12=0x00000007
      100019000	     49909	800069e2	038d8733	mul	x14,x27,x24	 x27:0x00000075 x24:0x00000000 x14=0x00000000
      100021000	     49910	800069e6	01b2	c.slli	x3,0xc	  x3:0x00000000  x3=0x00000000
      100043000	     49921	800069e8	40b7d0b3	sra	x1,x15,x11	 x15:0x00000011 x11:0x00000000  x1=0x00000011
      100045000	     49922	800069ec	cbb67713	andi	x14,x12,-837	 x12:0x00000007 x14=0x00000003
      100047000	     49923	800069f0	340e24f3	csrrs	x9,mscratch,x28	 x28:0x00000000  x9=0x00000002
      100051000	     49925	800069f4	008d8f63	beq	x27,x8,80006a12	 x27:0x00000075  x8:0x00000000  x0=0x00000000
      100103000	     49951	800069f8	8ca5	c.xor	x9,x9	  x9:0x00000002  x9:0x00000002  x9=0x00000000
      100105000	     49952	800069fa	46ad	c.li	x13,11	 x13=0x0000000b
      100147000	     49973	800069fc	0201d763	bge	x3,x0,80006a2a	  x3:0x00000000  x0:0x00000000  x0=0x00000000
      100213000	     50006	80006a2a	01965e13	srli	x28,x12,0x19	 x12:0x00000007 x28=0x00000000
      100215000	     50007	80006a2e	95f2	c.add	x11,x28	 x11:0x00000000 x28:0x00000000 x11=0x00000000
      100219000	     50009	80006a30	02891663	bne	x18,x8,80006a5c	 x18:0x00000001  x8:0x00000000  x0=0x00000000
      100229000	     50014	80006a5c	00d823b3	slt	x7,x16,x13	 x16:0x00000008 x13:0x0000000b  x7=0x00000001
      100249000	     50024	80006a60	005abb33	sltu	x22,x21,x5	 x21:0x00000000  x5:0x8001add4 x22=0x00000001
      100255000	     50027	80006a64	007e1363	bne	x28,x7,80006a6a	 x28:0x00000000  x7:0x00000001  x0=0x00000000
      100293000	     50046	80006a6a	fa4f8197	auipc	x3,0xfa4f8	  x3=0x7a4fea6a
      100295000	     50047	80006a6e	8d95	c.sub	x11,x13	 x11:0x00000000 x13:0x0000000b x11=0xfffffff5
      100303000	     50051	80006a70	0263adb3	mulhsu	x27,x7,x6	  x7:0x00000001  x6:0x00000000 x27=0x00000000
      100311000	     50055	80006a74	918e	c.add	x3,x3	  x3:0x7a4fea6a  x3:0x7a4fea6a  x3=0xf49fd4d4
      100333000	     50066	80006a76	3402a7f3	csrrs	x15,mscratch,x5	  x5:0x8001add4 x15=0x00000002
      100353000	     50076	80006a7a	3406f073	csrrci	x0,mscratch,13	  x0=0x00000000
      100399000	     50099	80006a7e	015d1133	sll	x2,x26,x21	 x26:0x0001e000 x21:0x00000000  x2=0x0001e000
      100497000	     50148	80006a82	033cdf33	divu	x30,x25,x19	 x25:0x00000001 x19:0x8001ee7c x30=0x00000000
      100499000	     50149	80006a86	204c4113	xori	x2,x24,516	 x24:0x00000000  x2=0x00000204
      100501000	     50150	80006a8a	11fd	c.addi	x3,-1	  x3:0xf49fd4d4  x3=0xf49fd4d3
      100503000	     50151	80006a8c	41c60933	sub	x18,x12,x28	 x12:0x00000007 x28:0x00000000 x18=0x00000007
      100539000	     50169	80006a90	0001	c.addi	x0,0	  x0:0x00000000  x0=0x00000000
      100553000	     50176	80006a92	004d0c33	add	x24,x26,x4	 x26:0x0001e000  x4:0x00000000 x24=0x0001e000
      100555000	     50177	80006a96	1e04	c.addi4spn	x9,x2,816	  x9=0x00000534
      100595000	     50197	80006a98	ef9d	c.bnez	x15,80006ad6	 x15:0x00000002
      100661000	     50230	80006ad6	03ca7433	remu	x8,x20,x28	 x20:0x00000000 x28:0x00000000  x8=0x00000000
      100663000	     50231	80006ada	8fc5	c.or	x15,x9	 x15:0x00000002  x9:0x00000534 x15=0x00000536
      100679000	     50239	80006adc	3404f1f3	csrrci	x3,mscratch,9	  x3=0x8001add2
      100709000	     50254	80006ae0	01789693	slli	x13,x17,0x17	 x17:0x00000000 x13=0x00000000
      100719000	     50259	80006ae4	a7a01537	lui	x10,0xa7a01	 x10=0xa7a01000
      100737000	     50268	80006ae8	017f8ab3	add	x21,x31,x23	 x31:0xfffffffd x23:0xffffffff x21=0xfffffffc
      100755000	     50277	80006aec	01b71833	sll	x16,x14,x27	 x14:0x00000003 x27:0x00000000 x16=0x00000003
      100813000	     50306	80006af0	02f03f33	mulhu	x30,x0,x15	  x0:0x00000000 x15:0x00000536 x30=0x00000000
      100843000	     50321	80006af4	011fb1b3	sltu	x3,x31,x17	 x31:0xfffffffd x17:0x00000000  x3=0x00000000
      100863000	     50331	80006af8	3404a3f3	csrrs	x7,mscratch,x9	  x9:0x00000534  x7=0x8001add2
      100867000	     50333	80006afc	01f20db3	add	x27,x4,x31	  x4:0x00000000 x31:0xfffffffd x27=0xfffffffd
      100869000	     50334	80006b00	3b817e97	auipc	x29,0x3b817	 x29=0xbb81db00
      100955000	     50377	80006b04	027847b3	div	x15,x16,x7	 x16:0x00000003  x7:0x8001add2 x15=0x00000000
      100957000	     50378	80006b08	404b8ab3	sub	x21,x23,x4	 x23:0xffffffff  x4:0x00000000 x21=0xffffffff
      100959000	     50379	80006b0c	0262ee63	bltu	x5,x6,80006b48	  x5:0x8001add4  x6:0x00000000  x0=0x00000000
      100961000	     50380	80006b10	ee200b13	addi	x22,x0,-286	  x0:0x00000000 x22=0xfffffee2
      100985000	     50392	80006b14	01a354b3	srl	x9,x6,x26	  x6:0x00000000 x26:0x0001e000  x9=0x00000000
      101059000	     50429	80006b18	02cd70b3	remu	x1,x26,x12	 x26:0x0001e000 x12:0x00000007  x1=0x00000002
      101061000	     50430	80006b1c	cb05	c.beqz	x14,80006b4c	 x14:0x00000003
      101063000	     50431	80006b1e	340b60f3	csrrsi	x1,mscratch,22	  x1=0x8001adf6
      101065000	     50432	80006b22	40085c13	srai	x24,x16,0x0	 x16:0x00000003 x24=0x00000003
      101067000	     50433	80006b26	0001	c.addi	x0,0	  x0:0x00000000  x0=0x00000000
      101069000	     50434	80006b28	86fd	c.srai	x13,0x1f	 x13:0x00000000 x13=0x00000000
      101071000	     50435	80006b2a	8f96	c.mv	x31,x5	  x0:0x00000000  x5:0x8001add4 x31=0x8001add4
      101101000	     50450	80006b2c	02d28db3	mul	x27,x5,x13	  x5:0x8001add4 x13:0x00000000 x27=0x00000000
      101177000	     50488	80006b30	021e6833	rem	x16,x28,x1	 x28:0x00000000  x1:0x8001adf6 x16=0x00000000
      101179000	     50489	80006b34	00e2dd13	srli	x26,x5,0xe	  x5:0x8001add4 x26=0x00020006
      101187000	     50493	80006b38	02efa133	mulhsu	x2,x31,x14	 x31:0x8001add4 x14:0x00000003  x2=0xfffffffe
      101189000	     50494	80006b3c	9dda	c.add	x27,x22	 x27:0x00000000 x22:0xfffffee2 x27=0xfffffee2
      101205000	     50502	80006b3e	340e6ff3	csrrsi	x31,mscratch,28	 x31=0x8001adf6
      101207000	     50503	80006b42	8fc9	c.or	x15,x10	 x15:0x00000000 x10:0xa7a01000 x15=0xa7a01000
      101227000	     50513	80006b44	340c7473	csrrci	x8,mscratch,24	  x8=0x8001adfe
      101233000	     50516	80006b48	41c05b13	srai	x22,x0,0x1c	  x0:0x00000000 x22=0x00000000
      101273000	     50536	80006b4c	05670163	beq	x14,x22,80006b8e	 x14:0x00000003 x22:0x00000000  x0=0x00000000
      101275000	     50537	80006b50	8189	c.srli	x11,0x2	 x11:0xfffffff5 x11=0x3ffffffd
      101331000	     50565	80006b52	bb0b3137	lui	x2,0xbb0b3	  x2=0xbb0b3000
      101333000	     50566	80006b56	8a15	c.andi	x12,5	 x12:0x00000007 x12=0x00000005
      101335000	     50567	80006b58	851d	c.srai	x10,0x7	 x10:0xa7a01000 x10=0xff4f4020
      101355000	     50577	80006b5a	000c4833	xor	x16,x24,x0	 x24:0x00000003  x0:0x00000000 x16=0x00000003
      101379000	     50589	80006b5e	340a1073	csrrw	x0,mscratch,x20	 x20:0x00000000  x0=0x00000000
      101381000	     50590	80006b62	40160733	sub	x14,x12,x1	 x12:0x00000005  x1:0x8001adf6 x14=0x7ffe520f
      101417000	     50608	80006b66	3404dbf3	csrrwi	x23,mscratch,9	 x23=0x00000000
      101427000	     50613	80006b6a	04a8f393	andi	x7,x17,74	 x17:0x00000000  x7=0x00000000
      101527000	     50663	80006b6e	02565633	divu	x12,x12,x5	 x12:0x00000005  x5:0x8001add4 x12=0x00000000
      101529000	     50664	80006b72	01181593	slli	x11,x16,0x11	 x16:0x00000003 x11=0x00060000
      101537000	     50668	80006b76	03e9ba33	mulhu	x20,x19,x30	 x19:0x8001ee7c x30:0x00000000 x20=0x00000000
      101539000	     50669	80006b7a	8ec1	c.or	x13,x8	 x13:0x00000000  x8:0x8001adfe x13=0x8001adfe
      101545000	     50672	80006b7c	402b06b3	sub	x13,x22,x2	 x22:0x00000000  x2:0xbb0b3000 x13=0x44f4d000
      101619000	     50709	80006b80	025bfdb3	remu	x27,x23,x5	 x23:0x00000000  x5:0x8001add4 x27=0x00000000
      101621000	     50710	80006b84	987d	c.andi	x8,-1	  x8:0x8001adfe  x8=0x8001adfe
      101623000	     50711	80006b86	41eb5433	sra	x8,x22,x30	 x22:0x00000000 x30:0x00000000  x8=0x00000000
      101625000	     50712	80006b8a	0c08	c.addi4spn	x10,x2,528	 x10=0xbb0b3210
      101627000	     50713	80006b8c	87f5	c.srai	x15,0x1d	 x15:0xa7a01000 x15=0xfffffffd
      101633000	     50716	80006b8e	0349ea63	bltu	x19,x20,80006bc2	 x19:0x8001ee7c x20:0x00000000  x0=0x00000000
      101637000	     50718	80006b92	f982af93	slti	x31,x5,-104	  x5:0x8001add4 x31=0x00000001
      101659000	     50729	80006b96	0120db93	srli	x23,x1,0x12	  x1:0x8001adf6 x23=0x00002000
      101661000	     50730	80006b9a	340053f3	csrrwi	x7,mscratch,0	  x7=0x00000009
      101663000	     50731	80006b9e	00394b63	blt	x18,x3,80006bb4	 x18:0x00000007  x3:0x00000000  x0=0x00000000
      101667000	     50733	80006ba2	ce15	c.beqz	x12,80006bde	 x12:0x00000000
      101721000	     50760	80006bde	40b95013	srai	x0,x18,0xb	 x18:0x00000007  x0=0x00000000
      101723000	     50761	80006be2	3409eff3	csrrsi	x31,mscratch,19	 x31=0x00000000
      101729000	     50764	80006be6	026d8db3	mul	x27,x27,x6	 x27:0x00000000  x6:0x00000000 x27=0x00000000
      101747000	     50773	80006bea	340db773	csrrc	x14,mscratch,x27	 x27:0x00000000 x14=0x00000013
      101751000	     50775	80006bee	05f98163	beq	x19,x31,80006c30	 x19:0x8001ee7c x31:0x00000000  x0=0x00000000
      101793000	     50796	80006bf2	34001ef3	csrrw	x29,mscratch,x0	  x0:0x00000000 x29=0x00000013
      101795000	     50797	80006bf6	15fd	c.addi	x11,-1	 x11:0x00060000 x11=0x0005ffff
      101807000	     50803	80006bf8	8f81	c.sub	x15,x8	 x15:0xfffffffd  x8:0x00000000 x15=0xfffffffd
      101809000	     50804	80006bfa	01ab2233	slt	x4,x22,x26	 x22:0x00000000 x26:0x00020006  x4=0x00000001
      101819000	     50809	80006bfe	01bb5493	srli	x9,x22,0x1b	 x22:0x00000000  x9=0x00000000
      101829000	     50814	80006c02	03a2a513	slti	x10,x5,58	  x5:0x8001add4 x10=0x00000001
      101915000	     50857	80006c06	02ba5f33	divu	x30,x20,x11	 x20:0x00000000 x11:0x0005ffff x30=0x00000000
      101917000	     50858	80006c0a	8591	c.srai	x11,0x4	 x11:0x0005ffff x11=0x00005fff
      101919000	     50859	80006c0c	f9782e93	slti	x29,x16,-105	 x16:0x00000003 x29=0x00000000
      101921000	     50860	80006c10	dfedee97	auipc	x29,0xdfede	 x29=0x5fee4c10
      101963000	     50881	80006c14	34051473	csrrw	x8,mscratch,x10	 x10:0x00000001  x8=0x00000000
      101965000	     50882	80006c18	028a6363	bltu	x20,x8,80006c3e	 x20:0x00000000  x8:0x00000000  x0=0x00000000
      101989000	     50894	80006c1c	034bc633	div	x12,x23,x20	 x23:0x00002000 x20:0x00000000 x12=0xffffffff
      102009000	     50904	80006c20	984e	c.add	x16,x19	 x16:0x00000003 x19:0x8001ee7c x16=0x8001ee7f
      102011000	     50905	80006c22	14fd	c.addi	x9,-1	  x9:0x00000000  x9=0xffffffff
      102069000	     50934	80006c24	5dfd	c.li	x27,-1	 x27=0xffffffff
      102071000	     50935	80006c26	987d	c.andi	x8,-1	  x8:0x00000000  x8=0x00000000
      102073000	     50936	80006c28	03047363	bgeu	x8,x16,80006c4e	  x8:0x00000000 x16:0x8001ee7f  x0=0x00000000
      102093000	     50946	80006c2c	f9de1697	auipc	x13,0xf9de1	 x13=0x79de7c2c
      102101000	     50950	80006c30	03ab9633	mulh	x12,x23,x26	 x23:0x00002000 x26:0x00020006 x12=0x00000000
      102131000	     50965	80006c34	40e303b3	sub	x7,x6,x14	  x6:0x00000000 x14:0x00000013  x7=0xffffffed
      102139000	     50969	80006c38	049f8163	beq	x31,x9,80006c7a	 x31:0x00000000  x9:0xffffffff  x0=0x00000000
      102149000	     50974	80006c3c	84b9	c.srai	x9,0xe	  x9:0xffffffff  x9=0xffffffff
      102151000	     50975	80006c3e	0001	c.addi	x0,0	  x0:0x00000000  x0=0x00000000
      102163000	     50981	80006c40	8e95	c.sub	x13,x13	 x13:0x79de7c2c x13:0x79de7c2c x13=0x00000000
      102165000	     50982	80006c42	0001	c.addi	x0,0	  x0:0x00000000  x0=0x00000000
      102179000	     50989	80006c44	01365fb3	srl	x31,x12,x19	 x12:0x00000000 x19:0x8001ee7c x31=0x00000000
      102181000	     50990	80006c48	340a6473	csrrsi	x8,mscratch,20	  x8=0x00000001
      102183000	     50991	80006c4c	0e31	c.addi	x28,12	 x28:0x00000000 x28=0x0000000c
      102187000	     50993	80006c4e	b1a3d917	auipc	x18,0xb1a3d	 x18=0x31a43c4e
      102189000	     50994	80006c52	042a	c.slli	x8,0xa	  x8:0x00000001  x8=0x00000400
      102209000	     51004	80006c54	40385833	sra	x16,x16,x3	 x16:0x8001ee7f  x3:0x00000000 x16=0x8001ee7f
      102239000	     51019	80006c58	02d92833	mulhsu	x16,x18,x13	 x18:0x31a43c4e x13:0x00000000 x16=0x00000000
      102243000	     51021	80006c5c	90be	c.add	x1,x15	  x1:0x8001adf6 x15:0xfffffffd  x1=0x8001adf3
      102265000	     51032	80006c5e	01d1abb3	slt	x23,x3,x29	  x3:0x00000000 x29:0x5fee4c10 x23=0x00000001
      102319000	     51059	80006c62	40355893	srai	x17,x10,0x3	 x10:0x00000001 x17=0x00000000
      102341000	     51070	80006c66	01c01793	slli	x15,x0,0x1c	  x0:0x00000000 x15=0x00000000
      102343000	     51071	80006c6a	009687b3	add	x15,x13,x9	 x13:0x00000000  x9:0xffffffff x15=0xffffffff
      102365000	     51082	80006c6e	3406a6f3	csrrs	x13,mscratch,x13	 x13:0x00000000 x13=0x00000015
      102407000	     51103	80006c72	0ff0000f	fence	iorwiorwiorwiorwiorwiorwiorwiorwiorwiorwiorwiorwiorwiorwiorwiorwiorwiorwiorwiorwiorwiorwiorwiorwiorwiorwiorwiorwiorwiorwiorwiorwiorwiorwiorwiorwiorwiorwiorwiorwiorwiorwiorwiorwiorwiorwiorwiorwiorwiorwiorwiorwiorwiorwiorwiorwiorwiorwiorwiorwiorwiorwiorwiorwiorwiorwiorwiorwiorwiorwiorwiorwiorwiorwiorwiorwiorwiorwiorwiorwiorwiorwiorwiorwiorwiorwiorwiorwiorwiorwiorwiorwiorwiorwiorwiorwiorwiorwiorwiorwiorwiorwiorwiorwiorwiorwiorwiorwiorwiorwiorwiorwiorwiorwiorwiorwiorwiorwiorwiorwiorwiorwiorwiorwiorwiorwiorwiorwiorwiorwiorwiorwiorwiorwiorwiorwiorwiorwiorwiorwiorwiorwiorwiorwiorwiorwiorwiorwiorwiorwiorw,iorwiorwiorwiorwiorwiorwiorwiorwiorwiorwiorwiorwiorwiorwiorwiorwiorwiorwiorwiorwiorwiorwiorwiorwiorwiorwiorwiorwiorwiorwiorwiorwiorwiorwiorwiorwiorwiorwiorwiorwiorwiorwiorwiorwiorwiorwiorwiorwiorwiorwiorwiorwiorwiorwiorwiorwiorwiorwiorwiorwiorwiorwiorwiorwiorwiorwiorwiorwiorwiorwiorwiorwiorwiorwiorwiorwiorwiorwiorwiorwiorwiorwiorwiorwiorwiorwiorwiorwiorwiorwiorwiorwiorwiorwiorwiorwiorwiorwiorwiorwiorwiorwiorwiorwiorwiorwiorwiorwiorwiorwiorwiorwiorwiorwiorwiorwiorwiorwiorwiorwiorwiorwiorwiorwiorwiorwiorwiorwiorwiorwiorwiorwiorwiorwiorwiorwiorwiorwiorwiorwiorwiorwiorwiorwiorwiorwiorwiorwiorwiorwiorwiorw	
      102425000	     51112	80006c76	01cf26b3	slt	x13,x30,x28	 x30:0x00000000 x28:0x0000000c x13=0x00000001
      102429000	     51114	80006c7a	ea95	c.bnez	x13,80006cae	 x13:0x00000001
      102501000	     51150	80006cae	34069ef3	csrrw	x29,mscratch,x13	 x13:0x00000001 x29=0x00000015
      102539000	     51169	80006cb2	34071073	csrrw	x0,mscratch,x14	 x14:0x00000013  x0=0x00000000
      102541000	     51170	80006cb6	cd09	c.beqz	x10,80006cd0	 x10:0x00000001
      102543000	     51171	80006cb8	c3cdac93	slti	x25,x27,-964	 x27:0xffffffff x25=0x00000000
      102545000	     51172	80006cbc	8661	c.srai	x12,0x18	 x12:0x00000000 x12=0x00000000
      102569000	     51184	80006cbe	0085eeb3	or	x29,x11,x8	 x11:0x00005fff  x8:0x00000400 x29=0x00005fff
      102587000	     51193	80006cc2	7f90f137	lui	x2,0x7f90f	  x2=0x7f90f000
      102611000	     51205	80006cc6	033db633	mulhu	x12,x27,x19	 x27:0xffffffff x19:0x8001ee7c x12=0x8001ee7b
      102613000	     51206	80006cca	8e25	c.xor	x12,x9	 x12:0x8001ee7b  x9:0xffffffff x12=0x7ffe1184
      102615000	     51207	80006ccc	012fadb3	slt	x27,x31,x18	 x31:0x00000000 x18:0x31a43c4e x27=0x00000001
      102645000	     51222	80006cd0	40d6d593	srai	x11,x13,0xd	 x13:0x00000001 x11=0x00000000
      102687000	     51243	80006cd4	01d72833	slt	x16,x14,x29	 x14:0x00000013 x29:0x00005fff x16=0x00000001
      102689000	     51244	80006cd8	717d	c.addi16sp	x2,-16	  x2:0x7f90f000  x2=0x7f90eff0
      102691000	     51245	80006cda	0001	c.addi	x0,0	  x0:0x00000000  x0=0x00000000
      102695000	     51247	80006cdc	03661b63	bne	x12,x22,80006d12	 x12:0x7ffe1184 x22:0x00000000  x0=0x00000000
      102725000	     51262	80006d12	0ff0000f	fence	iorwiorwiorwiorwiorwiorwiorwiorwiorwiorwiorwiorwiorwiorwiorwiorwiorwiorwiorwiorwiorwiorwiorwiorwiorwiorwiorwiorwiorwiorwiorwiorwiorwiorwiorwiorwiorwiorwiorwiorwiorwiorwiorwiorwiorwiorwiorwiorwiorwiorwiorwiorwiorwiorwiorwiorwiorwiorwiorwiorwiorwiorwiorwiorwiorwiorwiorwiorwiorwiorwiorwiorwiorwiorwiorwiorwiorwiorwiorwiorwiorwiorwiorwiorwiorwiorwiorwiorwiorwiorwiorwiorwiorwiorwiorwiorwiorwiorwiorwiorwiorwiorwiorwiorwiorwiorwiorwiorwiorwiorwiorwiorwiorwiorwiorwiorwiorwiorwiorwiorwiorwiorwiorwiorwiorwiorwiorwiorwiorwiorwiorwiorwiorwiorwiorwiorwiorwiorwiorwiorwiorwiorwiorwiorwiorwiorwiorwiorwiorwiorwiorwiorwiorw,iorwiorwiorwiorwiorwiorwiorwiorwiorwiorwiorwiorwiorwiorwiorwiorwiorwiorwiorwiorwiorwiorwiorwiorwiorwiorwiorwiorwiorwiorwiorwiorwiorwiorwiorwiorwiorwiorwiorwiorwiorwiorwiorwiorwiorwiorwiorwiorwiorwiorwiorwiorwiorwiorwiorwiorwiorwiorwiorwiorwiorwiorwiorwiorwiorwiorwiorwiorwiorwiorwiorwiorwiorwiorwiorwiorwiorwiorwiorwiorwiorwiorwiorwiorwiorwiorwiorwiorwiorwiorwiorwiorwiorwiorwiorwiorwiorwiorwiorwiorwiorwiorwiorwiorwiorwiorwiorwiorwiorwiorwiorwiorwiorwiorwiorwiorwiorwiorwiorwiorwiorwiorwiorwiorwiorwiorwiorwiorwiorwiorwiorwiorwiorwiorwiorwiorwiorwiorwiorwiorwiorwiorwiorwiorwiorwiorwiorwiorwiorwiorwiorwiorwiorwiorw	
      102767000	     51283	80006d16	00deb833	sltu	x16,x29,x13	 x29:0x00005fff x13:0x00000001 x16=0x00000000
      102769000	     51284	80006d1a	fe5987b7	lui	x15,0xfe598	 x15=0xfe598000
      102771000	     51285	80006d1e	03f25363	bge	x4,x31,80006d44	  x4:0x00000001 x31:0x00000000  x0=0x00000000
      102789000	     51294	80006d22	f47dc513	xori	x10,x27,-185	 x27:0x00000001 x10=0xffffff46
      102791000	     51295	80006d26	41d6df33	sra	x30,x13,x29	 x13:0x00000001 x29:0x00005fff x30=0x00000000
      102793000	     51296	80006d2a	8f9d	c.sub	x15,x15	 x15:0xfe598000 x15:0xfe598000 x15=0x00000000
      102801000	     51300	80006d2c	003c5f63	bge	x24,x3,80006d4a	 x24:0x00000003  x3:0x00000000  x0=0x00000000
      102809000	     51304	80006d30	086b6b93	ori	x23,x22,134	 x22:0x00000000 x23=0x00000086
      102817000	     51308	80006d34	6161	c.addi16sp	x2,80	  x2:0x7f90eff0  x2=0x7f90f040
      102861000	     51330	80006d36	02a48233	mul	x4,x9,x10	  x9:0xffffffff x10:0xffffff46  x4=0x000000ba
      102863000	     51331	80006d3a	1598	c.addi4spn	x14,x2,736	 x14=0x7f90f320
      102937000	     51368	80006d3c	0224feb3	remu	x29,x9,x2	  x9:0xffffffff  x2:0x7f90f040 x29=0x00de1f7f
      102939000	     51369	80006d40	8019	c.srli	x8,0x6	  x8:0x00000400  x8=0x00000010
      102941000	     51370	80006d42	810d	c.srli	x10,0x3	 x10:0xffffff46 x10=0x1fffffe8
      102943000	     51371	80006d44	8ee2	c.mv	x29,x24	  x0:0x00000000 x24:0x00000003 x29=0x00000003
      102945000	     51372	80006d46	340db673	csrrc	x12,mscratch,x27	 x27:0x00000001 x12=0x00000013
      102947000	     51373	80006d4a	8afe	c.mv	x21,x31	  x0:0x00000000 x31:0x00000000 x21=0x00000000
      102977000	     51388	80006d4c	01347bb3	and	x23,x8,x19	  x8:0x00000010 x19:0x8001ee7c x23=0x00000010
      102979000	     51389	80006d50	00138033	add	x0,x7,x1	  x7:0xffffffed  x1:0x8001adf3  x0=0x00000000
      103011000	     51405	80006d54	023c8d33	mul	x26,x25,x3	 x25:0x00000000  x3:0x00000000 x26=0x00000000
      103023000	     51411	80006d58	05fbf363	bgeu	x23,x31,80006d9e	 x23:0x00000010 x31:0x00000000  x0=0x00000000
      103033000	     51416	80006d5c	ea173c93	sltiu	x25,x14,-351	 x14:0x7f90f320 x25=0x00000001
      103077000	     51438	80006d60	010acd33	xor	x26,x21,x16	 x21:0x00000000 x16:0x00000000 x26=0x00000000
      103079000	     51439	80006d64	01eb1533	sll	x10,x22,x30	 x22:0x00000000 x30:0x00000000 x10=0x00000000
      103081000	     51440	80006d68	01b9e6b3	or	x13,x19,x27	 x19:0x8001ee7c x27:0x00000001 x13=0x8001ee7d
      103125000	     51462	80006d6c	340c7df3	csrrci	x27,mscratch,24	 x27=0x00000012
      103143000	     51471	80006d70	97ae	c.add	x15,x11	 x15:0x00000000 x11:0x00000000 x15=0x00000000
      103149000	     51474	80006d72	c3f08a13	addi	x20,x1,-961	  x1:0x8001adf3 x20=0x8001aa32
      103151000	     51475	80006d76	11206b93	ori	x23,x0,274	  x0:0x00000000 x23=0x00000112
      103177000	     51488	80006d7a	006008b3	add	x17,x0,x6	  x0:0x00000000  x6:0x00000000 x17=0x00000000
      103179000	     51489	80006d7e	0e324593	xori	x11,x4,227	  x4:0x000000ba x11=0x00000059
      103227000	     51513	80006d82	03515bb3	divu	x23,x2,x21	  x2:0x7f90f040 x21:0x00000000 x23=0xffffffff
      103229000	     51514	80006d86	80cd	c.srli	x9,0x13	  x9:0xffffffff  x9=0x00001fff
      103231000	     51515	80006d88	01b45913	srli	x18,x8,0x1b	  x8:0x00000010 x18=0x00000000
      103249000	     51524	80006d8c	ef04db37	lui	x22,0xef04d	 x22=0xef04d000
      103251000	     51525	80006d90	ed1d	c.bnez	x10,80006dce	 x10:0x00000000
      103267000	     51533	80006d92	40c48e33	sub	x28,x9,x12	  x9:0x00001fff x12:0x00000013 x28=0x00001fec
      103291000	     51545	80006d96	018c8263	beq	x25,x24,80006d9a	 x25:0x00000001 x24:0x00000003  x0=0x00000000
      103333000	     51566	80006d9a	3408bc73	csrrc	x24,mscratch,x17	 x17:0x00000000 x24=0x00000002
      103339000	     51569	80006d9e	02566863	bltu	x12,x5,80006dce	 x12:0x00000013  x5:0x8001add4  x0=0x00000000
      103367000	     51583	80006dce	68c9	c.lui	x17,0x12	 x17=0x00012000
      103389000	     51594	80006dd0	3404eff3	csrrsi	x31,mscratch,9	 x31=0x00000002
      103391000	     51595	80006dd4	012038b3	sltu	x17,x0,x18	  x0:0x00000000 x18:0x00000000 x17=0x00000000
      103395000	     51597	80006dd8	01c684b3	add	x9,x13,x28	 x13:0x8001ee7d x28:0x00001fec  x9=0x80020e69
      103413000	     51606	80006ddc	34072df3	csrrs	x27,mscratch,x14	 x14:0x7f90f320 x27=0x0000000b
      103415000	     51607	80006de0	8ecd	c.or	x13,x11	 x13:0x8001ee7d x11:0x00000059 x13=0x8001ee7d
      103437000	     51618	80006de2	007fc463	blt	x31,x7,80006dea	 x31:0x00000002  x7:0xffffffed  x0=0x00000000
      103453000	     51626	80006de6	da9c6e13	ori	x28,x24,-599	 x24:0x00000002 x28=0xfffffdab
      103455000	     51627	80006dea	63c9	c.lui	x7,0x12	  x7=0x00012000
      103457000	     51628	80006dec	6139	c.addi16sp	x2,448	  x2:0x7f90f040  x2=0x7f90f200
      103477000	     51638	80006dee	0055bcb3	sltu	x25,x11,x5	 x11:0x00000059  x5:0x8001add4 x25=0x00000001
      103479000	     51639	80006df2	fe813c13	sltiu	x24,x2,-24	  x2:0x7f90f200 x24=0x00000001
      103511000	     51655	80006df6	00b1a033	slt	x0,x3,x11	  x3:0x00000000 x11:0x00000059  x0=0x00000000
      103513000	     51656	80006dfa	41d880b3	sub	x1,x17,x29	 x17:0x00000000 x29:0x00000003  x1=0xfffffffd
      103547000	     51673	80006dfe	325efc13	andi	x24,x29,805	 x29:0x00000003 x24=0x00000001
      103549000	     51674	80006e02	340a3473	csrrc	x8,mscratch,x20	 x20:0x8001aa32  x8=0x7f90f32b
      103551000	     51675	80006e06	07da	c.slli	x15,0x16	 x15:0x00000000 x15=0x00000000
      103611000	     51705	80006e08	8db5	c.xor	x11,x13	 x11:0x00000059 x13:0x8001ee7d x11=0x8001ee24
      103613000	     51706	80006e0a	0168edb3	or	x27,x17,x22	 x17:0x00000000 x22:0xef04d000 x27=0xef04d000
      103617000	     51708	80006e0e	057cc063	blt	x25,x23,80006e4e	 x25:0x00000001 x23:0xffffffff  x0=0x00000000
      103633000	     51716	80006e12	03df8c33	mul	x24,x31,x29	 x31:0x00000002 x29:0x00000003 x24=0x00000006
      103635000	     51717	80006e16	6e51	c.lui	x28,0x14	 x28=0x00014000
      103649000	     51724	80006e18	e91b7d13	andi	x26,x22,-367	 x22:0xef04d000 x26=0xef04d000
      103651000	     51725	80006e1c	40d38a33	sub	x20,x7,x13	  x7:0x00012000 x13:0x8001ee7d x20=0x7fff3183
      103681000	     51740	80006e20	34095a73	csrrwi	x20,mscratch,18	 x20=0x7f905109
      103715000	     51757	80006e24	00299213	slli	x4,x19,0x2	 x19:0x8001ee7c  x4=0x0007b9f0
      103735000	     51767	80006e28	00c0e633	or	x12,x1,x12	  x1:0xfffffffd x12:0x00000013 x12=0xffffffff
      103737000	     51768	80006e2c	0ff0000f	fence	iorwiorwiorwiorwiorwiorwiorwiorwiorwiorwiorwiorwiorwiorwiorwiorwiorwiorwiorwiorwiorwiorwiorwiorwiorwiorwiorwiorwiorwiorwiorwiorwiorwiorwiorwiorwiorwiorwiorwiorwiorwiorwiorwiorwiorwiorwiorwiorwiorwiorwiorwiorwiorwiorwiorwiorwiorwiorwiorwiorwiorwiorwiorwiorwiorwiorwiorwiorwiorwiorwiorwiorwiorwiorwiorwiorwiorwiorwiorwiorwiorwiorwiorwiorwiorwiorwiorwiorwiorwiorwiorwiorwiorwiorwiorwiorwiorwiorwiorwiorwiorwiorwiorwiorwiorwiorwiorwiorwiorwiorwiorwiorwiorwiorwiorwiorwiorwiorwiorwiorwiorwiorwiorwiorwiorwiorwiorwiorwiorwiorwiorwiorwiorwiorwiorwiorwiorwiorwiorwiorwiorwiorwiorwiorwiorwiorwiorwiorwiorwiorwiorwiorwiorwiorwiorw,iorwiorwiorwiorwiorwiorwiorwiorwiorwiorwiorwiorwiorwiorwiorwiorwiorwiorwiorwiorwiorwiorwiorwiorwiorwiorwiorwiorwiorwiorwiorwiorwiorwiorwiorwiorwiorwiorwiorwiorwiorwiorwiorwiorwiorwiorwiorwiorwiorwiorwiorwiorwiorwiorwiorwiorwiorwiorwiorwiorwiorwiorwiorwiorwiorwiorwiorwiorwiorwiorwiorwiorwiorwiorwiorwiorwiorwiorwiorwiorwiorwiorwiorwiorwiorwiorwiorwiorwiorwiorwiorwiorwiorwiorwiorwiorwiorwiorwiorwiorwiorwiorwiorwiorwiorwiorwiorwiorwiorwiorwiorwiorwiorwiorwiorwiorwiorwiorwiorwiorwiorwiorwiorwiorwiorwiorwiorwiorwiorwiorwiorwiorwiorwiorwiorwiorwiorwiorwiorwiorwiorwiorwiorwiorwiorwiorwiorwiorwiorwiorwiorwiorwiorwiorwiorwiorw	
      103739000	     51769	80006e30	8f89	c.sub	x15,x10	 x15:0x00000000 x10:0x00000000 x15=0x00000000
      103741000	     51770	80006e32	8399	c.srli	x15,0x6	 x15:0x00000000 x15=0x00000000
      103743000	     51771	80006e34	f83eb113	sltiu	x2,x29,-125	 x29:0x00000003  x2=0x00000001
      103745000	     51772	80006e38	0001	c.addi	x0,0	  x0:0x00000000  x0=0x00000000
      103759000	     51779	80006e3a	01db9c63	bne	x23,x29,80006e52	 x23:0xffffffff x29:0x00000003  x0=0x00000000
      103803000	     51801	80006e52	3400b173	csrrc	x2,mscratch,x1	  x1:0xfffffffd  x2=0x00000012
      103819000	     51809	80006e56	c70ebb13	sltiu	x22,x29,-912	 x29:0x00000003 x22=0x00000001
      103843000	     51821	80006e5a	05359163	bne	x11,x19,80006e9c	 x11:0x8001ee24 x19:0x8001ee7c  x0=0x00000000
      103887000	     51843	80006e9c	0143d033	srl	x0,x7,x20	  x7:0x00012000 x20:0x7f905109  x0=0x00000000
      103909000	     51854	80006ea0	01a6d563	bge	x13,x26,80006eaa	 x13:0x8001ee7d x26:0xef04d000  x0=0x00000000
      103917000	     51858	80006ea4	85e1	c.srai	x11,0x18	 x11:0x8001ee24 x11=0xffffff80
      104003000	     51901	80006ea6	0391d933	divu	x18,x3,x25	  x3:0x00000000 x25:0x00000001 x18=0x00000000
      104005000	     51902	80006eaa	3407fa73	csrrci	x20,mscratch,15	 x20=0x00000002
      104007000	     51903	80006eae	00f7e4b3	or	x9,x15,x15	 x15:0x00000000 x15:0x00000000  x9=0x00000000
      104009000	     51904	80006eb2	8eed	c.and	x13,x11	 x13:0x8001ee7d x11:0xffffff80 x13=0x8001ee00
      104031000	     51915	80006eb4	0081e8b3	or	x17,x3,x8	  x3:0x00000000  x8:0x7f90f32b x17=0x7f90f32b
      104053000	     51926	80006eb8	013b5813	srli	x16,x22,0x13	 x22:0x00000001 x16=0x00000000
      104063000	     51931	80006ebc	009bcc63	blt	x23,x9,80006ed4	 x23:0xffffffff  x9:0x00000000  x0=0x00000000
      104111000	     51955	80006ed4	03a79cb3	mulh	x25,x15,x26	 x15:0x00000000 x26:0xef04d000 x25=0x00000000
      104113000	     51956	80006ed8	34071173	csrrw	x2,mscratch,x14	 x14:0x7f90f320  x2=0x00000000
      104115000	     51957	80006edc	008e5b63	bge	x28,x8,80006ef2	 x28:0x00014000  x8:0x7f90f32b  x0=0x00000000
      104137000	     51968	80006ee0	24f3a913	slti	x18,x7,591	  x7:0x00012000 x18=0x00000000
      104141000	     51970	80006ee4	6b55	c.lui	x22,0x15	 x22=0x00015000
      104173000	     51986	80006ee6	cca9f093	andi	x1,x19,-822	 x19:0x8001ee7c  x1=0x8001ec48
      104177000	     51988	80006eea	03e9db33	divu	x22,x19,x30	 x19:0x8001ee7c x30:0x00000000 x22=0xffffffff
      104203000	     52001	80006eee	03f037b3	mulhu	x15,x0,x31	  x0:0x00000000 x31:0x00000002 x15=0x00000000
      104229000	     52014	80006ef2	bd37e717	auipc	x14,0xbd37e	 x14=0x3d384ef2
      104231000	     52015	80006ef6	8431	c.srai	x8,0xc	  x8:0x7f90f32b  x8=0x0007f90f
      104233000	     52016	80006ef8	340ee7f3	csrrsi	x15,mscratch,29	 x15=0x7f90f320
      104265000	     52032	80006efc	00132533	slt	x10,x6,x1	  x6:0x00000000  x1:0x8001ec48 x10=0x00000000
      104275000	     52037	80006f00	03b38763	beq	x7,x27,80006f2e	  x7:0x00012000 x27:0xef04d000  x0=0x00000000
      104285000	     52042	80006f04	8cc9	c.or	x9,x10	  x9:0x00000000 x10:0x00000000  x9=0x00000000
      104307000	     52053	80006f06	3400def3	csrrwi	x29,mscratch,1	 x29=0x7f90f33d
      104321000	     52060	80006f0a	3404b973	csrrc	x18,mscratch,x9	  x9:0x00000000 x18=0x00000001
      104337000	     52068	80006f0e	01d2d493	srli	x9,x5,0x1d	  x5:0x8001add4  x9=0x00000004
      104399000	     52099	80006f12	01718c33	add	x24,x3,x23	  x3:0x00000000 x23:0xffffffff x24=0xffffffff
      104401000	     52100	80006f16	857d	c.srai	x10,0x1f	 x10:0x00000000 x10=0x00000000
      104409000	     52104	80006f18	03f830b3	mulhu	x1,x16,x31	 x16:0x00000000 x31:0x00000002  x1=0x00000000
      104417000	     52108	80006f1c	34085e73	csrrwi	x28,mscratch,16	 x28=0x00000001
      104431000	     52115	80006f20	1dda8a13	addi	x20,x21,477	 x21:0x00000000 x20=0x000001dd
      104473000	     52136	80006f24	01798eb3	add	x29,x19,x23	 x19:0x8001ee7c x23:0xffffffff x29=0x8001ee7b
      104515000	     52157	80006f28	6749	c.lui	x14,0x12	 x14=0x00012000
      104519000	     52159	80006f2a	01396263	bltu	x18,x19,80006f2e	 x18:0x00000001 x19:0x8001ee7c  x0=0x00000000
      104571000	     52185	80006f2e	e909	c.bnez	x10,80006f40	 x10:0x00000000
      104613000	     52206	80006f30	340f1c73	csrrw	x24,mscratch,x30	 x30:0x00000000 x24=0x00000010
      104627000	     52213	80006f34	942a	c.add	x8,x10	  x8:0x0007f90f x10:0x00000000  x8=0x0007f90f
      104629000	     52214	80006f36	64ad	c.lui	x9,0xb	  x9=0x0000b000
      104633000	     52216	80006f38	0001	c.addi	x0,0	  x0:0x00000000  x0=0x00000000
      104663000	     52231	80006f3a	022a8cb3	mul	x25,x21,x2	 x21:0x00000000  x2:0x00000000 x25=0x00000000
      104665000	     52232	80006f3e	0001	c.addi	x0,0	  x0:0x00000000  x0=0x00000000
      104709000	     52254	80006f40	8f89	c.sub	x15,x10	 x15:0x7f90f320 x10:0x00000000 x15=0x7f90f320
      104711000	     52255	80006f42	064e	c.slli	x12,0x13	 x12:0xffffffff x12=0xfff80000
      104735000	     52267	80006f44	34022d73	csrrs	x26,mscratch,x4	  x4:0x0007b9f0 x26=0x00000000
      104777000	     52288	80006f48	85e9	c.srai	x11,0x1a	 x11:0xffffff80 x11=0xffffffff
      104779000	     52289	80006f4a	340e25f3	csrrs	x11,mscratch,x28	 x28:0x00000001 x11=0x0007b9f0
      104781000	     52290	80006f4e	14fd	c.addi	x9,-1	  x9:0x0000b000  x9=0x0000afff
      104785000	     52292	80006f50	81de	c.mv	x3,x23	  x0:0x00000000 x23:0xffffffff  x3=0xffffffff
      104787000	     52293	80006f52	00ff7a63	bgeu	x30,x15,80006f66	 x30:0x00000000 x15:0x7f90f320  x0=0x00000000
      104789000	     52294	80006f56	0ff0000f	fence	iorwiorwiorwiorwiorwiorwiorwiorwiorwiorwiorwiorwiorwiorwiorwiorwiorwiorwiorwiorwiorwiorwiorwiorwiorwiorwiorwiorwiorwiorwiorwiorwiorwiorwiorwiorwiorwiorwiorwiorwiorwiorwiorwiorwiorwiorwiorwiorwiorwiorwiorwiorwiorwiorwiorwiorwiorwiorwiorwiorwiorwiorwiorwiorwiorwiorwiorwiorwiorwiorwiorwiorwiorwiorwiorwiorwiorwiorwiorwiorwiorwiorwiorwiorwiorwiorwiorwiorwiorwiorwiorwiorwiorwiorwiorwiorwiorwiorwiorwiorwiorwiorwiorwiorwiorwiorwiorwiorwiorwiorwiorwiorwiorwiorwiorwiorwiorwiorwiorwiorwiorwiorwiorwiorwiorwiorwiorwiorwiorwiorwiorwiorwiorwiorwiorwiorwiorwiorwiorwiorwiorwiorwiorwiorwiorwiorwiorwiorwiorwiorwiorwiorwiorwiorwiorwiorwiorw,iorwiorwiorwiorwiorwiorwiorwiorwiorwiorwiorwiorwiorwiorwiorwiorwiorwiorwiorwiorwiorwiorwiorwiorwiorwiorwiorwiorwiorwiorwiorwiorwiorwiorwiorwiorwiorwiorwiorwiorwiorwiorwiorwiorwiorwiorwiorwiorwiorwiorwiorwiorwiorwiorwiorwiorwiorwiorwiorwiorwiorwiorwiorwiorwiorwiorwiorwiorwiorwiorwiorwiorwiorwiorwiorwiorwiorwiorwiorwiorwiorwiorwiorwiorwiorwiorwiorwiorwiorwiorwiorwiorwiorwiorwiorwiorwiorwiorwiorwiorwiorwiorwiorwiorwiorwiorwiorwiorwiorwiorwiorwiorwiorwiorwiorwiorwiorwiorwiorwiorwiorwiorwiorwiorwiorwiorwiorwiorwiorwiorwiorwiorwiorwiorwiorwiorwiorwiorwiorwiorwiorwiorwiorwiorwiorwiorwiorwiorwiorwiorwiorwiorwiorwiorwiorwiorwiorwiorw	
      104811000	     52305	80006f5a	01e668b3	or	x17,x12,x30	 x12:0xfff80000 x30:0x00000000 x17=0xfff80000
      104813000	     52306	80006f5e	82f9	c.srli	x13,0x1e	 x13:0x8001ee00 x13=0x00000002
      104839000	     52319	80006f60	1b9c	c.addi4spn	x15,x2,496	 x15=0x000001f0
      104847000	     52323	80006f62	340cbbf3	csrrc	x23,mscratch,x25	 x25:0x00000000 x23=0x0007b9f1
      104853000	     52326	80006f66	cc998693	addi	x13,x19,-823	 x19:0x8001ee7c x13=0x8001eb45
      104875000	     52337	80006f6a	40705c93	srai	x25,x0,0x7	  x0:0x00000000 x25=0x00000000
      104981000	     52390	80006f6e	0347ef33	rem	x30,x15,x20	 x15:0x000001f0 x20:0x000001dd x30=0x00000013
      104983000	     52391	80006f72	d0d67693	andi	x13,x12,-755	 x12:0xfff80000 x13=0xfff80000
      104987000	     52393	80006f76	03a35163	bge	x6,x26,80006f98	  x6:0x00000000 x26:0x00000000  x0=0x00000000
      105025000	     52412	80006f98	f57aff93	andi	x31,x21,-169	 x21:0x00000000 x31=0x00000000
      105043000	     52421	80006f9c	00170ab3	add	x21,x14,x1	 x14:0x00012000  x1:0x00000000 x21=0x00012000
      105047000	     52423	80006fa0	00e3cc33	xor	x24,x7,x14	  x7:0x00012000 x14:0x00012000 x24=0x00000000
      105059000	     52429	80006fa4	028de063	bltu	x27,x8,80006fc4	 x27:0xef04d000  x8:0x0007f90f  x0=0x00000000
      105123000	     52461	80006fa8	05d2e363	bltu	x5,x29,80006fee	  x5:0x8001add4 x29:0x8001ee7b  x0=0x00000000
      105143000	     52471	80006fee	03148433	mul	x8,x9,x17	  x9:0x0000afff x17:0xfff80000  x8=0x80080000
      105161000	     52480	80006ff2	fcbf0a93	addi	x21,x30,-53	 x30:0x00000013 x21=0xffffffde
      105163000	     52481	80006ff6	0001	c.addi	x0,0	  x0:0x00000000  x0=0x00000000
      105165000	     52482	80006ff8	8515	c.srai	x10,0x5	 x10:0x00000000 x10=0x00000000
      105167000	     52483	80006ffa	0001	c.addi	x0,0	  x0:0x00000000  x0=0x00000000
      105181000	     52490	80006ffc	340ea673	csrrs	x12,mscratch,x29	 x29:0x8001ee7b x12=0x0007b9f1
      105217000	     52508	80007000	00986693	ori	x13,x16,9	 x16:0x00000000 x13=0x00000009
      105231000	     52515	80007004	86dd	c.srai	x13,0x17	 x13:0x00000009 x13=0x00000000
      105233000	     52516	80007006	41a05cb3	sra	x25,x0,x26	  x0:0x00000000 x26:0x00000000 x25=0x00000000
      105327000	     52563	8000700a	0370c433	div	x8,x1,x23	  x1:0x00000000 x23:0x0007b9f1  x8=0x00000000
      105329000	     52564	8000700e	0091e533	or	x10,x3,x9	  x3:0xffffffff  x9:0x0000afff x10=0xffffffff
      105333000	     52566	80007012	df75dc97	auipc	x25,0xdf75d	 x25=0x5f764012
      105337000	     52568	80007016	c415	c.beqz	x8,80007042	  x8:0x00000000
      105371000	     52585	80007042	1510	c.addi4spn	x12,x2,672	 x12=0x000002a0
      105373000	     52586	80007044	6519	c.lui	x10,0x6	 x10=0x00006000
      105389000	     52594	80007046	00dd0263	beq	x26,x13,8000704a	 x26:0x00000000 x13:0x00000000  x0=0x00000000
      105437000	     52618	8000704a	039b9563	bne	x23,x25,80007074	 x23:0x0007b9f1 x25:0x5f764012  x0=0x00000000
      105499000	     52649	80007074	02003db3	mulhu	x27,x0,x0	  x0:0x00000000  x0:0x00000000 x27=0x00000000
      105507000	     52653	80007078	03abd233	divu	x4,x23,x26	 x23:0x0007b9f1 x26:0x00000000  x4=0xffffffff
      105509000	     52654	8000707c	3402b5f3	csrrc	x11,mscratch,x5	  x5:0x8001add4 x11=0x8007fffb
      105521000	     52660	80007080	414d0c33	sub	x24,x26,x20	 x26:0x00000000 x20:0x000001dd x24=0xfffffe23
      105535000	     52667	80007084	8fe5	c.and	x15,x9	 x15:0x000001f0  x9:0x0000afff x15=0x000001f0
      105537000	     52668	80007086	8cf9	c.and	x9,x14	  x9:0x0000afff x14:0x00012000  x9=0x00002000
      105589000	     52694	80007088	02c58063	beq	x11,x12,800070a8	 x11:0x8007fffb x12:0x000002a0  x0=0x00000000
      105597000	     52698	8000708c	03c31733	mulh	x14,x6,x28	  x6:0x00000000 x28:0x00000001 x14=0x00000000
      105625000	     52712	80007090	e1a1	c.bnez	x11,800070d0	 x11:0x8007fffb
      105661000	     52730	800070d0	1c4e3813	sltiu	x16,x28,452	 x28:0x00000001 x16=0x00000001
      105743000	     52771	800070d4	03587933	remu	x18,x16,x21	 x16:0x00000001 x21:0xffffffde x18=0x00000001
      105745000	     52772	800070d8	0dc1	c.addi	x27,16	 x27:0x00000000 x27=0x00000010
      105747000	     52773	800070da	340675f3	csrrci	x11,mscratch,12	 x11=0x0006522b
      105749000	     52774	800070de	5efd	c.li	x29,-1	 x29=0xffffffff
      105751000	     52775	800070e0	05096163	bltu	x18,x16,80007122	 x18:0x00000001 x16:0x00000001  x0=0x00000000
      105801000	     52800	800070e4	d5c73593	sltiu	x11,x14,-676	 x14:0x00000000 x11=0x00000001
      105885000	     52842	800070e8	02fe4b33	div	x22,x28,x15	 x28:0x00000001 x15:0x000001f0 x22=0x00000000
      105887000	     52843	800070ec	340176f3	csrrci	x13,mscratch,2	 x13=0x00065223
      105889000	     52844	800070f0	007060b3	or	x1,x0,x7	  x0:0x00000000  x7:0x00012000  x1=0x00012000
      105891000	     52845	800070f4	0001	c.addi	x0,0	  x0:0x00000000  x0=0x00000000
      105897000	     52848	800070f6	340d9a73	csrrw	x20,mscratch,x27	 x27:0x00000010 x20=0x00065221
      105905000	     52852	800070fa	023a7663	bgeu	x20,x3,80007126	 x20:0x00065221  x3:0xffffffff  x0=0x00000000
      105933000	     52866	800070fe	02169563	bne	x13,x1,80007128	 x13:0x00065223  x1:0x00012000  x0=0x00000000
      105977000	     52888	80007128	6cad	c.lui	x25,0xb	 x25=0x0000b000
      106037000	     52918	8000712a	22a2f393	andi	x7,x5,554	  x5:0x8001add4  x7=0x00000000
      106073000	     52936	8000712e	00a47463	bgeu	x8,x10,80007136	  x8:0x00000000 x10:0x00006000  x0=0x00000000
      106077000	     52938	80007132	0e44a893	slti	x17,x9,228	  x9:0x00002000 x17=0x00000000
      106085000	     52942	80007136	0292ad33	mulhsu	x26,x5,x9	  x5:0x8001add4  x9:0x00002000 x26=0xfffff000
      106087000	     52943	8000713a	0f72	c.slli	x30,0x1c	 x30:0x00000013 x30=0x30000000
      106089000	     52944	8000713c	da896d13	ori	x26,x18,-600	 x18:0x00000001 x26=0xfffffda9
      106103000	     52951	80007140	0ff0000f	fence	iorwiorwiorwiorwiorwiorwiorwiorwiorwiorwiorwiorwiorwiorwiorwiorwiorwiorwiorwiorwiorwiorwiorwiorwiorwiorwiorwiorwiorwiorwiorwiorwiorwiorwiorwiorwiorwiorwiorwiorwiorwiorwiorwiorwiorwiorwiorwiorwiorwiorwiorwiorwiorwiorwiorwiorwiorwiorwiorwiorwiorwiorwiorwiorwiorwiorwiorwiorwiorwiorwiorwiorwiorwiorwiorwiorwiorwiorwiorwiorwiorwiorwiorwiorwiorwiorwiorwiorwiorwiorwiorwiorwiorwiorwiorwiorwiorwiorwiorwiorwiorwiorwiorwiorwiorwiorwiorwiorwiorwiorwiorwiorwiorwiorwiorwiorwiorwiorwiorwiorwiorwiorwiorwiorwiorwiorwiorwiorwiorwiorwiorwiorwiorwiorwiorwiorwiorwiorwiorwiorwiorwiorwiorwiorwiorwiorwiorwiorwiorwiorwiorwiorwiorwiorwiorwiorwiorwiorwiorw,iorwiorwiorwiorwiorwiorwiorwiorwiorwiorwiorwiorwiorwiorwiorwiorwiorwiorwiorwiorwiorwiorwiorwiorwiorwiorwiorwiorwiorwiorwiorwiorwiorwiorwiorwiorwiorwiorwiorwiorwiorwiorwiorwiorwiorwiorwiorwiorwiorwiorwiorwiorwiorwiorwiorwiorwiorwiorwiorwiorwiorwiorwiorwiorwiorwiorwiorwiorwiorwiorwiorwiorwiorwiorwiorwiorwiorwiorwiorwiorwiorwiorwiorwiorwiorwiorwiorwiorwiorwiorwiorwiorwiorwiorwiorwiorwiorwiorwiorwiorwiorwiorwiorwiorwiorwiorwiorwiorwiorwiorwiorwiorwiorwiorwiorwiorwiorwiorwiorwiorwiorwiorwiorwiorwiorwiorwiorwiorwiorwiorwiorwiorwiorwiorwiorwiorwiorwiorwiorwiorwiorwiorwiorwiorwiorwiorwiorwiorwiorwiorwiorwiorwiorwiorwiorwiorwiorwiorwiorwiorw	
      106109000	     52954	80007144	41e9	c.li	x3,26	  x3=0x0000001a
      106129000	     52964	80007146	031c8563	beq	x25,x17,80007170	 x25:0x0000b000 x17:0x00000000  x0=0x00000000
      106131000	     52965	8000714a	8f3d	c.xor	x14,x15	 x14:0x00000000 x15:0x000001f0 x14=0x000001f0
      106157000	     52978	8000714c	0278a233	mulhsu	x4,x17,x7	 x17:0x00000000  x7:0x00000000  x4=0x00000000
      106177000	     52988	80007150	8c49	c.or	x8,x10	  x8:0x00000000 x10:0x00006000  x8=0x00006000
      106227000	     53013	80007152	01d72ab3	slt	x21,x14,x29	 x14:0x000001f0 x29:0xffffffff x21=0x00000000
      106257000	     53028	80007156	01771f63	bne	x14,x23,80007174	 x14:0x000001f0 x23:0x0007b9f1  x0=0x00000000
      106315000	     53057	80007174	9c66	c.add	x24,x25	 x24:0xfffffe23 x25:0x0000b000 x24=0x0000ae23
      106355000	     53077	80007176	41b4d7b3	sra	x15,x9,x27	  x9:0x00002000 x27:0x00000010 x15=0x00000000
      106357000	     53078	8000717a	d61f8813	addi	x16,x31,-671	 x31:0x00000000 x16=0xfffffd61
      106463000	     53131	8000717e	03bee0b3	rem	x1,x29,x27	 x29:0xffffffff x27:0x00000010  x1=0xffffffff
      106467000	     53133	80007182	026348b3	div	x17,x6,x6	  x6:0x00000000  x6:0x00000000 x17=0xffffffff
      106469000	     53134	80007186	717d	c.addi16sp	x2,-16	  x2:0x00000000  x2=0xfffffff0
      106471000	     53135	80007188	34052773	csrrs	x14,mscratch,x10	 x10:0x00006000 x14=0x00000010
      106491000	     53145	8000718c	6b979f17	auipc	x30,0x6b979	 x30=0xeb98018c
      106513000	     53156	80007190	ef7fdcb7	lui	x25,0xef7fd	 x25=0xef7fd000
      106515000	     53157	80007194	dea61eb7	lui	x29,0xdea61	 x29=0xdea61000
      106577000	     53188	80007198	cbe9bb93	sltiu	x23,x19,-834	 x19:0x8001ee7c x23=0x00000001
      106613000	     53206	8000719c	013770b3	and	x1,x14,x19	 x14:0x00000010 x19:0x8001ee7c  x1=0x00000010
      106617000	     53208	800071a0	00741763	bne	x8,x7,800071ae	  x8:0x00006000  x7:0x00000000  x0=0x00000000
      106657000	     53228	800071ae	e69d	c.bnez	x13,800071dc	 x13:0x00065223
      106715000	     53257	800071dc	031c	c.addi4spn	x15,x2,384	 x15=0x00000170
      106717000	     53258	800071de	d2edfd13	andi	x26,x27,-722	 x27:0x00000010 x26=0x00000000
      106779000	     53289	800071e2	01c08fb3	add	x31,x1,x28	  x1:0x00000010 x28:0x00000001 x31=0x00000011
      106793000	     53296	800071e6	0ff0000f	fence	iorwiorwiorwiorwiorwiorwiorwiorwiorwiorwiorwiorwiorwiorwiorwiorwiorwiorwiorwiorwiorwiorwiorwiorwiorwiorwiorwiorwiorwiorwiorwiorwiorwiorwiorwiorwiorwiorwiorwiorwiorwiorwiorwiorwiorwiorwiorwiorwiorwiorwiorwiorwiorwiorwiorwiorwiorwiorwiorwiorwiorwiorwiorwiorwiorwiorwiorwiorwiorwiorwiorwiorwiorwiorwiorwiorwiorwiorwiorwiorwiorwiorwiorwiorwiorwiorwiorwiorwiorwiorwiorwiorwiorwiorwiorwiorwiorwiorwiorwiorwiorwiorwiorwiorwiorwiorwiorwiorwiorwiorwiorwiorwiorwiorwiorwiorwiorwiorwiorwiorwiorwiorwiorwiorwiorwiorwiorwiorwiorwiorwiorwiorwiorwiorwiorwiorwiorwiorwiorwiorwiorwiorwiorwiorwiorwiorwiorwiorwiorwiorwiorwiorwiorwiorwiorwiorwiorwiorwiorwiorwiorw,iorwiorwiorwiorwiorwiorwiorwiorwiorwiorwiorwiorwiorwiorwiorwiorwiorwiorwiorwiorwiorwiorwiorwiorwiorwiorwiorwiorwiorwiorwiorwiorwiorwiorwiorwiorwiorwiorwiorwiorwiorwiorwiorwiorwiorwiorwiorwiorwiorwiorwiorwiorwiorwiorwiorwiorwiorwiorwiorwiorwiorwiorwiorwiorwiorwiorwiorwiorwiorwiorwiorwiorwiorwiorwiorwiorwiorwiorwiorwiorwiorwiorwiorwiorwiorwiorwiorwiorwiorwiorwiorwiorwiorwiorwiorwiorwiorwiorwiorwiorwiorwiorwiorwiorwiorwiorwiorwiorwiorwiorwiorwiorwiorwiorwiorwiorwiorwiorwiorwiorwiorwiorwiorwiorwiorwiorwiorwiorwiorwiorwiorwiorwiorwiorwiorwiorwiorwiorwiorwiorwiorwiorwiorwiorwiorwiorwiorwiorwiorwiorwiorwiorwiorwiorwiorwiorwiorwiorwiorwiorwiorwiorw	
      106803000	     53301	800071ea	404dd533	sra	x10,x27,x4	 x27:0x00000010  x4:0x00000000 x10=0x00000010
      106805000	     53302	800071ee	e8bebf13	sltiu	x30,x29,-373	 x29:0xdea61000 x30=0x00000001
      106813000	     53306	800071f2	022a95b3	mulh	x11,x21,x2	 x21:0x00000000  x2:0xfffffff0 x11=0x00000000
      106815000	     53307	800071f6	3400f3f3	csrrci	x7,mscratch,1	  x7=0x00006010
      106853000	     53326	800071fa	00854fb3	xor	x31,x10,x8	 x10:0x00000010  x8:0x00006000 x31=0x00006010
      106855000	     53327	800071fe	ca1d	c.beqz	x12,80007234	 x12:0x000002a0
      106967000	     53383	80007200	032276b3	remu	x13,x4,x18	  x4:0x00000000 x18:0x00000001 x13=0x00000000
      106971000	     53385	80007204	eb85	c.bnez	x15,80007234	 x15:0x00000170
      106995000	     53397	80007234	e1f58393	addi	x7,x11,-481	 x11:0x00000000  x7=0xfffffe1f
      106997000	     53398	80007238	016d	c.addi	x2,27	  x2:0xfffffff0  x2=0x0000000b
      107017000	     53408	8000723a	34051173	csrrw	x2,mscratch,x10	 x10:0x00000010  x2=0x00006010
      107021000	     53410	8000723e	ef81	c.bnez	x15,80007256	 x15:0x00000170
      107055000	     53427	80007256	340d6073	csrrsi	x0,mscratch,26	  x0=0x00000000
      107077000	     53438	8000725a	e9602b37	lui	x22,0xe9602	 x22=0xe9602000
      107079000	     53439	8000725e	8709	c.srai	x14,0x2	 x14:0x00000010 x14=0x00000004
      107099000	     53449	80007260	0104dc93	srli	x25,x9,0x10	  x9:0x00002000 x25=0x00000000
      107155000	     53477	80007264	ef19	c.bnez	x14,80007282	 x14:0x00000004
      107239000	     53519	80007282	03322433	mulhsu	x8,x4,x19	  x4:0x00000000 x19:0x8001ee7c  x8=0x00000000
      107261000	     53530	80007286	03bc0363	beq	x24,x27,800072ac	 x24:0x0000ae23 x27:0x00000010  x0=0x00000000
      107297000	     53548	8000728a	02057133	remu	x2,x10,x0	 x10:0x00000010  x0:0x00000000  x2=0x00000010
      107299000	     53549	8000728e	c711	c.beqz	x14,8000729a	 x14:0x00000004
      107303000	     53551	80007290	c811	c.beqz	x8,800072a4	  x8:0x00000000
      107329000	     53564	800072a4	8605	c.srai	x12,0x1	 x12:0x000002a0 x12=0x00000150
      107351000	     53575	800072a6	ccb08b13	addi	x22,x1,-821	  x1:0x00000010 x22=0xfffffcdb
      107355000	     53577	800072aa	ed09	c.bnez	x10,800072c4	 x10:0x00000010
      107413000	     53606	800072c4	02bce933	rem	x18,x25,x11	 x25:0x00000000 x11:0x00000000 x18=0x00000000
      107435000	     53617	800072c8	02f70233	mul	x4,x14,x15	 x14:0x00000004 x15:0x00000170  x4=0x000005c0
      107437000	     53618	800072cc	00006033	or	x0,x0,x0	  x0:0x00000000  x0:0x00000000  x0=0x00000000
      107493000	     53646	800072d0	e770c613	xori	x12,x1,-393	  x1:0x00000010 x12=0xfffffe67
      107509000	     53654	800072d4	340c9173	csrrw	x2,mscratch,x25	 x25:0x00000000  x2=0x0000001a
      107517000	     53658	800072d8	9c6a	c.add	x24,x26	 x24:0x0000ae23 x26:0x00000000 x24=0x0000ae23
      107557000	     53678	800072da	016a15b3	sll	x11,x20,x22	 x20:0x00065221 x22:0xfffffcdb x11=0x08000000
      107565000	     53682	800072de	0153ed33	or	x26,x7,x21	  x7:0xfffffe1f x21:0x00000000 x26=0xfffffe1f
      107617000	     53708	800072e2	efab3117	auipc	x2,0xefab3	  x2=0x6faba2e2
      107619000	     53709	800072e6	8972	c.mv	x18,x28	  x0:0x00000000 x28:0x00000001 x18=0x00000001
      107631000	     53715	800072e8	fcc10693	addi	x13,x2,-52	  x2:0x6faba2e2 x13=0x6faba2ae
      107673000	     53736	800072ec	0001	c.addi	x0,0	  x0:0x00000000  x0=0x00000000
      107675000	     53737	800072ee	31ddb113	sltiu	x2,x27,797	 x27:0x00000010  x2=0x00000001
      107713000	     53756	800072f2	00caed33	or	x26,x21,x12	 x21:0x00000000 x12:0xfffffe67 x26=0xfffffe67
      107717000	     53758	800072f6	007c1833	sll	x16,x24,x7	 x24:0x0000ae23  x7:0xfffffe1f x16=0x80000000
      107719000	     53759	800072fa	8f89	c.sub	x15,x10	 x15:0x00000170 x10:0x00000010 x15=0x00000160
      107721000	     53760	800072fc	8ced	c.and	x9,x11	  x9:0x00002000 x11:0x08000000  x9=0x00000000
      107723000	     53761	800072fe	4659	c.li	x12,22	 x12=0x00000016
      107747000	     53773	80007300	340f30f3	csrrc	x1,mscratch,x30	 x30:0x00000001  x1=0x00000000
      107749000	     53774	80007304	0248f663	bgeu	x17,x4,80007330	 x17:0xffffffff  x4:0x000005c0  x0=0x00000000
      107775000	     53787	80007308	001c4263	blt	x24,x1,8000730c	 x24:0x0000ae23  x1:0x00000000  x0=0x00000000
      107821000	     53810	8000730c	03eb33b3	mulhu	x7,x22,x30	 x22:0xfffffcdb x30:0x00000001  x7=0x00000000
      107823000	     53811	80007310	d8203a93	sltiu	x21,x0,-638	  x0:0x00000000 x21=0x00000001
      107825000	     53812	80007314	cb0d	c.beqz	x14,80007346	 x14:0x00000004
      107827000	     53813	80007316	9196	c.add	x3,x5	  x3:0x0000001a  x5:0x8001add4  x3=0x8001adee
      107837000	     53818	80007318	00c25a63	bge	x4,x12,8000732c	  x4:0x000005c0 x12:0x00000016  x0=0x00000000
      107839000	     53819	8000731c	340f9c73	csrrw	x24,mscratch,x31	 x31:0x00006010 x24=0x00000000
      107859000	     53829	80007320	01429733	sll	x14,x5,x20	  x5:0x8001add4 x20:0x00065221 x14=0x00035ba8
      107861000	     53830	80007324	9afd	c.andi	x13,-1	 x13:0x6faba2ae x13=0x6faba2ae
      107863000	     53831	80007326	8215	c.srli	x12,0x5	 x12:0x00000016 x12=0x00000000
      107865000	     53832	80007328	3403adf3	csrrs	x27,mscratch,x7	  x7:0x00000000 x27=0x00006010
      107879000	     53839	8000732c	340a14f3	csrrw	x9,mscratch,x20	 x20:0x00065221  x9=0x00006010
      107887000	     53843	80007330	e91bfe93	andi	x29,x23,-367	 x23:0x00000001 x29=0x00000001
      107889000	     53844	80007334	038ce763	bltu	x25,x24,80007362	 x25:0x00000000 x24:0x00000000  x0=0x00000000
      107971000	     53885	80007338	0374feb3	remu	x29,x9,x23	  x9:0x00006010 x23:0x00000001 x29=0x00000000
      107979000	     53889	8000733c	03c825b3	mulhsu	x11,x16,x28	 x16:0x80000000 x28:0x00000001 x11=0xffffffff
      108053000	     53926	80007340	02f954b3	divu	x9,x18,x15	 x18:0x00000001 x15:0x00000160  x9=0x00000000
      108055000	     53927	80007344	40f1	c.li	x1,28	  x1=0x0000001c
      108057000	     53928	80007346	6745	c.lui	x14,0x11	 x14=0x00011000
      108059000	     53929	80007348	340cbd73	csrrc	x26,mscratch,x25	 x25:0x00000000 x26=0x00065221
      108061000	     53930	8000734c	332e8413	addi	x8,x29,818	 x29:0x00000000  x8=0x00000332
      108109000	     53954	80007350	03211133	mulh	x2,x2,x18	  x2:0x00000001 x18:0x00000001  x2=0x00000000
      108129000	     53964	80007354	86b9	c.srai	x13,0xe	 x13:0x6faba2ae x13=0x0001beae
      108131000	     53965	80007356	14fd	c.addi	x9,-1	  x9:0x00000000  x9=0xffffffff
      108135000	     53967	80007358	ec95	c.bnez	x9,80007394	  x9:0xffffffff
      108175000	     53987	80007394	3df12613	slti	x12,x2,991	  x2:0x00000000 x12=0x00000001
      108193000	     53996	80007398	826e	c.mv	x4,x27	  x0:0x00000000 x27:0x00006010  x4=0x00006010
      108211000	     54005	8000739a	9c068517	auipc	x10,0x9c068	 x10=0x1c06f39a
      108285000	     54042	8000739e	02cff033	remu	x0,x31,x12	 x31:0x00006010 x12:0x00000001  x0=0x00000000
      108287000	     54043	800073a2	13fd	c.addi	x7,-1	  x7:0x00000000  x7=0xffffffff
      108289000	     54044	800073a4	01621593	slli	x11,x4,0x16	  x4:0x00006010 x11=0x04000000
      108295000	     54047	800073a8	c8d52f13	slti	x30,x10,-883	 x10:0x1c06f39a x30=0x00000000
      108311000	     54055	800073ac	0ff0000f	fence	iorwiorwiorwiorwiorwiorwiorwiorwiorwiorwiorwiorwiorwiorwiorwiorwiorwiorwiorwiorwiorwiorwiorwiorwiorwiorwiorwiorwiorwiorwiorwiorwiorwiorwiorwiorwiorwiorwiorwiorwiorwiorwiorwiorwiorwiorwiorwiorwiorwiorwiorwiorwiorwiorwiorwiorwiorwiorwiorwiorwiorwiorwiorwiorwiorwiorwiorwiorwiorwiorwiorwiorwiorwiorwiorwiorwiorwiorwiorwiorwiorwiorwiorwiorwiorwiorwiorwiorwiorwiorwiorwiorwiorwiorwiorwiorwiorwiorwiorwiorwiorwiorwiorwiorwiorwiorwiorwiorwiorwiorwiorwiorwiorwiorwiorwiorwiorwiorwiorwiorwiorwiorwiorwiorwiorwiorwiorwiorwiorwiorwiorwiorwiorwiorwiorwiorwiorwiorwiorwiorwiorwiorwiorwiorwiorwiorwiorwiorwiorwiorwiorwiorwiorwiorwiorwiorwiorwiorwiorwiorwiorwiorwiorw,iorwiorwiorwiorwiorwiorwiorwiorwiorwiorwiorwiorwiorwiorwiorwiorwiorwiorwiorwiorwiorwiorwiorwiorwiorwiorwiorwiorwiorwiorwiorwiorwiorwiorwiorwiorwiorwiorwiorwiorwiorwiorwiorwiorwiorwiorwiorwiorwiorwiorwiorwiorwiorwiorwiorwiorwiorwiorwiorwiorwiorwiorwiorwiorwiorwiorwiorwiorwiorwiorwiorwiorwiorwiorwiorwiorwiorwiorwiorwiorwiorwiorwiorwiorwiorwiorwiorwiorwiorwiorwiorwiorwiorwiorwiorwiorwiorwiorwiorwiorwiorwiorwiorwiorwiorwiorwiorwiorwiorwiorwiorwiorwiorwiorwiorwiorwiorwiorwiorwiorwiorwiorwiorwiorwiorwiorwiorwiorwiorwiorwiorwiorwiorwiorwiorwiorwiorwiorwiorwiorwiorwiorwiorwiorwiorwiorwiorwiorwiorwiorwiorwiorwiorwiorwiorwiorwiorwiorwiorwiorwiorwiorwiorwiorw	
      108313000	     54056	800073b0	01417733	and	x14,x2,x20	  x2:0x00000000 x20:0x00065221 x14=0x00000000
      108335000	     54067	800073b4	40cc5633	sra	x12,x24,x12	 x24:0x00000000 x12:0x00000001 x12=0x00000000
      108353000	     54076	800073b8	036326b3	mulhsu	x13,x6,x22	  x6:0x00000000 x22:0xfffffcdb x13=0x00000000
      108365000	     54082	800073bc	01c555b3	srl	x11,x10,x28	 x10:0x1c06f39a x28:0x00000001 x11=0x0e0379cd
      108373000	     54086	800073c0	03031cb3	mulh	x25,x6,x16	  x6:0x00000000 x16:0x80000000 x25=0x00000000
      108399000	     54099	800073c4	0060ecb3	or	x25,x1,x6	  x1:0x0000001c  x6:0x00000000 x25=0x0000001c
      108435000	     54117	800073c8	61a5	c.lui	x3,0x9	  x3=0x00009000
      108437000	     54118	800073ca	40725e93	srai	x29,x4,0x7	  x4:0x00006010 x29=0x000000c0
      108453000	     54126	800073ce	34099473	csrrw	x8,mscratch,x19	 x19:0x8001ee7c  x8=0x00065221
      108477000	     54138	800073d2	02ad8b33	mul	x22,x27,x10	 x27:0x00006010 x10:0x1c06f39a x22=0x5bc8f9a0
      108479000	     54139	800073d6	ecf9f697	auipc	x13,0xecf9f	 x13=0x6cfa63d6
      108481000	     54140	800073da	6151	c.addi16sp	x2,272	  x2:0x00000000  x2=0x00000110
      108487000	     54143	800073dc	01c39f93	slli	x31,x7,0x1c	  x7:0xffffffff x31=0xf0000000
      108515000	     54157	800073e0	8f81	c.sub	x15,x8	 x15:0x00000160  x8:0x00065221 x15=0xfff9af3f
      108517000	     54158	800073e2	0001	c.addi	x0,0	  x0:0x00000000  x0=0x00000000
      108525000	     54162	800073e4	0207a633	mulhsu	x12,x15,x0	 x15:0xfff9af3f  x0:0x00000000 x12=0x00000000
      108539000	     54169	800073e8	0001	c.addi	x0,0	  x0:0x00000000  x0=0x00000000
      108581000	     54190	800073ea	1c3aaf13	slti	x30,x21,451	 x21:0x00000001 x30=0x00000001
      108583000	     54191	800073ee	41cd5593	srai	x11,x26,0x1c	 x26:0x00065221 x11=0x00000000
      108585000	     54192	800073f2	8cdd	c.or	x9,x15	  x9:0xffffffff x15:0xfff9af3f  x9=0xffffffff
      108607000	     54203	800073f4	03598f63	beq	x19,x21,80007432	 x19:0x8001ee7c x21:0x00000001  x0=0x00000000
      108609000	     54204	800073f8	e1cf3513	sltiu	x10,x30,-484	 x30:0x00000001 x10=0x00000001
      108633000	     54216	800073fc	7d464c37	lui	x24,0x7d464	 x24=0x7d464000
      108733000	     54266	80007400	02f4eeb3	rem	x29,x9,x15	  x9:0xffffffff x15:0xfff9af3f x29=0xffffffff
      108735000	     54267	80007404	00623133	sltu	x2,x4,x6	  x4:0x00006010  x6:0x00000000  x2=0x00000000
      108737000	     54268	80007408	028ff763	bgeu	x31,x8,80007436	 x31:0xf0000000  x8:0x00065221  x0=0x00000000
      108741000	     54270	8000740c	0080cf63	blt	x1,x8,8000742a	  x1:0x0000001c  x8:0x00065221  x0=0x00000000
      108845000	     54322	8000742a	02f98e33	mul	x28,x19,x15	 x19:0x8001ee7c x15:0xfff9af3f x28=0x4d1c7484
      108847000	     54323	8000742e	4017d413	srai	x8,x15,0x1	 x15:0xfff9af3f  x8=0xfffcd79f
      108865000	     54332	80007432	01618663	beq	x3,x22,8000743e	  x3:0x00009000 x22:0x5bc8f9a0  x0=0x00000000
      108879000	     54339	80007436	01f4e933	or	x18,x9,x31	  x9:0xffffffff x31:0xf0000000 x18=0xffffffff
      108921000	     54360	8000743a	02e9d763	bge	x19,x14,80007468	 x19:0x8001ee7c x14:0x00000000  x0=0x00000000
      108923000	     54361	8000743e	34041c73	csrrw	x24,mscratch,x8	  x8:0xfffcd79f x24=0x8001ee7c
      108945000	     54372	80007442	00561413	slli	x8,x12,0x5	 x12:0x00000000  x8=0x00000000
      108967000	     54383	80007446	e9fb2a93	slti	x21,x22,-353	 x22:0x5bc8f9a0 x21=0x00000000
      108969000	     54384	8000744a	e189	c.bnez	x11,8000744c	 x11:0x00000000
      108975000	     54387	8000744c	02e44063	blt	x8,x14,8000746c	  x8:0x00000000 x14:0x00000000  x0=0x00000000
      108977000	     54388	80007450	8c3d	c.xor	x8,x15	  x8:0x00000000 x15:0xfff9af3f  x8=0xfff9af3f
      108987000	     54393	80007452	01327433	and	x8,x4,x19	  x4:0x00006010 x19:0x8001ee7c  x8=0x00006010
      109019000	     54409	80007456	01851a33	sll	x20,x10,x24	 x10:0x00000001 x24:0x8001ee7c x20=0x10000000
      109021000	     54410	8000745a	0591	c.addi	x11,4	 x11:0x00000000 x11=0x00000004
      109031000	     54415	8000745c	05d89463	bne	x17,x29,800074a4	 x17:0xffffffff x29:0xffffffff  x0=0x00000000
      109049000	     54424	80007460	017ef433	and	x8,x29,x23	 x29:0xffffffff x23:0x00000001  x8=0x00000001
      109135000	     54467	80007464	038c60b3	rem	x1,x24,x24	 x24:0x8001ee7c x24:0x8001ee7c  x1=0x00000000
      109143000	     54471	80007468	02d6b233	mulhu	x4,x13,x13	 x13:0x6cfa63d6 x13:0x6cfa63d6  x4=0x2e643923
      109145000	     54472	8000746c	0d5b4493	xori	x9,x22,213	 x22:0x5bc8f9a0  x9=0x5bc8f975
      109147000	     54473	80007470	8da1	c.xor	x11,x8	 x11:0x00000004  x8:0x00000001 x11=0x00000005
      109159000	     54479	80007472	d338a413	slti	x8,x17,-717	 x17:0xffffffff  x8=0x00000000
      109161000	     54480	80007476	00099bb3	sll	x23,x19,x0	 x19:0x8001ee7c  x0:0x00000000 x23=0x8001ee7c
      109219000	     54509	8000747a	004143b3	xor	x7,x2,x4	  x2:0x00000000  x4:0x2e643923  x7=0x2e643923
      109221000	     54510	8000747e	fc5aea93	ori	x21,x21,-59	 x21:0x00000000 x21=0xffffffc5
      109247000	     54523	80007482	2c243093	sltiu	x1,x8,706	  x8:0x00000000  x1=0x00000001
      109267000	     54533	80007486	16356613	ori	x12,x10,355	 x10:0x00000001 x12=0x00000163
      109305000	     54552	8000748a	ff7a26b7	lui	x13,0xff7a2	 x13=0xff7a2000
      109307000	     54553	8000748e	8231	c.srli	x12,0xc	 x12:0x00000163 x12=0x00000000
      109309000	     54554	80007490	0001	c.addi	x0,0	  x0:0x00000000  x0=0x00000000
      109353000	     54576	80007492	01563bb3	sltu	x23,x12,x21	 x12:0x00000000 x21:0xffffffc5 x23=0x00000001
      109355000	     54577	80007496	01dbc533	xor	x10,x23,x29	 x23:0x00000001 x29:0xffffffff x10=0xfffffffe
      109393000	     54596	8000749a	038a86b3	mul	x13,x21,x24	 x21:0xffffffc5 x24:0x8001ee7c x13=0x7f8e096c
      109433000	     54616	8000749e	04269163	bne	x13,x2,800074e0	 x13:0x7f8e096c  x2:0x00000000  x0=0x00000000
      109449000	     54624	800074e0	fb6fe613	ori	x12,x31,-74	 x31:0xf0000000 x12=0xffffffb6
      109471000	     54635	800074e4	8f85	c.sub	x15,x9	 x15:0xfff9af3f  x9:0x5bc8f975 x15=0xa430b5ca
      109505000	     54652	800074e6	022afd93	andi	x27,x21,34	 x21:0xffffffc5 x27=0x00000000
      109507000	     54653	800074ea	050c	c.addi4spn	x11,x2,640	 x11=0x00000280
      109581000	     54690	800074ec	03de47b3	div	x15,x28,x29	 x28:0x4d1c7484 x29:0xffffffff x15=0xb2e38b7c
      109583000	     54691	800074f0	010a5733	srl	x14,x20,x16	 x20:0x10000000 x16:0x80000000 x14=0x10000000
      109585000	     54692	800074f4	00805813	srli	x16,x0,0x8	  x0:0x00000000 x16=0x00000000
      109587000	     54693	800074f8	6e216a37	lui	x20,0x6e216	 x20=0x6e216000
      109637000	     54718	800074fc	022a1433	mulh	x8,x20,x2	 x20:0x6e216000  x2:0x00000000  x8=0x00000000
      109639000	     54719	80007500	0779	c.addi	x14,30	 x14:0x10000000 x14=0x1000001e
      109641000	     54720	80007502	4ff5	c.li	x31,29	 x31=0x0000001d
      109653000	     54726	80007504	118c	c.addi4spn	x11,x2,224	 x11=0x000000e0
      109669000	     54734	80007506	03cd8633	mul	x12,x27,x28	 x27:0x00000000 x28:0x4d1c7484 x12=0x00000000
      109697000	     54748	8000750a	035195b3	mulh	x11,x3,x21	  x3:0x00009000 x21:0xffffffc5 x11=0xffffffff
      109699000	     54749	8000750e	0001	c.addi	x0,0	  x0:0x00000000  x0=0x00000000
      109701000	     54750	80007510	3404bdf3	csrrc	x27,mscratch,x9	  x9:0x5bc8f975 x27=0xfffcd79f
      109757000	     54778	80007514	01ea2cb3	slt	x25,x20,x30	 x20:0x6e216000 x30:0x00000001 x25=0x00000000
      109775000	     54787	80007518	b78a2437	lui	x8,0xb78a2	  x8=0xb78a2000
      109781000	     54790	8000751c	0ff0000f	fence	iorwiorwiorwiorwiorwiorwiorwiorwiorwiorwiorwiorwiorwiorwiorwiorwiorwiorwiorwiorwiorwiorwiorwiorwiorwiorwiorwiorwiorwiorwiorwiorwiorwiorwiorwiorwiorwiorwiorwiorwiorwiorwiorwiorwiorwiorwiorwiorwiorwiorwiorwiorwiorwiorwiorwiorwiorwiorwiorwiorwiorwiorwiorwiorwiorwiorwiorwiorwiorwiorwiorwiorwiorwiorwiorwiorwiorwiorwiorwiorwiorwiorwiorwiorwiorwiorwiorwiorwiorwiorwiorwiorwiorwiorwiorwiorwiorwiorwiorwiorwiorwiorwiorwiorwiorwiorwiorwiorwiorwiorwiorwiorwiorwiorwiorwiorwiorwiorwiorwiorwiorwiorwiorwiorwiorwiorwiorwiorwiorwiorwiorwiorwiorwiorwiorwiorwiorwiorwiorwiorwiorwiorwiorwiorwiorwiorwiorwiorwiorwiorwiorwiorwiorwiorwiorwiorwiorwiorwiorwiorwiorwiorwiorwiorwiorw,iorwiorwiorwiorwiorwiorwiorwiorwiorwiorwiorwiorwiorwiorwiorwiorwiorwiorwiorwiorwiorwiorwiorwiorwiorwiorwiorwiorwiorwiorwiorwiorwiorwiorwiorwiorwiorwiorwiorwiorwiorwiorwiorwiorwiorwiorwiorwiorwiorwiorwiorwiorwiorwiorwiorwiorwiorwiorwiorwiorwiorwiorwiorwiorwiorwiorwiorwiorwiorwiorwiorwiorwiorwiorwiorwiorwiorwiorwiorwiorwiorwiorwiorwiorwiorwiorwiorwiorwiorwiorwiorwiorwiorwiorwiorwiorwiorwiorwiorwiorwiorwiorwiorwiorwiorwiorwiorwiorwiorwiorwiorwiorwiorwiorwiorwiorwiorwiorwiorwiorwiorwiorwiorwiorwiorwiorwiorwiorwiorwiorwiorwiorwiorwiorwiorwiorwiorwiorwiorwiorwiorwiorwiorwiorwiorwiorwiorwiorwiorwiorwiorwiorwiorwiorwiorwiorwiorwiorwiorwiorwiorwiorwiorwiorwiorwiorw	
      109791000	     54795	80007520	01657133	and	x2,x10,x22	 x10:0xfffffffe x22:0x5bc8f9a0  x2=0x5bc8f9a0
      109793000	     54796	80007524	012a8f33	add	x30,x21,x18	 x21:0xffffffc5 x18:0xffffffff x30=0xffffffc4
      109799000	     54799	80007528	01d8e813	ori	x16,x17,29	 x17:0xffffffff x16=0xffffffff
      109821000	     54810	8000752c	34019c73	csrrw	x24,mscratch,x3	  x3:0x00009000 x24=0xa434068a
      109883000	     54841	80007530	03620463	beq	x4,x22,80007558	  x4:0x2e643923 x22:0x5bc8f9a0  x0=0x00000000
      109885000	     54842	80007534	0001	c.addi	x0,0	  x0:0x00000000  x0=0x00000000
      109887000	     54843	80007536	0001	c.addi	x0,0	  x0:0x00000000  x0=0x00000000
      109895000	     54847	80007538	84fd	c.srai	x9,0x1f	  x9:0x5bc8f975  x9=0x00000000
      109905000	     54852	8000753a	017623b3	slt	x7,x12,x23	 x12:0x00000000 x23:0x00000001  x7=0x00000001
      109925000	     54862	8000753e	38cc7213	andi	x4,x24,908	 x24:0xa434068a  x4=0x00000288
      109927000	     54863	80007542	8e6e	c.mv	x28,x27	  x0:0x00000000 x27:0xfffcd79f x28=0xfffcd79f
      109929000	     54864	80007544	8049	c.srli	x8,0x12	  x8:0xb78a2000  x8=0x00002de2
      109935000	     54867	80007546	021e0eb3	mul	x29,x28,x1	 x28:0xfffcd79f  x1:0x00000001 x29=0xfffcd79f
      109937000	     54868	8000754a	11d93193	sltiu	x3,x18,285	 x18:0xffffffff  x3=0x00000000
      109961000	     54880	8000754e	03d2b533	mulhu	x10,x5,x29	  x5:0x8001add4 x29:0xfffcd79f x10=0x8000199e
      109963000	     54881	80007552	8835	c.andi	x8,13	  x8:0x00002de2  x8=0x00000000
      110009000	     54904	80007554	3407e0f3	csrrsi	x1,mscratch,15	  x1=0x00009000
      110013000	     54906	80007558	014ec863	blt	x29,x20,80007568	 x29:0xfffcd79f x20:0x6e216000  x0=0x00000000
      110073000	     54936	80007568	34056573	csrrsi	x10,mscratch,10	 x10=0x0000900f
      110091000	     54945	8000756c	1dc8f393	andi	x7,x17,476	 x17:0xffffffff  x7=0x000001dc
      110093000	     54946	80007570	c20acf93	xori	x31,x21,-992	 x21:0xffffffc5 x31=0x000003e5
      110167000	     54983	80007574	03844633	div	x12,x8,x24	  x8:0x00000000 x24:0xa434068a x12=0x00000000
      110169000	     54984	80007578	4f61	c.li	x30,24	 x30=0x00000018
      110171000	     54985	8000757a	01d8d463	bge	x17,x29,80007582	 x17:0xffffffff x29:0xfffcd79f  x0=0x00000000
      110173000	     54986	8000757e	00c5b5b3	sltu	x11,x11,x12	 x11:0xffffffff x12:0x00000000 x11=0x00000000
      110177000	     54988	80007582	00a51f93	slli	x31,x10,0xa	 x10:0x0000900f x31=0x02403c00
      110179000	     54989	80007586	93d6	c.add	x7,x21	  x7:0x000001dc x21:0xffffffc5  x7=0x000001a1
      110211000	     55005	80007588	cf85	c.beqz	x15,800075c0	 x15:0xb2e38b7c
      110229000	     55014	8000758a	0cf34393	xori	x7,x6,207	  x6:0x00000000  x7=0x000000cf
      110267000	     55033	8000758e	02af9fb3	mulh	x31,x31,x10	 x31:0x02403c00 x10:0x0000900f x31=0x00000144
      110269000	     55034	80007592	0ff0000f	fence	iorwiorwiorwiorwiorwiorwiorwiorwiorwiorwiorwiorwiorwiorwiorwiorwiorwiorwiorwiorwiorwiorwiorwiorwiorwiorwiorwiorwiorwiorwiorwiorwiorwiorwiorwiorwiorwiorwiorwiorwiorwiorwiorwiorwiorwiorwiorwiorwiorwiorwiorwiorwiorwiorwiorwiorwiorwiorwiorwiorwiorwiorwiorwiorwiorwiorwiorwiorwiorwiorwiorwiorwiorwiorwiorwiorwiorwiorwiorwiorwiorwiorwiorwiorwiorwiorwiorwiorwiorwiorwiorwiorwiorwiorwiorwiorwiorwiorwiorwiorwiorwiorwiorwiorwiorwiorwiorwiorwiorwiorwiorwiorwiorwiorwiorwiorwiorwiorwiorwiorwiorwiorwiorwiorwiorwiorwiorwiorwiorwiorwiorwiorwiorwiorwiorwiorwiorwiorwiorwiorwiorwiorwiorwiorwiorwiorwiorwiorwiorwiorwiorwiorwiorwiorwiorwiorwiorwiorwiorwiorwiorwiorwiorwiorwiorwiorwiorw,iorwiorwiorwiorwiorwiorwiorwiorwiorwiorwiorwiorwiorwiorwiorwiorwiorwiorwiorwiorwiorwiorwiorwiorwiorwiorwiorwiorwiorwiorwiorwiorwiorwiorwiorwiorwiorwiorwiorwiorwiorwiorwiorwiorwiorwiorwiorwiorwiorwiorwiorwiorwiorwiorwiorwiorwiorwiorwiorwiorwiorwiorwiorwiorwiorwiorwiorwiorwiorwiorwiorwiorwiorwiorwiorwiorwiorwiorwiorwiorwiorwiorwiorwiorwiorwiorwiorwiorwiorwiorwiorwiorwiorwiorwiorwiorwiorwiorwiorwiorwiorwiorwiorwiorwiorwiorwiorwiorwiorwiorwiorwiorwiorwiorwiorwiorwiorwiorwiorwiorwiorwiorwiorwiorwiorwiorwiorwiorwiorwiorwiorwiorwiorwiorwiorwiorwiorwiorwiorwiorwiorwiorwiorwiorwiorwiorwiorwiorwiorwiorwiorwiorwiorwiorwiorwiorwiorwiorwiorwiorwiorwiorwiorwiorwiorwiorwiorwiorw	
      110285000	     55042	80007596	cdc53893	sltiu	x17,x10,-804	 x10:0x0000900f x17=0x00000001
      110287000	     55043	8000759a	47b5	c.li	x15,13	 x15=0x0000000d
      110307000	     55053	8000759c	0001	c.addi	x0,0	  x0:0x00000000  x0=0x00000000
      110329000	     55064	8000759e	00525393	srli	x7,x4,0x5	  x4:0x00000288  x7=0x00000014
      110331000	     55065	800075a2	86c5	c.srai	x13,0x11	 x13:0x7f8e096c x13=0x00003fc7
      110343000	     55071	800075a4	0ff0000f	fence	iorwiorwiorwiorwiorwiorwiorwiorwiorwiorwiorwiorwiorwiorwiorwiorwiorwiorwiorwiorwiorwiorwiorwiorwiorwiorwiorwiorwiorwiorwiorwiorwiorwiorwiorwiorwiorwiorwiorwiorwiorwiorwiorwiorwiorwiorwiorwiorwiorwiorwiorwiorwiorwiorwiorwiorwiorwiorwiorwiorwiorwiorwiorwiorwiorwiorwiorwiorwiorwiorwiorwiorwiorwiorwiorwiorwiorwiorwiorwiorwiorwiorwiorwiorwiorwiorwiorwiorwiorwiorwiorwiorwiorwiorwiorwiorwiorwiorwiorwiorwiorwiorwiorwiorwiorwiorwiorwiorwiorwiorwiorwiorwiorwiorwiorwiorwiorwiorwiorwiorwiorwiorwiorwiorwiorwiorwiorwiorwiorwiorwiorwiorwiorwiorwiorwiorwiorwiorwiorwiorwiorwiorwiorwiorwiorwiorwiorwiorwiorwiorwiorwiorwiorwiorwiorwiorwiorwiorwiorwiorwiorwiorwiorwiorwiorwiorwiorwiorwiorw,iorwiorwiorwiorwiorwiorwiorwiorwiorwiorwiorwiorwiorwiorwiorwiorwiorwiorwiorwiorwiorwiorwiorwiorwiorwiorwiorwiorwiorwiorwiorwiorwiorwiorwiorwiorwiorwiorwiorwiorwiorwiorwiorwiorwiorwiorwiorwiorwiorwiorwiorwiorwiorwiorwiorwiorwiorwiorwiorwiorwiorwiorwiorwiorwiorwiorwiorwiorwiorwiorwiorwiorwiorwiorwiorwiorwiorwiorwiorwiorwiorwiorwiorwiorwiorwiorwiorwiorwiorwiorwiorwiorwiorwiorwiorwiorwiorwiorwiorwiorwiorwiorwiorwiorwiorwiorwiorwiorwiorwiorwiorwiorwiorwiorwiorwiorwiorwiorwiorwiorwiorwiorwiorwiorwiorwiorwiorwiorwiorwiorwiorwiorwiorwiorwiorwiorwiorwiorwiorwiorwiorwiorwiorwiorwiorwiorwiorwiorwiorwiorwiorwiorwiorwiorwiorwiorwiorwiorwiorwiorwiorwiorwiorwiorwiorwiorwiorwiorwiorwiorw	
      110353000	     55076	800075a8	8cf1	c.and	x9,x12	  x9:0x00000000 x12:0x00000000  x9=0x00000000
      110355000	     55077	800075aa	90ae	c.add	x1,x11	  x1:0x00009000 x11:0x00000000  x1=0x00009000
      110377000	     55088	800075ac	0062deb3	srl	x29,x5,x6	  x5:0x8001add4  x6:0x00000000 x29=0x8001add4
      110435000	     55117	800075b0	02313eb3	mulhu	x29,x2,x3	  x2:0x5bc8f9a0  x3:0x00000000 x29=0x00000000
      110437000	     55118	800075b4	859d	c.srai	x11,0x7	 x11:0x00000000 x11=0x00000000
      110439000	     55119	800075b6	8589	c.srai	x11,0x2	 x11:0x00000000 x11=0x00000000
      110451000	     55125	800075b8	00725cb3	srl	x25,x4,x7	  x4:0x00000288  x7:0x00000014 x25=0x00000000
      110457000	     55128	800075bc	03dbec33	rem	x24,x23,x29	 x23:0x00000001 x29:0x00000000 x24=0x00000001
      110477000	     55138	800075c0	61b9	c.lui	x3,0xe	  x3=0x0000e000
      110479000	     55139	800075c2	0001	c.addi	x0,0	  x0:0x00000000  x0=0x00000000
      110509000	     55154	800075c4	01669ab3	sll	x21,x13,x22	 x13:0x00003fc7 x22:0x5bc8f9a0 x21=0x00003fc7
      110517000	     55158	800075c8	4160d393	srai	x7,x1,0x16	  x1:0x00009000  x7=0x00000000
      110543000	     55171	800075cc	00058ab3	add	x21,x11,x0	 x11:0x00000000  x0:0x00000000 x21=0x00000000
      110561000	     55180	800075d0	0204d563	bge	x9,x0,800075fa	  x9:0x00000000  x0:0x00000000  x0=0x00000000
      110607000	     55203	800075fa	340e51f3	csrrwi	x3,mscratch,28	  x3=0x0000900f
      110611000	     55205	800075fe	0202cbb3	div	x23,x5,x0	  x5:0x8001add4  x0:0x00000000 x23=0xffffffff
      110645000	     55222	80007602	0152d263	bge	x5,x21,80007606	  x5:0x8001add4 x21:0x00000000  x0=0x00000000
      110647000	     55223	80007606	076a	c.slli	x14,0x1a	 x14:0x1000001e x14=0x78000000
      110655000	     55227	80007608	8ee5	c.and	x13,x9	 x13:0x00003fc7  x9:0x00000000 x13=0x00000000
      110667000	     55233	8000760a	03d44563	blt	x8,x29,80007634	  x8:0x00000000 x29:0x00000000  x0=0x00000000
      110709000	     55254	8000760e	340410f3	csrrw	x1,mscratch,x8	  x8:0x00000000  x1=0x0000001c
      110787000	     55293	80007612	03a26fb3	rem	x31,x4,x26	  x4:0x00000288 x26:0x00065221 x31=0x00000288
      110789000	     55294	80007616	8e49	c.or	x12,x10	 x12:0x00000000 x10:0x0000900f x12=0x0000900f
      110791000	     55295	80007618	8d4d	c.or	x10,x11	 x10:0x0000900f x11:0x00000000 x10=0x0000900f
      110865000	     55332	8000761a	02125033	divu	x0,x4,x1	  x4:0x00000288  x1:0x0000001c  x0=0x00000000
      110867000	     55333	8000761e	03be6d63	bltu	x28,x27,80007658	 x28:0xfffcd79f x27:0xfffcd79f  x0=0x00000000
      110869000	     55334	80007622	0b46	c.slli	x22,0x11	 x22:0x5bc8f9a0 x22=0xf3400000
      110871000	     55335	80007624	8c65	c.and	x8,x9	  x8:0x00000000  x9:0x00000000  x8=0x00000000
      110873000	     55336	80007626	8ee9	c.and	x13,x10	 x13:0x00000000 x10:0x0000900f x13=0x00000000
      110893000	     55346	80007628	012fc7b3	xor	x15,x31,x18	 x31:0x00000288 x18:0xffffffff x15=0xfffffd77
      110897000	     55348	8000762c	f1b9e413	ori	x8,x19,-229	 x19:0x8001ee7c  x8=0xffffff7f
      110913000	     55356	80007630	00fcd733	srl	x14,x25,x15	 x25:0x00000000 x15:0xfffffd77 x14=0x00000000
      110915000	     55357	80007634	34035273	csrrwi	x4,mscratch,6	  x4=0x00000000
      110933000	     55366	80007638	6769	c.lui	x14,0x1a	 x14=0x0001a000
      110935000	     55367	8000763a	02fc7863	bgeu	x24,x15,8000766a	 x24:0x00000001 x15:0xfffffd77  x0=0x00000000
      110937000	     55368	8000763e	8c35	c.xor	x8,x13	  x8:0xffffff7f x13:0x00000000  x8=0xffffff7f
      110957000	     55378	80007640	029185b3	mul	x11,x3,x9	  x3:0x0000900f  x9:0x00000000 x11=0x00000000
      111001000	     55400	80007644	0ff0000f	fence	iorwiorwiorwiorwiorwiorwiorwiorwiorwiorwiorwiorwiorwiorwiorwiorwiorwiorwiorwiorwiorwiorwiorwiorwiorwiorwiorwiorwiorwiorwiorwiorwiorwiorwiorwiorwiorwiorwiorwiorwiorwiorwiorwiorwiorwiorwiorwiorwiorwiorwiorwiorwiorwiorwiorwiorwiorwiorwiorwiorwiorwiorwiorwiorwiorwiorwiorwiorwiorwiorwiorwiorwiorwiorwiorwiorwiorwiorwiorwiorwiorwiorwiorwiorwiorwiorwiorwiorwiorwiorwiorwiorwiorwiorwiorwiorwiorwiorwiorwiorwiorwiorwiorwiorwiorwiorwiorwiorwiorwiorwiorwiorwiorwiorwiorwiorwiorwiorwiorwiorwiorwiorwiorwiorwiorwiorwiorwiorwiorwiorwiorwiorwiorwiorwiorwiorwiorwiorwiorwiorwiorwiorwiorwiorwiorwiorwiorwiorwiorwiorwiorwiorwiorwiorwiorwiorwiorwiorwiorwiorwiorwiorwiorwiorwiorwiorwiorwiorwiorwiorwiorw,iorwiorwiorwiorwiorwiorwiorwiorwiorwiorwiorwiorwiorwiorwiorwiorwiorwiorwiorwiorwiorwiorwiorwiorwiorwiorwiorwiorwiorwiorwiorwiorwiorwiorwiorwiorwiorwiorwiorwiorwiorwiorwiorwiorwiorwiorwiorwiorwiorwiorwiorwiorwiorwiorwiorwiorwiorwiorwiorwiorwiorwiorwiorwiorwiorwiorwiorwiorwiorwiorwiorwiorwiorwiorwiorwiorwiorwiorwiorwiorwiorwiorwiorwiorwiorwiorwiorwiorwiorwiorwiorwiorwiorwiorwiorwiorwiorwiorwiorwiorwiorwiorwiorwiorwiorwiorwiorwiorwiorwiorwiorwiorwiorwiorwiorwiorwiorwiorwiorwiorwiorwiorwiorwiorwiorwiorwiorwiorwiorwiorwiorwiorwiorwiorwiorwiorwiorwiorwiorwiorwiorwiorwiorwiorwiorwiorwiorwiorwiorwiorwiorwiorwiorwiorwiorwiorwiorwiorwiorwiorwiorwiorwiorwiorwiorwiorwiorwiorwiorwiorwiorwiorw	
      111025000	     55412	80007648	00447233	and	x4,x8,x4	  x8:0xffffff7f  x4:0x00000000  x4=0x00000000
      111041000	     55420	8000764c	c1ae6913	ori	x18,x28,-998	 x28:0xfffcd79f x18=0xffffff9f
      111049000	     55424	80007650	02785363	bge	x16,x7,80007676	 x16:0xffffffff  x7:0x00000000  x0=0x00000000
      111071000	     55435	80007654	cb8a8093	addi	x1,x21,-840	 x21:0x00000000  x1=0xfffffcb8
      111093000	     55446	80007658	340b27f3	csrrs	x15,mscratch,x22	 x22:0xf3400000 x15=0x00000006
      111095000	     55447	8000765c	84a1	c.srai	x9,0x8	  x9:0x00000000  x9=0x00000000
      111097000	     55448	8000765e	5bfd	c.li	x23,-1	 x23=0xffffffff
      111109000	     55454	80007660	86ad	c.srai	x13,0xb	 x13:0x00000000 x13=0x00000000
      111111000	     55455	80007662	0001	c.addi	x0,0	  x0:0x00000000  x0=0x00000000
      111131000	     55465	80007664	8ef5	c.and	x13,x13	 x13:0x00000000 x13:0x00000000 x13=0x00000000
      111169000	     55484	80007666	f5d94093	xori	x1,x18,-163	 x18:0xffffff9f  x1=0x000000c2
      111171000	     55485	8000766a	0001	c.addi	x0,0	  x0:0x00000000  x0=0x00000000
      111173000	     55486	8000766c	03a2	c.slli	x7,0x8	  x7:0x00000000  x7=0x00000000
      111193000	     55496	8000766e	0046e233	or	x4,x13,x4	 x13:0x00000000  x4:0x00000000  x4=0x00000000
      111255000	     55527	80007672	340ef1f3	csrrci	x3,mscratch,29	  x3=0xf3400006
      111265000	     55532	80007676	03a81833	mulh	x16,x16,x26	 x16:0xffffffff x26:0x00065221 x16=0xffffffff
      111279000	     55539	8000767a	0ff0000f	fence	iorwiorwiorwiorwiorwiorwiorwiorwiorwiorwiorwiorwiorwiorwiorwiorwiorwiorwiorwiorwiorwiorwiorwiorwiorwiorwiorwiorwiorwiorwiorwiorwiorwiorwiorwiorwiorwiorwiorwiorwiorwiorwiorwiorwiorwiorwiorwiorwiorwiorwiorwiorwiorwiorwiorwiorwiorwiorwiorwiorwiorwiorwiorwiorwiorwiorwiorwiorwiorwiorwiorwiorwiorwiorwiorwiorwiorwiorwiorwiorwiorwiorwiorwiorwiorwiorwiorwiorwiorwiorwiorwiorwiorwiorwiorwiorwiorwiorwiorwiorwiorwiorwiorwiorwiorwiorwiorwiorwiorwiorwiorwiorwiorwiorwiorwiorwiorwiorwiorwiorwiorwiorwiorwiorwiorwiorwiorwiorwiorwiorwiorwiorwiorwiorwiorwiorwiorwiorwiorwiorwiorwiorwiorwiorwiorwiorwiorwiorwiorwiorwiorwiorwiorwiorwiorwiorwiorwiorwiorwiorwiorwiorwiorwiorwiorwiorwiorwiorwiorwiorwiorwiorwiorw,iorwiorwiorwiorwiorwiorwiorwiorwiorwiorwiorwiorwiorwiorwiorwiorwiorwiorwiorwiorwiorwiorwiorwiorwiorwiorwiorwiorwiorwiorwiorwiorwiorwiorwiorwiorwiorwiorwiorwiorwiorwiorwiorwiorwiorwiorwiorwiorwiorwiorwiorwiorwiorwiorwiorwiorwiorwiorwiorwiorwiorwiorwiorwiorwiorwiorwiorwiorwiorwiorwiorwiorwiorwiorwiorwiorwiorwiorwiorwiorwiorwiorwiorwiorwiorwiorwiorwiorwiorwiorwiorwiorwiorwiorwiorwiorwiorwiorwiorwiorwiorwiorwiorwiorwiorwiorwiorwiorwiorwiorwiorwiorwiorwiorwiorwiorwiorwiorwiorwiorwiorwiorwiorwiorwiorwiorwiorwiorwiorwiorwiorwiorwiorwiorwiorwiorwiorwiorwiorwiorwiorwiorwiorwiorwiorwiorwiorwiorwiorwiorwiorwiorwiorwiorwiorwiorwiorwiorwiorwiorwiorwiorwiorwiorwiorwiorwiorwiorwiorwiorwiorwiorwiorwiorw	
      111297000	     55548	8000767e	40d15793	srai	x15,x2,0xd	  x2:0x5bc8f9a0 x15=0x0002de47
      111341000	     55570	80007682	03b19363	bne	x3,x27,800076a8	  x3:0xf3400006 x27:0xfffcd79f  x0=0x00000000
      111403000	     55601	800076a8	41f2d813	srai	x16,x5,0x1f	  x5:0x8001add4 x16=0xffffffff
      111423000	     55611	800076ac	d3eedab7	lui	x21,0xd3eed	 x21=0xd3eed000
      111443000	     55621	800076b0	d098e413	ori	x8,x17,-759	 x17:0x00000001  x8=0xfffffd09
      111485000	     55642	800076b4	8fa9	c.xor	x15,x10	 x15:0x0002de47 x10:0x0000900f x15=0x00024e48
      111487000	     55643	800076b6	00b527b3	slt	x15,x10,x11	 x10:0x0000900f x11:0x00000000 x15=0x00000000
      111509000	     55654	800076ba	00999db3	sll	x27,x19,x9	 x19:0x8001ee7c  x9:0x00000000 x27=0x8001ee7c
      111511000	     55655	800076be	8d91	c.sub	x11,x12	 x11:0x00000000 x12:0x0000900f x11=0xffff6ff1
      111559000	     55679	800076c0	0185beb3	sltu	x29,x11,x24	 x11:0xffff6ff1 x24:0x00000001 x29=0x00000000
      111561000	     55680	800076c4	01eaacb3	slt	x25,x21,x30	 x21:0xd3eed000 x30:0x00000018 x25=0x00000001
      111617000	     55708	800076c8	f4e4a813	slti	x16,x9,-178	  x9:0x00000000 x16=0x00000000
      111619000	     55709	800076cc	1398	c.addi4spn	x14,x2,480	 x14=0x5bc8fb80
      111639000	     55719	800076ce	20fa8a93	addi	x21,x21,527	 x21:0xd3eed000 x21=0xd3eed20f
      111647000	     55723	800076d2	411f0ab3	sub	x21,x30,x17	 x30:0x00000018 x17:0x00000001 x21=0x00000017
      111649000	     55724	800076d6	31c16513	ori	x10,x2,796	  x2:0x5bc8f9a0 x10=0x5bc8fbbc
      111651000	     55725	800076da	991a	c.add	x18,x6	 x18:0xffffff9f  x6:0x00000000 x18=0xffffff9f
      111659000	     55729	800076dc	03542633	mulhsu	x12,x8,x21	  x8:0xfffffd09 x21:0x00000017 x12=0xffffffff
      111671000	     55735	800076e0	8ead	c.xor	x13,x11	 x13:0x00000000 x11:0xffff6ff1 x13=0xffff6ff1
      111673000	     55736	800076e2	83a5	c.srli	x15,0x9	 x15:0x00000000 x15=0x00000000
      111679000	     55739	800076e4	f0186693	ori	x13,x16,-255	 x16:0x00000000 x13=0xffffff01
      111763000	     55781	800076e8	025260b3	rem	x1,x4,x5	  x4:0x00000000  x5:0x8001add4  x1=0x00000000
      111765000	     55782	800076ec	0001	c.addi	x0,0	  x0:0x00000000  x0=0x00000000
      111767000	     55783	800076ee	0d08	c.addi4spn	x10,x2,656	 x10=0x5bc8fc30
      111771000	     55785	800076f0	03359363	bne	x11,x19,80007716	 x11:0xffff6ff1 x19:0x8001ee7c  x0=0x00000000
      111787000	     55793	80007716	0a9d3093	sltiu	x1,x26,169	 x26:0x00065221  x1=0x00000000
      111789000	     55794	8000771a	845e	c.mv	x8,x23	  x0:0x00000000 x23:0xffffffff  x8=0xffffffff
      111791000	     55795	8000771c	6d09	c.lui	x26,0x2	 x26=0x00002000
      111831000	     55815	8000771e	34041ff3	csrrw	x31,mscratch,x8	  x8:0xffffffff x31=0xf3400002
      111833000	     55816	80007722	c109	c.beqz	x10,80007724	 x10:0x5bc8fc30
      111835000	     55817	80007724	01463bb3	sltu	x23,x12,x20	 x12:0xffffffff x20:0x6e216000 x23=0x00000000
      111837000	     55818	80007728	001623b3	slt	x7,x12,x1	 x12:0xffffffff  x1:0x00000000  x7=0x00000001
      111897000	     55848	8000772c	1825b613	sltiu	x12,x11,386	 x11:0xffff6ff1 x12=0x00000000
      111939000	     55869	80007730	0e9a	c.slli	x29,0x6	 x29:0x00000000 x29=0x00000000
      111943000	     55871	80007732	e1a1	c.bnez	x11,80007772	 x11:0xffff6ff1
      111963000	     55881	80007772	01737cb3	and	x25,x6,x23	  x6:0x00000000 x23:0x00000000 x25=0x00000000
      111981000	     55890	80007776	340fd1f3	csrrwi	x3,mscratch,31	  x3=0xffffffff
      112043000	     55921	8000777a	dbdac613	xori	x12,x21,-579	 x21:0x00000017 x12=0xfffffdaa
      112045000	     55922	8000777e	390b2613	slti	x12,x22,912	 x22:0xf3400000 x12=0x00000001
      112071000	     55935	80007782	0289fe63	bgeu	x19,x8,800077be	 x19:0x8001ee7c  x8:0xffffffff  x0=0x00000000
      112073000	     55936	80007786	005736b3	sltu	x13,x14,x5	 x14:0x5bc8fb80  x5:0x8001add4 x13=0x00000001
      112095000	     55947	8000778a	013ed413	srli	x8,x29,0x13	 x29:0x00000000  x8=0x00000000
      112097000	     55948	8000778e	000f1593	slli	x11,x30,0x0	 x30:0x00000018 x11=0x00000018
      112119000	     55959	80007792	340973f3	csrrci	x7,mscratch,18	  x7=0x0000001f
      112139000	     55969	80007796	01196e63	bltu	x18,x17,800077b2	 x18:0xffffff9f x17:0x00000001  x0=0x00000000
      112141000	     55970	8000779a	8a36	c.mv	x20,x13	  x0:0x00000000 x13:0x00000001 x20=0x00000001
      112157000	     55978	8000779c	80e1	c.srli	x9,0x18	  x9:0x00000000  x9=0x00000000
      112165000	     55982	8000779e	340b1ef3	csrrw	x29,mscratch,x22	 x22:0xf3400000 x29=0x0000000d
      112173000	     55986	800077a2	03822933	mulhsu	x18,x4,x24	  x4:0x00000000 x24:0x00000001 x18=0x00000000
      112175000	     55987	800077a6	00b57db3	and	x27,x10,x11	 x10:0x5bc8fc30 x11:0x00000018 x27=0x00000010
      112177000	     55988	800077aa	5f7d	c.li	x30,-1	 x30=0xffffffff
      112179000	     55989	800077ac	01b9f633	and	x12,x19,x27	 x19:0x8001ee7c x27:0x00000010 x12=0x00000010
      112181000	     55990	800077b0	717d	c.addi16sp	x2,-16	  x2:0x5bc8f9a0  x2=0x5bc8f990
      112203000	     56001	800077b2	01af2fb3	slt	x31,x30,x26	 x30:0xffffffff x26:0x00002000 x31=0x00000001
      112215000	     56007	800077b6	340d7e73	csrrci	x28,mscratch,26	 x28=0xf3400000
      112217000	     56008	800077ba	8d66	c.mv	x26,x25	  x0:0x00000000 x25:0x00000000 x26=0x00000000
      112225000	     56012	800077bc	9236	c.add	x4,x13	  x4:0x00000000 x13:0x00000001  x4=0x00000001
      112227000	     56013	800077be	0001	c.addi	x0,0	  x0:0x00000000  x0=0x00000000
      112267000	     56033	800077c0	fba7a4b7	lui	x9,0xfba7a	  x9=0xfba7a000
      112275000	     56037	800077c4	02992533	mulhsu	x10,x18,x9	 x18:0x00000000  x9:0xfba7a000 x10=0x00000000
      112281000	     56040	800077c8	01995a33	srl	x20,x18,x25	 x18:0x00000000 x25:0x00000000 x20=0x00000000
      112303000	     56051	800077cc	8932	c.mv	x18,x12	  x0:0x00000000 x12:0x00000010 x18=0x00000010
      112337000	     56068	800077ce	3404a7f3	csrrs	x15,mscratch,x9	  x9:0xfba7a000 x15=0xf3400000
      112339000	     56069	800077d2	99fd	c.andi	x11,-1	 x11:0x00000018 x11=0x00000018
      112387000	     56093	800077d4	34032bf3	csrrs	x23,mscratch,x6	  x6:0x00000000 x23=0xfbe7a000
      112389000	     56094	800077d8	0bf77e13	andi	x28,x14,191	 x14:0x5bc8fb80 x28=0x00000080
      112411000	     56105	800077dc	401d85b3	sub	x11,x27,x1	 x27:0x00000010  x1:0x00000000 x11=0x00000010
      112449000	     56124	800077e0	6d91	c.lui	x27,0x4	 x27=0x00004000
      112451000	     56125	800077e2	39ae4493	xori	x9,x28,922	 x28:0x00000080  x9=0x0000031a
      112473000	     56136	800077e6	00ab1f33	sll	x30,x22,x10	 x22:0xf3400000 x10:0x00000000 x30=0xf3400000
      112475000	     56137	800077ea	c485	c.beqz	x9,80007812	  x9:0x0000031a
      112515000	     56157	800077ec	8e49	c.or	x12,x10	 x12:0x00000010 x10:0x00000000 x12=0x00000010
      112521000	     56160	800077ee	13c0b893	sltiu	x17,x1,316	  x1:0x00000000 x17=0x00000001
      112523000	     56161	800077f2	8c11	c.sub	x8,x12	  x8:0x00000000 x12:0x00000010  x8=0xfffffff0
      112539000	     56169	800077f4	00d7b913	sltiu	x18,x15,13	 x15:0xf3400000 x18=0x00000000
      112581000	     56190	800077f8	517d	c.li	x2,-1	  x2=0xffffffff
      112583000	     56191	800077fa	912e	c.add	x2,x11	  x2:0xffffffff x11:0x00000010  x2=0x0000000f
      112585000	     56192	800077fc	048d8063	beq	x27,x8,8000783c	 x27:0x00004000  x8:0xfffffff0  x0=0x00000000
      112629000	     56214	80007800	01835093	srli	x1,x6,0x18	  x6:0x00000000  x1=0x00000000
      112631000	     56215	80007804	e909	c.bnez	x10,80007816	 x10:0x00000000
      112651000	     56225	80007806	40c15133	sra	x2,x2,x12	  x2:0x0000000f x12:0x00000010  x2=0x00000000
      112673000	     56236	8000780a	efeca713	slti	x14,x25,-258	 x25:0x00000000 x14=0x00000000
      112675000	     56237	8000780e	00f48133	add	x2,x9,x15	  x9:0x0000031a x15:0xf3400000  x2=0xf340031a
      112677000	     56238	80007812	8eed	c.and	x13,x11	 x13:0x00000001 x11:0x00000010 x13=0x00000000
      112715000	     56257	80007814	8211	c.srli	x12,0x4	 x12:0x00000010 x12=0x00000001
      112717000	     56258	80007816	0001	c.addi	x0,0	  x0:0x00000000  x0=0x00000000
      112721000	     56260	80007818	02ebee33	rem	x28,x23,x14	 x23:0xfbe7a000 x14:0x00000000 x28=0xfbe7a000
      112739000	     56269	8000781c	007fdd33	srl	x26,x31,x7	 x31:0x00000001  x7:0x0000001f x26=0x00000000
      112795000	     56297	80007820	039b0233	mul	x4,x22,x25	 x22:0xf3400000 x25:0x00000000  x4=0x00000000
      112797000	     56298	80007824	0aca	c.slli	x21,0x12	 x21:0x00000017 x21=0x005c0000
      112799000	     56299	80007826	340f7f73	csrrci	x30,mscratch,30	 x30=0xfbe7a000
      112817000	     56308	8000782a	006f4533	xor	x10,x30,x6	 x30:0xfbe7a000  x6:0x00000000 x10=0xfbe7a000
      112847000	     56323	8000782e	0135ae33	slt	x28,x11,x19	 x11:0x00000010 x19:0x8001ee7c x28=0x00000000
      112849000	     56324	80007832	0bd9	c.addi	x23,22	 x23:0xfbe7a000 x23=0xfbe7a016
      112851000	     56325	80007834	82d9	c.srli	x13,0x16	 x13:0x00000000 x13=0x00000000
      112871000	     56335	80007836	3dcdcb93	xori	x23,x27,988	 x27:0x00004000 x23=0x000043dc
      112873000	     56336	8000783a	914a	c.add	x2,x18	  x2:0xf340031a x18:0x00000000  x2=0xf340031a
      112875000	     56337	8000783c	00027633	and	x12,x4,x0	  x4:0x00000000  x0:0x00000000 x12=0x00000000
      112877000	     56338	80007840	0001	c.addi	x0,0	  x0:0x00000000  x0=0x00000000
      112905000	     56352	80007842	024dca63	blt	x27,x4,80007876	 x27:0x00004000  x4:0x00000000  x0=0x00000000
      112931000	     56365	80007846	ff7f2537	lui	x10,0xff7f2	 x10=0xff7f2000
      112933000	     56366	8000784a	012c0ab3	add	x21,x24,x18	 x24:0x00000001 x18:0x00000000 x21=0x00000001
      112935000	     56367	8000784e	5b7d	c.li	x22,-1	 x22=0xffffffff
      112947000	     56373	80007850	006b9513	slli	x10,x23,0x6	 x23:0x000043dc x10=0x0010f700
      112955000	     56377	80007854	02a03b13	sltiu	x22,x0,42	  x0:0x00000000 x22=0x00000001
      112971000	     56385	80007858	00f293b3	sll	x7,x5,x15	  x5:0x8001add4 x15:0xf3400000  x7=0x8001add4
      112973000	     56386	8000785c	c589	c.beqz	x11,80007866	 x11:0x00000010
      112979000	     56389	8000785e	40210433	sub	x8,x2,x2	  x2:0xf340031a  x2:0xf340031a  x8=0x00000000
      112995000	     56397	80007862	024e4c63	blt	x28,x4,8000789a	 x28:0x00000000  x4:0x00000000  x0=0x00000000
      113049000	     56424	80007866	408a5633	sra	x12,x20,x8	 x20:0x00000000  x8:0x00000000 x12=0x00000000
      113051000	     56425	8000786a	8329	c.srli	x14,0xa	 x14:0x00000000 x14=0x00000000
      113089000	     56444	8000786c	4c59	c.li	x24,22	 x24=0x00000016
      113091000	     56445	8000786e	419d5c13	srai	x24,x26,0x19	 x26:0x00000000 x24=0x00000000
      113115000	     56457	80007872	026010b3	mulh	x1,x0,x6	  x0:0x00000000  x6:0x00000000  x1=0x00000000
      113119000	     56459	80007876	c1f2c413	xori	x8,x5,-993	  x5:0x8001add4  x8=0x7ffe51cb
      113125000	     56462	8000787a	0065b933	sltu	x18,x11,x6	 x11:0x00000010  x6:0x00000000 x18=0x00000000
      113127000	     56463	8000787e	0a19	c.addi	x20,6	 x20:0x00000000 x20=0x00000006
      113143000	     56471	80007880	6e29	c.lui	x28,0xa	 x28=0x0000a000
      113171000	     56485	80007882	030f9a33	mulh	x20,x31,x16	 x31:0x00000001 x16:0x00000000 x20=0x00000000
      113173000	     56486	80007886	83e1	c.srli	x15,0x18	 x15:0xf3400000 x15=0x000000f3
      113223000	     56511	80007888	a770b1b7	lui	x3,0xa770b	  x3=0xa770b000
      113233000	     56516	8000788c	046a	c.slli	x8,0x1a	  x8:0x7ffe51cb  x8=0x2c000000
      113235000	     56517	8000788e	6171	c.addi16sp	x2,336	  x2:0xf340031a  x2=0xf340046a
      113249000	     56524	80007890	0185dfb3	srl	x31,x11,x24	 x11:0x00000010 x24:0x00000000 x31=0x00000010
      113255000	     56527	80007894	cea34513	xori	x10,x6,-790	  x6:0x00000000 x10=0xfffffcea
      113267000	     56533	80007898	8f19	c.sub	x14,x14	 x14:0x00000000 x14:0x00000000 x14=0x00000000
      113269000	     56534	8000789a	0001	c.addi	x0,0	  x0:0x00000000  x0=0x00000000
      113289000	     56544	8000789c	efd41497	auipc	x9,0xefd41	  x9=0x6fd4889c
      113313000	     56556	800078a0	cf01	c.beqz	x14,800078b8	 x14:0x00000000
      113345000	     56572	800078b8	6fa5	c.lui	x31,0x9	 x31=0x00009000
      113353000	     56576	800078ba	0261bd33	mulhu	x26,x3,x6	  x3:0xa770b000  x6:0x00000000 x26=0x00000000
      113355000	     56577	800078be	9a7d	c.andi	x12,-1	 x12:0x00000000 x12=0x00000000
      113357000	     56578	800078c0	077a	c.slli	x14,0x1e	 x14:0x00000000 x14=0x00000000
      113381000	     56590	800078c2	3406d873	csrrwi	x16,mscratch,13	 x16=0xfbe7a000
      113399000	     56599	800078c6	02ae1e33	mulh	x28,x28,x10	 x28:0x0000a000 x10:0xfffffcea x28=0xffffffff
      113401000	     56600	800078ca	41c80f33	sub	x30,x16,x28	 x16:0xfbe7a000 x28:0xffffffff x30=0xfbe7a001
      113403000	     56601	800078ce	402a03b3	sub	x7,x20,x2	 x20:0x00000000  x2:0xf340046a  x7=0x0cbffb96
      113405000	     56602	800078d2	0e4e	c.slli	x28,0x13	 x28:0xffffffff x28=0xfff80000
      113427000	     56613	800078d4	340933f3	csrrc	x7,mscratch,x18	 x18:0x00000000  x7=0x0000000d
      113433000	     56616	800078d8	8fc9	c.or	x15,x10	 x15:0x000000f3 x10:0xfffffcea x15=0xfffffcfb
      113459000	     56629	800078da	029f6163	bltu	x30,x9,800078fc	 x30:0xfbe7a001  x9:0x6fd4889c  x0=0x00000000
      113479000	     56639	800078de	00798863	beq	x19,x7,800078ee	 x19:0x8001ee7c  x7:0x0000000d  x0=0x00000000
      113495000	     56647	800078e2	011b1d63	bne	x22,x17,800078fc	 x22:0x00000001 x17:0x00000001  x0=0x00000000
      113507000	     56653	800078e6	00db1493	slli	x9,x22,0xd	 x22:0x00000001  x9=0x00002000
      113533000	     56666	800078ea	03143133	mulhu	x2,x8,x17	  x8:0x2c000000 x17:0x00000001  x2=0x00000000
      113575000	     56687	800078ee	017c3033	sltu	x0,x24,x23	 x24:0x00000000 x23:0x000043dc  x0=0x00000000
      113607000	     56703	800078f2	415ed393	srai	x7,x29,0x15	 x29:0x0000000d  x7=0x00000000
      113615000	     56707	800078f6	0274f833	remu	x16,x9,x7	  x9:0x00002000  x7:0x00000000 x16=0x00002000
      113617000	     56708	800078fa	0001	c.addi	x0,0	  x0:0x00000000  x0=0x00000000
      113625000	     56712	800078fc	01385c93	srli	x25,x16,0x13	 x16:0x00002000 x25=0x00000000
      113637000	     56718	80007900	dd0358b7	lui	x17,0xdd035	 x17=0xdd035000
      113639000	     56719	80007904	0a80	c.addi4spn	x8,x2,336	  x8=0x00000150
      113695000	     56747	80007906	03683db3	mulhu	x27,x16,x22	 x16:0x00002000 x22:0x00000001 x27=0x00000000
      113697000	     56748	8000790a	0001	c.addi	x0,0	  x0:0x00000000  x0=0x00000000
      113699000	     56749	8000790c	01799493	slli	x9,x19,0x17	 x19:0x8001ee7c  x9=0x3e000000
      113713000	     56756	80007910	3404f8f3	csrrci	x17,mscratch,9	 x17=0x0000000d
      113715000	     56757	80007914	0ff0000f	fence	iorwiorwiorwiorwiorwiorwiorwiorwiorwiorwiorwiorwiorwiorwiorwiorwiorwiorwiorwiorwiorwiorwiorwiorwiorwiorwiorwiorwiorwiorwiorwiorwiorwiorwiorwiorwiorwiorwiorwiorwiorwiorwiorwiorwiorwiorwiorwiorwiorwiorwiorwiorwiorwiorwiorwiorwiorwiorwiorwiorwiorwiorwiorwiorwiorwiorwiorwiorwiorwiorwiorwiorwiorwiorwiorwiorwiorwiorwiorwiorwiorwiorwiorwiorwiorwiorwiorwiorwiorwiorwiorwiorwiorwiorwiorwiorwiorwiorwiorwiorwiorwiorwiorwiorwiorwiorwiorwiorwiorwiorwiorwiorwiorwiorwiorwiorwiorwiorwiorwiorwiorwiorwiorwiorwiorwiorwiorwiorwiorwiorwiorwiorwiorwiorwiorwiorwiorwiorwiorwiorwiorwiorwiorwiorwiorwiorwiorwiorwiorwiorwiorwiorwiorwiorwiorwiorwiorwiorwiorwiorwiorwiorwiorwiorwiorwiorwiorwiorwiorwiorwiorwiorwiorwiorwiorw,iorwiorwiorwiorwiorwiorwiorwiorwiorwiorwiorwiorwiorwiorwiorwiorwiorwiorwiorwiorwiorwiorwiorwiorwiorwiorwiorwiorwiorwiorwiorwiorwiorwiorwiorwiorwiorwiorwiorwiorwiorwiorwiorwiorwiorwiorwiorwiorwiorwiorwiorwiorwiorwiorwiorwiorwiorwiorwiorwiorwiorwiorwiorwiorwiorwiorwiorwiorwiorwiorwiorwiorwiorwiorwiorwiorwiorwiorwiorwiorwiorwiorwiorwiorwiorwiorwiorwiorwiorwiorwiorwiorwiorwiorwiorwiorwiorwiorwiorwiorwiorwiorwiorwiorwiorwiorwiorwiorwiorwiorwiorwiorwiorwiorwiorwiorwiorwiorwiorwiorwiorwiorwiorwiorwiorwiorwiorwiorwiorwiorwiorwiorwiorwiorwiorwiorwiorwiorwiorwiorwiorwiorwiorwiorwiorwiorwiorwiorwiorwiorwiorwiorwiorwiorwiorwiorwiorwiorwiorwiorwiorwiorwiorwiorwiorwiorwiorwiorwiorwiorwiorwiorwiorwiorwiorwiorw	
      113737000	     56768	80007918	03140633	mul	x12,x8,x17	  x8:0x00000150 x17:0x0000000d x12=0x00001110
      113761000	     56780	8000791c	015d4f63	blt	x26,x21,8000793a	 x26:0x00000000 x21:0x00000001  x0=0x00000000
      113807000	     56803	8000793a	340516f3	csrrw	x13,mscratch,x10	 x10:0xfffffcea x13=0x00000004
      113829000	     56814	8000793e	34007d73	csrrci	x26,mscratch,0	 x26=0xfffffcea
      113851000	     56825	80007942	f7fa9f17	auipc	x30,0xf7fa9	 x30=0x77fb0942
      113853000	     56826	80007946	3404e273	csrrsi	x4,mscratch,9	  x4=0xfffffcea
      113855000	     56827	8000794a	0001	c.addi	x0,0	  x0:0x00000000  x0=0x00000000
      113861000	     56830	8000794c	00ebd613	srli	x12,x23,0xe	 x23:0x000043dc x12=0x00000001
      113863000	     56831	80007950	58fd	c.li	x17,-1	 x17=0xffffffff
      113925000	     56862	80007952	340675f3	csrrci	x11,mscratch,12	 x11=0xfffffceb
      113937000	     56868	80007956	03ad1263	bne	x26,x26,8000797a	 x26:0xfffffcea x26:0xfffffcea  x0=0x00000000
      113939000	     56869	8000795a	0001	c.addi	x0,0	  x0:0x00000000  x0=0x00000000
      113941000	     56870	8000795c	01060ab3	add	x21,x12,x16	 x12:0x00000001 x16:0x00002000 x21=0x00002001
      113981000	     56890	80007960	cda63593	sltiu	x11,x12,-806	 x12:0x00000001 x11=0x00000001
      113983000	     56891	80007964	4050d493	srai	x9,x1,0x5	  x1:0x00000000  x9=0x00000000
      114025000	     56912	80007968	03232133	mulhsu	x2,x6,x18	  x6:0x00000000 x18:0x00000000  x2=0x00000000
      114053000	     56926	8000796c	c3ffa893	slti	x17,x31,-961	 x31:0x00009000 x17=0x00000000
      114055000	     56927	80007970	0001	c.addi	x0,0	  x0:0x00000000  x0=0x00000000
      114083000	     56941	80007972	00855b33	srl	x22,x10,x8	 x10:0xfffffcea  x8:0x00000150 x22=0x0000ffff
      114085000	     56942	80007976	3406eaf3	csrrsi	x21,mscratch,13	 x21=0xfffffce3
      114087000	     56943	8000797a	847d	c.srai	x8,0x1f	  x8:0x00000150  x8=0x00000000
      114111000	     56955	8000797c	03e88b33	mul	x22,x17,x30	 x17:0x00000000 x30:0x77fb0942 x22=0x00000000
      114131000	     56965	80007980	02d33933	mulhu	x18,x6,x13	  x6:0x00000000 x13:0x00000004 x18=0x00000000
      114139000	     56969	80007984	34061e73	csrrw	x28,mscratch,x12	 x12:0x00000001 x28=0xfffffcef
      114159000	     56979	80007988	802d	c.srli	x8,0xb	  x8:0x00000000  x8=0x00000000
      114161000	     56980	8000798a	0168b733	sltu	x14,x17,x22	 x17:0x00000000 x22:0x00000000 x14=0x00000000
      114163000	     56981	8000798e	0001	c.addi	x0,0	  x0:0x00000000  x0=0x00000000
      114169000	     56984	80007990	8e61	c.and	x12,x8	 x12:0x00000001  x8:0x00000000 x12=0x00000000
      114177000	     56988	80007992	036233b3	mulhu	x7,x4,x22	  x4:0xfffffcea x22:0x00000000  x7=0x00000000
      114189000	     56994	80007996	036a5f33	divu	x30,x20,x22	 x20:0x00000000 x22:0x00000000 x30=0xffffffff
      114201000	     57000	8000799a	015aa5b3	slt	x11,x21,x21	 x21:0xfffffce3 x21:0xfffffce3 x11=0x00000000
      114213000	     57006	8000799e	01399493	slli	x9,x19,0x13	 x19:0x8001ee7c  x9=0x73e00000
      114215000	     57007	800079a2	1cfd	c.addi	x25,-1	 x25:0x00000000 x25=0xffffffff
      114229000	     57014	800079a4	340228f3	csrrs	x17,mscratch,x4	  x4:0xfffffcea x17=0x00000001
      114269000	     57034	800079a8	013a6c33	or	x24,x20,x19	 x20:0x00000000 x19:0x8001ee7c x24=0x8001ee7c
      114271000	     57035	800079ac	8722	c.mv	x14,x8	  x0:0x00000000  x8:0x00000000 x14=0x00000000
      114291000	     57045	800079ae	00c93733	sltu	x14,x18,x12	 x18:0x00000000 x12:0x00000000 x14=0x00000000
      114305000	     57052	800079b2	03dfa0b3	mulhsu	x1,x31,x29	 x31:0x00009000 x29:0x0000000d  x1=0x00000000
      114307000	     57053	800079b6	34026573	csrrsi	x10,mscratch,4	 x10=0xfffffceb
      114309000	     57054	800079ba	0001	c.addi	x0,0	  x0:0x00000000  x0=0x00000000
      114333000	     57066	800079bc	34001cf3	csrrw	x25,mscratch,x0	  x0:0x00000000 x25=0xfffffcef
      114351000	     57075	800079c0	019b1e13	slli	x28,x22,0x19	 x22:0x00000000 x28=0x00000000
      114357000	     57078	800079c4	340e2673	csrrs	x12,mscratch,x28	 x28:0x00000000 x12=0x00000000
      114375000	     57087	800079c8	f3b18d13	addi	x26,x3,-197	  x3:0xa770b000 x26=0xa770af3b
      114381000	     57090	800079cc	80a9	c.srli	x9,0xa	  x9:0x73e00000  x9=0x001cf800
      114383000	     57091	800079ce	0001	c.addi	x0,0	  x0:0x00000000  x0=0x00000000
      114385000	     57092	800079d0	238f6393	ori	x7,x30,568	 x30:0xffffffff  x7=0xffffffff
      114411000	     57105	800079d4	340edbf3	csrrwi	x23,mscratch,29	 x23=0x00000000
      114413000	     57106	800079d8	e581	c.bnez	x11,800079e0	 x11:0x00000000
      114415000	     57107	800079da	8f41	c.or	x14,x8	 x14:0x00000000  x8:0x00000000 x14=0x00000000
      114417000	     57108	800079dc	01dc5bb3	srl	x23,x24,x29	 x24:0x8001ee7c x29:0x0000000d x23=0x0004000f
      114447000	     57123	800079e0	d58dad93	slti	x27,x27,-680	 x27:0x00000000 x27=0x00000000
      114457000	     57128	800079e4	0080de33	srl	x28,x1,x8	  x1:0x00000000  x8:0x00000000 x28=0x00000000
      114491000	     57145	800079e8	defbed93	ori	x27,x23,-529	 x23:0x0004000f x27=0xfffffdef
      114501000	     57150	800079ec	340376f3	csrrci	x13,mscratch,6	 x13=0x0000001d
      114503000	     57151	800079f0	034ad063	bge	x21,x20,80007a10	 x21:0xfffffce3 x20:0x00000000  x0=0x00000000
      114505000	     57152	800079f4	8aea	c.mv	x21,x26	  x0:0x00000000 x26:0xa770af3b x21=0xa770af3b
      114527000	     57163	800079f6	011cb5b3	sltu	x11,x25,x17	 x25:0xfffffcef x17:0x00000001 x11=0x00000000
      114567000	     57183	800079fa	f501fc93	andi	x25,x3,-176	  x3:0xa770b000 x25=0xa770b000
      114641000	     57220	800079fe	03a87e33	remu	x28,x16,x26	 x16:0x00002000 x26:0xa770af3b x28=0x00002000
      114643000	     57221	80007a02	6135	c.addi16sp	x2,352	  x2:0x00000000  x2=0x00000160
      114645000	     57222	80007a04	00b62d33	slt	x26,x12,x11	 x12:0x00000000 x11:0x00000000 x26=0x00000000
      114647000	     57223	80007a08	d80dfa13	andi	x20,x27,-640	 x27:0xfffffdef x20=0xfffffd80
      114665000	     57232	80007a0c	02bcec33	rem	x24,x25,x11	 x25:0xa770b000 x11:0x00000000 x24=0xa770b000
      114667000	     57233	80007a10	717d	c.addi16sp	x2,-16	  x2:0x00000160  x2=0x00000150
      114669000	     57234	80007a12	6171	c.addi16sp	x2,336	  x2:0x00000150  x2=0x000002a0
      114697000	     57248	80007a14	0058c3b3	xor	x7,x17,x5	 x17:0x00000001  x5:0x8001add4  x7=0x8001add5
      114707000	     57253	80007a18	597d	c.li	x18,-1	 x18=0xffffffff
      114711000	     57255	80007a1a	c599	c.beqz	x11,80007a28	 x11:0x00000000
      114735000	     57267	80007a28	064bf813	andi	x16,x23,100	 x23:0x0004000f x16=0x00000004
      114751000	     57275	80007a2c	03ffd863	bge	x31,x31,80007a5c	 x31:0x00009000 x31:0x00009000  x0=0x00000000
      114825000	     57312	80007a5c	001996b3	sll	x13,x19,x1	 x19:0x8001ee7c  x1:0x00000000 x13=0x8001ee7c
      114827000	     57313	80007a60	01e94133	xor	x2,x18,x30	 x18:0xffffffff x30:0xffffffff  x2=0x00000000
      114887000	     57343	80007a64	950e	c.add	x10,x3	 x10:0xfffffceb  x3:0xa770b000 x10=0xa770aceb
      114889000	     57344	80007a66	3401e6f3	csrrsi	x13,mscratch,3	 x13=0x00000019
      114923000	     57361	80007a6a	006d51b3	srl	x3,x26,x6	 x26:0x00000000  x6:0x00000000  x3=0x00000000
      114925000	     57362	80007a6e	8cdd	c.or	x9,x15	  x9:0x001cf800 x15:0xfffffcfb  x9=0xfffffcfb
      114949000	     57374	80007a70	023a8563	beq	x21,x3,80007a9a	 x21:0xa770af3b  x3:0x00000000  x0=0x00000000
      114951000	     57375	80007a74	0ff0000f	fence	iorwiorwiorwiorwiorwiorwiorwiorwiorwiorwiorwiorwiorwiorwiorwiorwiorwiorwiorwiorwiorwiorwiorwiorwiorwiorwiorwiorwiorwiorwiorwiorwiorwiorwiorwiorwiorwiorwiorwiorwiorwiorwiorwiorwiorwiorwiorwiorwiorwiorwiorwiorwiorwiorwiorwiorwiorwiorwiorwiorwiorwiorwiorwiorwiorwiorwiorwiorwiorwiorwiorwiorwiorwiorwiorwiorwiorwiorwiorwiorwiorwiorwiorwiorwiorwiorwiorwiorwiorwiorwiorwiorwiorwiorwiorwiorwiorwiorwiorwiorwiorwiorwiorwiorwiorwiorwiorwiorwiorwiorwiorwiorwiorwiorwiorwiorwiorwiorwiorwiorwiorwiorwiorwiorwiorwiorwiorwiorwiorwiorwiorwiorwiorwiorwiorwiorwiorwiorwiorwiorwiorwiorwiorwiorwiorwiorwiorwiorwiorwiorwiorwiorwiorwiorwiorwiorwiorwiorwiorwiorwiorwiorwiorwiorwiorwiorwiorwiorwiorwiorwiorwiorwiorwiorwiorwiorwiorw,iorwiorwiorwiorwiorwiorwiorwiorwiorwiorwiorwiorwiorwiorwiorwiorwiorwiorwiorwiorwiorwiorwiorwiorwiorwiorwiorwiorwiorwiorwiorwiorwiorwiorwiorwiorwiorwiorwiorwiorwiorwiorwiorwiorwiorwiorwiorwiorwiorwiorwiorwiorwiorwiorwiorwiorwiorwiorwiorwiorwiorwiorwiorwiorwiorwiorwiorwiorwiorwiorwiorwiorwiorwiorwiorwiorwiorwiorwiorwiorwiorwiorwiorwiorwiorwiorwiorwiorwiorwiorwiorwiorwiorwiorwiorwiorwiorwiorwiorwiorwiorwiorwiorwiorwiorwiorwiorwiorwiorwiorwiorwiorwiorwiorwiorwiorwiorwiorwiorwiorwiorwiorwiorwiorwiorwiorwiorwiorwiorwiorwiorwiorwiorwiorwiorwiorwiorwiorwiorwiorwiorwiorwiorwiorwiorwiorwiorwiorwiorwiorwiorwiorwiorwiorwiorwiorwiorwiorwiorwiorwiorwiorwiorwiorwiorwiorwiorwiorwiorwiorwiorwiorwiorwiorwiorwiorwiorwiorw	
      114993000	     57396	80007a78	0272b0b3	mulhu	x1,x5,x7	  x5:0x8001add4  x7:0x8001add5  x1=0x4001add7
      115027000	     57413	80007a7c	340aa7f3	csrrs	x15,mscratch,x21	 x21:0xa770af3b x15=0x0000001b
      115035000	     57417	80007a80	03d49833	mulh	x16,x9,x29	  x9:0xfffffcfb x29:0x0000000d x16=0xffffffff
      115037000	     57418	80007a84	84b5	c.srai	x9,0xd	  x9:0xfffffcfb  x9=0xffffffff
      115061000	     57430	80007a86	00961c63	bne	x12,x9,80007a9e	 x12:0x00000000  x9:0xffffffff  x0=0x00000000
      115095000	     57447	80007a9e	5efd	c.li	x29,-1	 x29=0xffffffff
      115099000	     57449	80007aa0	01741863	bne	x8,x23,80007ab0	  x8:0x00000000 x23:0x0004000f  x0=0x00000000
      115135000	     57467	80007ab0	ee1dff93	andi	x31,x27,-287	 x27:0xfffffdef x31=0xfffffce1
      115145000	     57472	80007ab4	8fc9	c.or	x15,x10	 x15:0x0000001b x10:0xa770aceb x15=0xa770acfb
      115165000	     57482	80007ab6	006a5263	bge	x20,x6,80007aba	 x20:0xfffffd80  x6:0x00000000  x0=0x00000000
      115173000	     57486	80007aba	02174863	blt	x14,x1,80007aea	 x14:0x00000000  x1:0x4001add7  x0=0x00000000
      115253000	     57526	80007aea	0ff0000f	fence	iorwiorwiorwiorwiorwiorwiorwiorwiorwiorwiorwiorwiorwiorwiorwiorwiorwiorwiorwiorwiorwiorwiorwiorwiorwiorwiorwiorwiorwiorwiorwiorwiorwiorwiorwiorwiorwiorwiorwiorwiorwiorwiorwiorwiorwiorwiorwiorwiorwiorwiorwiorwiorwiorwiorwiorwiorwiorwiorwiorwiorwiorwiorwiorwiorwiorwiorwiorwiorwiorwiorwiorwiorwiorwiorwiorwiorwiorwiorwiorwiorwiorwiorwiorwiorwiorwiorwiorwiorwiorwiorwiorwiorwiorwiorwiorwiorwiorwiorwiorwiorwiorwiorwiorwiorwiorwiorwiorwiorwiorwiorwiorwiorwiorwiorwiorwiorwiorwiorwiorwiorwiorwiorwiorwiorwiorwiorwiorwiorwiorwiorwiorwiorwiorwiorwiorwiorwiorwiorwiorwiorwiorwiorwiorwiorwiorwiorwiorwiorwiorwiorwiorwiorwiorwiorwiorwiorwiorwiorwiorwiorwiorwiorwiorwiorwiorwiorwiorwiorwiorwiorwiorwiorwiorwiorwiorwiorwiorwiorw,iorwiorwiorwiorwiorwiorwiorwiorwiorwiorwiorwiorwiorwiorwiorwiorwiorwiorwiorwiorwiorwiorwiorwiorwiorwiorwiorwiorwiorwiorwiorwiorwiorwiorwiorwiorwiorwiorwiorwiorwiorwiorwiorwiorwiorwiorwiorwiorwiorwiorwiorwiorwiorwiorwiorwiorwiorwiorwiorwiorwiorwiorwiorwiorwiorwiorwiorwiorwiorwiorwiorwiorwiorwiorwiorwiorwiorwiorwiorwiorwiorwiorwiorwiorwiorwiorwiorwiorwiorwiorwiorwiorwiorwiorwiorwiorwiorwiorwiorwiorwiorwiorwiorwiorwiorwiorwiorwiorwiorwiorwiorwiorwiorwiorwiorwiorwiorwiorwiorwiorwiorwiorwiorwiorwiorwiorwiorwiorwiorwiorwiorwiorwiorwiorwiorwiorwiorwiorwiorwiorwiorwiorwiorwiorwiorwiorwiorwiorwiorwiorwiorwiorwiorwiorwiorwiorwiorwiorwiorwiorwiorwiorwiorwiorwiorwiorwiorwiorwiorwiorwiorwiorwiorwiorwiorwiorwiorwiorwiorwiorw	
      115255000	     57527	80007aee	340ce573	csrrsi	x10,mscratch,25	 x10=0xa770af3b
      115291000	     57545	80007af2	025c2033	mulhsu	x0,x24,x5	 x24:0xa770b000  x5:0x8001add4  x0=0x00000000
      115299000	     57549	80007af6	02158e63	beq	x11,x1,80007b32	 x11:0x00000000  x1:0x4001add7  x0=0x00000000
      115327000	     57563	80007afa	0269b3b3	mulhu	x7,x19,x6	 x19:0x8001ee7c  x6:0x00000000  x7=0x00000000
      115343000	     57571	80007afe	34071f73	csrrw	x30,mscratch,x14	 x14:0x00000000 x30=0xa770af3b
      115345000	     57572	80007b02	975a	c.add	x14,x22	 x14:0x00000000 x22:0x00000000 x14=0x00000000
      115365000	     57582	80007b04	06ee	c.slli	x13,0x1b	 x13:0x00000019 x13=0xc8000000
      115367000	     57583	80007b06	8c99	c.sub	x9,x14	  x9:0xffffffff x14:0x00000000  x9=0xffffffff
      115403000	     57601	80007b08	8e3a	c.mv	x28,x14	  x0:0x00000000 x14:0x00000000 x28=0x00000000
      115405000	     57602	80007b0a	3a097493	andi	x9,x18,928	 x18:0xffffffff  x9=0x000003a0
      115433000	     57616	80007b0e	001cdf63	bge	x25,x1,80007b2c	 x25:0xa770b000  x1:0x4001add7  x0=0x00000000
      115473000	     57636	80007b12	00ce9813	slli	x16,x29,0xc	 x29:0xffffffff x16=0xfffff000
      115475000	     57637	80007b16	05757063	bgeu	x10,x23,80007b56	 x10:0xa770af3b x23:0x0004000f  x0=0x00000000
      115477000	     57638	80007b1a	f2ad6f13	ori	x30,x26,-214	 x26:0x00000000 x30=0xffffff2a
      115485000	     57642	80007b1e	036b93b3	mulh	x7,x23,x22	 x23:0x0004000f x22:0x00000000  x7=0x00000000
      115487000	     57643	80007b22	6165	c.addi16sp	x2,112	  x2:0x00000000  x2=0x00000070
      115501000	     57650	80007b24	0ff0000f	fence	iorwiorwiorwiorwiorwiorwiorwiorwiorwiorwiorwiorwiorwiorwiorwiorwiorwiorwiorwiorwiorwiorwiorwiorwiorwiorwiorwiorwiorwiorwiorwiorwiorwiorwiorwiorwiorwiorwiorwiorwiorwiorwiorwiorwiorwiorwiorwiorwiorwiorwiorwiorwiorwiorwiorwiorwiorwiorwiorwiorwiorwiorwiorwiorwiorwiorwiorwiorwiorwiorwiorwiorwiorwiorwiorwiorwiorwiorwiorwiorwiorwiorwiorwiorwiorwiorwiorwiorwiorwiorwiorwiorwiorwiorwiorwiorwiorwiorwiorwiorwiorwiorwiorwiorwiorwiorwiorwiorwiorwiorwiorwiorwiorwiorwiorwiorwiorwiorwiorwiorwiorwiorwiorwiorwiorwiorwiorwiorwiorwiorwiorwiorwiorwiorwiorwiorwiorwiorwiorwiorwiorwiorwiorwiorwiorwiorwiorwiorwiorwiorwiorwiorwiorwiorwiorwiorwiorwiorwiorwiorwiorwiorwiorwiorwiorwiorwiorwiorwiorwiorwiorwiorwiorwiorwiorwiorwiorwiorwiorwiorwiorw,iorwiorwiorwiorwiorwiorwiorwiorwiorwiorwiorwiorwiorwiorwiorwiorwiorwiorwiorwiorwiorwiorwiorwiorwiorwiorwiorwiorwiorwiorwiorwiorwiorwiorwiorwiorwiorwiorwiorwiorwiorwiorwiorwiorwiorwiorwiorwiorwiorwiorwiorwiorwiorwiorwiorwiorwiorwiorwiorwiorwiorwiorwiorwiorwiorwiorwiorwiorwiorwiorwiorwiorwiorwiorwiorwiorwiorwiorwiorwiorwiorwiorwiorwiorwiorwiorwiorwiorwiorwiorwiorwiorwiorwiorwiorwiorwiorwiorwiorwiorwiorwiorwiorwiorwiorwiorwiorwiorwiorwiorwiorwiorwiorwiorwiorwiorwiorwiorwiorwiorwiorwiorwiorwiorwiorwiorwiorwiorwiorwiorwiorwiorwiorwiorwiorwiorwiorwiorwiorwiorwiorwiorwiorwiorwiorwiorwiorwiorwiorwiorwiorwiorwiorwiorwiorwiorwiorwiorwiorwiorwiorwiorwiorwiorwiorwiorwiorwiorwiorwiorwiorwiorwiorwiorwiorwiorwiorwiorwiorwiorwiorwiorw	
      115521000	     57660	80007b28	03df3e33	mulhu	x28,x30,x29	 x30:0xffffff2a x29:0xffffffff x28=0xffffff29
      115555000	     57677	80007b2c	0001	c.addi	x0,0	  x0:0x00000000  x0=0x00000000
      115559000	     57679	80007b2e	00684263	blt	x16,x6,80007b32	 x16:0xfffff000  x6:0x00000000  x0=0x00000000
      115593000	     57696	80007b32	8cd9	c.or	x9,x14	  x9:0x000003a0 x14:0x00000000  x9=0x000003a0
      115635000	     57717	80007b34	8f0d	c.sub	x14,x11	 x14:0x00000000 x11:0x00000000 x14=0x00000000
      115639000	     57719	80007b36	034d6463	bltu	x26,x20,80007b5e	 x26:0x00000000 x20:0xfffffd80  x0=0x00000000
      115723000	     57761	80007b5e	03d0a8b3	mulhsu	x17,x1,x29	  x1:0x4001add7 x29:0xffffffff x17=0x4001add6
      115797000	     57798	80007b62	032de8b3	rem	x17,x27,x18	 x27:0xfffffdef x18:0xffffffff x17=0x00000000
      115799000	     57799	80007b66	9bfd	c.andi	x15,-1	 x15:0xa770acfb x15=0xa770acfb
      115801000	     57800	80007b68	037e5763	bge	x28,x23,80007b96	 x28:0xffffff29 x23:0x0004000f  x0=0x00000000
      115891000	     57845	80007b6c	03cb6233	rem	x4,x22,x28	 x22:0x00000000 x28:0xffffff29  x4=0x00000000
      115893000	     57846	80007b70	042a	c.slli	x8,0xa	  x8:0x00000000  x8=0x00000000
      115895000	     57847	80007b72	03914a63	blt	x2,x25,80007ba6	  x2:0x00000070 x25:0xa770b000  x0=0x00000000
      115897000	     57848	80007b76	03584e63	blt	x16,x21,80007bb2	 x16:0xfffff000 x21:0xa770af3b  x0=0x00000000
      115899000	     57849	80007b7a	8fe5	c.and	x15,x9	 x15:0xa770acfb  x9:0x000003a0 x15=0x000000a0
      115907000	     57853	80007b7c	036bd763	bge	x23,x22,80007baa	 x23:0x0004000f x22:0x00000000  x0=0x00000000
      115943000	     57871	80007b80	6e05	c.lui	x28,0x1	 x28=0x00001000
      115945000	     57872	80007b82	00017d63	bgeu	x2,x0,80007b9c	  x2:0x00000070  x0:0x00000000  x0=0x00000000
      116007000	     57903	80007b86	00122033	slt	x0,x4,x1	  x4:0x00000000  x1:0x4001add7  x0=0x00000000
      116011000	     57905	80007b8a	0204ccb3	div	x25,x9,x0	  x9:0x000003a0  x0:0x00000000 x25=0xffffffff
      116061000	     57930	80007b8e	00d7f1b3	and	x3,x15,x13	 x15:0x000000a0 x13:0xc8000000  x3=0x00000000
      116079000	     57939	80007b92	f5454813	xori	x16,x10,-172	 x10:0xa770af3b x16=0x588f506f
      116083000	     57941	80007b96	cf19	c.beqz	x14,80007bb4	 x14:0x00000000
      116143000	     57971	80007bb4	01ef3bb3	sltu	x23,x30,x30	 x30:0xffffff2a x30:0xffffff2a x23=0x00000000
      116185000	     57992	80007bb8	cc7a8f13	addi	x30,x21,-825	 x21:0xa770af3b x30=0xa770ac02
      116197000	     57998	80007bbc	028d4f63	blt	x26,x8,80007bfa	 x26:0x00000000  x8:0x00000000  x0=0x00000000
      116201000	     58000	80007bc0	0001	c.addi	x0,0	  x0:0x00000000  x0=0x00000000
      116233000	     58016	80007bc2	21f26813	ori	x16,x4,543	  x4:0x00000000 x16=0x0000021f
      116235000	     58017	80007bc6	5ffd	c.li	x31,-1	 x31=0xffffffff
      116275000	     58037	80007bc8	ffe5ea17	auipc	x20,0xffe5e	 x20=0x7fe65bc8
      116279000	     58039	80007bcc	cc11	c.beqz	x8,80007be8	  x8:0x00000000
      116335000	     58067	80007be8	64ed	c.lui	x9,0x1b	  x9=0x0001b000
      116337000	     58068	80007bea	0199e8b3	or	x17,x19,x25	 x19:0x8001ee7c x25:0xffffffff x17=0xffffffff
      116383000	     58091	80007bee	00b65f63	bge	x12,x11,80007c0c	 x12:0x00000000 x11:0x00000000  x0=0x00000000
      116399000	     58099	80007c0c	026f0763	beq	x30,x6,80007c3a	 x30:0xa770ac02  x6:0x00000000  x0=0x00000000
      116459000	     58129	80007c10	0f8a	c.slli	x31,0x2	 x31:0xffffffff x31=0xfffffffc
      116461000	     58130	80007c12	8669	c.srai	x12,0x1a	 x12:0x00000000 x12=0x00000000
      116465000	     58132	80007c14	db1c2393	slti	x7,x24,-591	 x24:0xa770b000  x7=0x00000001
      116579000	     58189	80007c18	02f26e33	rem	x28,x4,x15	  x4:0x00000000 x15:0x000000a0 x28=0x00000000
      116581000	     58190	80007c1c	dd9e1237	lui	x4,0xdd9e1	  x4=0xdd9e1000
      116655000	     58227	80007c20	0296ec33	rem	x24,x13,x9	 x13:0xc8000000  x9:0x0001b000 x24=0xffff5000
      116657000	     58228	80007c24	0133df63	bge	x7,x19,80007c42	  x7:0x00000001 x19:0x8001ee7c  x0=0x00000000
      116665000	     58232	80007c28	024d9bb3	mulh	x23,x27,x4	 x27:0xfffffdef  x4:0xdd9e1000 x23=0x00000047
      116667000	     58233	80007c2c	340167f3	csrrsi	x15,mscratch,2	 x15=0x00000000
      116745000	     58272	80007c30	02486233	rem	x4,x16,x4	 x16:0x0000021f  x4:0xdd9e1000  x4=0x0000021f
      116747000	     58273	80007c34	0093f763	bgeu	x7,x9,80007c42	  x7:0x00000001  x9:0x0001b000  x0=0x00000000
      116749000	     58274	80007c38	c489	c.beqz	x9,80007c42	  x9:0x0001b000
      116757000	     58278	80007c3a	02d82133	mulhsu	x2,x16,x13	 x16:0x0000021f x13:0xc8000000  x2=0x000001a8
      116831000	     58315	80007c3e	0347f633	remu	x12,x15,x20	 x15:0x00000000 x20:0x7fe65bc8 x12=0x00000000
      116905000	     58352	80007c42	03f140b3	div	x1,x2,x31	  x2:0x000001a8 x31:0xfffffffc  x1=0xffffff96
      116979000	     58389	80007c46	037a56b3	divu	x13,x20,x23	 x20:0x7fe65bc8 x23:0x00000047 x13=0x01cd28f4
      116981000	     58390	80007c4a	012578b3	and	x17,x10,x18	 x10:0xa770af3b x18:0xffffffff x17=0xa770af3b
      117005000	     58402	80007c4e	0042a103	lw	x2,4(x5)	  x5:0x8001add4  x2=0x80007cb6 PA:0x8001add8 store:0x0000021f
      117007000	     58403	80007c52	633f9e97	auipc	x29,0x633f9	 x29=0xe3400c52
      117023000	     58411	80007c56	41fe5513	srai	x10,x28,0x1f	 x28:0x00000000 x10=0x00000000
      117031000	     58415	80007c5a	02c79d33	mulh	x26,x15,x12	 x15:0x00000000 x12:0x00000000 x26=0x00000000
      117033000	     58416	80007c5e	8d9d	c.sub	x11,x15	 x11:0x00000000 x15:0x00000000 x11=0x00000000
      117051000	     58425	80007c60	03428293	addi	x5,x5,52	  x5:0x8001add4  x5=0x8001ae08
      117069000	     58434	80007c64	0196c8b3	xor	x17,x13,x25	 x13:0x01cd28f4 x25:0xffffffff x17=0xfe32d70b
      117131000	     58465	80007c68	34059973	csrrw	x18,mscratch,x11	 x11:0x00000000 x18=0x00000002
      117139000	     58469	80007c6c	00010713	addi	x14,x2,0	  x2:0x80007cb6 x14=0x80007cb6
      117161000	     58480	80007c70	00070767	jalr	x14,0(x14)	 x14:0x80007cb6 x14=0x80007c74
      117211000	     58505	80007cb6	8c2d	c.xor	x8,x11	  x8:0x00000000 x11:0x00000000  x8=0x00000000
      117213000	     58506	80007cb8	340d13f3	csrrw	x7,mscratch,x26	 x26:0x00000000  x7=0x00000000
      117235000	     58517	80007cbc	03006963	bltu	x0,x16,80007cee	  x0:0x00000000 x16:0x0000021f  x0=0x00000000
      117301000	     58550	80007cee	340ad073	csrrwi	x0,mscratch,21	  x0=0x00000000
      117303000	     58551	80007cf2	04d2	c.slli	x9,0x14	  x9:0x0001b000  x9=0x00000000
      117305000	     58552	80007cf4	0118e6b3	or	x13,x17,x17	 x17:0xfe32d70b x17:0xfe32d70b x13=0xfe32d70b
      117343000	     58571	80007cf8	fb4a3493	sltiu	x9,x20,-76	 x20:0x7fe65bc8  x9=0x00000001
      117351000	     58575	80007cfc	340b2773	csrrs	x14,mscratch,x22	 x22:0x00000000 x14=0x00000015
      117401000	     58600	80007d00	8e85	c.sub	x13,x9	 x13:0xfe32d70b  x9:0x00000001 x13=0xfe32d70a
      117409000	     58604	80007d02	02342f33	mulhsu	x30,x8,x3	  x8:0x00000000  x3:0x00000000 x30=0x00000000
      117411000	     58605	80007d06	61e5	c.lui	x3,0x19	  x3=0x00019000
      117413000	     58606	80007d08	40685eb3	sra	x29,x16,x6	 x16:0x0000021f  x6:0x00000000 x29=0x0000021f
      117467000	     58633	80007d0c	001d75b3	and	x11,x26,x1	 x26:0x00000000  x1:0xffffff96 x11=0x00000000
      117485000	     58642	80007d10	0ff0000f	fence	iorwiorwiorwiorwiorwiorwiorwiorwiorwiorwiorwiorwiorwiorwiorwiorwiorwiorwiorwiorwiorwiorwiorwiorwiorwiorwiorwiorwiorwiorwiorwiorwiorwiorwiorwiorwiorwiorwiorwiorwiorwiorwiorwiorwiorwiorwiorwiorwiorwiorwiorwiorwiorwiorwiorwiorwiorwiorwiorwiorwiorwiorwiorwiorwiorwiorwiorwiorwiorwiorwiorwiorwiorwiorwiorwiorwiorwiorwiorwiorwiorwiorwiorwiorwiorwiorwiorwiorwiorwiorwiorwiorwiorwiorwiorwiorwiorwiorwiorwiorwiorwiorwiorwiorwiorwiorwiorwiorwiorwiorwiorwiorwiorwiorwiorwiorwiorwiorwiorwiorwiorwiorwiorwiorwiorwiorwiorwiorwiorwiorwiorwiorwiorwiorwiorwiorwiorwiorwiorwiorwiorwiorwiorwiorwiorwiorwiorwiorwiorwiorwiorwiorwiorwiorwiorwiorwiorwiorwiorwiorwiorwiorwiorwiorwiorwiorwiorwiorwiorwiorwiorwiorwiorwiorwiorwiorwiorwiorwiorwiorwiorwiorwiorw,iorwiorwiorwiorwiorwiorwiorwiorwiorwiorwiorwiorwiorwiorwiorwiorwiorwiorwiorwiorwiorwiorwiorwiorwiorwiorwiorwiorwiorwiorwiorwiorwiorwiorwiorwiorwiorwiorwiorwiorwiorwiorwiorwiorwiorwiorwiorwiorwiorwiorwiorwiorwiorwiorwiorwiorwiorwiorwiorwiorwiorwiorwiorwiorwiorwiorwiorwiorwiorwiorwiorwiorwiorwiorwiorwiorwiorwiorwiorwiorwiorwiorwiorwiorwiorwiorwiorwiorwiorwiorwiorwiorwiorwiorwiorwiorwiorwiorwiorwiorwiorwiorwiorwiorwiorwiorwiorwiorwiorwiorwiorwiorwiorwiorwiorwiorwiorwiorwiorwiorwiorwiorwiorwiorwiorwiorwiorwiorwiorwiorwiorwiorwiorwiorwiorwiorwiorwiorwiorwiorwiorwiorwiorwiorwiorwiorwiorwiorwiorwiorwiorwiorwiorwiorwiorwiorwiorwiorwiorwiorwiorwiorwiorwiorwiorwiorwiorwiorwiorwiorwiorwiorwiorwiorwiorwiorwiorwiorwiorwiorwiorwiorwiorwiorw	
      117529000	     58664	80007d14	8f5d	c.or	x14,x15	 x14:0x00000015 x15:0x00000000 x14=0x00000015
      117531000	     58665	80007d16	40d85f33	sra	x30,x16,x13	 x16:0x0000021f x13:0xfe32d70a x30=0x00000000
      117561000	     58680	80007d1a	0042a103	lw	x2,4(x5)	  x5:0x8001ae08  x2=0x80000b40 PA:0x8001ae0c store:0x0000021f
      117563000	     58681	80007d1e	8f1d	c.sub	x14,x15	 x14:0x00000015 x15:0x00000000 x14=0x00000015
      117567000	     58683	80007d20	02d1	c.addi	x5,20	  x5:0x8001ae08  x5=0x8001ae1c
      117583000	     58691	80007d22	34031ff3	csrrw	x31,mscratch,x6	  x6:0x00000000 x31=0x00000015
      117589000	     58694	80007d26	3b6a6a13	ori	x20,x20,950	 x20:0x7fe65bc8 x20=0x7fe65bfe
      117591000	     58695	80007d2a	5b7d	c.li	x22,-1	 x22=0xffffffff
      117607000	     58703	80007d2c	00010793	addi	x15,x2,0	  x2:0x80000b40 x15=0x80000b40
      117615000	     58707	80007d30	000787e7	jalr	x15,0(x15)	 x15:0x80000b40 x15=0x80007d34
      117663000	     58731	80000b40	00bc60b3	or	x1,x24,x11	 x24:0xffff5000 x11:0x00000000  x1=0xffff5000
      117695000	     58747	80000b44	987d	c.andi	x8,-1	  x8:0x00000000  x8=0x00000000
      117731000	     58765	80000b46	40fe00b3	sub	x1,x28,x15	 x28:0x00000000 x15:0x80007d34  x1=0x7fff82cc
      117733000	     58766	80000b4a	34075ef3	csrrwi	x29,mscratch,14	 x29=0x00000000
      117735000	     58767	80000b4e	8f32	c.mv	x30,x12	  x0:0x00000000 x12:0x00000000 x30=0x00000000
      117737000	     58768	80000b50	0001	c.addi	x0,0	  x0:0x00000000  x0=0x00000000
      117743000	     58771	80000b52	014ae7b3	or	x15,x21,x20	 x21:0xa770af3b x20:0x7fe65bfe x15=0xfff6ffff
      117755000	     58777	80000b56	3be32b13	slti	x22,x6,958	  x6:0x00000000 x22=0x00000001
      117757000	     58778	80000b5a	95de	c.add	x11,x23	 x11:0x00000000 x23:0x00000047 x11=0x00000047
      117775000	     58787	80000b5c	40430c33	sub	x24,x6,x4	  x6:0x00000000  x4:0x0000021f x24=0xfffffde1
      117777000	     58788	80000b60	0210e763	bltu	x1,x1,80000b8e	  x1:0x7fff82cc  x1:0x7fff82cc  x0=0x00000000
      117823000	     58811	80000b64	013be263	bltu	x23,x19,80000b68	 x23:0x00000047 x19:0x8001ee7c  x0=0x00000000
      117847000	     58823	80000b68	8cad	c.xor	x9,x11	  x9:0x00000001 x11:0x00000047  x9=0x00000046
      117853000	     58826	80000b6a	d14d8893	addi	x17,x27,-748	 x27:0xfffffdef x17=0xfffffb03
      117855000	     58827	80000b6e	8e99	c.sub	x13,x14	 x13:0xfe32d70a x14:0x00000015 x13=0xfe32d6f5
      117863000	     58831	80000b70	03d9d733	divu	x14,x19,x29	 x19:0x8001ee7c x29:0x00000000 x14=0xffffffff
      117885000	     58842	80000b74	35557c13	andi	x24,x10,853	 x10:0x00000000 x24=0x00000000
      117887000	     58843	80000b78	0164e263	bltu	x9,x22,80000b7c	  x9:0x00000046 x22:0x00000001  x0=0x00000000
      117905000	     58852	80000b7c	00eddd13	srli	x26,x27,0xe	 x27:0xfffffdef x26=0x0003ffff
      117927000	     58863	80000b80	0001	c.addi	x0,0	  x0:0x00000000  x0=0x00000000
      117963000	     58881	80000b82	3405ba73	csrrc	x20,mscratch,x11	 x11:0x00000047 x20=0x0000000e
      117965000	     58882	80000b86	45c1	c.li	x11,16	 x11=0x00000010
      117971000	     58885	80000b88	051f7a63	bgeu	x30,x17,80000bdc	 x30:0x00000000 x17:0xfffffb03  x0=0x00000000
      118027000	     58913	80000b8c	845e	c.mv	x8,x23	  x0:0x00000000 x23:0x00000047  x8=0x00000047
      118055000	     58927	80000b8e	c63d0693	addi	x13,x26,-925	 x26:0x0003ffff x13=0x0003fc62
      118057000	     58928	80000b92	340b5af3	csrrwi	x21,mscratch,22	 x21=0x00000008
      118087000	     58943	80000b96	7560e617	auipc	x12,0x7560e	 x12=0xf560eb96
      118109000	     58954	80000b9a	0f5fc413	xori	x8,x31,245	 x31:0x00000015  x8=0x000000e0
      118111000	     58955	80000b9e	00007197	auipc	x3,0x7	  x3=0x80007b9e
      118143000	     58971	80000ba2	48818193	addi	x3,x3,1160	  x3:0x80007b9e  x3=0x80008026
      118161000	     58980	80000ba6	03752f33	mulhsu	x30,x10,x23	 x10:0x00000000 x23:0x00000047 x30=0x00000000
      118177000	     58988	80000baa	00c555b3	srl	x11,x10,x12	 x10:0x00000000 x12:0xf560eb96 x11=0x00000000
      118179000	     58989	80000bae	17fd	c.addi	x15,-1	 x15:0xfff6ffff x15=0xfff6fffe
      118181000	     58990	80000bb0	df123813	sltiu	x16,x4,-527	  x4:0x0000021f x16=0x00000001
      118225000	     59012	80000bb4	d0018193	addi	x3,x3,-768	  x3:0x80008026  x3=0x80007d26
      118299000	     59049	80000bb8	034bea33	rem	x20,x23,x20	 x23:0x00000047 x20:0x0000000e x20=0x00000001
      118301000	     59050	80000bbc	859a	c.mv	x11,x6	  x0:0x00000000  x6:0x00000000 x11=0x00000000
      118305000	     59052	80000bbe	00d49863	bne	x9,x13,80000bce	  x9:0x00000046 x13:0x0003fc62  x0=0x00000000
      118369000	     59084	80000bce	30118167	jalr	x2,769(x3)	  x3:0x80007d26  x2=0x80000bd2
      118413000	     59106	80008026	3ed4f537	lui	x10,0x3ed4f	 x10=0x3ed4f000
      118415000	     59107	8000802a	c099	c.beqz	x9,80008030	  x9:0x00000046
      118435000	     59117	8000802c	3406d0f3	csrrwi	x1,mscratch,13	  x1=0x00000016
      118483000	     59141	80008030	fcc28293	addi	x5,x5,-52	  x5:0x8001ae1c  x5=0x8001ade8
      118557000	     59178	80008034	0022a223	sw	x2,4(x5)	  x5:0x8001ade8  x2:0x80000bd2 PA:0x8001adec store:0x80000bd2 load:0x80000bd2
      118559000	     59179	80008038	340c7df3	csrrci	x27,mscratch,24	 x27=0x0000000d
      118561000	     59180	8000803c	717d	c.addi16sp	x2,-16	  x2:0x80000bd2  x2=0x80000bc2
      118563000	     59181	8000803e	f19ba113	slti	x2,x23,-231	 x23:0x00000047  x2=0x00000000
      118565000	     59182	80008042	6ecd	c.lui	x29,0x13	 x29=0x00013000
      118589000	     59194	80008044	03c76db3	rem	x27,x14,x28	 x14:0xffffffff x28:0x00000000 x27=0xffffffff
      118599000	     59199	80008048	01614763	blt	x2,x22,80008056	  x2:0x00000000 x22:0x00000001  x0=0x00000000
      118649000	     59224	80008056	cdfff16f	jal	x2,80007d34	  x2=0x8000805a
      118671000	     59235	80007d34	2d798493	addi	x9,x19,727	 x19:0x8001ee7c  x9=0x8001f153
      118799000	     59299	80007d38	021a6933	rem	x18,x20,x1	 x20:0x00000001  x1:0x00000016 x18=0x00000001
      118801000	     59300	80007d3c	3405a673	csrrs	x12,mscratch,x11	 x11:0x00000000 x12=0x00000005
      118803000	     59301	80007d40	12e1	c.addi	x5,-8	  x5:0x8001ade8  x5=0x8001ade0
      118805000	     59302	80007d42	402704b3	sub	x9,x14,x2	 x14:0xffffffff  x2:0x8000805a  x9=0x7fff7fa5
      118879000	     59339	80007d46	0022a223	sw	x2,4(x5)	  x5:0x8001ade0  x2:0x8000805a PA:0x8001ade4 store:0x8000805a load:0x8000805a
      118881000	     59340	80007d4a	eeb4f613	andi	x12,x9,-277	  x9:0x7fff7fa5 x12=0x7fff7ea1
      118883000	     59341	80007d4e	4945	c.li	x18,17	 x18=0x00000011
      118885000	     59342	80007d50	deb50137	lui	x2,0xdeb50	  x2=0xdeb50000
      118905000	     59352	80007d54	c23be793	ori	x15,x23,-989	 x23:0x00000047 x15=0xfffffc67
      118919000	     59359	80007d58	3bb46c13	ori	x24,x8,955	  x8:0x000000e0 x24=0x000003fb
      118933000	     59366	80007d5c	409f0db3	sub	x27,x30,x9	 x30:0x00000000  x9:0x7fff7fa5 x27=0x8000805b
      118949000	     59374	80007d60	030324b3	mulhsu	x9,x6,x16	  x6:0x00000000 x16:0x00000001  x9=0x00000000
      118975000	     59387	80007d64	fa141517	auipc	x10,0xfa141	 x10=0x7a148d64
      118977000	     59388	80007d68	ff8786b7	lui	x13,0xff878	 x13=0xff878000
      119017000	     59408	80007d6c	c005	c.beqz	x8,80007d8c	  x8:0x000000e0
      119035000	     59417	80007d6e	402c5793	srai	x15,x24,0x2	 x24:0x000003fb x15=0x000000fe
      119047000	     59423	80007d72	01f4a7b3	slt	x15,x9,x31	  x9:0x00000000 x31:0x00000015 x15=0x00000001
      119131000	     59465	80007d76	03df4233	div	x4,x30,x29	 x30:0x00000000 x29:0x00013000  x4=0x00000000
      119133000	     59466	80007d7a	887a	c.mv	x16,x30	  x0:0x00000000 x30:0x00000000 x16=0x00000000
      119137000	     59468	80007d7c	039de763	bltu	x27,x25,80007daa	 x27:0x8000805b x25:0xffffffff  x0=0x00000000
      119175000	     59487	80007daa	9b7d	c.andi	x14,-1	 x14:0xffffffff x14=0xffffffff
      119181000	     59490	80007dac	ef69bbb7	lui	x23,0xef69b	 x23=0xef69b000
      119183000	     59491	80007db0	400fd033	sra	x0,x31,x0	 x31:0x00000015  x0:0x00000000  x0=0x00000000
      119295000	     59547	80007db4	02ee7b33	remu	x22,x28,x14	 x28:0x00000000 x14:0xffffffff x22=0x00000000
      119301000	     59550	80007db8	03168c33	mul	x24,x13,x17	 x13:0xff878000 x17:0xfffffb03 x24=0x59168000
      119303000	     59551	80007dbc	00b50ab3	add	x21,x10,x11	 x10:0x7a148d64 x11:0x00000000 x21=0x7a148d64
      119309000	     59554	80007dc0	013c3b33	sltu	x22,x24,x19	 x24:0x59168000 x19:0x8001ee7c x22=0x00000001
      119339000	     59569	80007dc4	ea1e3093	sltiu	x1,x28,-351	 x28:0x00000000  x1=0x00000001
      119343000	     59571	80007dc8	00ee6463	bltu	x28,x14,80007dd0	 x28:0x00000000 x14:0xffffffff  x0=0x00000000
      119501000	     59650	80007dd0	034feeb3	rem	x29,x31,x20	 x31:0x00000015 x20:0x00000001 x29=0x00000000
      119503000	     59651	80007dd4	003f7733	and	x14,x30,x3	 x30:0x00000000  x3:0x80007d26 x14=0x00000000
      119505000	     59652	80007dd8	018e94b3	sll	x9,x29,x24	 x29:0x00000000 x24:0x59168000  x9=0x00000000
      119507000	     59653	80007ddc	8f9d	c.sub	x15,x15	 x15:0x00000001 x15:0x00000001 x15=0x00000000
      119531000	     59665	80007dde	03e6dfb3	divu	x31,x13,x30	 x13:0xff878000 x30:0x00000000 x31=0xffffffff
      119533000	     59666	80007de2	00acd193	srli	x3,x25,0xa	 x25:0xffffffff  x3=0x003fffff
      119557000	     59678	80007de6	02cb01b3	mul	x3,x22,x12	 x22:0x00000001 x12:0x7fff7ea1  x3=0x7fff7ea1
      119559000	     59679	80007dea	0a36	c.slli	x20,0xd	 x20:0x00000001 x20=0x00002000
      119561000	     59680	80007dec	00728363	beq	x5,x7,80007df2	  x5:0x8001ade0  x7:0x00000000  x0=0x00000000
      119599000	     59699	80007df0	c909	c.beqz	x10,80007e02	 x10:0x7a148d64
      119601000	     59700	80007df2	8e41	c.or	x12,x8	 x12:0x7fff7ea1  x8:0x000000e0 x12=0x7fff7ee1
      119605000	     59702	80007df4	03011c63	bne	x2,x16,80007e2c	  x2:0xdeb50000 x16:0x00000000  x0=0x00000000
      119637000	     59718	80007e2c	bfd41517	auipc	x10,0xbfd41	 x10=0x3fd48e2c
      119699000	     59749	80007e30	05a4f163	bgeu	x9,x26,80007e72	  x9:0x00000000 x26:0x0003ffff  x0=0x00000000
      119741000	     59770	80007e34	4d91	c.li	x27,4	 x27=0x00000004
      119743000	     59771	80007e36	8eb5	c.xor	x13,x13	 x13:0xff878000 x13:0xff878000 x13=0x00000000
      119745000	     59772	80007e38	00938533	add	x10,x7,x9	  x7:0x00000000  x9:0x00000000 x10=0x00000000
      119753000	     59776	80007e3c	0191cd33	xor	x26,x3,x25	  x3:0x7fff7ea1 x25:0xffffffff x26=0x8000815e
      119773000	     59786	80007e40	0b6e7613	andi	x12,x28,182	 x28:0x00000000 x12=0x00000000
      119783000	     59791	80007e44	01f321b3	slt	x3,x6,x31	  x6:0x00000000 x31:0xffffffff  x3=0x00000000
      119791000	     59795	80007e48	01390f63	beq	x18,x19,80007e66	 x18:0x00000011 x19:0x8001ee7c  x0=0x00000000
      119837000	     59818	80007e4c	01081f13	slli	x30,x16,0x10	 x16:0x00000000 x30=0x00000000
      119847000	     59823	80007e50	01e15733	srl	x14,x2,x30	  x2:0xdeb50000 x30:0x00000000 x14=0xdeb50000
      119881000	     59840	80007e54	340563f3	csrrsi	x7,mscratch,10	  x7=0x00000005
      119885000	     59842	80007e58	8e21	c.xor	x12,x8	 x12:0x00000000  x8:0x000000e0 x12=0x000000e0
      119889000	     59844	80007e5a	340a6b73	csrrsi	x22,mscratch,20	 x22=0x0000000f
      119909000	     59854	80007e5e	409cd633	sra	x12,x25,x9	 x25:0xffffffff  x9:0x00000000 x12=0xffffffff
      119931000	     59865	80007e62	012187b3	add	x15,x3,x18	  x3:0x00000000 x18:0x00000011 x15=0x00000011
      119933000	     59866	80007e66	8f59	c.or	x14,x14	 x14:0xdeb50000 x14:0xdeb50000 x14=0xdeb50000
      119937000	     59868	80007e68	8eb9	c.xor	x13,x14	 x13:0x00000000 x14:0xdeb50000 x13=0xdeb50000
      119939000	     59869	80007e6a	0001	c.addi	x0,0	  x0:0x00000000  x0=0x00000000
      119965000	     59882	80007e6c	85b9	c.srai	x11,0xe	 x11:0x00000000 x11=0x00000000
      119975000	     59887	80007e6e	0314e163	bltu	x9,x17,80007e90	  x9:0x00000000 x17:0xfffffb03  x0=0x00000000
      120025000	     59912	80007e90	417a06b3	sub	x13,x20,x23	 x20:0x00002000 x23:0xef69b000 x13=0x10967000
      120027000	     59913	80007e94	f5626513	ori	x10,x4,-170	  x4:0x00000000 x10=0xffffff56
      120029000	     59914	80007e98	006d93b3	sll	x7,x27,x6	 x27:0x00000004  x6:0x00000000  x7=0x00000004
      120123000	     59961	80007e9c	027ff6b3	remu	x13,x31,x7	 x31:0xffffffff  x7:0x00000004 x13=0x00000003
      120125000	     59962	80007ea0	01db13b3	sll	x7,x22,x29	 x22:0x0000000f x29:0x00000000  x7=0x0000000f
      120127000	     59963	80007ea4	2bce7a13	andi	x20,x28,700	 x28:0x00000000 x20=0x00000000
      120129000	     59964	80007ea8	8ce9	c.and	x9,x10	  x9:0x00000000 x10:0xffffff56  x9=0x00000000
      120147000	     59973	80007eaa	01e5b033	sltu	x0,x11,x30	 x11:0x00000000 x30:0x00000000  x0=0x00000000
      120149000	     59974	80007eae	9bfd	c.andi	x15,-1	 x15:0x00000011 x15=0x00000011
      120153000	     59976	80007eb0	01e4f233	and	x4,x9,x30	  x9:0x00000000 x30:0x00000000  x4=0x00000000
      120175000	     59987	80007eb4	911e	c.add	x2,x7	  x2:0xdeb50000  x7:0x0000000f  x2=0xdeb5000f
      120189000	     59994	80007eb6	3403e5f3	csrrsi	x11,mscratch,7	 x11=0x0000001f
      120191000	     59995	80007eba	8db1	c.xor	x11,x12	 x11:0x0000001f x12:0xffffffff x11=0xffffffe0
      120201000	     60000	80007ebc	02519163	bne	x3,x5,80007ede	  x3:0x00000000  x5:0x8001ade0  x0=0x00000000
      120241000	     60020	80007ede	34059af3	csrrw	x21,mscratch,x11	 x11:0xffffffe0 x21=0x0000001f
      120335000	     60067	80007ee2	02f34e33	div	x28,x6,x15	  x6:0x00000000 x15:0x00000011 x28=0x00000000
      120337000	     60068	80007ee6	8d49	c.or	x10,x10	 x10:0xffffff56 x10:0xffffff56 x10=0xffffff56
      120339000	     60069	80007ee8	01998363	beq	x19,x25,80007eee	 x19:0x8001ee7c x25:0xffffffff  x0=0x00000000
      120341000	     60070	80007eec	4cf5	c.li	x25,29	 x25=0x0000001d
      120343000	     60071	80007eee	0001	c.addi	x0,0	  x0:0x00000000  x0=0x00000000
      120355000	     60077	80007ef0	f7730e93	addi	x29,x6,-137	  x6:0x00000000 x29=0xffffff77
      120357000	     60078	80007ef4	8cb5	c.xor	x9,x13	  x9:0x00000000 x13:0x00000003  x9=0x00000003
      120361000	     60080	80007ef6	3401b073	csrrc	x0,mscratch,x3	  x3:0x00000000  x0=0x00000000
      120363000	     60081	80007efa	8c15	c.sub	x8,x13	  x8:0x000000e0 x13:0x00000003  x8=0x000000dd
      120365000	     60082	80007efc	01508f33	add	x30,x1,x21	  x1:0x00000001 x21:0x0000001f x30=0x00000020
      120367000	     60083	80007f00	1e7d	c.addi	x28,-1	 x28:0x00000000 x28=0xffffffff
      120369000	     60084	80007f02	987d	c.andi	x8,-1	  x8:0x000000dd  x8=0x000000dd
      120389000	     60094	80007f04	01d09193	slli	x3,x1,0x1d	  x1:0x00000001  x3=0x20000000
      120401000	     60100	80007f08	01845113	srli	x2,x8,0x18	  x8:0x000000dd  x2=0x00000000
      120419000	     60109	80007f0c	fba33113	sltiu	x2,x6,-70	  x6:0x00000000  x2=0x00000001
      120423000	     60111	80007f10	01eb27b3	slt	x15,x22,x30	 x22:0x0000000f x30:0x00000020 x15=0x00000001
      120439000	     60119	80007f14	013c6f33	or	x30,x24,x19	 x24:0x59168000 x19:0x8001ee7c x30=0xd917ee7c
      120445000	     60122	80007f18	03d10db3	mul	x27,x2,x29	  x2:0x00000001 x29:0xffffff77 x27=0xffffff77
      120447000	     60123	80007f1c	0455	c.addi	x8,21	  x8:0x000000dd  x8=0x000000f2
      120457000	     60128	80007f1e	0f8bf493	andi	x9,x23,248	 x23:0xef69b000  x9=0x00000000
      120473000	     60136	80007f22	3406bd73	csrrc	x26,mscratch,x13	 x13:0x00000003 x26=0xffffffe0
      120475000	     60137	80007f26	6b15	c.lui	x22,0x5	 x22=0x00005000
      120477000	     60138	80007f28	41a8d913	srai	x18,x17,0x1a	 x17:0xfffffb03 x18=0xffffffff
      120497000	     60148	80007f2c	07283c13	sltiu	x24,x16,114	 x16:0x00000000 x24=0x00000001
      120503000	     60151	80007f30	23427893	andi	x17,x4,564	  x4:0x00000000 x17=0x00000000
      120531000	     60165	80007f34	340128f3	csrrs	x17,mscratch,x2	  x2:0x00000001 x17=0xffffffe0
      120545000	     60172	80007f38	011a2033	slt	x0,x20,x17	 x20:0x00000000 x17:0xffffffe0  x0=0x00000000
      120547000	     60173	80007f3c	3404bff3	csrrc	x31,mscratch,x9	  x9:0x00000000 x31=0xffffffe1
      120565000	     60182	80007f40	ce89	c.beqz	x13,80007f5a	 x13:0x00000003
      120577000	     60188	80007f42	0301ee33	rem	x28,x3,x16	  x3:0x20000000 x16:0x00000000 x28=0x20000000
      120595000	     60197	80007f46	0129a3b3	slt	x7,x19,x18	 x19:0x8001ee7c x18:0xffffffff  x7=0x00000001
      120683000	     60241	80007f4a	037f46b3	div	x13,x30,x23	 x30:0xd917ee7c x23:0xef69b000 x13=0x00000002
      120757000	     60278	80007f4e	03ba46b3	div	x13,x20,x27	 x20:0x00000000 x27:0xffffff77 x13=0x00000000
      120759000	     60279	80007f52	03de0263	beq	x28,x29,80007f76	 x28:0x20000000 x29:0xffffff77  x0=0x00000000
      120761000	     60280	80007f56	8c62	c.mv	x24,x24	  x0:0x00000000 x24:0x00000001 x24=0x00000001
      120771000	     60285	80007f58	8d2d	c.xor	x10,x11	 x10:0xffffff56 x11:0xffffffe0 x10=0x000000b6
      120779000	     60289	80007f5a	01b8d533	srl	x10,x17,x27	 x17:0xffffffe0 x27:0xffffff77 x10=0x000001ff
      120821000	     60310	80007f5e	060c4613	xori	x12,x24,96	 x24:0x00000001 x12=0x00000061
      120865000	     60332	80007f62	03b56e63	bltu	x10,x27,80007f9e	 x10:0x000001ff x27:0xffffff77  x0=0x00000000
      120907000	     60353	80007f9e	020a0b33	mul	x22,x20,x0	 x20:0x00000000  x0:0x00000000 x22=0x00000000
      120909000	     60354	80007fa2	8672	c.mv	x12,x28	  x0:0x00000000 x28:0x20000000 x12=0x20000000
      120911000	     60355	80007fa4	01b53433	sltu	x8,x10,x27	 x10:0x000001ff x27:0xffffff77  x8=0x00000001
      120939000	     60369	80007fa8	9af2	c.add	x21,x28	 x21:0x0000001f x28:0x20000000 x21=0x2000001f
      120949000	     60374	80007faa	00719533	sll	x10,x3,x7	  x3:0x20000000  x7:0x00000001 x10=0x40000000
      120969000	     60384	80007fae	005a9033	sll	x0,x21,x5	 x21:0x2000001f  x5:0x8001ade0  x0=0x00000000
      120971000	     60385	80007fb2	82b1	c.srli	x13,0xc	 x13:0x00000000 x13=0x00000000
      120973000	     60386	80007fb4	c321	c.beqz	x14,80007ff4	 x14:0xdeb50000
      121009000	     60404	80007fb6	340e33f3	csrrc	x7,mscratch,x28	 x28:0x20000000  x7=0xffffffe1
      121011000	     60405	80007fba	8f0d	c.sub	x14,x11	 x14:0xdeb50000 x11:0xffffffe0 x14=0xdeb50020
      121015000	     60407	80007fbc	eb6bc013	xori	x0,x23,-330	 x23:0xef69b000  x0=0x00000000
      121037000	     60418	80007fc0	00b95e63	bge	x18,x11,80007fdc	 x18:0xffffffff x11:0xffffffe0  x0=0x00000000
      121045000	     60422	80007fc4	020babb3	mulhsu	x23,x23,x0	 x23:0xef69b000  x0:0x00000000 x23=0x00000000
      121051000	     60425	80007fc8	03444e63	blt	x8,x20,80008004	  x8:0x00000001 x20:0x00000000  x0=0x00000000
      121063000	     60431	80007fcc	3f860b93	addi	x23,x12,1016	 x12:0x20000000 x23=0x200003f8
      121123000	     60461	80007fd0	8e0d	c.sub	x12,x11	 x12:0x20000000 x11:0xffffffe0 x12=0x20000020
      121125000	     60462	80007fd2	0001	c.addi	x0,0	  x0:0x00000000  x0=0x00000000
      121127000	     60463	80007fd4	01ba5b63	bge	x20,x27,80007fea	 x20:0x00000000 x27:0xffffff77  x0=0x00000000
      121187000	     60493	80007fd8	0046f033	and	x0,x13,x4	 x13:0x00000000  x4:0x00000000  x0=0x00000000
      121189000	     60494	80007fdc	e9b64893	xori	x17,x12,-357	 x12:0x20000020 x17=0xdffffebb
      121211000	     60505	80007fe0	015fc233	xor	x4,x31,x21	 x31:0xffffffe1 x21:0x2000001f  x4=0xdffffffe
      121233000	     60516	80007fe4	00dedfb3	srl	x31,x29,x13	 x29:0xffffff77 x13:0x00000000 x31=0xffffff77
      121249000	     60524	80007fe8	8029	c.srli	x8,0xa	  x8:0x00000001  x8=0x00000000
      121251000	     60525	80007fea	82b5	c.srli	x13,0xd	 x13:0x00000000 x13=0x00000000
      121271000	     60535	80007fec	0269f033	remu	x0,x19,x6	 x19:0x8001ee7c  x6:0x00000000  x0=0x00000000
      121275000	     60537	80007ff0	2cfd0813	addi	x16,x26,719	 x26:0xffffffe0 x16=0x000002af
      121299000	     60549	80007ff4	01038863	beq	x7,x16,80008004	  x7:0xffffffe1 x16:0x000002af  x0=0x00000000
      121313000	     60556	80007ff8	40a5d093	srai	x1,x11,0xa	 x11:0xffffffe0  x1=0xffffffff
      121335000	     60567	80007ffc	007a1833	sll	x16,x20,x7	 x20:0x00000000  x7:0xffffffe1 x16=0x00000000
      121339000	     60569	80008000	0ff0000f	fence	iorwiorwiorwiorwiorwiorwiorwiorwiorwiorwiorwiorwiorwiorwiorwiorwiorwiorwiorwiorwiorwiorwiorwiorwiorwiorwiorwiorwiorwiorwiorwiorwiorwiorwiorwiorwiorwiorwiorwiorwiorwiorwiorwiorwiorwiorwiorwiorwiorwiorwiorwiorwiorwiorwiorwiorwiorwiorwiorwiorwiorwiorwiorwiorwiorwiorwiorwiorwiorwiorwiorwiorwiorwiorwiorwiorwiorwiorwiorwiorwiorwiorwiorwiorwiorwiorwiorwiorwiorwiorwiorwiorwiorwiorwiorwiorwiorwiorwiorwiorwiorwiorwiorwiorwiorwiorwiorwiorwiorwiorwiorwiorwiorwiorwiorwiorwiorwiorwiorwiorwiorwiorwiorwiorwiorwiorwiorwiorwiorwiorwiorwiorwiorwiorwiorwiorwiorwiorwiorwiorwiorwiorwiorwiorwiorwiorwiorwiorwiorwiorwiorwiorwiorwiorwiorwiorwiorwiorwiorwiorwiorwiorwiorwiorwiorwiorwiorwiorwiorwiorwiorwiorwiorwiorwiorwiorwiorwiorwiorwiorwiorwiorwiorwiorwiorw,iorwiorwiorwiorwiorwiorwiorwiorwiorwiorwiorwiorwiorwiorwiorwiorwiorwiorwiorwiorwiorwiorwiorwiorwiorwiorwiorwiorwiorwiorwiorwiorwiorwiorwiorwiorwiorwiorwiorwiorwiorwiorwiorwiorwiorwiorwiorwiorwiorwiorwiorwiorwiorwiorwiorwiorwiorwiorwiorwiorwiorwiorwiorwiorwiorwiorwiorwiorwiorwiorwiorwiorwiorwiorwiorwiorwiorwiorwiorwiorwiorwiorwiorwiorwiorwiorwiorwiorwiorwiorwiorwiorwiorwiorwiorwiorwiorwiorwiorwiorwiorwiorwiorwiorwiorwiorwiorwiorwiorwiorwiorwiorwiorwiorwiorwiorwiorwiorwiorwiorwiorwiorwiorwiorwiorwiorwiorwiorwiorwiorwiorwiorwiorwiorwiorwiorwiorwiorwiorwiorwiorwiorwiorwiorwiorwiorwiorwiorwiorwiorwiorwiorwiorwiorwiorwiorwiorwiorwiorwiorwiorwiorwiorwiorwiorwiorwiorwiorwiorwiorwiorwiorwiorwiorwiorwiorwiorwiorwiorwiorwiorwiorwiorwiorwiorwiorw	
      121349000	     60574	80008004	890d	c.andi	x10,3	 x10:0x40000000 x10=0x00000000
      121369000	     60584	80008006	0042a103	lw	x2,4(x5)	  x5:0x8001ade0  x2=0x8000805a PA:0x8001ade4 store:0xdffffffe
      121371000	     60585	8000800a	02a1	c.addi	x5,8	  x5:0x8001ade0  x5=0x8001ade8
      121373000	     60586	8000800c	3400ee73	csrrsi	x28,mscratch,1	 x28=0xdfffffe1
      121375000	     60587	80008010	015d8bb3	add	x23,x27,x21	 x27:0xffffff77 x21:0x2000001f x23=0x1fffff96
      121377000	     60588	80008014	8a9d	c.andi	x13,7	 x13:0x00000000 x13=0x00000000
      121423000	     60611	80008016	41815093	srai	x1,x2,0x18	  x2:0x8000805a  x1=0xffffff80
      121425000	     60612	8000801a	8cbd	c.xor	x9,x15	  x9:0x00000000 x15:0x00000001  x9=0x00000001
      121427000	     60613	8000801c	0078b633	sltu	x12,x17,x7	 x17:0xdffffebb  x7:0xffffffe1 x12=0x00000001
      121447000	     60623	80008020	00010a13	addi	x20,x2,0	  x2:0x8000805a x20=0x8000805a
      121463000	     60631	80008024	9a02	c.jalr	x20	 x20:0x8000805a  x1=0x80008026
      121469000	     60634	8000805a	1098	c.addi4spn	x14,x2,96	 x14=0x800080ba
      121501000	     60650	8000805c	016d5a93	srli	x21,x26,0x16	 x26:0xffffffe0 x21=0x000003ff
      121549000	     60674	80008060	8e31	c.xor	x12,x12	 x12:0x00000001 x12:0x00000001 x12=0x00000000
      121557000	     60678	80008062	035fbcb3	mulhu	x25,x31,x21	 x31:0xffffff77 x21:0x000003ff x25=0x000003fe
      121563000	     60681	80008066	00b063b3	or	x7,x0,x11	  x0:0x00000000 x11:0xffffffe0  x7=0xffffffe0
      121615000	     60707	8000806a	4116dc33	sra	x24,x13,x17	 x13:0x00000000 x17:0xdffffebb x24=0x00000000
      121621000	     60710	8000806e	031e8833	mul	x16,x29,x17	 x29:0xffffff77 x17:0xdffffebb x16=0x2000aded
      121627000	     60713	80008072	fffd4717	auipc	x14,0xfffd4	 x14=0x7ffdc072
      121629000	     60714	80008076	34408113	addi	x2,x1,836	  x1:0x80008026  x2=0x8000836a
      121631000	     60715	8000807a	83cd	c.srli	x15,0x13	 x15:0x00000001 x15=0x00000000
      121691000	     60745	8000807c	8c4d	c.or	x8,x11	  x8:0x00000000 x11:0xffffffe0  x8=0xffffffe0
      121699000	     60749	8000807e	df489d97	auipc	x27,0xdf489	 x27=0x5f49107e
      121715000	     60757	80008082	00000617	auipc	x12,0x0	 x12=0x80008082
      121733000	     60766	80008086	cb260613	addi	x12,x12,-846	 x12:0x80008082 x12=0x80007d34
      121807000	     60803	8000808a	03f6ce33	div	x28,x13,x31	 x13:0x00000000 x31:0xffffff77 x28=0x00000000
      121809000	     60804	8000808e	1de60613	addi	x12,x12,478	 x12:0x80007d34 x12=0x80007f12
      121817000	     60808	80008092	035c9833	mulh	x16,x25,x21	 x25:0x000003fe x21:0x000003ff x16=0x00000000
      121819000	     60809	80008096	85de	c.mv	x11,x23	  x0:0x00000000 x23:0x1fffff96 x11=0x1fffff96
      121871000	     60835	80008098	3401ea73	csrrsi	x20,mscratch,3	 x20=0xdfffffe1
      121945000	     60872	8000809c	0329f833	remu	x16,x19,x18	 x19:0x8001ee7c x18:0xffffffff x16=0x8001ee7c
      121949000	     60874	800080a0	01221363	bne	x4,x18,800080a6	  x4:0xdffffffe x18:0xffffffff  x0=0x00000000
      121981000	     60890	800080a6	e2360167	jalr	x2,-477(x12)	 x12:0x80007f12  x2=0x800080aa
      122027000	     60913	80007d34	2d798493	addi	x9,x19,727	 x19:0x8001ee7c  x9=0x8001f153
      122133000	     60966	80007d38	021a6933	rem	x18,x20,x1	 x20:0xdfffffe1  x1:0x80008026 x18=0xdfffffe1
      122135000	     60967	80007d3c	3405a673	csrrs	x12,mscratch,x11	 x11:0x1fffff96 x12=0xdfffffe3
      122137000	     60968	80007d40	12e1	c.addi	x5,-8	  x5:0x8001ade8  x5=0x8001ade0
      122139000	     60969	80007d42	402704b3	sub	x9,x14,x2	 x14:0x7ffdc072  x2:0x800080aa  x9=0xfffd3fc8
      122197000	     60998	80007d46	0022a223	sw	x2,4(x5)	  x5:0x8001ade0  x2:0x800080aa PA:0x8001ade4 store:0x800080aa load:0x800080aa
      122199000	     60999	80007d4a	eeb4f613	andi	x12,x9,-277	  x9:0xfffd3fc8 x12=0xfffd3ec8
      122201000	     61000	80007d4e	4945	c.li	x18,17	 x18=0x00000011
      122223000	     61011	80007d50	deb50137	lui	x2,0xdeb50	  x2=0xdeb50000
      122229000	     61014	80007d54	c23be793	ori	x15,x23,-989	 x23:0x1fffff96 x15=0xffffffb7
      122243000	     61021	80007d58	3bb46c13	ori	x24,x8,955	  x8:0xffffffe0 x24=0xfffffffb
      122285000	     61042	80007d5c	409f0db3	sub	x27,x30,x9	 x30:0xd917ee7c  x9:0xfffd3fc8 x27=0xd91aaeb4
      122293000	     61046	80007d60	030324b3	mulhsu	x9,x6,x16	  x6:0x00000000 x16:0x8001ee7c  x9=0x00000000
      122301000	     61050	80007d64	fa141517	auipc	x10,0xfa141	 x10=0x7a148d64
      122319000	     61059	80007d68	ff8786b7	lui	x13,0xff878	 x13=0xff878000
      122325000	     61062	80007d6c	c005	c.beqz	x8,80007d8c	  x8:0xffffffe0
      122361000	     61080	80007d6e	402c5793	srai	x15,x24,0x2	 x24:0xfffffffb x15=0xfffffffe
      122363000	     61081	80007d72	01f4a7b3	slt	x15,x9,x31	  x9:0x00000000 x31:0xffffff77 x15=0x00000000
      122487000	     61143	80007d76	03df4233	div	x4,x30,x29	 x30:0xd917ee7c x29:0xffffff77  x4=0x0048b383
      122489000	     61144	80007d7a	887a	c.mv	x16,x30	  x0:0x00000000 x30:0xd917ee7c x16=0xd917ee7c
      122491000	     61145	80007d7c	039de763	bltu	x27,x25,80007daa	 x27:0xd91aaeb4 x25:0x000003fe  x0=0x00000000
      122565000	     61182	80007d80	03e5e033	rem	x0,x11,x30	 x11:0x1fffff96 x30:0xd917ee7c  x0=0x00000000
      122567000	     61183	80007d84	3408d073	csrrwi	x0,mscratch,17	  x0=0x00000000
      122569000	     61184	80007d88	017ecdb3	xor	x27,x29,x23	 x29:0xffffff77 x23:0x1fffff96 x27=0xe00000e1
      122571000	     61185	80007d8c	0ff0000f	fence	iorwiorwiorwiorwiorwiorwiorwiorwiorwiorwiorwiorwiorwiorwiorwiorwiorwiorwiorwiorwiorwiorwiorwiorwiorwiorwiorwiorwiorwiorwiorwiorwiorwiorwiorwiorwiorwiorwiorwiorwiorwiorwiorwiorwiorwiorwiorwiorwiorwiorwiorwiorwiorwiorwiorwiorwiorwiorwiorwiorwiorwiorwiorwiorwiorwiorwiorwiorwiorwiorwiorwiorwiorwiorwiorwiorwiorwiorwiorwiorwiorwiorwiorwiorwiorwiorwiorwiorwiorwiorwiorwiorwiorwiorwiorwiorwiorwiorwiorwiorwiorwiorwiorwiorwiorwiorwiorwiorwiorwiorwiorwiorwiorwiorwiorwiorwiorwiorwiorwiorwiorwiorwiorwiorwiorwiorwiorwiorwiorwiorwiorwiorwiorwiorwiorwiorwiorwiorwiorwiorwiorwiorwiorwiorwiorwiorwiorwiorwiorwiorwiorwiorwiorwiorwiorwiorwiorwiorwiorwiorwiorwiorwiorwiorwiorwiorwiorwiorwiorwiorwiorwiorwiorwiorwiorwiorwiorwiorwiorwiorwiorwiorwiorwiorwiorwiorwiorw,iorwiorwiorwiorwiorwiorwiorwiorwiorwiorwiorwiorwiorwiorwiorwiorwiorwiorwiorwiorwiorwiorwiorwiorwiorwiorwiorwiorwiorwiorwiorwiorwiorwiorwiorwiorwiorwiorwiorwiorwiorwiorwiorwiorwiorwiorwiorwiorwiorwiorwiorwiorwiorwiorwiorwiorwiorwiorwiorwiorwiorwiorwiorwiorwiorwiorwiorwiorwiorwiorwiorwiorwiorwiorwiorwiorwiorwiorwiorwiorwiorwiorwiorwiorwiorwiorwiorwiorwiorwiorwiorwiorwiorwiorwiorwiorwiorwiorwiorwiorwiorwiorwiorwiorwiorwiorwiorwiorwiorwiorwiorwiorwiorwiorwiorwiorwiorwiorwiorwiorwiorwiorwiorwiorwiorwiorwiorwiorwiorwiorwiorwiorwiorwiorwiorwiorwiorwiorwiorwiorwiorwiorwiorwiorwiorwiorwiorwiorwiorwiorwiorwiorwiorwiorwiorwiorwiorwiorwiorwiorwiorwiorwiorwiorwiorwiorwiorwiorwiorwiorwiorwiorwiorwiorwiorwiorwiorwiorwiorwiorwiorwiorwiorwiorwiorwiorwiorwiorw	
      122599000	     61199	80007d90	04e9e463	bltu	x19,x14,80007dd8	 x19:0x8001ee7c x14:0x7ffdc072  x0=0x00000000
      122601000	     61200	80007d94	8c19	c.sub	x8,x14	  x8:0xffffffe0 x14:0x7ffdc072  x8=0x80023f6e
      122639000	     61219	80007d96	ff13d517	auipc	x10,0xff13d	 x10=0x7f144d96
      122647000	     61223	80007d9a	01472933	slt	x18,x14,x20	 x14:0x7ffdc072 x20:0xdfffffe1 x18=0x00000000
      122703000	     61251	80007d9e	412b5bb3	sra	x23,x22,x18	 x22:0x00000000 x18:0x00000000 x23=0x00000000
      122745000	     61272	80007da2	0010cab3	xor	x21,x1,x1	  x1:0x80008026  x1:0x80008026 x21=0x00000000
      122763000	     61281	80007da6	012f4eb3	xor	x29,x30,x18	 x30:0xd917ee7c x18:0x00000000 x29=0xd917ee7c
      122765000	     61282	80007daa	9b7d	c.andi	x14,-1	 x14:0x7ffdc072 x14=0x7ffdc072
      122805000	     61302	80007dac	ef69bbb7	lui	x23,0xef69b	 x23=0xef69b000
      122829000	     61314	80007db0	400fd033	sra	x0,x31,x0	 x31:0xffffff77  x0:0x00000000  x0=0x00000000
      122903000	     61351	80007db4	02ee7b33	remu	x22,x28,x14	 x28:0x00000000 x14:0x7ffdc072 x22=0x00000000
      122909000	     61354	80007db8	03168c33	mul	x24,x13,x17	 x13:0xff878000 x17:0xdffffebb x24=0x98fa8000
      122911000	     61355	80007dbc	00b50ab3	add	x21,x10,x11	 x10:0x7f144d96 x11:0x1fffff96 x21=0x9f144d2c
      122913000	     61356	80007dc0	013c3b33	sltu	x22,x24,x19	 x24:0x98fa8000 x19:0x8001ee7c x22=0x00000000
      122915000	     61357	80007dc4	ea1e3093	sltiu	x1,x28,-351	 x28:0x00000000  x1=0x00000001
      122955000	     61377	80007dc8	00ee6463	bltu	x28,x14,80007dd0	 x28:0x00000000 x14:0x7ffdc072  x0=0x00000000
      123131000	     61465	80007dd0	034feeb3	rem	x29,x31,x20	 x31:0xffffff77 x20:0xdfffffe1 x29=0xffffff77
      123133000	     61466	80007dd4	003f7733	and	x14,x30,x3	 x30:0xd917ee7c  x3:0x20000000 x14=0x00000000
      123135000	     61467	80007dd8	018e94b3	sll	x9,x29,x24	 x29:0xffffff77 x24:0x98fa8000  x9=0xffffff77
      123137000	     61468	80007ddc	8f9d	c.sub	x15,x15	 x15:0x00000000 x15:0x00000000 x15=0x00000000
      123211000	     61505	80007dde	03e6dfb3	divu	x31,x13,x30	 x13:0xff878000 x30:0xd917ee7c x31=0x00000001
      123213000	     61506	80007de2	00acd193	srli	x3,x25,0xa	 x25:0x000003fe  x3=0x00000000
      123219000	     61509	80007de6	02cb01b3	mul	x3,x22,x12	 x22:0x00000000 x12:0xfffd3ec8  x3=0x00000000
      123221000	     61510	80007dea	0a36	c.slli	x20,0xd	 x20:0xdfffffe1 x20=0xfffc2000
      123225000	     61512	80007dec	00728363	beq	x5,x7,80007df2	  x5:0x8001ade0  x7:0xffffffe0  x0=0x00000000
      123227000	     61513	80007df0	c909	c.beqz	x10,80007e02	 x10:0x7f144d96
      123229000	     61514	80007df2	8e41	c.or	x12,x8	 x12:0xfffd3ec8  x8:0x80023f6e x12=0xffff3fee
      123233000	     61516	80007df4	03011c63	bne	x2,x16,80007e2c	  x2:0xdeb50000 x16:0xd917ee7c  x0=0x00000000
      123283000	     61541	80007e2c	bfd41517	auipc	x10,0xbfd41	 x10=0x3fd48e2c
      123285000	     61542	80007e30	05a4f163	bgeu	x9,x26,80007e72	  x9:0xffffff77 x26:0xffffffe0  x0=0x00000000
      123327000	     61563	80007e34	4d91	c.li	x27,4	 x27=0x00000004
      123329000	     61564	80007e36	8eb5	c.xor	x13,x13	 x13:0xff878000 x13:0xff878000 x13=0x00000000
      123341000	     61570	80007e38	00938533	add	x10,x7,x9	  x7:0xffffffe0  x9:0xffffff77 x10=0xffffff57
      123351000	     61575	80007e3c	0191cd33	xor	x26,x3,x25	  x3:0x00000000 x25:0x000003fe x26=0x000003fe
      123393000	     61596	80007e40	0b6e7613	andi	x12,x28,182	 x28:0x00000000 x12=0x00000000
      123395000	     61597	80007e44	01f321b3	slt	x3,x6,x31	  x6:0x00000000 x31:0x00000001  x3=0x00000001
      123417000	     61608	80007e48	01390f63	beq	x18,x19,80007e66	 x18:0x00000000 x19:0x8001ee7c  x0=0x00000000
      123479000	     61639	80007e4c	01081f13	slli	x30,x16,0x10	 x16:0xd917ee7c x30=0xee7c0000
      123481000	     61640	80007e50	01e15733	srl	x14,x2,x30	  x2:0xdeb50000 x30:0xee7c0000 x14=0xdeb50000
      123503000	     61651	80007e54	340563f3	csrrsi	x7,mscratch,10	  x7=0x00000011
      123555000	     61677	80007e58	8e21	c.xor	x12,x8	 x12:0x00000000  x8:0x80023f6e x12=0x80023f6e
      123557000	     61678	80007e5a	340a6b73	csrrsi	x22,mscratch,20	 x22=0x0000001b
      123561000	     61680	80007e5e	409cd633	sra	x12,x25,x9	 x25:0x000003fe  x9:0xffffff77 x12=0x00000000
      123583000	     61691	80007e62	012187b3	add	x15,x3,x18	  x3:0x00000001 x18:0x00000000 x15=0x00000001
      123585000	     61692	80007e66	8f59	c.or	x14,x14	 x14:0xdeb50000 x14:0xdeb50000 x14=0xdeb50000
      123617000	     61708	80007e68	8eb9	c.xor	x13,x14	 x13:0x00000000 x14:0xdeb50000 x13=0xdeb50000
      123619000	     61709	80007e6a	0001	c.addi	x0,0	  x0:0x00000000  x0=0x00000000
      123623000	     61711	80007e6c	85b9	c.srai	x11,0xe	 x11:0x1fffff96 x11=0x00007fff
      123625000	     61712	80007e6e	0314e163	bltu	x9,x17,80007e90	  x9:0xffffff77 x17:0xdffffebb  x0=0x00000000
      123647000	     61723	80007e72	001cb4b3	sltu	x9,x25,x1	 x25:0x000003fe  x1:0x00000001  x9=0x00000000
      123675000	     61737	80007e76	00226a33	or	x20,x4,x2	  x4:0x0048b383  x2:0xdeb50000 x20=0xdefdb383
      123677000	     61738	80007e7a	8e75	c.and	x12,x13	 x12:0x00000000 x13:0xdeb50000 x12=0x00000000
      123679000	     61739	80007e7c	8dad	c.xor	x11,x11	 x11:0x00007fff x11:0x00007fff x11=0x00000000
      123695000	     61747	80007e7e	340eb5f3	csrrc	x11,mscratch,x29	 x29:0xffffff77 x11=0x0000001f
      123737000	     61768	80007e82	2013a013	slti	x0,x7,513	  x7:0x00000011  x0=0x00000000
      123739000	     61769	80007e86	41a18d33	sub	x26,x3,x26	  x3:0x00000001 x26:0x000003fe x26=0xfffffc03
      123765000	     61782	80007e8a	ca9abb93	sltiu	x23,x21,-855	 x21:0x9f144d2c x23=0x00000001
      123767000	     61783	80007e8e	0c6d	c.addi	x24,27	 x24:0x98fa8000 x24=0x98fa801b
      123769000	     61784	80007e90	417a06b3	sub	x13,x20,x23	 x20:0xdefdb383 x23:0x00000001 x13=0xdefdb382
      123789000	     61794	80007e94	f5626513	ori	x10,x4,-170	  x4:0x0048b383 x10=0xffffffd7
      123805000	     61802	80007e98	006d93b3	sll	x7,x27,x6	 x27:0x00000004  x6:0x00000000  x7=0x00000004
      123893000	     61846	80007e9c	027ff6b3	remu	x13,x31,x7	 x31:0x00000001  x7:0x00000004 x13=0x00000001
      123895000	     61847	80007ea0	01db13b3	sll	x7,x22,x29	 x22:0x0000001b x29:0xffffff77  x7=0x0d800000
      123897000	     61848	80007ea4	2bce7a13	andi	x20,x28,700	 x28:0x00000000 x20=0x00000000
      123899000	     61849	80007ea8	8ce9	c.and	x9,x10	  x9:0x00000000 x10:0xffffffd7  x9=0x00000000
      123901000	     61850	80007eaa	01e5b033	sltu	x0,x11,x30	 x11:0x0000001f x30:0xee7c0000  x0=0x00000000
      123903000	     61851	80007eae	9bfd	c.andi	x15,-1	 x15:0x00000001 x15=0x00000001
      123963000	     61881	80007eb0	01e4f233	and	x4,x9,x30	  x9:0x00000000 x30:0xee7c0000  x4=0x00000000
      123983000	     61891	80007eb4	911e	c.add	x2,x7	  x2:0xdeb50000  x7:0x0d800000  x2=0xec350000
      123997000	     61898	80007eb6	3403e5f3	csrrsi	x11,mscratch,7	 x11=0x00000008
      123999000	     61899	80007eba	8db1	c.xor	x11,x12	 x11:0x00000008 x12:0x00000000 x11=0x00000008
      124003000	     61901	80007ebc	02519163	bne	x3,x5,80007ede	  x3:0x00000001  x5:0x8001ade0  x0=0x00000000
      124085000	     61942	80007ede	34059af3	csrrw	x21,mscratch,x11	 x11:0x00000008 x21=0x0000000f
      124169000	     61984	80007ee2	02f34e33	div	x28,x6,x15	  x6:0x00000000 x15:0x00000001 x28=0x00000000
      124171000	     61985	80007ee6	8d49	c.or	x10,x10	 x10:0xffffffd7 x10:0xffffffd7 x10=0xffffffd7
      124173000	     61986	80007ee8	01998363	beq	x19,x25,80007eee	 x19:0x8001ee7c x25:0x000003fe  x0=0x00000000
      124175000	     61987	80007eec	4cf5	c.li	x25,29	 x25=0x0000001d
      124177000	     61988	80007eee	0001	c.addi	x0,0	  x0:0x00000000  x0=0x00000000
      124209000	     62004	80007ef0	f7730e93	addi	x29,x6,-137	  x6:0x00000000 x29=0xffffff77
      124223000	     62011	80007ef4	8cb5	c.xor	x9,x13	  x9:0x00000000 x13:0x00000001  x9=0x00000001
      124225000	     62012	80007ef6	3401b073	csrrc	x0,mscratch,x3	  x3:0x00000001  x0=0x00000000
      124227000	     62013	80007efa	8c15	c.sub	x8,x13	  x8:0x80023f6e x13:0x00000001  x8=0x80023f6d
      124271000	     62035	80007efc	01508f33	add	x30,x1,x21	  x1:0x00000001 x21:0x0000000f x30=0x00000010
      124287000	     62043	80007f00	1e7d	c.addi	x28,-1	 x28:0x00000000 x28=0xffffffff
      124289000	     62044	80007f02	987d	c.andi	x8,-1	  x8:0x80023f6d  x8=0x80023f6d
      124291000	     62045	80007f04	01d09193	slli	x3,x1,0x1d	  x1:0x00000001  x3=0x20000000
      124297000	     62048	80007f08	01845113	srli	x2,x8,0x18	  x8:0x80023f6d  x2=0x00000080
      124299000	     62049	80007f0c	fba33113	sltiu	x2,x6,-70	  x6:0x00000000  x2=0x00000001
      124347000	     62073	80007f10	01eb27b3	slt	x15,x22,x30	 x22:0x0000001b x30:0x00000010 x15=0x00000000
      124349000	     62074	80007f14	013c6f33	or	x30,x24,x19	 x24:0x98fa801b x19:0x8001ee7c x30=0x98fbee7f
      124381000	     62090	80007f18	03d10db3	mul	x27,x2,x29	  x2:0x00000001 x29:0xffffff77 x27=0xffffff77
      124383000	     62091	80007f1c	0455	c.addi	x8,21	  x8:0x80023f6d  x8=0x80023f82
      124395000	     62097	80007f1e	0f8bf493	andi	x9,x23,248	 x23:0x00000001  x9=0x00000000
      124397000	     62098	80007f22	3406bd73	csrrc	x26,mscratch,x13	 x13:0x00000001 x26=0x00000008
      124399000	     62099	80007f26	6b15	c.lui	x22,0x5	 x22=0x00005000
      124407000	     62103	80007f28	41a8d913	srai	x18,x17,0x1a	 x17:0xdffffebb x18=0xfffffff7
      124409000	     62104	80007f2c	07283c13	sltiu	x24,x16,114	 x16:0xd917ee7c x24=0x00000000
      124437000	     62118	80007f30	23427893	andi	x17,x4,564	  x4:0x00000000 x17=0x00000000
      124439000	     62119	80007f34	340128f3	csrrs	x17,mscratch,x2	  x2:0x00000001 x17=0x00000008
      124461000	     62130	80007f38	011a2033	slt	x0,x20,x17	 x20:0x00000000 x17:0x00000008  x0=0x00000000
      124475000	     62137	80007f3c	3404bff3	csrrc	x31,mscratch,x9	  x9:0x00000000 x31=0x00000009
      124491000	     62145	80007f40	ce89	c.beqz	x13,80007f5a	 x13:0x00000001
      124565000	     62182	80007f42	0301ee33	rem	x28,x3,x16	  x3:0x20000000 x16:0xd917ee7c x28=0x20000000
      124567000	     62183	80007f46	0129a3b3	slt	x7,x19,x18	 x19:0x8001ee7c x18:0xfffffff7  x7=0x00000001
      124641000	     62220	80007f4a	037f46b3	div	x13,x30,x23	 x30:0x98fbee7f x23:0x00000001 x13=0x98fbee7f
      124715000	     62257	80007f4e	03ba46b3	div	x13,x20,x27	 x20:0x00000000 x27:0xffffff77 x13=0x00000000
      124717000	     62258	80007f52	03de0263	beq	x28,x29,80007f76	 x28:0x20000000 x29:0xffffff77  x0=0x00000000
      124719000	     62259	80007f56	8c62	c.mv	x24,x24	  x0:0x00000000 x24:0x00000000 x24=0x00000000
      124781000	     62290	80007f58	8d2d	c.xor	x10,x11	 x10:0xffffffd7 x11:0x00000008 x10=0xffffffdf
      124783000	     62291	80007f5a	01b8d533	srl	x10,x17,x27	 x17:0x00000008 x27:0xffffff77 x10=0x00000000
      124785000	     62292	80007f5e	060c4613	xori	x12,x24,96	 x24:0x00000000 x12=0x00000060
      124809000	     62304	80007f62	03b56e63	bltu	x10,x27,80007f9e	 x10:0x00000000 x27:0xffffff77  x0=0x00000000
      124871000	     62335	80007f9e	020a0b33	mul	x22,x20,x0	 x20:0x00000000  x0:0x00000000 x22=0x00000000
      124873000	     62336	80007fa2	8672	c.mv	x12,x28	  x0:0x00000000 x28:0x20000000 x12=0x20000000
      124885000	     62342	80007fa4	01b53433	sltu	x8,x10,x27	 x10:0x00000000 x27:0xffffff77  x8=0x00000001
      124925000	     62362	80007fa8	9af2	c.add	x21,x28	 x21:0x0000000f x28:0x20000000 x21=0x2000000f
      124949000	     62374	80007faa	00719533	sll	x10,x3,x7	  x3:0x20000000  x7:0x00000001 x10=0x40000000
      124967000	     62383	80007fae	005a9033	sll	x0,x21,x5	 x21:0x2000000f  x5:0x8001ade0  x0=0x00000000
      124969000	     62384	80007fb2	82b1	c.srli	x13,0xc	 x13:0x00000000 x13=0x00000000
      125013000	     62406	80007fb4	c321	c.beqz	x14,80007ff4	 x14:0xdeb50000
      125015000	     62407	80007fb6	340e33f3	csrrc	x7,mscratch,x28	 x28:0x20000000  x7=0x00000009
      125017000	     62408	80007fba	8f0d	c.sub	x14,x11	 x14:0xdeb50000 x11:0x00000008 x14=0xdeb4fff8
      125019000	     62409	80007fbc	eb6bc013	xori	x0,x23,-330	 x23:0x00000001  x0=0x00000000
      125021000	     62410	80007fc0	00b95e63	bge	x18,x11,80007fdc	 x18:0xfffffff7 x11:0x00000008  x0=0x00000000
      125033000	     62416	80007fc4	020babb3	mulhsu	x23,x23,x0	 x23:0x00000001  x0:0x00000000 x23=0x00000000
      125069000	     62434	80007fc8	03444e63	blt	x8,x20,80008004	  x8:0x00000001 x20:0x00000000  x0=0x00000000
      125093000	     62446	80007fcc	3f860b93	addi	x23,x12,1016	 x12:0x20000000 x23=0x200003f8
      125095000	     62447	80007fd0	8e0d	c.sub	x12,x11	 x12:0x20000000 x11:0x00000008 x12=0x1ffffff8
      125097000	     62448	80007fd2	0001	c.addi	x0,0	  x0:0x00000000  x0=0x00000000
      125117000	     62458	80007fd4	01ba5b63	bge	x20,x27,80007fea	 x20:0x00000000 x27:0xffffff77  x0=0x00000000
      125135000	     62467	80007fd8	0046f033	and	x0,x13,x4	 x13:0x00000000  x4:0x00000000  x0=0x00000000
      125137000	     62468	80007fdc	e9b64893	xori	x17,x12,-357	 x12:0x1ffffff8 x17=0xe0000163
      125147000	     62473	80007fe0	015fc233	xor	x4,x31,x21	 x31:0x00000009 x21:0x2000000f  x4=0x20000006
      125161000	     62480	80007fe4	00dedfb3	srl	x31,x29,x13	 x29:0xffffff77 x13:0x00000000 x31=0xffffff77
      125221000	     62510	80007fe8	8029	c.srli	x8,0xa	  x8:0x00000001  x8=0x00000000
      125223000	     62511	80007fea	82b5	c.srli	x13,0xd	 x13:0x00000000 x13=0x00000000
      125227000	     62513	80007fec	0269f033	remu	x0,x19,x6	 x19:0x8001ee7c  x6:0x00000000  x0=0x00000000
      125243000	     62521	80007ff0	2cfd0813	addi	x16,x26,719	 x26:0x00000008 x16=0x000002d7
      125259000	     62529	80007ff4	01038863	beq	x7,x16,80008004	  x7:0x00000009 x16:0x000002d7  x0=0x00000000
      125265000	     62532	80007ff8	40a5d093	srai	x1,x11,0xa	 x11:0x00000008  x1=0x00000000
      125267000	     62533	80007ffc	007a1833	sll	x16,x20,x7	 x20:0x00000000  x7:0x00000009 x16=0x00000000
      125289000	     62544	80008000	0ff0000f	fence	iorwiorwiorwiorwiorwiorwiorwiorwiorwiorwiorwiorwiorwiorwiorwiorwiorwiorwiorwiorwiorwiorwiorwiorwiorwiorwiorwiorwiorwiorwiorwiorwiorwiorwiorwiorwiorwiorwiorwiorwiorwiorwiorwiorwiorwiorwiorwiorwiorwiorwiorwiorwiorwiorwiorwiorwiorwiorwiorwiorwiorwiorwiorwiorwiorwiorwiorwiorwiorwiorwiorwiorwiorwiorwiorwiorwiorwiorwiorwiorwiorwiorwiorwiorwiorwiorwiorwiorwiorwiorwiorwiorwiorwiorwiorwiorwiorwiorwiorwiorwiorwiorwiorwiorwiorwiorwiorwiorwiorwiorwiorwiorwiorwiorwiorwiorwiorwiorwiorwiorwiorwiorwiorwiorwiorwiorwiorwiorwiorwiorwiorwiorwiorwiorwiorwiorwiorwiorwiorwiorwiorwiorwiorwiorwiorwiorwiorwiorwiorwiorwiorwiorwiorwiorwiorwiorwiorwiorwiorwiorwiorwiorwiorwiorwiorwiorwiorwiorwiorwiorwiorwiorwiorwiorwiorwiorwiorwiorwiorwiorwiorwiorwiorwiorwiorwiorwiorwiorwiorw,iorwiorwiorwiorwiorwiorwiorwiorwiorwiorwiorwiorwiorwiorwiorwiorwiorwiorwiorwiorwiorwiorwiorwiorwiorwiorwiorwiorwiorwiorwiorwiorwiorwiorwiorwiorwiorwiorwiorwiorwiorwiorwiorwiorwiorwiorwiorwiorwiorwiorwiorwiorwiorwiorwiorwiorwiorwiorwiorwiorwiorwiorwiorwiorwiorwiorwiorwiorwiorwiorwiorwiorwiorwiorwiorwiorwiorwiorwiorwiorwiorwiorwiorwiorwiorwiorwiorwiorwiorwiorwiorwiorwiorwiorwiorwiorwiorwiorwiorwiorwiorwiorwiorwiorwiorwiorwiorwiorwiorwiorwiorwiorwiorwiorwiorwiorwiorwiorwiorwiorwiorwiorwiorwiorwiorwiorwiorwiorwiorwiorwiorwiorwiorwiorwiorwiorwiorwiorwiorwiorwiorwiorwiorwiorwiorwiorwiorwiorwiorwiorwiorwiorwiorwiorwiorwiorwiorwiorwiorwiorwiorwiorwiorwiorwiorwiorwiorwiorwiorwiorwiorwiorwiorwiorwiorwiorwiorwiorwiorwiorwiorwiorwiorwiorwiorwiorwiorwiorwiorwiorw	
      125291000	     62545	80008004	890d	c.andi	x10,3	 x10:0x40000000 x10=0x00000000
      125375000	     62587	80008006	0042a103	lw	x2,4(x5)	  x5:0x8001ade0  x2=0x800080aa PA:0x8001ade4 store:0x20000006
      125377000	     62588	8000800a	02a1	c.addi	x5,8	  x5:0x8001ade0  x5=0x8001ade8
      125379000	     62589	8000800c	3400ee73	csrrsi	x28,mscratch,1	 x28=0x00000009
      125381000	     62590	80008010	015d8bb3	add	x23,x27,x21	 x27:0xffffff77 x21:0x2000000f x23=0x1fffff86
      125405000	     62602	80008014	8a9d	c.andi	x13,7	 x13:0x00000000 x13=0x00000000
      125429000	     62614	80008016	41815093	srai	x1,x2,0x18	  x2:0x800080aa  x1=0xffffff80
      125431000	     62615	8000801a	8cbd	c.xor	x9,x15	  x9:0x00000000 x15:0x00000000  x9=0x00000000
      125439000	     62619	8000801c	0078b633	sltu	x12,x17,x7	 x17:0xe0000163  x7:0x00000009 x12=0x00000000
      125441000	     62620	80008020	00010a13	addi	x20,x2,0	  x2:0x800080aa x20=0x800080aa
      125463000	     62631	80008024	9a02	c.jalr	x20	 x20:0x800080aa  x1=0x80008026
      125503000	     62651	800080aa	08ca	c.slli	x17,0x12	 x17:0xe0000163 x17=0x058c0000
      125505000	     62652	800080ac	41695db3	sra	x27,x18,x22	 x18:0xfffffff7 x22:0x00000000 x27=0xfffffff7
      125507000	     62653	800080b0	e2a9	c.bnez	x13,800080f2	 x13:0x00000000
      125509000	     62654	800080b2	6805	c.lui	x16,0x1	 x16=0x00001000
      125543000	     62671	800080b4	6c5d	c.lui	x24,0x17	 x24=0x00017000
      125545000	     62672	800080b6	01599fb3	sll	x31,x19,x21	 x19:0x8001ee7c x21:0x2000000f x31=0xf73e0000
      125571000	     62685	800080ba	3c566493	ori	x9,x12,965	 x12:0x00000000  x9=0x000003c5
      125575000	     62687	800080be	02c470b3	remu	x1,x8,x12	  x8:0x00000000 x12:0x00000000  x1=0x00000000
      125579000	     62689	800080c2	01f51c63	bne	x10,x31,800080da	 x10:0x00000000 x31:0xf73e0000  x0=0x00000000
      125659000	     62729	800080da	01915733	srl	x14,x2,x25	  x2:0x800080aa x25:0x0000001d x14=0x00000004
      125675000	     62737	800080de	4003dd13	srai	x26,x7,0x0	  x7:0x00000009 x26=0x00000009
      125701000	     62750	800080e2	035dc463	blt	x27,x21,8000810a	 x27:0xfffffff7 x21:0x2000000f  x0=0x00000000
      125785000	     62792	8000810a	02b7dd63	bge	x15,x11,80008144	 x15:0x00000000 x11:0x00000008  x0=0x00000000
      125795000	     62797	8000810e	7f47b0b7	lui	x1,0x7f47b	  x1=0x7f47b000
      125817000	     62808	80008112	fdd3e013	ori	x0,x7,-35	  x7:0x00000009  x0=0x00000000
      125823000	     62811	80008116	d332e517	auipc	x10,0xd332e	 x10=0x53336116
      125867000	     62833	8000811a	0486d363	bge	x13,x8,80008160	 x13:0x00000000  x8:0x00000000  x0=0x00000000
      125921000	     62860	80008160	8c3d	c.xor	x8,x15	  x8:0x00000000 x15:0x00000000  x8=0x00000000
      125963000	     62881	80008162	3408bb73	csrrc	x22,mscratch,x17	 x17:0x058c0000 x22=0x00000009
      125973000	     62886	80008166	02fcb0b3	mulhu	x1,x25,x15	 x25:0x0000001d x15:0x00000000  x1=0x00000000
      125987000	     62893	8000816a	41310833	sub	x16,x2,x19	  x2:0x800080aa x19:0x8001ee7c x16=0xfffe922e
      125989000	     62894	8000816e	8f8d	c.sub	x15,x11	 x15:0x00000000 x11:0x00000008 x15=0xfffffff8
      126041000	     62920	80008170	340e7bf3	csrrci	x23,mscratch,28	 x23=0x00000009
      126059000	     62929	80008174	cd0d	c.beqz	x10,800081ae	 x10:0x53336116
      126061000	     62930	80008176	249f4a13	xori	x20,x30,585	 x30:0x98fbee7f x20=0x98fbec36
      126093000	     62946	8000817a	00f89193	slli	x3,x17,0xf	 x17:0x058c0000  x3=0x00000000
      126095000	     62947	8000817e	402b5b33	sra	x22,x22,x2	 x22:0x00000009  x2:0x800080aa x22=0x00000000
      126159000	     62979	80008182	02d23233	mulhu	x4,x4,x13	  x4:0x20000006 x13:0x00000000  x4=0x00000000
      126161000	     62980	80008186	8fa1	c.xor	x15,x8	 x15:0xfffffff8  x8:0x00000000 x15=0xfffffff8
      126163000	     62981	80008188	0001	c.addi	x0,0	  x0:0x00000000  x0=0x00000000
      126177000	     62988	8000818a	4047d413	srai	x8,x15,0x4	 x15:0xfffffff8  x8=0xffffffff
      126213000	     63006	8000818e	0ff0000f	fence	iorwiorwiorwiorwiorwiorwiorwiorwiorwiorwiorwiorwiorwiorwiorwiorwiorwiorwiorwiorwiorwiorwiorwiorwiorwiorwiorwiorwiorwiorwiorwiorwiorwiorwiorwiorwiorwiorwiorwiorwiorwiorwiorwiorwiorwiorwiorwiorwiorwiorwiorwiorwiorwiorwiorwiorwiorwiorwiorwiorwiorwiorwiorwiorwiorwiorwiorwiorwiorwiorwiorwiorwiorwiorwiorwiorwiorwiorwiorwiorwiorwiorwiorwiorwiorwiorwiorwiorwiorwiorwiorwiorwiorwiorwiorwiorwiorwiorwiorwiorwiorwiorwiorwiorwiorwiorwiorwiorwiorwiorwiorwiorwiorwiorwiorwiorwiorwiorwiorwiorwiorwiorwiorwiorwiorwiorwiorwiorwiorwiorwiorwiorwiorwiorwiorwiorwiorwiorwiorwiorwiorwiorwiorwiorwiorwiorwiorwiorwiorwiorwiorwiorwiorwiorwiorwiorwiorwiorwiorwiorwiorwiorwiorwiorwiorwiorwiorwiorwiorwiorwiorwiorwiorwiorwiorwiorwiorwiorwiorwiorwiorwiorwiorwiorwiorwiorwiorwiorwiorwiorwiorw,iorwiorwiorwiorwiorwiorwiorwiorwiorwiorwiorwiorwiorwiorwiorwiorwiorwiorwiorwiorwiorwiorwiorwiorwiorwiorwiorwiorwiorwiorwiorwiorwiorwiorwiorwiorwiorwiorwiorwiorwiorwiorwiorwiorwiorwiorwiorwiorwiorwiorwiorwiorwiorwiorwiorwiorwiorwiorwiorwiorwiorwiorwiorwiorwiorwiorwiorwiorwiorwiorwiorwiorwiorwiorwiorwiorwiorwiorwiorwiorwiorwiorwiorwiorwiorwiorwiorwiorwiorwiorwiorwiorwiorwiorwiorwiorwiorwiorwiorwiorwiorwiorwiorwiorwiorwiorwiorwiorwiorwiorwiorwiorwiorwiorwiorwiorwiorwiorwiorwiorwiorwiorwiorwiorwiorwiorwiorwiorwiorwiorwiorwiorwiorwiorwiorwiorwiorwiorwiorwiorwiorwiorwiorwiorwiorwiorwiorwiorwiorwiorwiorwiorwiorwiorwiorwiorwiorwiorwiorwiorwiorwiorwiorwiorwiorwiorwiorwiorwiorwiorwiorwiorwiorwiorwiorwiorwiorwiorwiorwiorwiorwiorwiorwiorwiorwiorwiorwiorwiorwiorwiorwiorw	
      126215000	     63007	80008192	87d1	c.srai	x15,0x14	 x15:0xfffffff8 x15=0xffffffff
      126217000	     63008	80008194	8f55	c.or	x14,x13	 x14:0x00000004 x13:0x00000000 x14=0x00000004
      126239000	     63019	80008196	cb1c7d13	andi	x26,x24,-847	 x24:0x00017000 x26=0x00017000
      126249000	     63024	8000819a	c3efc493	xori	x9,x31,-962	 x31:0xf73e0000  x9=0x08c1fc3e
      126251000	     63025	8000819e	1c7d	c.addi	x24,-1	 x24:0x00017000 x24=0x00016fff
      126341000	     63070	800081a0	0299c7b3	div	x15,x19,x9	 x19:0x8001ee7c  x9:0x08c1fc3e x15=0xfffffff2
      126345000	     63072	800081a4	01281a63	bne	x16,x18,800081b8	 x16:0xfffe922e x18:0xfffffff7  x0=0x00000000
      126375000	     63087	800081b8	0001	c.addi	x0,0	  x0:0x00000000  x0=0x00000000
      126379000	     63089	800081ba	00975f33	srl	x30,x14,x9	 x14:0x00000004  x9:0x08c1fc3e x30=0x00000000
      126407000	     63103	800081be	01e55ab3	srl	x21,x10,x30	 x10:0x53336116 x30:0x00000000 x21=0x53336116
      126409000	     63104	800081c2	0001	c.addi	x0,0	  x0:0x00000000  x0=0x00000000
      126411000	     63105	800081c4	1c94	c.addi4spn	x13,x2,624	 x13=0x8000831a
      126467000	     63133	800081c6	340df173	csrrci	x2,mscratch,27	  x2=0x00000001
      126469000	     63134	800081ca	f5c2ef13	ori	x30,x5,-164	  x5:0x8001ade8 x30=0xfffffffc
      126471000	     63135	800081ce	6b21	c.lui	x22,0x8	 x22=0x00008000
      126473000	     63136	800081d0	d9267613	andi	x12,x12,-622	 x12:0x00000000 x12=0x00000000
      126493000	     63146	800081d4	00483933	sltu	x18,x16,x4	 x16:0xfffe922e  x4:0x00000000 x18=0x00000000
      126517000	     63158	800081d8	efdc4497	auipc	x9,0xefdc4	  x9=0x6fdcc1d8
      126555000	     63177	800081dc	340ad4f3	csrrwi	x9,mscratch,21	  x9=0x00000000
      126563000	     63181	800081e0	340ffb73	csrrci	x22,mscratch,31	 x22=0x00000015
      126591000	     63195	800081e4	0358b8b3	mulhu	x17,x17,x21	 x17:0x058c0000 x21:0x53336116 x17=0x01cd80fe
      126597000	     63198	800081e8	3408dcf3	csrrwi	x25,mscratch,17	 x25=0x00000000
      126609000	     63204	800081ec	037d5363	bge	x26,x23,80008212	 x26:0x00017000 x23:0x00000009  x0=0x00000000
      126623000	     63211	800081f0	ef09	c.bnez	x14,8000820a	 x14:0x00000004
      126707000	     63253	8000820a	070a	c.slli	x14,0x2	 x14:0x00000004 x14=0x00000010
      126709000	     63254	8000820c	013cae33	slt	x28,x25,x19	 x25:0x00000000 x19:0x8001ee7c x28=0x00000000
      126739000	     63269	80008210	0e8d	c.addi	x29,3	 x29:0xffffff77 x29=0xffffff7a
      126745000	     63272	80008212	34d64a13	xori	x20,x12,845	 x12:0x00000000 x20=0x0000034d
      126747000	     63273	80008216	865d	c.srai	x12,0x17	 x12:0x00000000 x12=0x00000000
      126749000	     63274	80008218	0001	c.addi	x0,0	  x0:0x00000000  x0=0x00000000
      126751000	     63275	8000821a	6151	c.addi16sp	x2,272	  x2:0x00000001  x2=0x00000111
      126755000	     63277	8000821c	017501b3	add	x3,x10,x23	 x10:0x53336116 x23:0x00000009  x3=0x5333611f
      126763000	     63281	80008220	00781893	slli	x17,x16,0x7	 x16:0xfffe922e x17=0xff491700
      126785000	     63292	80008224	68b5	c.lui	x17,0xd	 x17=0x0000d000
      126787000	     63293	80008226	05e30193	addi	x3,x6,94	  x6:0x00000000  x3=0x0000005e
      126789000	     63294	8000822a	8c89	c.sub	x9,x10	  x9:0x00000000 x10:0x53336116  x9=0xaccc9eea
      126809000	     63304	8000822c	f90ac197	auipc	x3,0xf90ac	  x3=0x790b422c
      126831000	     63315	80008230	402d56b3	sra	x13,x26,x2	 x26:0x00017000  x2:0x00000111 x13=0x00000000
      126839000	     63319	80008234	8df1	c.and	x11,x12	 x11:0x00000008 x12:0x00000000 x11=0x00000000
      126841000	     63320	80008236	8e09	c.sub	x12,x10	 x12:0x00000000 x10:0x53336116 x12=0xaccc9eea
      126851000	     63325	80008238	020acdb3	div	x27,x21,x0	 x21:0x53336116  x0:0x00000000 x27=0xffffffff
      126857000	     63328	8000823c	8d41	c.or	x10,x8	 x10:0x53336116  x8:0xffffffff x10=0xffffffff
      126859000	     63329	8000823e	9b96	c.add	x23,x5	 x23:0x00000009  x5:0x8001ade8 x23=0x8001adf1
      126861000	     63330	80008240	0c9d	c.addi	x25,7	 x25:0x00000000 x25=0x00000007
      126863000	     63331	80008242	05385163	bge	x16,x19,80008284	 x16:0xfffe922e x19:0x8001ee7c  x0=0x00000000
      126919000	     63359	80008246	02f60d63	beq	x12,x15,80008280	 x12:0xaccc9eea x15:0xfffffff2  x0=0x00000000
      126921000	     63360	8000824a	85b9	c.srai	x11,0xe	 x11:0x00000000 x11=0x00000000
      126923000	     63361	8000824c	0ba5a613	slti	x12,x11,186	 x11:0x00000000 x12=0x00000001
      126981000	     63390	80008250	415bd433	sra	x8,x23,x21	 x23:0x8001adf1 x21:0x53336116  x8=0xfffffe00
      127023000	     63411	80008254	01b35433	srl	x8,x6,x27	  x6:0x00000000 x27:0xffffffff  x8=0x00000000
      127025000	     63412	80008258	01fe1113	slli	x2,x28,0x1f	 x28:0x00000000  x2=0x00000000
      127057000	     63428	8000825c	ca81	c.beqz	x13,8000826c	 x13:0x00000000
      127113000	     63456	8000826c	03ee1033	mulh	x0,x28,x30	 x28:0x00000000 x30:0xfffffffc  x0=0x00000000
      127115000	     63457	80008270	01c05f93	srli	x31,x0,0x1c	  x0:0x00000000 x31=0x00000000
      127153000	     63476	80008274	0129	c.addi	x2,10	  x2:0x00000000  x2=0x0000000a
      127183000	     63491	80008276	28e1fd93	andi	x27,x3,654	  x3:0x790b422c x27=0x0000020c
      127185000	     63492	8000827a	8d91	c.sub	x11,x12	 x11:0x00000000 x12:0x00000001 x11=0xffffffff
      127187000	     63493	8000827c	beb58097	auipc	x1,0xbeb58	  x1=0x3eb6027c
      127191000	     63495	80008280	41e88ab3	sub	x21,x17,x30	 x17:0x0000d000 x30:0xfffffffc x21=0x0000d004
      127211000	     63505	80008284	340d30f3	csrrc	x1,mscratch,x26	 x26:0x00017000  x1=0x00000011
      127215000	     63507	80008288	3403aa73	csrrs	x20,mscratch,x7	  x7:0x00000009 x20=0x00000011
      127275000	     63537	8000828c	00e7aeb3	slt	x29,x15,x14	 x15:0xfffffff2 x14:0x00000010 x29=0x00000001
      127293000	     63546	80008290	6145	c.addi16sp	x2,48	  x2:0x0000000a  x2=0x0000003a
      127295000	     63547	80008292	025f7563	bgeu	x30,x5,800082bc	 x30:0xfffffffc  x5:0x8001ade8  x0=0x00000000
      127321000	     63560	80008296	03f983b3	mul	x7,x19,x31	 x19:0x8001ee7c x31:0x00000000  x7=0x00000000
      127339000	     63569	8000829a	00c57263	bgeu	x10,x12,8000829e	 x10:0xffffffff x12:0x00000001  x0=0x00000000
      127341000	     63570	8000829e	1b7d	c.addi	x22,-1	 x22:0x00000015 x22=0x00000014
      127343000	     63571	800082a0	01dde863	bltu	x27,x29,800082b0	 x27:0x0000020c x29:0x00000001  x0=0x00000000
      127377000	     63588	800082a4	412e5013	srai	x0,x28,0x12	 x28:0x00000000  x0=0x00000000
      127419000	     63609	800082a8	c81ba413	slti	x8,x23,-895	 x23:0x8001adf1  x8=0x00000001
      127423000	     63611	800082ac	e801	c.bnez	x8,800082bc	  x8:0x00000001
      127463000	     63631	800082bc	019dbb33	sltu	x22,x27,x25	 x27:0x0000020c x25:0x00000007 x22=0x00000000
      127475000	     63637	800082c0	8ed5	c.or	x13,x13	 x13:0x00000000 x13:0x00000000 x13=0x00000000
      127489000	     63644	800082c2	0391cd63	blt	x3,x25,800082fc	  x3:0x790b422c x25:0x00000007  x0=0x00000000
      127579000	     63689	800082c6	0285fc33	remu	x24,x11,x8	 x11:0xffffffff  x8:0x00000001 x24=0x00000000
      127587000	     63693	800082ca	03ff9033	mulh	x0,x31,x31	 x31:0x00000000 x31:0x00000000  x0=0x00000000
      127595000	     63697	800082ce	039d2033	mulhsu	x0,x26,x25	 x26:0x00017000 x25:0x00000007  x0=0x00000000
      127597000	     63698	800082d2	f9df4d37	lui	x26,0xf9df4	 x26=0xf9df4000
      127629000	     63714	800082d6	00e25d93	srli	x27,x4,0xe	  x4:0x00000000 x27=0x00000000
      127631000	     63715	800082da	0001	c.addi	x0,0	  x0:0x00000000  x0=0x00000000
      127743000	     63771	800082dc	02c3d6b3	divu	x13,x7,x12	  x7:0x00000000 x12:0x00000001 x13=0x00000000
      127745000	     63772	800082e0	3bfc0893	addi	x17,x24,959	 x24:0x00000000 x17=0x000003bf
      127819000	     63809	800082e4	035c5a33	divu	x20,x24,x21	 x24:0x00000000 x21:0x0000d004 x20=0x00000000
      127821000	     63810	800082e8	0001	c.addi	x0,0	  x0:0x00000000  x0=0x00000000
      127823000	     63811	800082ea	8e15	c.sub	x12,x13	 x12:0x00000001 x13:0x00000000 x12=0x00000001
      127831000	     63815	800082ec	02db37b3	mulhu	x15,x22,x13	 x22:0x00000000 x13:0x00000000 x15=0x00000000
      127833000	     63816	800082f0	03b2d663	bge	x5,x27,8000831c	  x5:0x8001ade8 x27:0x00000000  x0=0x00000000
      127867000	     63833	800082f4	340fed73	csrrsi	x26,mscratch,31	 x26=0x00000019
      127941000	     63870	800082f8	02b9f733	remu	x14,x19,x11	 x19:0x8001ee7c x11:0xffffffff x14=0x8001ee7c
      127943000	     63871	800082fc	6569	c.lui	x10,0x1a	 x10=0x0001a000
      127947000	     63873	800082fe	e309	c.bnez	x14,80008300	 x14:0x8001ee7c
      127963000	     63881	80008300	00e895b3	sll	x11,x17,x14	 x17:0x000003bf x14:0x8001ee7c x11=0xf0000000
      127995000	     63897	80008304	0072cb63	blt	x5,x7,8000831a	  x5:0x8001ade8  x7:0x00000000  x0=0x00000000
      128049000	     63924	8000831a	8e21	c.xor	x12,x8	 x12:0x00000001  x8:0x00000001 x12=0x00000000
      128085000	     63942	8000831c	003bd513	srli	x10,x23,0x3	 x23:0x8001adf1 x10=0x100035be
      128121000	     63960	80008320	01824f33	xor	x30,x4,x24	  x4:0x00000000 x24:0x00000000 x30=0x00000000
      128123000	     63961	80008324	0001	c.addi	x0,0	  x0:0x00000000  x0=0x00000000
      128125000	     63962	80008326	01479a63	bne	x15,x20,8000833a	 x15:0x00000000 x20:0x00000000  x0=0x00000000
      128161000	     63980	8000832a	00477fb3	and	x31,x14,x4	 x14:0x8001ee7c  x4:0x00000000 x31=0x00000000
      128243000	     64021	8000832e	025974b3	remu	x9,x18,x5	 x18:0x00000000  x5:0x8001ade8  x9=0x00000000
      128245000	     64022	80008332	d1573b13	sltiu	x22,x14,-747	 x14:0x8001ee7c x22=0x00000001
      128319000	     64059	80008336	02a8dbb3	divu	x23,x17,x10	 x17:0x000003bf x10:0x100035be x23=0x00000000
      128321000	     64060	8000833a	03585763	bge	x16,x21,80008368	 x16:0xfffe922e x21:0x0000d004  x0=0x00000000
      128323000	     64061	8000833e	02d49063	bne	x9,x13,8000835e	  x9:0x00000000 x13:0x00000000  x0=0x00000000
      128347000	     64073	80008342	00b64e63	blt	x12,x11,8000835e	 x12:0x00000000 x11:0xf0000000  x0=0x00000000
      128351000	     64075	80008346	b6a2d397	auipc	x7,0xb6a2d	  x7=0x36a35346
      128353000	     64076	8000834a	5dfd	c.li	x27,-1	 x27=0xffffffff
      128357000	     64078	8000834c	02d5feb3	remu	x29,x11,x13	 x11:0xf0000000 x13:0x00000000 x29=0xf0000000
      128379000	     64089	80008350	340ed473	csrrwi	x8,mscratch,29	  x8=0x0000001f
      128391000	     64095	80008354	01a05213	srli	x4,x0,0x1a	  x0:0x00000000  x4=0x00000000
      128413000	     64106	80008358	032f4d33	div	x26,x30,x18	 x30:0x00000000 x18:0x00000000 x26=0xffffffff
      128421000	     64110	8000835c	0e18	c.addi4spn	x14,x2,784	 x14=0x0000034a
      128423000	     64111	8000835e	41668ab3	sub	x21,x13,x22	 x13:0x00000000 x22:0x00000001 x21=0xffffffff
      128429000	     64114	80008362	3405def3	csrrwi	x29,mscratch,11	 x29=0x0000001d
      128431000	     64115	80008366	8fc9	c.or	x15,x10	 x15:0x00000000 x10:0x100035be x15=0x100035be
      128441000	     64120	80008368	01871533	sll	x10,x14,x24	 x14:0x0000034a x24:0x00000000 x10=0x0000034a
      128453000	     64126	8000836c	2a416513	ori	x10,x2,676	  x2:0x0000003a x10=0x000002be
      128547000	     64173	80008370	03a3fc33	remu	x24,x7,x26	  x7:0x36a35346 x26:0xffffffff x24=0x36a35346
      128549000	     64174	80008374	0ff0000f	fence	iorwiorwiorwiorwiorwiorwiorwiorwiorwiorwiorwiorwiorwiorwiorwiorwiorwiorwiorwiorwiorwiorwiorwiorwiorwiorwiorwiorwiorwiorwiorwiorwiorwiorwiorwiorwiorwiorwiorwiorwiorwiorwiorwiorwiorwiorwiorwiorwiorwiorwiorwiorwiorwiorwiorwiorwiorwiorwiorwiorwiorwiorwiorwiorwiorwiorwiorwiorwiorwiorwiorwiorwiorwiorwiorwiorwiorwiorwiorwiorwiorwiorwiorwiorwiorwiorwiorwiorwiorwiorwiorwiorwiorwiorwiorwiorwiorwiorwiorwiorwiorwiorwiorwiorwiorwiorwiorwiorwiorwiorwiorwiorwiorwiorwiorwiorwiorwiorwiorwiorwiorwiorwiorwiorwiorwiorwiorwiorwiorwiorwiorwiorwiorwiorwiorwiorwiorwiorwiorwiorwiorwiorwiorwiorwiorwiorwiorwiorwiorwiorwiorwiorwiorwiorwiorwiorwiorwiorwiorwiorwiorwiorwiorwiorwiorwiorwiorwiorwiorwiorwiorwiorwiorwiorwiorwiorwiorwiorwiorwiorwiorwiorwiorwiorwiorwiorwiorwiorwiorwiorwiorwiorwiorw,iorwiorwiorwiorwiorwiorwiorwiorwiorwiorwiorwiorwiorwiorwiorwiorwiorwiorwiorwiorwiorwiorwiorwiorwiorwiorwiorwiorwiorwiorwiorwiorwiorwiorwiorwiorwiorwiorwiorwiorwiorwiorwiorwiorwiorwiorwiorwiorwiorwiorwiorwiorwiorwiorwiorwiorwiorwiorwiorwiorwiorwiorwiorwiorwiorwiorwiorwiorwiorwiorwiorwiorwiorwiorwiorwiorwiorwiorwiorwiorwiorwiorwiorwiorwiorwiorwiorwiorwiorwiorwiorwiorwiorwiorwiorwiorwiorwiorwiorwiorwiorwiorwiorwiorwiorwiorwiorwiorwiorwiorwiorwiorwiorwiorwiorwiorwiorwiorwiorwiorwiorwiorwiorwiorwiorwiorwiorwiorwiorwiorwiorwiorwiorwiorwiorwiorwiorwiorwiorwiorwiorwiorwiorwiorwiorwiorwiorwiorwiorwiorwiorwiorwiorwiorwiorwiorwiorwiorwiorwiorwiorwiorwiorwiorwiorwiorwiorwiorwiorwiorwiorwiorwiorwiorwiorwiorwiorwiorwiorwiorwiorwiorwiorwiorwiorwiorwiorwiorwiorwiorwiorwiorwiorwiorw	
      128551000	     64175	80008378	83e1	c.srli	x15,0x18	 x15:0x100035be x15=0x00000010
      128553000	     64176	8000837a	8d9d	c.sub	x11,x15	 x11:0xf0000000 x15:0x00000010 x11=0xeffffff0
      128555000	     64177	8000837c	86b2	c.mv	x13,x12	  x0:0x00000000 x12:0x00000000 x13=0x00000000
      128557000	     64178	8000837e	8e7d	c.and	x12,x15	 x12:0x00000000 x15:0x00000010 x12=0x00000000
      128597000	     64198	80008380	0f22	c.slli	x30,0x8	 x30:0x00000000 x30=0x00000000
      128599000	     64199	80008382	8a69	c.andi	x12,26	 x12:0x00000000 x12=0x00000000
      128639000	     64219	80008384	0001	c.addi	x0,0	  x0:0x00000000  x0=0x00000000
      128655000	     64227	80008386	03781ab3	mulh	x21,x16,x23	 x16:0xfffe922e x23:0x00000000 x21=0x00000000
      128657000	     64228	8000838a	8d11	c.sub	x10,x12	 x10:0x000002be x12:0x00000000 x10=0x000002be
      128663000	     64231	8000838c	015b7cb3	and	x25,x22,x21	 x22:0x00000001 x21:0x00000000 x25=0x00000000
      128683000	     64241	80008390	0032a533	slt	x10,x5,x3	  x5:0x8001ade8  x3:0x790b422c x10=0x00000001
      128713000	     64256	80008394	01420a63	beq	x4,x20,800083a8	  x4:0x00000000 x20:0x00000000  x0=0x00000000
      128827000	     64313	800083a8	021d76b3	remu	x13,x26,x1	 x26:0xffffffff  x1:0x00000011 x13=0x00000000
      128829000	     64314	800083ac	40eb5533	sra	x10,x22,x14	 x22:0x00000001 x14:0x0000034a x10=0x00000000
      128831000	     64315	800083b0	c45d0693	addi	x13,x26,-955	 x26:0xffffffff x13=0xfffffc44
      128833000	     64316	800083b4	00e92f33	slt	x30,x18,x14	 x18:0x00000000 x14:0x0000034a x30=0x00000001
      128875000	     64337	800083b8	071c	c.addi4spn	x15,x2,896	 x15=0x000003ba
      128879000	     64339	800083ba	2983ff13	andi	x30,x7,664	  x7:0x36a35346 x30=0x00000200
      128939000	     64369	800083be	0015c533	xor	x10,x11,x1	 x11:0xeffffff0  x1:0x00000011 x10=0xefffffe1
      128941000	     64370	800083c2	9a7d	c.andi	x12,-1	 x12:0x00000000 x12=0x00000000
      128943000	     64371	800083c4	41dbd933	sra	x18,x23,x29	 x23:0x00000000 x29:0x0000001d x18=0x00000000
      128963000	     64381	800083c8	4106dc13	srai	x24,x13,0x10	 x13:0xfffffc44 x24=0xffffffff
      128985000	     64392	800083cc	0040da63	bge	x1,x4,800083e0	  x1:0x00000011  x4:0x00000000  x0=0x00000000
      129001000	     64400	800083d0	34067e73	csrrci	x28,mscratch,12	 x28=0x0000000b
      129049000	     64424	800083d4	0086fa63	bgeu	x13,x8,800083e8	 x13:0xfffffc44  x8:0x0000001f  x0=0x00000000
      129063000	     64431	800083d8	0382f063	bgeu	x5,x24,800083f8	  x5:0x8001ade8 x24:0xffffffff  x0=0x00000000
      129167000	     64483	800083dc	022cf233	remu	x4,x25,x2	 x25:0x00000000  x2:0x0000003a  x4=0x00000000
      129169000	     64484	800083e0	108cca13	xori	x20,x25,264	 x25:0x00000000 x20=0x00000108
      129243000	     64521	800083e4	0217c833	div	x16,x15,x1	 x15:0x000003ba  x1:0x00000011 x16=0x00000038
      129245000	     64522	800083e8	e40ec213	xori	x4,x29,-448	 x29:0x0000001d  x4=0xfffffe5d
      129247000	     64523	800083ec	0001	c.addi	x0,0	  x0:0x00000000  x0=0x00000000
      129249000	     64524	800083ee	614d	c.addi16sp	x2,176	  x2:0x0000003a  x2=0x000000ea
      129251000	     64525	800083f0	0001	c.addi	x0,0	  x0:0x00000000  x0=0x00000000
      129273000	     64536	800083f2	3405e473	csrrsi	x8,mscratch,11	  x8=0x00000003
      129275000	     64537	800083f6	866a	c.mv	x12,x26	  x0:0x00000000 x26:0xffffffff x12=0xffffffff
      129277000	     64538	800083f8	001f9c93	slli	x25,x31,0x1	 x31:0x00000000 x25=0x00000000
      129287000	     64543	800083fc	00999fb3	sll	x31,x19,x9	 x19:0x8001ee7c  x9:0x00000000 x31=0x8001ee7c
      129329000	     64564	80008400	9262	c.add	x4,x24	  x4:0xfffffe5d x24:0xffffffff  x4=0xfffffe5c
      129331000	     64565	80008402	e9520893	addi	x17,x4,-363	  x4:0xfffffe5c x17=0xfffffcf1
      129333000	     64566	80008406	6159	c.addi16sp	x2,400	  x2:0x000000ea  x2=0x0000027a
      129353000	     64576	80008408	34012673	csrrs	x12,mscratch,x2	  x2:0x0000027a x12=0x0000000b
      129367000	     64583	8000840c	c1563a13	sltiu	x20,x12,-1003	 x12:0x0000000b x20=0x00000001
      129403000	     64601	80008410	01c2ec33	or	x24,x5,x28	  x5:0x8001ade8 x28:0x0000000b x24=0x8001adeb
      129405000	     64602	80008414	8c29	c.xor	x8,x10	  x8:0x00000003 x10:0xefffffe1  x8=0xefffffe2
      129447000	     64623	80008416	01df0033	add	x0,x30,x29	 x30:0x00000200 x29:0x0000001d  x0=0x00000000
      129489000	     64644	8000841a	00d42a33	slt	x20,x8,x13	  x8:0xefffffe2 x13:0xfffffc44 x20=0x00000001
      129493000	     64646	8000841e	026b7563	bgeu	x22,x6,80008448	 x22:0x00000001  x6:0x00000000  x0=0x00000000
      129515000	     64657	80008422	2d44b913	sltiu	x18,x9,724	  x9:0x00000000 x18=0x00000001
      129543000	     64671	80008426	0ff0000f	fence	iorwiorwiorwiorwiorwiorwiorwiorwiorwiorwiorwiorwiorwiorwiorwiorwiorwiorwiorwiorwiorwiorwiorwiorwiorwiorwiorwiorwiorwiorwiorwiorwiorwiorwiorwiorwiorwiorwiorwiorwiorwiorwiorwiorwiorwiorwiorwiorwiorwiorwiorwiorwiorwiorwiorwiorwiorwiorwiorwiorwiorwiorwiorwiorwiorwiorwiorwiorwiorwiorwiorwiorwiorwiorwiorwiorwiorwiorwiorwiorwiorwiorwiorwiorwiorwiorwiorwiorwiorwiorwiorwiorwiorwiorwiorwiorwiorwiorwiorwiorwiorwiorwiorwiorwiorwiorwiorwiorwiorwiorwiorwiorwiorwiorwiorwiorwiorwiorwiorwiorwiorwiorwiorwiorwiorwiorwiorwiorwiorwiorwiorwiorwiorwiorwiorwiorwiorwiorwiorwiorwiorwiorwiorwiorwiorwiorwiorwiorwiorwiorwiorwiorwiorwiorwiorwiorwiorwiorwiorwiorwiorwiorwiorwiorwiorwiorwiorwiorwiorwiorwiorwiorwiorwiorwiorwiorwiorwiorwiorwiorwiorwiorwiorwiorwiorwiorwiorwiorwiorwiorwiorwiorwiorwiorwiorw,iorwiorwiorwiorwiorwiorwiorwiorwiorwiorwiorwiorwiorwiorwiorwiorwiorwiorwiorwiorwiorwiorwiorwiorwiorwiorwiorwiorwiorwiorwiorwiorwiorwiorwiorwiorwiorwiorwiorwiorwiorwiorwiorwiorwiorwiorwiorwiorwiorwiorwiorwiorwiorwiorwiorwiorwiorwiorwiorwiorwiorwiorwiorwiorwiorwiorwiorwiorwiorwiorwiorwiorwiorwiorwiorwiorwiorwiorwiorwiorwiorwiorwiorwiorwiorwiorwiorwiorwiorwiorwiorwiorwiorwiorwiorwiorwiorwiorwiorwiorwiorwiorwiorwiorwiorwiorwiorwiorwiorwiorwiorwiorwiorwiorwiorwiorwiorwiorwiorwiorwiorwiorwiorwiorwiorwiorwiorwiorwiorwiorwiorwiorwiorwiorwiorwiorwiorwiorwiorwiorwiorwiorwiorwiorwiorwiorwiorwiorwiorwiorwiorwiorwiorwiorwiorwiorwiorwiorwiorwiorwiorwiorwiorwiorwiorwiorwiorwiorwiorwiorwiorwiorwiorwiorwiorwiorwiorwiorwiorwiorwiorwiorwiorwiorwiorwiorwiorwiorwiorwiorwiorwiorwiorwiorwiorwiorw	
      129585000	     64692	8000842a	40aa8633	sub	x12,x21,x10	 x21:0x00000000 x10:0xefffffe1 x12=0x1000001f
      129587000	     64693	8000842e	8bfd	c.andi	x15,31	 x15:0x000003ba x15=0x0000001a
      129589000	     64694	80008430	c03f2913	slti	x18,x30,-1021	 x30:0x00000200 x18=0x00000000
      129593000	     64696	80008434	309b6113	ori	x2,x22,777	 x22:0x00000001  x2=0x00000309
      129599000	     64699	80008438	0c35	c.addi	x24,13	 x24:0x8001adeb x24=0x8001adf8
      129621000	     64710	8000843a	28798493	addi	x9,x19,647	 x19:0x8001ee7c  x9=0x8001f103
      129623000	     64711	8000843e	9246	c.add	x4,x17	  x4:0xfffffe5c x17:0xfffffcf1  x4=0xfffffb4d
      129633000	     64716	80008440	010581b3	add	x3,x11,x16	 x11:0xeffffff0 x16:0x00000038  x3=0xf0000028
      129649000	     64724	80008444	036bd163	bge	x23,x22,80008466	 x23:0x00000000 x22:0x00000001  x0=0x00000000
      129667000	     64733	80008448	00c1	c.addi	x1,16	  x1:0x00000011  x1=0x00000021
      129673000	     64736	8000844a	03358f33	mul	x30,x11,x19	 x11:0xeffffff0 x19:0x8001ee7c x30=0x3fe11840
      129723000	     64761	8000844e	403bda33	sra	x20,x23,x3	 x23:0x00000000  x3:0xf0000028 x20=0x00000000
      129731000	     64765	80008452	0105ea63	bltu	x11,x16,80008466	 x11:0xeffffff0 x16:0x00000038  x0=0x00000000
      129733000	     64766	80008456	c321	c.beqz	x14,80008496	 x14:0x0000034a
      129747000	     64773	80008458	ef98ba13	sltiu	x20,x17,-263	 x17:0xfffffcf1 x20=0x00000001
      129783000	     64791	8000845c	9afd	c.andi	x13,-1	 x13:0xfffffc44 x13=0xfffffc44
      129801000	     64800	8000845e	02288833	mul	x16,x17,x2	 x17:0xfffffcf1  x2:0x00000309 x16=0xfff6b779
      129805000	     64802	80008462	3409b4f3	csrrc	x9,mscratch,x19	 x19:0x8001ee7c  x9=0x0000027b
      129827000	     64813	80008466	0153e033	or	x0,x7,x21	  x7:0x36a35346 x21:0x00000000  x0=0x00000000
      129829000	     64814	8000846a	96a6	c.add	x13,x9	 x13:0xfffffc44  x9:0x0000027b x13=0xfffffebf
      129849000	     64824	8000846c	8471	c.srai	x8,0x1c	  x8:0xefffffe2  x8=0xfffffffe
      129853000	     64826	8000846e	418ddab3	sra	x21,x27,x24	 x27:0xffffffff x24:0x8001adf8 x21=0xffffffff
      129855000	     64827	80008472	8cdd	c.or	x9,x15	  x9:0x0000027b x15:0x0000001a  x9=0x0000027b
      129881000	     64840	80008474	02173f33	mulhu	x30,x14,x1	 x14:0x0000034a  x1:0x00000021 x30=0x00000000
      129891000	     64845	80008478	020b8533	mul	x10,x23,x0	 x23:0x00000000  x0:0x00000000 x10=0x00000000
      129899000	     64849	8000847c	03aa87b3	mul	x15,x21,x26	 x21:0xffffffff x26:0xffffffff x15=0x00000001
      129917000	     64858	80008480	717d	c.addi16sp	x2,-16	  x2:0x00000309  x2=0x000002f9
      129939000	     64869	80008482	2da0f413	andi	x8,x1,730	  x1:0x00000021  x8=0x00000000
      129953000	     64876	80008486	03ecd8b3	divu	x17,x25,x30	 x25:0x00000000 x30:0x00000000 x17=0xffffffff
      129993000	     64896	8000848a	41a7d813	srai	x16,x15,0x1a	 x15:0x00000001 x16=0x00000000
      129997000	     64898	8000848e	34061ff3	csrrw	x31,mscratch,x12	 x12:0x1000001f x31=0x00000003
      130009000	     64904	80008492	018d71b3	and	x3,x26,x24	 x26:0xffffffff x24:0x8001adf8  x3=0x8001adf8
      130011000	     64905	80008496	8f19	c.sub	x14,x14	 x14:0x0000034a x14:0x0000034a x14=0x00000000
      130089000	     64944	80008498	02c17db3	remu	x27,x2,x12	  x2:0x000002f9 x12:0x1000001f x27=0x000002f9
      130091000	     64945	8000849c	0001	c.addi	x0,0	  x0:0x00000000  x0=0x00000000
      130165000	     64982	8000849e	03ff7bb3	remu	x23,x30,x31	 x30:0x00000000 x31:0x00000003 x23=0x00000000
      130167000	     64983	800084a2	340fdbf3	csrrwi	x23,mscratch,31	 x23=0x1000001f
      130183000	     64991	800084a6	022bd763	bge	x23,x2,800084d4	 x23:0x1000001f  x2:0x000002f9  x0=0x00000000
      130257000	     65028	800084aa	03484f33	div	x30,x16,x20	 x16:0x00000000 x20:0x00000001 x30=0x00000000
      130259000	     65029	800084ae	01c2f7b3	and	x15,x5,x28	  x5:0x8001ade8 x28:0x0000000b x15=0x00000008
      130261000	     65030	800084b2	8cbd	c.xor	x9,x15	  x9:0x0000027b x15:0x00000008  x9=0x00000273
      130263000	     65031	800084b4	34075d73	csrrwi	x26,mscratch,14	 x26=0x0000001f
      130265000	     65032	800084b8	24fef413	andi	x8,x29,591	 x29:0x0000001d  x8=0x0000000d
      130267000	     65033	800084bc	340e2173	csrrs	x2,mscratch,x28	 x28:0x0000000b  x2=0x0000000e
      130273000	     65036	800084c0	0e7a	c.slli	x28,0x1e	 x28:0x0000000b x28=0xc0000000
      130275000	     65037	800084c2	ef1d	c.bnez	x14,80008500	 x14:0x00000000
      130299000	     65049	800084c4	0377de63	bge	x15,x23,80008500	 x15:0x00000008 x23:0x1000001f  x0=0x00000000
      130307000	     65053	800084c8	0048f433	and	x8,x17,x4	 x17:0xffffffff  x4:0xfffffb4d  x8=0xfffffb4d
      130369000	     65084	800084cc	8a72	c.mv	x20,x28	  x0:0x00000000 x28:0xc0000000 x20=0xc0000000
      130371000	     65085	800084ce	8ec9	c.or	x13,x10	 x13:0xfffffebf x10:0x00000000 x13=0xfffffebf
      130403000	     65101	800084d0	d98a0013	addi	x0,x20,-616	 x20:0xc0000000  x0=0x00000000
      130405000	     65102	800084d4	0598	c.addi4spn	x14,x2,704	 x14=0x000002ce
      130455000	     65127	800084d6	00a39a33	sll	x20,x7,x10	  x7:0x36a35346 x10:0x00000000 x20=0x36a35346
      130457000	     65128	800084da	8c7d	c.and	x8,x15	  x8:0xfffffb4d x15:0x00000008  x8=0x00000008
      130497000	     65148	800084dc	01cc0433	add	x8,x24,x28	 x24:0x8001adf8 x28:0xc0000000  x8=0x4001adf8
      130517000	     65158	800084e0	40c25c33	sra	x24,x4,x12	  x4:0xfffffb4d x12:0x1000001f x24=0xffffffff
      130533000	     65166	800084e4	eb95	c.bnez	x15,80008518	 x15:0x00000008
      130617000	     65208	80008518	0001	c.addi	x0,0	  x0:0x00000000  x0=0x00000000
      130629000	     65214	8000851a	03096ab3	rem	x21,x18,x16	 x18:0x00000000 x16:0x00000000 x21=0x00000000
      130653000	     65226	8000851e	02c5b033	mulhu	x0,x11,x12	 x11:0xeffffff0 x12:0x1000001f  x0=0x00000000
      130669000	     65234	80008522	00412bb3	slt	x23,x2,x4	  x2:0x0000000e  x4:0xfffffb4d x23=0x00000000
      130675000	     65237	80008526	34073c73	csrrc	x24,mscratch,x14	 x14:0x000002ce x24=0x0000000f
      130677000	     65238	8000852a	0001	c.addi	x0,0	  x0:0x00000000  x0=0x00000000
      130697000	     65248	8000852c	02ea01b3	mul	x3,x20,x14	 x20:0x36a35346 x14:0x000002ce  x3=0x3e138e54
      130699000	     65249	80008530	0d3f6593	ori	x11,x30,211	 x30:0x00000000 x11=0x000000d3
      130711000	     65255	80008534	8866	c.mv	x16,x25	  x0:0x00000000 x25:0x00000000 x16=0x00000000
      130725000	     65262	80008536	40dad513	srai	x10,x21,0xd	 x21:0x00000000 x10=0x00000000
      130737000	     65268	8000853a	032e8763	beq	x29,x18,80008568	 x29:0x0000001d x18:0x00000000  x0=0x00000000
      130739000	     65269	8000853e	97be	c.add	x15,x15	 x15:0x00000008 x15:0x00000008 x15=0x00000010
      130771000	     65285	80008540	34042a73	csrrs	x20,mscratch,x8	  x8:0x4001adf8 x20=0x00000001
      130779000	     65289	80008544	006253b3	srl	x7,x4,x6	  x4:0xfffffb4d  x6:0x00000000  x7=0xfffffb4d
      130795000	     65297	80008548	34005573	csrrwi	x10,mscratch,0	 x10=0x4001adf9
      130797000	     65298	8000854c	004fa233	slt	x4,x31,x4	 x31:0x00000003  x4:0xfffffb4d  x4=0x00000000
      130803000	     65301	80008550	340ab4f3	csrrc	x9,mscratch,x21	 x21:0x00000000  x9=0x00000000
      130861000	     65330	80008554	009d2033	slt	x0,x26,x9	 x26:0x0000001f  x9:0x00000000  x0=0x00000000
      130875000	     65337	80008558	0b132493	slti	x9,x6,177	  x6:0x00000000  x9=0x00000001
      130883000	     65341	8000855c	00cad263	bge	x21,x12,80008560	 x21:0x00000000 x12:0x1000001f  x0=0x00000000
      130925000	     65362	80008560	4b61	c.li	x22,24	 x22=0x00000018
      130927000	     65363	80008562	00f08663	beq	x1,x15,8000856e	  x1:0x00000021 x15:0x00000010  x0=0x00000000
      130929000	     65364	80008566	6121	c.addi16sp	x2,64	  x2:0x0000000e  x2=0x0000004e
      130933000	     65366	80008568	987d	c.andi	x8,-1	  x8:0x4001adf8  x8=0x4001adf8
      130937000	     65368	8000856a	00bbf263	bgeu	x23,x11,8000856e	 x23:0x00000000 x11:0x000000d3  x0=0x00000000
      130967000	     65383	8000856e	02685233	divu	x4,x16,x6	 x16:0x00000000  x6:0x00000000  x4=0xffffffff
      131055000	     65427	80008572	03b8e133	rem	x2,x17,x27	 x17:0xffffffff x27:0x000002f9  x2=0xffffffff
      131057000	     65428	80008576	6419	c.lui	x8,0x6	  x8=0x00006000
      131059000	     65429	80008578	002a1ab3	sll	x21,x20,x2	 x20:0x00000001  x2:0xffffffff x21=0x80000000
      131061000	     65430	8000857c	0001	c.addi	x0,0	  x0:0x00000000  x0=0x00000000
      131063000	     65431	8000857e	9bfd	c.andi	x15,-1	 x15:0x00000010 x15=0x00000010
      131109000	     65454	80008580	717d	c.addi16sp	x2,-16	  x2:0xffffffff  x2=0xffffffef
      131111000	     65455	80008582	8fb5	c.xor	x15,x13	 x15:0x00000010 x13:0xfffffebf x15=0xfffffeaf
      131113000	     65456	80008584	8659	c.srai	x12,0x16	 x12:0x1000001f x12=0x00000040
      131115000	     65457	80008586	9afd	c.andi	x13,-1	 x13:0xfffffebf x13=0xfffffebf
      131175000	     65487	80008588	02b61ab3	mulh	x21,x12,x11	 x12:0x00000040 x11:0x000000d3 x21=0x00000000
      131177000	     65488	8000858c	00681663	bne	x16,x6,80008598	 x16:0x00000000  x6:0x00000000  x0=0x00000000
      131209000	     65504	80008590	8109	c.srli	x10,0x2	 x10:0x4001adf9 x10=0x10006b7e
      131211000	     65505	80008592	83d2	c.mv	x7,x20	  x0:0x00000000 x20:0x00000001  x7=0x00000001
      131229000	     65514	80008594	41698ab3	sub	x21,x19,x22	 x19:0x8001ee7c x22:0x00000018 x21=0x8001ee64
      131231000	     65515	80008598	fe2e3bb7	lui	x23,0xfe2e3	 x23=0xfe2e3000
      131257000	     65528	8000859c	cf89	c.beqz	x15,800085b6	 x15:0xfffffeaf
      131259000	     65529	8000859e	cb81	c.beqz	x15,800085ae	 x15:0xfffffeaf
      131305000	     65552	800085a0	8c1d	c.sub	x8,x15	  x8:0x00006000 x15:0xfffffeaf  x8=0x00006151
      131319000	     65559	800085a2	031e4e63	blt	x28,x17,800085de	 x28:0xc0000000 x17:0xffffffff  x0=0x00000000
      131395000	     65597	800085de	3404a5f3	csrrs	x11,mscratch,x9	  x9:0x00000001 x11=0x00000000
      131433000	     65616	800085e2	3406b0f3	csrrc	x1,mscratch,x13	 x13:0xfffffebf  x1=0x00000001
      131435000	     65617	800085e6	01453d33	sltu	x26,x10,x20	 x10:0x10006b7e x20:0x00000001 x26=0x00000000
      131475000	     65637	800085ea	d4dba213	slti	x4,x23,-691	 x23:0xfe2e3000  x4=0x00000001
      131477000	     65638	800085ee	3404ebf3	csrrsi	x23,mscratch,9	 x23=0x00000000
      131499000	     65649	800085f2	0059edb3	or	x27,x19,x5	 x19:0x8001ee7c  x5:0x8001ade8 x27=0x8001effc
      131501000	     65650	800085f6	717d	c.addi16sp	x2,-16	  x2:0xffffffef  x2=0xffffffdf
      131503000	     65651	800085f8	008a9113	slli	x2,x21,0x8	 x21:0x8001ee64  x2=0x01ee6400
      131523000	     65661	800085fc	0ff0000f	fence	iorwiorwiorwiorwiorwiorwiorwiorwiorwiorwiorwiorwiorwiorwiorwiorwiorwiorwiorwiorwiorwiorwiorwiorwiorwiorwiorwiorwiorwiorwiorwiorwiorwiorwiorwiorwiorwiorwiorwiorwiorwiorwiorwiorwiorwiorwiorwiorwiorwiorwiorwiorwiorwiorwiorwiorwiorwiorwiorwiorwiorwiorwiorwiorwiorwiorwiorwiorwiorwiorwiorwiorwiorwiorwiorwiorwiorwiorwiorwiorwiorwiorwiorwiorwiorwiorwiorwiorwiorwiorwiorwiorwiorwiorwiorwiorwiorwiorwiorwiorwiorwiorwiorwiorwiorwiorwiorwiorwiorwiorwiorwiorwiorwiorwiorwiorwiorwiorwiorwiorwiorwiorwiorwiorwiorwiorwiorwiorwiorwiorwiorwiorwiorwiorwiorwiorwiorwiorwiorwiorwiorwiorwiorwiorwiorwiorwiorwiorwiorwiorwiorwiorwiorwiorwiorwiorwiorwiorwiorwiorwiorwiorwiorwiorwiorwiorwiorwiorwiorwiorwiorwiorwiorwiorwiorwiorwiorwiorwiorwiorwiorwiorwiorwiorwiorwiorwiorwiorwiorwiorwiorwiorwiorwiorwiorwiorwiorw,iorwiorwiorwiorwiorwiorwiorwiorwiorwiorwiorwiorwiorwiorwiorwiorwiorwiorwiorwiorwiorwiorwiorwiorwiorwiorwiorwiorwiorwiorwiorwiorwiorwiorwiorwiorwiorwiorwiorwiorwiorwiorwiorwiorwiorwiorwiorwiorwiorwiorwiorwiorwiorwiorwiorwiorwiorwiorwiorwiorwiorwiorwiorwiorwiorwiorwiorwiorwiorwiorwiorwiorwiorwiorwiorwiorwiorwiorwiorwiorwiorwiorwiorwiorwiorwiorwiorwiorwiorwiorwiorwiorwiorwiorwiorwiorwiorwiorwiorwiorwiorwiorwiorwiorwiorwiorwiorwiorwiorwiorwiorwiorwiorwiorwiorwiorwiorwiorwiorwiorwiorwiorwiorwiorwiorwiorwiorwiorwiorwiorwiorwiorwiorwiorwiorwiorwiorwiorwiorwiorwiorwiorwiorwiorwiorwiorwiorwiorwiorwiorwiorwiorwiorwiorwiorwiorwiorwiorwiorwiorwiorwiorwiorwiorwiorwiorwiorwiorwiorwiorwiorwiorwiorwiorwiorwiorwiorwiorwiorwiorwiorwiorwiorwiorwiorwiorwiorwiorwiorwiorwiorwiorwiorwiorwiorwiorwiorwiorw	
      131541000	     65670	80008600	c811	c.beqz	x8,80008614	  x8:0x00006151
      131563000	     65681	80008602	340e95f3	csrrw	x11,mscratch,x29	 x29:0x0000001d x11=0x00000009
      131581000	     65690	80008606	016c45b3	xor	x11,x24,x22	 x24:0x0000000f x22:0x00000018 x11=0x00000017
      131593000	     65696	8000860a	02bf9f33	mulh	x30,x31,x11	 x31:0x00000003 x11:0x00000017 x30=0x00000000
      131595000	     65697	8000860e	6f35	c.lui	x30,0xd	 x30=0x0000d000
      131621000	     65710	80008610	0ff0000f	fence	iorwiorwiorwiorwiorwiorwiorwiorwiorwiorwiorwiorwiorwiorwiorwiorwiorwiorwiorwiorwiorwiorwiorwiorwiorwiorwiorwiorwiorwiorwiorwiorwiorwiorwiorwiorwiorwiorwiorwiorwiorwiorwiorwiorwiorwiorwiorwiorwiorwiorwiorwiorwiorwiorwiorwiorwiorwiorwiorwiorwiorwiorwiorwiorwiorwiorwiorwiorwiorwiorwiorwiorwiorwiorwiorwiorwiorwiorwiorwiorwiorwiorwiorwiorwiorwiorwiorwiorwiorwiorwiorwiorwiorwiorwiorwiorwiorwiorwiorwiorwiorwiorwiorwiorwiorwiorwiorwiorwiorwiorwiorwiorwiorwiorwiorwiorwiorwiorwiorwiorwiorwiorwiorwiorwiorwiorwiorwiorwiorwiorwiorwiorwiorwiorwiorwiorwiorwiorwiorwiorwiorwiorwiorwiorwiorwiorwiorwiorwiorwiorwiorwiorwiorwiorwiorwiorwiorwiorwiorwiorwiorwiorwiorwiorwiorwiorwiorwiorwiorwiorwiorwiorwiorwiorwiorwiorwiorwiorwiorwiorwiorwiorwiorwiorwiorwiorwiorwiorwiorwiorwiorwiorwiorwiorwiorwiorwiorwiorwiorw,iorwiorwiorwiorwiorwiorwiorwiorwiorwiorwiorwiorwiorwiorwiorwiorwiorwiorwiorwiorwiorwiorwiorwiorwiorwiorwiorwiorwiorwiorwiorwiorwiorwiorwiorwiorwiorwiorwiorwiorwiorwiorwiorwiorwiorwiorwiorwiorwiorwiorwiorwiorwiorwiorwiorwiorwiorwiorwiorwiorwiorwiorwiorwiorwiorwiorwiorwiorwiorwiorwiorwiorwiorwiorwiorwiorwiorwiorwiorwiorwiorwiorwiorwiorwiorwiorwiorwiorwiorwiorwiorwiorwiorwiorwiorwiorwiorwiorwiorwiorwiorwiorwiorwiorwiorwiorwiorwiorwiorwiorwiorwiorwiorwiorwiorwiorwiorwiorwiorwiorwiorwiorwiorwiorwiorwiorwiorwiorwiorwiorwiorwiorwiorwiorwiorwiorwiorwiorwiorwiorwiorwiorwiorwiorwiorwiorwiorwiorwiorwiorwiorwiorwiorwiorwiorwiorwiorwiorwiorwiorwiorwiorwiorwiorwiorwiorwiorwiorwiorwiorwiorwiorwiorwiorwiorwiorwiorwiorwiorwiorwiorwiorwiorwiorwiorwiorwiorwiorwiorwiorwiorwiorwiorwiorwiorwiorwiorwiorwiorwiorw	
      131623000	     65711	80008614	02a48e63	beq	x9,x10,80008650	  x9:0x00000001 x10:0x10006b7e  x0=0x00000000
      131631000	     65715	80008618	01439cb3	sll	x25,x7,x20	  x7:0x00000001 x20:0x00000001 x25=0x00000002
      131647000	     65723	8000861c	0001	c.addi	x0,0	  x0:0x00000000  x0=0x00000000
      131653000	     65726	8000861e	03f88c33	mul	x24,x17,x31	 x17:0xffffffff x31:0x00000003 x24=0xfffffffd
      131655000	     65727	80008622	577d	c.li	x14,-1	 x14=0xffffffff
      131671000	     65735	80008624	6cd9	c.lui	x25,0x16	 x25=0x00016000
      131693000	     65746	80008626	04ca8263	beq	x21,x12,8000866a	 x21:0x8001ee64 x12:0x00000040  x0=0x00000000
      131749000	     65774	8000862a	34011e73	csrrw	x28,mscratch,x2	  x2:0x01ee6400 x28=0x0000001d
      131767000	     65783	8000862e	0e886593	ori	x11,x16,232	 x16:0x00000000 x11=0x000000e8
      131771000	     65785	80008632	020becb3	rem	x25,x23,x0	 x23:0x00000000  x0:0x00000000 x25=0x00000000
      131789000	     65794	80008636	012b8c63	beq	x23,x18,8000864e	 x23:0x00000000 x18:0x00000000  x0=0x00000000
      131811000	     65805	8000864e	ed91	c.bnez	x11,8000866a	 x11:0x000000e8
      131887000	     65843	8000866a	01bcf433	and	x8,x25,x27	 x25:0x00000000 x27:0x8001effc  x8=0x00000000
      131889000	     65844	8000866e	03a77b63	bgeu	x14,x26,800086a4	 x14:0xffffffff x26:0x00000000  x0=0x00000000
      131983000	     65891	80008672	03d1cb33	div	x22,x3,x29	  x3:0x3e138e54 x29:0x0000001d x22=0x0223fc14
      131985000	     65892	80008676	01dd2a33	slt	x20,x26,x29	 x26:0x00000000 x29:0x0000001d x20=0x00000001
      131987000	     65893	8000867a	717d	c.addi16sp	x2,-16	  x2:0x01ee6400  x2=0x01ee63f0
      132001000	     65900	8000867c	015800b3	add	x1,x16,x21	 x16:0x00000000 x21:0x8001ee64  x1=0x8001ee64
      132039000	     65919	80008680	0221acb3	mulhsu	x25,x3,x2	  x3:0x3e138e54  x2:0x01ee63f0 x25=0x0077e1f8
      132061000	     65930	80008684	3402e973	csrrsi	x18,mscratch,5	 x18=0x01ee6400
      132069000	     65934	80008688	03542db3	mulhsu	x27,x8,x21	  x8:0x00000000 x21:0x8001ee64 x27=0x00000000
      132105000	     65952	8000868c	01e25fb3	srl	x31,x4,x30	  x4:0x00000001 x30:0x0000d000 x31=0x00000001
      132147000	     65973	80008690	01a8c0b3	xor	x1,x17,x26	 x17:0xffffffff x26:0x00000000  x1=0xffffffff
      132189000	     65994	80008694	340de973	csrrsi	x18,mscratch,27	 x18=0x01ee6405
      132231000	     66015	80008698	00e48e63	beq	x9,x14,800086b4	  x9:0x00000001 x14:0xffffffff  x0=0x00000000
      132233000	     66016	8000869c	00a0d963	bge	x1,x10,800086ae	  x1:0xffffffff x10:0x10006b7e  x0=0x00000000
      132299000	     66049	800086a0	03a52633	mulhsu	x12,x10,x26	 x10:0x10006b7e x26:0x00000000 x12=0x00000000
      132305000	     66052	800086a4	0310	c.addi4spn	x12,x2,384	 x12=0x01ee6570
      132313000	     66056	800086a6	35b1a113	slti	x2,x3,859	  x3:0x3e138e54  x2=0x00000000
      132315000	     66057	800086aa	8de1	c.and	x11,x8	 x11:0x000000e8  x8:0x00000000 x11=0x00000000
      132347000	     66073	800086ac	0001	c.addi	x0,0	  x0:0x00000000  x0=0x00000000
      132349000	     66074	800086ae	0d32	c.slli	x26,0xc	 x26:0x00000000 x26=0x00000000
      132351000	     66075	800086b0	0021fb63	bgeu	x3,x2,800086c6	  x3:0x3e138e54  x2:0x00000000  x0=0x00000000
      132371000	     66085	800086b4	401a5413	srai	x8,x20,0x1	 x20:0x00000001  x8=0x00000000
      132391000	     66095	800086b8	717d	c.addi16sp	x2,-16	  x2:0x00000000  x2=0xfffffff0
      132423000	     66111	800086ba	03ea3c33	mulhu	x24,x20,x30	 x20:0x00000001 x30:0x0000d000 x24=0x00000000
      132425000	     66112	800086be	3403d773	csrrwi	x14,mscratch,7	 x14=0x01ee641f
      132447000	     66123	800086c2	01f71f93	slli	x31,x14,0x1f	 x14:0x01ee641f x31=0x80000000
      132449000	     66124	800086c6	8ecd	c.or	x13,x11	 x13:0xfffffebf x11:0x00000000 x13=0xfffffebf
      132507000	     66153	800086c8	0380d233	divu	x4,x1,x24	  x1:0xffffffff x24:0x00000000  x4=0xffffffff
      132509000	     66154	800086cc	8715	c.srai	x14,0x5	 x14:0x01ee641f x14=0x000f7320
      132511000	     66155	800086ce	91b2	c.add	x3,x12	  x3:0x3e138e54 x12:0x01ee6570  x3=0x4001f3c4
      132529000	     66164	800086d0	002841b3	xor	x3,x16,x2	 x16:0x00000000  x2:0xfffffff0  x3=0xfffffff0
      132551000	     66175	800086d4	4219	c.li	x4,6	  x4=0x00000006
      132579000	     66189	800086d6	0ff0000f	fence	iorwiorwiorwiorwiorwiorwiorwiorwiorwiorwiorwiorwiorwiorwiorwiorwiorwiorwiorwiorwiorwiorwiorwiorwiorwiorwiorwiorwiorwiorwiorwiorwiorwiorwiorwiorwiorwiorwiorwiorwiorwiorwiorwiorwiorwiorwiorwiorwiorwiorwiorwiorwiorwiorwiorwiorwiorwiorwiorwiorwiorwiorwiorwiorwiorwiorwiorwiorwiorwiorwiorwiorwiorwiorwiorwiorwiorwiorwiorwiorwiorwiorwiorwiorwiorwiorwiorwiorwiorwiorwiorwiorwiorwiorwiorwiorwiorwiorwiorwiorwiorwiorwiorwiorwiorwiorwiorwiorwiorwiorwiorwiorwiorwiorwiorwiorwiorwiorwiorwiorwiorwiorwiorwiorwiorwiorwiorwiorwiorwiorwiorwiorwiorwiorwiorwiorwiorwiorwiorwiorwiorwiorwiorwiorwiorwiorwiorwiorwiorwiorwiorwiorwiorwiorwiorwiorwiorwiorwiorwiorwiorwiorwiorwiorwiorwiorwiorwiorwiorwiorwiorwiorwiorwiorwiorwiorwiorwiorwiorwiorwiorwiorwiorwiorwiorwiorwiorwiorwiorwiorwiorwiorwiorwiorwiorwiorwiorwiorwiorwiorwiorw,iorwiorwiorwiorwiorwiorwiorwiorwiorwiorwiorwiorwiorwiorwiorwiorwiorwiorwiorwiorwiorwiorwiorwiorwiorwiorwiorwiorwiorwiorwiorwiorwiorwiorwiorwiorwiorwiorwiorwiorwiorwiorwiorwiorwiorwiorwiorwiorwiorwiorwiorwiorwiorwiorwiorwiorwiorwiorwiorwiorwiorwiorwiorwiorwiorwiorwiorwiorwiorwiorwiorwiorwiorwiorwiorwiorwiorwiorwiorwiorwiorwiorwiorwiorwiorwiorwiorwiorwiorwiorwiorwiorwiorwiorwiorwiorwiorwiorwiorwiorwiorwiorwiorwiorwiorwiorwiorwiorwiorwiorwiorwiorwiorwiorwiorwiorwiorwiorwiorwiorwiorwiorwiorwiorwiorwiorwiorwiorwiorwiorwiorwiorwiorwiorwiorwiorwiorwiorwiorwiorwiorwiorwiorwiorwiorwiorwiorwiorwiorwiorwiorwiorwiorwiorwiorwiorwiorwiorwiorwiorwiorwiorwiorwiorwiorwiorwiorwiorwiorwiorwiorwiorwiorwiorwiorwiorwiorwiorwiorwiorwiorwiorwiorwiorwiorwiorwiorwiorwiorwiorwiorwiorwiorwiorwiorwiorwiorwiorwiorwiorwiorwiorw	
      132581000	     66190	800086da	340c5ef3	csrrwi	x29,mscratch,24	 x29=0x00000007
      132583000	     66191	800086de	6c1d	c.lui	x24,0x7	 x24=0x00007000
      132629000	     66214	800086e0	0042a103	lw	x2,4(x5)	  x5:0x8001ade8  x2=0x80000bd2 PA:0x8001adec store:0x00000006
      132631000	     66215	800086e4	03428293	addi	x5,x5,52	  x5:0x8001ade8  x5=0x8001ae1c
      132665000	     66232	800086e8	25257813	andi	x16,x10,594	 x10:0x10006b7e x16=0x00000252
      132669000	     66234	800086ec	00010f93	addi	x31,x2,0	  x2:0x80000bd2 x31=0x80000bd2
      132673000	     66236	800086f0	9f82	c.jalr	x31	 x31:0x80000bd2  x1=0x800086f2
      132717000	     66258	80000bd2	012c7563	bgeu	x24,x18,80000bdc	 x24:0x00007000 x18:0x01ee6405  x0=0x00000000
      132737000	     66268	80000bd6	008bb6b3	sltu	x13,x23,x8	 x23:0x00000000  x8:0x00000000 x13=0x00000000
      132739000	     66269	80000bda	68ed	c.lui	x17,0x1b	 x17=0x0001b000
      132741000	     66270	80000bdc	67144217	auipc	x4,0x67144	  x4=0xe7144bdc
      132743000	     66271	80000be0	4185	c.li	x3,1	  x3=0x00000001
      132761000	     66280	80000be2	00000073	ecall	
      132809000	     66304	8000a000	0800006f	jal	x0,8000a080	  x0=0x00000000
      132839000	     66319	8000a080	f8428293	addi	x5,x5,-124	  x5:0x8001ae1c  x5=0x8001ada0
      132897000	     66348	8000a084	0012a223	sw	x1,4(x5)	  x5:0x8001ada0  x1:0x800086f2 PA:0x8001ada4 store:0x800086f2 load:0x800086f2
      132921000	     66360	8000a088	0022a423	sw	x2,8(x5)	  x5:0x8001ada0  x2:0x80000bd2 PA:0x8001ada8 store:0x80000bd2 load:0x80000bd2
      132953000	     66376	8000a08c	0032a623	sw	x3,12(x5)	  x5:0x8001ada0  x3:0x00000001 PA:0x8001adac store:0x00000001 load:0x00000001
      133007000	     66403	8000a090	0042a823	sw	x4,16(x5)	  x5:0x8001ada0  x4:0xe7144bdc PA:0x8001adb0 store:0xe7144bdc load:0xe7144bdc
      133011000	     66405	8000a094	0052aa23	sw	x5,20(x5)	  x5:0x8001ada0  x5:0x8001ada0 PA:0x8001adb4 store:0x8001ada0 load:0x8001ada0
      133015000	     66407	8000a098	0062ac23	sw	x6,24(x5)	  x5:0x8001ada0  x6:0x00000000 PA:0x8001adb8 store:0x00000000 load:0x00000000
      133079000	     66439	8000a09c	0072ae23	sw	x7,28(x5)	  x5:0x8001ada0  x7:0x00000001 PA:0x8001adbc store:0x00000001 load:0x00000001
      133103000	     66451	8000a0a0	0282a023	sw	x8,32(x5)	  x5:0x8001ada0  x8:0x00000000 PA:0x8001adc0 store:0x00000000 load:0x00000000
      133135000	     66467	8000a0a4	0292a223	sw	x9,36(x5)	  x5:0x8001ada0  x9:0x00000001 PA:0x8001adc4 store:0x00000001 load:0x00000001
      133139000	     66469	8000a0a8	02a2a423	sw	x10,40(x5)	  x5:0x8001ada0 x10:0x10006b7e PA:0x8001adc8 store:0x10006b7e load:0x10006b7e
      133167000	     66483	8000a0ac	02b2a623	sw	x11,44(x5)	  x5:0x8001ada0 x11:0x00000000 PA:0x8001adcc store:0x00000000 load:0x00000000
      133171000	     66485	8000a0b0	02c2a823	sw	x12,48(x5)	  x5:0x8001ada0 x12:0x01ee6570 PA:0x8001add0 store:0x01ee6570 load:0x01ee6570
      133191000	     66495	8000a0b4	02d2aa23	sw	x13,52(x5)	  x5:0x8001ada0 x13:0x00000000 PA:0x8001add4 store:0x00000000 load:0x00000000
      133225000	     66512	8000a0b8	02e2ac23	sw	x14,56(x5)	  x5:0x8001ada0 x14:0x000f7320 PA:0x8001add8 store:0x000f7320 load:0x000f7320
      133251000	     66525	8000a0bc	02f2ae23	sw	x15,60(x5)	  x5:0x8001ada0 x15:0xfffffeaf PA:0x8001addc store:0xfffffeaf load:0xfffffeaf
      133263000	     66531	8000a0c0	0502a023	sw	x16,64(x5)	  x5:0x8001ada0 x16:0x00000252 PA:0x8001ade0 store:0x00000252 load:0x00000252
      133327000	     66563	8000a0c4	0512a223	sw	x17,68(x5)	  x5:0x8001ada0 x17:0x0001b000 PA:0x8001ade4 store:0x0001b000 load:0x0001b000
      133347000	     66573	8000a0c8	0522a423	sw	x18,72(x5)	  x5:0x8001ada0 x18:0x01ee6405 PA:0x8001ade8 store:0x01ee6405 load:0x01ee6405
      133371000	     66585	8000a0cc	0532a623	sw	x19,76(x5)	  x5:0x8001ada0 x19:0x8001ee7c PA:0x8001adec store:0x8001ee7c load:0x8001ee7c
      133405000	     66602	8000a0d0	0542a823	sw	x20,80(x5)	  x5:0x8001ada0 x20:0x00000001 PA:0x8001adf0 store:0x00000001 load:0x00000001
      133431000	     66615	8000a0d4	0552aa23	sw	x21,84(x5)	  x5:0x8001ada0 x21:0x8001ee64 PA:0x8001adf4 store:0x8001ee64 load:0x8001ee64
      133451000	     66625	8000a0d8	0562ac23	sw	x22,88(x5)	  x5:0x8001ada0 x22:0x0223fc14 PA:0x8001adf8 store:0x0223fc14 load:0x0223fc14
      133507000	     66653	8000a0dc	0572ae23	sw	x23,92(x5)	  x5:0x8001ada0 x23:0x00000000 PA:0x8001adfc store:0x00000000 load:0x00000000
      133567000	     66683	8000a0e0	0782a023	sw	x24,96(x5)	  x5:0x8001ada0 x24:0x00007000 PA:0x8001ae00 store:0x00007000 load:0x00007000
      133579000	     66689	8000a0e4	0792a223	sw	x25,100(x5)	  x5:0x8001ada0 x25:0x0077e1f8 PA:0x8001ae04 store:0x0077e1f8 load:0x0077e1f8
      133643000	     66721	8000a0e8	07a2a423	sw	x26,104(x5)	  x5:0x8001ada0 x26:0x00000000 PA:0x8001ae08 store:0x00000000 load:0x00000000
      133647000	     66723	8000a0ec	07b2a623	sw	x27,108(x5)	  x5:0x8001ada0 x27:0x00000000 PA:0x8001ae0c store:0x00000000 load:0x00000000
      133673000	     66736	8000a0f0	07c2a823	sw	x28,112(x5)	  x5:0x8001ada0 x28:0x0000001d PA:0x8001ae10 store:0x0000001d load:0x0000001d
      133717000	     66758	8000a0f4	07d2aa23	sw	x29,116(x5)	  x5:0x8001ada0 x29:0x00000007 PA:0x8001ae14 store:0x00000007 load:0x00000007
      133741000	     66770	8000a0f8	07e2ac23	sw	x30,120(x5)	  x5:0x8001ada0 x30:0x0000d000 PA:0x8001ae18 store:0x0000d000 load:0x0000d000
      133763000	     66781	8000a0fc	07f2ae23	sw	x31,124(x5)	  x5:0x8001ada0 x31:0x80000bd2 PA:0x8001ae1c store:0x80000bd2 load:0x80000bd2
      133769000	     66784	8000a100	34102b73	csrrs	x22,mepc,x0	  x0:0x00000000 x22=0x80000be2
      133799000	     66799	8000a104	34202b73	csrrs	x22,mcause,x0	  x0:0x00000000 x22=0x0000000b
      133801000	     66800	8000a108	440d	c.li	x8,3	  x8=0x00000003
      133805000	     66802	8000a10a	048b0463	beq	x22,x8,8000a152	 x22:0x0000000b  x8:0x00000003  x0=0x00000000
      133807000	     66803	8000a10e	4421	c.li	x8,8	  x8=0x00000008
      133809000	     66804	8000a110	0c8b0863	beq	x22,x8,8000a1e0	 x22:0x0000000b  x8:0x00000008  x0=0x00000000
      133817000	     66808	8000a114	4425	c.li	x8,9	  x8=0x00000009
      133841000	     66820	8000a116	0c8b0563	beq	x22,x8,8000a1e0	 x22:0x0000000b  x8:0x00000009  x0=0x00000000
      133843000	     66821	8000a11a	442d	c.li	x8,11	  x8=0x0000000b
      133853000	     66826	8000a11c	0c8b0263	beq	x22,x8,8000a1e0	 x22:0x0000000b  x8:0x0000000b  x0=0x00000000
      133929000	     66864	8000a1e0	ffff6b17	auipc	x22,0xffff6	 x22=0x800001e0
      133931000	     66865	8000a1e4	ea0b0b13	addi	x22,x22,-352	 x22:0x800001e0 x22=0x80000080
      133935000	     66867	8000a1e8	000b2023	sw	x0,0(x22)	 x22:0x80000080  x0:0x00000000 PA:0x80000080 store:0x00000000 load:0x00000000
      133995000	     66897	8000a1ec	001b2223	sw	x1,4(x22)	 x22:0x80000080  x1:0x800086f2 PA:0x80000084 store:0x800086f2 load:0x800086f2
      134005000	     66902	8000a1f0	002b2423	sw	x2,8(x22)	 x22:0x80000080  x2:0x80000bd2 PA:0x80000088 store:0x80000bd2 load:0x80000bd2
      134029000	     66914	8000a1f4	003b2623	sw	x3,12(x22)	 x22:0x80000080  x3:0x00000001 PA:0x8000008c store:0x00000001 load:0x00000001
      134053000	     66926	8000a1f8	004b2823	sw	x4,16(x22)	 x22:0x80000080  x4:0xe7144bdc PA:0x80000090 store:0xe7144bdc load:0xe7144bdc
      134091000	     66945	8000a1fc	005b2a23	sw	x5,20(x22)	 x22:0x80000080  x5:0x8001ada0 PA:0x80000094 store:0x8001ada0 load:0x8001ada0
      134137000	     66968	8000a200	006b2c23	sw	x6,24(x22)	 x22:0x80000080  x6:0x00000000 PA:0x80000098 store:0x00000000 load:0x00000000
      134141000	     66970	8000a204	007b2e23	sw	x7,28(x22)	 x22:0x80000080  x7:0x00000001 PA:0x8000009c store:0x00000001 load:0x00000001
      134163000	     66981	8000a208	028b2023	sw	x8,32(x22)	 x22:0x80000080  x8:0x0000000b PA:0x800000a0 store:0x0000000b load:0x0000000b
      134167000	     66983	8000a20c	029b2223	sw	x9,36(x22)	 x22:0x80000080  x9:0x00000001 PA:0x800000a4 store:0x00000001 load:0x00000001
      134197000	     66998	8000a210	02ab2423	sw	x10,40(x22)	 x22:0x80000080 x10:0x10006b7e PA:0x800000a8 store:0x10006b7e load:0x10006b7e
      134221000	     67010	8000a214	02bb2623	sw	x11,44(x22)	 x22:0x80000080 x11:0x00000000 PA:0x800000ac store:0x00000000 load:0x00000000
      134245000	     67022	8000a218	02cb2823	sw	x12,48(x22)	 x22:0x80000080 x12:0x01ee6570 PA:0x800000b0 store:0x01ee6570 load:0x01ee6570
      134289000	     67044	8000a21c	02db2a23	sw	x13,52(x22)	 x22:0x80000080 x13:0x00000000 PA:0x800000b4 store:0x00000000 load:0x00000000
      134293000	     67046	8000a220	02eb2c23	sw	x14,56(x22)	 x22:0x80000080 x14:0x000f7320 PA:0x800000b8 store:0x000f7320 load:0x000f7320
      134317000	     67058	8000a224	02fb2e23	sw	x15,60(x22)	 x22:0x80000080 x15:0xfffffeaf PA:0x800000bc store:0xfffffeaf load:0xfffffeaf
      134321000	     67060	8000a228	050b2023	sw	x16,64(x22)	 x22:0x80000080 x16:0x00000252 PA:0x800000c0 store:0x00000252 load:0x00000252
      134329000	     67064	8000a22c	051b2223	sw	x17,68(x22)	 x22:0x80000080 x17:0x0001b000 PA:0x800000c4 store:0x0001b000 load:0x0001b000
      134373000	     67086	8000a230	052b2423	sw	x18,72(x22)	 x22:0x80000080 x18:0x01ee6405 PA:0x800000c8 store:0x01ee6405 load:0x01ee6405
      134415000	     67107	8000a234	053b2623	sw	x19,76(x22)	 x22:0x80000080 x19:0x8001ee7c PA:0x800000cc store:0x8001ee7c load:0x8001ee7c
      134439000	     67119	8000a238	054b2823	sw	x20,80(x22)	 x22:0x80000080 x20:0x00000001 PA:0x800000d0 store:0x00000001 load:0x00000001
      134463000	     67131	8000a23c	055b2a23	sw	x21,84(x22)	 x22:0x80000080 x21:0x8001ee64 PA:0x800000d4 store:0x8001ee64 load:0x8001ee64
      134491000	     67145	8000a240	056b2c23	sw	x22,88(x22)	 x22:0x80000080 x22:0x80000080 PA:0x800000d8 store:0x80000080 load:0x80000080
      134515000	     67157	8000a244	057b2e23	sw	x23,92(x22)	 x22:0x80000080 x23:0x00000000 PA:0x800000dc store:0x00000000 load:0x00000000
      134535000	     67167	8000a248	078b2023	sw	x24,96(x22)	 x22:0x80000080 x24:0x00007000 PA:0x800000e0 store:0x00007000 load:0x00007000
      134539000	     67169	8000a24c	079b2223	sw	x25,100(x22)	 x22:0x80000080 x25:0x0077e1f8 PA:0x800000e4 store:0x0077e1f8 load:0x0077e1f8
      134563000	     67181	8000a250	07ab2423	sw	x26,104(x22)	 x22:0x80000080 x26:0x00000000 PA:0x800000e8 store:0x00000000 load:0x00000000
      134569000	     67184	8000a254	07bb2623	sw	x27,108(x22)	 x22:0x80000080 x27:0x00000000 PA:0x800000ec store:0x00000000 load:0x00000000
      134577000	     67188	8000a258	07cb2823	sw	x28,112(x22)	 x22:0x80000080 x28:0x0000001d PA:0x800000f0 store:0x0000001d load:0x0000001d
      134605000	     67202	8000a25c	07db2a23	sw	x29,116(x22)	 x22:0x80000080 x29:0x00000007 PA:0x800000f4 store:0x00000007 load:0x00000007
      134641000	     67220	8000a260	07eb2c23	sw	x30,120(x22)	 x22:0x80000080 x30:0x0000d000 PA:0x800000f8 store:0x0000d000 load:0x0000d000
      134645000	     67222	8000a264	07fb2e23	sw	x31,124(x22)	 x22:0x80000080 x31:0x80000bd2 PA:0x800000fc store:0x80000bd2 load:0x80000bd2
      134649000	     67224	8000a268	c8afe06f	jal	x0,800086f2	  x0=0x00000000
      134697000	     67248	800086f2	00004f17	auipc	x30,0x4	 x30=0x8000c6f2
      134713000	     67256	800086f6	903f2723	sw	x3,-1778(x30)	 x30:0x8000c6f2  x3:0x00000001 PA:0x8000c000 store:0x00000001 load:0x00000001
      134717000	     67258	800086fa	bfe5	c.j	800086f2	
      134737000	     67268	800086f2	00004f17	auipc	x30,0x4	 x30=0x8000c6f2
      134781000	     67290	800086f6	903f2723	sw	x3,-1778(x30)	 x30:0x8000c6f2  x3:0x00000001 PA:0x8000c000 store:0x00000001 load:0x00000001
      134785000	     67292	800086fa	bfe5	c.j	800086f2	
      134831000	     67315	800086f2	00004f17	auipc	x30,0x4	 x30=0x8000c6f2
      134875000	     67337	800086f6	903f2723	sw	x3,-1778(x30)	 x30:0x8000c6f2  x3:0x00000001 PA:0x8000c000 store:0x00000001 load:0x00000001
      134879000	     67339	800086fa	bfe5	c.j	800086f2	
      134913000	     67356	800086f2	00004f17	auipc	x30,0x4	 x30=0x8000c6f2
      134925000	     67362	800086f6	903f2723	sw	x3,-1778(x30)	 x30:0x8000c6f2  x3:0x00000001 PA:0x8000c000 store:0x00000001 load:0x00000001
      134929000	     67364	800086fa	bfe5	c.j	800086f2	
      134969000	     67384	800086f2	00004f17	auipc	x30,0x4	 x30=0x8000c6f2
      135029000	     67414	800086f6	903f2723	sw	x3,-1778(x30)	 x30:0x8000c6f2  x3:0x00000001 PA:0x8000c000 store:0x00000001 load:0x00000001
      135033000	     67416	800086fa	bfe5	c.j	800086f2	
      135065000	     67432	800086f2	00004f17	auipc	x30,0x4	 x30=0x8000c6f2
      135143000	     67471	800086f6	903f2723	sw	x3,-1778(x30)	 x30:0x8000c6f2  x3:0x00000001 PA:0x8000c000 store:0x00000001 load:0x00000001
      135147000	     67473	800086fa	bfe5	c.j	800086f2	
      135179000	     67489	800086f2	00004f17	auipc	x30,0x4	 x30=0x8000c6f2
      135183000	     67491	800086f6	903f2723	sw	x3,-1778(x30)	 x30:0x8000c6f2  x3:0x00000001 PA:0x8000c000 store:0x00000001 load:0x00000001
      135187000	     67493	800086fa	bfe5	c.j	800086f2	
      135229000	     67514	800086f2	00004f17	auipc	x30,0x4	 x30=0x8000c6f2
      135237000	     67518	800086f6	903f2723	sw	x3,-1778(x30)	 x30:0x8000c6f2  x3:0x00000001 PA:0x8000c000 store:0x00000001 load:0x00000001
      135241000	     67520	800086fa	bfe5	c.j	800086f2	
      135325000	     67562	800086f2	00004f17	auipc	x30,0x4	 x30=0x8000c6f2
      135329000	     67564	800086f6	903f2723	sw	x3,-1778(x30)	 x30:0x8000c6f2  x3:0x00000001 PA:0x8000c000 store:0x00000001 load:0x00000001
      135333000	     67566	800086fa	bfe5	c.j	800086f2	
      135399000	     67599	800086f2	00004f17	auipc	x30,0x4	 x30=0x8000c6f2
      135465000	     67632	800086f6	903f2723	sw	x3,-1778(x30)	 x30:0x8000c6f2  x3:0x00000001 PA:0x8000c000 store:0x00000001 load:0x00000001
      135469000	     67634	800086fa	bfe5	c.j	800086f2	
      135487000	     67643	800086f2	00004f17	auipc	x30,0x4	 x30=0x8000c6f2
      135549000	     67674	800086f6	903f2723	sw	x3,-1778(x30)	 x30:0x8000c6f2  x3:0x00000001 PA:0x8000c000 store:0x00000001 load:0x00000001
      135553000	     67676	800086fa	bfe5	c.j	800086f2	
      135597000	     67698	800086f2	00004f17	auipc	x30,0x4	 x30=0x8000c6f2
      135615000	     67707	800086f6	903f2723	sw	x3,-1778(x30)	 x30:0x8000c6f2  x3:0x00000001 PA:0x8000c000 store:0x00000001 load:0x00000001
      135619000	     67709	800086fa	bfe5	c.j	800086f2	
      135705000	     67752	800086f2	00004f17	auipc	x30,0x4	 x30=0x8000c6f2
      135765000	     67782	800086f6	903f2723	sw	x3,-1778(x30)	 x30:0x8000c6f2  x3:0x00000001 PA:0x8000c000 store:0x00000001 load:0x00000001
      135769000	     67784	800086fa	bfe5	c.j	800086f2	
      135825000	     67812	800086f2	00004f17	auipc	x30,0x4	 x30=0x8000c6f2
      135831000	     67815	800086f6	903f2723	sw	x3,-1778(x30)	 x30:0x8000c6f2  x3:0x00000001 PA:0x8000c000 store:0x00000001 load:0x00000001
      135835000	     67817	800086fa	bfe5	c.j	800086f2	
      135891000	     67845	800086f2	00004f17	auipc	x30,0x4	 x30=0x8000c6f2
      135947000	     67873	800086f6	903f2723	sw	x3,-1778(x30)	 x30:0x8000c6f2  x3:0x00000001 PA:0x8000c000 store:0x00000001 load:0x00000001
      135951000	     67875	800086fa	bfe5	c.j	800086f2	
      136007000	     67903	800086f2	00004f17	auipc	x30,0x4	 x30=0x8000c6f2
      136045000	     67922	800086f6	903f2723	sw	x3,-1778(x30)	 x30:0x8000c6f2  x3:0x00000001 PA:0x8000c000 store:0x00000001 load:0x00000001
      136049000	     67924	800086fa	bfe5	c.j	800086f2	
      136099000	     67949	800086f2	00004f17	auipc	x30,0x4	 x30=0x8000c6f2
      136115000	     67957	800086f6	903f2723	sw	x3,-1778(x30)	 x30:0x8000c6f2  x3:0x00000001 PA:0x8000c000 store:0x00000001 load:0x00000001
      136119000	     67959	800086fa	bfe5	c.j	800086f2	
      136157000	     67978	800086f2	00004f17	auipc	x30,0x4	 x30=0x8000c6f2
      136195000	     67997	800086f6	903f2723	sw	x3,-1778(x30)	 x30:0x8000c6f2  x3:0x00000001 PA:0x8000c000 store:0x00000001 load:0x00000001
      136199000	     67999	800086fa	bfe5	c.j	800086f2	
      136253000	     68026	800086f2	00004f17	auipc	x30,0x4	 x30=0x8000c6f2
      136285000	     68042	800086f6	903f2723	sw	x3,-1778(x30)	 x30:0x8000c6f2  x3:0x00000001 PA:0x8000c000 store:0x00000001 load:0x00000001
      136289000	     68044	800086fa	bfe5	c.j	800086f2	
      136315000	     68057	800086f2	00004f17	auipc	x30,0x4	 x30=0x8000c6f2
      136347000	     68073	800086f6	903f2723	sw	x3,-1778(x30)	 x30:0x8000c6f2  x3:0x00000001 PA:0x8000c000 store:0x00000001 load:0x00000001
      136351000	     68075	800086fa	bfe5	c.j	800086f2	
      136431000	     68115	800086f2	00004f17	auipc	x30,0x4	 x30=0x8000c6f2
      136461000	     68130	800086f6	903f2723	sw	x3,-1778(x30)	 x30:0x8000c6f2  x3:0x00000001 PA:0x8000c000 store:0x00000001 load:0x00000001
      136465000	     68132	800086fa	bfe5	c.j	800086f2	
      136517000	     68158	800086f2	00004f17	auipc	x30,0x4	 x30=0x8000c6f2
      136583000	     68191	800086f6	903f2723	sw	x3,-1778(x30)	 x30:0x8000c6f2  x3:0x00000001 PA:0x8000c000 store:0x00000001 load:0x00000001
      136587000	     68193	800086fa	bfe5	c.j	800086f2	
      136653000	     68226	800086f2	00004f17	auipc	x30,0x4	 x30=0x8000c6f2
      136705000	     68252	800086f6	903f2723	sw	x3,-1778(x30)	 x30:0x8000c6f2  x3:0x00000001 PA:0x8000c000 store:0x00000001 load:0x00000001
      136709000	     68254	800086fa	bfe5	c.j	800086f2	
      136793000	     68296	800086f2	00004f17	auipc	x30,0x4	 x30=0x8000c6f2
      136839000	     68319	800086f6	903f2723	sw	x3,-1778(x30)	 x30:0x8000c6f2  x3:0x00000001 PA:0x8000c000 store:0x00000001 load:0x00000001
      136843000	     68321	800086fa	bfe5	c.j	800086f2	
      136883000	     68341	800086f2	00004f17	auipc	x30,0x4	 x30=0x8000c6f2
      136917000	     68358	800086f6	903f2723	sw	x3,-1778(x30)	 x30:0x8000c6f2  x3:0x00000001 PA:0x8000c000 store:0x00000001 load:0x00000001
      136921000	     68360	800086fa	bfe5	c.j	800086f2	
      136971000	     68385	800086f2	00004f17	auipc	x30,0x4	 x30=0x8000c6f2
      136983000	     68391	800086f6	903f2723	sw	x3,-1778(x30)	 x30:0x8000c6f2  x3:0x00000001 PA:0x8000c000 store:0x00000001 load:0x00000001
      136987000	     68393	800086fa	bfe5	c.j	800086f2	
      137039000	     68419	800086f2	00004f17	auipc	x30,0x4	 x30=0x8000c6f2
      137061000	     68430	800086f6	903f2723	sw	x3,-1778(x30)	 x30:0x8000c6f2  x3:0x00000001 PA:0x8000c000 store:0x00000001 load:0x00000001
      137065000	     68432	800086fa	bfe5	c.j	800086f2	
      137125000	     68462	800086f2	00004f17	auipc	x30,0x4	 x30=0x8000c6f2
      137163000	     68481	800086f6	903f2723	sw	x3,-1778(x30)	 x30:0x8000c6f2  x3:0x00000001 PA:0x8000c000 store:0x00000001 load:0x00000001
      137167000	     68483	800086fa	bfe5	c.j	800086f2	
      137189000	     68494	800086f2	00004f17	auipc	x30,0x4	 x30=0x8000c6f2
      137211000	     68505	800086f6	903f2723	sw	x3,-1778(x30)	 x30:0x8000c6f2  x3:0x00000001 PA:0x8000c000 store:0x00000001 load:0x00000001
      137215000	     68507	800086fa	bfe5	c.j	800086f2	
      137251000	     68525	800086f2	00004f17	auipc	x30,0x4	 x30=0x8000c6f2
      137305000	     68552	800086f6	903f2723	sw	x3,-1778(x30)	 x30:0x8000c6f2  x3:0x00000001 PA:0x8000c000 store:0x00000001 load:0x00000001
      137309000	     68554	800086fa	bfe5	c.j	800086f2	
      137333000	     68566	800086f2	00004f17	auipc	x30,0x4	 x30=0x8000c6f2
      137347000	     68573	800086f6	903f2723	sw	x3,-1778(x30)	 x30:0x8000c6f2  x3:0x00000001 PA:0x8000c000 store:0x00000001 load:0x00000001
      137351000	     68575	800086fa	bfe5	c.j	800086f2	
      137389000	     68594	800086f2	00004f17	auipc	x30,0x4	 x30=0x8000c6f2
      137395000	     68597	800086f6	903f2723	sw	x3,-1778(x30)	 x30:0x8000c6f2  x3:0x00000001 PA:0x8000c000 store:0x00000001 load:0x00000001
      137399000	     68599	800086fa	bfe5	c.j	800086f2	
      137437000	     68618	800086f2	00004f17	auipc	x30,0x4	 x30=0x8000c6f2
      137451000	     68625	800086f6	903f2723	sw	x3,-1778(x30)	 x30:0x8000c6f2  x3:0x00000001 PA:0x8000c000 store:0x00000001 load:0x00000001
      137455000	     68627	800086fa	bfe5	c.j	800086f2	
      137479000	     68639	800086f2	00004f17	auipc	x30,0x4	 x30=0x8000c6f2
      137497000	     68648	800086f6	903f2723	sw	x3,-1778(x30)	 x30:0x8000c6f2  x3:0x00000001 PA:0x8000c000 store:0x00000001 load:0x00000001
      137501000	     68650	800086fa	bfe5	c.j	800086f2	
      137569000	     68684	800086f2	00004f17	auipc	x30,0x4	 x30=0x8000c6f2
      137593000	     68696	800086f6	903f2723	sw	x3,-1778(x30)	 x30:0x8000c6f2  x3:0x00000001 PA:0x8000c000 store:0x00000001 load:0x00000001
      137597000	     68698	800086fa	bfe5	c.j	800086f2	
      137623000	     68711	800086f2	00004f17	auipc	x30,0x4	 x30=0x8000c6f2
      137663000	     68731	800086f6	903f2723	sw	x3,-1778(x30)	 x30:0x8000c6f2  x3:0x00000001 PA:0x8000c000 store:0x00000001 load:0x00000001
      137667000	     68733	800086fa	bfe5	c.j	800086f2	
      137743000	     68771	800086f2	00004f17	auipc	x30,0x4	 x30=0x8000c6f2
      137747000	     68773	800086f6	903f2723	sw	x3,-1778(x30)	 x30:0x8000c6f2  x3:0x00000001 PA:0x8000c000 store:0x00000001 load:0x00000001
      137751000	     68775	800086fa	bfe5	c.j	800086f2	
      137815000	     68807	800086f2	00004f17	auipc	x30,0x4	 x30=0x8000c6f2
      137873000	     68836	800086f6	903f2723	sw	x3,-1778(x30)	 x30:0x8000c6f2  x3:0x00000001 PA:0x8000c000 store:0x00000001 load:0x00000001
      137877000	     68838	800086fa	bfe5	c.j	800086f2	
      137965000	     68882	800086f2	00004f17	auipc	x30,0x4	 x30=0x8000c6f2
      138029000	     68914	800086f6	903f2723	sw	x3,-1778(x30)	 x30:0x8000c6f2  x3:0x00000001 PA:0x8000c000 store:0x00000001 load:0x00000001
      138033000	     68916	800086fa	bfe5	c.j	800086f2	
      138077000	     68938	800086f2	00004f17	auipc	x30,0x4	 x30=0x8000c6f2
      138129000	     68964	800086f6	903f2723	sw	x3,-1778(x30)	 x30:0x8000c6f2  x3:0x00000001 PA:0x8000c000 store:0x00000001 load:0x00000001
      138133000	     68966	800086fa	bfe5	c.j	800086f2	
      138197000	     68998	800086f2	00004f17	auipc	x30,0x4	 x30=0x8000c6f2
      138201000	     69000	800086f6	903f2723	sw	x3,-1778(x30)	 x30:0x8000c6f2  x3:0x00000001 PA:0x8000c000 store:0x00000001 load:0x00000001
      138205000	     69002	800086fa	bfe5	c.j	800086f2	
      138255000	     69027	800086f2	00004f17	auipc	x30,0x4	 x30=0x8000c6f2
      138295000	     69047	800086f6	903f2723	sw	x3,-1778(x30)	 x30:0x8000c6f2  x3:0x00000001 PA:0x8000c000 store:0x00000001 load:0x00000001
      138299000	     69049	800086fa	bfe5	c.j	800086f2	
      138333000	     69066	800086f2	00004f17	auipc	x30,0x4	 x30=0x8000c6f2
      138367000	     69083	800086f6	903f2723	sw	x3,-1778(x30)	 x30:0x8000c6f2  x3:0x00000001 PA:0x8000c000 store:0x00000001 load:0x00000001
      138371000	     69085	800086fa	bfe5	c.j	800086f2	
      138407000	     69103	800086f2	00004f17	auipc	x30,0x4	 x30=0x8000c6f2
      138447000	     69123	800086f6	903f2723	sw	x3,-1778(x30)	 x30:0x8000c6f2  x3:0x00000001 PA:0x8000c000 store:0x00000001 load:0x00000001
      138451000	     69125	800086fa	bfe5	c.j	800086f2	
      138461000	     69130	800086f2	00004f17	auipc	x30,0x4	 x30=0x8000c6f2
      138493000	     69146	800086f6	903f2723	sw	x3,-1778(x30)	 x30:0x8000c6f2  x3:0x00000001 PA:0x8000c000 store:0x00000001 load:0x00000001
      138497000	     69148	800086fa	bfe5	c.j	800086f2	
      138587000	     69193	800086f2	00004f17	auipc	x30,0x4	 x30=0x8000c6f2
      138657000	     69228	800086f6	903f2723	sw	x3,-1778(x30)	 x30:0x8000c6f2  x3:0x00000001 PA:0x8000c000 store:0x00000001 load:0x00000001
      138661000	     69230	800086fa	bfe5	c.j	800086f2	
      138689000	     69244	800086f2	00004f17	auipc	x30,0x4	 x30=0x8000c6f2
      138701000	     69250	800086f6	903f2723	sw	x3,-1778(x30)	 x30:0x8000c6f2  x3:0x00000001 PA:0x8000c000 store:0x00000001 load:0x00000001
      138705000	     69252	800086fa	bfe5	c.j	800086f2	
      138751000	     69275	800086f2	00004f17	auipc	x30,0x4	 x30=0x8000c6f2
