Time	Cycle	PC	Insn	Decoded instruction	Register and memory contents
         229000	        14	80000080	00000013	addi	x0,x0,0	  x0:0x00000000  x0=0x00000000
         251000	        25	80000084	4081	c.li	x1,0	  x1=0x00000000
         253000	        26	80000086	5296a137	lui	x2,0x5296a	  x2=0x5296a000
         275000	        37	8000008a	ec010113	addi	x2,x2,-320	  x2:0x5296a000  x2=0x52969ec0
         277000	        38	8000008e	4181	c.li	x3,0	  x3=0x00000000
         295000	        47	80000090	4201	c.li	x4,0	  x4=0x00000000
         297000	        48	80000092	f08252b7	lui	x5,0xf0825	  x5=0xf0825000
         319000	        59	80000096	d1028293	addi	x5,x5,-752	  x5:0xf0825000  x5=0xf0824d10
         321000	        60	8000009a	4301	c.li	x6,0	  x6=0x00000000
         323000	        61	8000009c	ffe243b7	lui	x7,0xffe24	  x7=0xffe24000
         325000	        62	800000a0	19038393	addi	x7,x7,400	  x7:0xffe24000  x7=0xffe24190
         359000	        79	800000a4	9e6b0437	lui	x8,0x9e6b0	  x8=0x9e6b0000
         377000	        88	800000a8	9cd40413	addi	x8,x8,-1587	  x8:0x9e6b0000  x8=0x9e6af9cd
         411000	       105	800000ac	800004b7	lui	x9,0x80000	  x9=0x80000000
         413000	       106	800000b0	ff24d537	lui	x10,0xff24d	 x10=0xff24d000
         429000	       114	800000b4	9b450513	addi	x10,x10,-1612	 x10:0xff24d000 x10=0xff24c9b4
         447000	       123	800000b8	221c65b7	lui	x11,0x221c6	 x11=0x221c6000
         463000	       131	800000bc	e0758593	addi	x11,x11,-505	 x11:0x221c6000 x11=0x221c5e07
         497000	       148	800000c0	fcb0e637	lui	x12,0xfcb0e	 x12=0xfcb0e000
         499000	       149	800000c4	e0560613	addi	x12,x12,-507	 x12:0xfcb0e000 x12=0xfcb0de05
         543000	       171	800000c8	800006b7	lui	x13,0x80000	 x13=0x80000000
         545000	       172	800000cc	4701	c.li	x14,0	 x14=0x00000000
         583000	       191	800000ce	fa1187b7	lui	x15,0xfa118	 x15=0xfa118000
         585000	       192	800000d2	12e78793	addi	x15,x15,302	 x15:0xfa118000 x15=0xfa11812e
         609000	       204	800000d6	19fae837	lui	x16,0x19fae	 x16=0x19fae000
         631000	       215	800000da	0a780813	addi	x16,x16,167	 x16:0x19fae000 x16=0x19fae0a7
         641000	       220	800000de	800008b7	lui	x17,0x80000	 x17=0x80000000
         691000	       245	800000e2	46486937	lui	x18,0x46486	 x18=0x46486000
         733000	       266	800000e6	95690913	addi	x18,x18,-1706	 x18:0x46486000 x18=0x46485956
         735000	       267	800000ea	499d	c.li	x19,7	 x19=0x00000007
         741000	       270	800000ec	f4b95a37	lui	x20,0xf4b95	 x20=0xf4b95000
         749000	       274	800000f0	f69a0a13	addi	x20,x20,-151	 x20:0xf4b95000 x20=0xf4b94f69
         765000	       282	800000f4	49648ab7	lui	x21,0x49648	 x21=0x49648000
         801000	       300	800000f8	224a8a93	addi	x21,x21,548	 x21:0x49648000 x21=0x49648224
         803000	       301	800000fc	4b15	c.li	x22,5	 x22=0x00000005
         805000	       302	800000fe	38026bb7	lui	x23,0x38026	 x23=0x38026000
         831000	       315	80000102	492b8b93	addi	x23,x23,1170	 x23:0x38026000 x23=0x38026492
         833000	       316	80000106	4c21	c.li	x24,8	 x24=0x00000008
         865000	       332	80000108	4c81	c.li	x25,0	 x25=0x00000000
         875000	       337	8000010a	80000d37	lui	x26,0x80000	 x26=0x80000000
         915000	       357	8000010e	80000db7	lui	x27,0x80000	 x27=0x80000000
         917000	       358	80000112	4e01	c.li	x28,0	 x28=0x00000000
         957000	       378	80000114	4e81	c.li	x29,0	 x29=0x00000000
         959000	       379	80000116	4f15	c.li	x30,5	 x30=0x00000005
         977000	       388	80000118	80000fb7	lui	x31,0x80000	 x31=0x80000000
         979000	       389	8000011c	40001b37	lui	x22,0x40001	 x22=0x40001000
        1001000	       400	80000120	104b0b13	addi	x22,x22,260	 x22:0x40001000 x22=0x40001104
        1027000	       413	80000124	301b1073	csrrw	x0,misa,x22	 x22:0x40001104  x0=0x00000000
        1043000	       421	80000128	00027997	auipc	x19,0x27	 x19=0x80027128
        1055000	       427	8000012c	d5498993	addi	x19,x19,-684	 x19:0x80027128 x19=0x80026e7c
        1057000	       428	80000130	00012b17	auipc	x22,0x12	 x22=0x80012130
        1097000	       448	80000134	ed0b0b13	addi	x22,x22,-304	 x22:0x80012130 x22=0x80012000
        1099000	       449	80000138	001b6b13	ori	x22,x22,1	 x22:0x80012000 x22=0x80012001
        1121000	       460	8000013c	305b1073	csrrw	x0,mtvec,x22	 x22:0x80012001  x0=0x00000000
        1143000	       471	80000140	00000b17	auipc	x22,0x0	 x22=0x80000140
        1165000	       482	80000144	010b0b13	addi	x22,x22,16	 x22:0x80000140 x22=0x80000150
        1187000	       493	80000148	341b1073	csrrw	x0,mepc,x22	 x22:0x80000150  x0=0x00000000
        1203000	       501	8000014c	30f0f06f	jal	x0,8000fc5a	  x0=0x00000000
        1271000	       535	8000fc5a	5e002b37	lui	x22,0x5e002	 x22=0x5e002000
        1313000	       556	8000fc5e	afab0b13	addi	x22,x22,-1286	 x22:0x5e002000 x22=0x5e001afa
        1355000	       577	8000fc62	300b1073	csrrw	x0,mstatus,x22	 x22:0x5e001afa  x0=0x00000000
        1361000	       580	8000fc66	c0bfcb37	lui	x22,0xc0bfc	 x22=0xc0bfc000
        1363000	       581	8000fc6a	f4fb0b13	addi	x22,x22,-177	 x22:0xc0bfc000 x22=0xc0bfbf4f
        1367000	       583	8000fc6e	304b1073	csrrw	x0,mie,x22	 x22:0xc0bfbf4f  x0=0x00000000
        1429000	       614	8000fc72	90000437	lui	x8,0x90000	  x8=0x90000000
        1447000	       623	8000fc76	ffc40413	addi	x8,x8,-4	  x8:0x90000000  x8=0x8ffffffc
        1489000	       644	8000fc7a	30000b13	addi	x22,x0,768	  x0:0x00000000 x22=0x00000300
        1491000	       645	8000fc7e	0b22	c.slli	x22,0x8	 x22:0x00000300 x22=0x00030000
        1493000	       646	8000fc80	0b0d	c.addi	x22,3	 x22:0x00030000 x22=0x00030003
        1587000	       693	8000fc82	01642023	sw	x22,0(x8)	  x8:0x8ffffffc x22:0x00030003 PA:0x8ffffffc store:0x00030003 load:0x00030003
        1589000	       694	8000fc86	30002b73	csrrs	x22,mstatus,x0	  x0:0x00000000 x22=0x00001888
        1593000	       696	8000fc8a	01642023	sw	x22,0(x8)	  x8:0x8ffffffc x22:0x00001888 PA:0x8ffffffc store:0x00001888 load:0x00001888
        1609000	       704	8000fc8e	90000437	lui	x8,0x90000	  x8=0x90000000
        1611000	       705	8000fc92	ffc40413	addi	x8,x8,-4	  x8:0x90000000  x8=0x8ffffffc
        1657000	       728	8000fc96	30400b13	addi	x22,x0,772	  x0:0x00000000 x22=0x00000304
        1659000	       729	8000fc9a	0b22	c.slli	x22,0x8	 x22:0x00000304 x22=0x00030400
        1661000	       730	8000fc9c	0b0d	c.addi	x22,3	 x22:0x00030400 x22=0x00030403
        1667000	       733	8000fc9e	01642023	sw	x22,0(x8)	  x8:0x8ffffffc x22:0x00030403 PA:0x8ffffffc store:0x00030403 load:0x00030403
        1703000	       751	8000fca2	30402b73	csrrs	x22,mie,x0	  x0:0x00000000 x22=0x40bf0808
        1749000	       774	8000fca6	01642023	sw	x22,0(x8)	  x8:0x8ffffffc x22:0x40bf0808 PA:0x8ffffffc store:0x40bf0808 load:0x40bf0808
        1751000	       775	8000fcaa	30200073	mret	
        1777000	       788	80000150	00023297	auipc	x5,0x23	  x5=0x80023150
        1779000	       789	80000154	ccc28293	addi	x5,x5,-820	  x5:0x80023150  x5=0x80022e1c
        1795000	       797	80000158	90000437	lui	x8,0x90000	  x8=0x90000000
        1813000	       806	8000015c	ffc40413	addi	x8,x8,-4	  x8:0x90000000  x8=0x8ffffffc
        1837000	       818	80000160	4b01	c.li	x22,0	 x22=0x00000000
        1839000	       819	80000162	0b22	c.slli	x22,0x8	 x22:0x00000000 x22=0x00000000
        1845000	       822	80000164	000b0b13	addi	x22,x22,0	 x22:0x00000000 x22=0x00000000
        1911000	       855	80000168	01642023	sw	x22,0(x8)	  x8:0x8ffffffc x22:0x00000000 PA:0x8ffffffc store:0x00000000 load:0x00000000
        1925000	       862	8000016c	30002b73	csrrs	x22,mstatus,x0	  x0:0x00000000 x22=0x00000088
        1933000	       866	80000170	30402473	csrrs	x8,mie,x0	  x0:0x00000000  x8=0x40bf0808
        1955000	       877	80000174	300b1073	csrrw	x0,mstatus,x22	 x22:0x00000088  x0=0x00000000
        1983000	       891	8001204c	81aff06f	jal	x0,80011066	  x0=0x00000000
        2039000	       919	80011066	f8428293	addi	x5,x5,-124	  x5:0x80022e1c  x5=0x80022da0
        2061000	       930	8001106a	0012a223	sw	x1,4(x5)	  x5:0x80022da0  x1:0x00000000 PA:0x80022da4 store:0x00000000 load:0x00000000
        2077000	       938	8001106e	0022a423	sw	x2,8(x5)	  x5:0x80022da0  x2:0x52969ec0 PA:0x80022da8 store:0x52969ec0 load:0x52969ec0
        2137000	       968	80011072	0032a623	sw	x3,12(x5)	  x5:0x80022da0  x3:0x00000000 PA:0x80022dac store:0x00000000 load:0x00000000
        2141000	       970	80011076	0042a823	sw	x4,16(x5)	  x5:0x80022da0  x4:0x00000000 PA:0x80022db0 store:0x00000000 load:0x00000000
        2177000	       988	8001107a	0052aa23	sw	x5,20(x5)	  x5:0x80022da0  x5:0x80022da0 PA:0x80022db4 store:0x80022da0 load:0x80022da0
        2211000	      1005	8001107e	0062ac23	sw	x6,24(x5)	  x5:0x80022da0  x6:0x00000000 PA:0x80022db8 store:0x00000000 load:0x00000000
        2253000	      1026	80011082	0072ae23	sw	x7,28(x5)	  x5:0x80022da0  x7:0xffe24190 PA:0x80022dbc store:0xffe24190 load:0xffe24190
        2271000	      1035	80011086	0282a023	sw	x8,32(x5)	  x5:0x80022da0  x8:0x40bf0808 PA:0x80022dc0 store:0x40bf0808 load:0x40bf0808
        2295000	      1047	8001108a	0292a223	sw	x9,36(x5)	  x5:0x80022da0  x9:0x80000000 PA:0x80022dc4 store:0x80000000 load:0x80000000
        2335000	      1067	8001108e	02a2a423	sw	x10,40(x5)	  x5:0x80022da0 x10:0xff24c9b4 PA:0x80022dc8 store:0xff24c9b4 load:0xff24c9b4
        2379000	      1089	80011092	02b2a623	sw	x11,44(x5)	  x5:0x80022da0 x11:0x221c5e07 PA:0x80022dcc store:0x221c5e07 load:0x221c5e07
        2383000	      1091	80011096	02c2a823	sw	x12,48(x5)	  x5:0x80022da0 x12:0xfcb0de05 PA:0x80022dd0 store:0xfcb0de05 load:0xfcb0de05
        2391000	      1095	8001109a	02d2aa23	sw	x13,52(x5)	  x5:0x80022da0 x13:0x80000000 PA:0x80022dd4 store:0x80000000 load:0x80000000
        2417000	      1108	8001109e	02e2ac23	sw	x14,56(x5)	  x5:0x80022da0 x14:0x00000000 PA:0x80022dd8 store:0x00000000 load:0x00000000
        2481000	      1140	800110a2	02f2ae23	sw	x15,60(x5)	  x5:0x80022da0 x15:0xfa11812e PA:0x80022ddc store:0xfa11812e load:0xfa11812e
        2539000	      1169	800110a6	0502a023	sw	x16,64(x5)	  x5:0x80022da0 x16:0x19fae0a7 PA:0x80022de0 store:0x19fae0a7 load:0x19fae0a7
        2543000	      1171	800110aa	0512a223	sw	x17,68(x5)	  x5:0x80022da0 x17:0x80000000 PA:0x80022de4 store:0x80000000 load:0x80000000
        2599000	      1199	800110ae	0522a423	sw	x18,72(x5)	  x5:0x80022da0 x18:0x46485956 PA:0x80022de8 store:0x46485956 load:0x46485956
        2625000	      1212	800110b2	0532a623	sw	x19,76(x5)	  x5:0x80022da0 x19:0x80026e7c PA:0x80022dec store:0x80026e7c load:0x80026e7c
        2641000	      1220	800110b6	0542a823	sw	x20,80(x5)	  x5:0x80022da0 x20:0xf4b94f69 PA:0x80022df0 store:0xf4b94f69 load:0xf4b94f69
        2679000	      1239	800110ba	0552aa23	sw	x21,84(x5)	  x5:0x80022da0 x21:0x49648224 PA:0x80022df4 store:0x49648224 load:0x49648224
        2687000	      1243	800110be	0562ac23	sw	x22,88(x5)	  x5:0x80022da0 x22:0x00000088 PA:0x80022df8 store:0x00000088 load:0x00000088
        2693000	      1246	800110c2	0572ae23	sw	x23,92(x5)	  x5:0x80022da0 x23:0x38026492 PA:0x80022dfc store:0x38026492 load:0x38026492
        2721000	      1260	800110c6	0782a023	sw	x24,96(x5)	  x5:0x80022da0 x24:0x00000008 PA:0x80022e00 store:0x00000008 load:0x00000008
        2753000	      1276	800110ca	0792a223	sw	x25,100(x5)	  x5:0x80022da0 x25:0x00000000 PA:0x80022e04 store:0x00000000 load:0x00000000
        2813000	      1306	800110ce	07a2a423	sw	x26,104(x5)	  x5:0x80022da0 x26:0x80000000 PA:0x80022e08 store:0x80000000 load:0x80000000
        2833000	      1316	800110d2	07b2a623	sw	x27,108(x5)	  x5:0x80022da0 x27:0x80000000 PA:0x80022e0c store:0x80000000 load:0x80000000
        2879000	      1339	800110d6	07c2a823	sw	x28,112(x5)	  x5:0x80022da0 x28:0x00000000 PA:0x80022e10 store:0x00000000 load:0x00000000
        2923000	      1361	800110da	07d2aa23	sw	x29,116(x5)	  x5:0x80022da0 x29:0x00000000 PA:0x80022e14 store:0x00000000 load:0x00000000
        2947000	      1373	800110de	07e2ac23	sw	x30,120(x5)	  x5:0x80022da0 x30:0x00000005 PA:0x80022e18 store:0x00000005 load:0x00000005
        2977000	      1388	800110e2	07f2ae23	sw	x31,124(x5)	  x5:0x80022da0 x31:0x80000000 PA:0x80022e1c store:0x80000000 load:0x80000000
        2993000	      1396	800110e6	90000437	lui	x8,0x90000	  x8=0x90000000
        3035000	      1417	800110ea	ffc40413	addi	x8,x8,-4	  x8:0x90000000  x8=0x8ffffffc
        3037000	      1418	800110ee	4b19	c.li	x22,6	 x22=0x00000006
        3039000	      1419	800110f0	0b22	c.slli	x22,0x8	 x22:0x00000006 x22=0x00000600
        3041000	      1420	800110f2	000b0b13	addi	x22,x22,0	 x22:0x00000600 x22=0x00000600
        3085000	      1442	800110f6	01642023	sw	x22,0(x8)	  x8:0x8ffffffc x22:0x00000600 PA:0x8ffffffc store:0x00000600 load:0x00000600
        3087000	      1443	800110fa	34202b73	csrrs	x22,mcause,x0	  x0:0x00000000 x22=0x80000013
        3089000	      1444	800110fe	01fb5b13	srli	x22,x22,0x1f	 x22:0x80000013 x22=0x00000001
        3097000	      1448	80011102	060b0c63	beq	x22,x0,8001117a	 x22:0x00000001  x0:0x00000000  x0=0x00000000
        3139000	      1469	80011106	90000437	lui	x8,0x90000	  x8=0x90000000
        3155000	      1477	8001110a	ffc40413	addi	x8,x8,-4	  x8:0x90000000  x8=0x8ffffffc
        3197000	      1498	8001110e	30000b13	addi	x22,x0,768	  x0:0x00000000 x22=0x00000300
        3199000	      1499	80011112	0b22	c.slli	x22,0x8	 x22:0x00000300 x22=0x00030000
        3219000	      1509	80011114	0b0d	c.addi	x22,3	 x22:0x00030000 x22=0x00030003
        3243000	      1521	80011116	01642023	sw	x22,0(x8)	  x8:0x8ffffffc x22:0x00030003 PA:0x8ffffffc store:0x00030003 load:0x00030003
        3245000	      1522	8001111a	30002b73	csrrs	x22,mstatus,x0	  x0:0x00000000 x22=0x00001880
        3249000	      1524	8001111e	01642023	sw	x22,0(x8)	  x8:0x8ffffffc x22:0x00001880 PA:0x8ffffffc store:0x00001880 load:0x00001880
        3275000	      1537	80011122	90000437	lui	x8,0x90000	  x8=0x90000000
        3277000	      1538	80011126	ffc40413	addi	x8,x8,-4	  x8:0x90000000  x8=0x8ffffffc
        3279000	      1539	8001112a	34200b13	addi	x22,x0,834	  x0:0x00000000 x22=0x00000342
        3281000	      1540	8001112e	0b22	c.slli	x22,0x8	 x22:0x00000342 x22=0x00034200
        3305000	      1552	80011130	0b0d	c.addi	x22,3	 x22:0x00034200 x22=0x00034203
        3341000	      1570	80011132	01642023	sw	x22,0(x8)	  x8:0x8ffffffc x22:0x00034203 PA:0x8ffffffc store:0x00034203 load:0x00034203
        3343000	      1571	80011136	34202b73	csrrs	x22,mcause,x0	  x0:0x00000000 x22=0x80000013
        3349000	      1574	8001113a	01642023	sw	x22,0(x8)	  x8:0x8ffffffc x22:0x80000013 PA:0x8ffffffc store:0x80000013 load:0x80000013
        3371000	      1585	8001113e	90000437	lui	x8,0x90000	  x8=0x90000000
        3385000	      1592	80011142	ffc40413	addi	x8,x8,-4	  x8:0x90000000  x8=0x8ffffffc
        3391000	      1595	80011146	30400b13	addi	x22,x0,772	  x0:0x00000000 x22=0x00000304
        3393000	      1596	8001114a	0b22	c.slli	x22,0x8	 x22:0x00000304 x22=0x00030400
        3409000	      1604	8001114c	0b0d	c.addi	x22,3	 x22:0x00030400 x22=0x00030403
        3447000	      1623	8001114e	01642023	sw	x22,0(x8)	  x8:0x8ffffffc x22:0x00030403 PA:0x8ffffffc store:0x00030403 load:0x00030403
        3449000	      1624	80011152	30402b73	csrrs	x22,mie,x0	  x0:0x00000000 x22=0x40bf0808
        3511000	      1655	80011156	01642023	sw	x22,0(x8)	  x8:0x8ffffffc x22:0x40bf0808 PA:0x8ffffffc store:0x40bf0808 load:0x40bf0808
        3513000	      1656	8001115a	90000437	lui	x8,0x90000	  x8=0x90000000
        3515000	      1657	8001115e	ffc40413	addi	x8,x8,-4	  x8:0x90000000  x8=0x8ffffffc
        3521000	      1660	80011162	34400b13	addi	x22,x0,836	  x0:0x00000000 x22=0x00000344
        3523000	      1661	80011166	0b22	c.slli	x22,0x8	 x22:0x00000344 x22=0x00034400
        3529000	      1664	80011168	0b0d	c.addi	x22,3	 x22:0x00034400 x22=0x00034403
        3559000	      1679	8001116a	01642023	sw	x22,0(x8)	  x8:0x8ffffffc x22:0x00034403 PA:0x8ffffffc store:0x00034403 load:0x00034403
        3561000	      1680	8001116e	34402b73	csrrs	x22,mip,x0	  x0:0x00000000 x22=0x00080X00
        3581000	      1690	80011172	01642023	sw	x22,0(x8)	  x8:0x8ffffffc x22:0x00080X00 PA:0x8ffffffc store:0x00080X00 load:0x00080000
        3613000	      1706	80011176	68b0106f	jal	x0,80013000	  x0=0x00000000
        3633000	      1716	80013000	30002b73	csrrs	x22,mstatus,x0	  x0:0x00000000 x22=0x00001880
        3655000	      1727	80013004	30402b73	csrrs	x22,mie,x0	  x0:0x00000000 x22=0x40bf0808
        3677000	      1738	80013008	34402b73	csrrs	x22,mip,x0	  x0:0x00000000 x22=0x00080X00
        3699000	      1749	8001300c	344b3b73	csrrc	x22,mip,x22	 x22:0x00080X00 x22=0x00080X00
        3741000	      1770	80013010	90000437	lui	x8,0x90000	  x8=0x90000000
        3743000	      1771	80013014	ffc40413	addi	x8,x8,-4	  x8:0x90000000  x8=0x8ffffffc
        3773000	      1786	80013018	4b1d	c.li	x22,7	 x22=0x00000007
        3775000	      1787	8001301a	0b22	c.slli	x22,0x8	 x22:0x00000007 x22=0x00000700
        3815000	      1807	8001301c	000b0b13	addi	x22,x22,0	 x22:0x00000700 x22=0x00000700
        3835000	      1817	80013020	01642023	sw	x22,0(x8)	  x8:0x8ffffffc x22:0x00000700 PA:0x8ffffffc store:0x00000700 load:0x00000700
        3869000	      1834	80013024	0042a083	lw	x1,4(x5)	  x5:0x80022da0  x1=0x00000000 PA:0x80022da4 store:0x00000000
        3901000	      1850	80013028	0082a103	lw	x2,8(x5)	  x5:0x80022da0  x2=0x52969ec0 PA:0x80022da8 store:0x8ffffffc
        3961000	      1880	8001302c	00c2a183	lw	x3,12(x5)	  x5:0x80022da0  x3=0x00000000 PA:0x80022dac store:0xfcb0de05
        3995000	      1897	80013030	0102a203	lw	x4,16(x5)	  x5:0x80022da0  x4=0x00000000 PA:0x80022db0 store:0x19fae0a7
        4039000	      1919	80013034	0142a283	lw	x5,20(x5)	  x5:0x80022da0  x5=0x80022da0 PA:0x80022db4 store:0xf4b94f69
        4069000	      1934	80013038	0182a303	lw	x6,24(x5)	  x5:0x80022da0  x6=0x00000000 PA:0x80022db8 store:0x00000008
        4113000	      1956	8001303c	01c2a383	lw	x7,28(x5)	  x5:0x80022da0  x7=0xffe24190 PA:0x80022dbc store:0x00000000
        4137000	      1968	80013040	0202a403	lw	x8,32(x5)	  x5:0x80022da0  x8=0x40bf0808 PA:0x80022dc0 store:0x00000000
        4179000	      1989	80013044	0242a483	lw	x9,36(x5)	  x5:0x80022da0  x9=0x80000000 PA:0x80022dc4 store:0x00000000
        4183000	      1991	80013048	0282a503	lw	x10,40(x5)	  x5:0x80022da0 x10=0xff24c9b4 PA:0x80022dc8 store:0x40bf0808
        4227000	      2013	8001304c	02c2a583	lw	x11,44(x5)	  x5:0x80022da0 x11=0x221c5e07 PA:0x80022dcc store:0xfcb0de05
        4231000	      2015	80013050	0302a603	lw	x12,48(x5)	  x5:0x80022da0 x12=0xfcb0de05 PA:0x80022dd0 store:0x19fae0a7
        4277000	      2038	80013054	0342a683	lw	x13,52(x5)	  x5:0x80022da0 x13=0x80000000 PA:0x80022dd4 store:0xf4b94f69
        4281000	      2040	80013058	0382a703	lw	x14,56(x5)	  x5:0x80022da0 x14=0x00000000 PA:0x80022dd8 store:0x00000008
        4289000	      2044	8001305c	03c2a783	lw	x15,60(x5)	  x5:0x80022da0 x15=0xfa11812e PA:0x80022ddc store:0x00000000
        4333000	      2066	80013060	0402a803	lw	x16,64(x5)	  x5:0x80022da0 x16=0x19fae0a7 PA:0x80022de0 store:0x00000000
        4365000	      2082	80013064	0442a883	lw	x17,68(x5)	  x5:0x80022da0 x17=0x80000000 PA:0x80022de4 store:0x00000000
        4381000	      2090	80013068	0482a903	lw	x18,72(x5)	  x5:0x80022da0 x18=0x46485956 PA:0x80022de8 store:0x40bf0808
        4405000	      2102	8001306c	04c2a983	lw	x19,76(x5)	  x5:0x80022da0 x19=0x80026e7c PA:0x80022dec store:0xfcb0de05
        4453000	      2126	80013070	0502aa03	lw	x20,80(x5)	  x5:0x80022da0 x20=0xf4b94f69 PA:0x80022df0 store:0x19fae0a7
        4515000	      2157	80013074	0542aa83	lw	x21,84(x5)	  x5:0x80022da0 x21=0x49648224 PA:0x80022df4 store:0xf4b94f69
        4519000	      2159	80013078	0582ab03	lw	x22,88(x5)	  x5:0x80022da0 x22=0x00000088 PA:0x80022df8 store:0x00000008
        4523000	      2161	8001307c	05c2ab83	lw	x23,92(x5)	  x5:0x80022da0 x23=0x38026492 PA:0x80022dfc store:0x00000000
        4547000	      2173	80013080	0602ac03	lw	x24,96(x5)	  x5:0x80022da0 x24=0x00000008 PA:0x80022e00 store:0x00000000
        4571000	      2185	80013084	0642ac83	lw	x25,100(x5)	  x5:0x80022da0 x25=0x00000000 PA:0x80022e04 store:0x00000000
        4575000	      2187	80013088	0682ad03	lw	x26,104(x5)	  x5:0x80022da0 x26=0x80000000 PA:0x80022e08 store:0x40bf0808
        4591000	      2195	8001308c	06c2ad83	lw	x27,108(x5)	  x5:0x80022da0 x27=0x80000000 PA:0x80022e0c store:0xfcb0de05
        4623000	      2211	80013090	0702ae03	lw	x28,112(x5)	  x5:0x80022da0 x28=0x00000000 PA:0x80022e10 store:0x19fae0a7
        4653000	      2226	80013094	0742ae83	lw	x29,116(x5)	  x5:0x80022da0 x29=0x00000000 PA:0x80022e14 store:0xf4b94f69
        4681000	      2240	80013098	0782af03	lw	x30,120(x5)	  x5:0x80022da0 x30=0x00000005 PA:0x80022e18 store:0x00000008
        4705000	      2252	8001309c	07c2af83	lw	x31,124(x5)	  x5:0x80022da0 x31=0x80000000 PA:0x80022e1c store:0x00000000
        4707000	      2253	800130a0	07c28293	addi	x5,x5,124	  x5:0x80022da0  x5=0x80022e1c
        4709000	      2254	800130a4	30200073	mret	
        4759000	      2279	80000178	30441073	csrrw	x0,mie,x8	  x8:0x40bf0808  x0=0x00000000
        4809000	      2304	80012040	cdffe06f	jal	x0,80010d1e	  x0=0x00000000
        4857000	      2328	80010d1e	f8428293	addi	x5,x5,-124	  x5:0x80022e1c  x5=0x80022da0
        4925000	      2362	80010d22	0012a223	sw	x1,4(x5)	  x5:0x80022da0  x1:0x00000000 PA:0x80022da4 store:0x00000000 load:0x00000000
        4955000	      2377	80010d26	0022a423	sw	x2,8(x5)	  x5:0x80022da0  x2:0x52969ec0 PA:0x80022da8 store:0x52969ec0 load:0x52969ec0
        4991000	      2395	80010d2a	0032a623	sw	x3,12(x5)	  x5:0x80022da0  x3:0x00000000 PA:0x80022dac store:0x00000000 load:0x00000000
        5015000	      2407	80010d2e	0042a823	sw	x4,16(x5)	  x5:0x80022da0  x4:0x00000000 PA:0x80022db0 store:0x00000000 load:0x00000000
        5019000	      2409	80010d32	0052aa23	sw	x5,20(x5)	  x5:0x80022da0  x5:0x80022da0 PA:0x80022db4 store:0x80022da0 load:0x80022da0
        5035000	      2417	80010d36	0062ac23	sw	x6,24(x5)	  x5:0x80022da0  x6:0x00000000 PA:0x80022db8 store:0x00000000 load:0x00000000
        5039000	      2419	80010d3a	0072ae23	sw	x7,28(x5)	  x5:0x80022da0  x7:0xffe24190 PA:0x80022dbc store:0xffe24190 load:0xffe24190
        5055000	      2427	80010d3e	0282a023	sw	x8,32(x5)	  x5:0x80022da0  x8:0x40bf0808 PA:0x80022dc0 store:0x40bf0808 load:0x40bf0808
        5097000	      2448	80010d42	0292a223	sw	x9,36(x5)	  x5:0x80022da0  x9:0x80000000 PA:0x80022dc4 store:0x80000000 load:0x80000000
        5105000	      2452	80010d46	02a2a423	sw	x10,40(x5)	  x5:0x80022da0 x10:0xff24c9b4 PA:0x80022dc8 store:0xff24c9b4 load:0xff24c9b4
        5129000	      2464	80010d4a	02b2a623	sw	x11,44(x5)	  x5:0x80022da0 x11:0x221c5e07 PA:0x80022dcc store:0x221c5e07 load:0x221c5e07
        5135000	      2467	80010d4e	02c2a823	sw	x12,48(x5)	  x5:0x80022da0 x12:0xfcb0de05 PA:0x80022dd0 store:0xfcb0de05 load:0xfcb0de05
        5161000	      2480	80010d52	02d2aa23	sw	x13,52(x5)	  x5:0x80022da0 x13:0x80000000 PA:0x80022dd4 store:0x80000000 load:0x80000000
        5177000	      2488	80010d56	02e2ac23	sw	x14,56(x5)	  x5:0x80022da0 x14:0x00000000 PA:0x80022dd8 store:0x00000000 load:0x00000000
        5215000	      2507	80010d5a	02f2ae23	sw	x15,60(x5)	  x5:0x80022da0 x15:0xfa11812e PA:0x80022ddc store:0xfa11812e load:0xfa11812e
        5233000	      2516	80010d5e	0502a023	sw	x16,64(x5)	  x5:0x80022da0 x16:0x19fae0a7 PA:0x80022de0 store:0x19fae0a7 load:0x19fae0a7
        5291000	      2545	80010d62	0512a223	sw	x17,68(x5)	  x5:0x80022da0 x17:0x80000000 PA:0x80022de4 store:0x80000000 load:0x80000000
        5315000	      2557	80010d66	0522a423	sw	x18,72(x5)	  x5:0x80022da0 x18:0x46485956 PA:0x80022de8 store:0x46485956 load:0x46485956
        5319000	      2559	80010d6a	0532a623	sw	x19,76(x5)	  x5:0x80022da0 x19:0x80026e7c PA:0x80022dec store:0x80026e7c load:0x80026e7c
        5385000	      2592	80010d6e	0542a823	sw	x20,80(x5)	  x5:0x80022da0 x20:0xf4b94f69 PA:0x80022df0 store:0xf4b94f69 load:0xf4b94f69
        5409000	      2604	80010d72	0552aa23	sw	x21,84(x5)	  x5:0x80022da0 x21:0x49648224 PA:0x80022df4 store:0x49648224 load:0x49648224
        5431000	      2615	80010d76	0562ac23	sw	x22,88(x5)	  x5:0x80022da0 x22:0x00000088 PA:0x80022df8 store:0x00000088 load:0x00000088
        5461000	      2630	80010d7a	0572ae23	sw	x23,92(x5)	  x5:0x80022da0 x23:0x38026492 PA:0x80022dfc store:0x38026492 load:0x38026492
        5499000	      2649	80010d7e	0782a023	sw	x24,96(x5)	  x5:0x80022da0 x24:0x00000008 PA:0x80022e00 store:0x00000008 load:0x00000008
        5537000	      2668	80010d82	0792a223	sw	x25,100(x5)	  x5:0x80022da0 x25:0x00000000 PA:0x80022e04 store:0x00000000 load:0x00000000
        5595000	      2697	80010d86	07a2a423	sw	x26,104(x5)	  x5:0x80022da0 x26:0x80000000 PA:0x80022e08 store:0x80000000 load:0x80000000
        5607000	      2703	80010d8a	07b2a623	sw	x27,108(x5)	  x5:0x80022da0 x27:0x80000000 PA:0x80022e0c store:0x80000000 load:0x80000000
        5611000	      2705	80010d8e	07c2a823	sw	x28,112(x5)	  x5:0x80022da0 x28:0x00000000 PA:0x80022e10 store:0x00000000 load:0x00000000
        5635000	      2717	80010d92	07d2aa23	sw	x29,116(x5)	  x5:0x80022da0 x29:0x00000000 PA:0x80022e14 store:0x00000000 load:0x00000000
        5679000	      2739	80010d96	07e2ac23	sw	x30,120(x5)	  x5:0x80022da0 x30:0x00000005 PA:0x80022e18 store:0x00000005 load:0x00000005
        5697000	      2748	80010d9a	07f2ae23	sw	x31,124(x5)	  x5:0x80022da0 x31:0x80000000 PA:0x80022e1c store:0x80000000 load:0x80000000
        5699000	      2749	80010d9e	90000437	lui	x8,0x90000	  x8=0x90000000
        5709000	      2754	80010da2	ffc40413	addi	x8,x8,-4	  x8:0x90000000  x8=0x8ffffffc
        5711000	      2755	80010da6	4b19	c.li	x22,6	 x22=0x00000006
        5717000	      2758	80010da8	0b22	c.slli	x22,0x8	 x22:0x00000006 x22=0x00000600
        5773000	      2786	80010daa	000b0b13	addi	x22,x22,0	 x22:0x00000600 x22=0x00000600
        5779000	      2789	80010dae	01642023	sw	x22,0(x8)	  x8:0x8ffffffc x22:0x00000600 PA:0x8ffffffc store:0x00000600 load:0x00000600
        5791000	      2795	80010db2	34202b73	csrrs	x22,mcause,x0	  x0:0x00000000 x22=0x80000010
        5849000	      2824	80010db6	01fb5b13	srli	x22,x22,0x1f	 x22:0x80000010 x22=0x00000001
        5861000	      2830	80010dba	060b0c63	beq	x22,x0,80010e32	 x22:0x00000001  x0:0x00000000  x0=0x00000000
        5873000	      2836	80010dbe	90000437	lui	x8,0x90000	  x8=0x90000000
        5879000	      2839	80010dc2	ffc40413	addi	x8,x8,-4	  x8:0x90000000  x8=0x8ffffffc
        5881000	      2840	80010dc6	30000b13	addi	x22,x0,768	  x0:0x00000000 x22=0x00000300
        5883000	      2841	80010dca	0b22	c.slli	x22,0x8	 x22:0x00000300 x22=0x00030000
        5907000	      2853	80010dcc	0b0d	c.addi	x22,3	 x22:0x00030000 x22=0x00030003
        5935000	      2867	80010dce	01642023	sw	x22,0(x8)	  x8:0x8ffffffc x22:0x00030003 PA:0x8ffffffc store:0x00030003 load:0x00030003
        5941000	      2870	80010dd2	30002b73	csrrs	x22,mstatus,x0	  x0:0x00000000 x22=0x00001880
        5975000	      2887	80010dd6	01642023	sw	x22,0(x8)	  x8:0x8ffffffc x22:0x00001880 PA:0x8ffffffc store:0x00001880 load:0x00001880
        5977000	      2888	80010dda	90000437	lui	x8,0x90000	  x8=0x90000000
        5989000	      2894	80010dde	ffc40413	addi	x8,x8,-4	  x8:0x90000000  x8=0x8ffffffc
        6009000	      2904	80010de2	34200b13	addi	x22,x0,834	  x0:0x00000000 x22=0x00000342
        6011000	      2905	80010de6	0b22	c.slli	x22,0x8	 x22:0x00000342 x22=0x00034200
        6025000	      2912	80010de8	0b0d	c.addi	x22,3	 x22:0x00034200 x22=0x00034203
        6035000	      2917	80010dea	01642023	sw	x22,0(x8)	  x8:0x8ffffffc x22:0x00034203 PA:0x8ffffffc store:0x00034203 load:0x00034203
        6039000	      2919	80010dee	34202b73	csrrs	x22,mcause,x0	  x0:0x00000000 x22=0x80000010
        6069000	      2934	80010df2	01642023	sw	x22,0(x8)	  x8:0x8ffffffc x22:0x80000010 PA:0x8ffffffc store:0x80000010 load:0x80000010
        6071000	      2935	80010df6	90000437	lui	x8,0x90000	  x8=0x90000000
        6073000	      2936	80010dfa	ffc40413	addi	x8,x8,-4	  x8:0x90000000  x8=0x8ffffffc
        6097000	      2948	80010dfe	30400b13	addi	x22,x0,772	  x0:0x00000000 x22=0x00000304
        6099000	      2949	80010e02	0b22	c.slli	x22,0x8	 x22:0x00000304 x22=0x00030400
        6101000	      2950	80010e04	0b0d	c.addi	x22,3	 x22:0x00030400 x22=0x00030403
        6135000	      2967	80010e06	01642023	sw	x22,0(x8)	  x8:0x8ffffffc x22:0x00030403 PA:0x8ffffffc store:0x00030403 load:0x00030403
        6153000	      2976	80010e0a	30402b73	csrrs	x22,mie,x0	  x0:0x00000000 x22=0x40bf0808
        6167000	      2983	80010e0e	01642023	sw	x22,0(x8)	  x8:0x8ffffffc x22:0x40bf0808 PA:0x8ffffffc store:0x40bf0808 load:0x40bf0808
        6177000	      2988	80010e12	90000437	lui	x8,0x90000	  x8=0x90000000
        6237000	      3018	80010e16	ffc40413	addi	x8,x8,-4	  x8:0x90000000  x8=0x8ffffffc
        6249000	      3024	80010e1a	34400b13	addi	x22,x0,836	  x0:0x00000000 x22=0x00000344
        6251000	      3025	80010e1e	0b22	c.slli	x22,0x8	 x22:0x00000344 x22=0x00034400
        6283000	      3041	80010e20	0b0d	c.addi	x22,3	 x22:0x00034400 x22=0x00034403
        6327000	      3063	80010e22	01642023	sw	x22,0(x8)	  x8:0x8ffffffc x22:0x00034403 PA:0x8ffffffc store:0x00034403 load:0x00034403
        6329000	      3064	80010e26	34402b73	csrrs	x22,mip,x0	  x0:0x00000000 x22=0x00010X00
        6385000	      3092	80010e2a	01642023	sw	x22,0(x8)	  x8:0x8ffffffc x22:0x00010X00 PA:0x8ffffffc store:0x00010X00 load:0x00010000
        6389000	      3094	80010e2e	1d20206f	jal	x0,80013000	  x0=0x00000000
        6407000	      3103	80013000	30002b73	csrrs	x22,mstatus,x0	  x0:0x00000000 x22=0x00001880
        6429000	      3114	80013004	30402b73	csrrs	x22,mie,x0	  x0:0x00000000 x22=0x40bf0808
        6449000	      3124	80013008	34402b73	csrrs	x22,mip,x0	  x0:0x00000000 x22=0x00010X00
        6451000	      3125	8001300c	344b3b73	csrrc	x22,mip,x22	 x22:0x00010X00 x22=0x00010X00
        6473000	      3136	80013010	90000437	lui	x8,0x90000	  x8=0x90000000
        6497000	      3148	80013014	ffc40413	addi	x8,x8,-4	  x8:0x90000000  x8=0x8ffffffc
        6499000	      3149	80013018	4b1d	c.li	x22,7	 x22=0x00000007
        6501000	      3150	8001301a	0b22	c.slli	x22,0x8	 x22:0x00000007 x22=0x00000700
        6539000	      3169	8001301c	000b0b13	addi	x22,x22,0	 x22:0x00000700 x22=0x00000700
        6553000	      3176	80013020	01642023	sw	x22,0(x8)	  x8:0x8ffffffc x22:0x00000700 PA:0x8ffffffc store:0x00000700 load:0x00000700
        6583000	      3191	80013024	0042a083	lw	x1,4(x5)	  x5:0x80022da0  x1=0x00000000 PA:0x80022da4 store:0x00000000
        6605000	      3202	80013028	0082a103	lw	x2,8(x5)	  x5:0x80022da0  x2=0x52969ec0 PA:0x80022da8 store:0x8ffffffc
        6637000	      3218	8001302c	00c2a183	lw	x3,12(x5)	  x5:0x80022da0  x3=0x00000000 PA:0x80022dac store:0xfcb0de05
        6651000	      3225	80013030	0102a203	lw	x4,16(x5)	  x5:0x80022da0  x4=0x00000000 PA:0x80022db0 store:0x19fae0a7
        6683000	      3241	80013034	0142a283	lw	x5,20(x5)	  x5:0x80022da0  x5=0x80022da0 PA:0x80022db4 store:0xf4b94f69
        6717000	      3258	80013038	0182a303	lw	x6,24(x5)	  x5:0x80022da0  x6=0x00000000 PA:0x80022db8 store:0x00000008
        6765000	      3282	8001303c	01c2a383	lw	x7,28(x5)	  x5:0x80022da0  x7=0xffe24190 PA:0x80022dbc store:0x00000000
        6769000	      3284	80013040	0202a403	lw	x8,32(x5)	  x5:0x80022da0  x8=0x40bf0808 PA:0x80022dc0 store:0x00000000
        6799000	      3299	80013044	0242a483	lw	x9,36(x5)	  x5:0x80022da0  x9=0x80000000 PA:0x80022dc4 store:0x00000000
        6825000	      3312	80013048	0282a503	lw	x10,40(x5)	  x5:0x80022da0 x10=0xff24c9b4 PA:0x80022dc8 store:0x40bf0808
        6849000	      3324	8001304c	02c2a583	lw	x11,44(x5)	  x5:0x80022da0 x11=0x221c5e07 PA:0x80022dcc store:0xfcb0de05
        6887000	      3343	80013050	0302a603	lw	x12,48(x5)	  x5:0x80022da0 x12=0xfcb0de05 PA:0x80022dd0 store:0x19fae0a7
        6925000	      3362	80013054	0342a683	lw	x13,52(x5)	  x5:0x80022da0 x13=0x80000000 PA:0x80022dd4 store:0xf4b94f69
        6957000	      3378	80013058	0382a703	lw	x14,56(x5)	  x5:0x80022da0 x14=0x00000000 PA:0x80022dd8 store:0x00000008
        6971000	      3385	8001305c	03c2a783	lw	x15,60(x5)	  x5:0x80022da0 x15=0xfa11812e PA:0x80022ddc store:0x00000000
        6975000	      3387	80013060	0402a803	lw	x16,64(x5)	  x5:0x80022da0 x16=0x19fae0a7 PA:0x80022de0 store:0x00000000
        6987000	      3393	80013064	0442a883	lw	x17,68(x5)	  x5:0x80022da0 x17=0x80000000 PA:0x80022de4 store:0x00000000
        7015000	      3407	80013068	0482a903	lw	x18,72(x5)	  x5:0x80022da0 x18=0x46485956 PA:0x80022de8 store:0x40bf0808
        7073000	      3436	8001306c	04c2a983	lw	x19,76(x5)	  x5:0x80022da0 x19=0x80026e7c PA:0x80022dec store:0xfcb0de05
        7109000	      3454	80013070	0502aa03	lw	x20,80(x5)	  x5:0x80022da0 x20=0xf4b94f69 PA:0x80022df0 store:0x19fae0a7
        7125000	      3462	80013074	0542aa83	lw	x21,84(x5)	  x5:0x80022da0 x21=0x49648224 PA:0x80022df4 store:0xf4b94f69
        7157000	      3478	80013078	0582ab03	lw	x22,88(x5)	  x5:0x80022da0 x22=0x00000088 PA:0x80022df8 store:0x00000008
        7181000	      3490	8001307c	05c2ab83	lw	x23,92(x5)	  x5:0x80022da0 x23=0x38026492 PA:0x80022dfc store:0x00000000
        7185000	      3492	80013080	0602ac03	lw	x24,96(x5)	  x5:0x80022da0 x24=0x00000008 PA:0x80022e00 store:0x00000000
        7231000	      3515	80013084	0642ac83	lw	x25,100(x5)	  x5:0x80022da0 x25=0x00000000 PA:0x80022e04 store:0x00000000
        7239000	      3519	80013088	0682ad03	lw	x26,104(x5)	  x5:0x80022da0 x26=0x80000000 PA:0x80022e08 store:0x40bf0808
        7287000	      3543	8001308c	06c2ad83	lw	x27,108(x5)	  x5:0x80022da0 x27=0x80000000 PA:0x80022e0c store:0xfcb0de05
        7311000	      3555	80013090	0702ae03	lw	x28,112(x5)	  x5:0x80022da0 x28=0x00000000 PA:0x80022e10 store:0x19fae0a7
        7337000	      3568	80013094	0742ae83	lw	x29,116(x5)	  x5:0x80022da0 x29=0x00000000 PA:0x80022e14 store:0xf4b94f69
        7365000	      3582	80013098	0782af03	lw	x30,120(x5)	  x5:0x80022da0 x30=0x00000005 PA:0x80022e18 store:0x00000008
        7375000	      3587	8001309c	07c2af83	lw	x31,124(x5)	  x5:0x80022da0 x31=0x80000000 PA:0x80022e1c store:0x00000000
        7395000	      3597	800130a0	07c28293	addi	x5,x5,124	  x5:0x80022da0  x5=0x80022e1c
        7407000	      3603	800130a4	30200073	mret	
        7507000	      3653	8000017c	ff700513	addi	x10,x0,-9	  x0:0x00000000 x10=0xfffffff7
        7523000	      3661	80000180	02d58b33	mul	x22,x11,x13	 x11:0x221c5e07 x13:0x80000000 x22=0x80000000
        7525000	      3662	80000184	0001	c.addi	x0,0	  x0:0x00000000  x0=0x00000000
        7527000	      3663	80000186	8c1d	c.sub	x8,x15	  x8:0x40bf0808 x15:0xfa11812e  x8=0x46ad86da
        7543000	      3671	80000188	0001	c.addi	x0,0	  x0:0x00000000  x0=0x00000000
        7601000	      3700	8000018a	d11c0a37	lui	x20,0xd11c0	 x20=0xd11c0000
        7637000	      3718	8000018e	34095bf3	csrrwi	x23,mscratch,18	 x23=0x00000000
        7679000	      3739	80000192	0018fc33	and	x24,x17,x1	 x17:0x80000000  x1:0x00000000 x24=0x00000000
        7681000	      3740	80000196	017e54b3	srl	x9,x28,x23	 x28:0x00000000 x23:0x00000000  x9=0x00000000
        7683000	      3741	8000019a	5a7d	c.li	x20,-1	 x20=0xffffffff
        7691000	      3745	8000019c	01a1d493	srli	x9,x3,0x1a	  x3:0x00000000  x9=0x00000000
        7751000	      3775	800001a0	0525	c.addi	x10,9	 x10:0xfffffff7 x10=0x00000000
        7793000	      3796	800001a2	ffa00e93	addi	x29,x0,-6	  x0:0x00000000 x29=0xfffffffa
        7795000	      3797	800001a6	00e911b3	sll	x3,x18,x14	 x18:0x46485956 x14:0x00000000  x3=0x46485956
        7837000	      3818	800001aa	00e00f13	addi	x30,x0,14	  x0:0x00000000 x30=0x0000000e
        7839000	      3819	800001ae	8e01	c.sub	x12,x8	 x12:0xfcb0de05  x8:0x46ad86da x12=0xb603572b
        7879000	      3839	800001b0	01886433	or	x8,x16,x24	 x16:0x19fae0a7 x24:0x00000000  x8=0x19fae0a7
        7881000	      3840	800001b4	2e531c17	auipc	x24,0x2e531	 x24=0xae5311b4
        7909000	      3854	800001b8	0097a233	slt	x4,x15,x9	 x15:0xfa11812e  x9:0x00000000  x4=0x00000001
        7911000	      3855	800001bc	340f3773	csrrc	x14,mscratch,x30	 x30:0x0000000e x14=0x00000012
        7945000	      3872	800001c0	0e99	c.addi	x29,6	 x29:0xfffffffa x29=0x00000000
        7947000	      3873	800001c2	4add	c.li	x21,23	 x21=0x00000017
        7963000	      3881	800001c4	ffeec6e3	blt	x29,x30,800001b0	 x29:0x00000000 x30:0x0000000e  x0=0x00000000
        7989000	      3894	800001b0	01886433	or	x8,x16,x24	 x16:0x19fae0a7 x24:0xae5311b4  x8=0xbffbf1b7
        8039000	      3919	800001b4	2e531c17	auipc	x24,0x2e531	 x24=0xae5311b4
        8041000	      3920	800001b8	0097a233	slt	x4,x15,x9	 x15:0xfa11812e  x9:0x00000000  x4=0x00000001
        8071000	      3935	800001bc	340f3773	csrrc	x14,mscratch,x30	 x30:0x0000000e x14=0x00000010
        8093000	      3946	800001c0	0e99	c.addi	x29,6	 x29:0x00000000 x29=0x00000006
        8095000	      3947	800001c2	4add	c.li	x21,23	 x21=0x00000017
        8105000	      3952	800001c4	ffeec6e3	blt	x29,x30,800001b0	 x29:0x00000006 x30:0x0000000e  x0=0x00000000
        8127000	      3963	800001b0	01886433	or	x8,x16,x24	 x16:0x19fae0a7 x24:0xae5311b4  x8=0xbffbf1b7
        8129000	      3964	800001b4	2e531c17	auipc	x24,0x2e531	 x24=0xae5311b4
        8191000	      3995	800001b8	0097a233	slt	x4,x15,x9	 x15:0xfa11812e  x9:0x00000000  x4=0x00000001
        8211000	      4005	800001bc	340f3773	csrrc	x14,mscratch,x30	 x30:0x0000000e x14=0x00000010
        8227000	      4013	800001c0	0e99	c.addi	x29,6	 x29:0x00000006 x29=0x0000000c
        8229000	      4014	800001c2	4add	c.li	x21,23	 x21=0x00000017
        8233000	      4016	800001c4	ffeec6e3	blt	x29,x30,800001b0	 x29:0x0000000c x30:0x0000000e  x0=0x00000000
        8303000	      4051	800001b0	01886433	or	x8,x16,x24	 x16:0x19fae0a7 x24:0xae5311b4  x8=0xbffbf1b7
        8305000	      4052	800001b4	2e531c17	auipc	x24,0x2e531	 x24=0xae5311b4
        8327000	      4063	800001b8	0097a233	slt	x4,x15,x9	 x15:0xfa11812e  x9:0x00000000  x4=0x00000001
        8329000	      4064	800001bc	340f3773	csrrc	x14,mscratch,x30	 x30:0x0000000e x14=0x00000010
        8331000	      4065	800001c0	0e99	c.addi	x29,6	 x29:0x0000000c x29=0x00000012
        8333000	      4066	800001c2	4add	c.li	x21,23	 x21=0x00000017
        8353000	      4076	800001c4	ffeec6e3	blt	x29,x30,800001b0	 x29:0x00000012 x30:0x0000000e  x0=0x00000000
        8369000	      4084	800001c8	3400fff3	csrrci	x31,mscratch,1	 x31=0x00000010
        8371000	      4085	800001cc	00be5713	srli	x14,x28,0xb	 x28:0x00000000 x14=0x00000000
        8393000	      4096	800001d0	80d2	c.mv	x1,x20	  x0:0x00000000 x20:0xffffffff  x1=0xffffffff
        8415000	      4107	800001d2	03099933	mulh	x18,x19,x16	 x19:0x80026e7c x16:0x19fae0a7 x18=0xf302ced8
        8417000	      4108	800001d6	0001	c.addi	x0,0	  x0:0x00000000  x0=0x00000000
        8431000	      4115	800001d8	d169	c.beqz	x10,8000019a	 x10:0x00000000
        8485000	      4142	8000019a	5a7d	c.li	x20,-1	 x20=0xffffffff
        8521000	      4160	8000019c	01a1d493	srli	x9,x3,0x1a	  x3:0x46485956  x9=0x00000011
        8523000	      4161	800001a0	0525	c.addi	x10,9	 x10:0x00000000 x10=0x00000009
        8527000	      4163	800001a2	ffa00e93	addi	x29,x0,-6	  x0:0x00000000 x29=0xfffffffa
        8589000	      4194	800001a6	00e911b3	sll	x3,x18,x14	 x18:0xf302ced8 x14:0x00000000  x3=0xf302ced8
        8601000	      4200	800001aa	00e00f13	addi	x30,x0,14	  x0:0x00000000 x30=0x0000000e
        8603000	      4201	800001ae	8e01	c.sub	x12,x8	 x12:0xb603572b  x8:0xbffbf1b7 x12=0xf6076574
        8615000	      4207	800001b0	01886433	or	x8,x16,x24	 x16:0x19fae0a7 x24:0xae5311b4  x8=0xbffbf1b7
        8659000	      4229	800001b4	2e531c17	auipc	x24,0x2e531	 x24=0xae5311b4
        8669000	      4234	800001b8	0097a233	slt	x4,x15,x9	 x15:0xfa11812e  x9:0x00000011  x4=0x00000001
        8683000	      4241	800001bc	340f3773	csrrc	x14,mscratch,x30	 x30:0x0000000e x14=0x00000010
        8685000	      4242	800001c0	0e99	c.addi	x29,6	 x29:0xfffffffa x29=0x00000000
        8687000	      4243	800001c2	4add	c.li	x21,23	 x21=0x00000017
        8705000	      4252	800001c4	ffeec6e3	blt	x29,x30,800001b0	 x29:0x00000000 x30:0x0000000e  x0=0x00000000
        8711000	      4255	800001b0	01886433	or	x8,x16,x24	 x16:0x19fae0a7 x24:0xae5311b4  x8=0xbffbf1b7
        8741000	      4270	800001b4	2e531c17	auipc	x24,0x2e531	 x24=0xae5311b4
        8759000	      4279	800001b8	0097a233	slt	x4,x15,x9	 x15:0xfa11812e  x9:0x00000011  x4=0x00000001
        8781000	      4290	800001bc	340f3773	csrrc	x14,mscratch,x30	 x30:0x0000000e x14=0x00000010
        8795000	      4297	800001c0	0e99	c.addi	x29,6	 x29:0x00000000 x29=0x00000006
        8797000	      4298	800001c2	4add	c.li	x21,23	 x21=0x00000017
        8823000	      4311	800001c4	ffeec6e3	blt	x29,x30,800001b0	 x29:0x00000006 x30:0x0000000e  x0=0x00000000
        8835000	      4317	800001b0	01886433	or	x8,x16,x24	 x16:0x19fae0a7 x24:0xae5311b4  x8=0xbffbf1b7
        8897000	      4348	800001b4	2e531c17	auipc	x24,0x2e531	 x24=0xae5311b4
        8899000	      4349	800001b8	0097a233	slt	x4,x15,x9	 x15:0xfa11812e  x9:0x00000011  x4=0x00000001
        8907000	      4353	800001bc	340f3773	csrrc	x14,mscratch,x30	 x30:0x0000000e x14=0x00000010
        8917000	      4358	800001c0	0e99	c.addi	x29,6	 x29:0x00000006 x29=0x0000000c
        8919000	      4359	800001c2	4add	c.li	x21,23	 x21=0x00000017
        8923000	      4361	800001c4	ffeec6e3	blt	x29,x30,800001b0	 x29:0x0000000c x30:0x0000000e  x0=0x00000000
        8955000	      4377	800001b0	01886433	or	x8,x16,x24	 x16:0x19fae0a7 x24:0xae5311b4  x8=0xbffbf1b7
        8985000	      4392	800001b4	2e531c17	auipc	x24,0x2e531	 x24=0xae5311b4
        8987000	      4393	800001b8	0097a233	slt	x4,x15,x9	 x15:0xfa11812e  x9:0x00000011  x4=0x00000001
        9009000	      4404	800001bc	340f3773	csrrc	x14,mscratch,x30	 x30:0x0000000e x14=0x00000010
        9043000	      4421	800001c0	0e99	c.addi	x29,6	 x29:0x0000000c x29=0x00000012
        9045000	      4422	800001c2	4add	c.li	x21,23	 x21=0x00000017
        9063000	      4431	800001c4	ffeec6e3	blt	x29,x30,800001b0	 x29:0x00000012 x30:0x0000000e  x0=0x00000000
        9095000	      4447	800001c8	3400fff3	csrrci	x31,mscratch,1	 x31=0x00000010
        9097000	      4448	800001cc	00be5713	srli	x14,x28,0xb	 x28:0x00000000 x14=0x00000000
        9159000	      4479	800001d0	80d2	c.mv	x1,x20	  x0:0x00000000 x20:0xffffffff  x1=0xffffffff
        9167000	      4483	800001d2	03099933	mulh	x18,x19,x16	 x19:0x80026e7c x16:0x19fae0a7 x18=0xf302ced8
        9169000	      4484	800001d6	0001	c.addi	x0,0	  x0:0x00000000  x0=0x00000000
        9203000	      4501	800001d8	d169	c.beqz	x10,8000019a	 x10:0x00000009
        9277000	      4538	800001da	022cc6b3	div	x13,x25,x2	 x25:0x00000000  x2:0x52969ec0 x13=0x00000000
        9281000	      4540	800001de	01a0016f	jal	x2,800001f8	  x2=0x800001e2
        9301000	      4550	800001f8	0080096f	jal	x18,80000200	 x18=0x800001fc
        9341000	      4570	80000200	2021	c.jal	80000208	  x1=0x80000202
        9355000	      4577	80000208	b7f5	c.j	800001f4	
        9405000	      4602	800001f4	37fd	c.jal	800001e2	  x1=0x800001f6
        9439000	      4619	800001e2	2829	c.jal	800001fc	  x1=0x800001e4
        9479000	      4639	800001fc	fe9ff0ef	jal	x1,800001e4	  x1=0x80000200
        9513000	      4656	800001e4	2839	c.jal	80000202	  x1=0x800001e6
        9559000	      4679	80000202	bfc5	c.j	800001f2	
        9577000	      4688	800001f2	bffd	c.j	800001f0	
        9603000	      4701	800001f0	3fdd	c.jal	800001e6	  x1=0x800001f2
        9643000	      4721	800001e6	a801	c.j	800001f6	
        9653000	      4726	800001f6	bfd5	c.j	800001ea	
        9675000	      4737	800001ea	a009	c.j	800001ec	
        9713000	      4756	800001ec	ffdff0ef	jal	x1,800001e8	  x1=0x800001f0
        9777000	      4788	800001e8	2831	c.jal	80000204	  x1=0x800001ea
        9807000	      4803	80000204	006000ef	jal	x1,8000020a	  x1=0x80000208
        9935000	      4867	8000020a	036dfbb3	remu	x23,x27,x22	 x27:0x80000000 x22:0x80000000 x23=0x00000000
        9937000	      4868	8000020e	00016117	auipc	x2,0x16	  x2=0x8001620e
        9939000	      4869	80000212	cd010113	addi	x2,x2,-816	  x2:0x8001620e  x2=0x80015ede
        9941000	      4870	80000216	84e1	c.srai	x9,0x18	  x9:0x00000011  x9=0x00000000
        9947000	      4873	80000218	ffc11a23	sh	x28,-12(x2)	  x2:0x80015ede x28:0x00000000 PA:0x80015ed2 store:0x00000000 load:0x00000000
        9987000	      4893	8000021c	0d35	c.addi	x26,13	 x26:0x80000000 x26=0x8000000d
       10029000	      4914	8000021e	01331cb3	sll	x25,x6,x19	  x6:0x00000000 x19:0x80026e7c x25=0x00000000
       10097000	      4948	80000222	ff314583	lbu	x11,-13(x2)	  x2:0x80015ede x11=0x000000d2 PA:0x80015ed1 store:0x80026e7c
       10099000	      4949	80000226	3406e073	csrrsi	x0,mscratch,13	  x0=0x00000000
       10107000	      4953	8000022a	41f58fb3	sub	x31,x11,x31	 x11:0x000000d2 x31:0x00000010 x31=0x000000c2
       10109000	      4954	8000022e	4ba5	c.li	x23,9	 x23=0x00000009
       10125000	      4962	80000230	3404f1f3	csrrci	x3,mscratch,9	  x3=0x0000001d
       10189000	      4994	80000234	00f14383	lbu	x7,15(x2)	  x2:0x80015ede  x7=0x000000ee PA:0x80015eed store:0xfa11812e
       10197000	      4998	80000238	ff410ba3	sb	x20,-9(x2)	  x2:0x80015ede x20:0xffffffff PA:0x80015ed5 store:0xffffffff load:0x000000ff
       10199000	      4999	8000023c	87e9	c.srai	x15,0x1a	 x15:0xfa11812e x15=0xfffffffe
       10239000	      5019	8000023e	fff10d23	sb	x31,-6(x2)	  x2:0x80015ede x31:0x000000c2 PA:0x80015ed8 store:0x000000c2 load:0x000000c2
       10241000	      5020	80000242	8749	c.srai	x14,0x12	 x14:0x00000000 x14=0x00000000
       10243000	      5021	80000244	2a068f93	addi	x31,x13,672	 x13:0x00000000 x31=0x000002a0
       10275000	      5037	80000248	00ce4ab3	xor	x21,x28,x12	 x28:0x00000000 x12:0xf6076574 x21=0xf6076574
       10291000	      5045	8000024c	80ad	c.srli	x9,0xb	  x9:0x00000000  x9=0x00000000
       10351000	      5075	8000024e	ffb10ba3	sb	x27,-9(x2)	  x2:0x80015ede x27:0x80000000 PA:0x80015ed5 store:0x80000000 load:0x00000000
       10397000	      5098	80000252	00414903	lbu	x18,4(x2)	  x2:0x80015ede x18=0x000000e1 PA:0x80015ee2 store:0x00000001
       10457000	      5128	80000256	ffd10183	lb	x3,-3(x2)	  x2:0x80015ede  x3=0xffffffd8 PA:0x80015edb store:0x00000012
       10459000	      5129	8000025a	0ff0000f	fence	iorw,iorwiorw	
       10485000	      5142	8000025e	0193fd33	and	x26,x7,x25	  x7:0x000000ee x25:0x00000000 x26=0x00000000
       10527000	      5163	80000262	033318b3	mulh	x17,x6,x19	  x6:0x00000000 x19:0x80026e7c x17=0x00000000
       10529000	      5164	80000266	00ff1213	slli	x4,x30,0xf	 x30:0x0000000e  x4=0x00070000
       10583000	      5191	8000026a	00011783	lh	x15,0(x2)	  x2:0x80015ede x15=0xffffdcdd PA:0x80015ede store:0x00000000
       10593000	      5196	8000026e	00910b83	lb	x23,9(x2)	  x2:0x80015ede x23=0xffffffe4 PA:0x80015ee7 store:0x00000000
       10667000	      5233	80000272	030848b3	div	x17,x16,x16	 x16:0x19fae0a7 x16:0x19fae0a7 x17=0x00000001
       10669000	      5234	80000276	3405b573	csrrc	x10,mscratch,x11	 x11:0x000000d2 x10=0x00000014
       10671000	      5235	8000027a	d6434b13	xori	x22,x6,-668	  x6:0x00000000 x22=0xfffffd64
       10715000	      5257	8000027e	3409d473	csrrwi	x8,mscratch,19	  x8=0x00000004
       10717000	      5258	80000282	0fbe	c.slli	x31,0xf	 x31:0x000002a0 x31=0x01500000
       10737000	      5268	80000284	01a104a3	sb	x26,9(x2)	  x2:0x80015ede x26:0x00000000 PA:0x80015ee7 store:0x00000000 load:0x00000000
       10739000	      5269	80000288	0001a117	auipc	x2,0x1a	  x2=0x8001a288
       10775000	      5287	8000028c	10210113	addi	x2,x2,258	  x2:0x8001a288  x2=0x8001a38a
       10817000	      5308	80000290	06f10223	sb	x15,100(x2)	  x2:0x8001a38a x15:0xffffdcdd PA:0x8001a3ee store:0xffffdcdd load:0x000000dd
       10819000	      5309	80000294	3406f3f3	csrrci	x7,mscratch,13	  x7=0x00000013
       10835000	      5317	80000298	f3f10883	lb	x17,-193(x2)	  x2:0x8001a38a x17=0xffffffca PA:0x8001a2c9 store:0x01500000
       10837000	      5318	8000029c	0001	c.addi	x0,0	  x0:0x00000000  x0=0x00000000
       10867000	      5333	8000029e	34046473	csrrsi	x8,mscratch,8	  x8=0x00000012
       10869000	      5334	800002a2	0a0e	c.slli	x20,0x3	 x20:0xffffffff x20=0xfffffff8
       10885000	      5342	800002a4	0b110203	lb	x4,177(x2)	  x2:0x8001a38a  x4=0x00000038 PA:0x8001a43b store:0xffffffca
       10909000	      5354	800002a8	0f211383	lh	x7,242(x2)	  x2:0x8001a38a  x7=0x00007e7f PA:0x8001a47c store:0x000000e1
       10939000	      5369	800002ac	00abc5b3	xor	x11,x23,x10	 x23:0xffffffe4 x10:0x00000014 x11=0xfffffff0
       10981000	      5390	800002b0	8fbd	c.xor	x15,x15	 x15:0xffffdcdd x15:0xffffdcdd x15=0x00000000
       11049000	      5424	800002b2	f7114703	lbu	x14,-143(x2)	  x2:0x8001a38a x14=0x000000f8 PA:0x8001a2fb store:0xffffffca
       11051000	      5425	800002b6	041e	c.slli	x8,0x7	  x8:0x00000012  x8=0x00000900
       11055000	      5427	800002b8	f7211d83	lh	x27,-142(x2)	  x2:0x8001a38a x27=0xfffffeff PA:0x8001a2fc store:0x000000e1
       11099000	      5449	800002bc	01514c83	lbu	x25,21(x2)	  x2:0x8001a38a x25=0x0000009c PA:0x8001a39f store:0xf6076574
       11107000	      5453	800002c0	028397b3	mulh	x15,x7,x8	  x7:0x00007e7f  x8:0x00000900 x15=0x00000000
       11109000	      5454	800002c4	8559	c.srai	x10,0x16	 x10:0x00000014 x10=0x00000000
       11111000	      5455	800002c6	80fe	c.mv	x1,x31	  x0:0x00000000 x31:0x01500000  x1=0x01500000
       11113000	      5456	800002c8	006a8eb3	add	x29,x21,x6	 x21:0xf6076574  x6:0x00000000 x29=0xf6076574
       11131000	      5465	800002cc	18ffe913	ori	x18,x31,399	 x31:0x01500000 x18=0x0150018f
       11133000	      5466	800002d0	00f7dc93	srli	x25,x15,0xf	 x15:0x00000000 x25=0x00000000
       11155000	      5477	800002d4	6c9d	c.lui	x25,0x7	 x25=0x00007000
       11189000	      5494	800002d6	037e9033	mulh	x0,x29,x23	 x29:0xf6076574 x23:0xffffffe4  x0=0x00000000
       11201000	      5500	800002da	5faeda97	auipc	x21,0x5faed	 x21=0xdfaed2da
       11249000	      5524	800002de	f9611e03	lh	x28,-106(x2)	  x2:0x8001a38a x28=0x00002223 PA:0x8001a320 store:0xfffffd64
       11269000	      5534	800002e2	f1e107a3	sb	x30,-241(x2)	  x2:0x8001a38a x30:0x0000000e PA:0x8001a299 store:0x0000000e load:0x0000000e
       11289000	      5544	800002e6	03810623	sb	x24,44(x2)	  x2:0x8001a38a x24:0xae5311b4 PA:0x8001a3b6 store:0xae5311b4 load:0x000000b4
       11333000	      5566	800002ea	f4d14583	lbu	x11,-179(x2)	  x2:0x8001a38a x11=0x000000d4 PA:0x8001a2d7 store:0x00000000
       11335000	      5567	800002ee	8762	c.mv	x14,x24	  x0:0x00000000 x24:0xae5311b4 x14=0xae5311b4
       11343000	      5571	800002f0	f6710ba3	sb	x7,-137(x2)	  x2:0x8001a38a  x7:0x00007e7f PA:0x8001a301 store:0x00007e7f load:0x0000007f
       11369000	      5584	800002f4	cc41ff93	andi	x31,x3,-828	  x3:0xffffffd8 x31=0xfffffcc0
       11393000	      5596	800002f8	03a14603	lbu	x12,58(x2)	  x2:0x8001a38a x12=0x000000c7 PA:0x8001a3c4 store:0x00000000
       11395000	      5597	800002fc	00015c97	auipc	x25,0x15	 x25=0x800152fc
       11433000	      5616	80000300	76ec8c93	addi	x25,x25,1902	 x25:0x800152fc x25=0x80015a6a
       11435000	      5617	80000304	00016d97	auipc	x27,0x16	 x27=0x80016304
       11473000	      5636	80000308	84ed8d93	addi	x27,x27,-1970	 x27:0x80016304 x27=0x80015b52
       11497000	      5648	8000030c	0d1c8003	lb	x0,209(x25)	 x25:0x80015a6a  x0=0x00000000 PA:0x80015b3b store:0xffffffca
       11503000	      5651	80000310	00015397	auipc	x7,0x15	  x7=0x80015310
       11531000	      5665	80000314	16f38393	addi	x7,x7,367	  x7:0x80015310  x7=0x8001547f
       11549000	      5674	80000318	fed3a583	lw	x11,-19(x7)	  x7:0x8001547f x11=0x6c6d6e6f PA:0x8001546c store:0x00000000
       11577000	      5688	8000031c	fb1d8a83	lb	x21,-79(x27)	 x27:0x80015b52 x21=0x00000000 PA:0x80015b03 store:0xffffffca
       11581000	      5690	80000320	00015617	auipc	x12,0x15	 x12=0x80015320
       11599000	      5699	80000324	06060613	addi	x12,x12,96	 x12:0x80015320 x12=0x80015380
       11701000	      5750	80000328	0e2dd203	lhu	x4,226(x27)	 x27:0x80015b52  x4=0x00003637 PA:0x80015c34 store:0x8001a38a
       11705000	      5752	8000032c	02e39ca3	sh	x14,57(x7)	  x7:0x8001547f x14:0xae5311b4 PA:0x800154b8 store:0xae5311b4 load:0x000011b4
       11709000	      5754	80000330	56e65203	lhu	x4,1390(x12)	 x12:0x80015380  x4=0x0000eced PA:0x800158ee store:0xae5311b4
       11719000	      5759	80000334	f91dad23	sw	x17,-102(x27)	 x27:0x80015b52 x17:0xffffffca PA:0x80015aec store:0xffffffca load:0xffffffca
       11773000	      5786	80000338	04d60e03	lb	x28,77(x12)	 x12:0x80015380 x28=0xffffffce PA:0x800153cd store:0x00000000
       11775000	      5787	8000033c	00016f17	auipc	x30,0x16	 x30=0x8001633c
       11777000	      5788	80000340	b05f0f13	addi	x30,x30,-1275	 x30:0x8001633c x30=0x80015e41
       11823000	      5811	80000344	faaca703	lw	x14,-86(x25)	 x25:0x80015a6a x14=0x14151617 PA:0x80015a14 store:0x00000000
       11829000	      5814	80000348	2ea65703	lhu	x14,746(x12)	 x12:0x80015380 x14=0x00006869 PA:0x8001566a store:0x00000000
       11873000	      5836	8000034c	9e1f16a3	sh	x1,-1555(x30)	 x30:0x80015e41  x1:0x01500000 PA:0x8001582e store:0x01500000 load:0x00000000
       11917000	      5858	80000350	30f60703	lb	x14,783(x12)	 x12:0x80015380 x14=0xffffff8c PA:0x8001568f store:0x00000000
       11971000	      5885	80000354	034c82a3	sb	x20,37(x25)	 x25:0x80015a6a x20:0xfffffff8 PA:0x80015a8f store:0xfffffff8 load:0x000000f8
       11995000	      5897	80000358	024cc083	lbu	x1,36(x25)	 x25:0x80015a6a  x1=0x0000008d PA:0x80015a8e store:0x0000eced
       12019000	      5909	8000035c	fd1d82a3	sb	x17,-59(x27)	 x27:0x80015b52 x17:0xffffffca PA:0x80015b17 store:0xffffffca load:0x000000ca
       12023000	      5911	80000360	f89d8fa3	sb	x9,-97(x27)	 x27:0x80015b52  x9:0x00000000 PA:0x80015af1 store:0x00000000 load:0x00000000
       12071000	      5935	80000364	05538023	sb	x21,64(x7)	  x7:0x8001547f x21:0x00000000 PA:0x800154bf store:0x00000000 load:0x00000000
       12109000	      5954	80000368	e95f0723	sb	x21,-370(x30)	 x30:0x80015e41 x21:0x00000000 PA:0x80015ccf store:0x00000000 load:0x00000000
       12141000	      5970	8000036c	ff63ce83	lbu	x29,-10(x7)	  x7:0x8001547f x29=0x00000076 PA:0x80015475 store:0xfffffd64
       12165000	      5982	80000370	bb7f01a3	sb	x23,-1117(x30)	 x30:0x80015e41 x23:0xffffffe4 PA:0x800159e4 store:0xffffffe4 load:0x000000e4
       12187000	      5993	80000374	fe2cc183	lbu	x3,-30(x25)	 x25:0x80015a6a  x3=0x0000004f PA:0x80015a4c store:0x8001a38a
       12233000	      6016	80000378	876f04a3	sb	x22,-1943(x30)	 x30:0x80015e41 x22:0xfffffd64 PA:0x800156aa store:0xfffffd64 load:0x00000064
       12239000	      6019	8000037c	084d9883	lh	x17,132(x27)	 x27:0x80015b52 x17=0xffffd4d5 PA:0x80015bd6 store:0x0000eced
       12251000	      6025	80000380	d9460103	lb	x2,-620(x12)	 x12:0x80015380  x2=0x00000017 PA:0x80015114 store:0xfffffff8
       12265000	      6032	80000384	f8bcce03	lbu	x28,-117(x25)	 x25:0x80015a6a x28=0x000000f6 PA:0x800159f5 store:0x6c6d6e6f
       12271000	      6035	80000388	09acaf83	lw	x31,154(x25)	 x25:0x80015a6a x31=0x04050607 PA:0x80015b04 store:0x00000000
       12295000	      6047	8000038c	a51f5683	lhu	x13,-1455(x30)	 x30:0x80015e41 x13=0x00009091 PA:0x80015892 store:0xffffd4d5
       12309000	      6054	80000390	0093a583	lw	x11,9(x7)	  x7:0x8001547f x11=0x88898a8b PA:0x80015488 store:0x00000000
       12319000	      6059	80000394	0a1d9e23	sh	x1,188(x27)	 x27:0x80015b52  x1:0x0000008d PA:0x80015c0e store:0x0000008d load:0x0000008d
       12325000	      6062	80000398	73d60883	lb	x17,1853(x12)	 x12:0x80015380 x17=0xffffffbe PA:0x80015abd store:0x00000076
       12357000	      6078	8000039c	f13f1a83	lh	x21,-237(x30)	 x30:0x80015e41 x21=0x00005657 PA:0x80015d54 store:0x80026e7c
       12381000	      6090	800003a0	0ab60b23	sb	x11,182(x12)	 x12:0x80015380 x11:0x88898a8b PA:0x80015436 store:0x88898a8b load:0x0000008b
       12407000	      6103	800003a4	34161423	sh	x1,840(x12)	 x12:0x80015380  x1:0x0000008d PA:0x800156c8 store:0x0000008d load:0x0000008d
       12417000	      6108	800003a8	d6df4803	lbu	x16,-659(x30)	 x30:0x80015e41 x16=0x000000ad PA:0x80015bae store:0x00009091
       12421000	      6110	800003ac	87bf1aa3	sh	x27,-1931(x30)	 x30:0x80015e41 x27:0x80015b52 PA:0x800156b6 store:0x80015b52 load:0x00005b52
       12425000	      6112	800003b0	6f360a83	lb	x21,1779(x12)	 x12:0x80015380 x21=0x00000070 PA:0x80015a73 store:0x80026e7c
       12441000	      6120	800003b4	0a5c8903	lb	x18,165(x25)	 x25:0x80015a6a x18=0x0000000c PA:0x80015b0f store:0x80022e1c
       12457000	      6128	800003b8	13af4103	lbu	x2,314(x30)	 x30:0x80015e41  x2=0x00000078 PA:0x80015f7b store:0x00000000
       12477000	      6138	800003bc	00015717	auipc	x14,0x15	 x14=0x800153bc
       12509000	      6154	800003c0	d0f70713	addi	x14,x14,-753	 x14:0x800153bc x14=0x800150cb
       12573000	      6186	800003c4	fc172183	lw	x3,-63(x14)	 x14:0x800150cb  x3=0x8c8d8e8f PA:0x8001508c store:0x0000008d
       12577000	      6188	800003c8	01e74483	lbu	x9,30(x14)	 x14:0x800150cb  x9=0x000000ea PA:0x800150e9 store:0x80015e41
       12619000	      6209	800003cc	01e74c03	lbu	x24,30(x14)	 x14:0x800150cb x24=0x000000ea PA:0x800150e9 store:0x80015e41
       12637000	      6218	800003d0	f3d72783	lw	x15,-195(x14)	 x14:0x800150cb x15=0x08090a0b PA:0x80015008 store:0x00000076
       12659000	      6229	800003d4	f3d75103	lhu	x2,-195(x14)	 x14:0x800150cb  x2=0x00000a0b PA:0x80015008 store:0x00000076
       12661000	      6230	800003d8	0ad9	c.addi	x21,22	 x21:0x00000070 x21=0x00000086
       12695000	      6247	800003da	f3d72f03	lw	x30,-195(x14)	 x14:0x800150cb x30=0x08090a0b PA:0x80015008 store:0x00000076
       12717000	      6258	800003de	f3d74603	lbu	x12,-195(x14)	 x14:0x800150cb x12=0x0000000b PA:0x80015008 store:0x00000076
       12781000	      6290	800003e2	f3271ea3	sh	x18,-195(x14)	 x14:0x800150cb x18:0x0000000c PA:0x80015008 store:0x0000000c load:0x0000000c
       12845000	      6322	800003e6	f3d75e03	lhu	x28,-195(x14)	 x14:0x800150cb x28=0x0000000c PA:0x80015008 store:0x00000076
       12889000	      6344	800003ea	f2171ea3	sh	x1,-195(x14)	 x14:0x800150cb  x1:0x0000008d PA:0x80015008 store:0x0000008d load:0x0000008d
       12927000	      6363	800003ee	f3d72183	lw	x3,-195(x14)	 x14:0x800150cb  x3=0x0809008d PA:0x80015008 store:0x00000076
       12929000	      6364	800003f2	00017097	auipc	x1,0x17	  x1=0x800173f2
       12947000	      6373	800003f6	ad208093	addi	x1,x1,-1326	  x1:0x800173f2  x1=0x80016ec4
       12987000	      6393	800003fa	86108e03	lb	x28,-1951(x1)	  x1:0x80016ec4 x28=0x00000026 PA:0x80016725 store:0x80016ec4
       13011000	      6405	800003fe	d1f0cd83	lbu	x27,-737(x1)	  x1:0x80016ec4 x27=0x000000e0 PA:0x80016be3 store:0x04050607
       13013000	      6406	80000402	0a156f13	ori	x30,x10,161	 x10:0x00000000 x30=0x000000a1
       13015000	      6407	80000406	8ef1	c.and	x13,x12	 x13:0x00009091 x12:0x0000000b x13=0x00000001
       13075000	      6437	80000408	d1f0cd83	lbu	x27,-737(x1)	  x1:0x80016ec4 x27=0x000000e0 PA:0x80016be3 store:0x04050607
       13091000	      6445	8000040c	04508803	lb	x16,69(x1)	  x1:0x80016ec4 x16=0x0000000a PA:0x80016f09 store:0x80022e1c
       13115000	      6457	80000410	7fe0c503	lbu	x10,2046(x1)	  x1:0x80016ec4 x10=0x000000c1 PA:0x800176c2 store:0x000000a1
       13117000	      6458	80000414	41a5d3b3	sra	x7,x11,x26	 x11:0x88898a8b x26:0x00000000  x7=0x88898a8b
       13129000	      6464	80000418	7fe0c183	lbu	x3,2046(x1)	  x1:0x80016ec4  x3=0x000000c1 PA:0x800176c2 store:0x000000a1
       13191000	      6495	8000041c	f710c103	lbu	x2,-143(x1)	  x1:0x80016ec4  x2=0x00000036 PA:0x80016e35 store:0xffffffbe
       13193000	      6496	80000420	0001	c.addi	x0,0	  x0:0x00000000  x0=0x00000000
       13195000	      6497	80000422	100c	c.addi4spn	x11,x2,32	 x11=0x00000056
       13203000	      6501	80000424	f7108f03	lb	x30,-143(x1)	  x1:0x80016ec4 x30=0x00000036 PA:0x80016e35 store:0xffffffbe
       13223000	      6511	80000428	f710c183	lbu	x3,-143(x1)	  x1:0x80016ec4  x3=0x00000036 PA:0x80016e35 store:0xffffffbe
       13239000	      6519	8000042c	f6e088a3	sb	x14,-143(x1)	  x1:0x80016ec4 x14:0x800150cb PA:0x80016e35 store:0x800150cb load:0x000000cb
       13243000	      6521	80000430	185086a3	sb	x5,397(x1)	  x1:0x80016ec4  x5:0x80022e1c PA:0x80017051 store:0x80022e1c load:0x0000001c
       13247000	      6523	80000434	0080016f	jal	x2,8000043c	  x2=0x80000438
       13289000	      6544	8000043c	a019	c.j	80000442	
       13333000	      6566	80000442	2011	c.jal	80000446	  x1=0x80000444
       13365000	      6582	80000446	a809	c.j	80000458	
       13399000	      6599	80000458	37dd	c.jal	8000043e	  x1=0x8000045a
       13443000	      6621	8000043e	200d	c.jal	80000460	  x1=0x80000440
       13467000	      6633	80000460	3fe9	c.jal	8000043a	  x1=0x80000462
       13509000	      6654	8000043a	2811	c.jal	8000044e	  x1=0x8000043c
       13543000	      6671	8000044e	2819	c.jal	80000464	  x1=0x80000450
       13615000	      6707	80000464	37e5	c.jal	8000044c	  x1=0x80000466
       13627000	      6713	8000044c	a819	c.j	80000462	
       13683000	      6741	80000462	3ff5	c.jal	8000045e	  x1=0x80000464
       13753000	      6776	8000045e	bfe5	c.j	80000456	
       13797000	      6798	80000456	3ffd	c.jal	80000454	  x1=0x80000458
       13815000	      6807	80000454	3ff5	c.jal	80000450	  x1=0x80000456
       13859000	      6829	80000450	fe9ff0ef	jal	x1,80000438	  x1=0x80000454
       13907000	      6853	80000438	2801	c.jal	80000448	  x1=0x8000043a
       13935000	      6867	80000448	014000ef	jal	x1,8000045c	  x1=0x8000044c
       13973000	      6886	8000045c	37d5	c.jal	80000440	  x1=0x8000045e
       13977000	      6888	80000440	2011	c.jal	80000444	  x1=0x80000442
       14025000	      6912	80000444	a819	c.j	8000045a	
       14049000	      6924	8000045a	2031	c.jal	80000466	  x1=0x8000045c
       14147000	      6973	80000466	00396933	or	x18,x18,x3	 x18:0x0000000c  x3:0x00000036 x18=0x0000003e
       14149000	      6974	8000046a	00019117	auipc	x2,0x19	  x2=0x8001946a
       14171000	      6985	8000046e	89210113	addi	x2,x2,-1902	  x2:0x8001946a  x2=0x80018cfc
       14255000	      7027	80000472	78b10ba3	sb	x11,1943(x2)	  x2:0x80018cfc x11:0x00000056 PA:0x80019493 store:0x00000056 load:0x00000056
       14277000	      7038	80000476	76410b83	lb	x23,1892(x2)	  x2:0x80018cfc x23=0x00000063 PA:0x80019460 store:0x0000eced
       14279000	      7039	8000047a	dccc7e13	andi	x28,x24,-564	 x24:0x000000ea x28=0x000000c8
       14287000	      7043	8000047e	76415703	lhu	x14,1892(x2)	  x2:0x80018cfc x14=0x00006263 PA:0x80019460 store:0x0000eced
       14415000	      7107	80000482	02f853b3	divu	x7,x16,x15	 x16:0x0000000a x15:0x08090a0b  x7=0x00000000
       14417000	      7108	80000486	012e5eb3	srl	x29,x28,x18	 x28:0x000000c8 x18:0x0000003e x29=0x00000000
       14419000	      7109	8000048a	001bb233	sltu	x4,x23,x1	 x23:0x00000063  x1:0x8000045c  x4=0x00000001
       14461000	      7130	8000048e	ef810ea3	sb	x24,-259(x2)	  x2:0x80018cfc x24:0x000000ea PA:0x80018bf9 store:0x000000ea load:0x000000ea
       14503000	      7151	80000492	efd10f03	lb	x30,-259(x2)	  x2:0x80018cfc x30=0xffffffea PA:0x80018bf9 store:0x00000000
       14517000	      7158	80000496	efd10603	lb	x12,-259(x2)	  x2:0x80018cfc x12=0xffffffea PA:0x80018bf9 store:0x00000000
       14537000	      7168	8000049a	efd10d83	lb	x27,-259(x2)	  x2:0x80018cfc x27=0xffffffea PA:0x80018bf9 store:0x00000000
       14549000	      7174	8000049e	3c514a83	lbu	x21,965(x2)	  x2:0x80018cfc x21=0x000000c2 PA:0x800190c1 store:0x80022e1c
       14551000	      7175	800004a2	83bd	c.srli	x15,0xf	 x15:0x08090a0b x15=0x00001012
       14553000	      7176	800004a4	9886	c.add	x17,x1	 x17:0xffffffbe  x1:0x8000045c x17=0x8000041a
       14575000	      7187	800004a6	85d10083	lb	x1,-1955(x2)	  x2:0x80018cfc  x1=0x0000005a PA:0x80018559 store:0x00000000
       14669000	      7234	800004aa	d3f14383	lbu	x7,-705(x2)	  x2:0x80018cfc  x7=0x00000038 PA:0x80018a3b store:0x04050607
       14671000	      7235	800004ae	7c62c017	auipc	x0,0x7c62c	  x0=0x00000000
       14685000	      7242	800004b2	d3d10fa3	sb	x29,-705(x2)	  x2:0x80018cfc x29:0x00000000 PA:0x80018a3b store:0x00000000 load:0x00000000
       14699000	      7249	800004b6	cf812083	lw	x1,-776(x2)	  x2:0x80018cfc  x1=0xf4f5f6f7 PA:0x800189f4 store:0x000000ea
       14717000	      7258	800004ba	00016917	auipc	x18,0x16	 x18=0x800164ba
       14719000	      7259	800004be	17c90913	addi	x18,x18,380	 x18:0x800164ba x18=0x80016636
       14781000	      7290	800004c2	00018717	auipc	x14,0x18	 x14=0x800184c2
       14783000	      7291	800004c6	c0970713	addi	x14,x14,-1015	 x14:0x800184c2 x14=0x800180cb
       14785000	      7292	800004ca	00016b17	auipc	x22,0x16	 x22=0x800164ca
       14827000	      7313	800004ce	2c8b0b13	addi	x22,x22,712	 x22:0x800164ca x22=0x80016792
       14841000	      7320	800004d2	9bb71d83	lh	x27,-1605(x14)	 x14:0x800180cb x27=0xffff8485 PA:0x80017a86 store:0xffffffea
       14873000	      7336	800004d6	66470c83	lb	x25,1636(x14)	 x14:0x800180cb x25=0x0000002c PA:0x8001872f store:0x00000001
       14887000	      7343	800004da	fd3b4203	lbu	x4,-45(x22)	 x22:0x80016792  x4=0x00000066 PA:0x80016765 store:0x80026e7c
       14983000	      7391	800004de	07890683	lb	x13,120(x18)	 x18:0x80016636 x13=0xffffffad PA:0x800166ae store:0x000000ea
       14985000	      7392	800004e2	00017497	auipc	x9,0x17	  x9=0x800174e2
       14987000	      7393	800004e6	57848493	addi	x9,x9,1400	  x9:0x800174e2  x9=0x80017a5a
       15061000	      7430	800004ea	f9d90683	lb	x13,-99(x18)	 x18:0x80016636 x13=0xffffffd0 PA:0x800165d3 store:0x00000000
       15067000	      7433	800004ee	0c24af83	lw	x31,194(x9)	  x9:0x80017a5a x31=0x1c1d1e1f PA:0x80017b1c store:0x80018cfc
       15131000	      7465	800004f2	8f775783	lhu	x15,-1801(x14)	 x14:0x800180cb x15=0x0000c0c1 PA:0x800179c2 store:0x00000063
       15133000	      7466	800004f6	00018817	auipc	x16,0x18	 x16=0x800184f6
       15135000	      7467	800004fa	2e880813	addi	x16,x16,744	 x16:0x800184f6 x16=0x800187de
       15167000	      7483	800004fe	fb9900a3	sb	x25,-95(x18)	 x18:0x80016636 x25:0x0000002c PA:0x800165d7 store:0x0000002c load:0x0000002c
       15203000	      7501	80000502	fc784083	lbu	x1,-57(x16)	 x16:0x800187de  x1=0x000000a6 PA:0x800187a5 store:0x00000038
       15207000	      7503	80000506	06048623	sb	x0,108(x9)	  x9:0x80017a5a  x0:0x00000000 PA:0x80017ac6 store:0x00000000 load:0x00000000
       15233000	      7516	8000050a	f8a70883	lb	x17,-118(x14)	 x14:0x800180cb x17=0x00000056 PA:0x80018055 store:0x000000c1
       15277000	      7538	8000050e	f6e92e03	lw	x28,-146(x18)	 x18:0x80016636 x28=0xa4a5a6a7 PA:0x800165a4 store:0x800180cb
       15333000	      7566	80000512	057b2d23	sw	x23,90(x22)	 x22:0x80016792 x23:0x00000063 PA:0x800167ec store:0x00000063 load:0x00000063
       15355000	      7577	80000516	fe980c83	lb	x25,-23(x16)	 x16:0x800187de x25=0xffffffc4 PA:0x800187c7 store:0x80017a5a
       15365000	      7582	8000051a	725701a3	sb	x5,1827(x14)	 x14:0x800180cb  x5:0x80022e1c PA:0x800187ee store:0x80022e1c load:0x0000001c
       15407000	      7603	8000051e	90e74783	lbu	x15,-1778(x14)	 x14:0x800180cb x15=0x000000da PA:0x800179d9 store:0x800180cb
       15475000	      7637	80000522	0e44d583	lhu	x11,228(x9)	  x9:0x80017a5a x11=0x00003c3d PA:0x80017b3e store:0x00000066
       15523000	      7661	80000526	0c990583	lb	x11,201(x18)	 x18:0x80016636 x11=0xfffffffc PA:0x800166ff store:0x80017a5a
       15545000	      7672	8000052a	f60b4083	lbu	x1,-160(x22)	 x22:0x80016792  x1=0x000000f1 PA:0x800166f2 store:0x00000000
       15605000	      7702	8000052e	fe948c83	lb	x25,-23(x9)	  x9:0x80017a5a x25=0x00000040 PA:0x80017a43 store:0x80017a5a
       15619000	      7709	80000532	fe8b0f03	lb	x30,-24(x22)	 x22:0x80016792 x30=0x00000079 PA:0x8001677a store:0x00000900
       15645000	      7722	80000536	50172e83	lw	x29,1281(x14)	 x14:0x800180cb x29=0xcccdcecf PA:0x800185cc store:0x000000f1
       15727000	      7763	8000053a	fe44dc83	lhu	x25,-28(x9)	  x9:0x80017a5a x25=0x00003c3d PA:0x80017a3e store:0x00000066
       15753000	      7776	8000053e	03a82f03	lw	x30,58(x16)	 x16:0x800187de x30=0x18191a1b PA:0x80018818 store:0x00000000
       15757000	      7778	80000542	f8091403	lh	x8,-128(x18)	 x18:0x80016636  x8=0xffffb4b5 PA:0x800165b6 store:0x00000000
       15837000	      7818	80000546	f7590aa3	sb	x21,-139(x18)	 x18:0x80016636 x21:0x000000c2 PA:0x800165ab store:0x000000c2 load:0x000000c2
       15871000	      7835	8000054a	06348fa3	sb	x3,127(x9)	  x9:0x80017a5a  x3:0x00000036 PA:0x80017ad9 store:0x00000036 load:0x00000036
       15895000	      7847	8000054e	0a090323	sb	x0,166(x18)	 x18:0x80016636  x0:0x00000000 PA:0x800166dc store:0x00000000 load:0x00000000
       15919000	      7859	80000552	087b4c03	lbu	x24,135(x22)	 x22:0x80016792 x24=0x0000001a PA:0x80016819 store:0x00000038
       15925000	      7862	80000556	f36b1b23	sh	x22,-202(x22)	 x22:0x80016792 x22:0x80016792 PA:0x800166c8 store:0x80016792 load:0x00006792
       15957000	      7878	8000055a	5c270883	lb	x17,1474(x14)	 x14:0x800180cb x17=0xffffff8e PA:0x8001868d store:0x80018cfc
       15989000	      7894	8000055e	00580883	lb	x17,5(x16)	 x16:0x800187de x17=0xffffffe0 PA:0x800187e3 store:0x80022e1c
       16015000	      7907	80000562	f5470103	lb	x2,-172(x14)	 x14:0x800180cb  x2=0x0000001c PA:0x8001801f store:0xfffffff8
       16023000	      7911	80000566	fbd484a3	sb	x29,-87(x9)	  x9:0x80017a5a x29:0xcccdcecf PA:0x80017a03 store:0xcccdcecf load:0x000000cf
       16073000	      7936	8000056a	03eb5e83	lhu	x29,62(x22)	 x22:0x80016792 x29=0x0000d2d3 PA:0x800167d0 store:0x18191a1b
       16105000	      7952	8000056e	95770c03	lb	x24,-1705(x14)	 x14:0x800180cb x24=0x00000021 PA:0x80017a22 store:0x00000063
       16147000	      7973	80000572	f80b5403	lhu	x8,-128(x22)	 x22:0x80016792  x8=0x00001011 PA:0x80016712 store:0x00000000
       16171000	      7985	80000576	02681783	lh	x15,38(x16)	 x16:0x800187de x15=0x00000607 PA:0x80018804 store:0x00000000
       16185000	      7992	8000057a	08990203	lb	x4,137(x18)	 x18:0x80016636  x4=0xffffffbc PA:0x800166bf store:0x80017a5a
       16237000	      8018	8000057e	03d84103	lbu	x2,61(x16)	 x16:0x800187de  x2=0x00000018 PA:0x8001881b store:0x0000d2d3
       16285000	      8042	80000582	00b48383	lb	x7,11(x9)	  x9:0x80017a5a  x7=0x00000066 PA:0x80017a65 store:0xfffffffc
       16287000	      8043	80000586	0001c117	auipc	x2,0x1c	  x2=0x8001c586
       16291000	      8045	8000058a	27d10113	addi	x2,x2,637	  x2:0x8001c586  x2=0x8001c803
       16313000	      8056	8000058e	02111b03	lh	x22,33(x2)	  x2:0x8001c803 x22=0x00002627 PA:0x8001c824 store:0x000000f1
       16315000	      8057	80000592	8235	c.srli	x12,0xd	 x12:0xffffffea x12=0x0007ffff
       16327000	      8063	80000594	d1238d17	auipc	x26,0xd1238	 x26=0x51238594
       16405000	      8102	80000598	ff714e83	lbu	x29,-9(x2)	  x2:0x8001c803 x29=0x000000f9 PA:0x8001c7fa store:0x00000063
       16411000	      8105	8000059c	fd210383	lb	x7,-46(x2)	  x2:0x8001c803  x7=0xffffffd6 PA:0x8001c7d5 store:0x80016636
       16417000	      8108	800005a0	34061ef3	csrrw	x29,mscratch,x12	 x12:0x0007ffff x29=0x0000001a
       16461000	      8130	800005a4	03114383	lbu	x7,49(x2)	  x2:0x8001c803  x7=0x00000037 PA:0x8001c834 store:0xffffffe0
       16463000	      8131	800005a8	8609	c.srai	x12,0x2	 x12:0x0007ffff x12=0x0001ffff
       16509000	      8154	800005aa	01a10603	lb	x12,26(x2)	  x2:0x8001c803 x12=0x0000001e PA:0x8001c81d store:0x51238594
       16583000	      8191	800005ae	03ad63b3	rem	x7,x26,x26	 x26:0x51238594 x26:0x51238594  x7=0x00000000
       16585000	      8192	800005b2	0001	c.addi	x0,0	  x0:0x00000000  x0=0x00000000
       16587000	      8193	800005b4	01a393b3	sll	x7,x7,x26	  x7:0x00000000 x26:0x51238594  x7=0x00000000
       16589000	      8194	800005b8	0001	c.addi	x0,0	  x0:0x00000000  x0=0x00000000
       16597000	      8198	800005ba	01ab3eb3	sltu	x29,x22,x26	 x22:0x00002627 x26:0x51238594 x29=0x00000001
       16677000	      8238	800005be	03064833	div	x16,x12,x16	 x12:0x0000001e x16:0x800187de x16=0x00000000
       16679000	      8239	800005c2	1d7d	c.addi	x26,-1	 x26:0x51238594 x26=0x51238593
       16681000	      8240	800005c4	8e51	c.or	x12,x12	 x12:0x0000001e x12:0x0000001e x12=0x0000001e
       16705000	      8252	800005c6	02014603	lbu	x12,32(x2)	  x2:0x8001c803 x12=0x00000020 PA:0x8001c823 store:0x00000000
       16737000	      8268	800005ca	fff15e83	lhu	x29,-1(x2)	  x2:0x8001c803 x29=0x00000001 PA:0x8001c802 store:0x1c1d1e1f
       16753000	      8276	800005ce	fce10383	lb	x7,-50(x2)	  x2:0x8001c803  x7=0xffffffd2 PA:0x8001c7d1 store:0x800180cb
       16755000	      8277	800005d2	8e71	c.and	x12,x12	 x12:0x00000020 x12:0x00000020 x12=0x00000020
       16757000	      8278	800005d4	00cd3d33	sltu	x26,x26,x12	 x26:0x51238593 x12:0x00000020 x26=0x00000000
       16779000	      8289	800005d8	8e31	c.xor	x12,x12	 x12:0x00000020 x12:0x00000020 x12=0x00000000
       16805000	      8302	800005da	01110d03	lb	x26,17(x2)	  x2:0x8001c803 x26=0x00000017 PA:0x8001c814 store:0xffffffe0
       16807000	      8303	800005de	8e11	c.sub	x12,x12	 x12:0x00000000 x12:0x00000000 x12=0x00000000
       16811000	      8305	800005e0	6651	c.lui	x12,0x14	 x12=0x00014000
       16841000	      8320	800005e2	34083ef3	csrrc	x29,mscratch,x16	 x16:0x00000000 x29=0x0007ffff
       16843000	      8321	800005e6	01ce9613	slli	x12,x29,0x1c	 x29:0x0007ffff x12=0xf0000000
       16845000	      8322	800005ea	00e64393	xori	x7,x12,14	 x12:0xf0000000  x7=0xf000000e
       16851000	      8325	800005ee	4103d633	sra	x12,x7,x16	  x7:0xf000000e x16:0x00000000 x12=0xf000000e
       16853000	      8326	800005f2	8e11	c.sub	x12,x12	 x12:0xf000000e x12:0xf000000e x12=0x00000000
       16907000	      8353	800005f4	027105a3	sb	x7,43(x2)	  x2:0x8001c803  x7:0xf000000e PA:0x8001c82e store:0xf000000e load:0x0000000e
       16933000	      8366	800005f8	fda118a3	sh	x26,-47(x2)	  x2:0x8001c803 x26:0x00000017 PA:0x8001c7d4 store:0x00000017 load:0x00000017
       16941000	      8370	800005fc	036b2633	mulhsu	x12,x22,x22	 x22:0x00002627 x22:0x00002627 x12=0x00000000
       16943000	      8371	80000600	9ef6	c.add	x29,x29	 x29:0x0007ffff x29:0x0007ffff x29=0x000ffffe
       16973000	      8386	80000602	0073deb3	srl	x29,x7,x7	  x7:0xf000000e  x7:0xf000000e x29=0x0003c000
       16997000	      8398	80000606	00910d03	lb	x26,9(x2)	  x2:0x8001c803 x26=0x0000000f PA:0x8001c80c store:0x80017a5a
       16999000	      8399	8000060a	00015d97	auipc	x27,0x15	 x27=0x8001560a
       17009000	      8404	8000060e	d8dd8d93	addi	x27,x27,-627	 x27:0x8001560a x27=0x80015397
       17059000	      8429	80000612	04fd8403	lb	x8,79(x27)	 x27:0x80015397  x8=0xffffffe5 PA:0x800153e6 store:0x00000607
       17061000	      8430	80000616	0001c217	auipc	x4,0x1c	  x4=0x8001c616
       17081000	      8440	8000061a	a3720213	addi	x4,x4,-1481	  x4:0x8001c616  x4=0x8001c04d
       17131000	      8465	8000061e	04920023	sb	x9,64(x4)	  x4:0x8001c04d  x9:0x80017a5a PA:0x8001c08d store:0x80017a5a load:0x0000005a
       17139000	      8469	80000622	02320383	lb	x7,35(x4)	  x4:0x8001c04d  x7=0x00000073 PA:0x8001c070 store:0x00000036
       17151000	      8475	80000626	011d8783	lb	x15,17(x27)	 x27:0x80015397 x15=0xffffffab PA:0x800153a8 store:0xffffffe0
       17185000	      8492	8000062a	02720aa3	sb	x7,53(x4)	  x4:0x8001c04d  x7:0x00000073 PA:0x8001c082 store:0x00000073 load:0x00000073
       17221000	      8510	8000062e	07a22ba3	sw	x26,119(x4)	  x4:0x8001c04d x26:0x0000000f PA:0x8001c0c4 store:0x0000000f load:0x0000000f
       17245000	      8522	80000632	05525503	lhu	x10,85(x4)	  x4:0x8001c04d x10=0x0000a0a1 PA:0x8001c0a2 store:0x000000c2
       17267000	      8533	80000636	0abd8d03	lb	x26,171(x27)	 x27:0x80015397 x26=0x00000041 PA:0x80015442 store:0xfffffffc
       17303000	      8551	8000063a	f9ddac03	lw	x24,-99(x27)	 x27:0x80015397 x24=0x34353637 PA:0x80015334 store:0x0003c000
       17315000	      8557	8000063e	06b25a03	lhu	x20,107(x4)	  x4:0x8001c04d x20=0x0000babb PA:0x8001c0b8 store:0xfffffffc
       17339000	      8569	80000642	088dc483	lbu	x9,136(x27)	 x27:0x80015397  x9=0x0000001c PA:0x8001541f store:0xffffffe5
       17361000	      8580	80000646	fc6d8c03	lb	x24,-58(x27)	 x27:0x80015397 x24=0x0000005e PA:0x8001535d store:0x00000000
       17369000	      8584	8000064a	0200016f	jal	x2,8000066a	  x2=0x8000064e
       17409000	      8604	8000066a	01c0026f	jal	x4,80000686	  x4=0x8000066e
       17471000	      8635	80000686	b7c5	c.j	80000666	
       17489000	      8644	80000666	fffff7ef	jal	x15,80000664	 x15=0x8000066a
       17513000	      8656	80000664	2025	c.jal	8000068c	  x1=0x80000666
       17547000	      8673	8000068c	bffd	c.j	8000068a	
       17579000	      8689	8000068a	b7d5	c.j	8000066e	
       17603000	      8701	8000066e	2039	c.jal	8000067c	  x1=0x80000670
       17667000	      8733	8000067c	3ff5	c.jal	80000678	  x1=0x8000067e
       17683000	      8741	80000678	3ff9	c.jal	80000656	  x1=0x8000067a
       17747000	      8773	80000656	2019	c.jal	8000065c	  x1=0x80000658
       17785000	      8792	8000065c	a025	c.j	80000684	
       17811000	      8805	80000684	bfdd	c.j	8000067a	
       17831000	      8815	8000067a	2011	c.jal	8000067e	  x1=0x8000067c
       17895000	      8847	8000067e	bfc9	c.j	80000650	
       17905000	      8852	80000650	2005	c.jal	80000670	  x1=0x80000652
       17957000	      8878	80000670	ff3ff0ef	jal	x1,80000662	  x1=0x80000674
       17969000	      8884	80000662	bff5	c.j	8000065e	
       18009000	      8904	8000065e	2009	c.jal	80000660	  x1=0x80000660
       18061000	      8930	80000660	3fcd	c.jal	80000652	  x1=0x80000662
       18085000	      8942	80000652	bff5	c.j	8000064e	
       18149000	      8974	8000064e	2019	c.jal	80000654	  x1=0x80000650
       18175000	      8987	80000654	a035	c.j	80000680	
       18237000	      9018	80000680	3fe1	c.jal	80000658	  x1=0x80000682
       18261000	      9030	80000658	01c000ef	jal	x1,80000674	  x1=0x8000065c
       18285000	      9042	80000674	00e00d6f	jal	x26,80000682	 x26=0x80000678
       18313000	      9056	80000682	2019	c.jal	80000688	  x1=0x80000684
       18339000	      9069	80000688	a021	c.j	80000690	
       18381000	      9090	80000690	3ffd	c.jal	8000068e	  x1=0x80000692
       18421000	      9110	8000068e	2011	c.jal	80000692	  x1=0x80000690
       18485000	      9142	80000692	0ff0000f	fence	iorwiorwiorw,iorwiorwiorwiorw	
       18495000	      9147	80000696	00018117	auipc	x2,0x18	  x2=0x80018696
       18549000	      9174	8000069a	5be10113	addi	x2,x2,1470	  x2:0x80018696  x2=0x80018c54
       18583000	      9191	8000069e	06b14503	lbu	x10,107(x2)	  x2:0x80018c54 x10=0x000000bc PA:0x80018cbf store:0xfffffffc
       18585000	      9192	800006a2	012acab3	xor	x21,x21,x18	 x21:0x000000c2 x18:0x80016636 x21=0x800166f4
       18587000	      9193	800006a6	0906	c.slli	x18,0x1	 x18:0x80016636 x18=0x0002cc6c
       18593000	      9196	800006a8	027505b3	mul	x11,x10,x7	 x10:0x000000bc  x7:0x00000073 x11=0x00005474
       18623000	      9211	800006ac	8d4d	c.or	x10,x11	 x10:0x000000bc x11:0x00005474 x10=0x000054fc
       18639000	      9219	800006ae	01a3bd33	sltu	x26,x7,x26	  x7:0x00000073 x26:0x80000678 x26=0x00000001
       18671000	      9235	800006b2	dad6	c.swsp	x21,116(x2)	  x2:0x80018c54 x21:0x800166f4 PA:0x80018cc8 store:0x800166f4 load:0x800166f4
       18673000	      9236	800006b4	ec590913	addi	x18,x18,-315	 x18:0x0002cc6c x18=0x0002cb31
       18729000	      9264	800006b8	0c910903	lb	x18,201(x2)	  x2:0x80018c54 x18=0x0000001e PA:0x80018d1d store:0x0000001c
       18731000	      9265	800006bc	340d33f3	csrrc	x7,mscratch,x26	 x26:0x00000001  x7=0x0007ffff
       18733000	      9266	800006c0	edc5a513	slti	x10,x11,-292	 x11:0x00005474 x10=0x00000000
       18757000	      9278	800006c4	fec15d03	lhu	x26,-20(x2)	  x2:0x80018c54 x26=0x00004243 PA:0x80018c40 store:0x00000000
       18759000	      9279	800006c8	859e	c.mv	x11,x7	  x0:0x00000000  x7:0x0007ffff x11=0x0007ffff
       18761000	      9280	800006ca	8525	c.srai	x10,0x9	 x10:0x00000000 x10=0x00000000
       18835000	      9317	800006cc	03555ab3	divu	x21,x10,x21	 x10:0x00000000 x21:0x800166f4 x21=0x00000000
       18873000	      9336	800006d0	f2015583	lhu	x11,-224(x2)	  x2:0x80018c54 x11=0x00007677 PA:0x80018b74 store:0x00000000
       18875000	      9337	800006d4	81a1	c.srli	x11,0x8	 x11:0x00007677 x11=0x00000076
       18877000	      9338	800006d6	72253517	auipc	x10,0x72253	 x10=0xf22536d6
       18879000	      9339	800006da	407d0533	sub	x10,x26,x7	 x26:0x00004243  x7:0x0007ffff x10=0xfff84244
       18881000	      9340	800006de	9aae	c.add	x21,x11	 x21:0x00000000 x11:0x00000076 x21=0x00000076
       18887000	      9343	800006e0	81d9	c.srli	x11,0x16	 x11:0x00000076 x11=0x00000000
       18911000	      9355	800006e2	02bafd33	remu	x26,x21,x11	 x21:0x00000076 x11:0x00000000 x26=0x00000076
       18913000	      9356	800006e6	0001	c.addi	x0,0	  x0:0x00000000  x0=0x00000000
       18943000	      9371	800006e8	03b10a83	lb	x21,59(x2)	  x2:0x80018c54 x21=0xffffff8c PA:0x80018c8f store:0x80015397
       18945000	      9372	800006ec	0001	c.addi	x0,0	  x0:0x00000000  x0=0x00000000
       18967000	      9383	800006ee	faa11383	lh	x7,-86(x2)	  x2:0x80018c54  x7=0xfffffcfd PA:0x80018bfe store:0xfff84244
       18991000	      9395	800006f2	4a86	c.lwsp	x21,64(x2)	  x2:0x80018c54 x21=0x94959697 PA:0x80018c94 store:0x00000000
       19007000	      9403	800006f4	f3e15383	lhu	x7,-194(x2)	  x2:0x80018c54  x7=0x00009091 PA:0x80018b92 store:0x18191a1b
       19009000	      9404	800006f8	405ad393	srai	x7,x21,0x5	 x21:0x94959697  x7=0xfca4acb4
       19017000	      9408	800006fc	035aa3b3	mulhsu	x7,x21,x21	 x21:0x94959697 x21:0x94959697  x7=0xc1a7b6f0
       19051000	      9425	80000700	fd510d03	lb	x26,-43(x2)	  x2:0x80018c54 x26=0x0000002a PA:0x80018c29 store:0x94959697
       19061000	      9430	80000704	3f93aa93	slti	x21,x7,1017	  x7:0xc1a7b6f0 x21=0x00000001
       19077000	      9438	80000708	f0910903	lb	x18,-247(x2)	  x2:0x80018c54 x18=0x0000005e PA:0x80018b5d store:0x0000001c
       19089000	      9444	8000070c	320d6393	ori	x7,x26,800	 x26:0x0000002a  x7=0x0000032a
       19097000	      9448	80000710	03291ab3	mulh	x21,x18,x18	 x18:0x0000005e x18:0x0000005e x21=0x00000000
       19171000	      9485	80000714	f5f14583	lbu	x11,-161(x2)	  x2:0x80018c54 x11=0x000000b0 PA:0x80018bb3 store:0x1c1d1e1f
       19175000	      9487	80000718	f5a15d03	lhu	x26,-166(x2)	  x2:0x80018c54 x26=0x0000acad PA:0x80018bae store:0x0000002a
       19177000	      9488	8000071c	340df3f3	csrrci	x7,mscratch,27	  x7=0x0007fffe
       19191000	      9495	80000720	fe712e23	sw	x7,-4(x2)	  x2:0x80018c54  x7:0x0007fffe PA:0x80018c50 store:0x0007fffe load:0x0007fffe
       19219000	      9509	80000724	f6d14583	lbu	x11,-147(x2)	  x2:0x80018c54 x11=0x000000c2 PA:0x80018bc1 store:0xffffffd0
       19293000	      9546	80000728	0273e5b3	rem	x11,x7,x7	  x7:0x0007fffe  x7:0x0007fffe x11=0x00000000
       19335000	      9567	8000072c	d4ea	c.swsp	x26,104(x2)	  x2:0x80018c54 x26:0x0000acad PA:0x80018cbc store:0x0000acad load:0x0000acad
       19359000	      9579	8000072e	5506	c.lwsp	x10,96(x2)	  x2:0x80018c54 x10=0xb4b5b6b7 PA:0x80018cb4 store:0x00000000
       19423000	      9611	80000730	4a86	c.lwsp	x21,64(x2)	  x2:0x80018c54 x21=0x94959697 PA:0x80018c94 store:0x00000000
       19425000	      9612	80000732	00016597	auipc	x11,0x16	 x11=0x80016732
       19429000	      9614	80000736	89a58593	addi	x11,x11,-1894	 x11:0x80016732 x11=0x80015fcc
       19455000	      9627	8000073a	0001c917	auipc	x18,0x1c	 x18=0x8001c73a
       19491000	      9645	8000073e	aa290913	addi	x18,x18,-1374	 x18:0x8001c73a x18=0x8001c1dc
       19495000	      9647	80000742	00019117	auipc	x2,0x19	  x2=0x80019742
       19517000	      9658	80000746	67f10113	addi	x2,x2,1663	  x2:0x80019742  x2=0x80019dc1
       19567000	      9683	8000074a	017900a3	sb	x23,1(x18)	 x18:0x8001c1dc x23:0x00000063 PA:0x8001c1dd store:0x00000063 load:0x00000063
       19611000	      9705	8000074e	ace10d83	lb	x27,-1330(x2)	  x2:0x80019dc1 x27=0xffffff8c PA:0x8001988f store:0x800180cb
       19615000	      9707	80000752	02359323	sh	x3,38(x11)	 x11:0x80015fcc  x3:0x00000036 PA:0x80015ff2 store:0x00000036 load:0x00000036
       19681000	      9740	80000756	175125a3	sw	x21,363(x2)	  x2:0x80019dc1 x21:0x94959697 PA:0x80019f2c store:0x94959697 load:0x94959697
       19689000	      9744	8000075a	ff894703	lbu	x14,-8(x18)	 x18:0x8001c1dc x14=0x000000d7 PA:0x8001c1d4 store:0x0000005e
       19711000	      9755	8000075e	d9911c83	lh	x25,-615(x2)	  x2:0x80019dc1 x25=0x00005859 PA:0x80019b5a store:0x00003c3d
       19753000	      9776	80000762	00190703	lb	x14,1(x18)	 x18:0x8001c1dc x14=0x00000063 PA:0x8001c1dd store:0x80000690
       19779000	      9789	80000766	fc090803	lb	x16,-64(x18)	 x18:0x8001c1dc x16=0xffffff9f PA:0x8001c19c store:0x00000000
       19783000	      9791	8000076a	0265df83	lhu	x31,38(x11)	 x11:0x80015fcc x31=0x00000036 PA:0x80015ff2 store:0x00000000
       19823000	      9811	8000076e	01b90f83	lb	x31,27(x18)	 x18:0x8001c1dc x31=0xfffffff4 PA:0x8001c1f7 store:0xffffff8c
       19885000	      9842	80000772	ff1907a3	sb	x17,-17(x18)	 x18:0x8001c1dc x17:0xffffffe0 PA:0x8001c1cb store:0xffffffe0 load:0x000000e0
       19909000	      9854	80000776	fff5ae23	sw	x31,-4(x11)	 x11:0x80015fcc x31:0xfffffff4 PA:0x80015fc8 store:0xfffffff4 load:0xfffffff4
       19969000	      9884	8000077a	ceb129a3	sw	x11,-781(x2)	  x2:0x80019dc1 x11:0x80015fcc PA:0x80019ab4 store:0x80015fcc load:0x80015fcc
       19977000	      9888	8000077e	ffc90523	sb	x28,-22(x18)	 x18:0x8001c1dc x28:0xa4a5a6a7 PA:0x8001c1c6 store:0xa4a5a6a7 load:0x000000a7
       19985000	      9892	80000782	e7712b03	lw	x22,-393(x2)	  x2:0x80019dc1 x22=0x38393a3b PA:0x80019c38 store:0x00000063
       20031000	      9915	80000786	fed5c783	lbu	x15,-19(x11)	 x11:0x80015fcc x15=0x000000ba PA:0x80015fb9 store:0xffffffd0
       20051000	      9925	8000078a	02558c03	lb	x24,37(x11)	 x11:0x80015fcc x24=0xfffffff2 PA:0x80015ff1 store:0x80022e1c
       20075000	      9937	8000078e	00695083	lhu	x1,6(x18)	 x18:0x8001c1dc  x1=0x0000e0e1 PA:0x8001c1e2 store:0x00000000
       20105000	      9952	80000792	ff190403	lb	x8,-15(x18)	 x18:0x8001c1dc  x8=0xffffffce PA:0x8001c1cd store:0xffffffe0
       20163000	      9981	80000796	ffb59523	sh	x27,-22(x11)	 x11:0x80015fcc x27:0xffffff8c PA:0x80015fb6 store:0xffffff8c load:0x0000ff8c
       20165000	      9982	8000079a	00015b17	auipc	x22,0x15	 x22=0x8001579a
       20167000	      9983	8000079e	1a3b0b13	addi	x22,x22,419	 x22:0x8001579a x22=0x8001593d
       20189000	      9994	800007a2	0001bf97	auipc	x31,0x1b	 x31=0x8001b7a2
       20203000	     10001	800007a6	c3af8f93	addi	x31,x31,-966	 x31:0x8001b7a2 x31=0x8001b3dc
       20237000	     10018	800007aa	071b4e83	lbu	x29,113(x22)	 x22:0x8001593d x29=0x000000ad PA:0x800159ae store:0xffffffe0
       20287000	     10043	800007ae	46cb2da3	sw	x12,1147(x22)	 x22:0x8001593d x12:0x00000000 PA:0x80015db8 store:0x00000000 load:0x00000000
       20319000	     10059	800007b2	01ff9423	sh	x31,8(x31)	 x31:0x8001b3dc x31:0x8001b3dc PA:0x8001b3e4 store:0x8001b3dc load:0x0000b3dc
       20363000	     10081	800007b6	c28b0503	lb	x10,-984(x22)	 x22:0x8001593d x10=0x00000066 PA:0x80015565 store:0xffffffce
       20387000	     10093	800007ba	017f9023	sh	x23,0(x31)	 x31:0x8001b3dc x23:0x00000063 PA:0x8001b3dc store:0x00000063 load:0x00000063
       20403000	     10101	800007be	a55b5b83	lhu	x23,-1451(x22)	 x22:0x8001593d x23=0x00009091 PA:0x80015392 store:0x94959697
       20407000	     10103	800007c2	fd5f8a83	lb	x21,-43(x31)	 x31:0x8001b3dc x21=0xffffffb2 PA:0x8001b3b1 store:0x94959697
       20431000	     10115	800007c6	871b19a3	sh	x17,-1933(x22)	 x22:0x8001593d x17:0xffffffe0 PA:0x800151b0 store:0xffffffe0 load:0x0000ffe0
       20433000	     10116	800007ca	0001d217	auipc	x4,0x1d	  x4=0x8001d7ca
       20471000	     10135	800007ce	a2f20213	addi	x4,x4,-1489	  x4:0x8001d7ca  x4=0x8001d1f9
       20495000	     10147	800007d2	fc0fa903	lw	x18,-64(x31)	 x31:0x8001b3dc x18=0x9c9d9e9f PA:0x8001b39c store:0x00000000
       20545000	     10172	800007d6	002fd903	lhu	x18,2(x31)	 x31:0x8001b3dc x18=0x0000dcdd PA:0x8001b3de store:0x80019dc1
       20627000	     10213	800007da	024fab83	lw	x23,36(x31)	 x31:0x8001b3dc x23=0x00010203 PA:0x8001b400 store:0x8001d1f9
       20651000	     10225	800007de	1e4b13a3	sh	x4,487(x22)	 x22:0x8001593d  x4:0x8001d1f9 PA:0x80015b24 store:0x8001d1f9 load:0x0000d1f9
       20659000	     10229	800007e2	fd921aa3	sh	x25,-43(x4)	  x4:0x8001d1f9 x25:0x00005859 PA:0x8001d1ce store:0x00005859 load:0x00005859
       20729000	     10264	800007e6	016f9c03	lh	x24,22(x31)	 x31:0x8001b3dc x24=0xfffff0f1 PA:0x8001b3f2 store:0x8001593d
       20753000	     10276	800007ea	fe6f9423	sh	x6,-24(x31)	 x31:0x8001b3dc  x6:0x00000000 PA:0x8001b3c4 store:0x00000000 load:0x00000000
       20775000	     10287	800007ee	f7d20023	sb	x29,-160(x4)	  x4:0x8001d1f9 x29:0x000000ad PA:0x8001d159 store:0x000000ad load:0x000000ad
       20791000	     10295	800007f2	fca24883	lbu	x17,-54(x4)	  x4:0x8001d1f9 x17=0x000000c0 PA:0x8001d1c3 store:0x00000066
       20817000	     10308	800007f6	fedf8d23	sb	x13,-6(x31)	 x31:0x8001b3dc x13:0xffffffd0 PA:0x8001b3d6 store:0xffffffd0 load:0x000000d0
       20881000	     10340	800007fa	fd420c03	lb	x24,-44(x4)	  x4:0x8001d1f9 x24=0xffffffce PA:0x8001d1cd store:0x0000babb
       20907000	     10353	800007fe	9bab03a3	sb	x26,-1625(x22)	 x22:0x8001593d x26:0x0000acad PA:0x800152e4 store:0x0000acad load:0x000000ad
       20951000	     10375	80000802	515b4a03	lbu	x20,1301(x22)	 x22:0x8001593d x20=0x00000051 PA:0x80015e52 store:0xffffffb2
       21001000	     10400	80000806	f6925e83	lhu	x29,-151(x4)	  x4:0x8001d1f9 x29=0x00006061 PA:0x8001d162 store:0x0000001c
       21025000	     10412	8000080a	f1b214a3	sh	x27,-247(x4)	  x4:0x8001d1f9 x27:0xffffff8c PA:0x8001d102 store:0xffffff8c load:0x0000ff8c
       21033000	     10416	8000080e	ff020a03	lb	x20,-16(x4)	  x4:0x8001d1f9 x20=0xffffffea PA:0x8001d1e9 store:0xffffff9f
       21037000	     10418	80000812	00015697	auipc	x13,0x15	 x13=0x80015812
       21039000	     10419	80000816	f7268693	addi	x13,x13,-142	 x13:0x80015812 x13=0x80015784
       21067000	     10433	8000081a	0016cb03	lbu	x22,1(x13)	 x13:0x80015784 x22=0x00000086 PA:0x80015785 store:0x0000e0e1
       21099000	     10449	8000081e	ff06a203	lw	x4,-16(x13)	 x13:0x80015784  x4=0x74757677 PA:0x80015774 store:0xffffff9f
       21107000	     10453	80000822	038d2eb3	mulhsu	x29,x26,x24	 x26:0x0000acad x24:0xffffffce x29=0x0000acac
       21159000	     10479	80000826	fef68aa3	sb	x15,-11(x13)	 x13:0x80015784 x15:0x000000ba PA:0x80015779 store:0x000000ba load:0x000000ba
       21187000	     10493	8000082a	0066cc03	lbu	x24,6(x13)	 x13:0x80015784 x24=0x00000089 PA:0x8001578a store:0x00000000
       21217000	     10508	8000082e	ffb68803	lb	x16,-5(x13)	 x13:0x80015784 x16=0x0000007c PA:0x8001577f store:0xffffff8c
       21233000	     10516	80000832	0096c483	lbu	x9,9(x13)	 x13:0x80015784  x9=0x0000008e PA:0x8001578d store:0x0000001c
       21235000	     10517	80000836	818d	c.srli	x11,0x3	 x11:0x80015fcc x11=0x10002bf9
       21243000	     10521	80000838	0333b133	mulhu	x2,x7,x19	  x7:0x0007fffe x19:0x80026e7c  x2=0x00040012
       21319000	     10559	8000083c	ffa6db03	lhu	x22,-6(x13)	 x13:0x80015784 x22=0x00007c7d PA:0x8001577e store:0x0000acad
       21321000	     10560	80000840	1a77f413	andi	x8,x15,423	 x15:0x000000ba  x8=0x000000a2
       21345000	     10572	80000844	0066da03	lhu	x20,6(x13)	 x13:0x80015784 x20=0x00008889 PA:0x8001578a store:0x00000000
       21369000	     10584	80000848	00568d83	lb	x27,5(x13)	 x13:0x80015784 x27=0xffffff8a PA:0x80015789 store:0x80022e1c
       21371000	     10585	8000084c	340edaf3	csrrwi	x21,mscratch,29	 x21=0x0007ffe4
       21383000	     10591	80000850	0076a623	sw	x7,12(x13)	 x13:0x80015784  x7:0x0007fffe PA:0x80015790 store:0x0007fffe load:0x0007fffe
       21385000	     10592	80000854	01b3feb3	and	x29,x7,x27	  x7:0x0007fffe x27:0xffffff8a x29=0x0007ff8a
       21407000	     10603	80000858	ff66c883	lbu	x17,-10(x13)	 x13:0x80015784 x17=0x00000079 PA:0x8001577a store:0x00007c7d
       21451000	     10625	8000085c	fe8689a3	sb	x8,-13(x13)	 x13:0x80015784  x8:0x000000a2 PA:0x80015777 store:0x000000a2 load:0x000000a2
       21463000	     10631	80000860	007687a3	sb	x7,15(x13)	 x13:0x80015784  x7:0x0007fffe PA:0x80015793 store:0x0007fffe load:0x000000fe
       21495000	     10647	80000864	ff56c383	lbu	x7,-11(x13)	 x13:0x80015784  x7=0x000000ba PA:0x80015779 store:0x0007ffe4
       21497000	     10648	80000868	41ce9c37	lui	x24,0x41ce9	 x24=0x41ce9000
       21517000	     10658	8000086c	340d3f73	csrrc	x30,mscratch,x26	 x26:0x0000acad x30=0x0000001d
       21545000	     10672	80000870	ffe6db83	lhu	x23,-2(x13)	 x13:0x80015784 x23=0x00008081 PA:0x80015782 store:0x0000001d
       21549000	     10674	80000874	42c0	c.lw	x8,4(x13)	 x13:0x80015784  x8=0x88898a8b PA:0x80015788 store:0x74757677
       21571000	     10685	80000876	41bd8933	sub	x18,x27,x27	 x27:0xffffff8a x27:0xffffff8a x18=0x00000000
       21607000	     10703	8000087a	ff16cc83	lbu	x25,-15(x13)	 x13:0x80015784 x25=0x00000076 PA:0x80015775 store:0x00000079
       21631000	     10715	8000087e	00e69183	lh	x3,14(x13)	 x13:0x80015784  x3=0xfffffe07 PA:0x80015792 store:0x00000063
       21635000	     10717	80000882	fed68ba3	sb	x13,-9(x13)	 x13:0x80015784 x13:0x80015784 PA:0x8001577b store:0x80015784 load:0x00000084
       21739000	     10769	80000886	00a6d203	lhu	x4,10(x13)	 x13:0x80015784  x4=0x00008c8d PA:0x8001578e store:0x00000066
       21741000	     10770	8000088a	008134b3	sltu	x9,x2,x8	  x2:0x00040012  x8:0x88898a8b  x9=0x00000001
       21747000	     10773	8000088e	00a3ba33	sltu	x20,x7,x10	  x7:0x000000ba x10:0x00000066 x20=0x00000000
       21763000	     10781	80000892	ff46aa23	sw	x20,-12(x13)	 x13:0x80015784 x20:0x00000000 PA:0x80015778 store:0x00000000 load:0x00000000
       21795000	     10797	80000896	ff66dc83	lhu	x25,-10(x13)	 x13:0x80015784 x25=0x00000000 PA:0x8001577a store:0x00007c7d
       21845000	     10822	8000089a	ff168603	lb	x12,-15(x13)	 x13:0x80015784 x12=0x00000076 PA:0x80015775 store:0x00000079
       21847000	     10823	8000089e	8c6d	c.and	x8,x11	  x8:0x88898a8b x11:0x10002bf9  x8=0x00000a89
       21889000	     10844	800008a0	007683a3	sb	x7,7(x13)	 x13:0x80015784  x7:0x000000ba PA:0x8001578b store:0x000000ba load:0x000000ba
       21899000	     10849	800008a4	ff368603	lb	x12,-13(x13)	 x13:0x80015784 x12=0xffffffa2 PA:0x80015777 store:0x80026e7c
       21901000	     10850	800008a8	01d68bb3	add	x23,x13,x29	 x13:0x80015784 x29:0x0007ff8a x23=0x8009570e
       21921000	     10860	800008ac	8e05	c.sub	x12,x9	 x12:0xffffffa2  x9:0x00000001 x12=0xffffffa1
       21973000	     10886	800008ae	0066dd83	lhu	x27,6(x13)	 x13:0x80015784 x27=0x0000ba89 PA:0x8001578a store:0x00000000
       21987000	     10893	800008b2	00f6c483	lbu	x9,15(x13)	 x13:0x80015784  x9=0x000000fe PA:0x80015793 store:0x000000ba
       21995000	     10897	800008b6	00015b17	auipc	x22,0x15	 x22=0x800158b6
       22027000	     10913	800008ba	cb6b0b13	addi	x22,x22,-842	 x22:0x800158b6 x22=0x8001556c
       22061000	     10930	800008be	fffb0603	lb	x12,-1(x22)	 x22:0x8001556c x12=0x00000068 PA:0x8001556b store:0x8001b3dc
       22063000	     10931	800008c2	00015417	auipc	x8,0x15	  x8=0x800158c2
       22065000	     10932	800008c6	9f940413	addi	x8,x8,-1543	  x8:0x800158c2  x8=0x800152bb
       22123000	     10961	800008ca	fe2b5e83	lhu	x29,-30(x22)	 x22:0x8001556c x29=0x00004c4d PA:0x8001554e store:0x00040012
       22141000	     10970	800008ce	03fb0c03	lb	x24,63(x22)	 x22:0x8001556c x24=0xffffffa8 PA:0x800155ab store:0x8001b3dc
       22145000	     10972	800008d2	03740583	lb	x11,55(x8)	  x8:0x800152bb x11=0xfffffff1 PA:0x800152f2 store:0x8009570e
       22189000	     10994	800008d6	0ea44503	lbu	x10,234(x8)	  x8:0x800152bb x10=0x000000a6 PA:0x800153a5 store:0x00000066
       22219000	     11009	800008da	01cb4a83	lbu	x21,28(x22)	 x22:0x8001556c x21=0x0000008b PA:0x80015588 store:0xa4a5a6a7
       22267000	     11033	800008de	07c417a3	sh	x28,111(x8)	  x8:0x800152bb x28:0xa4a5a6a7 PA:0x8001532a store:0xa4a5a6a7 load:0x0000a6a7
       22281000	     11040	800008e2	fc8b0ea3	sb	x8,-35(x22)	 x22:0x8001556c  x8:0x800152bb PA:0x80015549 store:0x800152bb load:0x000000bb
       22285000	     11042	800008e6	01b41ca3	sh	x27,25(x8)	  x8:0x800152bb x27:0x0000ba89 PA:0x800152d4 store:0x0000ba89 load:0x0000ba89
       22333000	     11066	800008ea	01cb1d83	lh	x27,28(x22)	 x22:0x8001556c x27=0xffff8a8b PA:0x80015588 store:0xa4a5a6a7
       22337000	     11068	800008ee	fc2b0c83	lb	x25,-62(x22)	 x22:0x8001556c x25=0x0000002d PA:0x8001552e store:0x00040012
       22375000	     11087	800008f2	ffab5703	lhu	x14,-6(x22)	 x22:0x8001556c x14=0x00006465 PA:0x80015566 store:0x0000acad
       22431000	     11115	800008f6	03e409a3	sb	x30,51(x8)	  x8:0x800152bb x30:0x0000001d PA:0x800152ee store:0x0000001d load:0x0000001d
       22433000	     11116	800008fa	0001b517	auipc	x10,0x1b	 x10=0x8001b8fa
       22485000	     11142	800008fe	77750513	addi	x10,x10,1911	 x10:0x8001b8fa x10=0x8001c071
       22527000	     11163	80000902	340f2b73	csrrs	x22,mscratch,x30	 x30:0x0000001d x22=0x00000010
       22591000	     11195	80000906	01d50e23	sb	x29,28(x10)	 x10:0x8001c071 x29:0x00004c4d PA:0x8001c08d store:0x00004c4d load:0x0000004d
       22611000	     11205	8000090a	fc151f83	lh	x31,-63(x10)	 x10:0x8001c071 x31=0x00003031 PA:0x8001c032 store:0x0000e0e1
       22613000	     11206	8000090e	178ff713	andi	x14,x31,376	 x31:0x00003031 x14=0x00000030
       22623000	     11211	80000912	00752f83	lw	x31,7(x10)	 x10:0x8001c071 x31=0x78797a7b PA:0x8001c078 store:0x000000ba
       22625000	     11212	80000916	40afdb13	srai	x22,x31,0xa	 x31:0x78797a7b x22=0x001e1e5e
       22649000	     11224	8000091a	019edb13	srli	x22,x29,0x19	 x29:0x00004c4d x22=0x00000000
       22661000	     11230	8000091e	010b5713	srli	x14,x22,0x10	 x22:0x00000000 x14=0x00000000
       22663000	     11231	80000922	8f59	c.or	x14,x14	 x14:0x00000000 x14:0x00000000 x14=0x00000000
       22697000	     11248	80000924	01150e83	lb	x29,17(x10)	 x10:0x8001c071 x29=0x00000073 PA:0x8001c082 store:0x00000079
       22747000	     11273	80000928	fee504a3	sb	x14,-23(x10)	 x10:0x8001c071 x14:0x00000000 PA:0x8001c05a store:0x00000000 load:0x00000000
       22749000	     11274	8000092c	0f3a	c.slli	x30,0xe	 x30:0x0000001d x30=0x00074000
       22773000	     11286	8000092e	fca50b03	lb	x22,-54(x10)	 x10:0x8001c071 x22=0x00000038 PA:0x8001c03b store:0x8001c071
       22777000	     11288	80000932	01854f03	lbu	x30,24(x10)	 x10:0x8001c071 x30=0x0000008a PA:0x8001c089 store:0xffffffa8
       22779000	     11289	80000936	0b6e	c.slli	x22,0x1b	 x22:0x00000038 x22=0xc0000000
       22819000	     11309	80000938	fef54e83	lbu	x29,-17(x10)	 x10:0x8001c071 x29=0x00000063 PA:0x8001c060 store:0x000000ba
       22843000	     11321	8000093c	03e50323	sb	x30,38(x10)	 x10:0x8001c071 x30:0x0000008a PA:0x8001c097 store:0x0000008a load:0x0000008a
       22845000	     11322	80000940	340eaef3	csrrs	x29,mscratch,x29	 x29:0x00000063 x29=0x0000001d
       22857000	     11328	80000944	fff527a3	sw	x31,-17(x10)	 x10:0x8001c071 x31:0x78797a7b PA:0x8001c060 store:0x78797a7b load:0x78797a7b
       22859000	     11329	80000948	8efe	c.mv	x29,x31	  x0:0x00000000 x31:0x78797a7b x29=0x78797a7b
       22907000	     11353	8000094a	02650f03	lb	x30,38(x10)	 x10:0x8001c071 x30=0xffffff8a PA:0x8001c097 store:0x00000000
       22923000	     11361	8000094e	0ff0000f	fence	iorwiorwiorwiorwiorw,iorwiorwiorwiorwiorwiorw	
       22937000	     11368	80000952	3408bf73	csrrc	x30,mscratch,x17	 x17:0x00000079 x30=0x0000007f
       22939000	     11369	80000956	01eb6f33	or	x30,x22,x30	 x22:0xc0000000 x30:0x0000007f x30=0xc000007f
       22987000	     11393	8000095a	c87b2b13	slti	x22,x22,-889	 x22:0xc0000000 x22=0x00000001
       23023000	     11411	8000095e	00f54b03	lbu	x22,15(x10)	 x10:0x8001c071 x22=0x00000083 PA:0x8001c080 store:0x000000ba
       23045000	     11422	80000962	ff250b03	lb	x22,-14(x10)	 x10:0x8001c071 x22=0x00000078 PA:0x8001c063 store:0x00000000
       23101000	     11450	80000966	fc554f03	lbu	x30,-59(x10)	 x10:0x8001c071 x30=0x00000035 PA:0x8001c036 store:0x80022e1c
       23145000	     11472	8000096a	01550f03	lb	x30,21(x10)	 x10:0x8001c071 x30=0xffffff85 PA:0x8001c086 store:0x0000008b
       23147000	     11473	8000096e	877d	c.srai	x14,0x1f	 x14:0x00000000 x14=0x00000000
       23185000	     11492	80000970	02150e83	lb	x29,33(x10)	 x10:0x8001c071 x29=0xffffff91 PA:0x8001c092 store:0x0000e0e1
       23227000	     11513	80000974	fdc54f03	lbu	x30,-36(x10)	 x10:0x8001c071 x30=0x0000004e PA:0x8001c04d store:0xa4a5a6a7
       23229000	     11514	80000978	41ef5f33	sra	x30,x30,x30	 x30:0x0000004e x30:0x0000004e x30=0x00000000
       23247000	     11523	8000097c	fd054e83	lbu	x29,-48(x10)	 x10:0x8001c071 x29=0x00000042 PA:0x8001c041 store:0x0000007c
       23249000	     11524	80000980	ff600713	addi	x14,x0,-10	  x0:0x00000000 x14=0xfffffff6
       23287000	     11543	80000984	fec00793	addi	x15,x0,-20	  x0:0x00000000 x15=0xffffffec
       23361000	     11580	80000988	02f36cb3	rem	x25,x6,x15	  x6:0x00000000 x15:0xffffffec x25=0x00000000
       23363000	     11581	8000098c	1759	c.addi	x14,-10	 x14:0xfffffff6 x14=0xffffffec
       23365000	     11582	8000098e	ffb00f13	addi	x30,x0,-5	  x0:0x00000000 x30=0xfffffffb
       23367000	     11583	80000992	00b00d93	addi	x27,x0,11	  x0:0x00000000 x27=0x0000000b
       23369000	     11584	80000996	93d2	c.add	x7,x20	  x7:0x000000ba x20:0x00000000  x7=0x000000ba
       23401000	     11600	80000998	0f15	c.addi	x30,5	 x30:0xfffffffb x30=0x00000000
       23409000	     11604	8000099a	ffbf6ee3	bltu	x30,x27,80000996	 x30:0x00000000 x27:0x0000000b  x0=0x00000000
       23441000	     11620	80000996	93d2	c.add	x7,x20	  x7:0x000000ba x20:0x00000000  x7=0x000000ba
       23443000	     11621	80000998	0f15	c.addi	x30,5	 x30:0x00000000 x30=0x00000005
       23479000	     11639	8000099a	ffbf6ee3	bltu	x30,x27,80000996	 x30:0x00000005 x27:0x0000000b  x0=0x00000000
       23523000	     11661	80000996	93d2	c.add	x7,x20	  x7:0x000000ba x20:0x00000000  x7=0x000000ba
       23545000	     11672	80000998	0f15	c.addi	x30,5	 x30:0x00000005 x30=0x0000000a
       23565000	     11682	8000099a	ffbf6ee3	bltu	x30,x27,80000996	 x30:0x0000000a x27:0x0000000b  x0=0x00000000
       23603000	     11701	80000996	93d2	c.add	x7,x20	  x7:0x000000ba x20:0x00000000  x7=0x000000ba
       23613000	     11706	80000998	0f15	c.addi	x30,5	 x30:0x0000000a x30=0x0000000f
       23675000	     11737	8000099a	ffbf6ee3	bltu	x30,x27,80000996	 x30:0x0000000f x27:0x0000000b  x0=0x00000000
       23679000	     11739	8000099e	fef705e3	beq	x14,x15,80000988	 x14:0xffffffec x15:0xffffffec  x0=0x00000000
       23777000	     11788	80000988	02f36cb3	rem	x25,x6,x15	  x6:0x00000000 x15:0xffffffec x25=0x00000000
       23779000	     11789	8000098c	1759	c.addi	x14,-10	 x14:0xffffffec x14=0xffffffe2
       23781000	     11790	8000098e	ffb00f13	addi	x30,x0,-5	  x0:0x00000000 x30=0xfffffffb
       23783000	     11791	80000992	00b00d93	addi	x27,x0,11	  x0:0x00000000 x27=0x0000000b
       23785000	     11792	80000996	93d2	c.add	x7,x20	  x7:0x000000ba x20:0x00000000  x7=0x000000ba
       23845000	     11822	80000998	0f15	c.addi	x30,5	 x30:0xfffffffb x30=0x00000000
       23889000	     11844	8000099a	ffbf6ee3	bltu	x30,x27,80000996	 x30:0x00000000 x27:0x0000000b  x0=0x00000000
       23963000	     11881	80000996	93d2	c.add	x7,x20	  x7:0x000000ba x20:0x00000000  x7=0x000000ba
       23973000	     11886	80000998	0f15	c.addi	x30,5	 x30:0x00000000 x30=0x00000005
       23989000	     11894	8000099a	ffbf6ee3	bltu	x30,x27,80000996	 x30:0x00000005 x27:0x0000000b  x0=0x00000000
       24023000	     11911	80000996	93d2	c.add	x7,x20	  x7:0x000000ba x20:0x00000000  x7=0x000000ba
       24025000	     11912	80000998	0f15	c.addi	x30,5	 x30:0x00000005 x30=0x0000000a
       24075000	     11937	8000099a	ffbf6ee3	bltu	x30,x27,80000996	 x30:0x0000000a x27:0x0000000b  x0=0x00000000
       24139000	     11969	80000996	93d2	c.add	x7,x20	  x7:0x000000ba x20:0x00000000  x7=0x000000ba
       24141000	     11970	80000998	0f15	c.addi	x30,5	 x30:0x0000000a x30=0x0000000f
       24157000	     11978	8000099a	ffbf6ee3	bltu	x30,x27,80000996	 x30:0x0000000f x27:0x0000000b  x0=0x00000000
       24161000	     11980	8000099e	fef705e3	beq	x14,x15,80000988	 x14:0xffffffe2 x15:0xffffffec  x0=0x00000000
       24203000	     12001	800009a2	340d6af3	csrrsi	x21,mscratch,26	 x21=0x00000006
       24205000	     12002	800009a6	340d1f73	csrrw	x30,mscratch,x26	 x26:0x0000acad x30=0x0000001e
       24207000	     12003	800009aa	0ff0000f	fence	iorwiorwiorwiorwiorwiorwiorw,iorwiorwiorwiorwiorwiorwiorwiorw	
       24209000	     12004	800009ae	8a75	c.andi	x12,29	 x12:0x00000068 x12=0x00000008
       24211000	     12005	800009b0	8059	c.srli	x8,0x16	  x8:0x800152bb  x8=0x00000200
       24219000	     12009	800009b2	00bb61b3	or	x3,x22,x11	 x22:0x00000078 x11:0xfffffff1  x3=0xfffffff9
       24235000	     12017	800009b6	41195733	sra	x14,x18,x17	 x18:0x00000000 x17:0x00000079 x14=0x00000000
       24241000	     12020	800009ba	005dd513	srli	x10,x27,0x5	 x27:0x0000000b x10=0x00000000
       24293000	     12046	800009be	00219d33	sll	x26,x3,x2	  x3:0xfffffff9  x2:0x00040012 x26=0xffe40000
       24313000	     12056	800009c2	124f4213	xori	x4,x30,292	 x30:0x0000001e  x4=0x0000013a
       24315000	     12057	800009c6	016ad663	bge	x21,x22,800009d2	 x21:0x00000006 x22:0x00000078  x0=0x00000000
       24321000	     12060	800009ca	cc3c2a13	slti	x20,x24,-829	 x24:0xffffffa8 x20=0x00000000
       24323000	     12061	800009ce	0001	c.addi	x0,0	  x0:0x00000000  x0=0x00000000
       24357000	     12078	800009d0	0a3d	c.addi	x20,15	 x20:0x00000000 x20=0x0000000f
       24369000	     12084	800009d2	015687b3	add	x15,x13,x21	 x13:0x80015784 x21:0x00000006 x15=0x8001578a
       24371000	     12085	800009d6	978a	c.add	x15,x2	 x15:0x8001578a  x2:0x00040012 x15=0x8005579c
       24389000	     12094	800009d8	c481	c.beqz	x9,800009e0	  x9:0x000000fe
       24409000	     12104	800009da	01d0bab3	sltu	x21,x1,x29	  x1:0x0000e0e1 x29:0x00000042 x21=0x00000000
       24411000	     12105	800009de	9a0a	c.add	x20,x2	 x20:0x0000000f  x2:0x00040012 x20=0x00040021
       24417000	     12108	800009e0	02b28533	mul	x10,x5,x11	  x5:0x80022e1c x11:0xfffffff1 x10=0x7fdf4c5c
       24419000	     12109	800009e4	3406d3f3	csrrwi	x7,mscratch,13	  x7=0x0000acad
       24473000	     12136	800009e8	3401bdf3	csrrc	x27,mscratch,x3	  x3:0xfffffff9 x27=0x0000000d
       24479000	     12139	800009ec	030b0db3	mul	x27,x22,x16	 x22:0x00000078 x16:0x0000007c x27=0x00003a20
       24483000	     12141	800009f0	e38d	c.bnez	x15,80000a12	 x15:0x8005579c
       24543000	     12171	80000a12	8f89	c.sub	x15,x10	 x15:0x8005579c x10:0x7fdf4c5c x15=0x00260b40
       24565000	     12182	80000a14	6b35	c.lui	x22,0xd	 x22=0x0000d000
       24567000	     12183	80000a16	8c05	c.sub	x8,x9	  x8:0x00000200  x9:0x000000fe  x8=0x00000102
       24571000	     12185	80000a18	01527633	and	x12,x4,x21	  x4:0x0000013a x21:0x00000000 x12=0x00000000
       24589000	     12194	80000a1c	1310	c.addi4spn	x12,x2,416	 x12=0x000401b2
       24607000	     12203	80000a1e	3401dcf3	csrrwi	x25,mscratch,3	 x25=0x00000004
       24609000	     12204	80000a22	55fd	c.li	x11,-1	 x11=0xffffffff
       24625000	     12212	80000a24	039db3b3	mulhu	x7,x27,x25	 x27:0x00003a20 x25:0x00000004  x7=0x00000000
       24629000	     12214	80000a28	00020f63	beq	x4,x0,80000a46	  x4:0x0000013a  x0:0x00000000  x0=0x00000000
       24683000	     12241	80000a2c	088e7d93	andi	x27,x28,136	 x28:0xa4a5a6a7 x27=0x00000080
       24725000	     12262	80000a30	012cd713	srli	x14,x25,0x12	 x25:0x00000004 x14=0x00000000
       24767000	     12283	80000a34	0001	c.addi	x0,0	  x0:0x00000000  x0=0x00000000
       24769000	     12284	80000a36	c285	c.beqz	x13,80000a56	 x13:0x80015784
       24771000	     12285	80000a38	34047573	csrrci	x10,mscratch,8	 x10=0x00000003
       24773000	     12286	80000a3c	018bdab3	srl	x21,x23,x24	 x23:0x8009570e x24:0xffffffa8 x21=0x00800957
       24783000	     12291	80000a40	01dbac33	slt	x24,x23,x29	 x23:0x8009570e x29:0x00000042 x24=0x00000001
       24805000	     12302	80000a44	8129	c.srli	x10,0xa	 x10:0x00000003 x10=0x00000000
       24853000	     12326	80000a46	01b8b133	sltu	x2,x17,x27	 x17:0x00000079 x27:0x00000080  x2=0x00000001
       24895000	     12347	80000a4a	04c4f263	bgeu	x9,x12,80000a8e	  x9:0x000000fe x12:0x000401b2  x0=0x00000000
       24969000	     12384	80000a4e	02867233	remu	x4,x12,x8	 x12:0x000401b2  x8:0x00000102  x4=0x000000c0
       24973000	     12386	80000a52	03ef7163	bgeu	x30,x30,80000a74	 x30:0x0000001e x30:0x0000001e  x0=0x00000000
       24997000	     12398	80000a74	006c5cb3	srl	x25,x24,x6	 x24:0x00000001  x6:0x00000000 x25=0x00000001
       25013000	     12406	80000a78	717d	c.addi16sp	x2,-16	  x2:0x00000001  x2=0xfffffff1
       25107000	     12453	80000a7a	03cc5933	divu	x18,x24,x28	 x24:0x00000001 x28:0xa4a5a6a7 x18=0x00000000
       25109000	     12454	80000a7e	02807563	bgeu	x0,x8,80000aa8	  x0:0x00000000  x8:0x00000102  x0=0x00000000
       25111000	     12455	80000a82	1bfd	c.addi	x23,-1	 x23:0x8009570e x23=0x8009570d
       25113000	     12456	80000a84	0001	c.addi	x0,0	  x0:0x00000000  x0=0x00000000
       25115000	     12457	80000a86	0ff0000f	fence	iorwiorwiorwiorwiorwiorwiorwiorwiorw,iorwiorwiorwiorwiorwiorwiorwiorwiorwiorw	
       25137000	     12468	80000a8a	01852233	slt	x4,x10,x24	 x10:0x00000000 x24:0x00000001  x4=0x00000001
       25157000	     12478	80000a8e	40d2d3b3	sra	x7,x5,x13	  x5:0x80022e1c x13:0x80015784  x7=0xf80022e1
       25159000	     12479	80000a92	8225	c.srli	x12,0x9	 x12:0x000401b2 x12=0x00000200
       25175000	     12487	80000a94	8ecd	c.or	x13,x11	 x13:0x80015784 x11:0xffffffff x13=0xffffffff
       25191000	     12495	80000a96	014a0233	add	x4,x20,x20	 x20:0x00040021 x20:0x00040021  x4=0x00080042
       25193000	     12496	80000a9a	8e69	c.and	x12,x10	 x12:0x00000200 x10:0x00000000 x12=0x00000000
       25213000	     12506	80000a9c	6149	c.addi16sp	x2,144	  x2:0xfffffff1  x2=0x00000081
       25261000	     12530	80000a9e	2c5a3613	sltiu	x12,x20,709	 x20:0x00040021 x12=0x00000000
       25267000	     12533	80000aa2	3404ac73	csrrs	x24,mscratch,x9	  x9:0x000000fe x24=0x00000003
       25271000	     12535	80000aa6	e491	c.bnez	x9,80000ab2	  x9:0x000000fe
       25383000	     12591	80000ab2	02b14833	div	x16,x2,x11	  x2:0x00000081 x11:0xffffffff x16=0xffffff7f
       25391000	     12595	80000ab6	029cb7b3	mulhu	x15,x25,x9	 x25:0x00000001  x9:0x000000fe x15=0x00000000
       25395000	     12597	80000aba	013b9363	bne	x23,x19,80000ac0	 x23:0x8009570d x19:0x80026e7c  x0=0x00000000
       25405000	     12602	80000ac0	29efec17	auipc	x24,0x29efe	 x24=0xa9efeac0
       25431000	     12615	80000ac4	023d8db3	mul	x27,x27,x3	 x27:0x00000080  x3:0xfffffff9 x27=0xfffffc80
       25453000	     12626	80000ac8	340ae7f3	csrrsi	x15,mscratch,21	 x15=0x000000ff
       25467000	     12633	80000acc	1f0df893	andi	x17,x27,496	 x27:0xfffffc80 x17=0x00000080
       25481000	     12640	80000ad0	03f0f493	andi	x9,x1,63	  x1:0x0000e0e1  x9=0x00000021
       25531000	     12665	80000ad4	02a88d33	mul	x26,x17,x10	 x17:0x00000080 x10:0x00000000 x26=0x00000000
       25537000	     12668	80000ad8	153f3d13	sltiu	x26,x30,339	 x30:0x0000001e x26=0x00000001
       25551000	     12675	80000adc	0e1d	c.addi	x28,7	 x28:0xa4a5a6a7 x28=0xa4a5a6ae
       25555000	     12677	80000ade	02551063	bne	x10,x5,80000afe	 x10:0x00000000  x5:0x80022e1c  x0=0x00000000
       25585000	     12692	80000afe	1d00	c.addi4spn	x8,x2,688	  x8=0x00000331
       25609000	     12704	80000b00	40875d13	srai	x26,x14,0x8	 x14:0x00000000 x26=0x00000000
       25631000	     12715	80000b04	03c6be33	mulhu	x28,x13,x28	 x13:0xffffffff x28:0xa4a5a6ae x28=0xa4a5a6ad
       25653000	     12726	80000b08	023904b3	mul	x9,x18,x3	 x18:0x00000000  x3:0xfffffff9  x9=0x00000000
       25655000	     12727	80000b0c	340d7973	csrrci	x18,mscratch,26	 x18=0x000000ff
       25667000	     12733	80000b10	8e51	c.or	x12,x12	 x12:0x00000000 x12:0x00000000 x12=0x00000000
       25669000	     12734	80000b12	8cd6	c.mv	x25,x21	  x0:0x00000000 x21:0x00800957 x25=0x00800957
       25709000	     12754	80000b14	8279	c.srli	x12,0x1e	 x12:0x00000000 x12=0x00000000
       25711000	     12755	80000b16	1a7d	c.addi	x20,-1	 x20:0x00040021 x20=0x00040020
       25713000	     12756	80000b18	02ffcd63	blt	x31,x15,80000b52	 x31:0x78797a7b x15:0x000000ff  x0=0x00000000
       25733000	     12766	80000b1c	0180c7b3	xor	x15,x1,x24	  x1:0x0000e0e1 x24:0xa9efeac0 x15=0xa9ef0a21
       25755000	     12777	80000b20	01d5d933	srl	x18,x11,x29	 x11:0xffffffff x29:0x00000042 x18=0x3fffffff
       25781000	     12790	80000b24	015401b3	add	x3,x8,x21	  x8:0x00000331 x21:0x00800957  x3=0x00800c88
       25799000	     12799	80000b28	8735	c.srai	x14,0xd	 x14:0x00000000 x14=0x00000000
       25819000	     12809	80000b2a	34052cf3	csrrs	x25,mscratch,x10	 x10:0x00000000 x25=0x000000e5
       25821000	     12810	80000b2e	00bf07b3	add	x15,x30,x11	 x30:0x0000001e x11:0xffffffff x15=0x0000001d
       25823000	     12811	80000b32	0001	c.addi	x0,0	  x0:0x00000000  x0=0x00000000
       25825000	     12812	80000b34	0001	c.addi	x0,0	  x0:0x00000000  x0=0x00000000
       25827000	     12813	80000b36	087e	c.slli	x16,0x1f	 x16:0xffffff7f x16=0x80000000
       25833000	     12816	80000b38	00301b93	slli	x23,x0,0x3	  x0:0x00000000 x23=0x00000000
       25849000	     12824	80000b3c	00d9a733	slt	x14,x19,x13	 x19:0x80026e7c x13:0xffffffff x14=0x00000001
       25871000	     12835	80000b40	405ed4b3	sra	x9,x29,x5	 x29:0x00000042  x5:0x80022e1c  x9=0x00000000
       25909000	     12854	80000b44	006a9d63	bne	x21,x6,80000b5e	 x21:0x00800957  x6:0x00000000  x0=0x00000000
       25939000	     12869	80000b5e	01c7dcb3	srl	x25,x15,x28	 x15:0x0000001d x28:0xa4a5a6ad x25=0x00000000
       25941000	     12870	80000b62	8db9	c.xor	x11,x14	 x11:0xffffffff x14:0x00000001 x11=0xfffffffe
       25955000	     12877	80000b64	001c1f33	sll	x30,x24,x1	 x24:0xa9efeac0  x1:0x0000e0e1 x30=0x53dfd580
       25985000	     12892	80000b68	85cd	c.srai	x11,0x13	 x11:0xfffffffe x11=0xffffffff
       25989000	     12894	80000b6a	e295	c.bnez	x13,80000b8e	 x13:0xffffffff
       26075000	     12937	80000b8e	6b24e897	auipc	x17,0x6b24e	 x17=0xeb24eb8e
       26077000	     12938	80000b92	43a1	c.li	x7,8	  x7=0x00000008
       26091000	     12945	80000b94	01451cb3	sll	x25,x10,x20	 x10:0x00000000 x20:0x00040020 x25=0x00000000
       26123000	     12961	80000b98	00970a33	add	x20,x14,x9	 x14:0x00000001  x9:0x00000000 x20=0x00000001
       26127000	     12963	80000b9c	0001	c.addi	x0,0	  x0:0x00000000  x0=0x00000000
       26129000	     12964	80000b9e	8ed5	c.or	x13,x13	 x13:0xffffffff x13:0xffffffff x13=0xffffffff
       26189000	     12994	80000ba0	003df4b3	and	x9,x27,x3	 x27:0xfffffc80  x3:0x00800c88  x9=0x00800c80
       26201000	     13000	80000ba4	99fd	c.andi	x11,-1	 x11:0xffffffff x11=0xffffffff
       26203000	     13001	80000ba6	3408a173	csrrs	x2,mscratch,x17	 x17:0xeb24eb8e  x2=0x000000e5
       26231000	     13015	80000baa	02d08bb3	mul	x23,x1,x13	  x1:0x0000e0e1 x13:0xffffffff x23=0xffff1f1f
       26319000	     13059	80000bae	02b4fd33	remu	x26,x9,x11	  x9:0x00800c80 x11:0xffffffff x26=0x00800c80
       26321000	     13060	80000bb2	00159d13	slli	x26,x11,0x1	 x11:0xffffffff x26=0xfffffffe
       26323000	     13061	80000bb6	13d33e13	sltiu	x28,x6,317	  x6:0x00000000 x28=0x00000001
       26327000	     13063	80000bba	e2b9	c.bnez	x13,80000c00	 x13:0xffffffff
       26359000	     13079	80000c00	ebb9	c.bnez	x15,80000c56	 x15:0x0000001d
       26413000	     13106	80000c56	34083c73	csrrc	x24,mscratch,x16	 x16:0x80000000 x24=0xeb24ebef
       26457000	     13128	80000c5a	3403d573	csrrwi	x10,mscratch,7	 x10=0x6b24ebef
       26459000	     13129	80000c5e	8059	c.srli	x8,0x16	  x8:0x00000331  x8=0x00000000
       26461000	     13130	80000c60	53fd	c.li	x7,-1	  x7=0xffffffff
       26503000	     13151	80000c62	000a9563	bne	x21,x0,80000c6c	 x21:0x00800957  x0:0x00000000  x0=0x00000000
       26523000	     13161	80000c6c	03177063	bgeu	x14,x17,80000c8c	 x14:0x00000001 x17:0xeb24eb8e  x0=0x00000000
       26549000	     13174	80000c70	028a8733	mul	x14,x21,x8	 x21:0x00800957  x8:0x00000000 x14=0x00000000
       26567000	     13183	80000c74	c18d	c.beqz	x11,80000c96	 x11:0xffffffff
       26631000	     13215	80000c76	01fd4363	blt	x26,x31,80000c7c	 x26:0xfffffffe x31:0x78797a7b  x0=0x00000000
       26663000	     13231	80000c7c	340aab73	csrrs	x22,mscratch,x21	 x21:0x00800957 x22=0x00000007
       26665000	     13232	80000c80	008546b3	xor	x13,x10,x8	 x10:0x6b24ebef  x8:0x00000000 x13=0x6b24ebef
       26687000	     13243	80000c84	04d48363	beq	x9,x13,80000cca	  x9:0x00800c80 x13:0x6b24ebef  x0=0x00000000
       26691000	     13245	80000c88	02019063	bne	x3,x0,80000ca8	  x3:0x00800c88  x0:0x00000000  x0=0x00000000
       26727000	     13263	80000ca8	191c	c.addi4spn	x15,x2,176	 x15=0x00000195
       26737000	     13268	80000caa	0d215d97	auipc	x27,0xd215	 x27=0x8d215caa
       26775000	     13287	80000cae	3400daf3	csrrwi	x21,mscratch,1	 x21=0x00800957
       26781000	     13290	80000cb2	1ce0aa93	slti	x21,x1,462	  x1:0x0000e0e1 x21=0x00000000
       26803000	     13301	80000cb6	00cc7cb3	and	x25,x24,x12	 x24:0xeb24ebef x12:0x00000000 x25=0x00000000
       26815000	     13307	80000cba	f1e97a93	andi	x21,x18,-226	 x18:0x3fffffff x21=0x3fffff1e
       26835000	     13317	80000cbe	037f8933	mul	x18,x31,x23	 x31:0x78797a7b x23:0xffff1f1f x18=0xd20fb9e5
       26841000	     13320	80000cc2	00b2a3b3	slt	x7,x5,x11	  x5:0x80022e1c x11:0xffffffff  x7=0x00000001
       26883000	     13341	80000cc6	0ff0000f	fence	iorwiorwiorwiorwiorwiorwiorwiorwiorwiorwiorw,iorwiorwiorwiorwiorwiorwiorwiorwiorwiorwiorwiorw	
       26889000	     13344	80000cca	35608413	addi	x8,x1,854	  x1:0x0000e0e1  x8=0x0000e437
       26891000	     13345	80000cce	0001	c.addi	x0,0	  x0:0x00000000  x0=0x00000000
       26893000	     13346	80000cd0	01a01413	slli	x8,x0,0x1a	  x0:0x00000000  x8=0x00000000
       26907000	     13353	80000cd4	8e21	c.xor	x12,x8	 x12:0x00000000  x8:0x00000000 x12=0x00000000
       26909000	     13354	80000cd6	340a38f3	csrrc	x17,mscratch,x20	 x20:0x00000001 x17=0x00000001
       26911000	     13355	80000cda	858a	c.mv	x11,x2	  x0:0x00000000  x2:0x000000e5 x11=0x000000e5
       26977000	     13388	80000cdc	03db2133	mulhsu	x2,x22,x29	 x22:0x00000007 x29:0x00000042  x2=0x00000000
       27013000	     13406	80000ce0	c491b693	sltiu	x13,x3,-951	  x3:0x00800c88 x13=0x00000001
       27019000	     13409	80000ce4	98fd	c.andi	x9,-1	  x9:0x00800c80  x9=0x00800c80
       27055000	     13427	80000ce6	340a6973	csrrsi	x18,mscratch,20	 x18=0x00000000
       27057000	     13428	80000cea	340d1073	csrrw	x0,mscratch,x26	 x26:0xfffffffe  x0=0x00000000
       27059000	     13429	80000cee	8525	c.srai	x10,0x9	 x10:0x6b24ebef x10=0x00359275
       27061000	     13430	80000cf0	3406ae73	csrrs	x28,mscratch,x13	 x13:0x00000001 x28=0xfffffffe
       27063000	     13431	80000cf4	06694a13	xori	x20,x18,102	 x18:0x00000000 x20=0x00000066
       27123000	     13461	80000cf8	25d52d13	slti	x26,x10,605	 x10:0x00359275 x26=0x00000000
       27125000	     13462	80000cfc	9962	c.add	x18,x24	 x18:0x00000000 x24:0xeb24ebef x18=0xeb24ebef
       27127000	     13463	80000cfe	187d	c.addi	x16,-1	 x16:0x80000000 x16=0x7fffffff
       27131000	     13465	80000d00	40e3d493	srai	x9,x7,0xe	  x7:0x00000001  x9=0x00000000
       27137000	     13468	80000d04	4123de93	srai	x29,x7,0x12	  x7:0x00000001 x29=0x00000000
       27197000	     13498	80000d08	02a39e33	mulh	x28,x7,x10	  x7:0x00000001 x10:0x00359275 x28=0x00000000
       27199000	     13499	80000d0c	340ca173	csrrs	x2,mscratch,x25	 x25:0x00000000  x2=0xffffffff
       27215000	     13507	80000d10	006df0b3	and	x1,x27,x6	 x27:0x8d215caa  x6:0x00000000  x1=0x00000000
       27237000	     13518	80000d14	000ba4b3	slt	x9,x23,x0	 x23:0xffff1f1f  x0:0x00000000  x9=0x00000001
       27243000	     13521	80000d18	0001	c.addi	x0,0	  x0:0x00000000  x0=0x00000000
       27285000	     13542	80000d1a	3408a873	csrrs	x16,mscratch,x17	 x17:0x00000001 x16=0xffffffff
       27287000	     13543	80000d1e	939e	c.add	x7,x7	  x7:0x00000001  x7:0x00000001  x7=0x00000002
       27295000	     13547	80000d20	0e7eae13	slti	x28,x29,231	 x29:0x00000000 x28=0x00000001
       27315000	     13557	80000d24	00c515b3	sll	x11,x10,x12	 x10:0x00359275 x12:0x00000000 x11=0x00359275
       27359000	     13579	80000d28	8d39	c.xor	x10,x14	 x10:0x00359275 x14:0x00000000 x10=0x00359275
       27401000	     13600	80000d2a	04149037	lui	x0,0x4149	  x0=0x00000000
       27403000	     13601	80000d2e	34069773	csrrw	x14,mscratch,x13	 x13:0x00000001 x14=0xffffffff
       27493000	     13646	80000d32	0345c3b3	div	x7,x11,x20	 x11:0x00359275 x20:0x00000066  x7=0x00008674
       27495000	     13647	80000d36	047fa117	auipc	x2,0x47fa	  x2=0x847fad36
       27497000	     13648	80000d3a	09647fb7	lui	x31,0x9647	 x31=0x09647000
       27521000	     13660	80000d3e	340d2c73	csrrs	x24,mscratch,x26	 x26:0x00000000 x24=0x00000001
       27535000	     13667	80000d42	000edd93	srli	x27,x29,0x0	 x29:0x00000000 x27=0x00000000
       27557000	     13678	80000d46	757e3497	auipc	x9,0x757e3	  x9=0xf57e3d46
       27579000	     13689	80000d4a	401edc33	sra	x24,x29,x1	 x29:0x00000000  x1:0x00000000 x24=0x00000000
       27581000	     13690	80000d4e	9a7d	c.andi	x12,-1	 x12:0x00000000 x12=0x00000000
       27595000	     13697	80000d50	8c05	c.sub	x8,x9	  x8:0x00000000  x9:0xf57e3d46  x8=0x0a81c2ba
       27597000	     13698	80000d52	3400e673	csrrsi	x12,mscratch,1	 x12=0x00000001
       27599000	     13699	80000d56	8d3d	c.xor	x10,x15	 x10:0x00359275 x15:0x00000195 x10=0x003593e0
       27619000	     13709	80000d58	8f59	c.or	x14,x14	 x14:0xffffffff x14:0xffffffff x14=0xffffffff
       27645000	     13722	80000d5a	007bd193	srli	x3,x23,0x7	 x23:0xffff1f1f  x3=0x01fffe3e
       27669000	     13734	80000d5e	02910633	mul	x12,x2,x9	  x2:0x847fad36  x9:0xf57e3d46 x12=0x95c33ac4
       27671000	     13735	80000d62	04d1	c.addi	x9,20	  x9:0xf57e3d46  x9=0xf57e3d5a
       27681000	     13740	80000d64	00880ab3	add	x21,x16,x8	 x16:0xffffffff  x8:0x0a81c2ba x21=0x0a81c2b9
       27683000	     13741	80000d68	00835263	bge	x6,x8,80000d6c	  x6:0x00000000  x8:0x0a81c2ba  x0=0x00000000
       27705000	     13752	80000d6c	40665e13	srai	x28,x12,0x6	 x12:0x95c33ac4 x28=0xfe570ceb
       27721000	     13760	80000d70	02267463	bgeu	x12,x2,80000d98	 x12:0x95c33ac4  x2:0x847fad36  x0=0x00000000
       27741000	     13770	80000d98	0110aab3	slt	x21,x1,x17	  x1:0x00000000 x17:0x00000001 x21=0x00000001
       27747000	     13773	80000d9c	8e25	c.xor	x12,x9	 x12:0x95c33ac4  x9:0xf57e3d5a x12=0x60bd079e
       27749000	     13774	80000d9e	404ad113	srai	x2,x21,0x4	 x21:0x00000001  x2=0x00000000
       27753000	     13776	80000da2	ee1d	c.bnez	x12,80000de0	 x12:0x60bd079e
       27783000	     13791	80000de0	039a9ab3	mulh	x21,x21,x25	 x21:0x00000001 x25:0x00000000 x21=0x00000000
       27785000	     13792	80000de4	340df4f3	csrrci	x9,mscratch,27	  x9=0x00000001
       27813000	     13806	80000de8	de44bd93	sltiu	x27,x9,-540	  x9:0x00000001 x27=0x00000001
       27815000	     13807	80000dec	01eaadb3	slt	x27,x21,x30	 x21:0x00000000 x30:0x53dfd580 x27=0x00000001
       27825000	     13812	80000df0	02d54163	blt	x10,x13,80000e12	 x10:0x003593e0 x13:0x00000001  x0=0x00000000
       27827000	     13813	80000df4	0001	c.addi	x0,0	  x0:0x00000000  x0=0x00000000
       27841000	     13820	80000df6	038ffa63	bgeu	x31,x24,80000e2a	 x31:0x09647000 x24:0x00000000  x0=0x00000000
       27949000	     13874	80000e2a	34075673	csrrwi	x12,mscratch,14	 x12=0x00000000
       27951000	     13875	80000e2e	0001	c.addi	x0,0	  x0:0x00000000  x0=0x00000000
       27971000	     13885	80000e30	34053573	csrrc	x10,mscratch,x10	 x10:0x003593e0 x10=0x0000000e
       27973000	     13886	80000e34	01205e93	srli	x29,x0,0x12	  x0:0x00000000 x29=0x00000000
       28019000	     13909	80000e38	01fd9433	sll	x8,x27,x31	 x27:0x00000001 x31:0x09647000  x8=0x00000001
       28035000	     13917	80000e3c	0001	c.addi	x0,0	  x0:0x00000000  x0=0x00000000
       28061000	     13930	80000e3e	00c62033	slt	x0,x12,x12	 x12:0x00000000 x12:0x00000000  x0=0x00000000
       28063000	     13931	80000e42	6555	c.lui	x10,0x15	 x10=0x00015000
       28065000	     13932	80000e44	0001	c.addi	x0,0	  x0:0x00000000  x0=0x00000000
       28085000	     13942	80000e46	00a1b033	sltu	x0,x3,x10	  x3:0x01fffe3e x10:0x00015000  x0=0x00000000
       28115000	     13957	80000e4a	00535863	bge	x6,x5,80000e5a	  x6:0x00000000  x5:0x80022e1c  x0=0x00000000
       28179000	     13989	80000e5a	022c0833	mul	x16,x24,x2	 x24:0x00000000  x2:0x00000000 x16=0x00000000
       28187000	     13993	80000e5e	0057b733	sltu	x14,x15,x5	 x15:0x00000195  x5:0x80022e1c x14=0x00000001
       28211000	     14005	80000e62	00494263	blt	x18,x4,80000e66	 x18:0xeb24ebef  x4:0x00080042  x0=0x00000000
       28267000	     14033	80000e66	34003f73	csrrc	x30,mscratch,x0	  x0:0x00000000 x30=0x0000000e
       28297000	     14048	80000e6a	2960f613	andi	x12,x1,662	  x1:0x00000000 x12=0x00000000
       28349000	     14074	80000e6e	340058f3	csrrwi	x17,mscratch,0	 x17=0x0000000e
       28367000	     14083	80000e72	00506763	bltu	x0,x5,80000e80	  x0:0x00000000  x5:0x80022e1c  x0=0x00000000
       28371000	     14085	80000e80	40778c33	sub	x24,x15,x7	 x15:0x00000195  x7:0x00008674 x24=0xffff7b21
       28405000	     14102	80000e84	00949113	slli	x2,x9,0x9	  x9:0x00000001  x2=0x00000200
       28453000	     14126	80000e88	037ef363	bgeu	x29,x23,80000eae	 x29:0x00000000 x23:0xffff1f1f  x0=0x00000000
       28493000	     14146	80000e8c	00187563	bgeu	x16,x1,80000e96	 x16:0x00000000  x1:0x00000000  x0=0x00000000
       28563000	     14181	80000e96	021c68b3	rem	x17,x24,x1	 x24:0xffff7b21  x1:0x00000000 x17=0xffff7b21
       28565000	     14182	80000e9a	010dccb3	xor	x25,x27,x16	 x27:0x00000001 x16:0x00000000 x25=0x00000001
       28567000	     14183	80000e9e	00a5d7b3	srl	x15,x11,x10	 x11:0x00359275 x10:0x00015000 x15=0x00359275
       28569000	     14184	80000ea2	8c49	c.or	x8,x10	  x8:0x00000001 x10:0x00015000  x8=0x00015001
       28591000	     14195	80000ea4	34071873	csrrw	x16,mscratch,x14	 x14:0x00000001 x16=0x00000000
       28651000	     14225	80000ea8	01ab7533	and	x10,x22,x26	 x22:0x00000007 x26:0x00000000 x10=0x00000000
       28653000	     14226	80000eac	8625	c.srai	x12,0x9	 x12:0x00000000 x12=0x00000000
       28655000	     14227	80000eae	5bfd	c.li	x23,-1	 x23=0xffffffff
       28675000	     14237	80000eb0	15fd	c.addi	x11,-1	 x11:0x00359275 x11=0x00359274
       28691000	     14245	80000eb2	00de05b3	add	x11,x28,x13	 x28:0xfe570ceb x13:0x00000001 x11=0xfe570cec
       28693000	     14246	80000eb6	0001	c.addi	x0,0	  x0:0x00000000  x0=0x00000000
       28699000	     14249	80000eb8	3402de73	csrrwi	x28,mscratch,5	 x28=0x00000001
       28749000	     14274	80000ebc	03f585b3	mul	x11,x11,x31	 x11:0xfe570cec x31:0x09647000 x11=0x6dd74000
       28751000	     14275	80000ec0	86ed	c.srai	x13,0x1b	 x13:0x00000001 x13=0x00000000
       28755000	     14277	80000ec2	c505	c.beqz	x10,80000eea	 x10:0x00000000
       28791000	     14295	80000eea	8f11	c.sub	x14,x12	 x14:0x00000001 x12:0x00000000 x14=0x00000001
       28819000	     14309	80000eec	0043ef63	bltu	x7,x4,80000f0a	  x7:0x00008674  x4:0x00080042  x0=0x00000000
       28851000	     14325	80000f0a	8e51	c.or	x12,x12	 x12:0x00000000 x12:0x00000000 x12=0x00000000
       28861000	     14330	80000f0c	8e59	c.or	x12,x14	 x12:0x00000000 x14:0x00000001 x12=0x00000001
       28901000	     14350	80000f0e	00a0dc63	bge	x1,x10,80000f26	  x1:0x00000000 x10:0x00000000  x0=0x00000000
       28947000	     14373	80000f26	340d15f3	csrrw	x11,mscratch,x26	 x26:0x00000000 x11=0x00000005
       28949000	     14374	80000f2a	8e0d	c.sub	x12,x11	 x12:0x00000001 x11:0x00000005 x12=0xfffffffc
       28955000	     14377	80000f2c	8219	c.srli	x12,0x6	 x12:0xfffffffc x12=0x03ffffff
       28957000	     14378	80000f2e	01da94b3	sll	x9,x21,x29	 x21:0x00000000 x29:0x00000000  x9=0x00000000
       28983000	     14391	80000f32	02d1ee33	rem	x28,x3,x13	  x3:0x01fffe3e x13:0x00000000 x28=0x01fffe3e
       28999000	     14399	80000f36	00b7a733	slt	x14,x15,x11	 x15:0x00359275 x11:0x00000005 x14=0x00000000
       29001000	     14400	80000f3a	340e3273	csrrc	x4,mscratch,x28	 x28:0x01fffe3e  x4=0x00000000
       29003000	     14401	80000f3e	860d	c.srai	x12,0x3	 x12:0x03ffffff x12=0x007fffff
       29029000	     14414	80000f40	d3c52693	slti	x13,x10,-708	 x10:0x00000000 x13=0x00000000
       29031000	     14415	80000f44	0001	c.addi	x0,0	  x0:0x00000000  x0=0x00000000
       29033000	     14416	80000f46	0d65	c.addi	x26,25	 x26:0x00000000 x26=0x00000019
       29045000	     14422	80000f48	3d03fa13	andi	x20,x7,976	  x7:0x00008674 x20=0x00000250
       29087000	     14443	80000f4c	4105ddb3	sra	x27,x11,x16	 x11:0x00000005 x16:0x00000000 x27=0x00000005
       29089000	     14444	80000f50	01689b93	slli	x23,x17,0x16	 x17:0xffff7b21 x23=0xc8400000
       29111000	     14455	80000f54	01127933	and	x18,x4,x17	  x4:0x00000000 x17:0xffff7b21 x18=0x00000000
       29135000	     14467	80000f58	90ca	c.add	x1,x18	  x1:0x00000000 x18:0x00000000  x1=0x00000000
       29147000	     14473	80000f5a	1b64ea93	ori	x21,x9,438	  x9:0x00000000 x21=0x000001b6
       29239000	     14519	80000f5e	0335f8b3	remu	x17,x11,x19	 x11:0x00000005 x19:0x80026e7c x17=0x00000005
       29247000	     14523	80000f62	024cab33	mulhsu	x22,x25,x4	 x25:0x00000001  x4:0x00000000 x22=0x00000000
       29249000	     14524	80000f66	54685f17	auipc	x30,0x54685	 x30=0xd4685f66
       29251000	     14525	80000f6a	0001	c.addi	x0,0	  x0:0x00000000  x0=0x00000000
       29263000	     14531	80000f6c	389b3b93	sltiu	x23,x22,905	 x22:0x00000000 x23=0x00000001
       29285000	     14542	80000f70	340964f3	csrrsi	x9,mscratch,18	  x9=0x00000000
       29299000	     14549	80000f74	0163fab3	and	x21,x7,x22	  x7:0x00008674 x22:0x00000000 x21=0x00000000
       29303000	     14551	80000f78	0060d433	srl	x8,x1,x6	  x1:0x00000000  x6:0x00000000  x8=0x00000000
       29409000	     14604	80000f7c	023d4633	div	x12,x26,x3	 x26:0x00000019  x3:0x01fffe3e x12=0x00000000
       29411000	     14605	80000f80	36442913	slti	x18,x8,868	  x8:0x00000000 x18=0x00000001
       29413000	     14606	80000f84	4134da13	srai	x20,x9,0x13	  x9:0x00000000 x20=0x00000000
       29415000	     14607	80000f88	008aef13	ori	x30,x21,8	 x21:0x00000000 x30=0x00000008
       29417000	     14608	80000f8c	0001	c.addi	x0,0	  x0:0x00000000  x0=0x00000000
       29419000	     14609	80000f8e	e099	c.bnez	x9,80000f94	  x9:0x00000000
       29431000	     14615	80000f90	8f15	c.sub	x14,x13	 x14:0x00000000 x13:0x00000000 x14=0x00000000
       29433000	     14616	80000f92	8f59	c.or	x14,x14	 x14:0x00000000 x14:0x00000000 x14=0x00000000
       29435000	     14617	80000f94	f9310b93	addi	x23,x2,-109	  x2:0x00000200 x23=0x00000193
       29487000	     14643	80000f98	6109	c.addi16sp	x2,128	  x2:0x00000200  x2=0x00000280
       29489000	     14644	80000f9a	8e85	c.sub	x13,x9	 x13:0x00000000  x9:0x00000000 x13=0x00000000
       29499000	     14649	80000f9c	8cdd	c.or	x9,x15	  x9:0x00000000 x15:0x00359275  x9=0x00359275
       29501000	     14650	80000f9e	014a7ab3	and	x21,x20,x20	 x20:0x00000000 x20:0x00000000 x21=0x00000000
       29505000	     14652	80000fa2	005ed533	srl	x10,x29,x5	 x29:0x00000000  x5:0x80022e1c x10=0x00000000
       29533000	     14666	80000fa6	03d828b3	mulhsu	x17,x16,x29	 x16:0x00000000 x29:0x00000000 x17=0x00000000
       29535000	     14667	80000faa	8d39	c.xor	x10,x14	 x10:0x00000000 x14:0x00000000 x10=0x00000000
       29549000	     14674	80000fac	01736933	or	x18,x6,x23	  x6:0x00000000 x23:0x00000193 x18=0x00000193
       29551000	     14675	80000fb0	0ff0000f	fence	iorwiorwiorwiorwiorwiorwiorwiorwiorwiorwiorwiorwiorw,iorwiorwiorwiorwiorwiorwiorwiorwiorwiorwiorwiorwiorwiorw	
       29561000	     14680	80000fb4	0013bfb3	sltu	x31,x7,x1	  x7:0x00008674  x1:0x00000000 x31=0x00000000
       29591000	     14695	80000fb8	0ff0000f	fence	iorwiorwiorwiorwiorwiorwiorwiorwiorwiorwiorwiorwiorwiorwiorw,iorwiorwiorwiorwiorwiorwiorwiorwiorwiorwiorwiorwiorwiorwiorwiorw	
       29593000	     14696	80000fbc	41775a33	sra	x20,x14,x23	 x14:0x00000000 x23:0x00000193 x20=0x00000000
       29615000	     14707	80000fc0	0111f3b3	and	x7,x3,x17	  x3:0x01fffe3e x17:0x00000000  x7=0x00000000
       29629000	     14714	80000fc4	8c65	c.and	x8,x9	  x8:0x00000000  x9:0x00359275  x8=0x00000000
       29639000	     14719	80000fc6	0048afb3	slt	x31,x17,x4	 x17:0x00000000  x4:0x00000000 x31=0x00000000
       29653000	     14726	80000fca	03ce9363	bne	x29,x28,80000ff0	 x29:0x00000000 x28:0x01fffe3e  x0=0x00000000
       29695000	     14747	80000ff0	0121e833	or	x16,x3,x18	  x3:0x01fffe3e x18:0x00000193 x16=0x01ffffbf
       29699000	     14749	80000ff4	0001	c.addi	x0,0	  x0:0x00000000  x0=0x00000000
       29701000	     14750	80000ff6	8945	c.andi	x10,17	 x10:0x00000000 x10=0x00000000
       29721000	     14760	80000ff8	997d	c.andi	x10,-1	 x10:0x00000000 x10=0x00000000
       29723000	     14761	80000ffa	58fd	c.li	x17,-1	 x17=0xffffffff
       29725000	     14762	80000ffc	6129	c.addi16sp	x2,192	  x2:0x00000280  x2=0x00000340
       29745000	     14772	80000ffe	03ace663	bltu	x25,x26,8000102a	 x25:0x00000001 x26:0x00000019  x0=0x00000000
       29847000	     14823	8000102a	006e9893	slli	x17,x29,0x6	 x29:0x00000000 x17=0x00000000
       29877000	     14838	8000102e	01eebdb3	sltu	x27,x29,x30	 x29:0x00000000 x30:0x00000008 x27=0x00000001
       29909000	     14854	80001032	413d0ab3	sub	x21,x26,x19	 x26:0x00000019 x19:0x80026e7c x21=0x7ffd919d
       29913000	     14856	80001036	c01d	c.beqz	x8,8000105c	  x8:0x00000000
       29965000	     14882	8000105c	c3408213	addi	x4,x1,-972	  x1:0x00000000  x4=0xfffffc34
       29983000	     14891	80001060	8d85	c.sub	x11,x9	 x11:0x00000005  x9:0x00359275 x11=0xffca6d90
       29985000	     14892	80001062	34035573	csrrwi	x10,mscratch,6	 x10=0x00000012
       29993000	     14896	80001066	03ba11b3	mulh	x3,x20,x27	 x20:0x00000000 x27:0x00000001  x3=0x00000000
       30027000	     14913	8000106a	3406eb73	csrrsi	x22,mscratch,13	 x22=0x00000006
       30069000	     14934	8000106e	34075bf3	csrrwi	x23,mscratch,14	 x23=0x0000000f
       30151000	     14975	80001072	038d4433	div	x8,x26,x24	 x26:0x00000019 x24:0xffff7b21  x8=0x00000000
       30153000	     14976	80001076	015acf63	blt	x21,x21,80001094	 x21:0x7ffd919d x21:0x7ffd919d  x0=0x00000000
       30155000	     14977	8000107a	8a9d	c.andi	x13,7	 x13:0x00000000 x13=0x00000000
       30157000	     14978	8000107c	4098d8b3	sra	x17,x17,x9	 x17:0x00000000  x9:0x00359275 x17=0x00000000
       30185000	     14992	80001080	8b5d	c.andi	x14,23	 x14:0x00000000 x14=0x00000000
       30237000	     15018	80001082	0045cf33	xor	x30,x11,x4	 x11:0xffca6d90  x4:0xfffffc34 x30=0x003591a4
       30311000	     15055	80001086	03aeeb33	rem	x22,x29,x26	 x29:0x00000000 x26:0x00000019 x22=0x00000000
       30313000	     15056	8000108a	8e49	c.or	x12,x10	 x12:0x00000000 x10:0x00000012 x12=0x00000012
       30315000	     15057	8000108c	3400e773	csrrsi	x14,mscratch,1	 x14=0x0000000e
       30319000	     15059	80001090	026d4133	div	x2,x26,x6	 x26:0x00000019  x6:0x00000000  x2=0xffffffff
       30323000	     15061	80001094	ce91	c.beqz	x13,800010b0	 x13:0x00000000
       30329000	     15064	800010b0	eaa6af37	lui	x30,0xeaa6a	 x30=0xeaa6a000
       30363000	     15081	800010b4	e009	c.bnez	x8,800010b6	  x8:0x00000000
       30365000	     15082	800010b6	0ff0000f	fence	iorwiorwiorwiorwiorwiorwiorwiorwiorwiorwiorwiorwiorwiorwiorwiorwiorw,iorwiorwiorwiorwiorwiorwiorwiorwiorwiorwiorwiorwiorwiorwiorwiorwiorwiorw	
       30367000	     15083	800010ba	0790	c.addi4spn	x12,x2,960	 x12=0x000003bf
       30387000	     15093	800010bc	00d8a0b3	slt	x1,x17,x13	 x17:0x00000000 x13:0x00000000  x1=0x00000000
       30393000	     15096	800010c0	8e59	c.or	x12,x14	 x12:0x000003bf x14:0x0000000e x12=0x000003bf
       30405000	     15102	800010c2	63ef8397	auipc	x7,0x63ef8	  x7=0xe3ef90c2
       30457000	     15128	800010c6	0583c063	blt	x7,x24,80001106	  x7:0xe3ef90c2 x24:0xffff7b21  x0=0x00000000
       30521000	     15160	80001106	5a7d	c.li	x20,-1	 x20=0xffffffff
       30523000	     15161	80001108	402bd913	srai	x18,x23,0x2	 x23:0x0000000f x18=0x00000003
       30583000	     15191	8000110c	cdb53697	auipc	x13,0xcdb53	 x13=0x4db5410c
       30625000	     15212	80001110	86f6	c.mv	x13,x29	  x0:0x00000000 x29:0x00000000 x13=0x00000000
       30627000	     15213	80001112	0001	c.addi	x0,0	  x0:0x00000000  x0=0x00000000
       30629000	     15214	80001114	3408a3f3	csrrs	x7,mscratch,x17	 x17:0x00000000  x7=0x0000000f
       30649000	     15224	80001118	1288	c.addi4spn	x10,x2,352	 x10=0x0000015f
       30675000	     15237	8000111a	025d0c33	mul	x24,x26,x5	 x26:0x00000019  x5:0x80022e1c x24=0x803680bc
       30679000	     15239	8000111e	1df7bc93	sltiu	x25,x15,479	 x15:0x00359275 x25=0x00000000
       30711000	     15255	80001122	029a4663	blt	x20,x9,8000114e	 x20:0xffffffff  x9:0x00359275  x0=0x00000000
       30793000	     15296	8000114e	2aad4213	xori	x4,x26,682	 x26:0x00000019  x4=0x000002b3
       30887000	     15343	80001152	02cecf33	div	x30,x29,x12	 x29:0x00000000 x12:0x000003bf x30=0x00000000
       30895000	     15347	80001156	039811b3	mulh	x3,x16,x25	 x16:0x01ffffbf x25:0x00000000  x3=0x00000000
       30897000	     15348	8000115a	8d65	c.and	x10,x9	 x10:0x0000015f  x9:0x00359275 x10=0x00000055
       30899000	     15349	8000115c	3402e873	csrrsi	x16,mscratch,5	 x16=0x0000000f
       30903000	     15351	80001160	00dc6663	bltu	x24,x13,8000116c	 x24:0x803680bc x13:0x00000000  x0=0x00000000
       30925000	     15362	80001164	4171d513	srai	x10,x3,0x17	  x3:0x00000000 x10=0x00000000
       30945000	     15372	80001168	5bfd	c.li	x23,-1	 x23=0xffffffff
       30947000	     15373	8000116a	0001	c.addi	x0,0	  x0:0x00000000  x0=0x00000000
       30955000	     15377	8000116c	e185	c.bnez	x11,8000118c	 x11:0xffca6d90
       31003000	     15401	8000118c	01dcd863	bge	x25,x29,8000119c	 x25:0x00000000 x29:0x00000000  x0=0x00000000
       31059000	     15429	8000119c	00022233	slt	x4,x4,x0	  x4:0x000002b3  x0:0x00000000  x4=0x00000000
       31093000	     15446	800011a0	340ce073	csrrsi	x0,mscratch,25	  x0=0x00000000
       31095000	     15447	800011a4	380f8713	addi	x14,x31,896	 x31:0x00000000 x14=0x00000380
       31097000	     15448	800011a8	88a6	c.mv	x17,x9	  x0:0x00000000  x9:0x00359275 x17=0x00359275
       31113000	     15456	800011aa	0093abb3	slt	x23,x7,x9	  x7:0x0000000f  x9:0x00359275 x23=0x00000001
       31115000	     15457	800011ae	0001	c.addi	x0,0	  x0:0x00000000  x0=0x00000000
       31127000	     15463	800011b0	02f26363	bltu	x4,x15,800011d6	  x4:0x00000000 x15:0x00359275  x0=0x00000000
       31163000	     15481	800011d6	0001	c.addi	x0,0	  x0:0x00000000  x0=0x00000000
       31171000	     15485	800011d8	0862	c.slli	x16,0x18	 x16:0x0000000f x16=0x0f000000
       31173000	     15486	800011da	8ae1	c.andi	x13,24	 x13:0x00000000 x13=0x00000000
       31187000	     15493	800011dc	0001	c.addi	x0,0	  x0:0x00000000  x0=0x00000000
       31209000	     15504	800011de	340f6273	csrrsi	x4,mscratch,30	  x4=0x0000001f
       31211000	     15505	800011e2	8db9	c.xor	x11,x14	 x11:0xffca6d90 x14:0x00000380 x11=0xffca6e10
       31219000	     15509	800011e4	0347b633	mulhu	x12,x15,x20	 x15:0x00359275 x20:0xffffffff x12=0x00359274
       31235000	     15517	800011e8	0286e8b3	rem	x17,x13,x8	 x13:0x00000000  x8:0x00000000 x17=0x00000000
       31281000	     15540	800011ec	8fe5	c.and	x15,x9	 x15:0x00359275  x9:0x00359275 x15=0x00359275
       31283000	     15541	800011ee	8661	c.srai	x12,0x18	 x12:0x00359274 x12=0x00000000
       31285000	     15542	800011f0	1bfd	c.addi	x23,-1	 x23:0x00000001 x23=0x00000000
       31289000	     15544	800011f2	0146ed63	bltu	x13,x20,8000120c	 x13:0x00000000 x20:0xffffffff  x0=0x00000000
       31309000	     15554	8000120c	03aa90b3	mulh	x1,x21,x26	 x21:0x7ffd919d x26:0x00000019  x1=0x0000000c
       31325000	     15562	80001210	01c11413	slli	x8,x2,0x1c	  x2:0xffffffff  x8=0xf0000000
       31327000	     15563	80001214	0001	c.addi	x0,0	  x0:0x00000000  x0=0x00000000
       31329000	     15564	80001216	c315	c.beqz	x14,8000123a	 x14:0x00000380
       31351000	     15575	80001218	03134e33	div	x28,x6,x17	  x6:0x00000000 x17:0x00000000 x28=0xffffffff
       31371000	     15585	8000121c	01a39793	slli	x15,x7,0x1a	  x7:0x0000000f x15=0x3c000000
       31375000	     15587	80001220	01ddff63	bgeu	x27,x29,8000123e	 x27:0x00000001 x29:0x00000000  x0=0x00000000
       31427000	     15613	8000123e	340e35f3	csrrc	x11,mscratch,x28	 x28:0xffffffff x11=0x0000001f
       31429000	     15614	80001242	9cb2	c.add	x25,x12	 x25:0x00000000 x12:0x00000000 x25=0x00000000
       31433000	     15616	80001244	c505	c.beqz	x10,8000126c	 x10:0x00000000
       31479000	     15639	8000126c	02244263	blt	x8,x2,80001290	  x8:0xf0000000  x2:0xffffffff  x0=0x00000000
       31491000	     15645	80001290	00d891b3	sll	x3,x17,x13	 x17:0x00000000 x13:0x00000000  x3=0x00000000
       31521000	     15660	80001294	9bfd	c.andi	x15,-1	 x15:0x3c000000 x15=0x3c000000
       31563000	     15681	80001296	e9f4ee13	ori	x28,x9,-353	  x9:0x00359275 x28=0xfffffeff
       31565000	     15682	8000129a	8c0d	c.sub	x8,x11	  x8:0xf0000000 x11:0x0000001f  x8=0xefffffe1
       31579000	     15689	8000129c	0001	c.addi	x0,0	  x0:0x00000000  x0=0x00000000
       31599000	     15699	8000129e	eadb9bb7	lui	x23,0xeadb9	 x23=0xeadb9000
       31603000	     15701	800012a2	340964f3	csrrsi	x9,mscratch,18	  x9=0x00000000
       31657000	     15728	800012a6	009f0233	add	x4,x30,x9	 x30:0x00000000  x9:0x00000000  x4=0x00000000
       31663000	     15731	800012aa	00b19e13	slli	x28,x3,0xb	  x3:0x00000000 x28=0x00000000
       31665000	     15732	800012ae	e221	c.bnez	x12,800012ee	 x12:0x00000000
       31681000	     15740	800012b0	05386463	bltu	x16,x19,800012f8	 x16:0x0f000000 x19:0x80026e7c  x0=0x00000000
       31701000	     15750	800012f8	06ed	c.addi	x13,27	 x13:0x00000000 x13=0x0000001b
       31727000	     15763	800012fa	400ad733	sra	x14,x21,x0	 x21:0x7ffd919d  x0:0x00000000 x14=0x7ffd919d
       31729000	     15764	800012fe	f8882893	slti	x17,x16,-120	 x16:0x0f000000 x17=0x00000000
       31731000	     15765	80001302	8ad9	c.andi	x13,22	 x13:0x0000001b x13=0x00000012
       31737000	     15768	80001304	3406ae73	csrrs	x28,mscratch,x13	 x13:0x00000012 x28=0x00000012
       31753000	     15776	80001308	170c3b97	auipc	x23,0x170c3	 x23=0x970c4308
       31771000	     15785	8000130c	34025d73	csrrwi	x26,mscratch,4	 x26=0x00000012
       31773000	     15786	80001310	00df1113	slli	x2,x30,0xd	 x30:0x00000000  x2=0x00000000
       31787000	     15793	80001314	8df1	c.and	x11,x12	 x11:0x0000001f x12:0x00000000 x11=0x00000000
       31789000	     15794	80001316	5c7d	c.li	x24,-1	 x24=0xffffffff
       31803000	     15801	80001318	cf8d	c.beqz	x15,80001352	 x15:0x3c000000
       31805000	     15802	8000131a	8fa9	c.xor	x15,x10	 x15:0x3c000000 x10:0x00000000 x15=0x3c000000
       31837000	     15818	8000131c	6659	c.lui	x12,0x16	 x12=0x00016000
       31879000	     15839	8000131e	3407d6f3	csrrwi	x13,mscratch,15	 x13=0x00000004
       31907000	     15853	80001322	010e9913	slli	x18,x29,0x10	 x29:0x00000000 x18=0x00000000
       31949000	     15874	80001326	013350b3	srl	x1,x6,x19	  x6:0x00000000 x19:0x80026e7c  x1=0x00000000
       31951000	     15875	8000132a	41d90cb3	sub	x25,x18,x29	 x18:0x00000000 x29:0x00000000 x25=0x00000000
       31953000	     15876	8000132e	0c0c	c.addi4spn	x11,x2,528	 x11=0x00000210
       31969000	     15884	80001330	340d5e73	csrrwi	x28,mscratch,26	 x28=0x0000000f
       32001000	     15900	80001334	34072ef3	csrrs	x29,mscratch,x14	 x14:0x7ffd919d x29=0x0000001a
       32003000	     15901	80001338	c9e2b393	sltiu	x7,x5,-866	  x5:0x80022e1c  x7=0x00000001
       32019000	     15909	8000133c	40a75193	srai	x3,x14,0xa	 x14:0x7ffd919d  x3=0x001fff64
       32023000	     15911	80001340	0d84	c.addi4spn	x9,x2,720	  x9=0x000002d0
       32113000	     15956	80001342	02d873b3	remu	x7,x16,x13	 x16:0x0f000000 x13:0x00000004  x7=0x00000000
       32119000	     15959	80001346	02568433	mul	x8,x13,x5	 x13:0x00000004  x5:0x80022e1c  x8=0x0008b870
       32127000	     15963	8000134a	03139563	bne	x7,x17,80001374	  x7:0x00000000 x17:0x00000000  x0=0x00000000
       32211000	     16005	8000134e	029acdb3	div	x27,x21,x9	 x21:0x7ffd919d  x9:0x000002d0 x27=0x002d81fa
       32213000	     16006	80001352	34089673	csrrw	x12,mscratch,x17	 x17:0x00000000 x12=0x7ffd919f
       32215000	     16007	80001356	2d547393	andi	x7,x8,725	  x8:0x0008b870  x7=0x00000050
       32221000	     16010	8000135a	052d4063	blt	x26,x18,8000139a	 x26:0x00000012 x18:0x00000000  x0=0x00000000
       32257000	     16028	8000135e	009a4eb3	xor	x29,x20,x9	 x20:0xffffffff  x9:0x000002d0 x29=0xfffffd2f
       32259000	     16029	80001362	9a7d	c.andi	x12,-1	 x12:0x7ffd919f x12=0x7ffd919f
       32263000	     16031	80001364	01931663	bne	x6,x25,80001370	  x6:0x00000000 x25:0x00000000  x0=0x00000000
       32285000	     16042	80001368	0001	c.addi	x0,0	  x0:0x00000000  x0=0x00000000
       32287000	     16043	8000136a	8f9d	c.sub	x15,x15	 x15:0x3c000000 x15:0x3c000000 x15=0x00000000
       32293000	     16046	8000136c	01d95693	srli	x13,x18,0x1d	 x18:0x00000000 x13=0x00000000
       32315000	     16057	80001370	edf32a13	slti	x20,x6,-289	  x6:0x00000000 x20=0x00000000
       32359000	     16079	80001374	8061	c.srli	x8,0x18	  x8:0x0008b870  x8=0x00000000
       32375000	     16087	80001376	03b60263	beq	x12,x27,8000139a	 x12:0x7ffd919f x27:0x002d81fa  x0=0x00000000
       32383000	     16091	8000137a	348a4413	xori	x8,x20,840	 x20:0x00000000  x8=0x00000348
       32385000	     16092	8000137e	83f1	c.srli	x15,0x1c	 x15:0x00000000 x15=0x00000000
       32413000	     16106	80001380	597d	c.li	x18,-1	 x18=0xffffffff
       32415000	     16107	80001382	f83d2b13	slti	x22,x26,-125	 x26:0x00000012 x22=0x00000000
       32437000	     16118	80001386	01550663	beq	x10,x21,80001392	 x10:0x00000000 x21:0x7ffd919d  x0=0x00000000
       32459000	     16129	8000138a	01558733	add	x14,x11,x21	 x11:0x00000210 x21:0x7ffd919d x14=0x7ffd93ad
       32469000	     16134	8000138e	34007ef3	csrrci	x29,mscratch,0	 x29=0x00000000
       32471000	     16135	80001392	01899ab3	sll	x21,x19,x24	 x19:0x80026e7c x24:0xffffffff x21=0x00000000
       32487000	     16143	80001396	01b408b3	add	x17,x8,x27	  x8:0x00000348 x27:0x002d81fa x17=0x002d8542
       32489000	     16144	8000139a	413980b3	sub	x1,x19,x19	 x19:0x80026e7c x19:0x80026e7c  x1=0x00000000
       32533000	     16166	8000139e	c071c693	xori	x13,x3,-1017	  x3:0x001fff64 x13=0xffe00363
       32535000	     16167	800013a2	81d9	c.srli	x11,0x16	 x11:0x00000210 x11=0x00000000
       32569000	     16184	800013a4	8e5d	c.or	x12,x15	 x12:0x7ffd919f x15:0x00000000 x12=0x7ffd919f
       32571000	     16185	800013a6	fb7e0a17	auipc	x20,0xfb7e0	 x20=0x7b7e13a6
       32575000	     16187	800013aa	3f99ce37	lui	x28,0x3f99c	 x28=0x3f99c000
       32591000	     16195	800013ae	ce3eae13	slti	x28,x29,-797	 x29:0x00000000 x28=0x00000000
       32647000	     16223	800013b2	1d8dfc13	andi	x24,x27,472	 x27:0x002d81fa x24=0x000001d8
       32651000	     16225	800013b6	021b4a33	div	x20,x22,x1	 x22:0x00000000  x1:0x00000000 x20=0xffffffff
       32677000	     16238	800013ba	01acf533	and	x10,x25,x26	 x25:0x00000000 x26:0x00000012 x10=0x00000000
       32695000	     16247	800013be	00620f63	beq	x4,x6,800013dc	  x4:0x00000000  x6:0x00000000  x0=0x00000000
       32745000	     16272	800013dc	8c31	c.xor	x8,x12	  x8:0x00000348 x12:0x7ffd919f  x8=0x7ffd92d7
       32757000	     16278	800013de	00668263	beq	x13,x6,800013e2	 x13:0xffe00363  x6:0x00000000  x0=0x00000000
       32847000	     16323	800013e2	0295dd33	divu	x26,x11,x9	 x11:0x00000000  x9:0x000002d0 x26=0x00000000
       32851000	     16325	800013e6	040bf263	bgeu	x23,x0,8000142a	 x23:0x970c4308  x0:0x00000000  x0=0x00000000
       32869000	     16334	8000142a	010c	c.addi4spn	x11,x2,128	 x11=0x00000080
       32907000	     16353	8000142c	0e84	c.addi4spn	x9,x2,848	  x9=0x00000350
       32909000	     16354	8000142e	4185	c.li	x3,1	  x3=0x00000001
       32911000	     16355	80001430	00000073	ecall	
       32945000	     16372	80012000	0800006f	jal	x0,80012080	  x0=0x00000000
       32973000	     16386	80012080	f8428293	addi	x5,x5,-124	  x5:0x80022e1c  x5=0x80022da0
       32997000	     16398	80012084	0012a223	sw	x1,4(x5)	  x5:0x80022da0  x1:0x00000000 PA:0x80022da4 store:0x00000000 load:0x00000000
       33001000	     16400	80012088	0022a423	sw	x2,8(x5)	  x5:0x80022da0  x2:0x00000000 PA:0x80022da8 store:0x00000000 load:0x00000000
       33083000	     16441	8001208c	0032a623	sw	x3,12(x5)	  x5:0x80022da0  x3:0x00000001 PA:0x80022dac store:0x00000001 load:0x00000001
       33109000	     16454	80012090	0042a823	sw	x4,16(x5)	  x5:0x80022da0  x4:0x00000000 PA:0x80022db0 store:0x00000000 load:0x00000000
       33119000	     16459	80012094	0052aa23	sw	x5,20(x5)	  x5:0x80022da0  x5:0x80022da0 PA:0x80022db4 store:0x80022da0 load:0x80022da0
       33131000	     16465	80012098	0062ac23	sw	x6,24(x5)	  x5:0x80022da0  x6:0x00000000 PA:0x80022db8 store:0x00000000 load:0x00000000
       33159000	     16479	8001209c	0072ae23	sw	x7,28(x5)	  x5:0x80022da0  x7:0x00000050 PA:0x80022dbc store:0x00000050 load:0x00000050
       33171000	     16485	800120a0	0282a023	sw	x8,32(x5)	  x5:0x80022da0  x8:0x7ffd92d7 PA:0x80022dc0 store:0x7ffd92d7 load:0x7ffd92d7
       33213000	     16506	800120a4	0292a223	sw	x9,36(x5)	  x5:0x80022da0  x9:0x00000350 PA:0x80022dc4 store:0x00000350 load:0x00000350
       33243000	     16521	800120a8	02a2a423	sw	x10,40(x5)	  x5:0x80022da0 x10:0x00000000 PA:0x80022dc8 store:0x00000000 load:0x00000000
       33249000	     16524	800120ac	02b2a623	sw	x11,44(x5)	  x5:0x80022da0 x11:0x00000080 PA:0x80022dcc store:0x00000080 load:0x00000080
       33295000	     16547	800120b0	02c2a823	sw	x12,48(x5)	  x5:0x80022da0 x12:0x7ffd919f PA:0x80022dd0 store:0x7ffd919f load:0x7ffd919f
       33307000	     16553	800120b4	02d2aa23	sw	x13,52(x5)	  x5:0x80022da0 x13:0xffe00363 PA:0x80022dd4 store:0xffe00363 load:0xffe00363
       33331000	     16565	800120b8	02e2ac23	sw	x14,56(x5)	  x5:0x80022da0 x14:0x7ffd93ad PA:0x80022dd8 store:0x7ffd93ad load:0x7ffd93ad
       33367000	     16583	800120bc	02f2ae23	sw	x15,60(x5)	  x5:0x80022da0 x15:0x00000000 PA:0x80022ddc store:0x00000000 load:0x00000000
       33401000	     16600	800120c0	0502a023	sw	x16,64(x5)	  x5:0x80022da0 x16:0x0f000000 PA:0x80022de0 store:0x0f000000 load:0x0f000000
       33425000	     16612	800120c4	0512a223	sw	x17,68(x5)	  x5:0x80022da0 x17:0x002d8542 PA:0x80022de4 store:0x002d8542 load:0x002d8542
       33429000	     16614	800120c8	0522a423	sw	x18,72(x5)	  x5:0x80022da0 x18:0xffffffff PA:0x80022de8 store:0xffffffff load:0xffffffff
       33441000	     16620	800120cc	0532a623	sw	x19,76(x5)	  x5:0x80022da0 x19:0x80026e7c PA:0x80022dec store:0x80026e7c load:0x80026e7c
       33477000	     16638	800120d0	0542a823	sw	x20,80(x5)	  x5:0x80022da0 x20:0xffffffff PA:0x80022df0 store:0xffffffff load:0xffffffff
       33481000	     16640	800120d4	0552aa23	sw	x21,84(x5)	  x5:0x80022da0 x21:0x00000000 PA:0x80022df4 store:0x00000000 load:0x00000000
       33503000	     16651	800120d8	0562ac23	sw	x22,88(x5)	  x5:0x80022da0 x22:0x00000000 PA:0x80022df8 store:0x00000000 load:0x00000000
       33527000	     16663	800120dc	0572ae23	sw	x23,92(x5)	  x5:0x80022da0 x23:0x970c4308 PA:0x80022dfc store:0x970c4308 load:0x970c4308
       33531000	     16665	800120e0	0782a023	sw	x24,96(x5)	  x5:0x80022da0 x24:0x000001d8 PA:0x80022e00 store:0x000001d8 load:0x000001d8
       33541000	     16670	800120e4	0792a223	sw	x25,100(x5)	  x5:0x80022da0 x25:0x00000000 PA:0x80022e04 store:0x00000000 load:0x00000000
       33621000	     16710	800120e8	07a2a423	sw	x26,104(x5)	  x5:0x80022da0 x26:0x00000000 PA:0x80022e08 store:0x00000000 load:0x00000000
       33649000	     16724	800120ec	07b2a623	sw	x27,108(x5)	  x5:0x80022da0 x27:0x002d81fa PA:0x80022e0c store:0x002d81fa load:0x002d81fa
       33677000	     16738	800120f0	07c2a823	sw	x28,112(x5)	  x5:0x80022da0 x28:0x00000000 PA:0x80022e10 store:0x00000000 load:0x00000000
       33725000	     16762	800120f4	07d2aa23	sw	x29,116(x5)	  x5:0x80022da0 x29:0x00000000 PA:0x80022e14 store:0x00000000 load:0x00000000
       33729000	     16764	800120f8	07e2ac23	sw	x30,120(x5)	  x5:0x80022da0 x30:0x00000000 PA:0x80022e18 store:0x00000000 load:0x00000000
       33773000	     16786	800120fc	07f2ae23	sw	x31,124(x5)	  x5:0x80022da0 x31:0x00000000 PA:0x80022e1c store:0x00000000 load:0x00000000
       33775000	     16787	80012100	90000437	lui	x8,0x90000	  x8=0x90000000
       33777000	     16788	80012104	ffc40413	addi	x8,x8,-4	  x8:0x90000000  x8=0x8ffffffc
       33801000	     16800	80012108	4b21	c.li	x22,8	 x22=0x00000008
       33803000	     16801	8001210a	0b22	c.slli	x22,0x8	 x22:0x00000008 x22=0x00000800
       33805000	     16802	8001210c	000b0b13	addi	x22,x22,0	 x22:0x00000800 x22=0x00000800
       33833000	     16816	80012110	01642023	sw	x22,0(x8)	  x8:0x8ffffffc x22:0x00000800 PA:0x8ffffffc store:0x00000800 load:0x00000800
       33859000	     16829	80012114	34102b73	csrrs	x22,mepc,x0	  x0:0x00000000 x22=0x80001430
       33863000	     16831	80012118	34202b73	csrrs	x22,mcause,x0	  x0:0x00000000 x22=0x0000000b
       33883000	     16841	8001211c	440d	c.li	x8,3	  x8=0x00000003
       33889000	     16844	8001211e	048b0463	beq	x22,x8,80012166	 x22:0x0000000b  x8:0x00000003  x0=0x00000000
       33891000	     16845	80012122	4421	c.li	x8,8	  x8=0x00000008
       33917000	     16858	80012124	108b0063	beq	x22,x8,80012224	 x22:0x0000000b  x8:0x00000008  x0=0x00000000
       33937000	     16868	80012128	4425	c.li	x8,9	  x8=0x00000009
       33939000	     16869	8001212a	0e8b0d63	beq	x22,x8,80012224	 x22:0x0000000b  x8:0x00000009  x0=0x00000000
       33941000	     16870	8001212e	442d	c.li	x8,11	  x8=0x0000000b
       33963000	     16881	80012130	0e8b0a63	beq	x22,x8,80012224	 x22:0x0000000b  x8:0x0000000b  x0=0x00000000
       33981000	     16890	80012224	90000437	lui	x8,0x90000	  x8=0x90000000
       33995000	     16897	80012228	ffc40413	addi	x8,x8,-4	  x8:0x90000000  x8=0x8ffffffc
       34023000	     16911	8001222c	00001b37	lui	x22,0x1	 x22=0x00001000
       34059000	     16929	80012230	b00b0b13	addi	x22,x22,-1280	 x22:0x00001000 x22=0x00000b00
       34061000	     16930	80012234	0b22	c.slli	x22,0x8	 x22:0x00000b00 x22=0x000b0000
       34063000	     16931	80012236	0b0d	c.addi	x22,3	 x22:0x000b0000 x22=0x000b0003
       34087000	     16943	80012238	01642023	sw	x22,0(x8)	  x8:0x8ffffffc x22:0x000b0003 PA:0x8ffffffc store:0x000b0003 load:0x000b0003
       34095000	     16947	8001223c	b0002b73	csrrs	x22,mcycle,x0	  x0:0x00000000 x22=0x00004232
       34145000	     16972	80012240	01642023	sw	x22,0(x8)	  x8:0x8ffffffc x22:0x00004232 PA:0x8ffffffc store:0x00004232 load:0x00004232
       34171000	     16985	80012244	90000437	lui	x8,0x90000	  x8=0x90000000
       34173000	     16986	80012248	ffc40413	addi	x8,x8,-4	  x8:0x90000000  x8=0x8ffffffc
       34195000	     16997	8001224c	00001b37	lui	x22,0x1	 x22=0x00001000
       34217000	     17008	80012250	b80b0b13	addi	x22,x22,-1152	 x22:0x00001000 x22=0x00000b80
       34249000	     17024	80012254	0b22	c.slli	x22,0x8	 x22:0x00000b80 x22=0x000b8000
       34251000	     17025	80012256	0b0d	c.addi	x22,3	 x22:0x000b8000 x22=0x000b8003
       34305000	     17052	80012258	01642023	sw	x22,0(x8)	  x8:0x8ffffffc x22:0x000b8003 PA:0x8ffffffc store:0x000b8003 load:0x000b8003
       34307000	     17053	8001225c	b8002b73	csrrs	x22,mcycleh,x0	  x0:0x00000000 x22=0x00000000
       34351000	     17075	80012260	01642023	sw	x22,0(x8)	  x8:0x8ffffffc x22:0x00000000 PA:0x8ffffffc store:0x00000000 load:0x00000000
       34367000	     17083	80012264	90000437	lui	x8,0x90000	  x8=0x90000000
       34369000	     17084	80012268	ffc40413	addi	x8,x8,-4	  x8:0x90000000  x8=0x8ffffffc
       34383000	     17091	8001226c	00001b37	lui	x22,0x1	 x22=0x00001000
       34385000	     17092	80012270	b02b0b13	addi	x22,x22,-1278	 x22:0x00001000 x22=0x00000b02
       34399000	     17099	80012274	0b22	c.slli	x22,0x8	 x22:0x00000b02 x22=0x000b0200
       34401000	     17100	80012276	0b0d	c.addi	x22,3	 x22:0x000b0200 x22=0x000b0203
       34463000	     17131	80012278	01642023	sw	x22,0(x8)	  x8:0x8ffffffc x22:0x000b0203 PA:0x8ffffffc store:0x000b0203 load:0x000b0203
       34465000	     17132	8001227c	b0202b73	csrrs	x22,minstret,x0	  x0:0x00000000 x22=0x000005fc
       34499000	     17149	80012280	01642023	sw	x22,0(x8)	  x8:0x8ffffffc x22:0x000005fc PA:0x8ffffffc store:0x000005fc load:0x000005fc
       34501000	     17150	80012284	90000437	lui	x8,0x90000	  x8=0x90000000
       34535000	     17167	80012288	ffc40413	addi	x8,x8,-4	  x8:0x90000000  x8=0x8ffffffc
       34577000	     17188	8001228c	00001b37	lui	x22,0x1	 x22=0x00001000
       34579000	     17189	80012290	b82b0b13	addi	x22,x22,-1150	 x22:0x00001000 x22=0x00000b82
       34591000	     17195	80012294	0b22	c.slli	x22,0x8	 x22:0x00000b82 x22=0x000b8200
       34593000	     17196	80012296	0b0d	c.addi	x22,3	 x22:0x000b8200 x22=0x000b8203
       34609000	     17204	80012298	01642023	sw	x22,0(x8)	  x8:0x8ffffffc x22:0x000b8203 PA:0x8ffffffc store:0x000b8203 load:0x000b8203
       34635000	     17217	8001229c	b8202b73	csrrs	x22,minstreth,x0	  x0:0x00000000 x22=0x00000000
       34675000	     17237	800122a0	01642023	sw	x22,0(x8)	  x8:0x8ffffffc x22:0x00000000 PA:0x8ffffffc store:0x00000000 load:0x00000000
       34677000	     17238	800122a4	90000437	lui	x8,0x90000	  x8=0x90000000
       34679000	     17239	800122a8	ffc40413	addi	x8,x8,-4	  x8:0x90000000  x8=0x8ffffffc
       34721000	     17260	800122ac	00001b37	lui	x22,0x1	 x22=0x00001000
       34727000	     17263	800122b0	b03b0b13	addi	x22,x22,-1277	 x22:0x00001000 x22=0x00000b03
       34745000	     17272	800122b4	0b22	c.slli	x22,0x8	 x22:0x00000b03 x22=0x000b0300
       34747000	     17273	800122b6	0b0d	c.addi	x22,3	 x22:0x000b0300 x22=0x000b0303
       34763000	     17281	800122b8	01642023	sw	x22,0(x8)	  x8:0x8ffffffc x22:0x000b0303 PA:0x8ffffffc store:0x000b0303 load:0x000b0303
       34793000	     17296	800122bc	b0302b73	csrrs	x22,mhpmcounter3,x0	  x0:0x00000000 x22=0x000014f3
       34805000	     17302	800122c0	01642023	sw	x22,0(x8)	  x8:0x8ffffffc x22:0x000014f3 PA:0x8ffffffc store:0x000014f3 load:0x000014f3
       34807000	     17303	800122c4	90000437	lui	x8,0x90000	  x8=0x90000000
       34821000	     17310	800122c8	ffc40413	addi	x8,x8,-4	  x8:0x90000000  x8=0x8ffffffc
       34823000	     17311	800122cc	00001b37	lui	x22,0x1	 x22=0x00001000
       34857000	     17328	800122d0	b04b0b13	addi	x22,x22,-1276	 x22:0x00001000 x22=0x00000b04
       34859000	     17329	800122d4	0b22	c.slli	x22,0x8	 x22:0x00000b04 x22=0x000b0400
       34861000	     17330	800122d6	0b0d	c.addi	x22,3	 x22:0x000b0400 x22=0x000b0403
       34895000	     17347	800122d8	01642023	sw	x22,0(x8)	  x8:0x8ffffffc x22:0x000b0403 PA:0x8ffffffc store:0x000b0403 load:0x000b0403
       34897000	     17348	800122dc	b0402b73	csrrs	x22,mhpmcounter4,x0	  x0:0x00000000 x22=0x00002b97
       34929000	     17364	800122e0	01642023	sw	x22,0(x8)	  x8:0x8ffffffc x22:0x00002b97 PA:0x8ffffffc store:0x00002b97 load:0x00002b97
       34931000	     17365	800122e4	90000437	lui	x8,0x90000	  x8=0x90000000
       34933000	     17366	800122e8	ffc40413	addi	x8,x8,-4	  x8:0x90000000  x8=0x8ffffffc
       34935000	     17367	800122ec	00001b37	lui	x22,0x1	 x22=0x00001000
       34937000	     17368	800122f0	b05b0b13	addi	x22,x22,-1275	 x22:0x00001000 x22=0x00000b05
       34941000	     17370	800122f4	0b22	c.slli	x22,0x8	 x22:0x00000b05 x22=0x000b0500
       34943000	     17371	800122f6	0b0d	c.addi	x22,3	 x22:0x000b0500 x22=0x000b0503
       34977000	     17388	800122f8	01642023	sw	x22,0(x8)	  x8:0x8ffffffc x22:0x000b0503 PA:0x8ffffffc store:0x000b0503 load:0x000b0503
       34979000	     17389	800122fc	b0502b73	csrrs	x22,mhpmcounter5,x0	  x0:0x00000000 x22=0x00000106
       34983000	     17391	80012300	01642023	sw	x22,0(x8)	  x8:0x8ffffffc x22:0x00000106 PA:0x8ffffffc store:0x00000106 load:0x00000106
       35001000	     17400	80012304	90000437	lui	x8,0x90000	  x8=0x90000000
       35003000	     17401	80012308	ffc40413	addi	x8,x8,-4	  x8:0x90000000  x8=0x8ffffffc
       35025000	     17412	8001230c	00001b37	lui	x22,0x1	 x22=0x00001000
       35045000	     17422	80012310	b06b0b13	addi	x22,x22,-1274	 x22:0x00001000 x22=0x00000b06
       35047000	     17423	80012314	0b22	c.slli	x22,0x8	 x22:0x00000b06 x22=0x000b0600
       35049000	     17424	80012316	0b0d	c.addi	x22,3	 x22:0x000b0600 x22=0x000b0603
       35059000	     17429	80012318	01642023	sw	x22,0(x8)	  x8:0x8ffffffc x22:0x000b0603 PA:0x8ffffffc store:0x000b0603 load:0x000b0603
       35071000	     17435	8001231c	b0602b73	csrrs	x22,mhpmcounter6,x0	  x0:0x00000000 x22=0x000000d7
       35109000	     17454	80012320	01642023	sw	x22,0(x8)	  x8:0x8ffffffc x22:0x000000d7 PA:0x8ffffffc store:0x000000d7 load:0x000000d7
       35111000	     17455	80012324	90000437	lui	x8,0x90000	  x8=0x90000000
       35139000	     17469	80012328	ffc40413	addi	x8,x8,-4	  x8:0x90000000  x8=0x8ffffffc
       35141000	     17470	8001232c	00001b37	lui	x22,0x1	 x22=0x00001000
       35175000	     17487	80012330	b07b0b13	addi	x22,x22,-1273	 x22:0x00001000 x22=0x00000b07
       35199000	     17499	80012334	0b22	c.slli	x22,0x8	 x22:0x00000b07 x22=0x000b0700
       35201000	     17500	80012336	0b0d	c.addi	x22,3	 x22:0x000b0700 x22=0x000b0703
       35227000	     17513	80012338	01642023	sw	x22,0(x8)	  x8:0x8ffffffc x22:0x000b0703 PA:0x8ffffffc store:0x000b0703 load:0x000b0703
       35229000	     17514	8001233c	b0702b73	csrrs	x22,mhpmcounter7,x0	  x0:0x00000000 x22=0x0000004b
       35233000	     17516	80012340	01642023	sw	x22,0(x8)	  x8:0x8ffffffc x22:0x0000004b PA:0x8ffffffc store:0x0000004b load:0x0000004b
       35255000	     17527	80012344	90000437	lui	x8,0x90000	  x8=0x90000000
       35269000	     17534	80012348	ffc40413	addi	x8,x8,-4	  x8:0x90000000  x8=0x8ffffffc
       35331000	     17565	8001234c	00001b37	lui	x22,0x1	 x22=0x00001000
       35333000	     17566	80012350	b08b0b13	addi	x22,x22,-1272	 x22:0x00001000 x22=0x00000b08
       35355000	     17577	80012354	0b22	c.slli	x22,0x8	 x22:0x00000b08 x22=0x000b0800
       35357000	     17578	80012356	0b0d	c.addi	x22,3	 x22:0x000b0800 x22=0x000b0803
       35439000	     17619	80012358	01642023	sw	x22,0(x8)	  x8:0x8ffffffc x22:0x000b0803 PA:0x8ffffffc store:0x000b0803 load:0x000b0803
       35441000	     17620	8001235c	b0802b73	csrrs	x22,mhpmcounter8,x0	  x0:0x00000000 x22=0x0000005a
       35531000	     17665	80012360	01642023	sw	x22,0(x8)	  x8:0x8ffffffc x22:0x0000005a PA:0x8ffffffc store:0x0000005a load:0x0000005a
       35533000	     17666	80012364	90000437	lui	x8,0x90000	  x8=0x90000000
       35535000	     17667	80012368	ffc40413	addi	x8,x8,-4	  x8:0x90000000  x8=0x8ffffffc
       35537000	     17668	8001236c	00001b37	lui	x22,0x1	 x22=0x00001000
       35587000	     17693	80012370	b09b0b13	addi	x22,x22,-1271	 x22:0x00001000 x22=0x00000b09
       35629000	     17714	80012374	0b22	c.slli	x22,0x8	 x22:0x00000b09 x22=0x000b0900
       35631000	     17715	80012376	0b0d	c.addi	x22,3	 x22:0x000b0900 x22=0x000b0903
       35655000	     17727	80012378	01642023	sw	x22,0(x8)	  x8:0x8ffffffc x22:0x000b0903 PA:0x8ffffffc store:0x000b0903 load:0x000b0903
       35657000	     17728	8001237c	b0902b73	csrrs	x22,mhpmcounter9,x0	  x0:0x00000000 x22=0x00000035
       35681000	     17740	80012380	01642023	sw	x22,0(x8)	  x8:0x8ffffffc x22:0x00000035 PA:0x8ffffffc store:0x00000035 load:0x00000035
       35683000	     17741	80012384	90000437	lui	x8,0x90000	  x8=0x90000000
       35685000	     17742	80012388	ffc40413	addi	x8,x8,-4	  x8:0x90000000  x8=0x8ffffffc
       35687000	     17743	8001238c	00001b37	lui	x22,0x1	 x22=0x00001000
       35723000	     17761	80012390	b0ab0b13	addi	x22,x22,-1270	 x22:0x00001000 x22=0x00000b0a
       35739000	     17769	80012394	0b22	c.slli	x22,0x8	 x22:0x00000b0a x22=0x000b0a00
       35741000	     17770	80012396	0b0d	c.addi	x22,3	 x22:0x000b0a00 x22=0x000b0a03
       35787000	     17793	80012398	01642023	sw	x22,0(x8)	  x8:0x8ffffffc x22:0x000b0a03 PA:0x8ffffffc store:0x000b0a03 load:0x000b0a03
       35809000	     17804	8001239c	b0a02b73	csrrs	x22,mhpmcounter10,x0	  x0:0x00000000 x22=0x00000184
       35849000	     17824	800123a0	01642023	sw	x22,0(x8)	  x8:0x8ffffffc x22:0x00000184 PA:0x8ffffffc store:0x00000184 load:0x00000184
       35851000	     17825	800123a4	90000437	lui	x8,0x90000	  x8=0x90000000
       35853000	     17826	800123a8	ffc40413	addi	x8,x8,-4	  x8:0x90000000  x8=0x8ffffffc
       35857000	     17828	800123ac	00001b37	lui	x22,0x1	 x22=0x00001000
       35879000	     17839	800123b0	b83b0b13	addi	x22,x22,-1149	 x22:0x00001000 x22=0x00000b83
       35929000	     17864	800123b4	0b22	c.slli	x22,0x8	 x22:0x00000b83 x22=0x000b8300
       35931000	     17865	800123b6	0b0d	c.addi	x22,3	 x22:0x000b8300 x22=0x000b8303
       35959000	     17879	800123b8	01642023	sw	x22,0(x8)	  x8:0x8ffffffc x22:0x000b8303 PA:0x8ffffffc store:0x000b8303 load:0x000b8303
       35961000	     17880	800123bc	b8302b73	csrrs	x22,mhpmcounter3h,x0	  x0:0x00000000 x22=0x00000000
       35971000	     17885	800123c0	01642023	sw	x22,0(x8)	  x8:0x8ffffffc x22:0x00000000 PA:0x8ffffffc store:0x00000000 load:0x00000000
       35973000	     17886	800123c4	90000437	lui	x8,0x90000	  x8=0x90000000
       35975000	     17887	800123c8	ffc40413	addi	x8,x8,-4	  x8:0x90000000  x8=0x8ffffffc
       35977000	     17888	800123cc	00001b37	lui	x22,0x1	 x22=0x00001000
       35979000	     17889	800123d0	b84b0b13	addi	x22,x22,-1148	 x22:0x00001000 x22=0x00000b84
       35981000	     17890	800123d4	0b22	c.slli	x22,0x8	 x22:0x00000b84 x22=0x000b8400
       35983000	     17891	800123d6	0b0d	c.addi	x22,3	 x22:0x000b8400 x22=0x000b8403
       36005000	     17902	800123d8	01642023	sw	x22,0(x8)	  x8:0x8ffffffc x22:0x000b8403 PA:0x8ffffffc store:0x000b8403 load:0x000b8403
       36015000	     17907	800123dc	b8402b73	csrrs	x22,mhpmcounter4h,x0	  x0:0x00000000 x22=0x00000000
       36077000	     17938	800123e0	01642023	sw	x22,0(x8)	  x8:0x8ffffffc x22:0x00000000 PA:0x8ffffffc store:0x00000000 load:0x00000000
       36079000	     17939	800123e4	90000437	lui	x8,0x90000	  x8=0x90000000
       36081000	     17940	800123e8	ffc40413	addi	x8,x8,-4	  x8:0x90000000  x8=0x8ffffffc
       36083000	     17941	800123ec	00001b37	lui	x22,0x1	 x22=0x00001000
       36105000	     17952	800123f0	b85b0b13	addi	x22,x22,-1147	 x22:0x00001000 x22=0x00000b85
       36147000	     17973	800123f4	0b22	c.slli	x22,0x8	 x22:0x00000b85 x22=0x000b8500
       36149000	     17974	800123f6	0b0d	c.addi	x22,3	 x22:0x000b8500 x22=0x000b8503
       36175000	     17987	800123f8	01642023	sw	x22,0(x8)	  x8:0x8ffffffc x22:0x000b8503 PA:0x8ffffffc store:0x000b8503 load:0x000b8503
       36179000	     17989	800123fc	b8502b73	csrrs	x22,mhpmcounter5h,x0	  x0:0x00000000 x22=0x00000000
       36217000	     18008	80012400	01642023	sw	x22,0(x8)	  x8:0x8ffffffc x22:0x00000000 PA:0x8ffffffc store:0x00000000 load:0x00000000
       36231000	     18015	80012404	90000437	lui	x8,0x90000	  x8=0x90000000
       36239000	     18019	80012408	ffc40413	addi	x8,x8,-4	  x8:0x90000000  x8=0x8ffffffc
       36261000	     18030	8001240c	00001b37	lui	x22,0x1	 x22=0x00001000
       36305000	     18052	80012410	b86b0b13	addi	x22,x22,-1146	 x22:0x00001000 x22=0x00000b86
       36307000	     18053	80012414	0b22	c.slli	x22,0x8	 x22:0x00000b86 x22=0x000b8600
       36309000	     18054	80012416	0b0d	c.addi	x22,3	 x22:0x000b8600 x22=0x000b8603
       36359000	     18079	80012418	01642023	sw	x22,0(x8)	  x8:0x8ffffffc x22:0x000b8603 PA:0x8ffffffc store:0x000b8603 load:0x000b8603
       36383000	     18091	8001241c	b8602b73	csrrs	x22,mhpmcounter6h,x0	  x0:0x00000000 x22=0x00000000
       36403000	     18101	80012420	01642023	sw	x22,0(x8)	  x8:0x8ffffffc x22:0x00000000 PA:0x8ffffffc store:0x00000000 load:0x00000000
       36407000	     18103	80012424	90000437	lui	x8,0x90000	  x8=0x90000000
       36413000	     18106	80012428	ffc40413	addi	x8,x8,-4	  x8:0x90000000  x8=0x8ffffffc
       36415000	     18107	8001242c	00001b37	lui	x22,0x1	 x22=0x00001000
       36435000	     18117	80012430	b87b0b13	addi	x22,x22,-1145	 x22:0x00001000 x22=0x00000b87
       36449000	     18124	80012434	0b22	c.slli	x22,0x8	 x22:0x00000b87 x22=0x000b8700
       36451000	     18125	80012436	0b0d	c.addi	x22,3	 x22:0x000b8700 x22=0x000b8703
       36477000	     18138	80012438	01642023	sw	x22,0(x8)	  x8:0x8ffffffc x22:0x000b8703 PA:0x8ffffffc store:0x000b8703 load:0x000b8703
       36491000	     18145	8001243c	b8702b73	csrrs	x22,mhpmcounter7h,x0	  x0:0x00000000 x22=0x00000000
       36555000	     18177	80012440	01642023	sw	x22,0(x8)	  x8:0x8ffffffc x22:0x00000000 PA:0x8ffffffc store:0x00000000 load:0x00000000
       36581000	     18190	80012444	90000437	lui	x8,0x90000	  x8=0x90000000
       36593000	     18196	80012448	ffc40413	addi	x8,x8,-4	  x8:0x90000000  x8=0x8ffffffc
       36605000	     18202	8001244c	00001b37	lui	x22,0x1	 x22=0x00001000
       36659000	     18229	80012450	b88b0b13	addi	x22,x22,-1144	 x22:0x00001000 x22=0x00000b88
       36677000	     18238	80012454	0b22	c.slli	x22,0x8	 x22:0x00000b88 x22=0x000b8800
       36679000	     18239	80012456	0b0d	c.addi	x22,3	 x22:0x000b8800 x22=0x000b8803
       36695000	     18247	80012458	01642023	sw	x22,0(x8)	  x8:0x8ffffffc x22:0x000b8803 PA:0x8ffffffc store:0x000b8803 load:0x000b8803
       36697000	     18248	8001245c	b8802b73	csrrs	x22,mhpmcounter8h,x0	  x0:0x00000000 x22=0x00000000
       36705000	     18252	80012460	01642023	sw	x22,0(x8)	  x8:0x8ffffffc x22:0x00000000 PA:0x8ffffffc store:0x00000000 load:0x00000000
       36707000	     18253	80012464	90000437	lui	x8,0x90000	  x8=0x90000000
       36709000	     18254	80012468	ffc40413	addi	x8,x8,-4	  x8:0x90000000  x8=0x8ffffffc
       36721000	     18260	8001246c	00001b37	lui	x22,0x1	 x22=0x00001000
       36763000	     18281	80012470	b89b0b13	addi	x22,x22,-1143	 x22:0x00001000 x22=0x00000b89
       36765000	     18282	80012474	0b22	c.slli	x22,0x8	 x22:0x00000b89 x22=0x000b8900
       36767000	     18283	80012476	0b0d	c.addi	x22,3	 x22:0x000b8900 x22=0x000b8903
       36849000	     18324	80012478	01642023	sw	x22,0(x8)	  x8:0x8ffffffc x22:0x000b8903 PA:0x8ffffffc store:0x000b8903 load:0x000b8903
       36851000	     18325	8001247c	b8902b73	csrrs	x22,mhpmcounter9h,x0	  x0:0x00000000 x22=0x00000000
       36857000	     18328	80012480	01642023	sw	x22,0(x8)	  x8:0x8ffffffc x22:0x00000000 PA:0x8ffffffc store:0x00000000 load:0x00000000
       36859000	     18329	80012484	90000437	lui	x8,0x90000	  x8=0x90000000
       36871000	     18335	80012488	ffc40413	addi	x8,x8,-4	  x8:0x90000000  x8=0x8ffffffc
       36873000	     18336	8001248c	00001b37	lui	x22,0x1	 x22=0x00001000
       36919000	     18359	80012490	b8ab0b13	addi	x22,x22,-1142	 x22:0x00001000 x22=0x00000b8a
       36933000	     18366	80012494	0b22	c.slli	x22,0x8	 x22:0x00000b8a x22=0x000b8a00
       36935000	     18367	80012496	0b0d	c.addi	x22,3	 x22:0x000b8a00 x22=0x000b8a03
       36967000	     18383	80012498	01642023	sw	x22,0(x8)	  x8:0x8ffffffc x22:0x000b8a03 PA:0x8ffffffc store:0x000b8a03 load:0x000b8a03
       36991000	     18395	8001249c	b8a02b73	csrrs	x22,mhpmcounter10h,x0	  x0:0x00000000 x22=0x00000000
       37029000	     18414	800124a0	01642023	sw	x22,0(x8)	  x8:0x8ffffffc x22:0x00000000 PA:0x8ffffffc store:0x00000000 load:0x00000000
       37031000	     18415	800124a4	fffeeb17	auipc	x22,0xfffee	 x22=0x800004a4
       37051000	     18425	800124a8	bdcb0b13	addi	x22,x22,-1060	 x22:0x800004a4 x22=0x80000080
       37103000	     18451	800124ac	000b2023	sw	x0,0(x22)	 x22:0x80000080  x0:0x00000000 PA:0x80000080 store:0x00000000 load:0x00000000
       37137000	     18468	800124b0	001b2223	sw	x1,4(x22)	 x22:0x80000080  x1:0x00000000 PA:0x80000084 store:0x00000000 load:0x00000000
       37171000	     18485	800124b4	002b2423	sw	x2,8(x22)	 x22:0x80000080  x2:0x00000000 PA:0x80000088 store:0x00000000 load:0x00000000
       37199000	     18499	800124b8	003b2623	sw	x3,12(x22)	 x22:0x80000080  x3:0x00000001 PA:0x8000008c store:0x00000001 load:0x00000001
       37203000	     18501	800124bc	004b2823	sw	x4,16(x22)	 x22:0x80000080  x4:0x00000000 PA:0x80000090 store:0x00000000 load:0x00000000
       37227000	     18513	800124c0	005b2a23	sw	x5,20(x22)	 x22:0x80000080  x5:0x80022da0 PA:0x80000094 store:0x80022da0 load:0x80022da0
       37249000	     18524	800124c4	006b2c23	sw	x6,24(x22)	 x22:0x80000080  x6:0x00000000 PA:0x80000098 store:0x00000000 load:0x00000000
       37255000	     18527	800124c8	007b2e23	sw	x7,28(x22)	 x22:0x80000080  x7:0x00000050 PA:0x8000009c store:0x00000050 load:0x00000050
       37269000	     18534	800124cc	028b2023	sw	x8,32(x22)	 x22:0x80000080  x8:0x8ffffffc PA:0x800000a0 store:0x8ffffffc load:0x8ffffffc
       37293000	     18546	800124d0	029b2223	sw	x9,36(x22)	 x22:0x80000080  x9:0x00000350 PA:0x800000a4 store:0x00000350 load:0x00000350
       37297000	     18548	800124d4	02ab2423	sw	x10,40(x22)	 x22:0x80000080 x10:0x00000000 PA:0x800000a8 store:0x00000000 load:0x00000000
       37365000	     18582	800124d8	02bb2623	sw	x11,44(x22)	 x22:0x80000080 x11:0x00000080 PA:0x800000ac store:0x00000080 load:0x00000080
       37377000	     18588	800124dc	02cb2823	sw	x12,48(x22)	 x22:0x80000080 x12:0x7ffd919f PA:0x800000b0 store:0x7ffd919f load:0x7ffd919f
       37419000	     18609	800124e0	02db2a23	sw	x13,52(x22)	 x22:0x80000080 x13:0xffe00363 PA:0x800000b4 store:0xffe00363 load:0xffe00363
       37449000	     18624	800124e4	02eb2c23	sw	x14,56(x22)	 x22:0x80000080 x14:0x7ffd93ad PA:0x800000b8 store:0x7ffd93ad load:0x7ffd93ad
       37473000	     18636	800124e8	02fb2e23	sw	x15,60(x22)	 x22:0x80000080 x15:0x00000000 PA:0x800000bc store:0x00000000 load:0x00000000
       37517000	     18658	800124ec	050b2023	sw	x16,64(x22)	 x22:0x80000080 x16:0x0f000000 PA:0x800000c0 store:0x0f000000 load:0x0f000000
       37527000	     18663	800124f0	051b2223	sw	x17,68(x22)	 x22:0x80000080 x17:0x002d8542 PA:0x800000c4 store:0x002d8542 load:0x002d8542
       37533000	     18666	800124f4	052b2423	sw	x18,72(x22)	 x22:0x80000080 x18:0xffffffff PA:0x800000c8 store:0xffffffff load:0xffffffff
       37557000	     18678	800124f8	053b2623	sw	x19,76(x22)	 x22:0x80000080 x19:0x80026e7c PA:0x800000cc store:0x80026e7c load:0x80026e7c
       37623000	     18711	800124fc	054b2823	sw	x20,80(x22)	 x22:0x80000080 x20:0xffffffff PA:0x800000d0 store:0xffffffff load:0xffffffff
       37643000	     18721	80012500	055b2a23	sw	x21,84(x22)	 x22:0x80000080 x21:0x00000000 PA:0x800000d4 store:0x00000000 load:0x00000000
       37667000	     18733	80012504	056b2c23	sw	x22,88(x22)	 x22:0x80000080 x22:0x80000080 PA:0x800000d8 store:0x80000080 load:0x80000080
       37689000	     18744	80012508	057b2e23	sw	x23,92(x22)	 x22:0x80000080 x23:0x970c4308 PA:0x800000dc store:0x970c4308 load:0x970c4308
       37693000	     18746	8001250c	078b2023	sw	x24,96(x22)	 x22:0x80000080 x24:0x000001d8 PA:0x800000e0 store:0x000001d8 load:0x000001d8
       37719000	     18759	80012510	079b2223	sw	x25,100(x22)	 x22:0x80000080 x25:0x00000000 PA:0x800000e4 store:0x00000000 load:0x00000000
       37725000	     18762	80012514	07ab2423	sw	x26,104(x22)	 x22:0x80000080 x26:0x00000000 PA:0x800000e8 store:0x00000000 load:0x00000000
       37741000	     18770	80012518	07bb2623	sw	x27,108(x22)	 x22:0x80000080 x27:0x002d81fa PA:0x800000ec store:0x002d81fa load:0x002d81fa
       37785000	     18792	8001251c	07cb2823	sw	x28,112(x22)	 x22:0x80000080 x28:0x00000000 PA:0x800000f0 store:0x00000000 load:0x00000000
       37797000	     18798	80012520	07db2a23	sw	x29,116(x22)	 x22:0x80000080 x29:0x00000000 PA:0x800000f4 store:0x00000000 load:0x00000000
       37841000	     18820	80012524	07eb2c23	sw	x30,120(x22)	 x22:0x80000080 x30:0x00000000 PA:0x800000f8 store:0x00000000 load:0x00000000
       37849000	     18824	80012528	07fb2e23	sw	x31,124(x22)	 x22:0x80000080 x31:0x00000000 PA:0x800000fc store:0x00000000 load:0x00000000
       37853000	     18826	8001252c	f24fd06f	jal	x0,8000fc50	  x0=0x00000000
       37903000	     18851	8000fc50	00004f17	auipc	x30,0x4	 x30=0x80013c50
       37939000	     18869	8000fc54	3a3f2823	sw	x3,944(x30)	 x30:0x80013c50  x3:0x00000001 PA:0x80014000 store:0x00000001 load:0x00000001
       37989000	     18894	8000fc58	bfe5	c.j	8000fc50	
       38015000	     18907	8000fc50	00004f17	auipc	x30,0x4	 x30=0x80013c50
       38081000	     18940	8000fc54	3a3f2823	sw	x3,944(x30)	 x30:0x80013c50  x3:0x00000001 PA:0x80014000 store:0x00000001 load:0x00000001
       38085000	     18942	8000fc58	bfe5	c.j	8000fc50	
       38131000	     18965	8000fc50	00004f17	auipc	x30,0x4	 x30=0x80013c50
       38185000	     18992	8000fc54	3a3f2823	sw	x3,944(x30)	 x30:0x80013c50  x3:0x00000001 PA:0x80014000 store:0x00000001 load:0x00000001
       38189000	     18994	8000fc58	bfe5	c.j	8000fc50	
       38237000	     19018	8000fc50	00004f17	auipc	x30,0x4	 x30=0x80013c50
       38253000	     19026	8000fc54	3a3f2823	sw	x3,944(x30)	 x30:0x80013c50  x3:0x00000001 PA:0x80014000 store:0x00000001 load:0x00000001
       38263000	     19031	8000fc58	bfe5	c.j	8000fc50	
       38289000	     19044	8000fc50	00004f17	auipc	x30,0x4	 x30=0x80013c50
       38333000	     19066	8000fc54	3a3f2823	sw	x3,944(x30)	 x30:0x80013c50  x3:0x00000001 PA:0x80014000 store:0x00000001 load:0x00000001
       38337000	     19068	8000fc58	bfe5	c.j	8000fc50	
       38345000	     19072	8000fc50	00004f17	auipc	x30,0x4	 x30=0x80013c50
       38401000	     19100	8000fc54	3a3f2823	sw	x3,944(x30)	 x30:0x80013c50  x3:0x00000001 PA:0x80014000 store:0x00000001 load:0x00000001
       38405000	     19102	8000fc58	bfe5	c.j	8000fc50	
       38455000	     19127	8000fc50	00004f17	auipc	x30,0x4	 x30=0x80013c50
       38477000	     19138	8000fc54	3a3f2823	sw	x3,944(x30)	 x30:0x80013c50  x3:0x00000001 PA:0x80014000 store:0x00000001 load:0x00000001
       38519000	     19159	8000fc58	bfe5	c.j	8000fc50	
       38533000	     19166	8000fc50	00004f17	auipc	x30,0x4	 x30=0x80013c50
       38583000	     19191	8000fc54	3a3f2823	sw	x3,944(x30)	 x30:0x80013c50  x3:0x00000001 PA:0x80014000 store:0x00000001 load:0x00000001
       38611000	     19205	8000fc58	bfe5	c.j	8000fc50	
       38625000	     19212	8000fc50	00004f17	auipc	x30,0x4	 x30=0x80013c50
       38649000	     19224	8000fc54	3a3f2823	sw	x3,944(x30)	 x30:0x80013c50  x3:0x00000001 PA:0x80014000 store:0x00000001 load:0x00000001
       38653000	     19226	8000fc58	bfe5	c.j	8000fc50	
       38699000	     19249	8000fc50	00004f17	auipc	x30,0x4	 x30=0x80013c50
       38729000	     19264	8000fc54	3a3f2823	sw	x3,944(x30)	 x30:0x80013c50  x3:0x00000001 PA:0x80014000 store:0x00000001 load:0x00000001
       38733000	     19266	8000fc58	bfe5	c.j	8000fc50	
       38743000	     19271	8000fc50	00004f17	auipc	x30,0x4	 x30=0x80013c50
       38827000	     19313	8000fc54	3a3f2823	sw	x3,944(x30)	 x30:0x80013c50  x3:0x00000001 PA:0x80014000 store:0x00000001 load:0x00000001
       38831000	     19315	8000fc58	bfe5	c.j	8000fc50	
       38833000	     19316	8000fc50	00004f17	auipc	x30,0x4	 x30=0x80013c50
       38873000	     19336	8000fc54	3a3f2823	sw	x3,944(x30)	 x30:0x80013c50  x3:0x00000001 PA:0x80014000 store:0x00000001 load:0x00000001
       38877000	     19338	8000fc58	bfe5	c.j	8000fc50	
